device,dataset,scope,family,round,iteration,latency_ms
cpu,CWRU,model_only,K1-FP32,0,0,22.777842998038977
cpu,CWRU,model_only,K1-FP32,0,1,22.74556696647778
cpu,CWRU,model_only,K1-FP32,0,2,22.63273304561153
cpu,CWRU,model_only,K1-FP32,0,3,22.653641004581004
cpu,CWRU,model_only,K1-FP32,0,4,22.7418479626067
cpu,CWRU,model_only,K1-FP32,0,5,22.50573004130274
cpu,CWRU,model_only,K1-FP32,0,6,22.343725024256855
cpu,CWRU,model_only,K1-FP32,0,7,22.735325037501752
cpu,CWRU,model_only,K1-FP32,0,8,22.5197920226492
cpu,CWRU,model_only,K1-FP32,0,9,22.548465989530087
cpu,CWRU,model_only,K1-FP32,0,10,22.611460008192807
cpu,CWRU,model_only,K1-FP32,0,11,22.930882987566292
cpu,CWRU,model_only,K1-FP32,0,12,22.219170001335442
cpu,CWRU,model_only,K1-FP32,0,13,22.604204947128892
cpu,CWRU,model_only,K1-FP32,0,14,22.883739962708205
cpu,CWRU,model_only,K1-FP32,0,15,22.121556976344436
cpu,CWRU,model_only,K1-FP32,0,16,22.431596007663757
cpu,CWRU,model_only,K1-FP32,0,17,22.36648800317198
cpu,CWRU,model_only,K1-FP32,0,18,22.18405297026038
cpu,CWRU,model_only,K1-FP32,0,19,22.421461006160825
cpu,CWRU,model_only,K1-FP32,0,20,22.64429599745199
cpu,CWRU,model_only,K1-FP32,0,21,22.639333037659526
cpu,CWRU,model_only,K1-FP32,0,22,23.072952986694872
cpu,CWRU,model_only,K1-FP32,0,23,25.78806201927364
cpu,CWRU,model_only,K1-FP32,0,24,24.54463200410828
cpu,CWRU,model_only,K1-FP32,0,25,24.06820800388232
cpu,CWRU,model_only,K1-FP32,0,26,23.489696031901985
cpu,CWRU,model_only,K1-FP32,0,27,22.25319598801434
cpu,CWRU,model_only,K1-FP32,0,28,22.764795983675867
cpu,CWRU,model_only,K1-FP32,0,29,22.927283018361777
cpu,CWRU,model_only,K1-FP32,0,30,23.39157700771466
cpu,CWRU,model_only,K1-FP32,0,31,22.60666701477021
cpu,CWRU,model_only,K1-FP32,0,32,23.06401199894026
cpu,CWRU,model_only,K1-FP32,0,33,22.791135008446872
cpu,CWRU,model_only,K1-FP32,0,34,22.518992016557604
cpu,CWRU,model_only,K1-FP32,0,35,22.673418978229165
cpu,CWRU,model_only,K1-FP32,0,36,22.62079803040251
cpu,CWRU,model_only,K1-FP32,0,37,22.584752994589508
cpu,CWRU,model_only,K1-FP32,0,38,22.692119993735105
cpu,CWRU,model_only,K1-FP32,0,39,22.70694199251011
cpu,CWRU,model_only,K1-FP32,0,40,22.857789997942746
cpu,CWRU,model_only,K1-FP32,0,41,22.72470499156043
cpu,CWRU,model_only,K1-FP32,0,42,22.71301596192643
cpu,CWRU,model_only,K1-FP32,0,43,22.619905008468777
cpu,CWRU,model_only,K1-FP32,0,44,22.440553992055357
cpu,CWRU,model_only,K1-FP32,0,45,22.30721601517871
cpu,CWRU,model_only,K1-FP32,0,46,22.946641023736447
cpu,CWRU,model_only,K1-FP32,0,47,22.54205901408568
cpu,CWRU,model_only,K1-FP32,0,48,22.50861597713083
cpu,CWRU,model_only,K1-FP32,0,49,23.113118018954992
cpu,CWRU,model_only,K1-FP32,0,50,22.984527982771397
cpu,CWRU,model_only,K1-FP32,0,51,22.874663001857698
cpu,CWRU,model_only,K1-FP32,0,52,22.53520500380546
cpu,CWRU,model_only,K1-FP32,0,53,22.50648202607408
cpu,CWRU,model_only,K1-FP32,0,54,22.52284501446411
cpu,CWRU,model_only,K1-FP32,0,55,23.00323999952525
cpu,CWRU,model_only,K1-FP32,0,56,23.2102659647353
cpu,CWRU,model_only,K1-FP32,0,57,22.7240759995766
cpu,CWRU,model_only,K1-FP32,0,58,22.7508430252783
cpu,CWRU,model_only,K1-FP32,0,59,22.526303015183657
cpu,CWRU,model_only,K1-FP32,0,60,22.51478802645579
cpu,CWRU,model_only,K1-FP32,0,61,23.027824005112052
cpu,CWRU,model_only,K1-FP32,0,62,22.918102040421218
cpu,CWRU,model_only,K1-FP32,0,63,22.45621499605477
cpu,CWRU,model_only,K1-FP32,0,64,22.331120970193297
cpu,CWRU,model_only,K1-FP32,0,65,22.941722010727972
cpu,CWRU,model_only,K1-FP32,0,66,23.09035905636847
cpu,CWRU,model_only,K1-FP32,0,67,22.57204899797216
cpu,CWRU,model_only,K1-FP32,0,68,22.68919494235888
cpu,CWRU,model_only,K1-FP32,0,69,22.31793600367382
cpu,CWRU,model_only,K1-FP32,0,70,22.274886025115848
cpu,CWRU,model_only,K1-FP32,0,71,22.77082100044936
cpu,CWRU,model_only,K1-FP32,0,72,22.749802970793098
cpu,CWRU,model_only,K1-FP32,0,73,22.485647001303732
cpu,CWRU,model_only,K1-FP32,0,74,22.621506010182202
cpu,CWRU,model_only,K1-FP32,0,75,22.82948698848486
cpu,CWRU,model_only,K1-FP32,0,76,22.71574200130999
cpu,CWRU,model_only,K1-FP32,0,77,22.505156986881047
cpu,CWRU,model_only,K1-FP32,0,78,22.75147702312097
cpu,CWRU,model_only,K1-FP32,0,79,22.75803900556639
cpu,CWRU,model_only,K1-FP32,0,80,22.609549982007593
cpu,CWRU,model_only,K1-FP32,0,81,22.9619859601371
cpu,CWRU,model_only,K1-FP32,0,82,23.090580012649298
cpu,CWRU,model_only,K1-FP32,0,83,22.553851013071835
cpu,CWRU,model_only,K1-FP32,0,84,22.679824964143336
cpu,CWRU,model_only,K1-FP32,0,85,22.570212022401392
cpu,CWRU,model_only,K1-FP32,0,86,22.784987988416106
cpu,CWRU,model_only,K1-FP32,0,87,22.977239976171404
cpu,CWRU,model_only,K1-FP32,0,88,23.05406698724255
cpu,CWRU,model_only,K1-FP32,0,89,22.67032698728144
cpu,CWRU,model_only,K1-FP32,0,90,21.841118985321373
cpu,CWRU,model_only,K1-FP32,0,91,22.527135035488755
cpu,CWRU,model_only,K1-FP32,0,92,22.422820969950408
cpu,CWRU,model_only,K1-FP32,0,93,22.157411964144558
cpu,CWRU,model_only,K1-FP32,0,94,22.853381000459194
cpu,CWRU,model_only,K1-FP32,0,95,22.21259498037398
cpu,CWRU,model_only,K1-FP32,0,96,22.940511000342667
cpu,CWRU,model_only,K1-FP32,0,97,22.838994045741856
cpu,CWRU,model_only,K1-FP32,0,98,22.572325018700212
cpu,CWRU,model_only,K1-FP32,0,99,22.711611993145198
cpu,CWRU,model_only,K1-FP32,0,100,22.242414008360356
cpu,CWRU,model_only,K1-FP32,0,101,22.702718037180603
cpu,CWRU,model_only,K1-FP32,0,102,22.549153014551848
cpu,CWRU,model_only,K1-FP32,0,103,22.534414019901305
cpu,CWRU,model_only,K1-FP32,0,104,22.099377994891256
cpu,CWRU,model_only,K1-FP32,0,105,23.089794965926558
cpu,CWRU,model_only,K1-FP32,0,106,22.324813005980104
cpu,CWRU,model_only,K1-FP32,0,107,22.143181005958468
cpu,CWRU,model_only,K1-FP32,0,108,22.527912980876863
cpu,CWRU,model_only,K1-FP32,0,109,23.214821005240083
cpu,CWRU,model_only,K1-FP32,0,110,23.390925023704767
cpu,CWRU,model_only,K1-FP32,0,111,22.593992995098233
cpu,CWRU,model_only,K1-FP32,0,112,22.293260029982775
cpu,CWRU,model_only,K1-FP32,0,113,22.74371200473979
cpu,CWRU,model_only,K1-FP32,0,114,22.38070103339851
cpu,CWRU,model_only,K1-FP32,0,115,22.847988991998136
cpu,CWRU,model_only,K1-FP32,0,116,22.93936803471297
cpu,CWRU,model_only,K1-FP32,0,117,22.593335015699267
cpu,CWRU,model_only,K1-FP32,0,118,22.569130989722908
cpu,CWRU,model_only,K1-FP32,0,119,22.64964801725
cpu,CWRU,model_only,K1-FP32,0,120,22.581211000215262
cpu,CWRU,model_only,K1-FP32,0,121,22.82506797928363
cpu,CWRU,model_only,K1-FP32,0,122,22.535433992743492
cpu,CWRU,model_only,K1-FP32,0,123,22.901092015672475
cpu,CWRU,model_only,K1-FP32,0,124,22.54399994853884
cpu,CWRU,model_only,K1-FP32,0,125,22.51905802404508
cpu,CWRU,model_only,K1-FP32,0,126,22.161373984999955
cpu,CWRU,model_only,K1-FP32,0,127,22.260822996031493
cpu,CWRU,model_only,K1-FP32,0,128,22.533303999807686
cpu,CWRU,model_only,K1-FP32,0,129,22.143317968584597
cpu,CWRU,model_only,K1-FP32,0,130,22.19900698401034
cpu,CWRU,model_only,K1-FP32,0,131,22.525866981595755
cpu,CWRU,model_only,K1-FP32,0,132,22.502965002786368
cpu,CWRU,model_only,K1-FP32,0,133,22.17111102072522
cpu,CWRU,model_only,K1-FP32,0,134,22.130447963718325
cpu,CWRU,model_only,K1-FP32,0,135,22.88560598390177
cpu,CWRU,model_only,K1-FP32,0,136,23.18728604586795
cpu,CWRU,model_only,K1-FP32,0,137,22.95253600459546
cpu,CWRU,model_only,K1-FP32,0,138,22.62287202756852
cpu,CWRU,model_only,K1-FP32,0,139,23.06886698352173
cpu,CWRU,model_only,K1-FP32,0,140,22.12204597890377
cpu,CWRU,model_only,K1-FP32,0,141,22.70551898982376
cpu,CWRU,model_only,K1-FP32,0,142,22.781567997299135
cpu,CWRU,model_only,K1-FP32,0,143,22.63285801745951
cpu,CWRU,model_only,K1-FP32,0,144,22.340402996633202
cpu,CWRU,model_only,K1-FP32,0,145,23.177794995717704
cpu,CWRU,model_only,K1-FP32,0,146,22.192261996679008
cpu,CWRU,model_only,K1-FP32,0,147,22.51712401630357
cpu,CWRU,model_only,K1-FP32,0,148,22.58037601131946
cpu,CWRU,model_only,K1-FP32,0,149,22.476751008071005
cpu,CWRU,model_only,K1-FP32,0,150,22.762673965189606
cpu,CWRU,model_only,K1-FP32,0,151,22.875251015648246
cpu,CWRU,model_only,K1-FP32,0,152,22.569119988474995
cpu,CWRU,model_only,K1-FP32,0,153,22.030526015441865
cpu,CWRU,model_only,K1-FP32,0,154,22.933359956368804
cpu,CWRU,model_only,K1-FP32,0,155,22.579793992917985
cpu,CWRU,model_only,K1-FP32,0,156,22.70922000752762
cpu,CWRU,model_only,K1-FP32,0,157,22.59308600332588
cpu,CWRU,model_only,K1-FP32,0,158,22.37668796442449
cpu,CWRU,model_only,K1-FP32,0,159,23.0420790030621
cpu,CWRU,model_only,K1-FP32,0,160,24.60119395982474
cpu,CWRU,model_only,K1-FP32,0,161,22.894502035342157
cpu,CWRU,model_only,K1-FP32,0,162,22.464647016022354
cpu,CWRU,model_only,K1-FP32,0,163,22.78057299554348
cpu,CWRU,model_only,K1-FP32,0,164,22.543248953297734
cpu,CWRU,model_only,K1-FP32,0,165,22.734515951015055
cpu,CWRU,model_only,K1-FP32,0,166,22.610741027165204
cpu,CWRU,model_only,K1-FP32,0,167,22.734596976079047
cpu,CWRU,model_only,K1-FP32,0,168,23.17562297685072
cpu,CWRU,model_only,K1-FP32,0,169,22.680546971969306
cpu,CWRU,model_only,K1-FP32,0,170,22.722381982021034
cpu,CWRU,model_only,K1-FP32,0,171,22.579713026061654
cpu,CWRU,model_only,K1-FP32,0,172,22.746551025193185
cpu,CWRU,model_only,K1-FP32,0,173,22.870044980663806
cpu,CWRU,model_only,K1-FP32,0,174,22.603266988880932
cpu,CWRU,model_only,K1-FP32,0,175,22.392766957636923
cpu,CWRU,model_only,K1-FP32,0,176,23.20156601490453
cpu,CWRU,model_only,K1-FP32,0,177,22.622088028583676
cpu,CWRU,model_only,K1-FP32,0,178,22.707352007273585
cpu,CWRU,model_only,K1-FP32,0,179,22.53889001440257
cpu,CWRU,model_only,K1-FP32,0,180,22.468823997769505
cpu,CWRU,model_only,K1-FP32,0,181,22.526294051203877
cpu,CWRU,model_only,K1-FP32,0,182,22.632543987128884
cpu,CWRU,model_only,K1-FP32,0,183,22.667227021884173
cpu,CWRU,model_only,K1-FP32,0,184,22.86172000458464
cpu,CWRU,model_only,K1-FP32,0,185,22.39834499778226
cpu,CWRU,model_only,K1-FP32,0,186,22.984492010436952
cpu,CWRU,model_only,K1-FP32,0,187,22.37693895585835
cpu,CWRU,model_only,K1-FP32,0,188,22.33051200164482
cpu,CWRU,model_only,K1-FP32,0,189,23.136040021199733
cpu,CWRU,model_only,K1-FP32,0,190,22.560635989066213
cpu,CWRU,model_only,K1-FP32,0,191,22.674995008856058
cpu,CWRU,model_only,K1-FP32,0,192,22.406461997888982
cpu,CWRU,model_only,K1-FP32,0,193,22.521468985360116
cpu,CWRU,model_only,K1-FP32,0,194,22.69973896909505
cpu,CWRU,model_only,K1-FP32,0,195,22.640328970737755
cpu,CWRU,model_only,K1-FP32,0,196,22.352314030285925
cpu,CWRU,model_only,K1-FP32,0,197,22.66511198831722
cpu,CWRU,model_only,K1-FP32,0,198,23.27606501057744
cpu,CWRU,model_only,K1-FP32,0,199,22.75450900197029
cpu,CWRU,model_only,K1-FP32,0,200,22.71152602043003
cpu,CWRU,model_only,K1-FP32,0,201,22.668342979159206
cpu,CWRU,model_only,K1-FP32,0,202,22.397050983272493
cpu,CWRU,model_only,K1-FP32,0,203,23.053590033669025
cpu,CWRU,model_only,K1-FP32,0,204,23.110976966563612
cpu,CWRU,model_only,K1-FP32,0,205,22.97610999085009
cpu,CWRU,model_only,K1-FP32,0,206,22.794493997935206
cpu,CWRU,model_only,K1-FP32,0,207,22.83748099580407
cpu,CWRU,model_only,K1-FP32,0,208,22.675334999803454
cpu,CWRU,model_only,K1-FP32,0,209,22.660811024252325
cpu,CWRU,model_only,K1-FP32,0,210,22.743797046132386
cpu,CWRU,model_only,K1-FP32,0,211,22.471025004051626
cpu,CWRU,model_only,K1-FP32,0,212,22.746129019651562
cpu,CWRU,model_only,K1-FP32,0,213,22.389852034393698
cpu,CWRU,model_only,K1-FP32,0,214,22.798309044446796
cpu,CWRU,model_only,K1-FP32,0,215,22.544269973877817
cpu,CWRU,model_only,K1-FP32,0,216,22.497450991068035
cpu,CWRU,model_only,K1-FP32,0,217,22.681889007799327
cpu,CWRU,model_only,K1-FP32,0,218,22.470383963081986
cpu,CWRU,model_only,K1-FP32,0,219,22.601197997573763
cpu,CWRU,model_only,K1-FP32,0,220,22.713943966664374
cpu,CWRU,model_only,K1-FP32,0,221,22.6817469811067
cpu,CWRU,model_only,K1-FP32,0,222,22.56020304048434
cpu,CWRU,model_only,K1-FP32,0,223,22.774315031711012
cpu,CWRU,model_only,K1-FP32,0,224,22.861759993247688
cpu,CWRU,model_only,K1-FP32,0,225,22.614926972892135
cpu,CWRU,model_only,K1-FP32,0,226,22.215758974198252
cpu,CWRU,model_only,K1-FP32,0,227,22.75765303056687
cpu,CWRU,model_only,K1-FP32,0,228,21.86876902123913
cpu,CWRU,model_only,K1-FP32,0,229,22.58640102809295
cpu,CWRU,model_only,K1-FP32,0,230,22.61558099417016
cpu,CWRU,model_only,K1-FP32,0,231,22.461929009296
cpu,CWRU,model_only,K1-FP32,0,232,22.61767297750339
cpu,CWRU,model_only,K1-FP32,0,233,22.76590297697112
cpu,CWRU,model_only,K1-FP32,0,234,22.16349699301645
cpu,CWRU,model_only,K1-FP32,0,235,22.44875399628654
cpu,CWRU,model_only,K1-FP32,0,236,22.58667000569403
cpu,CWRU,model_only,K1-FP32,0,237,22.395505977328867
cpu,CWRU,model_only,K1-FP32,0,238,22.906897007487714
cpu,CWRU,model_only,K1-FP32,0,239,22.96354400459677
cpu,CWRU,model_only,K1-FP32,0,240,22.667168988846242
cpu,CWRU,model_only,K1-FP32,0,241,22.308491985313594
cpu,CWRU,model_only,K1-FP32,0,242,23.184391029644758
cpu,CWRU,model_only,K1-FP32,0,243,22.877295035868883
cpu,CWRU,model_only,K1-FP32,0,244,22.579334035981447
cpu,CWRU,model_only,K1-FP32,0,245,22.416595020331442
cpu,CWRU,model_only,K1-FP32,0,246,22.893393004778773
cpu,CWRU,model_only,K1-FP32,0,247,22.837438038550317
cpu,CWRU,model_only,K1-FP32,0,248,23.40114495018497
cpu,CWRU,model_only,K1-FP32,0,249,22.84361800411716
cpu,CWRU,model_only,Q8-cpu_dynamic,0,0,21.121011988725513
cpu,CWRU,model_only,Q8-cpu_dynamic,0,1,21.250350982882082
cpu,CWRU,model_only,Q8-cpu_dynamic,0,2,21.5955309686251
cpu,CWRU,model_only,Q8-cpu_dynamic,0,3,21.64306299528107
cpu,CWRU,model_only,Q8-cpu_dynamic,0,4,21.25879900995642
cpu,CWRU,model_only,Q8-cpu_dynamic,0,5,21.28273597918451
cpu,CWRU,model_only,Q8-cpu_dynamic,0,6,21.385736006777734
cpu,CWRU,model_only,Q8-cpu_dynamic,0,7,21.49000600911677
cpu,CWRU,model_only,Q8-cpu_dynamic,0,8,20.793416013475507
cpu,CWRU,model_only,Q8-cpu_dynamic,0,9,21.925445005763322
cpu,CWRU,model_only,Q8-cpu_dynamic,0,10,21.108301996719092
cpu,CWRU,model_only,Q8-cpu_dynamic,0,11,21.13220898900181
cpu,CWRU,model_only,Q8-cpu_dynamic,0,12,21.458890987560153
cpu,CWRU,model_only,Q8-cpu_dynamic,0,13,21.38046600157395
cpu,CWRU,model_only,Q8-cpu_dynamic,0,14,21.130528999492526
cpu,CWRU,model_only,Q8-cpu_dynamic,0,15,21.199598035309464
cpu,CWRU,model_only,Q8-cpu_dynamic,0,16,21.018066036049277
cpu,CWRU,model_only,Q8-cpu_dynamic,0,17,21.477758011315018
cpu,CWRU,model_only,Q8-cpu_dynamic,0,18,21.293683035764843
cpu,CWRU,model_only,Q8-cpu_dynamic,0,19,20.651859987992793
cpu,CWRU,model_only,Q8-cpu_dynamic,0,20,20.95331298187375
cpu,CWRU,model_only,Q8-cpu_dynamic,0,21,21.091066009830683
cpu,CWRU,model_only,Q8-cpu_dynamic,0,22,21.290457050781697
cpu,CWRU,model_only,Q8-cpu_dynamic,0,23,21.210411039646715
cpu,CWRU,model_only,Q8-cpu_dynamic,0,24,21.306790004018694
cpu,CWRU,model_only,Q8-cpu_dynamic,0,25,21.060622006189078
cpu,CWRU,model_only,Q8-cpu_dynamic,0,26,21.44132601097226
cpu,CWRU,model_only,Q8-cpu_dynamic,0,27,21.15716296248138
cpu,CWRU,model_only,Q8-cpu_dynamic,0,28,21.650272014085203
cpu,CWRU,model_only,Q8-cpu_dynamic,0,29,21.782385010737926
cpu,CWRU,model_only,Q8-cpu_dynamic,0,30,21.160109958145767
cpu,CWRU,model_only,Q8-cpu_dynamic,0,31,21.226324955932796
cpu,CWRU,model_only,Q8-cpu_dynamic,0,32,20.89005697052926
cpu,CWRU,model_only,Q8-cpu_dynamic,0,33,21.289478987455368
cpu,CWRU,model_only,Q8-cpu_dynamic,0,34,21.196507033891976
cpu,CWRU,model_only,Q8-cpu_dynamic,0,35,21.492576983291656
cpu,CWRU,model_only,Q8-cpu_dynamic,0,36,21.293271973263472
cpu,CWRU,model_only,Q8-cpu_dynamic,0,37,21.05593995656818
cpu,CWRU,model_only,Q8-cpu_dynamic,0,38,21.820663998369128
cpu,CWRU,model_only,Q8-cpu_dynamic,0,39,21.34676097193733
cpu,CWRU,model_only,Q8-cpu_dynamic,0,40,21.25243504997343
cpu,CWRU,model_only,Q8-cpu_dynamic,0,41,20.86596703156829
cpu,CWRU,model_only,Q8-cpu_dynamic,0,42,21.432662033475935
cpu,CWRU,model_only,Q8-cpu_dynamic,0,43,21.22141799191013
cpu,CWRU,model_only,Q8-cpu_dynamic,0,44,21.061300009023398
cpu,CWRU,model_only,Q8-cpu_dynamic,0,45,21.826066949870437
cpu,CWRU,model_only,Q8-cpu_dynamic,0,46,21.05056296568364
cpu,CWRU,model_only,Q8-cpu_dynamic,0,47,21.14996302407235
cpu,CWRU,model_only,Q8-cpu_dynamic,0,48,21.75224298844114
cpu,CWRU,model_only,Q8-cpu_dynamic,0,49,20.840203040279448
cpu,CWRU,model_only,Q8-cpu_dynamic,0,50,21.411377005279064
cpu,CWRU,model_only,Q8-cpu_dynamic,0,51,21.26956800930202
cpu,CWRU,model_only,Q8-cpu_dynamic,0,52,21.265595976728946
cpu,CWRU,model_only,Q8-cpu_dynamic,0,53,21.378031000494957
cpu,CWRU,model_only,Q8-cpu_dynamic,0,54,21.0863069514744
cpu,CWRU,model_only,Q8-cpu_dynamic,0,55,21.048803988378495
cpu,CWRU,model_only,Q8-cpu_dynamic,0,56,21.400504978373647
cpu,CWRU,model_only,Q8-cpu_dynamic,0,57,21.359897044021636
cpu,CWRU,model_only,Q8-cpu_dynamic,0,58,20.929527992848307
cpu,CWRU,model_only,Q8-cpu_dynamic,0,59,21.123710030224174
cpu,CWRU,model_only,Q8-cpu_dynamic,0,60,20.984004950150847
cpu,CWRU,model_only,Q8-cpu_dynamic,0,61,21.258975029923022
cpu,CWRU,model_only,Q8-cpu_dynamic,0,62,21.151961002033204
cpu,CWRU,model_only,Q8-cpu_dynamic,0,63,21.224775002337992
cpu,CWRU,model_only,Q8-cpu_dynamic,0,64,21.405995008535683
cpu,CWRU,model_only,Q8-cpu_dynamic,0,65,21.142018027603626
cpu,CWRU,model_only,Q8-cpu_dynamic,0,66,20.8473929669708
cpu,CWRU,model_only,Q8-cpu_dynamic,0,67,21.209347993135452
cpu,CWRU,model_only,Q8-cpu_dynamic,0,68,21.137115021701902
cpu,CWRU,model_only,Q8-cpu_dynamic,0,69,20.79592802328989
cpu,CWRU,model_only,Q8-cpu_dynamic,0,70,21.336204023100436
cpu,CWRU,model_only,Q8-cpu_dynamic,0,71,21.261630987282842
cpu,CWRU,model_only,Q8-cpu_dynamic,0,72,21.23523998307064
cpu,CWRU,model_only,Q8-cpu_dynamic,0,73,20.951497019268572
cpu,CWRU,model_only,Q8-cpu_dynamic,0,74,21.3604070013389
cpu,CWRU,model_only,Q8-cpu_dynamic,0,75,21.074986027088016
cpu,CWRU,model_only,Q8-cpu_dynamic,0,76,21.27330901566893
cpu,CWRU,model_only,Q8-cpu_dynamic,0,77,21.678416000213474
cpu,CWRU,model_only,Q8-cpu_dynamic,0,78,20.89066000189632
cpu,CWRU,model_only,Q8-cpu_dynamic,0,79,21.546381001826376
cpu,CWRU,model_only,Q8-cpu_dynamic,0,80,21.05851104715839
cpu,CWRU,model_only,Q8-cpu_dynamic,0,81,21.587509021628648
cpu,CWRU,model_only,Q8-cpu_dynamic,0,82,21.348786016460508
cpu,CWRU,model_only,Q8-cpu_dynamic,0,83,21.02661697426811
cpu,CWRU,model_only,Q8-cpu_dynamic,0,84,20.927197008859366
cpu,CWRU,model_only,Q8-cpu_dynamic,0,85,21.610422001685947
cpu,CWRU,model_only,Q8-cpu_dynamic,0,86,48.61881898250431
cpu,CWRU,model_only,Q8-cpu_dynamic,0,87,21.694082010071725
cpu,CWRU,model_only,Q8-cpu_dynamic,0,88,21.375198964960873
cpu,CWRU,model_only,Q8-cpu_dynamic,0,89,21.475631976500154
cpu,CWRU,model_only,Q8-cpu_dynamic,0,90,21.197101974394172
cpu,CWRU,model_only,Q8-cpu_dynamic,0,91,21.40212501399219
cpu,CWRU,model_only,Q8-cpu_dynamic,0,92,21.027303009759635
cpu,CWRU,model_only,Q8-cpu_dynamic,0,93,21.13137295236811
cpu,CWRU,model_only,Q8-cpu_dynamic,0,94,21.18672599317506
cpu,CWRU,model_only,Q8-cpu_dynamic,0,95,21.275412989780307
cpu,CWRU,model_only,Q8-cpu_dynamic,0,96,20.663656992837787
cpu,CWRU,model_only,Q8-cpu_dynamic,0,97,21.918236976489425
cpu,CWRU,model_only,Q8-cpu_dynamic,0,98,21.12322603352368
cpu,CWRU,model_only,Q8-cpu_dynamic,0,99,20.923428994137794
cpu,CWRU,model_only,Q8-cpu_dynamic,0,100,21.317812032066286
cpu,CWRU,model_only,Q8-cpu_dynamic,0,101,21.286753995809704
cpu,CWRU,model_only,Q8-cpu_dynamic,0,102,21.237598033621907
cpu,CWRU,model_only,Q8-cpu_dynamic,0,103,21.286284958478063
cpu,CWRU,model_only,Q8-cpu_dynamic,0,104,21.388410998042673
cpu,CWRU,model_only,Q8-cpu_dynamic,0,105,20.87060100166127
cpu,CWRU,model_only,Q8-cpu_dynamic,0,106,21.29617700120434
cpu,CWRU,model_only,Q8-cpu_dynamic,0,107,21.12685499014333
cpu,CWRU,model_only,Q8-cpu_dynamic,0,108,21.426594990771264
cpu,CWRU,model_only,Q8-cpu_dynamic,0,109,21.473328000865877
cpu,CWRU,model_only,Q8-cpu_dynamic,0,110,21.678788994904608
cpu,CWRU,model_only,Q8-cpu_dynamic,0,111,21.40729402890429
cpu,CWRU,model_only,Q8-cpu_dynamic,0,112,21.2679699761793
cpu,CWRU,model_only,Q8-cpu_dynamic,0,113,21.18558099027723
cpu,CWRU,model_only,Q8-cpu_dynamic,0,114,21.196784044150263
cpu,CWRU,model_only,Q8-cpu_dynamic,0,115,21.109044027980417
cpu,CWRU,model_only,Q8-cpu_dynamic,0,116,21.28705702489242
cpu,CWRU,model_only,Q8-cpu_dynamic,0,117,21.23501303140074
cpu,CWRU,model_only,Q8-cpu_dynamic,0,118,21.302899986039847
cpu,CWRU,model_only,Q8-cpu_dynamic,0,119,21.747688006144017
cpu,CWRU,model_only,Q8-cpu_dynamic,0,120,21.585821988992393
cpu,CWRU,model_only,Q8-cpu_dynamic,0,121,21.40187902841717
cpu,CWRU,model_only,Q8-cpu_dynamic,0,122,20.89837397215888
cpu,CWRU,model_only,Q8-cpu_dynamic,0,123,21.256053005345166
cpu,CWRU,model_only,Q8-cpu_dynamic,0,124,21.07766194967553
cpu,CWRU,model_only,Q8-cpu_dynamic,0,125,21.20736800134182
cpu,CWRU,model_only,Q8-cpu_dynamic,0,126,21.322230983059853
cpu,CWRU,model_only,Q8-cpu_dynamic,0,127,21.07090305071324
cpu,CWRU,model_only,Q8-cpu_dynamic,0,128,21.307713992428035
cpu,CWRU,model_only,Q8-cpu_dynamic,0,129,20.78577398788184
cpu,CWRU,model_only,Q8-cpu_dynamic,0,130,21.30764996400103
cpu,CWRU,model_only,Q8-cpu_dynamic,0,131,21.541832014918327
cpu,CWRU,model_only,Q8-cpu_dynamic,0,132,20.773295022081584
cpu,CWRU,model_only,Q8-cpu_dynamic,0,133,21.314743033144623
cpu,CWRU,model_only,Q8-cpu_dynamic,0,134,21.56834298511967
cpu,CWRU,model_only,Q8-cpu_dynamic,0,135,21.015767008066177
cpu,CWRU,model_only,Q8-cpu_dynamic,0,136,21.159769967198372
cpu,CWRU,model_only,Q8-cpu_dynamic,0,137,21.17277099750936
cpu,CWRU,model_only,Q8-cpu_dynamic,0,138,21.321596985217184
cpu,CWRU,model_only,Q8-cpu_dynamic,0,139,21.417151961941272
cpu,CWRU,model_only,Q8-cpu_dynamic,0,140,21.251060999929905
cpu,CWRU,model_only,Q8-cpu_dynamic,0,141,21.276157000102103
cpu,CWRU,model_only,Q8-cpu_dynamic,0,142,21.45976497558877
cpu,CWRU,model_only,Q8-cpu_dynamic,0,143,21.297780971508473
cpu,CWRU,model_only,Q8-cpu_dynamic,0,144,21.545713010709733
cpu,CWRU,model_only,Q8-cpu_dynamic,0,145,21.22718299506232
cpu,CWRU,model_only,Q8-cpu_dynamic,0,146,21.439881005790085
cpu,CWRU,model_only,Q8-cpu_dynamic,0,147,21.043832995928824
cpu,CWRU,model_only,Q8-cpu_dynamic,0,148,21.426196035463363
cpu,CWRU,model_only,Q8-cpu_dynamic,0,149,21.45587996346876
cpu,CWRU,model_only,Q8-cpu_dynamic,0,150,20.926979021169245
cpu,CWRU,model_only,Q8-cpu_dynamic,0,151,20.998849999159575
cpu,CWRU,model_only,Q8-cpu_dynamic,0,152,21.416900970507413
cpu,CWRU,model_only,Q8-cpu_dynamic,0,153,20.962818001862615
cpu,CWRU,model_only,Q8-cpu_dynamic,0,154,21.383485000114888
cpu,CWRU,model_only,Q8-cpu_dynamic,0,155,21.511943021323532
cpu,CWRU,model_only,Q8-cpu_dynamic,0,156,21.14683698164299
cpu,CWRU,model_only,Q8-cpu_dynamic,0,157,21.323081979062408
cpu,CWRU,model_only,Q8-cpu_dynamic,0,158,21.36404800694436
cpu,CWRU,model_only,Q8-cpu_dynamic,0,159,21.32682700175792
cpu,CWRU,model_only,Q8-cpu_dynamic,0,160,21.209601021837443
cpu,CWRU,model_only,Q8-cpu_dynamic,0,161,21.164021047297865
cpu,CWRU,model_only,Q8-cpu_dynamic,0,162,21.18276699911803
cpu,CWRU,model_only,Q8-cpu_dynamic,0,163,22.636687965132296
cpu,CWRU,model_only,Q8-cpu_dynamic,0,164,22.64326298609376
cpu,CWRU,model_only,Q8-cpu_dynamic,0,165,21.73182601109147
cpu,CWRU,model_only,Q8-cpu_dynamic,0,166,21.176413050852716
cpu,CWRU,model_only,Q8-cpu_dynamic,0,167,21.195610985159874
cpu,CWRU,model_only,Q8-cpu_dynamic,0,168,21.218406967818737
cpu,CWRU,model_only,Q8-cpu_dynamic,0,169,20.97585203591734
cpu,CWRU,model_only,Q8-cpu_dynamic,0,170,21.076311997603625
cpu,CWRU,model_only,Q8-cpu_dynamic,0,171,21.108537970576435
cpu,CWRU,model_only,Q8-cpu_dynamic,0,172,21.21092297602445
cpu,CWRU,model_only,Q8-cpu_dynamic,0,173,20.950070000253618
cpu,CWRU,model_only,Q8-cpu_dynamic,0,174,20.843344973400235
cpu,CWRU,model_only,Q8-cpu_dynamic,0,175,21.114026953000575
cpu,CWRU,model_only,Q8-cpu_dynamic,0,176,21.06053300667554
cpu,CWRU,model_only,Q8-cpu_dynamic,0,177,20.8429399644956
cpu,CWRU,model_only,Q8-cpu_dynamic,0,178,22.323495999444276
cpu,CWRU,model_only,Q8-cpu_dynamic,0,179,21.255280007608235
cpu,CWRU,model_only,Q8-cpu_dynamic,0,180,21.068956004455686
cpu,CWRU,model_only,Q8-cpu_dynamic,0,181,21.03112800978124
cpu,CWRU,model_only,Q8-cpu_dynamic,0,182,21.265165007207543
cpu,CWRU,model_only,Q8-cpu_dynamic,0,183,21.74290898256004
cpu,CWRU,model_only,Q8-cpu_dynamic,0,184,21.67109597939998
cpu,CWRU,model_only,Q8-cpu_dynamic,0,185,21.687000000383705
cpu,CWRU,model_only,Q8-cpu_dynamic,0,186,21.81301498785615
cpu,CWRU,model_only,Q8-cpu_dynamic,0,187,21.282267989590764
cpu,CWRU,model_only,Q8-cpu_dynamic,0,188,21.055429009720683
cpu,CWRU,model_only,Q8-cpu_dynamic,0,189,21.126412961166352
cpu,CWRU,model_only,Q8-cpu_dynamic,0,190,21.202308998908848
cpu,CWRU,model_only,Q8-cpu_dynamic,0,191,21.018597995862365
cpu,CWRU,model_only,Q8-cpu_dynamic,0,192,21.170727035496384
cpu,CWRU,model_only,Q8-cpu_dynamic,0,193,20.680679008364677
cpu,CWRU,model_only,Q8-cpu_dynamic,0,194,21.25983900623396
cpu,CWRU,model_only,Q8-cpu_dynamic,0,195,21.568476979155093
cpu,CWRU,model_only,Q8-cpu_dynamic,0,196,21.149418025743216
cpu,CWRU,model_only,Q8-cpu_dynamic,0,197,21.353972959332168
cpu,CWRU,model_only,Q8-cpu_dynamic,0,198,21.08135400339961
cpu,CWRU,model_only,Q8-cpu_dynamic,0,199,20.642799034249038
cpu,CWRU,model_only,Q8-cpu_dynamic,0,200,21.745911973994225
cpu,CWRU,model_only,Q8-cpu_dynamic,0,201,21.58624801086262
cpu,CWRU,model_only,Q8-cpu_dynamic,0,202,21.123147977050394
cpu,CWRU,model_only,Q8-cpu_dynamic,0,203,21.13593596732244
cpu,CWRU,model_only,Q8-cpu_dynamic,0,204,21.476257010363042
cpu,CWRU,model_only,Q8-cpu_dynamic,0,205,21.653039031662047
cpu,CWRU,model_only,Q8-cpu_dynamic,0,206,21.201986994128674
cpu,CWRU,model_only,Q8-cpu_dynamic,0,207,21.88419399317354
cpu,CWRU,model_only,Q8-cpu_dynamic,0,208,21.42326399916783
cpu,CWRU,model_only,Q8-cpu_dynamic,0,209,21.184710029046983
cpu,CWRU,model_only,Q8-cpu_dynamic,0,210,21.009561023674905
cpu,CWRU,model_only,Q8-cpu_dynamic,0,211,21.336856007110327
cpu,CWRU,model_only,Q8-cpu_dynamic,0,212,21.50434401119128
cpu,CWRU,model_only,Q8-cpu_dynamic,0,213,20.75946901459247
cpu,CWRU,model_only,Q8-cpu_dynamic,0,214,21.66715101338923
cpu,CWRU,model_only,Q8-cpu_dynamic,0,215,21.048502007033676
cpu,CWRU,model_only,Q8-cpu_dynamic,0,216,21.14994201110676
cpu,CWRU,model_only,Q8-cpu_dynamic,0,217,22.324741003103554
cpu,CWRU,model_only,Q8-cpu_dynamic,0,218,22.416873020119965
cpu,CWRU,model_only,Q8-cpu_dynamic,0,219,23.5081379651092
cpu,CWRU,model_only,Q8-cpu_dynamic,0,220,22.180266969371587
cpu,CWRU,model_only,Q8-cpu_dynamic,0,221,21.4654509909451
cpu,CWRU,model_only,Q8-cpu_dynamic,0,222,21.530044032260776
cpu,CWRU,model_only,Q8-cpu_dynamic,0,223,20.888573955744505
cpu,CWRU,model_only,Q8-cpu_dynamic,0,224,22.49608899001032
cpu,CWRU,model_only,Q8-cpu_dynamic,0,225,23.365827975794673
cpu,CWRU,model_only,Q8-cpu_dynamic,0,226,21.293589961715043
cpu,CWRU,model_only,Q8-cpu_dynamic,0,227,21.160016010981053
cpu,CWRU,model_only,Q8-cpu_dynamic,0,228,21.72172104474157
cpu,CWRU,model_only,Q8-cpu_dynamic,0,229,21.196748013608158
cpu,CWRU,model_only,Q8-cpu_dynamic,0,230,21.787303034216166
cpu,CWRU,model_only,Q8-cpu_dynamic,0,231,21.406702988315374
cpu,CWRU,model_only,Q8-cpu_dynamic,0,232,21.077794022858143
cpu,CWRU,model_only,Q8-cpu_dynamic,0,233,21.72896300908178
cpu,CWRU,model_only,Q8-cpu_dynamic,0,234,20.613870001398027
cpu,CWRU,model_only,Q8-cpu_dynamic,0,235,21.15036698523909
cpu,CWRU,model_only,Q8-cpu_dynamic,0,236,20.94928699079901
cpu,CWRU,model_only,Q8-cpu_dynamic,0,237,20.97527199657634
cpu,CWRU,model_only,Q8-cpu_dynamic,0,238,21.313811012078077
cpu,CWRU,model_only,Q8-cpu_dynamic,0,239,21.533666003961116
cpu,CWRU,model_only,Q8-cpu_dynamic,0,240,20.85472602630034
cpu,CWRU,model_only,Q8-cpu_dynamic,0,241,21.66756894439459
cpu,CWRU,model_only,Q8-cpu_dynamic,0,242,21.170734020415694
cpu,CWRU,model_only,Q8-cpu_dynamic,0,243,21.624760003760457
cpu,CWRU,model_only,Q8-cpu_dynamic,0,244,21.731322980485857
cpu,CWRU,model_only,Q8-cpu_dynamic,0,245,21.053607983049005
cpu,CWRU,model_only,Q8-cpu_dynamic,0,246,21.520823996979743
cpu,CWRU,model_only,Q8-cpu_dynamic,0,247,20.971386053133756
cpu,CWRU,model_only,Q8-cpu_dynamic,0,248,21.03491500020027
cpu,CWRU,model_only,Q8-cpu_dynamic,0,249,21.40630898065865
cpu,CWRU,model_only,Q8-cpu_dynamic,1,0,21.313993027433753
cpu,CWRU,model_only,Q8-cpu_dynamic,1,1,21.344918990507722
cpu,CWRU,model_only,Q8-cpu_dynamic,1,2,21.35280898073688
cpu,CWRU,model_only,Q8-cpu_dynamic,1,3,21.153937035705894
cpu,CWRU,model_only,Q8-cpu_dynamic,1,4,21.097187011037022
cpu,CWRU,model_only,Q8-cpu_dynamic,1,5,21.5608780272305
cpu,CWRU,model_only,Q8-cpu_dynamic,1,6,21.14559698384255
cpu,CWRU,model_only,Q8-cpu_dynamic,1,7,21.20146300876513
cpu,CWRU,model_only,Q8-cpu_dynamic,1,8,21.054821030702442
cpu,CWRU,model_only,Q8-cpu_dynamic,1,9,21.599384024739265
cpu,CWRU,model_only,Q8-cpu_dynamic,1,10,21.719302982091904
cpu,CWRU,model_only,Q8-cpu_dynamic,1,11,21.46101900143549
cpu,CWRU,model_only,Q8-cpu_dynamic,1,12,21.277606021612883
cpu,CWRU,model_only,Q8-cpu_dynamic,1,13,21.56207402003929
cpu,CWRU,model_only,Q8-cpu_dynamic,1,14,21.32090798113495
cpu,CWRU,model_only,Q8-cpu_dynamic,1,15,21.56217402080074
cpu,CWRU,model_only,Q8-cpu_dynamic,1,16,20.931000006385148
cpu,CWRU,model_only,Q8-cpu_dynamic,1,17,21.313270030077547
cpu,CWRU,model_only,Q8-cpu_dynamic,1,18,21.285516035277396
cpu,CWRU,model_only,Q8-cpu_dynamic,1,19,21.058445039670914
cpu,CWRU,model_only,Q8-cpu_dynamic,1,20,21.363352017942816
cpu,CWRU,model_only,Q8-cpu_dynamic,1,21,21.476820984389633
cpu,CWRU,model_only,Q8-cpu_dynamic,1,22,21.44214097643271
cpu,CWRU,model_only,Q8-cpu_dynamic,1,23,20.930389990098774
cpu,CWRU,model_only,Q8-cpu_dynamic,1,24,21.41708100680262
cpu,CWRU,model_only,Q8-cpu_dynamic,1,25,21.205482014920563
cpu,CWRU,model_only,Q8-cpu_dynamic,1,26,21.512562001589686
cpu,CWRU,model_only,Q8-cpu_dynamic,1,27,20.86518402211368
cpu,CWRU,model_only,Q8-cpu_dynamic,1,28,21.545249968767166
cpu,CWRU,model_only,Q8-cpu_dynamic,1,29,21.099013974890113
cpu,CWRU,model_only,Q8-cpu_dynamic,1,30,21.63773402571678
cpu,CWRU,model_only,Q8-cpu_dynamic,1,31,21.70308300992474
cpu,CWRU,model_only,Q8-cpu_dynamic,1,32,21.014078985899687
cpu,CWRU,model_only,Q8-cpu_dynamic,1,33,21.52575203217566
cpu,CWRU,model_only,Q8-cpu_dynamic,1,34,20.88358101900667
cpu,CWRU,model_only,Q8-cpu_dynamic,1,35,21.139180986210704
cpu,CWRU,model_only,Q8-cpu_dynamic,1,36,21.730107022449374
cpu,CWRU,model_only,Q8-cpu_dynamic,1,37,21.170837979298085
cpu,CWRU,model_only,Q8-cpu_dynamic,1,38,21.077904966659844
cpu,CWRU,model_only,Q8-cpu_dynamic,1,39,21.63635700708255
cpu,CWRU,model_only,Q8-cpu_dynamic,1,40,21.38813299825415
cpu,CWRU,model_only,Q8-cpu_dynamic,1,41,21.606624010019004
cpu,CWRU,model_only,Q8-cpu_dynamic,1,42,21.42274403013289
cpu,CWRU,model_only,Q8-cpu_dynamic,1,43,21.44901402061805
cpu,CWRU,model_only,Q8-cpu_dynamic,1,44,22.375196975190192
cpu,CWRU,model_only,Q8-cpu_dynamic,1,45,21.749557985458523
cpu,CWRU,model_only,Q8-cpu_dynamic,1,46,21.627335052471608
cpu,CWRU,model_only,Q8-cpu_dynamic,1,47,21.380267979111522
cpu,CWRU,model_only,Q8-cpu_dynamic,1,48,21.01650001714006
cpu,CWRU,model_only,Q8-cpu_dynamic,1,49,21.23611600836739
cpu,CWRU,model_only,Q8-cpu_dynamic,1,50,21.139535994734615
cpu,CWRU,model_only,Q8-cpu_dynamic,1,51,21.08660398516804
cpu,CWRU,model_only,Q8-cpu_dynamic,1,52,21.283194015268236
cpu,CWRU,model_only,Q8-cpu_dynamic,1,53,21.00484201218933
cpu,CWRU,model_only,Q8-cpu_dynamic,1,54,21.726228995248675
cpu,CWRU,model_only,Q8-cpu_dynamic,1,55,21.663574036210775
cpu,CWRU,model_only,Q8-cpu_dynamic,1,56,21.227755991276354
cpu,CWRU,model_only,Q8-cpu_dynamic,1,57,21.417807962279767
cpu,CWRU,model_only,Q8-cpu_dynamic,1,58,21.00819902261719
cpu,CWRU,model_only,Q8-cpu_dynamic,1,59,21.529325982555747
cpu,CWRU,model_only,Q8-cpu_dynamic,1,60,21.741457981988788
cpu,CWRU,model_only,Q8-cpu_dynamic,1,61,21.920328959822655
cpu,CWRU,model_only,Q8-cpu_dynamic,1,62,21.144215017557144
cpu,CWRU,model_only,Q8-cpu_dynamic,1,63,21.72135398723185
cpu,CWRU,model_only,Q8-cpu_dynamic,1,64,21.289027004968375
cpu,CWRU,model_only,Q8-cpu_dynamic,1,65,21.085995016619563
cpu,CWRU,model_only,Q8-cpu_dynamic,1,66,21.513638959731907
cpu,CWRU,model_only,Q8-cpu_dynamic,1,67,21.258867054712027
cpu,CWRU,model_only,Q8-cpu_dynamic,1,68,21.67945494875312
cpu,CWRU,model_only,Q8-cpu_dynamic,1,69,22.245005995500833
cpu,CWRU,model_only,Q8-cpu_dynamic,1,70,21.337202982977033
cpu,CWRU,model_only,Q8-cpu_dynamic,1,71,21.235648018773645
cpu,CWRU,model_only,Q8-cpu_dynamic,1,72,21.678828983567655
cpu,CWRU,model_only,Q8-cpu_dynamic,1,73,21.148653991986066
cpu,CWRU,model_only,Q8-cpu_dynamic,1,74,21.71230100793764
cpu,CWRU,model_only,Q8-cpu_dynamic,1,75,21.223819989245385
cpu,CWRU,model_only,Q8-cpu_dynamic,1,76,21.295477985404432
cpu,CWRU,model_only,Q8-cpu_dynamic,1,77,21.531414007768035
cpu,CWRU,model_only,Q8-cpu_dynamic,1,78,21.34277601726353
cpu,CWRU,model_only,Q8-cpu_dynamic,1,79,21.29747299477458
cpu,CWRU,model_only,Q8-cpu_dynamic,1,80,21.79106598487124
cpu,CWRU,model_only,Q8-cpu_dynamic,1,81,21.623484033625573
cpu,CWRU,model_only,Q8-cpu_dynamic,1,82,21.078890014905483
cpu,CWRU,model_only,Q8-cpu_dynamic,1,83,21.996819996275008
cpu,CWRU,model_only,Q8-cpu_dynamic,1,84,21.731408953201026
cpu,CWRU,model_only,Q8-cpu_dynamic,1,85,20.968516007997096
cpu,CWRU,model_only,Q8-cpu_dynamic,1,86,21.944169013295323
cpu,CWRU,model_only,Q8-cpu_dynamic,1,87,21.537822030950338
cpu,CWRU,model_only,Q8-cpu_dynamic,1,88,21.951098984573036
cpu,CWRU,model_only,Q8-cpu_dynamic,1,89,20.857113995589316
cpu,CWRU,model_only,Q8-cpu_dynamic,1,90,21.116538962814957
cpu,CWRU,model_only,Q8-cpu_dynamic,1,91,21.1605760268867
cpu,CWRU,model_only,Q8-cpu_dynamic,1,92,21.300713007804006
cpu,CWRU,model_only,Q8-cpu_dynamic,1,93,21.45965094678104
cpu,CWRU,model_only,Q8-cpu_dynamic,1,94,21.224853000603616
cpu,CWRU,model_only,Q8-cpu_dynamic,1,95,21.504869975615293
cpu,CWRU,model_only,Q8-cpu_dynamic,1,96,21.334589982870966
cpu,CWRU,model_only,Q8-cpu_dynamic,1,97,21.27863501664251
cpu,CWRU,model_only,Q8-cpu_dynamic,1,98,20.79908101586625
cpu,CWRU,model_only,Q8-cpu_dynamic,1,99,21.926078014075756
cpu,CWRU,model_only,Q8-cpu_dynamic,1,100,21.484148979652673
cpu,CWRU,model_only,Q8-cpu_dynamic,1,101,21.34873397881165
cpu,CWRU,model_only,Q8-cpu_dynamic,1,102,21.530734025873244
cpu,CWRU,model_only,Q8-cpu_dynamic,1,103,21.350244991481304
cpu,CWRU,model_only,Q8-cpu_dynamic,1,104,21.200035989750177
cpu,CWRU,model_only,Q8-cpu_dynamic,1,105,20.997296029236168
cpu,CWRU,model_only,Q8-cpu_dynamic,1,106,20.84246900631115
cpu,CWRU,model_only,Q8-cpu_dynamic,1,107,21.668216038960963
cpu,CWRU,model_only,Q8-cpu_dynamic,1,108,20.893309032544494
cpu,CWRU,model_only,Q8-cpu_dynamic,1,109,21.38128102524206
cpu,CWRU,model_only,Q8-cpu_dynamic,1,110,21.586666989605874
cpu,CWRU,model_only,Q8-cpu_dynamic,1,111,21.041786996647716
cpu,CWRU,model_only,Q8-cpu_dynamic,1,112,21.28294698195532
cpu,CWRU,model_only,Q8-cpu_dynamic,1,113,21.0032649920322
cpu,CWRU,model_only,Q8-cpu_dynamic,1,114,21.341966988984495
cpu,CWRU,model_only,Q8-cpu_dynamic,1,115,21.950594033114612
cpu,CWRU,model_only,Q8-cpu_dynamic,1,116,21.31562097929418
cpu,CWRU,model_only,Q8-cpu_dynamic,1,117,21.621417021378875
cpu,CWRU,model_only,Q8-cpu_dynamic,1,118,21.94433700060472
cpu,CWRU,model_only,Q8-cpu_dynamic,1,119,21.8310309574008
cpu,CWRU,model_only,Q8-cpu_dynamic,1,120,21.73564996337518
cpu,CWRU,model_only,Q8-cpu_dynamic,1,121,21.391940012108535
cpu,CWRU,model_only,Q8-cpu_dynamic,1,122,21.58588101156056
cpu,CWRU,model_only,Q8-cpu_dynamic,1,123,20.484661974478513
cpu,CWRU,model_only,Q8-cpu_dynamic,1,124,21.38609002577141
cpu,CWRU,model_only,Q8-cpu_dynamic,1,125,21.452795015648007
cpu,CWRU,model_only,Q8-cpu_dynamic,1,126,21.38597401790321
cpu,CWRU,model_only,Q8-cpu_dynamic,1,127,21.325579029507935
cpu,CWRU,model_only,Q8-cpu_dynamic,1,128,21.212976018432528
cpu,CWRU,model_only,Q8-cpu_dynamic,1,129,20.745310990605503
cpu,CWRU,model_only,Q8-cpu_dynamic,1,130,21.074374031741172
cpu,CWRU,model_only,Q8-cpu_dynamic,1,131,21.41479100100696
cpu,CWRU,model_only,Q8-cpu_dynamic,1,132,21.895961021073163
cpu,CWRU,model_only,Q8-cpu_dynamic,1,133,21.28663001349196
cpu,CWRU,model_only,Q8-cpu_dynamic,1,134,21.422104036901146
cpu,CWRU,model_only,Q8-cpu_dynamic,1,135,21.872580982744694
cpu,CWRU,model_only,Q8-cpu_dynamic,1,136,21.0069990134798
cpu,CWRU,model_only,Q8-cpu_dynamic,1,137,21.324726985767484
cpu,CWRU,model_only,Q8-cpu_dynamic,1,138,21.134853013791144
cpu,CWRU,model_only,Q8-cpu_dynamic,1,139,21.082303021103144
cpu,CWRU,model_only,Q8-cpu_dynamic,1,140,21.36409899685532
cpu,CWRU,model_only,Q8-cpu_dynamic,1,141,21.693213027901947
cpu,CWRU,model_only,Q8-cpu_dynamic,1,142,21.170741005335003
cpu,CWRU,model_only,Q8-cpu_dynamic,1,143,21.420110017061234
cpu,CWRU,model_only,Q8-cpu_dynamic,1,144,21.279530017636716
cpu,CWRU,model_only,Q8-cpu_dynamic,1,145,21.439877978991717
cpu,CWRU,model_only,Q8-cpu_dynamic,1,146,21.200447052251548
cpu,CWRU,model_only,Q8-cpu_dynamic,1,147,21.524601965211332
cpu,CWRU,model_only,Q8-cpu_dynamic,1,148,21.872144017834216
cpu,CWRU,model_only,Q8-cpu_dynamic,1,149,21.579699008725584
cpu,CWRU,model_only,Q8-cpu_dynamic,1,150,21.70574403135106
cpu,CWRU,model_only,Q8-cpu_dynamic,1,151,23.68913998361677
cpu,CWRU,model_only,Q8-cpu_dynamic,1,152,23.51884904783219
cpu,CWRU,model_only,Q8-cpu_dynamic,1,153,22.265342995524406
cpu,CWRU,model_only,Q8-cpu_dynamic,1,154,22.005600039847195
cpu,CWRU,model_only,Q8-cpu_dynamic,1,155,21.40670095104724
cpu,CWRU,model_only,Q8-cpu_dynamic,1,156,21.91478305030614
cpu,CWRU,model_only,Q8-cpu_dynamic,1,157,21.37673902325332
cpu,CWRU,model_only,Q8-cpu_dynamic,1,158,21.294805977959186
cpu,CWRU,model_only,Q8-cpu_dynamic,1,159,21.14438498392701
cpu,CWRU,model_only,Q8-cpu_dynamic,1,160,21.19882102124393
cpu,CWRU,model_only,Q8-cpu_dynamic,1,161,22.077208035625517
cpu,CWRU,model_only,Q8-cpu_dynamic,1,162,22.5840579951182
cpu,CWRU,model_only,Q8-cpu_dynamic,1,163,21.709925029426813
cpu,CWRU,model_only,Q8-cpu_dynamic,1,164,21.03753201663494
cpu,CWRU,model_only,Q8-cpu_dynamic,1,165,21.30937302717939
cpu,CWRU,model_only,Q8-cpu_dynamic,1,166,21.613814984448254
cpu,CWRU,model_only,Q8-cpu_dynamic,1,167,21.97425300255418
cpu,CWRU,model_only,Q8-cpu_dynamic,1,168,21.713944035582244
cpu,CWRU,model_only,Q8-cpu_dynamic,1,169,20.87314403615892
cpu,CWRU,model_only,Q8-cpu_dynamic,1,170,21.05186099652201
cpu,CWRU,model_only,Q8-cpu_dynamic,1,171,21.53541403822601
cpu,CWRU,model_only,Q8-cpu_dynamic,1,172,21.814612962771207
cpu,CWRU,model_only,Q8-cpu_dynamic,1,173,21.238948043901473
cpu,CWRU,model_only,Q8-cpu_dynamic,1,174,21.01681102067232
cpu,CWRU,model_only,Q8-cpu_dynamic,1,175,21.3339600013569
cpu,CWRU,model_only,Q8-cpu_dynamic,1,176,21.322885004337877
cpu,CWRU,model_only,Q8-cpu_dynamic,1,177,21.240710048004985
cpu,CWRU,model_only,Q8-cpu_dynamic,1,178,21.334663964807987
cpu,CWRU,model_only,Q8-cpu_dynamic,1,179,21.23247500276193
cpu,CWRU,model_only,Q8-cpu_dynamic,1,180,21.515729022212327
cpu,CWRU,model_only,Q8-cpu_dynamic,1,181,21.361268998589367
cpu,CWRU,model_only,Q8-cpu_dynamic,1,182,21.270677039865404
cpu,CWRU,model_only,Q8-cpu_dynamic,1,183,21.254988037981093
cpu,CWRU,model_only,Q8-cpu_dynamic,1,184,21.225265983957797
cpu,CWRU,model_only,Q8-cpu_dynamic,1,185,21.063860971480608
cpu,CWRU,model_only,Q8-cpu_dynamic,1,186,21.200483024585992
cpu,CWRU,model_only,Q8-cpu_dynamic,1,187,21.118019009009004
cpu,CWRU,model_only,Q8-cpu_dynamic,1,188,21.076246979646385
cpu,CWRU,model_only,Q8-cpu_dynamic,1,189,21.323823020793498
cpu,CWRU,model_only,Q8-cpu_dynamic,1,190,21.298662992194295
cpu,CWRU,model_only,Q8-cpu_dynamic,1,191,21.362286002840847
cpu,CWRU,model_only,Q8-cpu_dynamic,1,192,21.43832197180018
cpu,CWRU,model_only,Q8-cpu_dynamic,1,193,21.50863199494779
cpu,CWRU,model_only,Q8-cpu_dynamic,1,194,21.16147195920348
cpu,CWRU,model_only,Q8-cpu_dynamic,1,195,21.07556100236252
cpu,CWRU,model_only,Q8-cpu_dynamic,1,196,21.186842990573496
cpu,CWRU,model_only,Q8-cpu_dynamic,1,197,21.499262016732246
cpu,CWRU,model_only,Q8-cpu_dynamic,1,198,21.209989965427667
cpu,CWRU,model_only,Q8-cpu_dynamic,1,199,21.0050439927727
cpu,CWRU,model_only,Q8-cpu_dynamic,1,200,21.260462992358953
cpu,CWRU,model_only,Q8-cpu_dynamic,1,201,20.714320009574294
cpu,CWRU,model_only,Q8-cpu_dynamic,1,202,20.74079803423956
cpu,CWRU,model_only,Q8-cpu_dynamic,1,203,21.143522986676544
cpu,CWRU,model_only,Q8-cpu_dynamic,1,204,20.82398399943486
cpu,CWRU,model_only,Q8-cpu_dynamic,1,205,21.429607004392892
cpu,CWRU,model_only,Q8-cpu_dynamic,1,206,21.5782179730013
cpu,CWRU,model_only,Q8-cpu_dynamic,1,207,21.241818962153047
cpu,CWRU,model_only,Q8-cpu_dynamic,1,208,21.772856009192765
cpu,CWRU,model_only,Q8-cpu_dynamic,1,209,21.339402999728918
cpu,CWRU,model_only,Q8-cpu_dynamic,1,210,20.538891956675798
cpu,CWRU,model_only,Q8-cpu_dynamic,1,211,20.846499013714492
cpu,CWRU,model_only,Q8-cpu_dynamic,1,212,20.994188962504268
cpu,CWRU,model_only,Q8-cpu_dynamic,1,213,20.84544801618904
cpu,CWRU,model_only,Q8-cpu_dynamic,1,214,21.727368992287666
cpu,CWRU,model_only,Q8-cpu_dynamic,1,215,20.971772028133273
cpu,CWRU,model_only,Q8-cpu_dynamic,1,216,21.24229195760563
cpu,CWRU,model_only,Q8-cpu_dynamic,1,217,21.332756034098566
cpu,CWRU,model_only,Q8-cpu_dynamic,1,218,21.38412499334663
cpu,CWRU,model_only,Q8-cpu_dynamic,1,219,21.71039197128266
cpu,CWRU,model_only,Q8-cpu_dynamic,1,220,21.319387014955282
cpu,CWRU,model_only,Q8-cpu_dynamic,1,221,21.492469997610897
cpu,CWRU,model_only,Q8-cpu_dynamic,1,222,21.436956012621522
cpu,CWRU,model_only,Q8-cpu_dynamic,1,223,21.12066699191928
cpu,CWRU,model_only,Q8-cpu_dynamic,1,224,21.553414000663906
cpu,CWRU,model_only,Q8-cpu_dynamic,1,225,21.212232008110732
cpu,CWRU,model_only,Q8-cpu_dynamic,1,226,21.848647971637547
cpu,CWRU,model_only,Q8-cpu_dynamic,1,227,21.625415014568716
cpu,CWRU,model_only,Q8-cpu_dynamic,1,228,23.161327000707388
cpu,CWRU,model_only,Q8-cpu_dynamic,1,229,22.209923015907407
cpu,CWRU,model_only,Q8-cpu_dynamic,1,230,21.498465968761593
cpu,CWRU,model_only,Q8-cpu_dynamic,1,231,23.61901296535507
cpu,CWRU,model_only,Q8-cpu_dynamic,1,232,22.456500038970262
cpu,CWRU,model_only,Q8-cpu_dynamic,1,233,22.06175198080018
cpu,CWRU,model_only,Q8-cpu_dynamic,1,234,22.188451956026256
cpu,CWRU,model_only,Q8-cpu_dynamic,1,235,21.395143994595855
cpu,CWRU,model_only,Q8-cpu_dynamic,1,236,21.43944997806102
cpu,CWRU,model_only,Q8-cpu_dynamic,1,237,21.423593978397548
cpu,CWRU,model_only,Q8-cpu_dynamic,1,238,21.04771201265976
cpu,CWRU,model_only,Q8-cpu_dynamic,1,239,20.85748000536114
cpu,CWRU,model_only,Q8-cpu_dynamic,1,240,21.037811995483935
cpu,CWRU,model_only,Q8-cpu_dynamic,1,241,21.67417004238814
cpu,CWRU,model_only,Q8-cpu_dynamic,1,242,21.521521965041757
cpu,CWRU,model_only,Q8-cpu_dynamic,1,243,21.473545988555998
cpu,CWRU,model_only,Q8-cpu_dynamic,1,244,20.98954899702221
cpu,CWRU,model_only,Q8-cpu_dynamic,1,245,21.55230299104005
cpu,CWRU,model_only,Q8-cpu_dynamic,1,246,21.506780001800507
cpu,CWRU,model_only,Q8-cpu_dynamic,1,247,21.35128399822861
cpu,CWRU,model_only,Q8-cpu_dynamic,1,248,21.253223007079214
cpu,CWRU,model_only,Q8-cpu_dynamic,1,249,20.947271026670933
cpu,CWRU,model_only,K1-FP32,1,0,23.246049997396767
cpu,CWRU,model_only,K1-FP32,1,1,22.6165929925628
cpu,CWRU,model_only,K1-FP32,1,2,22.539855970535427
cpu,CWRU,model_only,K1-FP32,1,3,22.826252970844507
cpu,CWRU,model_only,K1-FP32,1,4,23.39588600443676
cpu,CWRU,model_only,K1-FP32,1,5,23.137109994422644
cpu,CWRU,model_only,K1-FP32,1,6,22.091602033469826
cpu,CWRU,model_only,K1-FP32,1,7,23.01349799381569
cpu,CWRU,model_only,K1-FP32,1,8,22.75422401726246
cpu,CWRU,model_only,K1-FP32,1,9,22.877395967952907
cpu,CWRU,model_only,K1-FP32,1,10,23.044992005452514
cpu,CWRU,model_only,K1-FP32,1,11,22.80221099499613
cpu,CWRU,model_only,K1-FP32,1,12,22.83000701572746
cpu,CWRU,model_only,K1-FP32,1,13,22.37998298369348
cpu,CWRU,model_only,K1-FP32,1,14,23.693847993854433
cpu,CWRU,model_only,K1-FP32,1,15,23.372880008537322
cpu,CWRU,model_only,K1-FP32,1,16,22.852640016935766
cpu,CWRU,model_only,K1-FP32,1,17,22.944702010136098
cpu,CWRU,model_only,K1-FP32,1,18,22.640031995251775
cpu,CWRU,model_only,K1-FP32,1,19,22.64712000032887
cpu,CWRU,model_only,K1-FP32,1,20,22.868742991704494
cpu,CWRU,model_only,K1-FP32,1,21,22.336009016726166
cpu,CWRU,model_only,K1-FP32,1,22,22.492780990432948
cpu,CWRU,model_only,K1-FP32,1,23,22.28151203598827
cpu,CWRU,model_only,K1-FP32,1,24,22.365527984220535
cpu,CWRU,model_only,K1-FP32,1,25,22.499156999401748
cpu,CWRU,model_only,K1-FP32,1,26,22.95098704053089
cpu,CWRU,model_only,K1-FP32,1,27,22.568610962480307
cpu,CWRU,model_only,K1-FP32,1,28,22.80358597636223
cpu,CWRU,model_only,K1-FP32,1,29,22.533634037245065
cpu,CWRU,model_only,K1-FP32,1,30,22.689967998303473
cpu,CWRU,model_only,K1-FP32,1,31,22.61102304328233
cpu,CWRU,model_only,K1-FP32,1,32,22.566215018741786
cpu,CWRU,model_only,K1-FP32,1,33,22.475383011624217
cpu,CWRU,model_only,K1-FP32,1,34,22.933470958378166
cpu,CWRU,model_only,K1-FP32,1,35,22.74680300615728
cpu,CWRU,model_only,K1-FP32,1,36,22.651456005405635
cpu,CWRU,model_only,K1-FP32,1,37,23.054688004776835
cpu,CWRU,model_only,K1-FP32,1,38,22.578578034881502
cpu,CWRU,model_only,K1-FP32,1,39,22.6733039598912
cpu,CWRU,model_only,K1-FP32,1,40,22.636626032181084
cpu,CWRU,model_only,K1-FP32,1,41,22.350907034706324
cpu,CWRU,model_only,K1-FP32,1,42,22.505978995468467
cpu,CWRU,model_only,K1-FP32,1,43,22.349101956933737
cpu,CWRU,model_only,K1-FP32,1,44,22.6781060337089
cpu,CWRU,model_only,K1-FP32,1,45,23.11155601637438
cpu,CWRU,model_only,K1-FP32,1,46,22.838708013296127
cpu,CWRU,model_only,K1-FP32,1,47,22.679922985844314
cpu,CWRU,model_only,K1-FP32,1,48,23.03270995616913
cpu,CWRU,model_only,K1-FP32,1,49,23.00429402384907
cpu,CWRU,model_only,K1-FP32,1,50,22.56093401229009
cpu,CWRU,model_only,K1-FP32,1,51,22.624968958552927
cpu,CWRU,model_only,K1-FP32,1,52,22.501032042782754
cpu,CWRU,model_only,K1-FP32,1,53,22.884467034600675
cpu,CWRU,model_only,K1-FP32,1,54,22.77449402026832
cpu,CWRU,model_only,K1-FP32,1,55,23.5783529933542
cpu,CWRU,model_only,K1-FP32,1,56,23.013758996967226
cpu,CWRU,model_only,K1-FP32,1,57,22.47742802137509
cpu,CWRU,model_only,K1-FP32,1,58,22.748460993170738
cpu,CWRU,model_only,K1-FP32,1,59,23.19411700591445
cpu,CWRU,model_only,K1-FP32,1,60,22.13799802120775
cpu,CWRU,model_only,K1-FP32,1,61,22.09294802742079
cpu,CWRU,model_only,K1-FP32,1,62,22.80468901153654
cpu,CWRU,model_only,K1-FP32,1,63,23.139513039495796
cpu,CWRU,model_only,K1-FP32,1,64,22.593803994823247
cpu,CWRU,model_only,K1-FP32,1,65,22.59355300338939
cpu,CWRU,model_only,K1-FP32,1,66,22.63639500597492
cpu,CWRU,model_only,K1-FP32,1,67,22.79429300688207
cpu,CWRU,model_only,K1-FP32,1,68,22.597661998588592
cpu,CWRU,model_only,K1-FP32,1,69,22.658274043351412
cpu,CWRU,model_only,K1-FP32,1,70,22.671506041660905
cpu,CWRU,model_only,K1-FP32,1,71,23.87005602940917
cpu,CWRU,model_only,K1-FP32,1,72,23.881847970187664
cpu,CWRU,model_only,K1-FP32,1,73,23.051895026583225
cpu,CWRU,model_only,K1-FP32,1,74,22.75252901017666
cpu,CWRU,model_only,K1-FP32,1,75,23.047188005875796
cpu,CWRU,model_only,K1-FP32,1,76,22.755914949811995
cpu,CWRU,model_only,K1-FP32,1,77,22.976105974521488
cpu,CWRU,model_only,K1-FP32,1,78,22.425336006563157
cpu,CWRU,model_only,K1-FP32,1,79,22.815491014625877
cpu,CWRU,model_only,K1-FP32,1,80,22.540720005054027
cpu,CWRU,model_only,K1-FP32,1,81,22.689779987558722
cpu,CWRU,model_only,K1-FP32,1,82,22.774786048103124
cpu,CWRU,model_only,K1-FP32,1,83,22.766430978663266
cpu,CWRU,model_only,K1-FP32,1,84,22.724992013536394
cpu,CWRU,model_only,K1-FP32,1,85,22.73128501838073
cpu,CWRU,model_only,K1-FP32,1,86,22.477821970824152
cpu,CWRU,model_only,K1-FP32,1,87,23.075949982739985
cpu,CWRU,model_only,K1-FP32,1,88,23.10428797500208
cpu,CWRU,model_only,K1-FP32,1,89,22.602232987992465
cpu,CWRU,model_only,K1-FP32,1,90,22.952225990593433
cpu,CWRU,model_only,K1-FP32,1,91,22.456640959717333
cpu,CWRU,model_only,K1-FP32,1,92,23.19137699669227
cpu,CWRU,model_only,K1-FP32,1,93,22.742772998753935
cpu,CWRU,model_only,K1-FP32,1,94,22.776148980483413
cpu,CWRU,model_only,K1-FP32,1,95,22.608363011386245
cpu,CWRU,model_only,K1-FP32,1,96,22.539721976500005
cpu,CWRU,model_only,K1-FP32,1,97,22.80479797627777
cpu,CWRU,model_only,K1-FP32,1,98,22.86853303667158
cpu,CWRU,model_only,K1-FP32,1,99,22.705539013259113
cpu,CWRU,model_only,K1-FP32,1,100,22.685697011183947
cpu,CWRU,model_only,K1-FP32,1,101,22.49915001448244
cpu,CWRU,model_only,K1-FP32,1,102,22.654674015939236
cpu,CWRU,model_only,K1-FP32,1,103,22.73879700805992
cpu,CWRU,model_only,K1-FP32,1,104,22.68417103914544
cpu,CWRU,model_only,K1-FP32,1,105,22.91164599591866
cpu,CWRU,model_only,K1-FP32,1,106,22.66458299709484
cpu,CWRU,model_only,K1-FP32,1,107,22.667230980005115
cpu,CWRU,model_only,K1-FP32,1,108,22.817160992417485
cpu,CWRU,model_only,K1-FP32,1,109,22.67421700526029
cpu,CWRU,model_only,K1-FP32,1,110,22.150388977024704
cpu,CWRU,model_only,K1-FP32,1,111,22.659725975245237
cpu,CWRU,model_only,K1-FP32,1,112,22.712417994625866
cpu,CWRU,model_only,K1-FP32,1,113,22.616401023697108
cpu,CWRU,model_only,K1-FP32,1,114,22.831402951851487
cpu,CWRU,model_only,K1-FP32,1,115,22.618606977630407
cpu,CWRU,model_only,K1-FP32,1,116,22.518399986438453
cpu,CWRU,model_only,K1-FP32,1,117,22.823936014901847
cpu,CWRU,model_only,K1-FP32,1,118,22.7123029762879
cpu,CWRU,model_only,K1-FP32,1,119,22.676681983284652
cpu,CWRU,model_only,K1-FP32,1,120,23.0488870292902
cpu,CWRU,model_only,K1-FP32,1,121,22.446676972322166
cpu,CWRU,model_only,K1-FP32,1,122,22.760306019335985
cpu,CWRU,model_only,K1-FP32,1,123,22.68133603502065
cpu,CWRU,model_only,K1-FP32,1,124,22.6531780208461
cpu,CWRU,model_only,K1-FP32,1,125,22.587929968722165
cpu,CWRU,model_only,K1-FP32,1,126,22.938241017982364
cpu,CWRU,model_only,K1-FP32,1,127,22.647144040092826
cpu,CWRU,model_only,K1-FP32,1,128,22.553936985787004
cpu,CWRU,model_only,K1-FP32,1,129,22.564690036233515
cpu,CWRU,model_only,K1-FP32,1,130,22.473039978649467
cpu,CWRU,model_only,K1-FP32,1,131,22.62378897285089
cpu,CWRU,model_only,K1-FP32,1,132,22.597212984692305
cpu,CWRU,model_only,K1-FP32,1,133,22.41740596946329
cpu,CWRU,model_only,K1-FP32,1,134,22.8205940220505
cpu,CWRU,model_only,K1-FP32,1,135,22.704508039169014
cpu,CWRU,model_only,K1-FP32,1,136,22.82400196418166
cpu,CWRU,model_only,K1-FP32,1,137,23.05793500272557
cpu,CWRU,model_only,K1-FP32,1,138,22.951139020733535
cpu,CWRU,model_only,K1-FP32,1,139,23.46203598426655
cpu,CWRU,model_only,K1-FP32,1,140,22.60720799677074
cpu,CWRU,model_only,K1-FP32,1,141,22.52644201507792
cpu,CWRU,model_only,K1-FP32,1,142,23.180149029940367
cpu,CWRU,model_only,K1-FP32,1,143,22.6373560144566
cpu,CWRU,model_only,K1-FP32,1,144,22.38974202191457
cpu,CWRU,model_only,K1-FP32,1,145,22.16314699035138
cpu,CWRU,model_only,K1-FP32,1,146,22.599482035730034
cpu,CWRU,model_only,K1-FP32,1,147,22.841427009552717
cpu,CWRU,model_only,K1-FP32,1,148,22.623816039413214
cpu,CWRU,model_only,K1-FP32,1,149,22.8670560172759
cpu,CWRU,model_only,K1-FP32,1,150,23.299644992221147
cpu,CWRU,model_only,K1-FP32,1,151,23.001557972747833
cpu,CWRU,model_only,K1-FP32,1,152,22.461443964857608
cpu,CWRU,model_only,K1-FP32,1,153,22.393841005396098
cpu,CWRU,model_only,K1-FP32,1,154,22.219696023967117
cpu,CWRU,model_only,K1-FP32,1,155,23.074886994436383
cpu,CWRU,model_only,K1-FP32,1,156,22.544320963788778
cpu,CWRU,model_only,K1-FP32,1,157,22.560785000678152
cpu,CWRU,model_only,K1-FP32,1,158,22.682402981445193
cpu,CWRU,model_only,K1-FP32,1,159,22.474761004559696
cpu,CWRU,model_only,K1-FP32,1,160,22.4755079834722
cpu,CWRU,model_only,K1-FP32,1,161,23.054140037856996
cpu,CWRU,model_only,K1-FP32,1,162,22.70777797093615
cpu,CWRU,model_only,K1-FP32,1,163,22.57020998513326
cpu,CWRU,model_only,K1-FP32,1,164,23.287347983568907
cpu,CWRU,model_only,K1-FP32,1,165,23.064842040184885
cpu,CWRU,model_only,K1-FP32,1,166,22.558716998901218
cpu,CWRU,model_only,K1-FP32,1,167,22.73403899744153
cpu,CWRU,model_only,K1-FP32,1,168,22.65063498634845
cpu,CWRU,model_only,K1-FP32,1,169,22.753920988179743
cpu,CWRU,model_only,K1-FP32,1,170,22.85667898831889
cpu,CWRU,model_only,K1-FP32,1,171,22.251622984185815
cpu,CWRU,model_only,K1-FP32,1,172,22.954176005441695
cpu,CWRU,model_only,K1-FP32,1,173,22.376877022907138
cpu,CWRU,model_only,K1-FP32,1,174,22.705109033267945
cpu,CWRU,model_only,K1-FP32,1,175,22.59163901908323
cpu,CWRU,model_only,K1-FP32,1,176,22.650864033494145
cpu,CWRU,model_only,K1-FP32,1,177,23.043545021209866
cpu,CWRU,model_only,K1-FP32,1,178,22.638636990450323
cpu,CWRU,model_only,K1-FP32,1,179,22.90177601389587
cpu,CWRU,model_only,K1-FP32,1,180,23.090492002665997
cpu,CWRU,model_only,K1-FP32,1,181,22.952770988922566
cpu,CWRU,model_only,K1-FP32,1,182,22.956267988774925
cpu,CWRU,model_only,K1-FP32,1,183,22.62111601885408
cpu,CWRU,model_only,K1-FP32,1,184,22.568597982171923
cpu,CWRU,model_only,K1-FP32,1,185,22.26873202016577
cpu,CWRU,model_only,K1-FP32,1,186,22.296775016002357
cpu,CWRU,model_only,K1-FP32,1,187,23.016248014755547
cpu,CWRU,model_only,K1-FP32,1,188,22.484030050691217
cpu,CWRU,model_only,K1-FP32,1,189,22.493469004984945
cpu,CWRU,model_only,K1-FP32,1,190,23.352027987129986
cpu,CWRU,model_only,K1-FP32,1,191,23.15540798008442
cpu,CWRU,model_only,K1-FP32,1,192,22.573601047042757
cpu,CWRU,model_only,K1-FP32,1,193,22.73963502375409
cpu,CWRU,model_only,K1-FP32,1,194,22.862206969875842
cpu,CWRU,model_only,K1-FP32,1,195,23.012858990114182
cpu,CWRU,model_only,K1-FP32,1,196,23.072562005836517
cpu,CWRU,model_only,K1-FP32,1,197,22.845701954793185
cpu,CWRU,model_only,K1-FP32,1,198,22.449318959843367
cpu,CWRU,model_only,K1-FP32,1,199,22.671030019409955
cpu,CWRU,model_only,K1-FP32,1,200,23.00153800752014
cpu,CWRU,model_only,K1-FP32,1,201,22.78318296885118
cpu,CWRU,model_only,K1-FP32,1,202,23.24683900224045
cpu,CWRU,model_only,K1-FP32,1,203,22.44795102160424
cpu,CWRU,model_only,K1-FP32,1,204,23.069094982929528
cpu,CWRU,model_only,K1-FP32,1,205,22.635195986367762
cpu,CWRU,model_only,K1-FP32,1,206,22.627916012424976
cpu,CWRU,model_only,K1-FP32,1,207,22.94787298887968
cpu,CWRU,model_only,K1-FP32,1,208,22.608257015235722
cpu,CWRU,model_only,K1-FP32,1,209,22.470106021501124
cpu,CWRU,model_only,K1-FP32,1,210,23.03426101570949
cpu,CWRU,model_only,K1-FP32,1,211,22.73906097980216
cpu,CWRU,model_only,K1-FP32,1,212,22.468813986051828
cpu,CWRU,model_only,K1-FP32,1,213,22.60542701696977
cpu,CWRU,model_only,K1-FP32,1,214,22.72877999348566
cpu,CWRU,model_only,K1-FP32,1,215,22.4910179967992
cpu,CWRU,model_only,K1-FP32,1,216,23.0312540079467
cpu,CWRU,model_only,K1-FP32,1,217,22.780294995754957
cpu,CWRU,model_only,K1-FP32,1,218,22.937748988624662
cpu,CWRU,model_only,K1-FP32,1,219,22.95674500055611
cpu,CWRU,model_only,K1-FP32,1,220,22.711733996402472
cpu,CWRU,model_only,K1-FP32,1,221,22.72425702540204
cpu,CWRU,model_only,K1-FP32,1,222,22.821529011707753
cpu,CWRU,model_only,K1-FP32,1,223,22.761833970434964
cpu,CWRU,model_only,K1-FP32,1,224,22.74244505679235
cpu,CWRU,model_only,K1-FP32,1,225,23.077896039467305
cpu,CWRU,model_only,K1-FP32,1,226,22.927362995687872
cpu,CWRU,model_only,K1-FP32,1,227,22.41005899850279
cpu,CWRU,model_only,K1-FP32,1,228,22.81239995500073
cpu,CWRU,model_only,K1-FP32,1,229,22.75479002855718
cpu,CWRU,model_only,K1-FP32,1,230,22.492846997920424
cpu,CWRU,model_only,K1-FP32,1,231,22.89605198893696
cpu,CWRU,model_only,K1-FP32,1,232,22.720489010680467
cpu,CWRU,model_only,K1-FP32,1,233,22.92492298875004
cpu,CWRU,model_only,K1-FP32,1,234,22.57605199702084
cpu,CWRU,model_only,K1-FP32,1,235,22.791960975155234
cpu,CWRU,model_only,K1-FP32,1,236,22.46967703104019
cpu,CWRU,model_only,K1-FP32,1,237,22.981497982982546
cpu,CWRU,model_only,K1-FP32,1,238,22.67758996458724
cpu,CWRU,model_only,K1-FP32,1,239,22.762848006095737
cpu,CWRU,model_only,K1-FP32,1,240,23.27477600192651
cpu,CWRU,model_only,K1-FP32,1,241,22.972080972976983
cpu,CWRU,model_only,K1-FP32,1,242,22.718466992955655
cpu,CWRU,model_only,K1-FP32,1,243,22.90349401300773
cpu,CWRU,model_only,K1-FP32,1,244,23.360825958661735
cpu,CWRU,model_only,K1-FP32,1,245,22.377266024705023
cpu,CWRU,model_only,K1-FP32,1,246,22.58296695072204
cpu,CWRU,model_only,K1-FP32,1,247,23.022389970719814
cpu,CWRU,model_only,K1-FP32,1,248,22.52139098709449
cpu,CWRU,model_only,K1-FP32,1,249,22.91958301793784
cpu,CWRU,model_only,K1-FP32,2,0,22.73893397068605
cpu,CWRU,model_only,K1-FP32,2,1,22.57709001423791
cpu,CWRU,model_only,K1-FP32,2,2,22.743831970728934
cpu,CWRU,model_only,K1-FP32,2,3,22.487803013063967
cpu,CWRU,model_only,K1-FP32,2,4,22.819411009550095
cpu,CWRU,model_only,K1-FP32,2,5,22.650029975920916
cpu,CWRU,model_only,K1-FP32,2,6,22.659462003502995
cpu,CWRU,model_only,K1-FP32,2,7,22.722169989719987
cpu,CWRU,model_only,K1-FP32,2,8,22.84211601363495
cpu,CWRU,model_only,K1-FP32,2,9,22.102781978901476
cpu,CWRU,model_only,K1-FP32,2,10,22.366924968082458
cpu,CWRU,model_only,K1-FP32,2,11,22.93505403213203
cpu,CWRU,model_only,K1-FP32,2,12,22.65880402410403
cpu,CWRU,model_only,K1-FP32,2,13,22.683702991344035
cpu,CWRU,model_only,K1-FP32,2,14,22.679236019030213
cpu,CWRU,model_only,K1-FP32,2,15,23.000483983196318
cpu,CWRU,model_only,K1-FP32,2,16,22.48971804510802
cpu,CWRU,model_only,K1-FP32,2,17,22.813116025645286
cpu,CWRU,model_only,K1-FP32,2,18,22.94885501032695
cpu,CWRU,model_only,K1-FP32,2,19,22.366282995790243
cpu,CWRU,model_only,K1-FP32,2,20,23.212645028252155
cpu,CWRU,model_only,K1-FP32,2,21,22.663548006676137
cpu,CWRU,model_only,K1-FP32,2,22,22.85025198943913
cpu,CWRU,model_only,K1-FP32,2,23,22.852924012113363
cpu,CWRU,model_only,K1-FP32,2,24,23.5092569491826
cpu,CWRU,model_only,K1-FP32,2,25,23.349953000433743
cpu,CWRU,model_only,K1-FP32,2,26,22.515831980854273
cpu,CWRU,model_only,K1-FP32,2,27,22.832191025372595
cpu,CWRU,model_only,K1-FP32,2,28,22.54477300448343
cpu,CWRU,model_only,K1-FP32,2,29,22.446729999501258
cpu,CWRU,model_only,K1-FP32,2,30,22.721365035977215
cpu,CWRU,model_only,K1-FP32,2,31,22.88684097584337
cpu,CWRU,model_only,K1-FP32,2,32,22.316161019261926
cpu,CWRU,model_only,K1-FP32,2,33,22.79783901758492
cpu,CWRU,model_only,K1-FP32,2,34,23.13962299376726
cpu,CWRU,model_only,K1-FP32,2,35,23.060880950652063
cpu,CWRU,model_only,K1-FP32,2,36,22.834201983641833
cpu,CWRU,model_only,K1-FP32,2,37,22.75832201121375
cpu,CWRU,model_only,K1-FP32,2,38,22.5865839747712
cpu,CWRU,model_only,K1-FP32,2,39,22.78212597593665
cpu,CWRU,model_only,K1-FP32,2,40,22.314367000944912
cpu,CWRU,model_only,K1-FP32,2,41,22.98511698609218
cpu,CWRU,model_only,K1-FP32,2,42,22.692144033499062
cpu,CWRU,model_only,K1-FP32,2,43,22.48991501983255
cpu,CWRU,model_only,K1-FP32,2,44,22.846345033030957
cpu,CWRU,model_only,K1-FP32,2,45,22.621966956648976
cpu,CWRU,model_only,K1-FP32,2,46,22.953247011173517
cpu,CWRU,model_only,K1-FP32,2,47,22.83594402251765
cpu,CWRU,model_only,K1-FP32,2,48,22.45540701551363
cpu,CWRU,model_only,K1-FP32,2,49,22.586104983929545
cpu,CWRU,model_only,K1-FP32,2,50,23.00298400223255
cpu,CWRU,model_only,K1-FP32,2,51,22.478148981463164
cpu,CWRU,model_only,K1-FP32,2,52,22.818166005890816
cpu,CWRU,model_only,K1-FP32,2,53,22.75087998714298
cpu,CWRU,model_only,K1-FP32,2,54,22.971783997491002
cpu,CWRU,model_only,K1-FP32,2,55,22.58940099272877
cpu,CWRU,model_only,K1-FP32,2,56,22.646512021310627
cpu,CWRU,model_only,K1-FP32,2,57,22.68192998599261
cpu,CWRU,model_only,K1-FP32,2,58,22.16076001059264
cpu,CWRU,model_only,K1-FP32,2,59,22.63529598712921
cpu,CWRU,model_only,K1-FP32,2,60,23.094406991731375
cpu,CWRU,model_only,K1-FP32,2,61,22.89161999942735
cpu,CWRU,model_only,K1-FP32,2,62,23.118267999961972
cpu,CWRU,model_only,K1-FP32,2,63,22.600837983191013
cpu,CWRU,model_only,K1-FP32,2,64,23.071011004503816
cpu,CWRU,model_only,K1-FP32,2,65,22.425583971198648
cpu,CWRU,model_only,K1-FP32,2,66,22.984461043961346
cpu,CWRU,model_only,K1-FP32,2,67,22.648607031442225
cpu,CWRU,model_only,K1-FP32,2,68,22.85571995889768
cpu,CWRU,model_only,K1-FP32,2,69,23.109258036129177
cpu,CWRU,model_only,K1-FP32,2,70,22.89664896670729
cpu,CWRU,model_only,K1-FP32,2,71,22.95648498693481
cpu,CWRU,model_only,K1-FP32,2,72,22.77865301584825
cpu,CWRU,model_only,K1-FP32,2,73,22.897787974216044
cpu,CWRU,model_only,K1-FP32,2,74,22.483794018626213
cpu,CWRU,model_only,K1-FP32,2,75,22.68792799441144
cpu,CWRU,model_only,K1-FP32,2,76,22.6037809625268
cpu,CWRU,model_only,K1-FP32,2,77,22.923587006516755
cpu,CWRU,model_only,K1-FP32,2,78,22.503649001009762
cpu,CWRU,model_only,K1-FP32,2,79,23.294051992706954
cpu,CWRU,model_only,K1-FP32,2,80,23.48946500569582
cpu,CWRU,model_only,K1-FP32,2,81,23.335085017606616
cpu,CWRU,model_only,K1-FP32,2,82,22.82816998194903
cpu,CWRU,model_only,K1-FP32,2,83,22.410915000364184
cpu,CWRU,model_only,K1-FP32,2,84,22.67747197765857
cpu,CWRU,model_only,K1-FP32,2,85,22.823910985607654
cpu,CWRU,model_only,K1-FP32,2,86,22.799248981755227
cpu,CWRU,model_only,K1-FP32,2,87,22.80948800034821
cpu,CWRU,model_only,K1-FP32,2,88,22.643909032922238
cpu,CWRU,model_only,K1-FP32,2,89,22.620440984610468
cpu,CWRU,model_only,K1-FP32,2,90,22.40559598430991
cpu,CWRU,model_only,K1-FP32,2,91,22.414228005800396
cpu,CWRU,model_only,K1-FP32,2,92,22.384885989595205
cpu,CWRU,model_only,K1-FP32,2,93,21.85488201212138
cpu,CWRU,model_only,K1-FP32,2,94,22.671110986266285
cpu,CWRU,model_only,K1-FP32,2,95,22.249253990594298
cpu,CWRU,model_only,K1-FP32,2,96,22.462254972197115
cpu,CWRU,model_only,K1-FP32,2,97,22.439913998823613
cpu,CWRU,model_only,K1-FP32,2,98,22.48449099715799
cpu,CWRU,model_only,K1-FP32,2,99,22.673873987514526
cpu,CWRU,model_only,K1-FP32,2,100,22.607514983974397
cpu,CWRU,model_only,K1-FP32,2,101,22.624420002102852
cpu,CWRU,model_only,K1-FP32,2,102,22.330083011183888
cpu,CWRU,model_only,K1-FP32,2,103,22.229009016882628
cpu,CWRU,model_only,K1-FP32,2,104,22.81979500548914
cpu,CWRU,model_only,K1-FP32,2,105,22.76500902371481
cpu,CWRU,model_only,K1-FP32,2,106,23.329569026827812
cpu,CWRU,model_only,K1-FP32,2,107,22.65878499019891
cpu,CWRU,model_only,K1-FP32,2,108,22.727228002622724
cpu,CWRU,model_only,K1-FP32,2,109,22.759060957469046
cpu,CWRU,model_only,K1-FP32,2,110,22.689980978611857
cpu,CWRU,model_only,K1-FP32,2,111,22.71509700221941
cpu,CWRU,model_only,K1-FP32,2,112,23.501335992477834
cpu,CWRU,model_only,K1-FP32,2,113,22.914901957847178
cpu,CWRU,model_only,K1-FP32,2,114,23.08657596586272
cpu,CWRU,model_only,K1-FP32,2,115,22.41634001256898
cpu,CWRU,model_only,K1-FP32,2,116,22.403660987038165
cpu,CWRU,model_only,K1-FP32,2,117,23.596771992743015
cpu,CWRU,model_only,K1-FP32,2,118,22.83186203567311
cpu,CWRU,model_only,K1-FP32,2,119,22.34546304680407
cpu,CWRU,model_only,K1-FP32,2,120,22.804724983870983
cpu,CWRU,model_only,K1-FP32,2,121,22.975323954597116
cpu,CWRU,model_only,K1-FP32,2,122,22.809230023995042
cpu,CWRU,model_only,K1-FP32,2,123,22.65487000113353
cpu,CWRU,model_only,K1-FP32,2,124,22.38497301004827
cpu,CWRU,model_only,K1-FP32,2,125,23.05498596979305
cpu,CWRU,model_only,K1-FP32,2,126,22.80554495519027
cpu,CWRU,model_only,K1-FP32,2,127,22.863704012706876
cpu,CWRU,model_only,K1-FP32,2,128,22.550728055648506
cpu,CWRU,model_only,K1-FP32,2,129,22.598105017095804
cpu,CWRU,model_only,K1-FP32,2,130,22.72533200448379
cpu,CWRU,model_only,K1-FP32,2,131,22.964360017795116
cpu,CWRU,model_only,K1-FP32,2,132,22.588816995266825
cpu,CWRU,model_only,K1-FP32,2,133,22.78642903547734
cpu,CWRU,model_only,K1-FP32,2,134,22.662934963591397
cpu,CWRU,model_only,K1-FP32,2,135,23.158168012741953
cpu,CWRU,model_only,K1-FP32,2,136,22.89005200145766
cpu,CWRU,model_only,K1-FP32,2,137,22.471508011221886
cpu,CWRU,model_only,K1-FP32,2,138,22.731258999556303
cpu,CWRU,model_only,K1-FP32,2,139,22.723214991856366
cpu,CWRU,model_only,K1-FP32,2,140,22.676140011753887
cpu,CWRU,model_only,K1-FP32,2,141,22.83008099766448
cpu,CWRU,model_only,K1-FP32,2,142,23.28526205383241
cpu,CWRU,model_only,K1-FP32,2,143,22.727033006958663
cpu,CWRU,model_only,K1-FP32,2,144,22.302653989754617
cpu,CWRU,model_only,K1-FP32,2,145,22.42288604611531
cpu,CWRU,model_only,K1-FP32,2,146,22.21201197244227
cpu,CWRU,model_only,K1-FP32,2,147,22.3192970152013
cpu,CWRU,model_only,K1-FP32,2,148,22.339189948979765
cpu,CWRU,model_only,K1-FP32,2,149,22.16009999392554
cpu,CWRU,model_only,K1-FP32,2,150,22.129324031993747
cpu,CWRU,model_only,K1-FP32,2,151,22.59338804287836
cpu,CWRU,model_only,K1-FP32,2,152,23.01931899273768
cpu,CWRU,model_only,K1-FP32,2,153,22.794106043875217
cpu,CWRU,model_only,K1-FP32,2,154,22.368623001966625
cpu,CWRU,model_only,K1-FP32,2,155,23.111052985768765
cpu,CWRU,model_only,K1-FP32,2,156,22.66135299578309
cpu,CWRU,model_only,K1-FP32,2,157,22.603105986490846
cpu,CWRU,model_only,K1-FP32,2,158,22.764198016375303
cpu,CWRU,model_only,K1-FP32,2,159,23.05882697692141
cpu,CWRU,model_only,K1-FP32,2,160,22.79746299609542
cpu,CWRU,model_only,K1-FP32,2,161,23.043997993227094
cpu,CWRU,model_only,K1-FP32,2,162,22.293140005785972
cpu,CWRU,model_only,K1-FP32,2,163,22.795747965574265
cpu,CWRU,model_only,K1-FP32,2,164,22.849950997624546
cpu,CWRU,model_only,K1-FP32,2,165,22.455522033851594
cpu,CWRU,model_only,K1-FP32,2,166,22.9273559525609
cpu,CWRU,model_only,K1-FP32,2,167,22.437615029048175
cpu,CWRU,model_only,K1-FP32,2,168,22.61914499104023
cpu,CWRU,model_only,K1-FP32,2,169,22.501803992781788
cpu,CWRU,model_only,K1-FP32,2,170,23.190532985609025
cpu,CWRU,model_only,K1-FP32,2,171,22.484598972368985
cpu,CWRU,model_only,K1-FP32,2,172,22.777063015382737
cpu,CWRU,model_only,K1-FP32,2,173,22.949744947254658
cpu,CWRU,model_only,K1-FP32,2,174,22.593851026613265
cpu,CWRU,model_only,K1-FP32,2,175,22.793016978539526
cpu,CWRU,model_only,K1-FP32,2,176,22.40448200609535
cpu,CWRU,model_only,K1-FP32,2,177,23.147888015955687
cpu,CWRU,model_only,K1-FP32,2,178,22.815455973614007
cpu,CWRU,model_only,K1-FP32,2,179,23.74406799208373
cpu,CWRU,model_only,K1-FP32,2,180,22.65701099531725
cpu,CWRU,model_only,K1-FP32,2,181,22.7144259843044
cpu,CWRU,model_only,K1-FP32,2,182,22.784702014178038
cpu,CWRU,model_only,K1-FP32,2,183,22.545343032106757
cpu,CWRU,model_only,K1-FP32,2,184,22.85759901860729
cpu,CWRU,model_only,K1-FP32,2,185,22.688351979013532
cpu,CWRU,model_only,K1-FP32,2,186,23.09824398253113
cpu,CWRU,model_only,K1-FP32,2,187,22.53494900651276
cpu,CWRU,model_only,K1-FP32,2,188,22.674818988889456
cpu,CWRU,model_only,K1-FP32,2,189,22.861969016958028
cpu,CWRU,model_only,K1-FP32,2,190,22.83105399692431
cpu,CWRU,model_only,K1-FP32,2,191,22.601995966397226
cpu,CWRU,model_only,K1-FP32,2,192,22.895634989254177
cpu,CWRU,model_only,K1-FP32,2,193,22.672851046081632
cpu,CWRU,model_only,K1-FP32,2,194,23.230738006532192
cpu,CWRU,model_only,K1-FP32,2,195,22.582697973120958
cpu,CWRU,model_only,K1-FP32,2,196,23.007846961263567
cpu,CWRU,model_only,K1-FP32,2,197,22.725782997440547
cpu,CWRU,model_only,K1-FP32,2,198,22.776935016736388
cpu,CWRU,model_only,K1-FP32,2,199,23.476583999581635
cpu,CWRU,model_only,K1-FP32,2,200,23.00234098220244
cpu,CWRU,model_only,K1-FP32,2,201,22.97748497221619
cpu,CWRU,model_only,K1-FP32,2,202,22.739625012036413
cpu,CWRU,model_only,K1-FP32,2,203,22.78934995410964
cpu,CWRU,model_only,K1-FP32,2,204,22.799521044362336
cpu,CWRU,model_only,K1-FP32,2,205,23.426259984262288
cpu,CWRU,model_only,K1-FP32,2,206,22.823898994829506
cpu,CWRU,model_only,K1-FP32,2,207,22.785316046793014
cpu,CWRU,model_only,K1-FP32,2,208,22.902345983311534
cpu,CWRU,model_only,K1-FP32,2,209,22.681093018036336
cpu,CWRU,model_only,K1-FP32,2,210,22.784868022426963
cpu,CWRU,model_only,K1-FP32,2,211,22.704847971908748
cpu,CWRU,model_only,K1-FP32,2,212,22.658076020888984
cpu,CWRU,model_only,K1-FP32,2,213,22.663037001620978
cpu,CWRU,model_only,K1-FP32,2,214,22.416761028580368
cpu,CWRU,model_only,K1-FP32,2,215,22.805713990237564
cpu,CWRU,model_only,K1-FP32,2,216,22.824502957519144
cpu,CWRU,model_only,K1-FP32,2,217,22.521815029904246
cpu,CWRU,model_only,K1-FP32,2,218,22.660763992462307
cpu,CWRU,model_only,K1-FP32,2,219,22.782775980886072
cpu,CWRU,model_only,K1-FP32,2,220,22.569866967387497
cpu,CWRU,model_only,K1-FP32,2,221,22.770163021050394
cpu,CWRU,model_only,K1-FP32,2,222,22.229856986086816
cpu,CWRU,model_only,K1-FP32,2,223,21.960187004879117
cpu,CWRU,model_only,K1-FP32,2,224,22.562264988664538
cpu,CWRU,model_only,K1-FP32,2,225,22.59151200996712
cpu,CWRU,model_only,K1-FP32,2,226,22.62973500182852
cpu,CWRU,model_only,K1-FP32,2,227,22.80680398689583
cpu,CWRU,model_only,K1-FP32,2,228,22.868264990393072
cpu,CWRU,model_only,K1-FP32,2,229,22.83470903057605
cpu,CWRU,model_only,K1-FP32,2,230,22.511354996822774
cpu,CWRU,model_only,K1-FP32,2,231,22.599263000302017
cpu,CWRU,model_only,K1-FP32,2,232,22.998892003670335
cpu,CWRU,model_only,K1-FP32,2,233,22.39647798705846
cpu,CWRU,model_only,K1-FP32,2,234,23.03558902349323
cpu,CWRU,model_only,K1-FP32,2,235,23.040004016365856
cpu,CWRU,model_only,K1-FP32,2,236,22.885790967848152
cpu,CWRU,model_only,K1-FP32,2,237,22.42683101212606
cpu,CWRU,model_only,K1-FP32,2,238,23.159068019594997
cpu,CWRU,model_only,K1-FP32,2,239,22.8651009965688
cpu,CWRU,model_only,K1-FP32,2,240,22.79650600394234
cpu,CWRU,model_only,K1-FP32,2,241,22.62746001360938
cpu,CWRU,model_only,K1-FP32,2,242,22.65964896650985
cpu,CWRU,model_only,K1-FP32,2,243,22.884182981215417
cpu,CWRU,model_only,K1-FP32,2,244,23.09308003168553
cpu,CWRU,model_only,K1-FP32,2,245,22.727011004462838
cpu,CWRU,model_only,K1-FP32,2,246,22.698467946611345
cpu,CWRU,model_only,K1-FP32,2,247,22.496643010526896
cpu,CWRU,model_only,K1-FP32,2,248,22.749591968022287
cpu,CWRU,model_only,K1-FP32,2,249,23.450000036973506
cpu,CWRU,model_only,Q8-cpu_dynamic,2,0,21.347959991544485
cpu,CWRU,model_only,Q8-cpu_dynamic,2,1,21.03898796485737
cpu,CWRU,model_only,Q8-cpu_dynamic,2,2,21.44957601558417
cpu,CWRU,model_only,Q8-cpu_dynamic,2,3,21.364532003644854
cpu,CWRU,model_only,Q8-cpu_dynamic,2,4,21.93082100711763
cpu,CWRU,model_only,Q8-cpu_dynamic,2,5,21.998187992721796
cpu,CWRU,model_only,Q8-cpu_dynamic,2,6,21.97988098487258
cpu,CWRU,model_only,Q8-cpu_dynamic,2,7,21.532565006054938
cpu,CWRU,model_only,Q8-cpu_dynamic,2,8,21.29783103009686
cpu,CWRU,model_only,Q8-cpu_dynamic,2,9,21.3733030250296
cpu,CWRU,model_only,Q8-cpu_dynamic,2,10,21.176198963075876
cpu,CWRU,model_only,Q8-cpu_dynamic,2,11,48.39993000496179
cpu,CWRU,model_only,Q8-cpu_dynamic,2,12,21.726574981585145
cpu,CWRU,model_only,Q8-cpu_dynamic,2,13,21.15217305254191
cpu,CWRU,model_only,Q8-cpu_dynamic,2,14,21.48639998631552
cpu,CWRU,model_only,Q8-cpu_dynamic,2,15,20.909301994834095
cpu,CWRU,model_only,Q8-cpu_dynamic,2,16,21.447485021781176
cpu,CWRU,model_only,Q8-cpu_dynamic,2,17,21.320998028386384
cpu,CWRU,model_only,Q8-cpu_dynamic,2,18,21.221282018814236
cpu,CWRU,model_only,Q8-cpu_dynamic,2,19,21.050659997854382
cpu,CWRU,model_only,Q8-cpu_dynamic,2,20,21.353207004722208
cpu,CWRU,model_only,Q8-cpu_dynamic,2,21,21.17492799879983
cpu,CWRU,model_only,Q8-cpu_dynamic,2,22,21.15799195598811
cpu,CWRU,model_only,Q8-cpu_dynamic,2,23,21.37232501991093
cpu,CWRU,model_only,Q8-cpu_dynamic,2,24,21.239298046566546
cpu,CWRU,model_only,Q8-cpu_dynamic,2,25,21.412772010080516
cpu,CWRU,model_only,Q8-cpu_dynamic,2,26,21.134904003702104
cpu,CWRU,model_only,Q8-cpu_dynamic,2,27,21.42544399248436
cpu,CWRU,model_only,Q8-cpu_dynamic,2,28,21.241529961116612
cpu,CWRU,model_only,Q8-cpu_dynamic,2,29,21.18274598615244
cpu,CWRU,model_only,Q8-cpu_dynamic,2,30,21.310884971171618
cpu,CWRU,model_only,Q8-cpu_dynamic,2,31,21.129198954440653
cpu,CWRU,model_only,Q8-cpu_dynamic,2,32,21.559690998401493
cpu,CWRU,model_only,Q8-cpu_dynamic,2,33,21.372665010858327
cpu,CWRU,model_only,Q8-cpu_dynamic,2,34,21.50472701760009
cpu,CWRU,model_only,Q8-cpu_dynamic,2,35,21.25879703089595
cpu,CWRU,model_only,Q8-cpu_dynamic,2,36,21.225265983957797
cpu,CWRU,model_only,Q8-cpu_dynamic,2,37,21.310524025466293
cpu,CWRU,model_only,Q8-cpu_dynamic,2,38,21.499775000847876
cpu,CWRU,model_only,Q8-cpu_dynamic,2,39,21.160975040402263
cpu,CWRU,model_only,Q8-cpu_dynamic,2,40,21.595312980934978
cpu,CWRU,model_only,Q8-cpu_dynamic,2,41,21.305029978975654
cpu,CWRU,model_only,Q8-cpu_dynamic,2,42,21.25166595214978
cpu,CWRU,model_only,Q8-cpu_dynamic,2,43,21.59338997444138
cpu,CWRU,model_only,Q8-cpu_dynamic,2,44,21.297176950611174
cpu,CWRU,model_only,Q8-cpu_dynamic,2,45,21.682544029317796
cpu,CWRU,model_only,Q8-cpu_dynamic,2,46,21.575129008851945
cpu,CWRU,model_only,Q8-cpu_dynamic,2,47,21.13936800742522
cpu,CWRU,model_only,Q8-cpu_dynamic,2,48,21.136475959792733
cpu,CWRU,model_only,Q8-cpu_dynamic,2,49,21.55491098528728
cpu,CWRU,model_only,Q8-cpu_dynamic,2,50,21.23126300284639
cpu,CWRU,model_only,Q8-cpu_dynamic,2,51,21.482605021446943
cpu,CWRU,model_only,Q8-cpu_dynamic,2,52,20.620633964426816
cpu,CWRU,model_only,Q8-cpu_dynamic,2,53,21.11166500253603
cpu,CWRU,model_only,Q8-cpu_dynamic,2,54,20.806723972782493
cpu,CWRU,model_only,Q8-cpu_dynamic,2,55,20.92736295890063
cpu,CWRU,model_only,Q8-cpu_dynamic,2,56,21.687111002393067
cpu,CWRU,model_only,Q8-cpu_dynamic,2,57,21.307141985744238
cpu,CWRU,model_only,Q8-cpu_dynamic,2,58,21.198343951255083
cpu,CWRU,model_only,Q8-cpu_dynamic,2,59,21.440962969791144
cpu,CWRU,model_only,Q8-cpu_dynamic,2,60,20.97302401671186
cpu,CWRU,model_only,Q8-cpu_dynamic,2,61,20.949908008333296
cpu,CWRU,model_only,Q8-cpu_dynamic,2,62,20.46526997582987
cpu,CWRU,model_only,Q8-cpu_dynamic,2,63,21.30166202550754
cpu,CWRU,model_only,Q8-cpu_dynamic,2,64,20.808937028050423
cpu,CWRU,model_only,Q8-cpu_dynamic,2,65,21.064535016193986
cpu,CWRU,model_only,Q8-cpu_dynamic,2,66,21.105778985656798
cpu,CWRU,model_only,Q8-cpu_dynamic,2,67,21.436472015921026
cpu,CWRU,model_only,Q8-cpu_dynamic,2,68,21.507754048798233
cpu,CWRU,model_only,Q8-cpu_dynamic,2,69,21.38542803004384
cpu,CWRU,model_only,Q8-cpu_dynamic,2,70,20.996811043005437
cpu,CWRU,model_only,Q8-cpu_dynamic,2,71,21.242930029984564
cpu,CWRU,model_only,Q8-cpu_dynamic,2,72,21.0770980338566
cpu,CWRU,model_only,Q8-cpu_dynamic,2,73,21.546910982578993
cpu,CWRU,model_only,Q8-cpu_dynamic,2,74,21.38845802983269
cpu,CWRU,model_only,Q8-cpu_dynamic,2,75,21.25657198484987
cpu,CWRU,model_only,Q8-cpu_dynamic,2,76,20.801730977836996
cpu,CWRU,model_only,Q8-cpu_dynamic,2,77,21.364256972447038
cpu,CWRU,model_only,Q8-cpu_dynamic,2,78,21.090065012685955
cpu,CWRU,model_only,Q8-cpu_dynamic,2,79,21.478897018823773
cpu,CWRU,model_only,Q8-cpu_dynamic,2,80,21.716306975577027
cpu,CWRU,model_only,Q8-cpu_dynamic,2,81,21.50946803158149
cpu,CWRU,model_only,Q8-cpu_dynamic,2,82,21.082689985632896
cpu,CWRU,model_only,Q8-cpu_dynamic,2,83,21.315449965186417
cpu,CWRU,model_only,Q8-cpu_dynamic,2,84,21.22961898567155
cpu,CWRU,model_only,Q8-cpu_dynamic,2,85,21.288590971380472
cpu,CWRU,model_only,Q8-cpu_dynamic,2,86,21.512886974960566
cpu,CWRU,model_only,Q8-cpu_dynamic,2,87,20.994122955016792
cpu,CWRU,model_only,Q8-cpu_dynamic,2,88,20.89871995849535
cpu,CWRU,model_only,Q8-cpu_dynamic,2,89,21.02145698154345
cpu,CWRU,model_only,Q8-cpu_dynamic,2,90,21.080160979181528
cpu,CWRU,model_only,Q8-cpu_dynamic,2,91,21.5515389572829
cpu,CWRU,model_only,Q8-cpu_dynamic,2,92,21.634230972267687
cpu,CWRU,model_only,Q8-cpu_dynamic,2,93,21.0715209832415
cpu,CWRU,model_only,Q8-cpu_dynamic,2,94,21.451656008139253
cpu,CWRU,model_only,Q8-cpu_dynamic,2,95,21.299735992215574
cpu,CWRU,model_only,Q8-cpu_dynamic,2,96,21.097650984302163
cpu,CWRU,model_only,Q8-cpu_dynamic,2,97,21.346297988202423
cpu,CWRU,model_only,Q8-cpu_dynamic,2,98,21.38666098471731
cpu,CWRU,model_only,Q8-cpu_dynamic,2,99,21.214305015746504
cpu,CWRU,model_only,Q8-cpu_dynamic,2,100,21.358563972171396
cpu,CWRU,model_only,Q8-cpu_dynamic,2,101,21.307725983206183
cpu,CWRU,model_only,Q8-cpu_dynamic,2,102,21.476558002177626
cpu,CWRU,model_only,Q8-cpu_dynamic,2,103,21.719389013014734
cpu,CWRU,model_only,Q8-cpu_dynamic,2,104,21.1851240019314
cpu,CWRU,model_only,Q8-cpu_dynamic,2,105,21.69135899748653
cpu,CWRU,model_only,Q8-cpu_dynamic,2,106,21.391093963757157
cpu,CWRU,model_only,Q8-cpu_dynamic,2,107,21.17561997147277
cpu,CWRU,model_only,Q8-cpu_dynamic,2,108,21.52315800776705
cpu,CWRU,model_only,Q8-cpu_dynamic,2,109,20.949197991285473
cpu,CWRU,model_only,Q8-cpu_dynamic,2,110,21.159080031793565
cpu,CWRU,model_only,Q8-cpu_dynamic,2,111,21.311160002369434
cpu,CWRU,model_only,Q8-cpu_dynamic,2,112,21.358528989367187
cpu,CWRU,model_only,Q8-cpu_dynamic,2,113,21.204552962444723
cpu,CWRU,model_only,Q8-cpu_dynamic,2,114,20.750329014845192
cpu,CWRU,model_only,Q8-cpu_dynamic,2,115,21.128877997398376
cpu,CWRU,model_only,Q8-cpu_dynamic,2,116,21.385147992987186
cpu,CWRU,model_only,Q8-cpu_dynamic,2,117,21.392634022049606
cpu,CWRU,model_only,Q8-cpu_dynamic,2,118,21.253846993204206
cpu,CWRU,model_only,Q8-cpu_dynamic,2,119,21.451927023008466
cpu,CWRU,model_only,Q8-cpu_dynamic,2,120,20.89272200828418
cpu,CWRU,model_only,Q8-cpu_dynamic,2,121,21.22451300965622
cpu,CWRU,model_only,Q8-cpu_dynamic,2,122,21.328848029952496
cpu,CWRU,model_only,Q8-cpu_dynamic,2,123,20.799821009859443
cpu,CWRU,model_only,Q8-cpu_dynamic,2,124,20.855367998592556
cpu,CWRU,model_only,Q8-cpu_dynamic,2,125,21.462575008627027
cpu,CWRU,model_only,Q8-cpu_dynamic,2,126,21.25139703275636
cpu,CWRU,model_only,Q8-cpu_dynamic,2,127,21.941514976788312
cpu,CWRU,model_only,Q8-cpu_dynamic,2,128,21.186271973419935
cpu,CWRU,model_only,Q8-cpu_dynamic,2,129,21.271973033435643
cpu,CWRU,model_only,Q8-cpu_dynamic,2,130,21.09212102368474
cpu,CWRU,model_only,Q8-cpu_dynamic,2,131,21.593657962512225
cpu,CWRU,model_only,Q8-cpu_dynamic,2,132,21.145878999959677
cpu,CWRU,model_only,Q8-cpu_dynamic,2,133,21.393583971075714
cpu,CWRU,model_only,Q8-cpu_dynamic,2,134,21.429748041555285
cpu,CWRU,model_only,Q8-cpu_dynamic,2,135,21.316356025636196
cpu,CWRU,model_only,Q8-cpu_dynamic,2,136,21.282578993123025
cpu,CWRU,model_only,Q8-cpu_dynamic,2,137,21.28378499764949
cpu,CWRU,model_only,Q8-cpu_dynamic,2,138,21.272587997373194
cpu,CWRU,model_only,Q8-cpu_dynamic,2,139,21.99976798146963
cpu,CWRU,model_only,Q8-cpu_dynamic,2,140,21.516790962778032
cpu,CWRU,model_only,Q8-cpu_dynamic,2,141,21.527471020817757
cpu,CWRU,model_only,Q8-cpu_dynamic,2,142,21.51330403285101
cpu,CWRU,model_only,Q8-cpu_dynamic,2,143,21.396000985987484
cpu,CWRU,model_only,Q8-cpu_dynamic,2,144,21.48677798686549
cpu,CWRU,model_only,Q8-cpu_dynamic,2,145,22.18605496454984
cpu,CWRU,model_only,Q8-cpu_dynamic,2,146,21.519661997444928
cpu,CWRU,model_only,Q8-cpu_dynamic,2,147,21.17844100575894
cpu,CWRU,model_only,Q8-cpu_dynamic,2,148,21.74366300459951
cpu,CWRU,model_only,Q8-cpu_dynamic,2,149,21.43905096454546
cpu,CWRU,model_only,Q8-cpu_dynamic,2,150,21.374617994297296
cpu,CWRU,model_only,Q8-cpu_dynamic,2,151,21.21027500834316
cpu,CWRU,model_only,Q8-cpu_dynamic,2,152,20.95280197681859
cpu,CWRU,model_only,Q8-cpu_dynamic,2,153,21.14803303265944
cpu,CWRU,model_only,Q8-cpu_dynamic,2,154,21.90883702132851
cpu,CWRU,model_only,Q8-cpu_dynamic,2,155,21.322026033885777
cpu,CWRU,model_only,Q8-cpu_dynamic,2,156,21.474170964211226
cpu,CWRU,model_only,Q8-cpu_dynamic,2,157,21.35161799378693
cpu,CWRU,model_only,Q8-cpu_dynamic,2,158,21.265842951834202
cpu,CWRU,model_only,Q8-cpu_dynamic,2,159,21.339892991818488
cpu,CWRU,model_only,Q8-cpu_dynamic,2,160,21.26621501520276
cpu,CWRU,model_only,Q8-cpu_dynamic,2,161,21.2694889632985
cpu,CWRU,model_only,Q8-cpu_dynamic,2,162,21.26896701520309
cpu,CWRU,model_only,Q8-cpu_dynamic,2,163,21.352978015784174
cpu,CWRU,model_only,Q8-cpu_dynamic,2,164,21.49380202172324
cpu,CWRU,model_only,Q8-cpu_dynamic,2,165,21.58501703524962
cpu,CWRU,model_only,Q8-cpu_dynamic,2,166,21.367350011132658
cpu,CWRU,model_only,Q8-cpu_dynamic,2,167,21.373726951424032
cpu,CWRU,model_only,Q8-cpu_dynamic,2,168,20.67318302579224
cpu,CWRU,model_only,Q8-cpu_dynamic,2,169,20.98677703179419
cpu,CWRU,model_only,Q8-cpu_dynamic,2,170,21.48831100203097
cpu,CWRU,model_only,Q8-cpu_dynamic,2,171,21.240814006887376
cpu,CWRU,model_only,Q8-cpu_dynamic,2,172,21.378507954068482
cpu,CWRU,model_only,Q8-cpu_dynamic,2,173,21.605683024972677
cpu,CWRU,model_only,Q8-cpu_dynamic,2,174,22.068282996769994
cpu,CWRU,model_only,Q8-cpu_dynamic,2,175,21.442524972371757
cpu,CWRU,model_only,Q8-cpu_dynamic,2,176,21.370068017859012
cpu,CWRU,model_only,Q8-cpu_dynamic,2,177,21.05737099191174
cpu,CWRU,model_only,Q8-cpu_dynamic,2,178,21.3299990282394
cpu,CWRU,model_only,Q8-cpu_dynamic,2,179,21.2028119713068
cpu,CWRU,model_only,Q8-cpu_dynamic,2,180,21.480794996023178
cpu,CWRU,model_only,Q8-cpu_dynamic,2,181,21.343924046959728
cpu,CWRU,model_only,Q8-cpu_dynamic,2,182,21.458530973177403
cpu,CWRU,model_only,Q8-cpu_dynamic,2,183,21.440778975374997
cpu,CWRU,model_only,Q8-cpu_dynamic,2,184,21.585298993159086
cpu,CWRU,model_only,Q8-cpu_dynamic,2,185,21.192296990193427
cpu,CWRU,model_only,Q8-cpu_dynamic,2,186,21.571051969658583
cpu,CWRU,model_only,Q8-cpu_dynamic,2,187,21.859700966160744
cpu,CWRU,model_only,Q8-cpu_dynamic,2,188,21.15853101713583
cpu,CWRU,model_only,Q8-cpu_dynamic,2,189,21.484554978087544
cpu,CWRU,model_only,Q8-cpu_dynamic,2,190,21.43660100409761
cpu,CWRU,model_only,Q8-cpu_dynamic,2,191,21.43734903074801
cpu,CWRU,model_only,Q8-cpu_dynamic,2,192,21.557302970904857
cpu,CWRU,model_only,Q8-cpu_dynamic,2,193,21.712924994062632
cpu,CWRU,model_only,Q8-cpu_dynamic,2,194,21.55554498312995
cpu,CWRU,model_only,Q8-cpu_dynamic,2,195,21.38078596908599
cpu,CWRU,model_only,Q8-cpu_dynamic,2,196,21.535299019888043
cpu,CWRU,model_only,Q8-cpu_dynamic,2,197,21.331258001737297
cpu,CWRU,model_only,Q8-cpu_dynamic,2,198,21.354786003939807
cpu,CWRU,model_only,Q8-cpu_dynamic,2,199,21.170342981349677
cpu,CWRU,model_only,Q8-cpu_dynamic,2,200,21.24562597600743
cpu,CWRU,model_only,Q8-cpu_dynamic,2,201,21.46747102960944
cpu,CWRU,model_only,Q8-cpu_dynamic,2,202,20.88633901439607
cpu,CWRU,model_only,Q8-cpu_dynamic,2,203,21.28009800799191
cpu,CWRU,model_only,Q8-cpu_dynamic,2,204,21.586493006907403
cpu,CWRU,model_only,Q8-cpu_dynamic,2,205,21.84896299149841
cpu,CWRU,model_only,Q8-cpu_dynamic,2,206,21.749801991973072
cpu,CWRU,model_only,Q8-cpu_dynamic,2,207,21.770104009192437
cpu,CWRU,model_only,Q8-cpu_dynamic,2,208,21.75316197099164
cpu,CWRU,model_only,Q8-cpu_dynamic,2,209,21.49944903794676
cpu,CWRU,model_only,Q8-cpu_dynamic,2,210,21.63416799157858
cpu,CWRU,model_only,Q8-cpu_dynamic,2,211,21.441693999804556
cpu,CWRU,model_only,Q8-cpu_dynamic,2,212,21.133791015017778
cpu,CWRU,model_only,Q8-cpu_dynamic,2,213,21.68634900590405
cpu,CWRU,model_only,Q8-cpu_dynamic,2,214,21.335766010452062
cpu,CWRU,model_only,Q8-cpu_dynamic,2,215,21.111316978931427
cpu,CWRU,model_only,Q8-cpu_dynamic,2,216,21.460536983795464
cpu,CWRU,model_only,Q8-cpu_dynamic,2,217,21.188598009757698
cpu,CWRU,model_only,Q8-cpu_dynamic,2,218,21.36508998228237
cpu,CWRU,model_only,Q8-cpu_dynamic,2,219,21.42387197818607
cpu,CWRU,model_only,Q8-cpu_dynamic,2,220,21.60350902704522
cpu,CWRU,model_only,Q8-cpu_dynamic,2,221,21.483485004864633
cpu,CWRU,model_only,Q8-cpu_dynamic,2,222,21.31507103331387
cpu,CWRU,model_only,Q8-cpu_dynamic,2,223,21.312544005922973
cpu,CWRU,model_only,Q8-cpu_dynamic,2,224,21.349378977902234
cpu,CWRU,model_only,Q8-cpu_dynamic,2,225,21.12559200031683
cpu,CWRU,model_only,Q8-cpu_dynamic,2,226,21.482225973159075
cpu,CWRU,model_only,Q8-cpu_dynamic,2,227,20.898382004816085
cpu,CWRU,model_only,Q8-cpu_dynamic,2,228,21.431295026559383
cpu,CWRU,model_only,Q8-cpu_dynamic,2,229,20.78349399380386
cpu,CWRU,model_only,Q8-cpu_dynamic,2,230,20.91995399678126
cpu,CWRU,model_only,Q8-cpu_dynamic,2,231,21.86146902386099
cpu,CWRU,model_only,Q8-cpu_dynamic,2,232,21.304518973920494
cpu,CWRU,model_only,Q8-cpu_dynamic,2,233,21.749157982412726
cpu,CWRU,model_only,Q8-cpu_dynamic,2,234,21.05062600458041
cpu,CWRU,model_only,Q8-cpu_dynamic,2,235,21.365799999330193
cpu,CWRU,model_only,Q8-cpu_dynamic,2,236,21.423978032544255
cpu,CWRU,model_only,Q8-cpu_dynamic,2,237,21.554386999923736
cpu,CWRU,model_only,Q8-cpu_dynamic,2,238,21.625800000037998
cpu,CWRU,model_only,Q8-cpu_dynamic,2,239,21.338552003726363
cpu,CWRU,model_only,Q8-cpu_dynamic,2,240,21.17288496810943
cpu,CWRU,model_only,Q8-cpu_dynamic,2,241,21.721991011872888
cpu,CWRU,model_only,Q8-cpu_dynamic,2,242,20.84848197409883
cpu,CWRU,model_only,Q8-cpu_dynamic,2,243,20.647764031309634
cpu,CWRU,model_only,Q8-cpu_dynamic,2,244,20.810991001781076
cpu,CWRU,model_only,Q8-cpu_dynamic,2,245,21.049868024419993
cpu,CWRU,model_only,Q8-cpu_dynamic,2,246,21.629831986501813
cpu,CWRU,model_only,Q8-cpu_dynamic,2,247,21.147081977687776
cpu,CWRU,model_only,Q8-cpu_dynamic,2,248,21.138030977454036
cpu,CWRU,model_only,Q8-cpu_dynamic,2,249,21.754967980086803
cpu,CWRU,model_only,Q8-cpu_dynamic,3,0,20.652892999351025
cpu,CWRU,model_only,Q8-cpu_dynamic,3,1,21.05276205111295
cpu,CWRU,model_only,Q8-cpu_dynamic,3,2,21.22754097217694
cpu,CWRU,model_only,Q8-cpu_dynamic,3,3,21.705438965000212
cpu,CWRU,model_only,Q8-cpu_dynamic,3,4,21.106355998199433
cpu,CWRU,model_only,Q8-cpu_dynamic,3,5,21.461211028508842
cpu,CWRU,model_only,Q8-cpu_dynamic,3,6,21.512702980544418
cpu,CWRU,model_only,Q8-cpu_dynamic,3,7,21.58562804106623
cpu,CWRU,model_only,Q8-cpu_dynamic,3,8,21.244537958409637
cpu,CWRU,model_only,Q8-cpu_dynamic,3,9,21.468912018463016
cpu,CWRU,model_only,Q8-cpu_dynamic,3,10,21.103362028952688
cpu,CWRU,model_only,Q8-cpu_dynamic,3,11,21.40654402319342
cpu,CWRU,model_only,Q8-cpu_dynamic,3,12,21.328899019863456
cpu,CWRU,model_only,Q8-cpu_dynamic,3,13,21.508136007469147
cpu,CWRU,model_only,Q8-cpu_dynamic,3,14,21.549614961259067
cpu,CWRU,model_only,Q8-cpu_dynamic,3,15,21.328026021365076
cpu,CWRU,model_only,Q8-cpu_dynamic,3,16,21.56541298609227
cpu,CWRU,model_only,Q8-cpu_dynamic,3,17,21.706218016333878
cpu,CWRU,model_only,Q8-cpu_dynamic,3,18,21.118009986821562
cpu,CWRU,model_only,Q8-cpu_dynamic,3,19,21.35523600736633
cpu,CWRU,model_only,Q8-cpu_dynamic,3,20,21.28845499828458
cpu,CWRU,model_only,Q8-cpu_dynamic,3,21,21.51654101908207
cpu,CWRU,model_only,Q8-cpu_dynamic,3,22,21.376326971221715
cpu,CWRU,model_only,Q8-cpu_dynamic,3,23,21.118030010256916
cpu,CWRU,model_only,Q8-cpu_dynamic,3,24,21.69258799403906
cpu,CWRU,model_only,Q8-cpu_dynamic,3,25,21.379261976107955
cpu,CWRU,model_only,Q8-cpu_dynamic,3,26,21.44023001892492
cpu,CWRU,model_only,Q8-cpu_dynamic,3,27,21.35374303907156
cpu,CWRU,model_only,Q8-cpu_dynamic,3,28,21.18792204419151
cpu,CWRU,model_only,Q8-cpu_dynamic,3,29,21.52611903147772
cpu,CWRU,model_only,Q8-cpu_dynamic,3,30,21.482647047378123
cpu,CWRU,model_only,Q8-cpu_dynamic,3,31,21.358859026804566
cpu,CWRU,model_only,Q8-cpu_dynamic,3,32,21.556896972469985
cpu,CWRU,model_only,Q8-cpu_dynamic,3,33,21.574650949332863
cpu,CWRU,model_only,Q8-cpu_dynamic,3,34,21.841679990757257
cpu,CWRU,model_only,Q8-cpu_dynamic,3,35,21.461113006807864
cpu,CWRU,model_only,Q8-cpu_dynamic,3,36,21.41484501771629
cpu,CWRU,model_only,Q8-cpu_dynamic,3,37,21.38122997712344
cpu,CWRU,model_only,Q8-cpu_dynamic,3,38,21.436011011246592
cpu,CWRU,model_only,Q8-cpu_dynamic,3,39,21.355562028475106
cpu,CWRU,model_only,Q8-cpu_dynamic,3,40,21.39650098979473
cpu,CWRU,model_only,Q8-cpu_dynamic,3,41,21.47729997523129
cpu,CWRU,model_only,Q8-cpu_dynamic,3,42,21.27724897582084
cpu,CWRU,model_only,Q8-cpu_dynamic,3,43,21.490988961886615
cpu,CWRU,model_only,Q8-cpu_dynamic,3,44,21.37613802915439
cpu,CWRU,model_only,Q8-cpu_dynamic,3,45,21.236111992038786
cpu,CWRU,model_only,Q8-cpu_dynamic,3,46,21.450918982736766
cpu,CWRU,model_only,Q8-cpu_dynamic,3,47,21.386238979175687
cpu,CWRU,model_only,Q8-cpu_dynamic,3,48,21.291456010658294
cpu,CWRU,model_only,Q8-cpu_dynamic,3,49,21.622466971166432
cpu,CWRU,model_only,Q8-cpu_dynamic,3,50,21.280760993249714
cpu,CWRU,model_only,Q8-cpu_dynamic,3,51,21.361609979066998
cpu,CWRU,model_only,Q8-cpu_dynamic,3,52,21.308502997271717
cpu,CWRU,model_only,Q8-cpu_dynamic,3,53,21.36065502418205
cpu,CWRU,model_only,Q8-cpu_dynamic,3,54,21.57298196107149
cpu,CWRU,model_only,Q8-cpu_dynamic,3,55,21.285644033923745
cpu,CWRU,model_only,Q8-cpu_dynamic,3,56,21.348075999412686
cpu,CWRU,model_only,Q8-cpu_dynamic,3,57,21.075789991300553
cpu,CWRU,model_only,Q8-cpu_dynamic,3,58,21.479666989762336
cpu,CWRU,model_only,Q8-cpu_dynamic,3,59,21.23346400912851
cpu,CWRU,model_only,Q8-cpu_dynamic,3,60,21.152334986254573
cpu,CWRU,model_only,Q8-cpu_dynamic,3,61,21.44136599963531
cpu,CWRU,model_only,Q8-cpu_dynamic,3,62,21.386225009337068
cpu,CWRU,model_only,Q8-cpu_dynamic,3,63,21.277324995025992
cpu,CWRU,model_only,Q8-cpu_dynamic,3,64,21.647999994456768
cpu,CWRU,model_only,Q8-cpu_dynamic,3,65,21.36518800398335
cpu,CWRU,model_only,Q8-cpu_dynamic,3,66,21.3880049996078
cpu,CWRU,model_only,Q8-cpu_dynamic,3,67,21.388420020230114
cpu,CWRU,model_only,Q8-cpu_dynamic,3,68,21.40580501873046
cpu,CWRU,model_only,Q8-cpu_dynamic,3,69,21.36615599738434
cpu,CWRU,model_only,Q8-cpu_dynamic,3,70,21.60980098415166
cpu,CWRU,model_only,Q8-cpu_dynamic,3,71,21.57789299963042
cpu,CWRU,model_only,Q8-cpu_dynamic,3,72,21.48744696751237
cpu,CWRU,model_only,Q8-cpu_dynamic,3,73,21.399719989858568
cpu,CWRU,model_only,Q8-cpu_dynamic,3,74,21.381613973062485
cpu,CWRU,model_only,Q8-cpu_dynamic,3,75,21.542027010582387
cpu,CWRU,model_only,Q8-cpu_dynamic,3,76,21.885721012949944
cpu,CWRU,model_only,Q8-cpu_dynamic,3,77,21.824919967912138
cpu,CWRU,model_only,Q8-cpu_dynamic,3,78,20.96764900488779
cpu,CWRU,model_only,Q8-cpu_dynamic,3,79,21.25075802905485
cpu,CWRU,model_only,Q8-cpu_dynamic,3,80,21.41116897109896
cpu,CWRU,model_only,Q8-cpu_dynamic,3,81,21.556225954554975
cpu,CWRU,model_only,Q8-cpu_dynamic,3,82,21.724002028349787
cpu,CWRU,model_only,Q8-cpu_dynamic,3,83,21.335901983547956
cpu,CWRU,model_only,Q8-cpu_dynamic,3,84,21.61059301579371
cpu,CWRU,model_only,Q8-cpu_dynamic,3,85,21.0212969686836
cpu,CWRU,model_only,Q8-cpu_dynamic,3,86,20.939192036166787
cpu,CWRU,model_only,Q8-cpu_dynamic,3,87,21.08497900189832
cpu,CWRU,model_only,Q8-cpu_dynamic,3,88,21.100896992720664
cpu,CWRU,model_only,Q8-cpu_dynamic,3,89,21.55732800019905
cpu,CWRU,model_only,Q8-cpu_dynamic,3,90,21.39134204480797
cpu,CWRU,model_only,Q8-cpu_dynamic,3,91,21.439692995045334
cpu,CWRU,model_only,Q8-cpu_dynamic,3,92,21.30689099431038
cpu,CWRU,model_only,Q8-cpu_dynamic,3,93,21.45122701767832
cpu,CWRU,model_only,Q8-cpu_dynamic,3,94,21.483878954313695
cpu,CWRU,model_only,Q8-cpu_dynamic,3,95,21.348687005229294
cpu,CWRU,model_only,Q8-cpu_dynamic,3,96,21.32641599746421
cpu,CWRU,model_only,Q8-cpu_dynamic,3,97,21.280790970195085
cpu,CWRU,model_only,Q8-cpu_dynamic,3,98,21.65206102654338
cpu,CWRU,model_only,Q8-cpu_dynamic,3,99,21.022147964686155
cpu,CWRU,model_only,Q8-cpu_dynamic,3,100,21.54337102547288
cpu,CWRU,model_only,Q8-cpu_dynamic,3,101,21.619536040816456
cpu,CWRU,model_only,Q8-cpu_dynamic,3,102,21.11597399925813
cpu,CWRU,model_only,Q8-cpu_dynamic,3,103,21.72075997805223
cpu,CWRU,model_only,Q8-cpu_dynamic,3,104,21.442272001877427
cpu,CWRU,model_only,Q8-cpu_dynamic,3,105,21.57730102771893
cpu,CWRU,model_only,Q8-cpu_dynamic,3,106,21.138940006494522
cpu,CWRU,model_only,Q8-cpu_dynamic,3,107,21.38421597192064
cpu,CWRU,model_only,Q8-cpu_dynamic,3,108,21.23641298385337
cpu,CWRU,model_only,Q8-cpu_dynamic,3,109,21.253522019833326
cpu,CWRU,model_only,Q8-cpu_dynamic,3,110,21.366430970374495
cpu,CWRU,model_only,Q8-cpu_dynamic,3,111,21.74770797137171
cpu,CWRU,model_only,Q8-cpu_dynamic,3,112,21.25537599204108
cpu,CWRU,model_only,Q8-cpu_dynamic,3,113,21.21149201411754
cpu,CWRU,model_only,Q8-cpu_dynamic,3,114,21.280543005559593
cpu,CWRU,model_only,Q8-cpu_dynamic,3,115,21.203479962423444
cpu,CWRU,model_only,Q8-cpu_dynamic,3,116,21.398339013103396
cpu,CWRU,model_only,Q8-cpu_dynamic,3,117,21.752824017312378
cpu,CWRU,model_only,Q8-cpu_dynamic,3,118,21.258578984998167
cpu,CWRU,model_only,Q8-cpu_dynamic,3,119,21.56992902746424
cpu,CWRU,model_only,Q8-cpu_dynamic,3,120,21.297837025485933
cpu,CWRU,model_only,Q8-cpu_dynamic,3,121,21.334234974347055
cpu,CWRU,model_only,Q8-cpu_dynamic,3,122,21.274011000059545
cpu,CWRU,model_only,Q8-cpu_dynamic,3,123,21.60760504193604
cpu,CWRU,model_only,Q8-cpu_dynamic,3,124,21.562610985711217
cpu,CWRU,model_only,Q8-cpu_dynamic,3,125,21.157017967198044
cpu,CWRU,model_only,Q8-cpu_dynamic,3,126,21.586944989394397
cpu,CWRU,model_only,Q8-cpu_dynamic,3,127,21.526551980059594
cpu,CWRU,model_only,Q8-cpu_dynamic,3,128,21.49831404676661
cpu,CWRU,model_only,Q8-cpu_dynamic,3,129,21.40287699876353
cpu,CWRU,model_only,Q8-cpu_dynamic,3,130,21.39967301627621
cpu,CWRU,model_only,Q8-cpu_dynamic,3,131,21.778058959171176
cpu,CWRU,model_only,Q8-cpu_dynamic,3,132,21.3776960154064
cpu,CWRU,model_only,Q8-cpu_dynamic,3,133,21.369454043451697
cpu,CWRU,model_only,Q8-cpu_dynamic,3,134,21.087394969072193
cpu,CWRU,model_only,Q8-cpu_dynamic,3,135,21.66652400046587
cpu,CWRU,model_only,Q8-cpu_dynamic,3,136,21.20546600781381
cpu,CWRU,model_only,Q8-cpu_dynamic,3,137,21.664889995008707
cpu,CWRU,model_only,Q8-cpu_dynamic,3,138,21.742366021499038
cpu,CWRU,model_only,Q8-cpu_dynamic,3,139,21.647376008331776
cpu,CWRU,model_only,Q8-cpu_dynamic,3,140,21.36581897502765
cpu,CWRU,model_only,Q8-cpu_dynamic,3,141,22.065523953642696
cpu,CWRU,model_only,Q8-cpu_dynamic,3,142,21.746676007751375
cpu,CWRU,model_only,Q8-cpu_dynamic,3,143,21.437779010739177
cpu,CWRU,model_only,Q8-cpu_dynamic,3,144,21.13752200966701
cpu,CWRU,model_only,Q8-cpu_dynamic,3,145,21.13680401816964
cpu,CWRU,model_only,Q8-cpu_dynamic,3,146,21.600721986033022
cpu,CWRU,model_only,Q8-cpu_dynamic,3,147,21.447541017550975
cpu,CWRU,model_only,Q8-cpu_dynamic,3,148,21.171766973566264
cpu,CWRU,model_only,Q8-cpu_dynamic,3,149,21.929452021140605
cpu,CWRU,model_only,Q8-cpu_dynamic,3,150,21.765218989457935
cpu,CWRU,model_only,Q8-cpu_dynamic,3,151,21.55497297644615
cpu,CWRU,model_only,Q8-cpu_dynamic,3,152,22.105326992459595
cpu,CWRU,model_only,Q8-cpu_dynamic,3,153,21.60304202698171
cpu,CWRU,model_only,Q8-cpu_dynamic,3,154,21.530077036004514
cpu,CWRU,model_only,Q8-cpu_dynamic,3,155,21.00107097066939
cpu,CWRU,model_only,Q8-cpu_dynamic,3,156,21.347277972381562
cpu,CWRU,model_only,Q8-cpu_dynamic,3,157,21.903567016124725
cpu,CWRU,model_only,Q8-cpu_dynamic,3,158,21.560426976066083
cpu,CWRU,model_only,Q8-cpu_dynamic,3,159,21.16011397447437
cpu,CWRU,model_only,Q8-cpu_dynamic,3,160,21.704531041905284
cpu,CWRU,model_only,Q8-cpu_dynamic,3,161,21.35460398858413
cpu,CWRU,model_only,Q8-cpu_dynamic,3,162,21.277206018567085
cpu,CWRU,model_only,Q8-cpu_dynamic,3,163,21.468980994541198
cpu,CWRU,model_only,Q8-cpu_dynamic,3,164,20.922822004649788
cpu,CWRU,model_only,Q8-cpu_dynamic,3,165,21.04710799176246
cpu,CWRU,model_only,Q8-cpu_dynamic,3,166,21.4932489907369
cpu,CWRU,model_only,Q8-cpu_dynamic,3,167,21.83951501501724
cpu,CWRU,model_only,Q8-cpu_dynamic,3,168,21.330885007046163
cpu,CWRU,model_only,Q8-cpu_dynamic,3,169,21.07857697410509
cpu,CWRU,model_only,Q8-cpu_dynamic,3,170,21.838854998350143
cpu,CWRU,model_only,Q8-cpu_dynamic,3,171,21.291013981681317
cpu,CWRU,model_only,Q8-cpu_dynamic,3,172,21.349700051359832
cpu,CWRU,model_only,Q8-cpu_dynamic,3,173,21.464121993631124
cpu,CWRU,model_only,Q8-cpu_dynamic,3,174,21.408645960036665
cpu,CWRU,model_only,Q8-cpu_dynamic,3,175,21.439135016407818
cpu,CWRU,model_only,Q8-cpu_dynamic,3,176,21.60843601450324
cpu,CWRU,model_only,Q8-cpu_dynamic,3,177,21.319183986634016
cpu,CWRU,model_only,Q8-cpu_dynamic,3,178,21.443441975861788
cpu,CWRU,model_only,Q8-cpu_dynamic,3,179,21.70317602576688
cpu,CWRU,model_only,Q8-cpu_dynamic,3,180,21.045389003120363
cpu,CWRU,model_only,Q8-cpu_dynamic,3,181,21.4387159794569
cpu,CWRU,model_only,Q8-cpu_dynamic,3,182,21.38599200407043
cpu,CWRU,model_only,Q8-cpu_dynamic,3,183,21.52772300178185
cpu,CWRU,model_only,Q8-cpu_dynamic,3,184,21.302764012943953
cpu,CWRU,model_only,Q8-cpu_dynamic,3,185,21.636862016748637
cpu,CWRU,model_only,Q8-cpu_dynamic,3,186,21.36521995998919
cpu,CWRU,model_only,Q8-cpu_dynamic,3,187,21.13393897889182
cpu,CWRU,model_only,Q8-cpu_dynamic,3,188,21.75580500625074
cpu,CWRU,model_only,Q8-cpu_dynamic,3,189,21.401890960987657
cpu,CWRU,model_only,Q8-cpu_dynamic,3,190,20.88557998649776
cpu,CWRU,model_only,Q8-cpu_dynamic,3,191,21.29499794682488
cpu,CWRU,model_only,Q8-cpu_dynamic,3,192,21.424216974992305
cpu,CWRU,model_only,Q8-cpu_dynamic,3,193,21.612775046378374
cpu,CWRU,model_only,Q8-cpu_dynamic,3,194,21.142743004020303
cpu,CWRU,model_only,Q8-cpu_dynamic,3,195,21.20585599914193
cpu,CWRU,model_only,Q8-cpu_dynamic,3,196,21.290494012646377
cpu,CWRU,model_only,Q8-cpu_dynamic,3,197,21.663829975295812
cpu,CWRU,model_only,Q8-cpu_dynamic,3,198,21.36911597335711
cpu,CWRU,model_only,Q8-cpu_dynamic,3,199,21.373816998675466
cpu,CWRU,model_only,Q8-cpu_dynamic,3,200,21.60194201860577
cpu,CWRU,model_only,Q8-cpu_dynamic,3,201,21.18558599613607
cpu,CWRU,model_only,Q8-cpu_dynamic,3,202,21.619337028823793
cpu,CWRU,model_only,Q8-cpu_dynamic,3,203,21.179611969273537
cpu,CWRU,model_only,Q8-cpu_dynamic,3,204,21.694158029276878
cpu,CWRU,model_only,Q8-cpu_dynamic,3,205,21.445908001624048
cpu,CWRU,model_only,Q8-cpu_dynamic,3,206,21.315693971700966
cpu,CWRU,model_only,Q8-cpu_dynamic,3,207,21.23535703867674
cpu,CWRU,model_only,Q8-cpu_dynamic,3,208,21.06266497867182
cpu,CWRU,model_only,Q8-cpu_dynamic,3,209,21.146344020962715
cpu,CWRU,model_only,Q8-cpu_dynamic,3,210,21.566484007053077
cpu,CWRU,model_only,Q8-cpu_dynamic,3,211,21.319465013220906
cpu,CWRU,model_only,Q8-cpu_dynamic,3,212,21.332696022000164
cpu,CWRU,model_only,Q8-cpu_dynamic,3,213,21.428400999866426
cpu,CWRU,model_only,Q8-cpu_dynamic,3,214,21.3281320175156
cpu,CWRU,model_only,Q8-cpu_dynamic,3,215,21.572397032286972
cpu,CWRU,model_only,Q8-cpu_dynamic,3,216,21.432280947919935
cpu,CWRU,model_only,Q8-cpu_dynamic,3,217,21.405145002063364
cpu,CWRU,model_only,Q8-cpu_dynamic,3,218,21.13206102512777
cpu,CWRU,model_only,Q8-cpu_dynamic,3,219,22.090787009801716
cpu,CWRU,model_only,Q8-cpu_dynamic,3,220,21.504782955162227
cpu,CWRU,model_only,Q8-cpu_dynamic,3,221,21.52821095660329
cpu,CWRU,model_only,Q8-cpu_dynamic,3,222,21.667074994184077
cpu,CWRU,model_only,Q8-cpu_dynamic,3,223,21.16123103769496
cpu,CWRU,model_only,Q8-cpu_dynamic,3,224,21.519126021303236
cpu,CWRU,model_only,Q8-cpu_dynamic,3,225,21.15943597164005
cpu,CWRU,model_only,Q8-cpu_dynamic,3,226,21.947810950223356
cpu,CWRU,model_only,Q8-cpu_dynamic,3,227,21.848725038580596
cpu,CWRU,model_only,Q8-cpu_dynamic,3,228,21.37635601684451
cpu,CWRU,model_only,Q8-cpu_dynamic,3,229,21.412014961242676
cpu,CWRU,model_only,Q8-cpu_dynamic,3,230,21.43257000716403
cpu,CWRU,model_only,Q8-cpu_dynamic,3,231,21.453252993524075
cpu,CWRU,model_only,Q8-cpu_dynamic,3,232,21.270690951496363
cpu,CWRU,model_only,Q8-cpu_dynamic,3,233,21.297445986419916
cpu,CWRU,model_only,Q8-cpu_dynamic,3,234,21.55610703630373
cpu,CWRU,model_only,Q8-cpu_dynamic,3,235,21.26796601805836
cpu,CWRU,model_only,Q8-cpu_dynamic,3,236,21.289190975949168
cpu,CWRU,model_only,Q8-cpu_dynamic,3,237,21.55871404102072
cpu,CWRU,model_only,Q8-cpu_dynamic,3,238,20.715546037536114
cpu,CWRU,model_only,Q8-cpu_dynamic,3,239,21.074112970381975
cpu,CWRU,model_only,Q8-cpu_dynamic,3,240,21.576919010840356
cpu,CWRU,model_only,Q8-cpu_dynamic,3,241,21.248173026833683
cpu,CWRU,model_only,Q8-cpu_dynamic,3,242,21.58462698571384
cpu,CWRU,model_only,Q8-cpu_dynamic,3,243,21.20905800256878
cpu,CWRU,model_only,Q8-cpu_dynamic,3,244,21.449718973599374
cpu,CWRU,model_only,Q8-cpu_dynamic,3,245,21.236546977888793
cpu,CWRU,model_only,Q8-cpu_dynamic,3,246,21.654699987266213
cpu,CWRU,model_only,Q8-cpu_dynamic,3,247,21.23163698706776
cpu,CWRU,model_only,Q8-cpu_dynamic,3,248,22.785009001381695
cpu,CWRU,model_only,Q8-cpu_dynamic,3,249,21.56561496667564
cpu,CWRU,model_only,K1-FP32,3,0,23.02436699392274
cpu,CWRU,model_only,K1-FP32,3,1,23.111006012186408
cpu,CWRU,model_only,K1-FP32,3,2,22.776910045649856
cpu,CWRU,model_only,K1-FP32,3,3,22.738137980923057
cpu,CWRU,model_only,K1-FP32,3,4,23.097880999557674
cpu,CWRU,model_only,K1-FP32,3,5,23.215764027554542
cpu,CWRU,model_only,K1-FP32,3,6,22.608633036725223
cpu,CWRU,model_only,K1-FP32,3,7,22.551196976564825
cpu,CWRU,model_only,K1-FP32,3,8,22.846009000204504
cpu,CWRU,model_only,K1-FP32,3,9,22.364861040841788
cpu,CWRU,model_only,K1-FP32,3,10,22.670696023851633
cpu,CWRU,model_only,K1-FP32,3,11,22.84239197615534
cpu,CWRU,model_only,K1-FP32,3,12,22.492437972687185
cpu,CWRU,model_only,K1-FP32,3,13,22.57046097656712
cpu,CWRU,model_only,K1-FP32,3,14,23.025509028229862
cpu,CWRU,model_only,K1-FP32,3,15,23.099351965356618
cpu,CWRU,model_only,K1-FP32,3,16,23.22491694940254
cpu,CWRU,model_only,K1-FP32,3,17,22.78836496407166
cpu,CWRU,model_only,K1-FP32,3,18,22.545450017787516
cpu,CWRU,model_only,K1-FP32,3,19,22.896604030393064
cpu,CWRU,model_only,K1-FP32,3,20,23.193721019197255
cpu,CWRU,model_only,K1-FP32,3,21,22.531941009219736
cpu,CWRU,model_only,K1-FP32,3,22,22.768178023397923
cpu,CWRU,model_only,K1-FP32,3,23,22.825299995020032
cpu,CWRU,model_only,K1-FP32,3,24,22.822493978310376
cpu,CWRU,model_only,K1-FP32,3,25,22.925811994355172
cpu,CWRU,model_only,K1-FP32,3,26,22.76846196036786
cpu,CWRU,model_only,K1-FP32,3,27,22.870237997267395
cpu,CWRU,model_only,K1-FP32,3,28,22.50971202738583
cpu,CWRU,model_only,K1-FP32,3,29,22.44655496906489
cpu,CWRU,model_only,K1-FP32,3,30,22.709769022185355
cpu,CWRU,model_only,K1-FP32,3,31,22.940302034839988
cpu,CWRU,model_only,K1-FP32,3,32,22.295003989711404
cpu,CWRU,model_only,K1-FP32,3,33,22.412615013308823
cpu,CWRU,model_only,K1-FP32,3,34,22.92204595869407
cpu,CWRU,model_only,K1-FP32,3,35,22.810378985013813
cpu,CWRU,model_only,K1-FP32,3,36,22.8141620173119
cpu,CWRU,model_only,K1-FP32,3,37,22.596911003347486
cpu,CWRU,model_only,K1-FP32,3,38,22.181348002050072
cpu,CWRU,model_only,K1-FP32,3,39,22.553046990651637
cpu,CWRU,model_only,K1-FP32,3,40,22.475448960904032
cpu,CWRU,model_only,K1-FP32,3,41,22.64694304903969
cpu,CWRU,model_only,K1-FP32,3,42,22.79890200588852
cpu,CWRU,model_only,K1-FP32,3,43,23.01336795790121
cpu,CWRU,model_only,K1-FP32,3,44,23.074917029589415
cpu,CWRU,model_only,K1-FP32,3,45,22.959285997785628
cpu,CWRU,model_only,K1-FP32,3,46,22.3184329806827
cpu,CWRU,model_only,K1-FP32,3,47,22.60076202219352
cpu,CWRU,model_only,K1-FP32,3,48,22.293234011158347
cpu,CWRU,model_only,K1-FP32,3,49,22.381169022992253
cpu,CWRU,model_only,K1-FP32,3,50,22.16443297220394
cpu,CWRU,model_only,K1-FP32,3,51,23.257683031260967
cpu,CWRU,model_only,K1-FP32,3,52,22.969565994571894
cpu,CWRU,model_only,K1-FP32,3,53,22.71884196670726
cpu,CWRU,model_only,K1-FP32,3,54,22.889865038450807
cpu,CWRU,model_only,K1-FP32,3,55,22.32644404284656
cpu,CWRU,model_only,K1-FP32,3,56,22.894234978593886
cpu,CWRU,model_only,K1-FP32,3,57,22.67871197545901
cpu,CWRU,model_only,K1-FP32,3,58,22.948377998545766
cpu,CWRU,model_only,K1-FP32,3,59,23.89840199612081
cpu,CWRU,model_only,K1-FP32,3,60,23.25082797324285
cpu,CWRU,model_only,K1-FP32,3,61,22.851387970149517
cpu,CWRU,model_only,K1-FP32,3,62,22.80822501052171
cpu,CWRU,model_only,K1-FP32,3,63,23.24632299132645
cpu,CWRU,model_only,K1-FP32,3,64,22.68469799309969
cpu,CWRU,model_only,K1-FP32,3,65,22.83129602437839
cpu,CWRU,model_only,K1-FP32,3,66,22.8311859536916
cpu,CWRU,model_only,K1-FP32,3,67,22.817792021669447
cpu,CWRU,model_only,K1-FP32,3,68,23.149369983002543
cpu,CWRU,model_only,K1-FP32,3,69,22.972673003096133
cpu,CWRU,model_only,K1-FP32,3,70,22.285863000433892
cpu,CWRU,model_only,K1-FP32,3,71,22.291162982583046
cpu,CWRU,model_only,K1-FP32,3,72,22.263461956754327
cpu,CWRU,model_only,K1-FP32,3,73,22.863469028379768
cpu,CWRU,model_only,K1-FP32,3,74,22.344551980495453
cpu,CWRU,model_only,K1-FP32,3,75,22.079546994064003
cpu,CWRU,model_only,K1-FP32,3,76,22.063480981159955
cpu,CWRU,model_only,K1-FP32,3,77,22.576550021767616
cpu,CWRU,model_only,K1-FP32,3,78,22.995547973550856
cpu,CWRU,model_only,K1-FP32,3,79,23.31307000713423
cpu,CWRU,model_only,K1-FP32,3,80,22.383489995263517
cpu,CWRU,model_only,K1-FP32,3,81,22.86262298002839
cpu,CWRU,model_only,K1-FP32,3,82,22.707191004883498
cpu,CWRU,model_only,K1-FP32,3,83,22.831475012935698
cpu,CWRU,model_only,K1-FP32,3,84,22.555736009962857
cpu,CWRU,model_only,K1-FP32,3,85,23.037231992930174
cpu,CWRU,model_only,K1-FP32,3,86,22.87125901784748
cpu,CWRU,model_only,K1-FP32,3,87,22.41936104837805
cpu,CWRU,model_only,K1-FP32,3,88,22.972485050559044
cpu,CWRU,model_only,K1-FP32,3,89,23.190807027276605
cpu,CWRU,model_only,K1-FP32,3,90,22.974381980020553
cpu,CWRU,model_only,K1-FP32,3,91,22.919451992493123
cpu,CWRU,model_only,K1-FP32,3,92,22.666628006845713
cpu,CWRU,model_only,K1-FP32,3,93,22.957662004046142
cpu,CWRU,model_only,K1-FP32,3,94,22.391523991245776
cpu,CWRU,model_only,K1-FP32,3,95,22.038375958800316
cpu,CWRU,model_only,K1-FP32,3,96,22.55727502051741
cpu,CWRU,model_only,K1-FP32,3,97,22.87935500498861
cpu,CWRU,model_only,K1-FP32,3,98,22.735777019988745
cpu,CWRU,model_only,K1-FP32,3,99,23.126824002247304
cpu,CWRU,model_only,K1-FP32,3,100,22.519628051668406
cpu,CWRU,model_only,K1-FP32,3,101,22.359599999617785
cpu,CWRU,model_only,K1-FP32,3,102,22.33717101626098
cpu,CWRU,model_only,K1-FP32,3,103,22.571806039195508
cpu,CWRU,model_only,K1-FP32,3,104,22.68906298559159
cpu,CWRU,model_only,K1-FP32,3,105,22.95430301455781
cpu,CWRU,model_only,K1-FP32,3,106,22.637087968178093
cpu,CWRU,model_only,K1-FP32,3,107,22.77209801832214
cpu,CWRU,model_only,K1-FP32,3,108,23.21711997501552
cpu,CWRU,model_only,K1-FP32,3,109,22.839519020635635
cpu,CWRU,model_only,K1-FP32,3,110,23.07880501030013
cpu,CWRU,model_only,K1-FP32,3,111,22.687537013553083
cpu,CWRU,model_only,K1-FP32,3,112,22.802252031397074
cpu,CWRU,model_only,K1-FP32,3,113,23.08303996687755
cpu,CWRU,model_only,K1-FP32,3,114,23.11740699224174
cpu,CWRU,model_only,K1-FP32,3,115,22.900958952959627
cpu,CWRU,model_only,K1-FP32,3,116,22.574062983039767
cpu,CWRU,model_only,K1-FP32,3,117,22.700065979734063
cpu,CWRU,model_only,K1-FP32,3,118,22.926656005438417
cpu,CWRU,model_only,K1-FP32,3,119,22.558622993528843
cpu,CWRU,model_only,K1-FP32,3,120,22.856897034216672
cpu,CWRU,model_only,K1-FP32,3,121,22.52959698671475
cpu,CWRU,model_only,K1-FP32,3,122,22.595664020627737
cpu,CWRU,model_only,K1-FP32,3,123,23.101079976186156
cpu,CWRU,model_only,K1-FP32,3,124,22.445590991992503
cpu,CWRU,model_only,K1-FP32,3,125,23.3316519879736
cpu,CWRU,model_only,K1-FP32,3,126,22.62001996859908
cpu,CWRU,model_only,K1-FP32,3,127,22.826194006484002
cpu,CWRU,model_only,K1-FP32,3,128,23.075069999322295
cpu,CWRU,model_only,K1-FP32,3,129,22.338666021823883
cpu,CWRU,model_only,K1-FP32,3,130,22.60464895516634
cpu,CWRU,model_only,K1-FP32,3,131,22.379937989171594
cpu,CWRU,model_only,K1-FP32,3,132,22.292038018349558
cpu,CWRU,model_only,K1-FP32,3,133,22.910982952453196
cpu,CWRU,model_only,K1-FP32,3,134,22.400843037758023
cpu,CWRU,model_only,K1-FP32,3,135,22.766134003177285
cpu,CWRU,model_only,K1-FP32,3,136,22.67318102531135
cpu,CWRU,model_only,K1-FP32,3,137,22.893888992257416
cpu,CWRU,model_only,K1-FP32,3,138,22.82891602953896
cpu,CWRU,model_only,K1-FP32,3,139,22.96826697420329
cpu,CWRU,model_only,K1-FP32,3,140,23.05067901033908
cpu,CWRU,model_only,K1-FP32,3,141,22.35680999001488
cpu,CWRU,model_only,K1-FP32,3,142,22.683411021716893
cpu,CWRU,model_only,K1-FP32,3,143,22.894186025951058
cpu,CWRU,model_only,K1-FP32,3,144,22.900645970366895
cpu,CWRU,model_only,K1-FP32,3,145,22.674008971080184
cpu,CWRU,model_only,K1-FP32,3,146,23.097113997209817
cpu,CWRU,model_only,K1-FP32,3,147,22.541167971212417
cpu,CWRU,model_only,K1-FP32,3,148,22.64918404398486
cpu,CWRU,model_only,K1-FP32,3,149,22.96409197151661
cpu,CWRU,model_only,K1-FP32,3,150,23.01959798205644
cpu,CWRU,model_only,K1-FP32,3,151,23.004318005405366
cpu,CWRU,model_only,K1-FP32,3,152,22.61254598852247
cpu,CWRU,model_only,K1-FP32,3,153,22.848978987894952
cpu,CWRU,model_only,K1-FP32,3,154,22.66895695356652
cpu,CWRU,model_only,K1-FP32,3,155,22.72695698775351
cpu,CWRU,model_only,K1-FP32,3,156,22.307500999886543
cpu,CWRU,model_only,K1-FP32,3,157,22.68682495923713
cpu,CWRU,model_only,K1-FP32,3,158,22.87453500321135
cpu,CWRU,model_only,K1-FP32,3,159,23.24365999083966
cpu,CWRU,model_only,K1-FP32,3,160,22.93827198445797
cpu,CWRU,model_only,K1-FP32,3,161,22.647664009127766
cpu,CWRU,model_only,K1-FP32,3,162,23.145412968005985
cpu,CWRU,model_only,K1-FP32,3,163,22.549346962478012
cpu,CWRU,model_only,K1-FP32,3,164,22.868676984217018
cpu,CWRU,model_only,K1-FP32,3,165,22.954347950872034
cpu,CWRU,model_only,K1-FP32,3,166,23.22930103400722
cpu,CWRU,model_only,K1-FP32,3,167,22.833854018244892
cpu,CWRU,model_only,K1-FP32,3,168,22.435917984694242
cpu,CWRU,model_only,K1-FP32,3,169,22.14850502787158
cpu,CWRU,model_only,K1-FP32,3,170,22.728063981048763
cpu,CWRU,model_only,K1-FP32,3,171,22.555937990546227
cpu,CWRU,model_only,K1-FP32,3,172,22.62163598788902
cpu,CWRU,model_only,K1-FP32,3,173,22.846670995932072
cpu,CWRU,model_only,K1-FP32,3,174,23.103308980353177
cpu,CWRU,model_only,K1-FP32,3,175,22.51289098057896
cpu,CWRU,model_only,K1-FP32,3,176,22.590601991396397
cpu,CWRU,model_only,K1-FP32,3,177,22.976522974204272
cpu,CWRU,model_only,K1-FP32,3,178,22.62767101638019
cpu,CWRU,model_only,K1-FP32,3,179,22.745265974663198
cpu,CWRU,model_only,K1-FP32,3,180,22.95501803746447
cpu,CWRU,model_only,K1-FP32,3,181,22.929401020519435
cpu,CWRU,model_only,K1-FP32,3,182,23.01523700589314
cpu,CWRU,model_only,K1-FP32,3,183,22.49123901128769
cpu,CWRU,model_only,K1-FP32,3,184,22.484147979412228
cpu,CWRU,model_only,K1-FP32,3,185,22.456526989117265
cpu,CWRU,model_only,K1-FP32,3,186,22.612765023950487
cpu,CWRU,model_only,K1-FP32,3,187,23.01794203231111
cpu,CWRU,model_only,K1-FP32,3,188,22.84396899631247
cpu,CWRU,model_only,K1-FP32,3,189,22.8375950246118
cpu,CWRU,model_only,K1-FP32,3,190,22.90722797624767
cpu,CWRU,model_only,K1-FP32,3,191,22.757116006687284
cpu,CWRU,model_only,K1-FP32,3,192,23.0589919956401
cpu,CWRU,model_only,K1-FP32,3,193,22.958744957577437
cpu,CWRU,model_only,K1-FP32,3,194,22.740237007383257
cpu,CWRU,model_only,K1-FP32,3,195,22.863489983137697
cpu,CWRU,model_only,K1-FP32,3,196,22.905704972799867
cpu,CWRU,model_only,K1-FP32,3,197,23.13623600639403
cpu,CWRU,model_only,K1-FP32,3,198,22.656422981526703
cpu,CWRU,model_only,K1-FP32,3,199,23.29564600950107
cpu,CWRU,model_only,K1-FP32,3,200,22.572615009266883
cpu,CWRU,model_only,K1-FP32,3,201,22.867645951919258
cpu,CWRU,model_only,K1-FP32,3,202,22.921997006051242
cpu,CWRU,model_only,K1-FP32,3,203,22.921323019545525
cpu,CWRU,model_only,K1-FP32,3,204,22.93008897686377
cpu,CWRU,model_only,K1-FP32,3,205,22.091928054578602
cpu,CWRU,model_only,K1-FP32,3,206,22.388547018636018
cpu,CWRU,model_only,K1-FP32,3,207,22.256718017160892
cpu,CWRU,model_only,K1-FP32,3,208,22.202986991032958
cpu,CWRU,model_only,K1-FP32,3,209,22.487315989565104
cpu,CWRU,model_only,K1-FP32,3,210,22.43170700967312
cpu,CWRU,model_only,K1-FP32,3,211,22.314076020848006
cpu,CWRU,model_only,K1-FP32,3,212,22.67605997622013
cpu,CWRU,model_only,K1-FP32,3,213,22.334179026074708
cpu,CWRU,model_only,K1-FP32,3,214,22.57201197789982
cpu,CWRU,model_only,K1-FP32,3,215,23.043563007377088
cpu,CWRU,model_only,K1-FP32,3,216,22.91401498951018
cpu,CWRU,model_only,K1-FP32,3,217,22.794454009272158
cpu,CWRU,model_only,K1-FP32,3,218,22.649081947747618
cpu,CWRU,model_only,K1-FP32,3,219,22.613568988163024
cpu,CWRU,model_only,K1-FP32,3,220,21.98534697527066
cpu,CWRU,model_only,K1-FP32,3,221,23.091953014954925
cpu,CWRU,model_only,K1-FP32,3,222,23.086526023689657
cpu,CWRU,model_only,K1-FP32,3,223,22.285390994511545
cpu,CWRU,model_only,K1-FP32,3,224,22.556739975698292
cpu,CWRU,model_only,K1-FP32,3,225,22.827730979770422
cpu,CWRU,model_only,K1-FP32,3,226,22.966475982684642
cpu,CWRU,model_only,K1-FP32,3,227,22.903979988768697
cpu,CWRU,model_only,K1-FP32,3,228,22.848090040497482
cpu,CWRU,model_only,K1-FP32,3,229,22.94123196043074
cpu,CWRU,model_only,K1-FP32,3,230,22.706441988702863
cpu,CWRU,model_only,K1-FP32,3,231,22.390027006622404
cpu,CWRU,model_only,K1-FP32,3,232,22.652693965937942
cpu,CWRU,model_only,K1-FP32,3,233,22.963742958381772
cpu,CWRU,model_only,K1-FP32,3,234,22.521543025504798
cpu,CWRU,model_only,K1-FP32,3,235,22.607508988585323
cpu,CWRU,model_only,K1-FP32,3,236,22.84570800838992
cpu,CWRU,model_only,K1-FP32,3,237,22.856027004309
cpu,CWRU,model_only,K1-FP32,3,238,22.56322599714622
cpu,CWRU,model_only,K1-FP32,3,239,22.672199993394315
cpu,CWRU,model_only,K1-FP32,3,240,22.81162701547146
cpu,CWRU,model_only,K1-FP32,3,241,22.584680002182722
cpu,CWRU,model_only,K1-FP32,3,242,22.183917986694723
cpu,CWRU,model_only,K1-FP32,3,243,22.75635302066803
cpu,CWRU,model_only,K1-FP32,3,244,22.10809098323807
cpu,CWRU,model_only,K1-FP32,3,245,22.576557006686926
cpu,CWRU,model_only,K1-FP32,3,246,23.2413150370121
cpu,CWRU,model_only,K1-FP32,3,247,22.742573986761272
cpu,CWRU,model_only,K1-FP32,3,248,22.974283026997
cpu,CWRU,model_only,K1-FP32,3,249,22.9400250245817
cpu,CWRU,end_to_end,K1-FP32,0,0,23.03475100779906
cpu,CWRU,end_to_end,K1-FP32,0,1,22.693056031130254
cpu,CWRU,end_to_end,K1-FP32,0,2,22.829779016319662
cpu,CWRU,end_to_end,K1-FP32,0,3,22.52942294580862
cpu,CWRU,end_to_end,K1-FP32,0,4,22.602550976444036
cpu,CWRU,end_to_end,K1-FP32,0,5,23.022063949611038
cpu,CWRU,end_to_end,K1-FP32,0,6,22.94412796618417
cpu,CWRU,end_to_end,K1-FP32,0,7,22.728294017724693
cpu,CWRU,end_to_end,K1-FP32,0,8,23.024815949611366
cpu,CWRU,end_to_end,K1-FP32,0,9,22.558555006980896
cpu,CWRU,end_to_end,K1-FP32,0,10,22.90811901912093
cpu,CWRU,end_to_end,K1-FP32,0,11,22.785075998399407
cpu,CWRU,end_to_end,K1-FP32,0,12,22.82231696881354
cpu,CWRU,end_to_end,K1-FP32,0,13,22.47491996968165
cpu,CWRU,end_to_end,K1-FP32,0,14,22.699398978147656
cpu,CWRU,end_to_end,K1-FP32,0,15,22.611698950640857
cpu,CWRU,end_to_end,K1-FP32,0,16,22.801993996836245
cpu,CWRU,end_to_end,K1-FP32,0,17,22.7638499927707
cpu,CWRU,end_to_end,K1-FP32,0,18,23.18251202814281
cpu,CWRU,end_to_end,K1-FP32,0,19,23.09170801891014
cpu,CWRU,end_to_end,K1-FP32,0,20,22.85205398220569
cpu,CWRU,end_to_end,K1-FP32,0,21,23.103302984964103
cpu,CWRU,end_to_end,K1-FP32,0,22,23.217990004923195
cpu,CWRU,end_to_end,K1-FP32,0,23,23.298153013456613
cpu,CWRU,end_to_end,K1-FP32,0,24,23.311438038945198
cpu,CWRU,end_to_end,K1-FP32,0,25,23.057379003148526
cpu,CWRU,end_to_end,K1-FP32,0,26,22.730521974153817
cpu,CWRU,end_to_end,K1-FP32,0,27,23.13726901775226
cpu,CWRU,end_to_end,K1-FP32,0,28,23.312859004363418
cpu,CWRU,end_to_end,K1-FP32,0,29,23.27400801004842
cpu,CWRU,end_to_end,K1-FP32,0,30,22.82897400436923
cpu,CWRU,end_to_end,K1-FP32,0,31,22.93675602413714
cpu,CWRU,end_to_end,K1-FP32,0,32,23.163871024735272
cpu,CWRU,end_to_end,K1-FP32,0,33,22.907767037395388
cpu,CWRU,end_to_end,K1-FP32,0,34,22.47033000458032
cpu,CWRU,end_to_end,K1-FP32,0,35,22.95075700385496
cpu,CWRU,end_to_end,K1-FP32,0,36,23.164493963122368
cpu,CWRU,end_to_end,K1-FP32,0,37,22.479957027826458
cpu,CWRU,end_to_end,K1-FP32,0,38,23.425713006872684
cpu,CWRU,end_to_end,K1-FP32,0,39,23.215838009491563
cpu,CWRU,end_to_end,K1-FP32,0,40,22.302040015347302
cpu,CWRU,end_to_end,K1-FP32,0,41,22.900287003722042
cpu,CWRU,end_to_end,K1-FP32,0,42,23.060771985910833
cpu,CWRU,end_to_end,K1-FP32,0,43,23.300682951230556
cpu,CWRU,end_to_end,K1-FP32,0,44,23.120591009501368
cpu,CWRU,end_to_end,K1-FP32,0,45,23.13470299122855
cpu,CWRU,end_to_end,K1-FP32,0,46,23.382767045404762
cpu,CWRU,end_to_end,K1-FP32,0,47,22.835190990008414
cpu,CWRU,end_to_end,K1-FP32,0,48,23.243160045240074
cpu,CWRU,end_to_end,K1-FP32,0,49,23.31765601411462
cpu,CWRU,end_to_end,K1-FP32,0,50,23.234552005305886
cpu,CWRU,end_to_end,K1-FP32,0,51,23.23426096700132
cpu,CWRU,end_to_end,K1-FP32,0,52,23.388704983517528
cpu,CWRU,end_to_end,K1-FP32,0,53,23.416314972564578
cpu,CWRU,end_to_end,K1-FP32,0,54,23.38825596962124
cpu,CWRU,end_to_end,K1-FP32,0,55,23.04980403278023
cpu,CWRU,end_to_end,K1-FP32,0,56,22.765716013964266
cpu,CWRU,end_to_end,K1-FP32,0,57,22.992935962975025
cpu,CWRU,end_to_end,K1-FP32,0,58,23.417360964231193
cpu,CWRU,end_to_end,K1-FP32,0,59,22.943747986573726
cpu,CWRU,end_to_end,K1-FP32,0,60,23.062291962560266
cpu,CWRU,end_to_end,K1-FP32,0,61,23.158808995503932
cpu,CWRU,end_to_end,K1-FP32,0,62,22.696248022839427
cpu,CWRU,end_to_end,K1-FP32,0,63,22.60090399067849
cpu,CWRU,end_to_end,K1-FP32,0,64,22.737698978744447
cpu,CWRU,end_to_end,K1-FP32,0,65,23.299666005186737
cpu,CWRU,end_to_end,K1-FP32,0,66,23.08302599703893
cpu,CWRU,end_to_end,K1-FP32,0,67,22.640879033133388
cpu,CWRU,end_to_end,K1-FP32,0,68,22.56785298231989
cpu,CWRU,end_to_end,K1-FP32,0,69,22.80558698112145
cpu,CWRU,end_to_end,K1-FP32,0,70,22.96720998128876
cpu,CWRU,end_to_end,K1-FP32,0,71,23.02749699447304
cpu,CWRU,end_to_end,K1-FP32,0,72,23.305129958316684
cpu,CWRU,end_to_end,K1-FP32,0,73,22.982813010457903
cpu,CWRU,end_to_end,K1-FP32,0,74,23.07514799758792
cpu,CWRU,end_to_end,K1-FP32,0,75,23.172260960564017
cpu,CWRU,end_to_end,K1-FP32,0,76,23.0518119642511
cpu,CWRU,end_to_end,K1-FP32,0,77,22.78479398228228
cpu,CWRU,end_to_end,K1-FP32,0,78,22.7398140123114
cpu,CWRU,end_to_end,K1-FP32,0,79,23.60033500008285
cpu,CWRU,end_to_end,K1-FP32,0,80,22.912685002665967
cpu,CWRU,end_to_end,K1-FP32,0,81,22.76123798219487
cpu,CWRU,end_to_end,K1-FP32,0,82,22.750812000595033
cpu,CWRU,end_to_end,K1-FP32,0,83,22.86104002268985
cpu,CWRU,end_to_end,K1-FP32,0,84,23.117528995499015
cpu,CWRU,end_to_end,K1-FP32,0,85,23.2673300197348
cpu,CWRU,end_to_end,K1-FP32,0,86,23.3398670097813
cpu,CWRU,end_to_end,K1-FP32,0,87,23.19173899013549
cpu,CWRU,end_to_end,K1-FP32,0,88,23.012007004581392
cpu,CWRU,end_to_end,K1-FP32,0,89,23.31665001111105
cpu,CWRU,end_to_end,K1-FP32,0,90,23.374765005428344
cpu,CWRU,end_to_end,K1-FP32,0,91,23.764265002682805
cpu,CWRU,end_to_end,K1-FP32,0,92,22.713402984663844
cpu,CWRU,end_to_end,K1-FP32,0,93,23.46872800262645
cpu,CWRU,end_to_end,K1-FP32,0,94,23.280915978830308
cpu,CWRU,end_to_end,K1-FP32,0,95,23.557506036013365
cpu,CWRU,end_to_end,K1-FP32,0,96,22.931738989427686
cpu,CWRU,end_to_end,K1-FP32,0,97,23.109439003746957
cpu,CWRU,end_to_end,K1-FP32,0,98,23.32368795759976
cpu,CWRU,end_to_end,K1-FP32,0,99,22.86899503087625
cpu,CWRU,end_to_end,K1-FP32,0,100,22.692436003126204
cpu,CWRU,end_to_end,K1-FP32,0,101,22.80997601337731
cpu,CWRU,end_to_end,K1-FP32,0,102,22.710695979185402
cpu,CWRU,end_to_end,K1-FP32,0,103,23.0411869706586
cpu,CWRU,end_to_end,K1-FP32,0,104,22.929945960640907
cpu,CWRU,end_to_end,K1-FP32,0,105,23.011384007986635
cpu,CWRU,end_to_end,K1-FP32,0,106,23.369942035060376
cpu,CWRU,end_to_end,K1-FP32,0,107,22.960203990805894
cpu,CWRU,end_to_end,K1-FP32,0,108,22.92710804613307
cpu,CWRU,end_to_end,K1-FP32,0,109,22.728287964127958
cpu,CWRU,end_to_end,K1-FP32,0,110,22.553097980562598
cpu,CWRU,end_to_end,K1-FP32,0,111,22.85243000369519
cpu,CWRU,end_to_end,K1-FP32,0,112,22.72607700433582
cpu,CWRU,end_to_end,K1-FP32,0,113,23.075929027982056
cpu,CWRU,end_to_end,K1-FP32,0,114,23.111611022613943
cpu,CWRU,end_to_end,K1-FP32,0,115,23.60271697398275
cpu,CWRU,end_to_end,K1-FP32,0,116,23.55610899394378
cpu,CWRU,end_to_end,K1-FP32,0,117,23.35729799233377
cpu,CWRU,end_to_end,K1-FP32,0,118,23.286152980290353
cpu,CWRU,end_to_end,K1-FP32,0,119,22.93838298646733
cpu,CWRU,end_to_end,K1-FP32,0,120,22.80270797200501
cpu,CWRU,end_to_end,K1-FP32,0,121,22.611455991864204
cpu,CWRU,end_to_end,K1-FP32,0,122,23.23184098349884
cpu,CWRU,end_to_end,K1-FP32,0,123,22.801217040978372
cpu,CWRU,end_to_end,K1-FP32,0,124,22.56694104289636
cpu,CWRU,end_to_end,K1-FP32,0,125,22.997257008682936
cpu,CWRU,end_to_end,K1-FP32,0,126,23.14320905134082
cpu,CWRU,end_to_end,K1-FP32,0,127,23.16951798275113
cpu,CWRU,end_to_end,K1-FP32,0,128,23.2100659632124
cpu,CWRU,end_to_end,K1-FP32,0,129,23.013270983938128
cpu,CWRU,end_to_end,K1-FP32,0,130,22.77323300950229
cpu,CWRU,end_to_end,K1-FP32,0,131,22.79812702909112
cpu,CWRU,end_to_end,K1-FP32,0,132,22.49613095773384
cpu,CWRU,end_to_end,K1-FP32,0,133,23.04095000727102
cpu,CWRU,end_to_end,K1-FP32,0,134,22.807875997386873
cpu,CWRU,end_to_end,K1-FP32,0,135,22.608009981922805
cpu,CWRU,end_to_end,K1-FP32,0,136,22.93272502720356
cpu,CWRU,end_to_end,K1-FP32,0,137,22.982046997640282
cpu,CWRU,end_to_end,K1-FP32,0,138,22.860544035211205
cpu,CWRU,end_to_end,K1-FP32,0,139,22.769553994294256
cpu,CWRU,end_to_end,K1-FP32,0,140,22.9602680192329
cpu,CWRU,end_to_end,K1-FP32,0,141,23.4627120080404
cpu,CWRU,end_to_end,K1-FP32,0,142,22.922192991245538
cpu,CWRU,end_to_end,K1-FP32,0,143,22.9910520138219
cpu,CWRU,end_to_end,K1-FP32,0,144,22.826445987448096
cpu,CWRU,end_to_end,K1-FP32,0,145,22.851479006931186
cpu,CWRU,end_to_end,K1-FP32,0,146,22.286163992248476
cpu,CWRU,end_to_end,K1-FP32,0,147,22.74035895243287
cpu,CWRU,end_to_end,K1-FP32,0,148,23.073458985891193
cpu,CWRU,end_to_end,K1-FP32,0,149,22.54162699682638
cpu,CWRU,end_to_end,K1-FP32,0,150,22.725496033672243
cpu,CWRU,end_to_end,K1-FP32,0,151,22.961210983339697
cpu,CWRU,end_to_end,K1-FP32,0,152,22.61127799283713
cpu,CWRU,end_to_end,K1-FP32,0,153,22.9928299668245
cpu,CWRU,end_to_end,K1-FP32,0,154,22.285398037638515
cpu,CWRU,end_to_end,K1-FP32,0,155,22.78308500535786
cpu,CWRU,end_to_end,K1-FP32,0,156,23.037141014356166
cpu,CWRU,end_to_end,K1-FP32,0,157,22.766227019019425
cpu,CWRU,end_to_end,K1-FP32,0,158,22.873545007314533
cpu,CWRU,end_to_end,K1-FP32,0,159,22.37705298466608
cpu,CWRU,end_to_end,K1-FP32,0,160,22.651618986856192
cpu,CWRU,end_to_end,K1-FP32,0,161,22.630483959801495
cpu,CWRU,end_to_end,K1-FP32,0,162,22.58871600497514
cpu,CWRU,end_to_end,K1-FP32,0,163,23.12857296783477
cpu,CWRU,end_to_end,K1-FP32,0,164,23.045087000355124
cpu,CWRU,end_to_end,K1-FP32,0,165,22.695167979691178
cpu,CWRU,end_to_end,K1-FP32,0,166,23.136406030971557
cpu,CWRU,end_to_end,K1-FP32,0,167,22.997959051281214
cpu,CWRU,end_to_end,K1-FP32,0,168,23.261343012563884
cpu,CWRU,end_to_end,K1-FP32,0,169,23.163713980466127
cpu,CWRU,end_to_end,K1-FP32,0,170,23.046671994961798
cpu,CWRU,end_to_end,K1-FP32,0,171,23.235585016664118
cpu,CWRU,end_to_end,K1-FP32,0,172,23.461823991965503
cpu,CWRU,end_to_end,K1-FP32,0,173,23.31010199850425
cpu,CWRU,end_to_end,K1-FP32,0,174,23.36820599157363
cpu,CWRU,end_to_end,K1-FP32,0,175,23.226751014590263
cpu,CWRU,end_to_end,K1-FP32,0,176,22.71711901994422
cpu,CWRU,end_to_end,K1-FP32,0,177,22.867466032039374
cpu,CWRU,end_to_end,K1-FP32,0,178,22.763816989026964
cpu,CWRU,end_to_end,K1-FP32,0,179,22.473302960861474
cpu,CWRU,end_to_end,K1-FP32,0,180,22.934637032449245
cpu,CWRU,end_to_end,K1-FP32,0,181,23.32680899417028
cpu,CWRU,end_to_end,K1-FP32,0,182,23.15418003126979
cpu,CWRU,end_to_end,K1-FP32,0,183,22.813251009210944
cpu,CWRU,end_to_end,K1-FP32,0,184,22.841053025331348
cpu,CWRU,end_to_end,K1-FP32,0,185,22.99405902158469
cpu,CWRU,end_to_end,K1-FP32,0,186,23.124769038986415
cpu,CWRU,end_to_end,K1-FP32,0,187,22.521089005749673
cpu,CWRU,end_to_end,K1-FP32,0,188,22.84737501759082
cpu,CWRU,end_to_end,K1-FP32,0,189,23.3872210374102
cpu,CWRU,end_to_end,K1-FP32,0,190,22.859466029331088
cpu,CWRU,end_to_end,K1-FP32,0,191,23.288201016839594
cpu,CWRU,end_to_end,K1-FP32,0,192,23.24666001368314
cpu,CWRU,end_to_end,K1-FP32,0,193,23.034944024402648
cpu,CWRU,end_to_end,K1-FP32,0,194,22.93712500249967
cpu,CWRU,end_to_end,K1-FP32,0,195,23.223778989631683
cpu,CWRU,end_to_end,K1-FP32,0,196,23.007580020930618
cpu,CWRU,end_to_end,K1-FP32,0,197,22.66106504248455
cpu,CWRU,end_to_end,K1-FP32,0,198,22.95612101443112
cpu,CWRU,end_to_end,K1-FP32,0,199,22.79518701834604
cpu,CWRU,end_to_end,K1-FP32,0,200,22.987457981798798
cpu,CWRU,end_to_end,K1-FP32,0,201,22.80796895502135
cpu,CWRU,end_to_end,K1-FP32,0,202,22.520546976011246
cpu,CWRU,end_to_end,K1-FP32,0,203,23.259302019141614
cpu,CWRU,end_to_end,K1-FP32,0,204,22.631581989116967
cpu,CWRU,end_to_end,K1-FP32,0,205,23.060161038301885
cpu,CWRU,end_to_end,K1-FP32,0,206,22.61350699700415
cpu,CWRU,end_to_end,K1-FP32,0,207,23.064573004376143
cpu,CWRU,end_to_end,K1-FP32,0,208,23.013783968053758
cpu,CWRU,end_to_end,K1-FP32,0,209,22.788143949583173
cpu,CWRU,end_to_end,K1-FP32,0,210,23.16973003325984
cpu,CWRU,end_to_end,K1-FP32,0,211,22.72882399847731
cpu,CWRU,end_to_end,K1-FP32,0,212,22.48210704419762
cpu,CWRU,end_to_end,K1-FP32,0,213,23.061521991621703
cpu,CWRU,end_to_end,K1-FP32,0,214,22.660112008452415
cpu,CWRU,end_to_end,K1-FP32,0,215,22.91206701193005
cpu,CWRU,end_to_end,K1-FP32,0,216,22.797728015575558
cpu,CWRU,end_to_end,K1-FP32,0,217,22.536344011314213
cpu,CWRU,end_to_end,K1-FP32,0,218,23.277100990526378
cpu,CWRU,end_to_end,K1-FP32,0,219,24.503502005245537
cpu,CWRU,end_to_end,K1-FP32,0,220,24.04138201382011
cpu,CWRU,end_to_end,K1-FP32,0,221,23.420832003466785
cpu,CWRU,end_to_end,K1-FP32,0,222,23.14546797424555
cpu,CWRU,end_to_end,K1-FP32,0,223,23.041851993184537
cpu,CWRU,end_to_end,K1-FP32,0,224,23.592414043378085
cpu,CWRU,end_to_end,K1-FP32,0,225,22.797287965659052
cpu,CWRU,end_to_end,K1-FP32,0,226,22.814647993072867
cpu,CWRU,end_to_end,K1-FP32,0,227,22.654207015875727
cpu,CWRU,end_to_end,K1-FP32,0,228,22.712968988344073
cpu,CWRU,end_to_end,K1-FP32,0,229,22.617248992901295
cpu,CWRU,end_to_end,K1-FP32,0,230,22.859932971186936
cpu,CWRU,end_to_end,K1-FP32,0,231,23.528108024038374
cpu,CWRU,end_to_end,K1-FP32,0,232,23.28931400552392
cpu,CWRU,end_to_end,K1-FP32,0,233,22.741318971384317
cpu,CWRU,end_to_end,K1-FP32,0,234,22.53978099906817
cpu,CWRU,end_to_end,K1-FP32,0,235,22.923017968423665
cpu,CWRU,end_to_end,K1-FP32,0,236,22.48707297258079
cpu,CWRU,end_to_end,K1-FP32,0,237,23.212593980133533
cpu,CWRU,end_to_end,K1-FP32,0,238,23.03390303859487
cpu,CWRU,end_to_end,K1-FP32,0,239,22.7230999735184
cpu,CWRU,end_to_end,K1-FP32,0,240,22.336291964165866
cpu,CWRU,end_to_end,K1-FP32,0,241,22.933978005312383
cpu,CWRU,end_to_end,K1-FP32,0,242,22.635939007159323
cpu,CWRU,end_to_end,K1-FP32,0,243,23.178551986347884
cpu,CWRU,end_to_end,K1-FP32,0,244,23.350664996542037
cpu,CWRU,end_to_end,K1-FP32,0,245,22.861632984131575
cpu,CWRU,end_to_end,K1-FP32,0,246,22.78350997949019
cpu,CWRU,end_to_end,K1-FP32,0,247,22.857441974338144
cpu,CWRU,end_to_end,K1-FP32,0,248,22.3880679695867
cpu,CWRU,end_to_end,K1-FP32,0,249,23.032683006022125
cpu,CWRU,end_to_end,Q8-cpu_dynamic,0,0,21.442077006213367
cpu,CWRU,end_to_end,Q8-cpu_dynamic,0,1,21.464006043970585
cpu,CWRU,end_to_end,Q8-cpu_dynamic,0,2,21.05551300337538
cpu,CWRU,end_to_end,Q8-cpu_dynamic,0,3,21.770913968794048
cpu,CWRU,end_to_end,Q8-cpu_dynamic,0,4,21.581406006589532
cpu,CWRU,end_to_end,Q8-cpu_dynamic,0,5,21.224866970442235
cpu,CWRU,end_to_end,Q8-cpu_dynamic,0,6,21.23592497082427
cpu,CWRU,end_to_end,Q8-cpu_dynamic,0,7,21.07368700671941
cpu,CWRU,end_to_end,Q8-cpu_dynamic,0,8,21.61587803857401
cpu,CWRU,end_to_end,Q8-cpu_dynamic,0,9,21.828625991474837
cpu,CWRU,end_to_end,Q8-cpu_dynamic,0,10,21.582366025540978
cpu,CWRU,end_to_end,Q8-cpu_dynamic,0,11,21.420033008325845
cpu,CWRU,end_to_end,Q8-cpu_dynamic,0,12,22.553274990059435
cpu,CWRU,end_to_end,Q8-cpu_dynamic,0,13,21.632391959428787
cpu,CWRU,end_to_end,Q8-cpu_dynamic,0,14,22.222794010303915
cpu,CWRU,end_to_end,Q8-cpu_dynamic,0,15,21.900201041717082
cpu,CWRU,end_to_end,Q8-cpu_dynamic,0,16,21.848596981726587
cpu,CWRU,end_to_end,Q8-cpu_dynamic,0,17,21.81435498641804
cpu,CWRU,end_to_end,Q8-cpu_dynamic,0,18,21.649793023243546
cpu,CWRU,end_to_end,Q8-cpu_dynamic,0,19,21.46245801122859
cpu,CWRU,end_to_end,Q8-cpu_dynamic,0,20,21.662153012584895
cpu,CWRU,end_to_end,Q8-cpu_dynamic,0,21,21.47710998542607
cpu,CWRU,end_to_end,Q8-cpu_dynamic,0,22,21.870572993066162
cpu,CWRU,end_to_end,Q8-cpu_dynamic,0,23,22.02212600968778
cpu,CWRU,end_to_end,Q8-cpu_dynamic,0,24,21.506755030713975
cpu,CWRU,end_to_end,Q8-cpu_dynamic,0,25,21.628930990118533
cpu,CWRU,end_to_end,Q8-cpu_dynamic,0,26,21.225005970336497
cpu,CWRU,end_to_end,Q8-cpu_dynamic,0,27,21.58618695102632
cpu,CWRU,end_to_end,Q8-cpu_dynamic,0,28,21.671579976100475
cpu,CWRU,end_to_end,Q8-cpu_dynamic,0,29,21.502228977624327
cpu,CWRU,end_to_end,Q8-cpu_dynamic,0,30,21.587500988971442
cpu,CWRU,end_to_end,Q8-cpu_dynamic,0,31,21.930507034994662
cpu,CWRU,end_to_end,Q8-cpu_dynamic,0,32,21.863436966668814
cpu,CWRU,end_to_end,Q8-cpu_dynamic,0,33,21.60100598121062
cpu,CWRU,end_to_end,Q8-cpu_dynamic,0,34,21.523087983950973
cpu,CWRU,end_to_end,Q8-cpu_dynamic,0,35,21.195693989284337
cpu,CWRU,end_to_end,Q8-cpu_dynamic,0,36,21.160810021683574
cpu,CWRU,end_to_end,Q8-cpu_dynamic,0,37,21.236980974208564
cpu,CWRU,end_to_end,Q8-cpu_dynamic,0,38,21.087163011543453
cpu,CWRU,end_to_end,Q8-cpu_dynamic,0,39,21.17667399579659
cpu,CWRU,end_to_end,Q8-cpu_dynamic,0,40,21.57022198662162
cpu,CWRU,end_to_end,Q8-cpu_dynamic,0,41,21.758690010756254
cpu,CWRU,end_to_end,Q8-cpu_dynamic,0,42,21.453552995808423
cpu,CWRU,end_to_end,Q8-cpu_dynamic,0,43,21.41698100604117
cpu,CWRU,end_to_end,Q8-cpu_dynamic,0,44,21.556550986133516
cpu,CWRU,end_to_end,Q8-cpu_dynamic,0,45,21.65436599170789
cpu,CWRU,end_to_end,Q8-cpu_dynamic,0,46,21.71137003460899
cpu,CWRU,end_to_end,Q8-cpu_dynamic,0,47,21.660463011357933
cpu,CWRU,end_to_end,Q8-cpu_dynamic,0,48,21.540766989346594
cpu,CWRU,end_to_end,Q8-cpu_dynamic,0,49,21.83388901175931
cpu,CWRU,end_to_end,Q8-cpu_dynamic,0,50,22.143537004012614
cpu,CWRU,end_to_end,Q8-cpu_dynamic,0,51,21.645803994033486
cpu,CWRU,end_to_end,Q8-cpu_dynamic,0,52,21.064024011138827
cpu,CWRU,end_to_end,Q8-cpu_dynamic,0,53,21.214037958998233
cpu,CWRU,end_to_end,Q8-cpu_dynamic,0,54,21.49477496277541
cpu,CWRU,end_to_end,Q8-cpu_dynamic,0,55,21.694507042411715
cpu,CWRU,end_to_end,Q8-cpu_dynamic,0,56,21.396722993813455
cpu,CWRU,end_to_end,Q8-cpu_dynamic,0,57,21.494253946002573
cpu,CWRU,end_to_end,Q8-cpu_dynamic,0,58,21.30983700044453
cpu,CWRU,end_to_end,Q8-cpu_dynamic,0,59,21.516494976822287
cpu,CWRU,end_to_end,Q8-cpu_dynamic,0,60,21.524732990656048
cpu,CWRU,end_to_end,Q8-cpu_dynamic,0,61,21.387016982771456
cpu,CWRU,end_to_end,Q8-cpu_dynamic,0,62,21.54304803116247
cpu,CWRU,end_to_end,Q8-cpu_dynamic,0,63,22.15224498650059
cpu,CWRU,end_to_end,Q8-cpu_dynamic,0,64,21.427500993013382
cpu,CWRU,end_to_end,Q8-cpu_dynamic,0,65,20.984725968446583
cpu,CWRU,end_to_end,Q8-cpu_dynamic,0,66,21.16876101354137
cpu,CWRU,end_to_end,Q8-cpu_dynamic,0,67,21.208126039709896
cpu,CWRU,end_to_end,Q8-cpu_dynamic,0,68,21.441797958686948
cpu,CWRU,end_to_end,Q8-cpu_dynamic,0,69,21.33521402720362
cpu,CWRU,end_to_end,Q8-cpu_dynamic,0,70,21.180104988161474
cpu,CWRU,end_to_end,Q8-cpu_dynamic,0,71,21.25486300792545
cpu,CWRU,end_to_end,Q8-cpu_dynamic,0,72,20.83351102191955
cpu,CWRU,end_to_end,Q8-cpu_dynamic,0,73,21.37211401714012
cpu,CWRU,end_to_end,Q8-cpu_dynamic,0,74,20.86053299717605
cpu,CWRU,end_to_end,Q8-cpu_dynamic,0,75,22.055664041545242
cpu,CWRU,end_to_end,Q8-cpu_dynamic,0,76,21.736912021879107
cpu,CWRU,end_to_end,Q8-cpu_dynamic,0,77,21.826962009072304
cpu,CWRU,end_to_end,Q8-cpu_dynamic,0,78,21.817568049300462
cpu,CWRU,end_to_end,Q8-cpu_dynamic,0,79,21.789102000184357
cpu,CWRU,end_to_end,Q8-cpu_dynamic,0,80,21.449181018397212
cpu,CWRU,end_to_end,Q8-cpu_dynamic,0,81,21.240893052890897
cpu,CWRU,end_to_end,Q8-cpu_dynamic,0,82,21.511700004339218
cpu,CWRU,end_to_end,Q8-cpu_dynamic,0,83,21.595296973828226
cpu,CWRU,end_to_end,Q8-cpu_dynamic,0,84,21.762306976597756
cpu,CWRU,end_to_end,Q8-cpu_dynamic,0,85,21.66161499917507
cpu,CWRU,end_to_end,Q8-cpu_dynamic,0,86,21.69769402826205
cpu,CWRU,end_to_end,Q8-cpu_dynamic,0,87,21.922941028606147
cpu,CWRU,end_to_end,Q8-cpu_dynamic,0,88,22.157714003697038
cpu,CWRU,end_to_end,Q8-cpu_dynamic,0,89,22.068876947741956
cpu,CWRU,end_to_end,Q8-cpu_dynamic,0,90,21.629391005262733
cpu,CWRU,end_to_end,Q8-cpu_dynamic,0,91,21.672634000424296
cpu,CWRU,end_to_end,Q8-cpu_dynamic,0,92,21.57612197333947
cpu,CWRU,end_to_end,Q8-cpu_dynamic,0,93,21.193928027059883
cpu,CWRU,end_to_end,Q8-cpu_dynamic,0,94,21.227616001851857
cpu,CWRU,end_to_end,Q8-cpu_dynamic,0,95,21.0713769774884
cpu,CWRU,end_to_end,Q8-cpu_dynamic,0,96,21.43849601270631
cpu,CWRU,end_to_end,Q8-cpu_dynamic,0,97,21.2637489894405
cpu,CWRU,end_to_end,Q8-cpu_dynamic,0,98,21.35551196988672
cpu,CWRU,end_to_end,Q8-cpu_dynamic,0,99,21.01804199628532
cpu,CWRU,end_to_end,Q8-cpu_dynamic,0,100,21.506488032173365
cpu,CWRU,end_to_end,Q8-cpu_dynamic,0,101,22.060278977733105
cpu,CWRU,end_to_end,Q8-cpu_dynamic,0,102,22.0747459679842
cpu,CWRU,end_to_end,Q8-cpu_dynamic,0,103,21.326032001525164
cpu,CWRU,end_to_end,Q8-cpu_dynamic,0,104,21.377419005148113
cpu,CWRU,end_to_end,Q8-cpu_dynamic,0,105,21.795276959892362
cpu,CWRU,end_to_end,Q8-cpu_dynamic,0,106,21.548243006691337
cpu,CWRU,end_to_end,Q8-cpu_dynamic,0,107,21.412060013972223
cpu,CWRU,end_to_end,Q8-cpu_dynamic,0,108,21.534545987378806
cpu,CWRU,end_to_end,Q8-cpu_dynamic,0,109,21.424236008897424
cpu,CWRU,end_to_end,Q8-cpu_dynamic,0,110,21.179151022806764
cpu,CWRU,end_to_end,Q8-cpu_dynamic,0,111,21.164939971640706
cpu,CWRU,end_to_end,Q8-cpu_dynamic,0,112,21.637850964907557
cpu,CWRU,end_to_end,Q8-cpu_dynamic,0,113,22.601860982831568
cpu,CWRU,end_to_end,Q8-cpu_dynamic,0,114,21.34502597618848
cpu,CWRU,end_to_end,Q8-cpu_dynamic,0,115,21.262509981170297
cpu,CWRU,end_to_end,Q8-cpu_dynamic,0,116,21.249830024316907
cpu,CWRU,end_to_end,Q8-cpu_dynamic,0,117,21.23665000544861
cpu,CWRU,end_to_end,Q8-cpu_dynamic,0,118,21.775529021397233
cpu,CWRU,end_to_end,Q8-cpu_dynamic,0,119,22.425783972721547
cpu,CWRU,end_to_end,Q8-cpu_dynamic,0,120,21.808699995744973
cpu,CWRU,end_to_end,Q8-cpu_dynamic,0,121,21.44867501920089
cpu,CWRU,end_to_end,Q8-cpu_dynamic,0,122,21.58872300060466
cpu,CWRU,end_to_end,Q8-cpu_dynamic,0,123,21.82135498151183
cpu,CWRU,end_to_end,Q8-cpu_dynamic,0,124,22.01745699858293
cpu,CWRU,end_to_end,Q8-cpu_dynamic,0,125,21.654876007232815
cpu,CWRU,end_to_end,Q8-cpu_dynamic,0,126,21.63073600968346
cpu,CWRU,end_to_end,Q8-cpu_dynamic,0,127,21.639915998093784
cpu,CWRU,end_to_end,Q8-cpu_dynamic,0,128,21.486169018317014
cpu,CWRU,end_to_end,Q8-cpu_dynamic,0,129,21.529078017920256
cpu,CWRU,end_to_end,Q8-cpu_dynamic,0,130,21.463765006046742
cpu,CWRU,end_to_end,Q8-cpu_dynamic,0,131,21.34442003443837
cpu,CWRU,end_to_end,Q8-cpu_dynamic,0,132,21.790198981761932
cpu,CWRU,end_to_end,Q8-cpu_dynamic,0,133,21.632651973050088
cpu,CWRU,end_to_end,Q8-cpu_dynamic,0,134,21.551779005676508
cpu,CWRU,end_to_end,Q8-cpu_dynamic,0,135,21.533794002607465
cpu,CWRU,end_to_end,Q8-cpu_dynamic,0,136,21.36447705561295
cpu,CWRU,end_to_end,Q8-cpu_dynamic,0,137,21.097231016028672
cpu,CWRU,end_to_end,Q8-cpu_dynamic,0,138,21.256554988212883
cpu,CWRU,end_to_end,Q8-cpu_dynamic,0,139,20.924511016346514
cpu,CWRU,end_to_end,Q8-cpu_dynamic,0,140,21.42454602289945
cpu,CWRU,end_to_end,Q8-cpu_dynamic,0,141,20.91346704401076
cpu,CWRU,end_to_end,Q8-cpu_dynamic,0,142,21.253863000310957
cpu,CWRU,end_to_end,Q8-cpu_dynamic,0,143,22.092384984716773
cpu,CWRU,end_to_end,Q8-cpu_dynamic,0,144,21.703367994632572
cpu,CWRU,end_to_end,Q8-cpu_dynamic,0,145,22.296012029983103
cpu,CWRU,end_to_end,Q8-cpu_dynamic,0,146,21.397714968770742
cpu,CWRU,end_to_end,Q8-cpu_dynamic,0,147,22.118911030702293
cpu,CWRU,end_to_end,Q8-cpu_dynamic,0,148,21.55796397710219
cpu,CWRU,end_to_end,Q8-cpu_dynamic,0,149,21.830142999533564
cpu,CWRU,end_to_end,Q8-cpu_dynamic,0,150,21.826940996106714
cpu,CWRU,end_to_end,Q8-cpu_dynamic,0,151,21.665228996425867
cpu,CWRU,end_to_end,Q8-cpu_dynamic,0,152,21.99291903525591
cpu,CWRU,end_to_end,Q8-cpu_dynamic,0,153,21.489371021743864
cpu,CWRU,end_to_end,Q8-cpu_dynamic,0,154,21.646749053616077
cpu,CWRU,end_to_end,Q8-cpu_dynamic,0,155,21.298594016116112
cpu,CWRU,end_to_end,Q8-cpu_dynamic,0,156,21.76324202446267
cpu,CWRU,end_to_end,Q8-cpu_dynamic,0,157,21.55389596009627
cpu,CWRU,end_to_end,Q8-cpu_dynamic,0,158,21.385991014540195
cpu,CWRU,end_to_end,Q8-cpu_dynamic,0,159,21.66486397618428
cpu,CWRU,end_to_end,Q8-cpu_dynamic,0,160,21.227010001894087
cpu,CWRU,end_to_end,Q8-cpu_dynamic,0,161,21.248334960546345
cpu,CWRU,end_to_end,Q8-cpu_dynamic,0,162,21.467898972332478
cpu,CWRU,end_to_end,Q8-cpu_dynamic,0,163,21.491029008757323
cpu,CWRU,end_to_end,Q8-cpu_dynamic,0,164,21.716115006711334
cpu,CWRU,end_to_end,Q8-cpu_dynamic,0,165,21.897396014537662
cpu,CWRU,end_to_end,Q8-cpu_dynamic,0,166,21.644575987011194
cpu,CWRU,end_to_end,Q8-cpu_dynamic,0,167,21.987922955304384
cpu,CWRU,end_to_end,Q8-cpu_dynamic,0,168,21.827981050591916
cpu,CWRU,end_to_end,Q8-cpu_dynamic,0,169,21.571422985289246
cpu,CWRU,end_to_end,Q8-cpu_dynamic,0,170,21.433128975331783
cpu,CWRU,end_to_end,Q8-cpu_dynamic,0,171,21.37121302075684
cpu,CWRU,end_to_end,Q8-cpu_dynamic,0,172,21.409592009149492
cpu,CWRU,end_to_end,Q8-cpu_dynamic,0,173,21.705840015783906
cpu,CWRU,end_to_end,Q8-cpu_dynamic,0,174,21.605652989819646
cpu,CWRU,end_to_end,Q8-cpu_dynamic,0,175,21.317026985343546
cpu,CWRU,end_to_end,Q8-cpu_dynamic,0,176,21.44590299576521
cpu,CWRU,end_to_end,Q8-cpu_dynamic,0,177,21.834899962414056
cpu,CWRU,end_to_end,Q8-cpu_dynamic,0,178,21.747927996329963
cpu,CWRU,end_to_end,Q8-cpu_dynamic,0,179,21.550705016124994
cpu,CWRU,end_to_end,Q8-cpu_dynamic,0,180,21.47718903142959
cpu,CWRU,end_to_end,Q8-cpu_dynamic,0,181,21.524465992115438
cpu,CWRU,end_to_end,Q8-cpu_dynamic,0,182,21.54034498380497
cpu,CWRU,end_to_end,Q8-cpu_dynamic,0,183,21.784048003610224
cpu,CWRU,end_to_end,Q8-cpu_dynamic,0,184,21.671590977348387
cpu,CWRU,end_to_end,Q8-cpu_dynamic,0,185,21.81443403242156
cpu,CWRU,end_to_end,Q8-cpu_dynamic,0,186,21.985663974191993
cpu,CWRU,end_to_end,Q8-cpu_dynamic,0,187,21.745697013102472
cpu,CWRU,end_to_end,Q8-cpu_dynamic,0,188,21.804272022563964
cpu,CWRU,end_to_end,Q8-cpu_dynamic,0,189,22.243515006266534
cpu,CWRU,end_to_end,Q8-cpu_dynamic,0,190,21.578100975602865
cpu,CWRU,end_to_end,Q8-cpu_dynamic,0,191,21.372496034018695
cpu,CWRU,end_to_end,Q8-cpu_dynamic,0,192,21.720535005442798
cpu,CWRU,end_to_end,Q8-cpu_dynamic,0,193,21.638486010488123
cpu,CWRU,end_to_end,Q8-cpu_dynamic,0,194,21.858764986973256
cpu,CWRU,end_to_end,Q8-cpu_dynamic,0,195,21.308099036104977
cpu,CWRU,end_to_end,Q8-cpu_dynamic,0,196,21.192559972405434
cpu,CWRU,end_to_end,Q8-cpu_dynamic,0,197,21.12532703904435
cpu,CWRU,end_to_end,Q8-cpu_dynamic,0,198,21.1988509981893
cpu,CWRU,end_to_end,Q8-cpu_dynamic,0,199,21.655845979694277
cpu,CWRU,end_to_end,Q8-cpu_dynamic,0,200,22.094135987572372
cpu,CWRU,end_to_end,Q8-cpu_dynamic,0,201,22.11882302071899
cpu,CWRU,end_to_end,Q8-cpu_dynamic,0,202,21.603932953439653
cpu,CWRU,end_to_end,Q8-cpu_dynamic,0,203,21.781212009955198
cpu,CWRU,end_to_end,Q8-cpu_dynamic,0,204,22.018964984454215
cpu,CWRU,end_to_end,Q8-cpu_dynamic,0,205,21.96596300927922
cpu,CWRU,end_to_end,Q8-cpu_dynamic,0,206,21.851525001693517
cpu,CWRU,end_to_end,Q8-cpu_dynamic,0,207,21.84733800822869
cpu,CWRU,end_to_end,Q8-cpu_dynamic,0,208,22.049750958103687
cpu,CWRU,end_to_end,Q8-cpu_dynamic,0,209,22.117434011306614
cpu,CWRU,end_to_end,Q8-cpu_dynamic,0,210,22.100995003711432
cpu,CWRU,end_to_end,Q8-cpu_dynamic,0,211,22.006973973475397
cpu,CWRU,end_to_end,Q8-cpu_dynamic,0,212,22.072313993703574
cpu,CWRU,end_to_end,Q8-cpu_dynamic,0,213,21.9086580327712
cpu,CWRU,end_to_end,Q8-cpu_dynamic,0,214,21.736613009124994
cpu,CWRU,end_to_end,Q8-cpu_dynamic,0,215,21.904832974541932
cpu,CWRU,end_to_end,Q8-cpu_dynamic,0,216,21.91558899357915
cpu,CWRU,end_to_end,Q8-cpu_dynamic,0,217,21.955115953460336
cpu,CWRU,end_to_end,Q8-cpu_dynamic,0,218,21.87269099522382
cpu,CWRU,end_to_end,Q8-cpu_dynamic,0,219,21.395838994067162
cpu,CWRU,end_to_end,Q8-cpu_dynamic,0,220,21.028482005931437
cpu,CWRU,end_to_end,Q8-cpu_dynamic,0,221,21.11268596490845
cpu,CWRU,end_to_end,Q8-cpu_dynamic,0,222,21.587422990705818
cpu,CWRU,end_to_end,Q8-cpu_dynamic,0,223,21.78170101251453
cpu,CWRU,end_to_end,Q8-cpu_dynamic,0,224,21.506806020624936
cpu,CWRU,end_to_end,Q8-cpu_dynamic,0,225,21.669555047992617
cpu,CWRU,end_to_end,Q8-cpu_dynamic,0,226,21.370235015638173
cpu,CWRU,end_to_end,Q8-cpu_dynamic,0,227,21.452120039612055
cpu,CWRU,end_to_end,Q8-cpu_dynamic,0,228,22.25255500525236
cpu,CWRU,end_to_end,Q8-cpu_dynamic,0,229,21.73243003198877
cpu,CWRU,end_to_end,Q8-cpu_dynamic,0,230,21.51038101874292
cpu,CWRU,end_to_end,Q8-cpu_dynamic,0,231,21.60376898245886
cpu,CWRU,end_to_end,Q8-cpu_dynamic,0,232,21.760930016171187
cpu,CWRU,end_to_end,Q8-cpu_dynamic,0,233,22.16009295079857
cpu,CWRU,end_to_end,Q8-cpu_dynamic,0,234,21.69851795770228
cpu,CWRU,end_to_end,Q8-cpu_dynamic,0,235,21.930648013949394
cpu,CWRU,end_to_end,Q8-cpu_dynamic,0,236,21.790947997942567
cpu,CWRU,end_to_end,Q8-cpu_dynamic,0,237,21.47083601448685
cpu,CWRU,end_to_end,Q8-cpu_dynamic,0,238,21.302755980286747
cpu,CWRU,end_to_end,Q8-cpu_dynamic,0,239,21.86142699792981
cpu,CWRU,end_to_end,Q8-cpu_dynamic,0,240,22.126991010736674
cpu,CWRU,end_to_end,Q8-cpu_dynamic,0,241,21.84376702643931
cpu,CWRU,end_to_end,Q8-cpu_dynamic,0,242,21.80712000699714
cpu,CWRU,end_to_end,Q8-cpu_dynamic,0,243,21.69786999002099
cpu,CWRU,end_to_end,Q8-cpu_dynamic,0,244,21.937559999059886
cpu,CWRU,end_to_end,Q8-cpu_dynamic,0,245,21.53292397269979
cpu,CWRU,end_to_end,Q8-cpu_dynamic,0,246,21.668739966116846
cpu,CWRU,end_to_end,Q8-cpu_dynamic,0,247,21.38268598355353
cpu,CWRU,end_to_end,Q8-cpu_dynamic,0,248,21.419564029201865
cpu,CWRU,end_to_end,Q8-cpu_dynamic,0,249,21.46824903320521
cpu,CWRU,end_to_end,Q8-cpu_dynamic,1,0,22.55629701539874
cpu,CWRU,end_to_end,Q8-cpu_dynamic,1,1,21.834562008734792
cpu,CWRU,end_to_end,Q8-cpu_dynamic,1,2,21.881795022636652
cpu,CWRU,end_to_end,Q8-cpu_dynamic,1,3,21.84068795759231
cpu,CWRU,end_to_end,Q8-cpu_dynamic,1,4,22.09372795186937
cpu,CWRU,end_to_end,Q8-cpu_dynamic,1,5,22.07671699579805
cpu,CWRU,end_to_end,Q8-cpu_dynamic,1,6,22.03079400351271
cpu,CWRU,end_to_end,Q8-cpu_dynamic,1,7,21.341893007047474
cpu,CWRU,end_to_end,Q8-cpu_dynamic,1,8,21.496899018529803
cpu,CWRU,end_to_end,Q8-cpu_dynamic,1,9,21.837623964529485
cpu,CWRU,end_to_end,Q8-cpu_dynamic,1,10,21.44219900947064
cpu,CWRU,end_to_end,Q8-cpu_dynamic,1,11,21.496617002412677
cpu,CWRU,end_to_end,Q8-cpu_dynamic,1,12,21.486159996129572
cpu,CWRU,end_to_end,Q8-cpu_dynamic,1,13,21.456748014315963
cpu,CWRU,end_to_end,Q8-cpu_dynamic,1,14,21.496214962098747
cpu,CWRU,end_to_end,Q8-cpu_dynamic,1,15,21.175361005589366
cpu,CWRU,end_to_end,Q8-cpu_dynamic,1,16,21.815940970554948
cpu,CWRU,end_to_end,Q8-cpu_dynamic,1,17,21.329097042325884
cpu,CWRU,end_to_end,Q8-cpu_dynamic,1,18,21.190184983424842
cpu,CWRU,end_to_end,Q8-cpu_dynamic,1,19,20.867326005827636
cpu,CWRU,end_to_end,Q8-cpu_dynamic,1,20,21.33937698090449
cpu,CWRU,end_to_end,Q8-cpu_dynamic,1,21,21.11073600826785
cpu,CWRU,end_to_end,Q8-cpu_dynamic,1,22,21.603185043204576
cpu,CWRU,end_to_end,Q8-cpu_dynamic,1,23,22.043823963031173
cpu,CWRU,end_to_end,Q8-cpu_dynamic,1,24,21.68546599568799
cpu,CWRU,end_to_end,Q8-cpu_dynamic,1,25,21.766947000287473
cpu,CWRU,end_to_end,Q8-cpu_dynamic,1,26,21.849545009899884
cpu,CWRU,end_to_end,Q8-cpu_dynamic,1,27,21.870234981179237
cpu,CWRU,end_to_end,Q8-cpu_dynamic,1,28,21.518481022212654
cpu,CWRU,end_to_end,Q8-cpu_dynamic,1,29,21.893625031225383
cpu,CWRU,end_to_end,Q8-cpu_dynamic,1,30,21.867953008040786
cpu,CWRU,end_to_end,Q8-cpu_dynamic,1,31,22.232917021028697
cpu,CWRU,end_to_end,Q8-cpu_dynamic,1,32,21.906670997850597
cpu,CWRU,end_to_end,Q8-cpu_dynamic,1,33,21.51012804824859
cpu,CWRU,end_to_end,Q8-cpu_dynamic,1,34,21.44153800327331
cpu,CWRU,end_to_end,Q8-cpu_dynamic,1,35,21.63049898808822
cpu,CWRU,end_to_end,Q8-cpu_dynamic,1,36,21.109771041665226
cpu,CWRU,end_to_end,Q8-cpu_dynamic,1,37,21.139216027222574
cpu,CWRU,end_to_end,Q8-cpu_dynamic,1,38,21.57064399216324
cpu,CWRU,end_to_end,Q8-cpu_dynamic,1,39,21.419398952275515
cpu,CWRU,end_to_end,Q8-cpu_dynamic,1,40,21.619255014229566
cpu,CWRU,end_to_end,Q8-cpu_dynamic,1,41,21.902250009588897
cpu,CWRU,end_to_end,Q8-cpu_dynamic,1,42,21.671288996003568
cpu,CWRU,end_to_end,Q8-cpu_dynamic,1,43,20.982821995858103
cpu,CWRU,end_to_end,Q8-cpu_dynamic,1,44,21.58963499823585
cpu,CWRU,end_to_end,Q8-cpu_dynamic,1,45,21.825611998792738
cpu,CWRU,end_to_end,Q8-cpu_dynamic,1,46,21.588611009065062
cpu,CWRU,end_to_end,Q8-cpu_dynamic,1,47,21.142418030649424
cpu,CWRU,end_to_end,Q8-cpu_dynamic,1,48,21.578552026767284
cpu,CWRU,end_to_end,Q8-cpu_dynamic,1,49,21.24705899041146
cpu,CWRU,end_to_end,Q8-cpu_dynamic,1,50,21.237268985714763
cpu,CWRU,end_to_end,Q8-cpu_dynamic,1,51,21.25436201458797
cpu,CWRU,end_to_end,Q8-cpu_dynamic,1,52,21.652237977832556
cpu,CWRU,end_to_end,Q8-cpu_dynamic,1,53,21.923351974692196
cpu,CWRU,end_to_end,Q8-cpu_dynamic,1,54,21.892218035645783
cpu,CWRU,end_to_end,Q8-cpu_dynamic,1,55,21.932834002655
cpu,CWRU,end_to_end,Q8-cpu_dynamic,1,56,22.1923990175128
cpu,CWRU,end_to_end,Q8-cpu_dynamic,1,57,21.500317961908877
cpu,CWRU,end_to_end,Q8-cpu_dynamic,1,58,21.740911004599184
cpu,CWRU,end_to_end,Q8-cpu_dynamic,1,59,22.046900005079806
cpu,CWRU,end_to_end,Q8-cpu_dynamic,1,60,22.026190999895334
cpu,CWRU,end_to_end,Q8-cpu_dynamic,1,61,21.730587002821267
cpu,CWRU,end_to_end,Q8-cpu_dynamic,1,62,21.568666968960315
cpu,CWRU,end_to_end,Q8-cpu_dynamic,1,63,21.253177023027092
cpu,CWRU,end_to_end,Q8-cpu_dynamic,1,64,21.23375202063471
cpu,CWRU,end_to_end,Q8-cpu_dynamic,1,65,21.5573720051907
cpu,CWRU,end_to_end,Q8-cpu_dynamic,1,66,22.029881016351283
cpu,CWRU,end_to_end,Q8-cpu_dynamic,1,67,21.917274047154933
cpu,CWRU,end_to_end,Q8-cpu_dynamic,1,68,21.800469025038183
cpu,CWRU,end_to_end,Q8-cpu_dynamic,1,69,21.615742007270455
cpu,CWRU,end_to_end,Q8-cpu_dynamic,1,70,21.651194023434073
cpu,CWRU,end_to_end,Q8-cpu_dynamic,1,71,21.327623981051147
cpu,CWRU,end_to_end,Q8-cpu_dynamic,1,72,21.197330963332206
cpu,CWRU,end_to_end,Q8-cpu_dynamic,1,73,20.899010996799916
cpu,CWRU,end_to_end,Q8-cpu_dynamic,1,74,21.727772953454405
cpu,CWRU,end_to_end,Q8-cpu_dynamic,1,75,21.52432396542281
cpu,CWRU,end_to_end,Q8-cpu_dynamic,1,76,21.4252169826068
cpu,CWRU,end_to_end,Q8-cpu_dynamic,1,77,21.641811006702483
cpu,CWRU,end_to_end,Q8-cpu_dynamic,1,78,21.643462008796632
cpu,CWRU,end_to_end,Q8-cpu_dynamic,1,79,21.806236007250845
cpu,CWRU,end_to_end,Q8-cpu_dynamic,1,80,21.465169033035636
cpu,CWRU,end_to_end,Q8-cpu_dynamic,1,81,21.432327979709953
cpu,CWRU,end_to_end,Q8-cpu_dynamic,1,82,21.945285028778017
cpu,CWRU,end_to_end,Q8-cpu_dynamic,1,83,21.964896004647017
cpu,CWRU,end_to_end,Q8-cpu_dynamic,1,84,21.759125986136496
cpu,CWRU,end_to_end,Q8-cpu_dynamic,1,85,21.495755994692445
cpu,CWRU,end_to_end,Q8-cpu_dynamic,1,86,21.112594986334443
cpu,CWRU,end_to_end,Q8-cpu_dynamic,1,87,21.472666005138308
cpu,CWRU,end_to_end,Q8-cpu_dynamic,1,88,21.047624992206693
cpu,CWRU,end_to_end,Q8-cpu_dynamic,1,89,21.975539973936975
cpu,CWRU,end_to_end,Q8-cpu_dynamic,1,90,21.89343300415203
cpu,CWRU,end_to_end,Q8-cpu_dynamic,1,91,21.638033038470894
cpu,CWRU,end_to_end,Q8-cpu_dynamic,1,92,21.806313015986234
cpu,CWRU,end_to_end,Q8-cpu_dynamic,1,93,21.713485999498516
cpu,CWRU,end_to_end,Q8-cpu_dynamic,1,94,22.005771985277534
cpu,CWRU,end_to_end,Q8-cpu_dynamic,1,95,22.08594704279676
cpu,CWRU,end_to_end,Q8-cpu_dynamic,1,96,21.806909004226327
cpu,CWRU,end_to_end,Q8-cpu_dynamic,1,97,21.78751298924908
cpu,CWRU,end_to_end,Q8-cpu_dynamic,1,98,21.734767011366785
cpu,CWRU,end_to_end,Q8-cpu_dynamic,1,99,21.855124039575458
cpu,CWRU,end_to_end,Q8-cpu_dynamic,1,100,21.849094016943127
cpu,CWRU,end_to_end,Q8-cpu_dynamic,1,101,21.624437009450048
cpu,CWRU,end_to_end,Q8-cpu_dynamic,1,102,21.357325022108853
cpu,CWRU,end_to_end,Q8-cpu_dynamic,1,103,22.105551965069026
cpu,CWRU,end_to_end,Q8-cpu_dynamic,1,104,21.53257402824238
cpu,CWRU,end_to_end,Q8-cpu_dynamic,1,105,21.50771499145776
cpu,CWRU,end_to_end,Q8-cpu_dynamic,1,106,21.465037018060684
cpu,CWRU,end_to_end,Q8-cpu_dynamic,1,107,21.947745990473777
cpu,CWRU,end_to_end,Q8-cpu_dynamic,1,108,21.909188013523817
cpu,CWRU,end_to_end,Q8-cpu_dynamic,1,109,21.97179099312052
cpu,CWRU,end_to_end,Q8-cpu_dynamic,1,110,21.556287014391273
cpu,CWRU,end_to_end,Q8-cpu_dynamic,1,111,21.65757498005405
cpu,CWRU,end_to_end,Q8-cpu_dynamic,1,112,21.00626495666802
cpu,CWRU,end_to_end,Q8-cpu_dynamic,1,113,21.235569030977786
cpu,CWRU,end_to_end,Q8-cpu_dynamic,1,114,21.476021967828274
cpu,CWRU,end_to_end,Q8-cpu_dynamic,1,115,22.014099988155067
cpu,CWRU,end_to_end,Q8-cpu_dynamic,1,116,21.7933040112257
cpu,CWRU,end_to_end,Q8-cpu_dynamic,1,117,21.83364098891616
cpu,CWRU,end_to_end,Q8-cpu_dynamic,1,118,22.051822976209223
cpu,CWRU,end_to_end,Q8-cpu_dynamic,1,119,21.96972502861172
cpu,CWRU,end_to_end,Q8-cpu_dynamic,1,120,21.727152983658016
cpu,CWRU,end_to_end,Q8-cpu_dynamic,1,121,21.874118014238775
cpu,CWRU,end_to_end,Q8-cpu_dynamic,1,122,21.727062005084008
cpu,CWRU,end_to_end,Q8-cpu_dynamic,1,123,22.094079002272338
cpu,CWRU,end_to_end,Q8-cpu_dynamic,1,124,22.162848035804927
cpu,CWRU,end_to_end,Q8-cpu_dynamic,1,125,21.826592041179538
cpu,CWRU,end_to_end,Q8-cpu_dynamic,1,126,22.194698976818472
cpu,CWRU,end_to_end,Q8-cpu_dynamic,1,127,21.890991018153727
cpu,CWRU,end_to_end,Q8-cpu_dynamic,1,128,21.90617797896266
cpu,CWRU,end_to_end,Q8-cpu_dynamic,1,129,21.848421019967645
cpu,CWRU,end_to_end,Q8-cpu_dynamic,1,130,21.968308021314442
cpu,CWRU,end_to_end,Q8-cpu_dynamic,1,131,21.533769962843508
cpu,CWRU,end_to_end,Q8-cpu_dynamic,1,132,21.513137966394424
cpu,CWRU,end_to_end,Q8-cpu_dynamic,1,133,21.366005996242166
cpu,CWRU,end_to_end,Q8-cpu_dynamic,1,134,21.59744396340102
cpu,CWRU,end_to_end,Q8-cpu_dynamic,1,135,21.904825000092387
cpu,CWRU,end_to_end,Q8-cpu_dynamic,1,136,21.85594500042498
cpu,CWRU,end_to_end,Q8-cpu_dynamic,1,137,21.694396971724927
cpu,CWRU,end_to_end,Q8-cpu_dynamic,1,138,21.92328596720472
cpu,CWRU,end_to_end,Q8-cpu_dynamic,1,139,21.707520994823426
cpu,CWRU,end_to_end,Q8-cpu_dynamic,1,140,22.013654001057148
cpu,CWRU,end_to_end,Q8-cpu_dynamic,1,141,21.565727016422898
cpu,CWRU,end_to_end,Q8-cpu_dynamic,1,142,21.479710994753987
cpu,CWRU,end_to_end,Q8-cpu_dynamic,1,143,21.74357301555574
cpu,CWRU,end_to_end,Q8-cpu_dynamic,1,144,22.04322995385155
cpu,CWRU,end_to_end,Q8-cpu_dynamic,1,145,22.050303989090025
cpu,CWRU,end_to_end,Q8-cpu_dynamic,1,146,21.66965900687501
cpu,CWRU,end_to_end,Q8-cpu_dynamic,1,147,21.82766399346292
cpu,CWRU,end_to_end,Q8-cpu_dynamic,1,148,21.91820996813476
cpu,CWRU,end_to_end,Q8-cpu_dynamic,1,149,22.081500035710633
cpu,CWRU,end_to_end,Q8-cpu_dynamic,1,150,21.70759200816974
cpu,CWRU,end_to_end,Q8-cpu_dynamic,1,151,22.456999984569848
cpu,CWRU,end_to_end,Q8-cpu_dynamic,1,152,21.954564028419554
cpu,CWRU,end_to_end,Q8-cpu_dynamic,1,153,21.55962202232331
cpu,CWRU,end_to_end,Q8-cpu_dynamic,1,154,21.902234002482146
cpu,CWRU,end_to_end,Q8-cpu_dynamic,1,155,21.710122004151344
cpu,CWRU,end_to_end,Q8-cpu_dynamic,1,156,21.77409501746297
cpu,CWRU,end_to_end,Q8-cpu_dynamic,1,157,21.77975996164605
cpu,CWRU,end_to_end,Q8-cpu_dynamic,1,158,21.47747704293579
cpu,CWRU,end_to_end,Q8-cpu_dynamic,1,159,21.485137986019254
cpu,CWRU,end_to_end,Q8-cpu_dynamic,1,160,21.875505975913256
cpu,CWRU,end_to_end,Q8-cpu_dynamic,1,161,21.895890997257084
cpu,CWRU,end_to_end,Q8-cpu_dynamic,1,162,21.663995983544737
cpu,CWRU,end_to_end,Q8-cpu_dynamic,1,163,21.745354984886944
cpu,CWRU,end_to_end,Q8-cpu_dynamic,1,164,21.78205701056868
cpu,CWRU,end_to_end,Q8-cpu_dynamic,1,165,21.91859297454357
cpu,CWRU,end_to_end,Q8-cpu_dynamic,1,166,21.89938898663968
cpu,CWRU,end_to_end,Q8-cpu_dynamic,1,167,21.350520954001695
cpu,CWRU,end_to_end,Q8-cpu_dynamic,1,168,21.79578598588705
cpu,CWRU,end_to_end,Q8-cpu_dynamic,1,169,22.466402035206556
cpu,CWRU,end_to_end,Q8-cpu_dynamic,1,170,22.38555601797998
cpu,CWRU,end_to_end,Q8-cpu_dynamic,1,171,21.707934036385268
cpu,CWRU,end_to_end,Q8-cpu_dynamic,1,172,21.529250021558255
cpu,CWRU,end_to_end,Q8-cpu_dynamic,1,173,21.873129007872194
cpu,CWRU,end_to_end,Q8-cpu_dynamic,1,174,22.31037401361391
cpu,CWRU,end_to_end,Q8-cpu_dynamic,1,175,21.64810203248635
cpu,CWRU,end_to_end,Q8-cpu_dynamic,1,176,21.823693998157978
cpu,CWRU,end_to_end,Q8-cpu_dynamic,1,177,21.784842014312744
cpu,CWRU,end_to_end,Q8-cpu_dynamic,1,178,21.7669130070135
cpu,CWRU,end_to_end,Q8-cpu_dynamic,1,179,22.085066011641175
cpu,CWRU,end_to_end,Q8-cpu_dynamic,1,180,21.610990981571376
cpu,CWRU,end_to_end,Q8-cpu_dynamic,1,181,21.83362003415823
cpu,CWRU,end_to_end,Q8-cpu_dynamic,1,182,22.08200196037069
cpu,CWRU,end_to_end,Q8-cpu_dynamic,1,183,21.87969197984785
cpu,CWRU,end_to_end,Q8-cpu_dynamic,1,184,22.07447902765125
cpu,CWRU,end_to_end,Q8-cpu_dynamic,1,185,21.818016015458852
cpu,CWRU,end_to_end,Q8-cpu_dynamic,1,186,22.054122004192322
cpu,CWRU,end_to_end,Q8-cpu_dynamic,1,187,21.989873028360307
cpu,CWRU,end_to_end,Q8-cpu_dynamic,1,188,22.236651042476296
cpu,CWRU,end_to_end,Q8-cpu_dynamic,1,189,21.73445199150592
cpu,CWRU,end_to_end,Q8-cpu_dynamic,1,190,21.95905998814851
cpu,CWRU,end_to_end,Q8-cpu_dynamic,1,191,21.799855050630867
cpu,CWRU,end_to_end,Q8-cpu_dynamic,1,192,21.878230036236346
cpu,CWRU,end_to_end,Q8-cpu_dynamic,1,193,22.00582600198686
cpu,CWRU,end_to_end,Q8-cpu_dynamic,1,194,21.761679963674396
cpu,CWRU,end_to_end,Q8-cpu_dynamic,1,195,21.60309301689267
cpu,CWRU,end_to_end,Q8-cpu_dynamic,1,196,21.200292045250535
cpu,CWRU,end_to_end,Q8-cpu_dynamic,1,197,21.66768698953092
cpu,CWRU,end_to_end,Q8-cpu_dynamic,1,198,21.82334801182151
cpu,CWRU,end_to_end,Q8-cpu_dynamic,1,199,21.842199028469622
cpu,CWRU,end_to_end,Q8-cpu_dynamic,1,200,21.887367009185255
cpu,CWRU,end_to_end,Q8-cpu_dynamic,1,201,21.83770900592208
cpu,CWRU,end_to_end,Q8-cpu_dynamic,1,202,21.82549296412617
cpu,CWRU,end_to_end,Q8-cpu_dynamic,1,203,21.61327301291749
cpu,CWRU,end_to_end,Q8-cpu_dynamic,1,204,21.432038978673518
cpu,CWRU,end_to_end,Q8-cpu_dynamic,1,205,21.75108401570469
cpu,CWRU,end_to_end,Q8-cpu_dynamic,1,206,21.453275985550135
cpu,CWRU,end_to_end,Q8-cpu_dynamic,1,207,21.705684950575233
cpu,CWRU,end_to_end,Q8-cpu_dynamic,1,208,21.427478990517557
cpu,CWRU,end_to_end,Q8-cpu_dynamic,1,209,21.463166980538517
cpu,CWRU,end_to_end,Q8-cpu_dynamic,1,210,21.826282958500087
cpu,CWRU,end_to_end,Q8-cpu_dynamic,1,211,21.763989992905408
cpu,CWRU,end_to_end,Q8-cpu_dynamic,1,212,21.88404300250113
cpu,CWRU,end_to_end,Q8-cpu_dynamic,1,213,21.891359006986022
cpu,CWRU,end_to_end,Q8-cpu_dynamic,1,214,21.934259042609483
cpu,CWRU,end_to_end,Q8-cpu_dynamic,1,215,22.20932801719755
cpu,CWRU,end_to_end,Q8-cpu_dynamic,1,216,21.8325539608486
cpu,CWRU,end_to_end,Q8-cpu_dynamic,1,217,21.92614000523463
cpu,CWRU,end_to_end,Q8-cpu_dynamic,1,218,21.498209971468896
cpu,CWRU,end_to_end,Q8-cpu_dynamic,1,219,21.380498015787452
cpu,CWRU,end_to_end,Q8-cpu_dynamic,1,220,22.51089597120881
cpu,CWRU,end_to_end,Q8-cpu_dynamic,1,221,21.63202699739486
cpu,CWRU,end_to_end,Q8-cpu_dynamic,1,222,22.342743002809584
cpu,CWRU,end_to_end,Q8-cpu_dynamic,1,223,21.958603989332914
cpu,CWRU,end_to_end,Q8-cpu_dynamic,1,224,21.9682389870286
cpu,CWRU,end_to_end,Q8-cpu_dynamic,1,225,22.020814009010792
cpu,CWRU,end_to_end,Q8-cpu_dynamic,1,226,21.837285021319985
cpu,CWRU,end_to_end,Q8-cpu_dynamic,1,227,22.320642950944602
cpu,CWRU,end_to_end,Q8-cpu_dynamic,1,228,21.477600967045873
cpu,CWRU,end_to_end,Q8-cpu_dynamic,1,229,21.464013028889894
cpu,CWRU,end_to_end,Q8-cpu_dynamic,1,230,21.527007047552615
cpu,CWRU,end_to_end,Q8-cpu_dynamic,1,231,21.509487996809185
cpu,CWRU,end_to_end,Q8-cpu_dynamic,1,232,21.6841499786824
cpu,CWRU,end_to_end,Q8-cpu_dynamic,1,233,21.856510022189468
cpu,CWRU,end_to_end,Q8-cpu_dynamic,1,234,21.75081003224477
cpu,CWRU,end_to_end,Q8-cpu_dynamic,1,235,21.49538102094084
cpu,CWRU,end_to_end,Q8-cpu_dynamic,1,236,21.551992977038026
cpu,CWRU,end_to_end,Q8-cpu_dynamic,1,237,21.73447498353198
cpu,CWRU,end_to_end,Q8-cpu_dynamic,1,238,21.53958403505385
cpu,CWRU,end_to_end,Q8-cpu_dynamic,1,239,21.322612010408193
cpu,CWRU,end_to_end,Q8-cpu_dynamic,1,240,21.352151001337916
cpu,CWRU,end_to_end,Q8-cpu_dynamic,1,241,21.839291031938046
cpu,CWRU,end_to_end,Q8-cpu_dynamic,1,242,21.74533501965925
cpu,CWRU,end_to_end,Q8-cpu_dynamic,1,243,21.8199550290592
cpu,CWRU,end_to_end,Q8-cpu_dynamic,1,244,21.493074018508196
cpu,CWRU,end_to_end,Q8-cpu_dynamic,1,245,21.511882019694895
cpu,CWRU,end_to_end,Q8-cpu_dynamic,1,246,21.490308979991823
cpu,CWRU,end_to_end,Q8-cpu_dynamic,1,247,21.168950013816357
cpu,CWRU,end_to_end,Q8-cpu_dynamic,1,248,21.163467958103865
cpu,CWRU,end_to_end,Q8-cpu_dynamic,1,249,21.446994971483946
cpu,CWRU,end_to_end,K1-FP32,1,0,23.61571101937443
cpu,CWRU,end_to_end,K1-FP32,1,1,23.059594037476927
cpu,CWRU,end_to_end,K1-FP32,1,2,23.159236006904393
cpu,CWRU,end_to_end,K1-FP32,1,3,23.371800023596734
cpu,CWRU,end_to_end,K1-FP32,1,4,23.122926999349147
cpu,CWRU,end_to_end,K1-FP32,1,5,23.614718986209482
cpu,CWRU,end_to_end,K1-FP32,1,6,23.300488013774157
cpu,CWRU,end_to_end,K1-FP32,1,7,23.357824014965445
cpu,CWRU,end_to_end,K1-FP32,1,8,23.767119040712714
cpu,CWRU,end_to_end,K1-FP32,1,9,23.420070996508002
cpu,CWRU,end_to_end,K1-FP32,1,10,23.366190027445555
cpu,CWRU,end_to_end,K1-FP32,1,11,24.219320039264858
cpu,CWRU,end_to_end,K1-FP32,1,12,22.836741991341114
cpu,CWRU,end_to_end,K1-FP32,1,13,23.098505043890327
cpu,CWRU,end_to_end,K1-FP32,1,14,22.830828034784645
cpu,CWRU,end_to_end,K1-FP32,1,15,23.564572969917208
cpu,CWRU,end_to_end,K1-FP32,1,16,23.133087961468846
cpu,CWRU,end_to_end,K1-FP32,1,17,24.17757600778714
cpu,CWRU,end_to_end,K1-FP32,1,18,23.07994500733912
cpu,CWRU,end_to_end,K1-FP32,1,19,23.131963971536607
cpu,CWRU,end_to_end,K1-FP32,1,20,24.013702990487218
cpu,CWRU,end_to_end,K1-FP32,1,21,23.27590499771759
cpu,CWRU,end_to_end,K1-FP32,1,22,23.235349042806774
cpu,CWRU,end_to_end,K1-FP32,1,23,23.47685396671295
cpu,CWRU,end_to_end,K1-FP32,1,24,23.57649605255574
cpu,CWRU,end_to_end,K1-FP32,1,25,23.5855930368416
cpu,CWRU,end_to_end,K1-FP32,1,26,23.533139959909022
cpu,CWRU,end_to_end,K1-FP32,1,27,23.459147021640092
cpu,CWRU,end_to_end,K1-FP32,1,28,23.32417300203815
cpu,CWRU,end_to_end,K1-FP32,1,29,23.110472015105188
cpu,CWRU,end_to_end,K1-FP32,1,30,23.346095986198634
cpu,CWRU,end_to_end,K1-FP32,1,31,23.54141802061349
cpu,CWRU,end_to_end,K1-FP32,1,32,23.561280977446586
cpu,CWRU,end_to_end,K1-FP32,1,33,23.069591028615832
cpu,CWRU,end_to_end,K1-FP32,1,34,23.280324996449053
cpu,CWRU,end_to_end,K1-FP32,1,35,23.300461005419493
cpu,CWRU,end_to_end,K1-FP32,1,36,23.50295498035848
cpu,CWRU,end_to_end,K1-FP32,1,37,23.445365019142628
cpu,CWRU,end_to_end,K1-FP32,1,38,23.236479959450662
cpu,CWRU,end_to_end,K1-FP32,1,39,23.491233005188406
cpu,CWRU,end_to_end,K1-FP32,1,40,23.127873020712286
cpu,CWRU,end_to_end,K1-FP32,1,41,23.360151972156018
cpu,CWRU,end_to_end,K1-FP32,1,42,23.569173004943877
cpu,CWRU,end_to_end,K1-FP32,1,43,23.22834200458601
cpu,CWRU,end_to_end,K1-FP32,1,44,23.137580952607095
cpu,CWRU,end_to_end,K1-FP32,1,45,23.56272703036666
cpu,CWRU,end_to_end,K1-FP32,1,46,23.786857025697827
cpu,CWRU,end_to_end,K1-FP32,1,47,23.805921955499798
cpu,CWRU,end_to_end,K1-FP32,1,48,23.099804995581508
cpu,CWRU,end_to_end,K1-FP32,1,49,22.957340988796204
cpu,CWRU,end_to_end,K1-FP32,1,50,23.258291999809444
cpu,CWRU,end_to_end,K1-FP32,1,51,23.438563977833837
cpu,CWRU,end_to_end,K1-FP32,1,52,23.579280998092145
cpu,CWRU,end_to_end,K1-FP32,1,53,23.047912982292473
cpu,CWRU,end_to_end,K1-FP32,1,54,22.945970995351672
cpu,CWRU,end_to_end,K1-FP32,1,55,23.24569900520146
cpu,CWRU,end_to_end,K1-FP32,1,56,23.284026014152914
cpu,CWRU,end_to_end,K1-FP32,1,57,22.9698849725537
cpu,CWRU,end_to_end,K1-FP32,1,58,22.923140961211175
cpu,CWRU,end_to_end,K1-FP32,1,59,22.82620797632262
cpu,CWRU,end_to_end,K1-FP32,1,60,23.139943019486964
cpu,CWRU,end_to_end,K1-FP32,1,61,23.567708034534007
cpu,CWRU,end_to_end,K1-FP32,1,62,22.91091700317338
cpu,CWRU,end_to_end,K1-FP32,1,63,23.16460502333939
cpu,CWRU,end_to_end,K1-FP32,1,64,23.164963989984244
cpu,CWRU,end_to_end,K1-FP32,1,65,22.94590196106583
cpu,CWRU,end_to_end,K1-FP32,1,66,23.85892200982198
cpu,CWRU,end_to_end,K1-FP32,1,67,23.36140495026484
cpu,CWRU,end_to_end,K1-FP32,1,68,23.50064500933513
cpu,CWRU,end_to_end,K1-FP32,1,69,23.151429020799696
cpu,CWRU,end_to_end,K1-FP32,1,70,23.402313992846757
cpu,CWRU,end_to_end,K1-FP32,1,71,23.472472035791725
cpu,CWRU,end_to_end,K1-FP32,1,72,23.302337038330734
cpu,CWRU,end_to_end,K1-FP32,1,73,23.09804002288729
cpu,CWRU,end_to_end,K1-FP32,1,74,23.324153036810458
cpu,CWRU,end_to_end,K1-FP32,1,75,23.414401977788657
cpu,CWRU,end_to_end,K1-FP32,1,76,23.477637965697795
cpu,CWRU,end_to_end,K1-FP32,1,77,23.17877800669521
cpu,CWRU,end_to_end,K1-FP32,1,78,22.90570898912847
cpu,CWRU,end_to_end,K1-FP32,1,79,23.005067952908576
cpu,CWRU,end_to_end,K1-FP32,1,80,24.779089028015733
cpu,CWRU,end_to_end,K1-FP32,1,81,23.52119702845812
cpu,CWRU,end_to_end,K1-FP32,1,82,23.3087390079163
cpu,CWRU,end_to_end,K1-FP32,1,83,23.627903021406382
cpu,CWRU,end_to_end,K1-FP32,1,84,23.068816983141005
cpu,CWRU,end_to_end,K1-FP32,1,85,23.28552701510489
cpu,CWRU,end_to_end,K1-FP32,1,86,23.31735397456214
cpu,CWRU,end_to_end,K1-FP32,1,87,23.456588969565928
cpu,CWRU,end_to_end,K1-FP32,1,88,23.450559994671494
cpu,CWRU,end_to_end,K1-FP32,1,89,23.396378965117037
cpu,CWRU,end_to_end,K1-FP32,1,90,22.983558010309935
cpu,CWRU,end_to_end,K1-FP32,1,91,23.076996963936836
cpu,CWRU,end_to_end,K1-FP32,1,92,23.458679963368922
cpu,CWRU,end_to_end,K1-FP32,1,93,23.313989979214966
cpu,CWRU,end_to_end,K1-FP32,1,94,22.881447977852076
cpu,CWRU,end_to_end,K1-FP32,1,95,22.901223972439766
cpu,CWRU,end_to_end,K1-FP32,1,96,23.726102022919804
cpu,CWRU,end_to_end,K1-FP32,1,97,23.222998017445207
cpu,CWRU,end_to_end,K1-FP32,1,98,23.304486996494234
cpu,CWRU,end_to_end,K1-FP32,1,99,23.599033011123538
cpu,CWRU,end_to_end,K1-FP32,1,100,23.307994997594506
cpu,CWRU,end_to_end,K1-FP32,1,101,22.93615700909868
cpu,CWRU,end_to_end,K1-FP32,1,102,23.308206000365317
cpu,CWRU,end_to_end,K1-FP32,1,103,23.45956797944382
cpu,CWRU,end_to_end,K1-FP32,1,104,23.49371899617836
cpu,CWRU,end_to_end,K1-FP32,1,105,23.388191999401897
cpu,CWRU,end_to_end,K1-FP32,1,106,23.822443035896868
cpu,CWRU,end_to_end,K1-FP32,1,107,23.00313301384449
cpu,CWRU,end_to_end,K1-FP32,1,108,23.146223044022918
cpu,CWRU,end_to_end,K1-FP32,1,109,23.561758047435433
cpu,CWRU,end_to_end,K1-FP32,1,110,23.119108052924275
cpu,CWRU,end_to_end,K1-FP32,1,111,23.272499965969473
cpu,CWRU,end_to_end,K1-FP32,1,112,23.340555955655873
cpu,CWRU,end_to_end,K1-FP32,1,113,23.56920496094972
cpu,CWRU,end_to_end,K1-FP32,1,114,23.175396025180817
cpu,CWRU,end_to_end,K1-FP32,1,115,23.28841498820111
cpu,CWRU,end_to_end,K1-FP32,1,116,23.485180048737675
cpu,CWRU,end_to_end,K1-FP32,1,117,23.10086297802627
cpu,CWRU,end_to_end,K1-FP32,1,118,23.999060038477182
cpu,CWRU,end_to_end,K1-FP32,1,119,23.356256016995758
cpu,CWRU,end_to_end,K1-FP32,1,120,23.24613800738007
cpu,CWRU,end_to_end,K1-FP32,1,121,23.180533957201988
cpu,CWRU,end_to_end,K1-FP32,1,122,23.208978993352503
cpu,CWRU,end_to_end,K1-FP32,1,123,23.7951289745979
cpu,CWRU,end_to_end,K1-FP32,1,124,23.049511946737766
cpu,CWRU,end_to_end,K1-FP32,1,125,23.335637990385294
cpu,CWRU,end_to_end,K1-FP32,1,126,23.555208987090737
cpu,CWRU,end_to_end,K1-FP32,1,127,23.36034399922937
cpu,CWRU,end_to_end,K1-FP32,1,128,23.597399005666375
cpu,CWRU,end_to_end,K1-FP32,1,129,23.511300038080662
cpu,CWRU,end_to_end,K1-FP32,1,130,23.65764498244971
cpu,CWRU,end_to_end,K1-FP32,1,131,23.603929032105953
cpu,CWRU,end_to_end,K1-FP32,1,132,23.13173998845741
cpu,CWRU,end_to_end,K1-FP32,1,133,23.43280299101025
cpu,CWRU,end_to_end,K1-FP32,1,134,23.32971798023209
cpu,CWRU,end_to_end,K1-FP32,1,135,23.15866103162989
cpu,CWRU,end_to_end,K1-FP32,1,136,23.168705985881388
cpu,CWRU,end_to_end,K1-FP32,1,137,23.51044799434021
cpu,CWRU,end_to_end,K1-FP32,1,138,22.92082703206688
cpu,CWRU,end_to_end,K1-FP32,1,139,23.66742299636826
cpu,CWRU,end_to_end,K1-FP32,1,140,23.310710967052728
cpu,CWRU,end_to_end,K1-FP32,1,141,23.34912499645725
cpu,CWRU,end_to_end,K1-FP32,1,142,23.931411968078464
cpu,CWRU,end_to_end,K1-FP32,1,143,22.961993992794305
cpu,CWRU,end_to_end,K1-FP32,1,144,23.31134199630469
cpu,CWRU,end_to_end,K1-FP32,1,145,23.394322954118252
cpu,CWRU,end_to_end,K1-FP32,1,146,23.493331973440945
cpu,CWRU,end_to_end,K1-FP32,1,147,23.34352000616491
cpu,CWRU,end_to_end,K1-FP32,1,148,23.393323994241655
cpu,CWRU,end_to_end,K1-FP32,1,149,23.14388402737677
cpu,CWRU,end_to_end,K1-FP32,1,150,23.09042797423899
cpu,CWRU,end_to_end,K1-FP32,1,151,23.313830024562776
cpu,CWRU,end_to_end,K1-FP32,1,152,23.36032799212262
cpu,CWRU,end_to_end,K1-FP32,1,153,23.22359796380624
cpu,CWRU,end_to_end,K1-FP32,1,154,23.538967012427747
cpu,CWRU,end_to_end,K1-FP32,1,155,23.418391996528953
cpu,CWRU,end_to_end,K1-FP32,1,156,23.531813989393413
cpu,CWRU,end_to_end,K1-FP32,1,157,23.516714049037546
cpu,CWRU,end_to_end,K1-FP32,1,158,23.51120300590992
cpu,CWRU,end_to_end,K1-FP32,1,159,23.290913028176874
cpu,CWRU,end_to_end,K1-FP32,1,160,23.382215993478894
cpu,CWRU,end_to_end,K1-FP32,1,161,50.440507009625435
cpu,CWRU,end_to_end,K1-FP32,1,162,23.038337007164955
cpu,CWRU,end_to_end,K1-FP32,1,163,23.32505100639537
cpu,CWRU,end_to_end,K1-FP32,1,164,23.369520029518753
cpu,CWRU,end_to_end,K1-FP32,1,165,23.735972004942596
cpu,CWRU,end_to_end,K1-FP32,1,166,22.831141017377377
cpu,CWRU,end_to_end,K1-FP32,1,167,22.937381989322603
cpu,CWRU,end_to_end,K1-FP32,1,168,23.12497200910002
cpu,CWRU,end_to_end,K1-FP32,1,169,23.226761957630515
cpu,CWRU,end_to_end,K1-FP32,1,170,22.96986000146717
cpu,CWRU,end_to_end,K1-FP32,1,171,23.48742401227355
cpu,CWRU,end_to_end,K1-FP32,1,172,22.99636200768873
cpu,CWRU,end_to_end,K1-FP32,1,173,23.38442695327103
cpu,CWRU,end_to_end,K1-FP32,1,174,23.175927984993905
cpu,CWRU,end_to_end,K1-FP32,1,175,23.31619500182569
cpu,CWRU,end_to_end,K1-FP32,1,176,23.01746205193922
cpu,CWRU,end_to_end,K1-FP32,1,177,22.70189597038552
cpu,CWRU,end_to_end,K1-FP32,1,178,22.9560459847562
cpu,CWRU,end_to_end,K1-FP32,1,179,23.10558798490092
cpu,CWRU,end_to_end,K1-FP32,1,180,22.70216296892613
cpu,CWRU,end_to_end,K1-FP32,1,181,23.681160993874073
cpu,CWRU,end_to_end,K1-FP32,1,182,22.58693496696651
cpu,CWRU,end_to_end,K1-FP32,1,183,22.948140976950526
cpu,CWRU,end_to_end,K1-FP32,1,184,23.025250004138798
cpu,CWRU,end_to_end,K1-FP32,1,185,23.38054997380823
cpu,CWRU,end_to_end,K1-FP32,1,186,23.54143897537142
cpu,CWRU,end_to_end,K1-FP32,1,187,23.54726695921272
cpu,CWRU,end_to_end,K1-FP32,1,188,23.024425958283246
cpu,CWRU,end_to_end,K1-FP32,1,189,23.21055601350963
cpu,CWRU,end_to_end,K1-FP32,1,190,23.87574198655784
cpu,CWRU,end_to_end,K1-FP32,1,191,23.454719979781657
cpu,CWRU,end_to_end,K1-FP32,1,192,23.879253945779055
cpu,CWRU,end_to_end,K1-FP32,1,193,23.029181989841163
cpu,CWRU,end_to_end,K1-FP32,1,194,23.314202029723674
cpu,CWRU,end_to_end,K1-FP32,1,195,23.115056043025106
cpu,CWRU,end_to_end,K1-FP32,1,196,22.517565987072885
cpu,CWRU,end_to_end,K1-FP32,1,197,23.40192103292793
cpu,CWRU,end_to_end,K1-FP32,1,198,23.41590099968016
cpu,CWRU,end_to_end,K1-FP32,1,199,23.720106983091682
cpu,CWRU,end_to_end,K1-FP32,1,200,23.2430660398677
cpu,CWRU,end_to_end,K1-FP32,1,201,23.21135002421215
cpu,CWRU,end_to_end,K1-FP32,1,202,23.277893022168428
cpu,CWRU,end_to_end,K1-FP32,1,203,23.266678035724908
cpu,CWRU,end_to_end,K1-FP32,1,204,23.726923973299563
cpu,CWRU,end_to_end,K1-FP32,1,205,23.130856978241354
cpu,CWRU,end_to_end,K1-FP32,1,206,23.50890199886635
cpu,CWRU,end_to_end,K1-FP32,1,207,22.949104954022914
cpu,CWRU,end_to_end,K1-FP32,1,208,23.04597001057118
cpu,CWRU,end_to_end,K1-FP32,1,209,23.261530965100974
cpu,CWRU,end_to_end,K1-FP32,1,210,23.559418972581625
cpu,CWRU,end_to_end,K1-FP32,1,211,23.494906025007367
cpu,CWRU,end_to_end,K1-FP32,1,212,23.427970008924603
cpu,CWRU,end_to_end,K1-FP32,1,213,23.10806099558249
cpu,CWRU,end_to_end,K1-FP32,1,214,23.299783992115408
cpu,CWRU,end_to_end,K1-FP32,1,215,23.02374196005985
cpu,CWRU,end_to_end,K1-FP32,1,216,22.969036013819277
cpu,CWRU,end_to_end,K1-FP32,1,217,23.25248101260513
cpu,CWRU,end_to_end,K1-FP32,1,218,23.363112995866686
cpu,CWRU,end_to_end,K1-FP32,1,219,23.306155984755605
cpu,CWRU,end_to_end,K1-FP32,1,220,23.552910948637873
cpu,CWRU,end_to_end,K1-FP32,1,221,23.377264034934342
cpu,CWRU,end_to_end,K1-FP32,1,222,23.62890902440995
cpu,CWRU,end_to_end,K1-FP32,1,223,23.6468689981848
cpu,CWRU,end_to_end,K1-FP32,1,224,24.022062018048018
cpu,CWRU,end_to_end,K1-FP32,1,225,23.119469988159835
cpu,CWRU,end_to_end,K1-FP32,1,226,23.341347987297922
cpu,CWRU,end_to_end,K1-FP32,1,227,23.25388602912426
cpu,CWRU,end_to_end,K1-FP32,1,228,23.722372017800808
cpu,CWRU,end_to_end,K1-FP32,1,229,23.253355000633746
cpu,CWRU,end_to_end,K1-FP32,1,230,23.27009098371491
cpu,CWRU,end_to_end,K1-FP32,1,231,23.683067003730685
cpu,CWRU,end_to_end,K1-FP32,1,232,23.130677989684045
cpu,CWRU,end_to_end,K1-FP32,1,233,23.40590296080336
cpu,CWRU,end_to_end,K1-FP32,1,234,23.532719002105296
cpu,CWRU,end_to_end,K1-FP32,1,235,23.3545700320974
cpu,CWRU,end_to_end,K1-FP32,1,236,23.30088400049135
cpu,CWRU,end_to_end,K1-FP32,1,237,22.97738299239427
cpu,CWRU,end_to_end,K1-FP32,1,238,23.069584975019097
cpu,CWRU,end_to_end,K1-FP32,1,239,23.61938200192526
cpu,CWRU,end_to_end,K1-FP32,1,240,23.1086160056293
cpu,CWRU,end_to_end,K1-FP32,1,241,23.84279400575906
cpu,CWRU,end_to_end,K1-FP32,1,242,23.00330699654296
cpu,CWRU,end_to_end,K1-FP32,1,243,23.49493803922087
cpu,CWRU,end_to_end,K1-FP32,1,244,23.401117010507733
cpu,CWRU,end_to_end,K1-FP32,1,245,23.459215997718275
cpu,CWRU,end_to_end,K1-FP32,1,246,23.290977987926453
cpu,CWRU,end_to_end,K1-FP32,1,247,23.376384982839227
cpu,CWRU,end_to_end,K1-FP32,1,248,23.701514990534633
cpu,CWRU,end_to_end,K1-FP32,1,249,23.63065304234624
cpu,CWRU,end_to_end,K1-FP32,2,0,23.618092003744096
cpu,CWRU,end_to_end,K1-FP32,2,1,22.795809025410563
cpu,CWRU,end_to_end,K1-FP32,2,2,22.804651991464198
cpu,CWRU,end_to_end,K1-FP32,2,3,23.008574964478612
cpu,CWRU,end_to_end,K1-FP32,2,4,23.110780050046742
cpu,CWRU,end_to_end,K1-FP32,2,5,22.83328300109133
cpu,CWRU,end_to_end,K1-FP32,2,6,22.680423979181796
cpu,CWRU,end_to_end,K1-FP32,2,7,23.097714001778513
cpu,CWRU,end_to_end,K1-FP32,2,8,22.990578960161656
cpu,CWRU,end_to_end,K1-FP32,2,9,23.108457040507346
cpu,CWRU,end_to_end,K1-FP32,2,10,23.95987301133573
cpu,CWRU,end_to_end,K1-FP32,2,11,23.558065004181117
cpu,CWRU,end_to_end,K1-FP32,2,12,23.1412349967286
cpu,CWRU,end_to_end,K1-FP32,2,13,23.591722012497485
cpu,CWRU,end_to_end,K1-FP32,2,14,23.261182999704033
cpu,CWRU,end_to_end,K1-FP32,2,15,23.594274010974914
cpu,CWRU,end_to_end,K1-FP32,2,16,22.911045991349965
cpu,CWRU,end_to_end,K1-FP32,2,17,23.640301020350307
cpu,CWRU,end_to_end,K1-FP32,2,18,23.300321015994996
cpu,CWRU,end_to_end,K1-FP32,2,19,23.372488969471306
cpu,CWRU,end_to_end,K1-FP32,2,20,23.128147004172206
cpu,CWRU,end_to_end,K1-FP32,2,21,23.194140987470746
cpu,CWRU,end_to_end,K1-FP32,2,22,23.054522986058146
cpu,CWRU,end_to_end,K1-FP32,2,23,23.479353985749185
cpu,CWRU,end_to_end,K1-FP32,2,24,23.86811497854069
cpu,CWRU,end_to_end,K1-FP32,2,25,23.195307003334165
cpu,CWRU,end_to_end,K1-FP32,2,26,23.16588000394404
cpu,CWRU,end_to_end,K1-FP32,2,27,23.339019040577114
cpu,CWRU,end_to_end,K1-FP32,2,28,23.714733019005507
cpu,CWRU,end_to_end,K1-FP32,2,29,22.81536301597953
cpu,CWRU,end_to_end,K1-FP32,2,30,22.988990996964276
cpu,CWRU,end_to_end,K1-FP32,2,31,24.063380027655512
cpu,CWRU,end_to_end,K1-FP32,2,32,23.466655984520912
cpu,CWRU,end_to_end,K1-FP32,2,33,22.721057990565896
cpu,CWRU,end_to_end,K1-FP32,2,34,23.223222990054637
cpu,CWRU,end_to_end,K1-FP32,2,35,23.233924992382526
cpu,CWRU,end_to_end,K1-FP32,2,36,23.35080102784559
cpu,CWRU,end_to_end,K1-FP32,2,37,23.030543001368642
cpu,CWRU,end_to_end,K1-FP32,2,38,23.20238499669358
cpu,CWRU,end_to_end,K1-FP32,2,39,23.147405998315662
cpu,CWRU,end_to_end,K1-FP32,2,40,23.366534966044128
cpu,CWRU,end_to_end,K1-FP32,2,41,23.46126700285822
cpu,CWRU,end_to_end,K1-FP32,2,42,23.202846001368016
cpu,CWRU,end_to_end,K1-FP32,2,43,23.751471017021686
cpu,CWRU,end_to_end,K1-FP32,2,44,22.845330007839948
cpu,CWRU,end_to_end,K1-FP32,2,45,23.856898013036698
cpu,CWRU,end_to_end,K1-FP32,2,46,23.127926979213953
cpu,CWRU,end_to_end,K1-FP32,2,47,23.681999009568244
cpu,CWRU,end_to_end,K1-FP32,2,48,23.658362042624503
cpu,CWRU,end_to_end,K1-FP32,2,49,22.96941203530878
cpu,CWRU,end_to_end,K1-FP32,2,50,23.257327964529395
cpu,CWRU,end_to_end,K1-FP32,2,51,23.83818698581308
cpu,CWRU,end_to_end,K1-FP32,2,52,22.729821037501097
cpu,CWRU,end_to_end,K1-FP32,2,53,23.235141998156905
cpu,CWRU,end_to_end,K1-FP32,2,54,23.184153018519282
cpu,CWRU,end_to_end,K1-FP32,2,55,23.340813000686467
cpu,CWRU,end_to_end,K1-FP32,2,56,23.31923897145316
cpu,CWRU,end_to_end,K1-FP32,2,57,23.34947499912232
cpu,CWRU,end_to_end,K1-FP32,2,58,23.74657802283764
cpu,CWRU,end_to_end,K1-FP32,2,59,23.042802000418305
cpu,CWRU,end_to_end,K1-FP32,2,60,23.65719003137201
cpu,CWRU,end_to_end,K1-FP32,2,61,22.546939027961344
cpu,CWRU,end_to_end,K1-FP32,2,62,23.253071994986385
cpu,CWRU,end_to_end,K1-FP32,2,63,23.362906998954713
cpu,CWRU,end_to_end,K1-FP32,2,64,22.890370979439467
cpu,CWRU,end_to_end,K1-FP32,2,65,23.075541015714407
cpu,CWRU,end_to_end,K1-FP32,2,66,23.482229036744684
cpu,CWRU,end_to_end,K1-FP32,2,67,23.33203301532194
cpu,CWRU,end_to_end,K1-FP32,2,68,23.870270000770688
cpu,CWRU,end_to_end,K1-FP32,2,69,23.298811982385814
cpu,CWRU,end_to_end,K1-FP32,2,70,24.03530798619613
cpu,CWRU,end_to_end,K1-FP32,2,71,22.841491969302297
cpu,CWRU,end_to_end,K1-FP32,2,72,23.63108197459951
cpu,CWRU,end_to_end,K1-FP32,2,73,23.590071010403335
cpu,CWRU,end_to_end,K1-FP32,2,74,23.382667975965887
cpu,CWRU,end_to_end,K1-FP32,2,75,23.698380042333156
cpu,CWRU,end_to_end,K1-FP32,2,76,22.883167024701834
cpu,CWRU,end_to_end,K1-FP32,2,77,23.712756985332817
cpu,CWRU,end_to_end,K1-FP32,2,78,23.45450996654108
cpu,CWRU,end_to_end,K1-FP32,2,79,23.48560601240024
cpu,CWRU,end_to_end,K1-FP32,2,80,23.41833198443055
cpu,CWRU,end_to_end,K1-FP32,2,81,23.331008036620915
cpu,CWRU,end_to_end,K1-FP32,2,82,23.069761984515935
cpu,CWRU,end_to_end,K1-FP32,2,83,23.064138018526137
cpu,CWRU,end_to_end,K1-FP32,2,84,23.066585999913514
cpu,CWRU,end_to_end,K1-FP32,2,85,23.325397982262075
cpu,CWRU,end_to_end,K1-FP32,2,86,23.336387996096164
cpu,CWRU,end_to_end,K1-FP32,2,87,22.817971010226756
cpu,CWRU,end_to_end,K1-FP32,2,88,22.569154971279204
cpu,CWRU,end_to_end,K1-FP32,2,89,23.490111983846873
cpu,CWRU,end_to_end,K1-FP32,2,90,22.776708006858826
cpu,CWRU,end_to_end,K1-FP32,2,91,23.371994961053133
cpu,CWRU,end_to_end,K1-FP32,2,92,23.42821902129799
cpu,CWRU,end_to_end,K1-FP32,2,93,22.537988959811628
cpu,CWRU,end_to_end,K1-FP32,2,94,23.24086899170652
cpu,CWRU,end_to_end,K1-FP32,2,95,23.00432202173397
cpu,CWRU,end_to_end,K1-FP32,2,96,23.223313968628645
cpu,CWRU,end_to_end,K1-FP32,2,97,23.493887041695416
cpu,CWRU,end_to_end,K1-FP32,2,98,23.529087018687278
cpu,CWRU,end_to_end,K1-FP32,2,99,23.437920957803726
cpu,CWRU,end_to_end,K1-FP32,2,100,22.89140602806583
cpu,CWRU,end_to_end,K1-FP32,2,101,23.121436999645084
cpu,CWRU,end_to_end,K1-FP32,2,102,23.067555972374976
cpu,CWRU,end_to_end,K1-FP32,2,103,23.278550012037158
cpu,CWRU,end_to_end,K1-FP32,2,104,23.156138020567596
cpu,CWRU,end_to_end,K1-FP32,2,105,23.571293975692242
cpu,CWRU,end_to_end,K1-FP32,2,106,23.33858102792874
cpu,CWRU,end_to_end,K1-FP32,2,107,23.293806007131934
cpu,CWRU,end_to_end,K1-FP32,2,108,23.549236997496337
cpu,CWRU,end_to_end,K1-FP32,2,109,23.386902001220733
cpu,CWRU,end_to_end,K1-FP32,2,110,23.698524048086256
cpu,CWRU,end_to_end,K1-FP32,2,111,22.934706008527428
cpu,CWRU,end_to_end,K1-FP32,2,112,22.799497994128615
cpu,CWRU,end_to_end,K1-FP32,2,113,23.480749048758298
cpu,CWRU,end_to_end,K1-FP32,2,114,23.211207997519523
cpu,CWRU,end_to_end,K1-FP32,2,115,23.380715982057154
cpu,CWRU,end_to_end,K1-FP32,2,116,23.57068203855306
cpu,CWRU,end_to_end,K1-FP32,2,117,23.35323701845482
cpu,CWRU,end_to_end,K1-FP32,2,118,23.579861968755722
cpu,CWRU,end_to_end,K1-FP32,2,119,23.276011983398348
cpu,CWRU,end_to_end,K1-FP32,2,120,23.5299039632082
cpu,CWRU,end_to_end,K1-FP32,2,121,22.909654944669455
cpu,CWRU,end_to_end,K1-FP32,2,122,23.209880979266018
cpu,CWRU,end_to_end,K1-FP32,2,123,23.037293984089047
cpu,CWRU,end_to_end,K1-FP32,2,124,23.291956982575357
cpu,CWRU,end_to_end,K1-FP32,2,125,23.27226399211213
cpu,CWRU,end_to_end,K1-FP32,2,126,23.270197038073093
cpu,CWRU,end_to_end,K1-FP32,2,127,23.459243995603174
cpu,CWRU,end_to_end,K1-FP32,2,128,23.693435010500252
cpu,CWRU,end_to_end,K1-FP32,2,129,22.760391992051154
cpu,CWRU,end_to_end,K1-FP32,2,130,22.824825020506978
cpu,CWRU,end_to_end,K1-FP32,2,131,22.95585599495098
cpu,CWRU,end_to_end,K1-FP32,2,132,23.337104998063296
cpu,CWRU,end_to_end,K1-FP32,2,133,23.197699978481978
cpu,CWRU,end_to_end,K1-FP32,2,134,23.296092986129224
cpu,CWRU,end_to_end,K1-FP32,2,135,23.582402034662664
cpu,CWRU,end_to_end,K1-FP32,2,136,23.131555994041264
cpu,CWRU,end_to_end,K1-FP32,2,137,23.57750799274072
cpu,CWRU,end_to_end,K1-FP32,2,138,23.44308700412512
cpu,CWRU,end_to_end,K1-FP32,2,139,26.622042001690716
cpu,CWRU,end_to_end,K1-FP32,2,140,23.64836697233841
cpu,CWRU,end_to_end,K1-FP32,2,141,23.7509059952572
cpu,CWRU,end_to_end,K1-FP32,2,142,23.37978599825874
cpu,CWRU,end_to_end,K1-FP32,2,143,23.425350023899227
cpu,CWRU,end_to_end,K1-FP32,2,144,23.40275695314631
cpu,CWRU,end_to_end,K1-FP32,2,145,23.71908799977973
cpu,CWRU,end_to_end,K1-FP32,2,146,25.122263003140688
cpu,CWRU,end_to_end,K1-FP32,2,147,23.592571960762143
cpu,CWRU,end_to_end,K1-FP32,2,148,23.558120999950916
cpu,CWRU,end_to_end,K1-FP32,2,149,23.40806694701314
cpu,CWRU,end_to_end,K1-FP32,2,150,23.666399996727705
cpu,CWRU,end_to_end,K1-FP32,2,151,23.905976035166532
cpu,CWRU,end_to_end,K1-FP32,2,152,24.070679035503417
cpu,CWRU,end_to_end,K1-FP32,2,153,23.478938033804297
cpu,CWRU,end_to_end,K1-FP32,2,154,23.58978195115924
cpu,CWRU,end_to_end,K1-FP32,2,155,23.37313099997118
cpu,CWRU,end_to_end,K1-FP32,2,156,23.1579479877837
cpu,CWRU,end_to_end,K1-FP32,2,157,23.713545000646263
cpu,CWRU,end_to_end,K1-FP32,2,158,23.33437098423019
cpu,CWRU,end_to_end,K1-FP32,2,159,22.97535102115944
cpu,CWRU,end_to_end,K1-FP32,2,160,23.228788981214166
cpu,CWRU,end_to_end,K1-FP32,2,161,23.652733012568206
cpu,CWRU,end_to_end,K1-FP32,2,162,23.095985990948975
cpu,CWRU,end_to_end,K1-FP32,2,163,23.632636992260814
cpu,CWRU,end_to_end,K1-FP32,2,164,23.971938993781805
cpu,CWRU,end_to_end,K1-FP32,2,165,24.11088004009798
cpu,CWRU,end_to_end,K1-FP32,2,166,23.094144999049604
cpu,CWRU,end_to_end,K1-FP32,2,167,23.49638001760468
cpu,CWRU,end_to_end,K1-FP32,2,168,22.97618699958548
cpu,CWRU,end_to_end,K1-FP32,2,169,23.683100007474422
cpu,CWRU,end_to_end,K1-FP32,2,170,23.435383976902813
cpu,CWRU,end_to_end,K1-FP32,2,171,23.151922971010208
cpu,CWRU,end_to_end,K1-FP32,2,172,23.989980050828308
cpu,CWRU,end_to_end,K1-FP32,2,173,23.19124498171732
cpu,CWRU,end_to_end,K1-FP32,2,174,23.216866014990956
cpu,CWRU,end_to_end,K1-FP32,2,175,22.703195980284363
cpu,CWRU,end_to_end,K1-FP32,2,176,23.131875961553305
cpu,CWRU,end_to_end,K1-FP32,2,177,22.763812041375786
cpu,CWRU,end_to_end,K1-FP32,2,178,23.439075041096658
cpu,CWRU,end_to_end,K1-FP32,2,179,23.279587039723992
cpu,CWRU,end_to_end,K1-FP32,2,180,23.397760989610106
cpu,CWRU,end_to_end,K1-FP32,2,181,23.135499970521778
cpu,CWRU,end_to_end,K1-FP32,2,182,22.892722045071423
cpu,CWRU,end_to_end,K1-FP32,2,183,23.326052993070334
cpu,CWRU,end_to_end,K1-FP32,2,184,22.88095303811133
cpu,CWRU,end_to_end,K1-FP32,2,185,23.15522899152711
cpu,CWRU,end_to_end,K1-FP32,2,186,23.08649296173826
cpu,CWRU,end_to_end,K1-FP32,2,187,22.87123800488189
cpu,CWRU,end_to_end,K1-FP32,2,188,22.90414902381599
cpu,CWRU,end_to_end,K1-FP32,2,189,22.70072599640116
cpu,CWRU,end_to_end,K1-FP32,2,190,23.321257962379605
cpu,CWRU,end_to_end,K1-FP32,2,191,23.161470016930252
cpu,CWRU,end_to_end,K1-FP32,2,192,22.693985025398433
cpu,CWRU,end_to_end,K1-FP32,2,193,22.776275989599526
cpu,CWRU,end_to_end,K1-FP32,2,194,22.645961958914995
cpu,CWRU,end_to_end,K1-FP32,2,195,23.316597973462194
cpu,CWRU,end_to_end,K1-FP32,2,196,23.43919000122696
cpu,CWRU,end_to_end,K1-FP32,2,197,22.900443989783525
cpu,CWRU,end_to_end,K1-FP32,2,198,23.13271997263655
cpu,CWRU,end_to_end,K1-FP32,2,199,23.626202018931508
cpu,CWRU,end_to_end,K1-FP32,2,200,23.185179044958204
cpu,CWRU,end_to_end,K1-FP32,2,201,23.74709496507421
cpu,CWRU,end_to_end,K1-FP32,2,202,23.42932904139161
cpu,CWRU,end_to_end,K1-FP32,2,203,23.364854976534843
cpu,CWRU,end_to_end,K1-FP32,2,204,23.536700988188386
cpu,CWRU,end_to_end,K1-FP32,2,205,23.526676988694817
cpu,CWRU,end_to_end,K1-FP32,2,206,23.860096000134945
cpu,CWRU,end_to_end,K1-FP32,2,207,23.44437298597768
cpu,CWRU,end_to_end,K1-FP32,2,208,23.652722011320293
cpu,CWRU,end_to_end,K1-FP32,2,209,23.429788008797914
cpu,CWRU,end_to_end,K1-FP32,2,210,23.323343019001186
cpu,CWRU,end_to_end,K1-FP32,2,211,23.09312403667718
cpu,CWRU,end_to_end,K1-FP32,2,212,23.602072964422405
cpu,CWRU,end_to_end,K1-FP32,2,213,23.554423009045422
cpu,CWRU,end_to_end,K1-FP32,2,214,23.27871200395748
cpu,CWRU,end_to_end,K1-FP32,2,215,23.178950999863446
cpu,CWRU,end_to_end,K1-FP32,2,216,23.766126949340105
cpu,CWRU,end_to_end,K1-FP32,2,217,23.224945995025337
cpu,CWRU,end_to_end,K1-FP32,2,218,23.65992497652769
cpu,CWRU,end_to_end,K1-FP32,2,219,23.155896982643753
cpu,CWRU,end_to_end,K1-FP32,2,220,23.00670003751293
cpu,CWRU,end_to_end,K1-FP32,2,221,22.975182975642383
cpu,CWRU,end_to_end,K1-FP32,2,222,23.62067502690479
cpu,CWRU,end_to_end,K1-FP32,2,223,23.32708000903949
cpu,CWRU,end_to_end,K1-FP32,2,224,23.009110998827964
cpu,CWRU,end_to_end,K1-FP32,2,225,23.40388100128621
cpu,CWRU,end_to_end,K1-FP32,2,226,23.033917997963727
cpu,CWRU,end_to_end,K1-FP32,2,227,23.48595199873671
cpu,CWRU,end_to_end,K1-FP32,2,228,23.18392798770219
cpu,CWRU,end_to_end,K1-FP32,2,229,23.294850019738078
cpu,CWRU,end_to_end,K1-FP32,2,230,23.311076045501977
cpu,CWRU,end_to_end,K1-FP32,2,231,23.83334602927789
cpu,CWRU,end_to_end,K1-FP32,2,232,23.564608010929078
cpu,CWRU,end_to_end,K1-FP32,2,233,23.076937010046095
cpu,CWRU,end_to_end,K1-FP32,2,234,23.0580170173198
cpu,CWRU,end_to_end,K1-FP32,2,235,23.14142999239266
cpu,CWRU,end_to_end,K1-FP32,2,236,23.471335996873677
cpu,CWRU,end_to_end,K1-FP32,2,237,23.69992103194818
cpu,CWRU,end_to_end,K1-FP32,2,238,23.281343979761004
cpu,CWRU,end_to_end,K1-FP32,2,239,23.388204048387706
cpu,CWRU,end_to_end,K1-FP32,2,240,23.392239003442228
cpu,CWRU,end_to_end,K1-FP32,2,241,23.419913020916283
cpu,CWRU,end_to_end,K1-FP32,2,242,23.414560011588037
cpu,CWRU,end_to_end,K1-FP32,2,243,23.04775401717052
cpu,CWRU,end_to_end,K1-FP32,2,244,23.065724002663046
cpu,CWRU,end_to_end,K1-FP32,2,245,23.6317390226759
cpu,CWRU,end_to_end,K1-FP32,2,246,23.349852010142058
cpu,CWRU,end_to_end,K1-FP32,2,247,23.43841700349003
cpu,CWRU,end_to_end,K1-FP32,2,248,23.3665740233846
cpu,CWRU,end_to_end,K1-FP32,2,249,23.643280961550772
cpu,CWRU,end_to_end,Q8-cpu_dynamic,2,0,21.940699021797627
cpu,CWRU,end_to_end,Q8-cpu_dynamic,2,1,21.615984966047108
cpu,CWRU,end_to_end,Q8-cpu_dynamic,2,2,21.93396200891584
cpu,CWRU,end_to_end,Q8-cpu_dynamic,2,3,22.091420949436724
cpu,CWRU,end_to_end,Q8-cpu_dynamic,2,4,21.770416002254933
cpu,CWRU,end_to_end,Q8-cpu_dynamic,2,5,22.017035051248968
cpu,CWRU,end_to_end,Q8-cpu_dynamic,2,6,21.89310803078115
cpu,CWRU,end_to_end,Q8-cpu_dynamic,2,7,21.859214000869542
cpu,CWRU,end_to_end,Q8-cpu_dynamic,2,8,21.67376596480608
cpu,CWRU,end_to_end,Q8-cpu_dynamic,2,9,22.17477303929627
cpu,CWRU,end_to_end,Q8-cpu_dynamic,2,10,22.15338998939842
cpu,CWRU,end_to_end,Q8-cpu_dynamic,2,11,22.019400028511882
cpu,CWRU,end_to_end,Q8-cpu_dynamic,2,12,21.713219000957906
cpu,CWRU,end_to_end,Q8-cpu_dynamic,2,13,22.150848002638668
cpu,CWRU,end_to_end,Q8-cpu_dynamic,2,14,21.836425992660224
cpu,CWRU,end_to_end,Q8-cpu_dynamic,2,15,22.274547023698688
cpu,CWRU,end_to_end,Q8-cpu_dynamic,2,16,22.272603993769735
cpu,CWRU,end_to_end,Q8-cpu_dynamic,2,17,21.813892002683133
cpu,CWRU,end_to_end,Q8-cpu_dynamic,2,18,23.05484499083832
cpu,CWRU,end_to_end,Q8-cpu_dynamic,2,19,22.130818979348987
cpu,CWRU,end_to_end,Q8-cpu_dynamic,2,20,22.200096980668604
cpu,CWRU,end_to_end,Q8-cpu_dynamic,2,21,21.82747598271817
cpu,CWRU,end_to_end,Q8-cpu_dynamic,2,22,21.875290025491267
cpu,CWRU,end_to_end,Q8-cpu_dynamic,2,23,21.800922986585647
cpu,CWRU,end_to_end,Q8-cpu_dynamic,2,24,21.834389946889132
cpu,CWRU,end_to_end,Q8-cpu_dynamic,2,25,22.366658959072083
cpu,CWRU,end_to_end,Q8-cpu_dynamic,2,26,21.77321002818644
cpu,CWRU,end_to_end,Q8-cpu_dynamic,2,27,22.019685013219714
cpu,CWRU,end_to_end,Q8-cpu_dynamic,2,28,22.103311028331518
cpu,CWRU,end_to_end,Q8-cpu_dynamic,2,29,22.341156960465014
cpu,CWRU,end_to_end,Q8-cpu_dynamic,2,30,22.032434993889183
cpu,CWRU,end_to_end,Q8-cpu_dynamic,2,31,22.002070967573673
cpu,CWRU,end_to_end,Q8-cpu_dynamic,2,32,21.82056597666815
cpu,CWRU,end_to_end,Q8-cpu_dynamic,2,33,21.689800021704286
cpu,CWRU,end_to_end,Q8-cpu_dynamic,2,34,21.856217994354665
cpu,CWRU,end_to_end,Q8-cpu_dynamic,2,35,22.0279170316644
cpu,CWRU,end_to_end,Q8-cpu_dynamic,2,36,22.45864097494632
cpu,CWRU,end_to_end,Q8-cpu_dynamic,2,37,22.30347302975133
cpu,CWRU,end_to_end,Q8-cpu_dynamic,2,38,21.799894981086254
cpu,CWRU,end_to_end,Q8-cpu_dynamic,2,39,21.863822999875993
cpu,CWRU,end_to_end,Q8-cpu_dynamic,2,40,21.807962970342487
cpu,CWRU,end_to_end,Q8-cpu_dynamic,2,41,21.695611998438835
cpu,CWRU,end_to_end,Q8-cpu_dynamic,2,42,21.972507005557418
cpu,CWRU,end_to_end,Q8-cpu_dynamic,2,43,21.904429013375193
cpu,CWRU,end_to_end,Q8-cpu_dynamic,2,44,22.329375031404197
cpu,CWRU,end_to_end,Q8-cpu_dynamic,2,45,21.697750955354422
cpu,CWRU,end_to_end,Q8-cpu_dynamic,2,46,22.522946004755795
cpu,CWRU,end_to_end,Q8-cpu_dynamic,2,47,22.279735014308244
cpu,CWRU,end_to_end,Q8-cpu_dynamic,2,48,21.945371001493186
cpu,CWRU,end_to_end,Q8-cpu_dynamic,2,49,21.91825699992478
cpu,CWRU,end_to_end,Q8-cpu_dynamic,2,50,21.8731319764629
cpu,CWRU,end_to_end,Q8-cpu_dynamic,2,51,21.784174954518676
cpu,CWRU,end_to_end,Q8-cpu_dynamic,2,52,22.15999097097665
cpu,CWRU,end_to_end,Q8-cpu_dynamic,2,53,21.93222299683839
cpu,CWRU,end_to_end,Q8-cpu_dynamic,2,54,21.559071028605103
cpu,CWRU,end_to_end,Q8-cpu_dynamic,2,55,21.920806961134076
cpu,CWRU,end_to_end,Q8-cpu_dynamic,2,56,21.737981995102018
cpu,CWRU,end_to_end,Q8-cpu_dynamic,2,57,21.78960503078997
cpu,CWRU,end_to_end,Q8-cpu_dynamic,2,58,21.9432869926095
cpu,CWRU,end_to_end,Q8-cpu_dynamic,2,59,21.992655005306005
cpu,CWRU,end_to_end,Q8-cpu_dynamic,2,60,21.69255801709369
cpu,CWRU,end_to_end,Q8-cpu_dynamic,2,61,22.381946037057787
cpu,CWRU,end_to_end,Q8-cpu_dynamic,2,62,22.15509704547003
cpu,CWRU,end_to_end,Q8-cpu_dynamic,2,63,21.86164300655946
cpu,CWRU,end_to_end,Q8-cpu_dynamic,2,64,22.15005602920428
cpu,CWRU,end_to_end,Q8-cpu_dynamic,2,65,21.909924049396068
cpu,CWRU,end_to_end,Q8-cpu_dynamic,2,66,21.660140017047524
cpu,CWRU,end_to_end,Q8-cpu_dynamic,2,67,21.97082299971953
cpu,CWRU,end_to_end,Q8-cpu_dynamic,2,68,21.961443009786308
cpu,CWRU,end_to_end,Q8-cpu_dynamic,2,69,21.924305008724332
cpu,CWRU,end_to_end,Q8-cpu_dynamic,2,70,21.55926002888009
cpu,CWRU,end_to_end,Q8-cpu_dynamic,2,71,22.337912989314646
cpu,CWRU,end_to_end,Q8-cpu_dynamic,2,72,22.020153992343694
cpu,CWRU,end_to_end,Q8-cpu_dynamic,2,73,21.710843953769654
cpu,CWRU,end_to_end,Q8-cpu_dynamic,2,74,21.846196963451803
cpu,CWRU,end_to_end,Q8-cpu_dynamic,2,75,21.563598013017327
cpu,CWRU,end_to_end,Q8-cpu_dynamic,2,76,22.29000098304823
cpu,CWRU,end_to_end,Q8-cpu_dynamic,2,77,22.11549400817603
cpu,CWRU,end_to_end,Q8-cpu_dynamic,2,78,22.337693953886628
cpu,CWRU,end_to_end,Q8-cpu_dynamic,2,79,21.066276007331908
cpu,CWRU,end_to_end,Q8-cpu_dynamic,2,80,22.085157048422843
cpu,CWRU,end_to_end,Q8-cpu_dynamic,2,81,22.139920038171113
cpu,CWRU,end_to_end,Q8-cpu_dynamic,2,82,22.05820003291592
cpu,CWRU,end_to_end,Q8-cpu_dynamic,2,83,22.172750963363796
cpu,CWRU,end_to_end,Q8-cpu_dynamic,2,84,21.864195994567126
cpu,CWRU,end_to_end,Q8-cpu_dynamic,2,85,22.319868963677436
cpu,CWRU,end_to_end,Q8-cpu_dynamic,2,86,22.31284900335595
cpu,CWRU,end_to_end,Q8-cpu_dynamic,2,87,22.177589999046177
cpu,CWRU,end_to_end,Q8-cpu_dynamic,2,88,22.208734997548163
cpu,CWRU,end_to_end,Q8-cpu_dynamic,2,89,22.20976701937616
cpu,CWRU,end_to_end,Q8-cpu_dynamic,2,90,21.95608796318993
cpu,CWRU,end_to_end,Q8-cpu_dynamic,2,91,22.07951300079003
cpu,CWRU,end_to_end,Q8-cpu_dynamic,2,92,21.979315963108093
cpu,CWRU,end_to_end,Q8-cpu_dynamic,2,93,21.601111977361143
cpu,CWRU,end_to_end,Q8-cpu_dynamic,2,94,22.02359598595649
cpu,CWRU,end_to_end,Q8-cpu_dynamic,2,95,22.194198973011225
cpu,CWRU,end_to_end,Q8-cpu_dynamic,2,96,22.274426999501884
cpu,CWRU,end_to_end,Q8-cpu_dynamic,2,97,21.73195400973782
cpu,CWRU,end_to_end,Q8-cpu_dynamic,2,98,22.18474296387285
cpu,CWRU,end_to_end,Q8-cpu_dynamic,2,99,21.894262987188995
cpu,CWRU,end_to_end,Q8-cpu_dynamic,2,100,21.961657039355487
cpu,CWRU,end_to_end,Q8-cpu_dynamic,2,101,21.94368198979646
cpu,CWRU,end_to_end,Q8-cpu_dynamic,2,102,22.028893989045173
cpu,CWRU,end_to_end,Q8-cpu_dynamic,2,103,21.900034975260496
cpu,CWRU,end_to_end,Q8-cpu_dynamic,2,104,21.955673000775278
cpu,CWRU,end_to_end,Q8-cpu_dynamic,2,105,22.222766012419015
cpu,CWRU,end_to_end,Q8-cpu_dynamic,2,106,21.93216298473999
cpu,CWRU,end_to_end,Q8-cpu_dynamic,2,107,22.187257010955364
cpu,CWRU,end_to_end,Q8-cpu_dynamic,2,108,22.055234003346413
cpu,CWRU,end_to_end,Q8-cpu_dynamic,2,109,21.794305997900665
cpu,CWRU,end_to_end,Q8-cpu_dynamic,2,110,21.86630602227524
cpu,CWRU,end_to_end,Q8-cpu_dynamic,2,111,22.279077034909278
cpu,CWRU,end_to_end,Q8-cpu_dynamic,2,112,21.42815402476117
cpu,CWRU,end_to_end,Q8-cpu_dynamic,2,113,22.021218028385192
cpu,CWRU,end_to_end,Q8-cpu_dynamic,2,114,21.76859602332115
cpu,CWRU,end_to_end,Q8-cpu_dynamic,2,115,21.90631499979645
cpu,CWRU,end_to_end,Q8-cpu_dynamic,2,116,22.160078980959952
cpu,CWRU,end_to_end,Q8-cpu_dynamic,2,117,21.895798039622605
cpu,CWRU,end_to_end,Q8-cpu_dynamic,2,118,21.840571018401533
cpu,CWRU,end_to_end,Q8-cpu_dynamic,2,119,21.77095302613452
cpu,CWRU,end_to_end,Q8-cpu_dynamic,2,120,21.87988202786073
cpu,CWRU,end_to_end,Q8-cpu_dynamic,2,121,21.91929001128301
cpu,CWRU,end_to_end,Q8-cpu_dynamic,2,122,21.941996994428337
cpu,CWRU,end_to_end,Q8-cpu_dynamic,2,123,22.289927990641445
cpu,CWRU,end_to_end,Q8-cpu_dynamic,2,124,21.679906989447773
cpu,CWRU,end_to_end,Q8-cpu_dynamic,2,125,22.248726978432387
cpu,CWRU,end_to_end,Q8-cpu_dynamic,2,126,22.040761017706245
cpu,CWRU,end_to_end,Q8-cpu_dynamic,2,127,22.106065996922553
cpu,CWRU,end_to_end,Q8-cpu_dynamic,2,128,21.982720005325973
cpu,CWRU,end_to_end,Q8-cpu_dynamic,2,129,21.705569000914693
cpu,CWRU,end_to_end,Q8-cpu_dynamic,2,130,21.97489101672545
cpu,CWRU,end_to_end,Q8-cpu_dynamic,2,131,22.20214402768761
cpu,CWRU,end_to_end,Q8-cpu_dynamic,2,132,21.974259987473488
cpu,CWRU,end_to_end,Q8-cpu_dynamic,2,133,22.667550016194582
cpu,CWRU,end_to_end,Q8-cpu_dynamic,2,134,21.800523973070085
cpu,CWRU,end_to_end,Q8-cpu_dynamic,2,135,22.34699099790305
cpu,CWRU,end_to_end,Q8-cpu_dynamic,2,136,21.480718976818025
cpu,CWRU,end_to_end,Q8-cpu_dynamic,2,137,21.69753995258361
cpu,CWRU,end_to_end,Q8-cpu_dynamic,2,138,22.207869042176753
cpu,CWRU,end_to_end,Q8-cpu_dynamic,2,139,21.57367899781093
cpu,CWRU,end_to_end,Q8-cpu_dynamic,2,140,22.040666022803634
cpu,CWRU,end_to_end,Q8-cpu_dynamic,2,141,21.791254985146224
cpu,CWRU,end_to_end,Q8-cpu_dynamic,2,142,21.923050982877612
cpu,CWRU,end_to_end,Q8-cpu_dynamic,2,143,21.91034599673003
cpu,CWRU,end_to_end,Q8-cpu_dynamic,2,144,22.501380008179694
cpu,CWRU,end_to_end,Q8-cpu_dynamic,2,145,22.18302700202912
cpu,CWRU,end_to_end,Q8-cpu_dynamic,2,146,22.036520997062325
cpu,CWRU,end_to_end,Q8-cpu_dynamic,2,147,21.931299997959286
cpu,CWRU,end_to_end,Q8-cpu_dynamic,2,148,21.769411978311837
cpu,CWRU,end_to_end,Q8-cpu_dynamic,2,149,22.115967993158847
cpu,CWRU,end_to_end,Q8-cpu_dynamic,2,150,21.741537027992308
cpu,CWRU,end_to_end,Q8-cpu_dynamic,2,151,21.855174971278757
cpu,CWRU,end_to_end,Q8-cpu_dynamic,2,152,22.18557195737958
cpu,CWRU,end_to_end,Q8-cpu_dynamic,2,153,21.989202999975532
cpu,CWRU,end_to_end,Q8-cpu_dynamic,2,154,21.716522984206676
cpu,CWRU,end_to_end,Q8-cpu_dynamic,2,155,22.150399978272617
cpu,CWRU,end_to_end,Q8-cpu_dynamic,2,156,21.63880900479853
cpu,CWRU,end_to_end,Q8-cpu_dynamic,2,157,22.157629020512104
cpu,CWRU,end_to_end,Q8-cpu_dynamic,2,158,21.66044304613024
cpu,CWRU,end_to_end,Q8-cpu_dynamic,2,159,22.417755040805787
cpu,CWRU,end_to_end,Q8-cpu_dynamic,2,160,21.914793993346393
cpu,CWRU,end_to_end,Q8-cpu_dynamic,2,161,21.786333993077278
cpu,CWRU,end_to_end,Q8-cpu_dynamic,2,162,22.332851018290967
cpu,CWRU,end_to_end,Q8-cpu_dynamic,2,163,21.966693049762398
cpu,CWRU,end_to_end,Q8-cpu_dynamic,2,164,21.881416032556444
cpu,CWRU,end_to_end,Q8-cpu_dynamic,2,165,21.883203007746488
cpu,CWRU,end_to_end,Q8-cpu_dynamic,2,166,22.21687900600955
cpu,CWRU,end_to_end,Q8-cpu_dynamic,2,167,21.789346006698906
cpu,CWRU,end_to_end,Q8-cpu_dynamic,2,168,21.819829009473324
cpu,CWRU,end_to_end,Q8-cpu_dynamic,2,169,21.936580014880747
cpu,CWRU,end_to_end,Q8-cpu_dynamic,2,170,21.83560497360304
cpu,CWRU,end_to_end,Q8-cpu_dynamic,2,171,21.898336010053754
cpu,CWRU,end_to_end,Q8-cpu_dynamic,2,172,22.041487973183393
cpu,CWRU,end_to_end,Q8-cpu_dynamic,2,173,21.963462990242988
cpu,CWRU,end_to_end,Q8-cpu_dynamic,2,174,21.991396963130683
cpu,CWRU,end_to_end,Q8-cpu_dynamic,2,175,22.500924998894334
cpu,CWRU,end_to_end,Q8-cpu_dynamic,2,176,22.45420904364437
cpu,CWRU,end_to_end,Q8-cpu_dynamic,2,177,22.096405969932675
cpu,CWRU,end_to_end,Q8-cpu_dynamic,2,178,22.555217961780727
cpu,CWRU,end_to_end,Q8-cpu_dynamic,2,179,22.072530002333224
cpu,CWRU,end_to_end,Q8-cpu_dynamic,2,180,22.017178998794407
cpu,CWRU,end_to_end,Q8-cpu_dynamic,2,181,21.9294760026969
cpu,CWRU,end_to_end,Q8-cpu_dynamic,2,182,22.520733007695526
cpu,CWRU,end_to_end,Q8-cpu_dynamic,2,183,21.984005987178534
cpu,CWRU,end_to_end,Q8-cpu_dynamic,2,184,21.932432951871306
cpu,CWRU,end_to_end,Q8-cpu_dynamic,2,185,21.861737011931837
cpu,CWRU,end_to_end,Q8-cpu_dynamic,2,186,22.21750299213454
cpu,CWRU,end_to_end,Q8-cpu_dynamic,2,187,21.705057995859534
cpu,CWRU,end_to_end,Q8-cpu_dynamic,2,188,21.8116239993833
cpu,CWRU,end_to_end,Q8-cpu_dynamic,2,189,21.919819002505392
cpu,CWRU,end_to_end,Q8-cpu_dynamic,2,190,21.810050995554775
cpu,CWRU,end_to_end,Q8-cpu_dynamic,2,191,22.1229909802787
cpu,CWRU,end_to_end,Q8-cpu_dynamic,2,192,21.760310977697372
cpu,CWRU,end_to_end,Q8-cpu_dynamic,2,193,21.850343968253583
cpu,CWRU,end_to_end,Q8-cpu_dynamic,2,194,21.74926595762372
cpu,CWRU,end_to_end,Q8-cpu_dynamic,2,195,21.937149052973837
cpu,CWRU,end_to_end,Q8-cpu_dynamic,2,196,21.815234038513154
cpu,CWRU,end_to_end,Q8-cpu_dynamic,2,197,21.752744039986283
cpu,CWRU,end_to_end,Q8-cpu_dynamic,2,198,22.027026978321373
cpu,CWRU,end_to_end,Q8-cpu_dynamic,2,199,22.207767004147172
cpu,CWRU,end_to_end,Q8-cpu_dynamic,2,200,21.832053957041353
cpu,CWRU,end_to_end,Q8-cpu_dynamic,2,201,22.16692198999226
cpu,CWRU,end_to_end,Q8-cpu_dynamic,2,202,21.876140031963587
cpu,CWRU,end_to_end,Q8-cpu_dynamic,2,203,21.8027769587934
cpu,CWRU,end_to_end,Q8-cpu_dynamic,2,204,21.993580972775817
cpu,CWRU,end_to_end,Q8-cpu_dynamic,2,205,22.123576956801116
cpu,CWRU,end_to_end,Q8-cpu_dynamic,2,206,21.85661403927952
cpu,CWRU,end_to_end,Q8-cpu_dynamic,2,207,22.010415967088193
cpu,CWRU,end_to_end,Q8-cpu_dynamic,2,208,22.228742949664593
cpu,CWRU,end_to_end,Q8-cpu_dynamic,2,209,21.64658805122599
cpu,CWRU,end_to_end,Q8-cpu_dynamic,2,210,22.04026299295947
cpu,CWRU,end_to_end,Q8-cpu_dynamic,2,211,21.719808981288224
cpu,CWRU,end_to_end,Q8-cpu_dynamic,2,212,22.00759097468108
cpu,CWRU,end_to_end,Q8-cpu_dynamic,2,213,22.100267000496387
cpu,CWRU,end_to_end,Q8-cpu_dynamic,2,214,21.071994968224317
cpu,CWRU,end_to_end,Q8-cpu_dynamic,2,215,21.75920398440212
cpu,CWRU,end_to_end,Q8-cpu_dynamic,2,216,21.834835992194712
cpu,CWRU,end_to_end,Q8-cpu_dynamic,2,217,21.877982013393193
cpu,CWRU,end_to_end,Q8-cpu_dynamic,2,218,21.911985997576267
cpu,CWRU,end_to_end,Q8-cpu_dynamic,2,219,21.65752195287496
cpu,CWRU,end_to_end,Q8-cpu_dynamic,2,220,22.35795999877155
cpu,CWRU,end_to_end,Q8-cpu_dynamic,2,221,21.71276102308184
cpu,CWRU,end_to_end,Q8-cpu_dynamic,2,222,22.163318993989378
cpu,CWRU,end_to_end,Q8-cpu_dynamic,2,223,21.94020099705085
cpu,CWRU,end_to_end,Q8-cpu_dynamic,2,224,22.354625980369747
cpu,CWRU,end_to_end,Q8-cpu_dynamic,2,225,21.99103799648583
cpu,CWRU,end_to_end,Q8-cpu_dynamic,2,226,21.857381972949952
cpu,CWRU,end_to_end,Q8-cpu_dynamic,2,227,22.279019001871347
cpu,CWRU,end_to_end,Q8-cpu_dynamic,2,228,22.068756981752813
cpu,CWRU,end_to_end,Q8-cpu_dynamic,2,229,21.674745017662644
cpu,CWRU,end_to_end,Q8-cpu_dynamic,2,230,22.107916011009365
cpu,CWRU,end_to_end,Q8-cpu_dynamic,2,231,21.83309500105679
cpu,CWRU,end_to_end,Q8-cpu_dynamic,2,232,22.075059008784592
cpu,CWRU,end_to_end,Q8-cpu_dynamic,2,233,21.79181994870305
cpu,CWRU,end_to_end,Q8-cpu_dynamic,2,234,22.494522971101105
cpu,CWRU,end_to_end,Q8-cpu_dynamic,2,235,22.175127000082284
cpu,CWRU,end_to_end,Q8-cpu_dynamic,2,236,21.803212992381305
cpu,CWRU,end_to_end,Q8-cpu_dynamic,2,237,22.421975969336927
cpu,CWRU,end_to_end,Q8-cpu_dynamic,2,238,21.681139012798667
cpu,CWRU,end_to_end,Q8-cpu_dynamic,2,239,21.71277703018859
cpu,CWRU,end_to_end,Q8-cpu_dynamic,2,240,21.961716993246228
cpu,CWRU,end_to_end,Q8-cpu_dynamic,2,241,21.770639985334128
cpu,CWRU,end_to_end,Q8-cpu_dynamic,2,242,21.911304036621004
cpu,CWRU,end_to_end,Q8-cpu_dynamic,2,243,22.028156963642687
cpu,CWRU,end_to_end,Q8-cpu_dynamic,2,244,21.7911769868806
cpu,CWRU,end_to_end,Q8-cpu_dynamic,2,245,22.11494295625016
cpu,CWRU,end_to_end,Q8-cpu_dynamic,2,246,22.12787000462413
cpu,CWRU,end_to_end,Q8-cpu_dynamic,2,247,22.257543983869255
cpu,CWRU,end_to_end,Q8-cpu_dynamic,2,248,21.940102975349873
cpu,CWRU,end_to_end,Q8-cpu_dynamic,2,249,21.873803983908147
cpu,CWRU,end_to_end,Q8-cpu_dynamic,3,0,21.862574969418347
cpu,CWRU,end_to_end,Q8-cpu_dynamic,3,1,21.670480957254767
cpu,CWRU,end_to_end,Q8-cpu_dynamic,3,2,21.865987044293433
cpu,CWRU,end_to_end,Q8-cpu_dynamic,3,3,22.773322998546064
cpu,CWRU,end_to_end,Q8-cpu_dynamic,3,4,22.095486987382174
cpu,CWRU,end_to_end,Q8-cpu_dynamic,3,5,22.116015024948865
cpu,CWRU,end_to_end,Q8-cpu_dynamic,3,6,21.792269020806998
cpu,CWRU,end_to_end,Q8-cpu_dynamic,3,7,22.04990800237283
cpu,CWRU,end_to_end,Q8-cpu_dynamic,3,8,21.918102982454002
cpu,CWRU,end_to_end,Q8-cpu_dynamic,3,9,22.18667301349342
cpu,CWRU,end_to_end,Q8-cpu_dynamic,3,10,21.325776004232466
cpu,CWRU,end_to_end,Q8-cpu_dynamic,3,11,22.548850043676794
cpu,CWRU,end_to_end,Q8-cpu_dynamic,3,12,22.250508016441017
cpu,CWRU,end_to_end,Q8-cpu_dynamic,3,13,21.913725999183953
cpu,CWRU,end_to_end,Q8-cpu_dynamic,3,14,22.003765974659473
cpu,CWRU,end_to_end,Q8-cpu_dynamic,3,15,22.438845015130937
cpu,CWRU,end_to_end,Q8-cpu_dynamic,3,16,22.109260025899857
cpu,CWRU,end_to_end,Q8-cpu_dynamic,3,17,22.02198898885399
cpu,CWRU,end_to_end,Q8-cpu_dynamic,3,18,21.67595294304192
cpu,CWRU,end_to_end,Q8-cpu_dynamic,3,19,21.613876975607127
cpu,CWRU,end_to_end,Q8-cpu_dynamic,3,20,22.090175945777446
cpu,CWRU,end_to_end,Q8-cpu_dynamic,3,21,22.467862989287823
cpu,CWRU,end_to_end,Q8-cpu_dynamic,3,22,22.312717977911234
cpu,CWRU,end_to_end,Q8-cpu_dynamic,3,23,22.75117300450802
cpu,CWRU,end_to_end,Q8-cpu_dynamic,3,24,22.343666991218925
cpu,CWRU,end_to_end,Q8-cpu_dynamic,3,25,22.333195025566965
cpu,CWRU,end_to_end,Q8-cpu_dynamic,3,26,22.232916031498462
cpu,CWRU,end_to_end,Q8-cpu_dynamic,3,27,22.706503979861736
cpu,CWRU,end_to_end,Q8-cpu_dynamic,3,28,22.212213021703064
cpu,CWRU,end_to_end,Q8-cpu_dynamic,3,29,22.28810201631859
cpu,CWRU,end_to_end,Q8-cpu_dynamic,3,30,22.21290598390624
cpu,CWRU,end_to_end,Q8-cpu_dynamic,3,31,21.930717979557812
cpu,CWRU,end_to_end,Q8-cpu_dynamic,3,32,21.66508202208206
cpu,CWRU,end_to_end,Q8-cpu_dynamic,3,33,21.610336028970778
cpu,CWRU,end_to_end,Q8-cpu_dynamic,3,34,21.958074008580297
cpu,CWRU,end_to_end,Q8-cpu_dynamic,3,35,21.812377031892538
cpu,CWRU,end_to_end,Q8-cpu_dynamic,3,36,22.126152005512267
cpu,CWRU,end_to_end,Q8-cpu_dynamic,3,37,22.208612004760653
cpu,CWRU,end_to_end,Q8-cpu_dynamic,3,38,21.637451951391995
cpu,CWRU,end_to_end,Q8-cpu_dynamic,3,39,21.92704804474488
cpu,CWRU,end_to_end,Q8-cpu_dynamic,3,40,21.789377031382173
cpu,CWRU,end_to_end,Q8-cpu_dynamic,3,41,22.121103014796972
cpu,CWRU,end_to_end,Q8-cpu_dynamic,3,42,22.047403967007995
cpu,CWRU,end_to_end,Q8-cpu_dynamic,3,43,21.988821972627193
cpu,CWRU,end_to_end,Q8-cpu_dynamic,3,44,22.532376984599978
cpu,CWRU,end_to_end,Q8-cpu_dynamic,3,45,22.17746403766796
cpu,CWRU,end_to_end,Q8-cpu_dynamic,3,46,22.268658969551325
cpu,CWRU,end_to_end,Q8-cpu_dynamic,3,47,21.758801012765616
cpu,CWRU,end_to_end,Q8-cpu_dynamic,3,48,22.173227043822408
cpu,CWRU,end_to_end,Q8-cpu_dynamic,3,49,22.101356997154653
cpu,CWRU,end_to_end,Q8-cpu_dynamic,3,50,21.85096696484834
cpu,CWRU,end_to_end,Q8-cpu_dynamic,3,51,21.77928201854229
cpu,CWRU,end_to_end,Q8-cpu_dynamic,3,52,21.83904603589326
cpu,CWRU,end_to_end,Q8-cpu_dynamic,3,53,22.020220989361405
cpu,CWRU,end_to_end,Q8-cpu_dynamic,3,54,22.21993199782446
cpu,CWRU,end_to_end,Q8-cpu_dynamic,3,55,22.13376702275127
cpu,CWRU,end_to_end,Q8-cpu_dynamic,3,56,22.30411203345284
cpu,CWRU,end_to_end,Q8-cpu_dynamic,3,57,21.948882029391825
cpu,CWRU,end_to_end,Q8-cpu_dynamic,3,58,21.633522992487997
cpu,CWRU,end_to_end,Q8-cpu_dynamic,3,59,22.259924036916345
cpu,CWRU,end_to_end,Q8-cpu_dynamic,3,60,21.99890202609822
cpu,CWRU,end_to_end,Q8-cpu_dynamic,3,61,21.738364011980593
cpu,CWRU,end_to_end,Q8-cpu_dynamic,3,62,22.184019966516644
cpu,CWRU,end_to_end,Q8-cpu_dynamic,3,63,21.577573963440955
cpu,CWRU,end_to_end,Q8-cpu_dynamic,3,64,21.931898954790086
cpu,CWRU,end_to_end,Q8-cpu_dynamic,3,65,21.73307497287169
cpu,CWRU,end_to_end,Q8-cpu_dynamic,3,66,21.809405006933957
cpu,CWRU,end_to_end,Q8-cpu_dynamic,3,67,22.14901999104768
cpu,CWRU,end_to_end,Q8-cpu_dynamic,3,68,22.107955999672413
cpu,CWRU,end_to_end,Q8-cpu_dynamic,3,69,21.922566054854542
cpu,CWRU,end_to_end,Q8-cpu_dynamic,3,70,22.02498697442934
cpu,CWRU,end_to_end,Q8-cpu_dynamic,3,71,21.9224919565022
cpu,CWRU,end_to_end,Q8-cpu_dynamic,3,72,22.670884034596384
cpu,CWRU,end_to_end,Q8-cpu_dynamic,3,73,22.05141301965341
cpu,CWRU,end_to_end,Q8-cpu_dynamic,3,74,22.050619998481125
cpu,CWRU,end_to_end,Q8-cpu_dynamic,3,75,21.82085905224085
cpu,CWRU,end_to_end,Q8-cpu_dynamic,3,76,22.02547003980726
cpu,CWRU,end_to_end,Q8-cpu_dynamic,3,77,21.799625013954937
cpu,CWRU,end_to_end,Q8-cpu_dynamic,3,78,21.899675950407982
cpu,CWRU,end_to_end,Q8-cpu_dynamic,3,79,22.007017978467047
cpu,CWRU,end_to_end,Q8-cpu_dynamic,3,80,21.872662007808685
cpu,CWRU,end_to_end,Q8-cpu_dynamic,3,81,21.585948998108506
cpu,CWRU,end_to_end,Q8-cpu_dynamic,3,82,21.669109002687037
cpu,CWRU,end_to_end,Q8-cpu_dynamic,3,83,22.215933015104383
cpu,CWRU,end_to_end,Q8-cpu_dynamic,3,84,21.990894980262965
cpu,CWRU,end_to_end,Q8-cpu_dynamic,3,85,21.69433399103582
cpu,CWRU,end_to_end,Q8-cpu_dynamic,3,86,22.164958994835615
cpu,CWRU,end_to_end,Q8-cpu_dynamic,3,87,22.127790027298033
cpu,CWRU,end_to_end,Q8-cpu_dynamic,3,88,22.103663999587297
cpu,CWRU,end_to_end,Q8-cpu_dynamic,3,89,22.24107302026823
cpu,CWRU,end_to_end,Q8-cpu_dynamic,3,90,22.53240399295464
cpu,CWRU,end_to_end,Q8-cpu_dynamic,3,91,22.494475997518748
cpu,CWRU,end_to_end,Q8-cpu_dynamic,3,92,22.270936984568834
cpu,CWRU,end_to_end,Q8-cpu_dynamic,3,93,21.951252012513578
cpu,CWRU,end_to_end,Q8-cpu_dynamic,3,94,22.378902998752892
cpu,CWRU,end_to_end,Q8-cpu_dynamic,3,95,22.03860296867788
cpu,CWRU,end_to_end,Q8-cpu_dynamic,3,96,21.915304998401552
cpu,CWRU,end_to_end,Q8-cpu_dynamic,3,97,21.91576501354575
cpu,CWRU,end_to_end,Q8-cpu_dynamic,3,98,22.211352013982832
cpu,CWRU,end_to_end,Q8-cpu_dynamic,3,99,22.31776702683419
cpu,CWRU,end_to_end,Q8-cpu_dynamic,3,100,21.622675994876772
cpu,CWRU,end_to_end,Q8-cpu_dynamic,3,101,22.300595010165125
cpu,CWRU,end_to_end,Q8-cpu_dynamic,3,102,22.073306026868522
cpu,CWRU,end_to_end,Q8-cpu_dynamic,3,103,21.730387990828604
cpu,CWRU,end_to_end,Q8-cpu_dynamic,3,104,22.313249006401747
cpu,CWRU,end_to_end,Q8-cpu_dynamic,3,105,22.22131803864613
cpu,CWRU,end_to_end,Q8-cpu_dynamic,3,106,21.741270960774273
cpu,CWRU,end_to_end,Q8-cpu_dynamic,3,107,22.134656959678978
cpu,CWRU,end_to_end,Q8-cpu_dynamic,3,108,21.694128983654082
cpu,CWRU,end_to_end,Q8-cpu_dynamic,3,109,21.86951000476256
cpu,CWRU,end_to_end,Q8-cpu_dynamic,3,110,22.189531999174505
cpu,CWRU,end_to_end,Q8-cpu_dynamic,3,111,21.410300978459418
cpu,CWRU,end_to_end,Q8-cpu_dynamic,3,112,21.949087968096137
cpu,CWRU,end_to_end,Q8-cpu_dynamic,3,113,21.862611989490688
cpu,CWRU,end_to_end,Q8-cpu_dynamic,3,114,22.018073010258377
cpu,CWRU,end_to_end,Q8-cpu_dynamic,3,115,22.300534998066723
cpu,CWRU,end_to_end,Q8-cpu_dynamic,3,116,21.907711983658373
cpu,CWRU,end_to_end,Q8-cpu_dynamic,3,117,21.946888009551913
cpu,CWRU,end_to_end,Q8-cpu_dynamic,3,118,22.08319801138714
cpu,CWRU,end_to_end,Q8-cpu_dynamic,3,119,21.656013967003673
cpu,CWRU,end_to_end,Q8-cpu_dynamic,3,120,21.97441301541403
cpu,CWRU,end_to_end,Q8-cpu_dynamic,3,121,21.86645002802834
cpu,CWRU,end_to_end,Q8-cpu_dynamic,3,122,22.078164969570935
cpu,CWRU,end_to_end,Q8-cpu_dynamic,3,123,21.649152040481567
cpu,CWRU,end_to_end,Q8-cpu_dynamic,3,124,22.25832996191457
cpu,CWRU,end_to_end,Q8-cpu_dynamic,3,125,22.22460403572768
cpu,CWRU,end_to_end,Q8-cpu_dynamic,3,126,21.476453985087574
cpu,CWRU,end_to_end,Q8-cpu_dynamic,3,127,21.835908002685755
cpu,CWRU,end_to_end,Q8-cpu_dynamic,3,128,22.15341798728332
cpu,CWRU,end_to_end,Q8-cpu_dynamic,3,129,21.856621955521405
cpu,CWRU,end_to_end,Q8-cpu_dynamic,3,130,21.72248304123059
cpu,CWRU,end_to_end,Q8-cpu_dynamic,3,131,21.914108016062528
cpu,CWRU,end_to_end,Q8-cpu_dynamic,3,132,21.860308945178986
cpu,CWRU,end_to_end,Q8-cpu_dynamic,3,133,22.021539974957705
cpu,CWRU,end_to_end,Q8-cpu_dynamic,3,134,21.99608797673136
cpu,CWRU,end_to_end,Q8-cpu_dynamic,3,135,21.711619046982378
cpu,CWRU,end_to_end,Q8-cpu_dynamic,3,136,21.877890976611525
cpu,CWRU,end_to_end,Q8-cpu_dynamic,3,137,22.045130957849324
cpu,CWRU,end_to_end,Q8-cpu_dynamic,3,138,21.92780200857669
cpu,CWRU,end_to_end,Q8-cpu_dynamic,3,139,22.08475803490728
cpu,CWRU,end_to_end,Q8-cpu_dynamic,3,140,21.961844991892576
cpu,CWRU,end_to_end,Q8-cpu_dynamic,3,141,21.927502006292343
cpu,CWRU,end_to_end,Q8-cpu_dynamic,3,142,21.901892963796854
cpu,CWRU,end_to_end,Q8-cpu_dynamic,3,143,22.16833404963836
cpu,CWRU,end_to_end,Q8-cpu_dynamic,3,144,21.85417094733566
cpu,CWRU,end_to_end,Q8-cpu_dynamic,3,145,21.621299965772778
cpu,CWRU,end_to_end,Q8-cpu_dynamic,3,146,22.024544945452362
cpu,CWRU,end_to_end,Q8-cpu_dynamic,3,147,22.045349003747106
cpu,CWRU,end_to_end,Q8-cpu_dynamic,3,148,21.738588984590024
cpu,CWRU,end_to_end,Q8-cpu_dynamic,3,149,21.942770981695503
cpu,CWRU,end_to_end,Q8-cpu_dynamic,3,150,21.978650998789817
cpu,CWRU,end_to_end,Q8-cpu_dynamic,3,151,22.104457020759583
cpu,CWRU,end_to_end,Q8-cpu_dynamic,3,152,22.28613302577287
cpu,CWRU,end_to_end,Q8-cpu_dynamic,3,153,22.073503001593053
cpu,CWRU,end_to_end,Q8-cpu_dynamic,3,154,22.28980598738417
cpu,CWRU,end_to_end,Q8-cpu_dynamic,3,155,22.002728015650064
cpu,CWRU,end_to_end,Q8-cpu_dynamic,3,156,21.68656897265464
cpu,CWRU,end_to_end,Q8-cpu_dynamic,3,157,21.939256985206157
cpu,CWRU,end_to_end,Q8-cpu_dynamic,3,158,21.893773053307086
cpu,CWRU,end_to_end,Q8-cpu_dynamic,3,159,21.977791970130056
cpu,CWRU,end_to_end,Q8-cpu_dynamic,3,160,21.912379015702754
cpu,CWRU,end_to_end,Q8-cpu_dynamic,3,161,21.957042976282537
cpu,CWRU,end_to_end,Q8-cpu_dynamic,3,162,21.836057014297694
cpu,CWRU,end_to_end,Q8-cpu_dynamic,3,163,21.858597989194095
cpu,CWRU,end_to_end,Q8-cpu_dynamic,3,164,22.004053986165673
cpu,CWRU,end_to_end,Q8-cpu_dynamic,3,165,22.09092502016574
cpu,CWRU,end_to_end,Q8-cpu_dynamic,3,166,21.609905001241714
cpu,CWRU,end_to_end,Q8-cpu_dynamic,3,167,22.31191302416846
cpu,CWRU,end_to_end,Q8-cpu_dynamic,3,168,21.647094981744885
cpu,CWRU,end_to_end,Q8-cpu_dynamic,3,169,21.867939038202167
cpu,CWRU,end_to_end,Q8-cpu_dynamic,3,170,22.126135998405516
cpu,CWRU,end_to_end,Q8-cpu_dynamic,3,171,21.915031014941633
cpu,CWRU,end_to_end,Q8-cpu_dynamic,3,172,21.927773021161556
cpu,CWRU,end_to_end,Q8-cpu_dynamic,3,173,21.929542999714613
cpu,CWRU,end_to_end,Q8-cpu_dynamic,3,174,22.210652008652687
cpu,CWRU,end_to_end,Q8-cpu_dynamic,3,175,22.17288501560688
cpu,CWRU,end_to_end,Q8-cpu_dynamic,3,176,21.781946998089552
cpu,CWRU,end_to_end,Q8-cpu_dynamic,3,177,21.84767503058538
cpu,CWRU,end_to_end,Q8-cpu_dynamic,3,178,22.25932397413999
cpu,CWRU,end_to_end,Q8-cpu_dynamic,3,179,22.47849595732987
cpu,CWRU,end_to_end,Q8-cpu_dynamic,3,180,21.748702973127365
cpu,CWRU,end_to_end,Q8-cpu_dynamic,3,181,21.640621009282768
cpu,CWRU,end_to_end,Q8-cpu_dynamic,3,182,22.31536799808964
cpu,CWRU,end_to_end,Q8-cpu_dynamic,3,183,21.87217999016866
cpu,CWRU,end_to_end,Q8-cpu_dynamic,3,184,21.63800102425739
cpu,CWRU,end_to_end,Q8-cpu_dynamic,3,185,22.243261977564543
cpu,CWRU,end_to_end,Q8-cpu_dynamic,3,186,21.93908195476979
cpu,CWRU,end_to_end,Q8-cpu_dynamic,3,187,21.896037040278316
cpu,CWRU,end_to_end,Q8-cpu_dynamic,3,188,22.113999002613127
cpu,CWRU,end_to_end,Q8-cpu_dynamic,3,189,21.68486500158906
cpu,CWRU,end_to_end,Q8-cpu_dynamic,3,190,22.206338995601982
cpu,CWRU,end_to_end,Q8-cpu_dynamic,3,191,21.874056023079902
cpu,CWRU,end_to_end,Q8-cpu_dynamic,3,192,21.83060796232894
cpu,CWRU,end_to_end,Q8-cpu_dynamic,3,193,21.76253398647532
cpu,CWRU,end_to_end,Q8-cpu_dynamic,3,194,22.004650963936
cpu,CWRU,end_to_end,Q8-cpu_dynamic,3,195,21.874929021578282
cpu,CWRU,end_to_end,Q8-cpu_dynamic,3,196,21.65510697523132
cpu,CWRU,end_to_end,Q8-cpu_dynamic,3,197,21.917990990914404
cpu,CWRU,end_to_end,Q8-cpu_dynamic,3,198,22.219971986487508
cpu,CWRU,end_to_end,Q8-cpu_dynamic,3,199,21.73211198532954
cpu,CWRU,end_to_end,Q8-cpu_dynamic,3,200,21.873499965295196
cpu,CWRU,end_to_end,Q8-cpu_dynamic,3,201,21.92559401737526
cpu,CWRU,end_to_end,Q8-cpu_dynamic,3,202,21.934778022114187
cpu,CWRU,end_to_end,Q8-cpu_dynamic,3,203,21.85107400873676
cpu,CWRU,end_to_end,Q8-cpu_dynamic,3,204,21.92079200176522
cpu,CWRU,end_to_end,Q8-cpu_dynamic,3,205,22.296425013337284
cpu,CWRU,end_to_end,Q8-cpu_dynamic,3,206,22.146686969790608
cpu,CWRU,end_to_end,Q8-cpu_dynamic,3,207,21.872182027436793
cpu,CWRU,end_to_end,Q8-cpu_dynamic,3,208,21.80608600610867
cpu,CWRU,end_to_end,Q8-cpu_dynamic,3,209,22.168135037645698
cpu,CWRU,end_to_end,Q8-cpu_dynamic,3,210,21.44618396414444
cpu,CWRU,end_to_end,Q8-cpu_dynamic,3,211,22.03298400854692
cpu,CWRU,end_to_end,Q8-cpu_dynamic,3,212,21.882662025745958
cpu,CWRU,end_to_end,Q8-cpu_dynamic,3,213,22.04584499122575
cpu,CWRU,end_to_end,Q8-cpu_dynamic,3,214,21.933631040155888
cpu,CWRU,end_to_end,Q8-cpu_dynamic,3,215,22.17283402569592
cpu,CWRU,end_to_end,Q8-cpu_dynamic,3,216,21.64464700035751
cpu,CWRU,end_to_end,Q8-cpu_dynamic,3,217,21.803522016853094
cpu,CWRU,end_to_end,Q8-cpu_dynamic,3,218,22.082848998252302
cpu,CWRU,end_to_end,Q8-cpu_dynamic,3,219,21.92992001073435
cpu,CWRU,end_to_end,Q8-cpu_dynamic,3,220,21.948860026896
cpu,CWRU,end_to_end,Q8-cpu_dynamic,3,221,21.90237195463851
cpu,CWRU,end_to_end,Q8-cpu_dynamic,3,222,22.27352000772953
cpu,CWRU,end_to_end,Q8-cpu_dynamic,3,223,21.751518012024462
cpu,CWRU,end_to_end,Q8-cpu_dynamic,3,224,22.006015991792083
cpu,CWRU,end_to_end,Q8-cpu_dynamic,3,225,22.0084409811534
cpu,CWRU,end_to_end,Q8-cpu_dynamic,3,226,21.860843989998102
cpu,CWRU,end_to_end,Q8-cpu_dynamic,3,227,21.953503019176424
cpu,CWRU,end_to_end,Q8-cpu_dynamic,3,228,21.83064800919965
cpu,CWRU,end_to_end,Q8-cpu_dynamic,3,229,21.942488034255803
cpu,CWRU,end_to_end,Q8-cpu_dynamic,3,230,22.065740020480007
cpu,CWRU,end_to_end,Q8-cpu_dynamic,3,231,22.209316957741976
cpu,CWRU,end_to_end,Q8-cpu_dynamic,3,232,21.874960977584124
cpu,CWRU,end_to_end,Q8-cpu_dynamic,3,233,21.762015006970614
cpu,CWRU,end_to_end,Q8-cpu_dynamic,3,234,22.872147033922374
cpu,CWRU,end_to_end,Q8-cpu_dynamic,3,235,22.59234804660082
cpu,CWRU,end_to_end,Q8-cpu_dynamic,3,236,22.284570964984596
cpu,CWRU,end_to_end,Q8-cpu_dynamic,3,237,21.910028997808695
cpu,CWRU,end_to_end,Q8-cpu_dynamic,3,238,22.020720993168652
cpu,CWRU,end_to_end,Q8-cpu_dynamic,3,239,21.686643012799323
cpu,CWRU,end_to_end,Q8-cpu_dynamic,3,240,21.847336960490793
cpu,CWRU,end_to_end,Q8-cpu_dynamic,3,241,21.91762696020305
cpu,CWRU,end_to_end,Q8-cpu_dynamic,3,242,21.977494994644076
cpu,CWRU,end_to_end,Q8-cpu_dynamic,3,243,22.545257990714163
cpu,CWRU,end_to_end,Q8-cpu_dynamic,3,244,22.00470701791346
cpu,CWRU,end_to_end,Q8-cpu_dynamic,3,245,21.873346995562315
cpu,CWRU,end_to_end,Q8-cpu_dynamic,3,246,22.076210007071495
cpu,CWRU,end_to_end,Q8-cpu_dynamic,3,247,22.119455970823765
cpu,CWRU,end_to_end,Q8-cpu_dynamic,3,248,22.04377402085811
cpu,CWRU,end_to_end,Q8-cpu_dynamic,3,249,22.00757700484246
cpu,CWRU,end_to_end,K1-FP32,3,0,23.619871004484594
cpu,CWRU,end_to_end,K1-FP32,3,1,23.357733036391437
cpu,CWRU,end_to_end,K1-FP32,3,2,23.574275022838265
cpu,CWRU,end_to_end,K1-FP32,3,3,23.223639000207186
cpu,CWRU,end_to_end,K1-FP32,3,4,23.34809396415949
cpu,CWRU,end_to_end,K1-FP32,3,5,23.37431797059253
cpu,CWRU,end_to_end,K1-FP32,3,6,23.674950993154198
cpu,CWRU,end_to_end,K1-FP32,3,7,23.418071039486676
cpu,CWRU,end_to_end,K1-FP32,3,8,23.534973966889083
cpu,CWRU,end_to_end,K1-FP32,3,9,23.598092957399786
cpu,CWRU,end_to_end,K1-FP32,3,10,23.34835595684126
cpu,CWRU,end_to_end,K1-FP32,3,11,23.386197979561985
cpu,CWRU,end_to_end,K1-FP32,3,12,23.430428991559893
cpu,CWRU,end_to_end,K1-FP32,3,13,23.385658976621926
cpu,CWRU,end_to_end,K1-FP32,3,14,23.42551201581955
cpu,CWRU,end_to_end,K1-FP32,3,15,23.327174014411867
cpu,CWRU,end_to_end,K1-FP32,3,16,23.414064024109393
cpu,CWRU,end_to_end,K1-FP32,3,17,23.795753018930554
cpu,CWRU,end_to_end,K1-FP32,3,18,22.879659023601562
cpu,CWRU,end_to_end,K1-FP32,3,19,23.352257965598255
cpu,CWRU,end_to_end,K1-FP32,3,20,22.658405010588467
cpu,CWRU,end_to_end,K1-FP32,3,21,23.4808039967902
cpu,CWRU,end_to_end,K1-FP32,3,22,23.159134027082473
cpu,CWRU,end_to_end,K1-FP32,3,23,23.349311959464103
cpu,CWRU,end_to_end,K1-FP32,3,24,24.288125976454467
cpu,CWRU,end_to_end,K1-FP32,3,25,23.679653008002788
cpu,CWRU,end_to_end,K1-FP32,3,26,23.40779802761972
cpu,CWRU,end_to_end,K1-FP32,3,27,23.323212983086705
cpu,CWRU,end_to_end,K1-FP32,3,28,23.47313700011
cpu,CWRU,end_to_end,K1-FP32,3,29,23.478382034227252
cpu,CWRU,end_to_end,K1-FP32,3,30,23.29047699458897
cpu,CWRU,end_to_end,K1-FP32,3,31,23.32291199127212
cpu,CWRU,end_to_end,K1-FP32,3,32,22.817354009021074
cpu,CWRU,end_to_end,K1-FP32,3,33,23.20528298150748
cpu,CWRU,end_to_end,K1-FP32,3,34,23.48610496846959
cpu,CWRU,end_to_end,K1-FP32,3,35,23.23531697038561
cpu,CWRU,end_to_end,K1-FP32,3,36,23.719963035546243
cpu,CWRU,end_to_end,K1-FP32,3,37,23.144336999394
cpu,CWRU,end_to_end,K1-FP32,3,38,23.152976005803794
cpu,CWRU,end_to_end,K1-FP32,3,39,23.459428979549557
cpu,CWRU,end_to_end,K1-FP32,3,40,23.45668396446854
cpu,CWRU,end_to_end,K1-FP32,3,41,23.11562094837427
cpu,CWRU,end_to_end,K1-FP32,3,42,23.369720962364227
cpu,CWRU,end_to_end,K1-FP32,3,43,23.026873008348048
cpu,CWRU,end_to_end,K1-FP32,3,44,23.73612701194361
cpu,CWRU,end_to_end,K1-FP32,3,45,23.316823004279286
cpu,CWRU,end_to_end,K1-FP32,3,46,23.35713803768158
cpu,CWRU,end_to_end,K1-FP32,3,47,23.408125969581306
cpu,CWRU,end_to_end,K1-FP32,3,48,23.410977970343083
cpu,CWRU,end_to_end,K1-FP32,3,49,23.340468993410468
cpu,CWRU,end_to_end,K1-FP32,3,50,23.743566998746246
cpu,CWRU,end_to_end,K1-FP32,3,51,23.515225970186293
cpu,CWRU,end_to_end,K1-FP32,3,52,22.83954300219193
cpu,CWRU,end_to_end,K1-FP32,3,53,23.195195011794567
cpu,CWRU,end_to_end,K1-FP32,3,54,23.351154988631606
cpu,CWRU,end_to_end,K1-FP32,3,55,23.53428502101451
cpu,CWRU,end_to_end,K1-FP32,3,56,23.71312299510464
cpu,CWRU,end_to_end,K1-FP32,3,57,22.765005996916443
cpu,CWRU,end_to_end,K1-FP32,3,58,23.239297966938466
cpu,CWRU,end_to_end,K1-FP32,3,59,23.16624001832679
cpu,CWRU,end_to_end,K1-FP32,3,60,23.294623009860516
cpu,CWRU,end_to_end,K1-FP32,3,61,23.373155971057713
cpu,CWRU,end_to_end,K1-FP32,3,62,23.201899020932615
cpu,CWRU,end_to_end,K1-FP32,3,63,23.632180993445218
cpu,CWRU,end_to_end,K1-FP32,3,64,23.329938994720578
cpu,CWRU,end_to_end,K1-FP32,3,65,23.150305962190032
cpu,CWRU,end_to_end,K1-FP32,3,66,23.617519007530063
cpu,CWRU,end_to_end,K1-FP32,3,67,23.883657006081194
cpu,CWRU,end_to_end,K1-FP32,3,68,23.48801400512457
cpu,CWRU,end_to_end,K1-FP32,3,69,22.70960999885574
cpu,CWRU,end_to_end,K1-FP32,3,70,23.35209003649652
cpu,CWRU,end_to_end,K1-FP32,3,71,23.39054801268503
cpu,CWRU,end_to_end,K1-FP32,3,72,23.768430983182043
cpu,CWRU,end_to_end,K1-FP32,3,73,24.276046024169773
cpu,CWRU,end_to_end,K1-FP32,3,74,23.38961896020919
cpu,CWRU,end_to_end,K1-FP32,3,75,23.162427998613566
cpu,CWRU,end_to_end,K1-FP32,3,76,23.895272985100746
cpu,CWRU,end_to_end,K1-FP32,3,77,23.379919002763927
cpu,CWRU,end_to_end,K1-FP32,3,78,23.638701008167118
cpu,CWRU,end_to_end,K1-FP32,3,79,23.013632046058774
cpu,CWRU,end_to_end,K1-FP32,3,80,23.33819499472156
cpu,CWRU,end_to_end,K1-FP32,3,81,23.353501979727298
cpu,CWRU,end_to_end,K1-FP32,3,82,23.479586001485586
cpu,CWRU,end_to_end,K1-FP32,3,83,23.364826978649944
cpu,CWRU,end_to_end,K1-FP32,3,84,23.50123500218615
cpu,CWRU,end_to_end,K1-FP32,3,85,23.19359901593998
cpu,CWRU,end_to_end,K1-FP32,3,86,50.384155998472124
cpu,CWRU,end_to_end,K1-FP32,3,87,23.864943999797106
cpu,CWRU,end_to_end,K1-FP32,3,88,23.360040970146656
cpu,CWRU,end_to_end,K1-FP32,3,89,23.153582005761564
cpu,CWRU,end_to_end,K1-FP32,3,90,23.57279701391235
cpu,CWRU,end_to_end,K1-FP32,3,91,23.284031020011753
cpu,CWRU,end_to_end,K1-FP32,3,92,23.577612009830773
cpu,CWRU,end_to_end,K1-FP32,3,93,23.483316006604582
cpu,CWRU,end_to_end,K1-FP32,3,94,23.398592020384967
cpu,CWRU,end_to_end,K1-FP32,3,95,23.24608596973121
cpu,CWRU,end_to_end,K1-FP32,3,96,23.410013993270695
cpu,CWRU,end_to_end,K1-FP32,3,97,23.309958982281387
cpu,CWRU,end_to_end,K1-FP32,3,98,23.263018985744566
cpu,CWRU,end_to_end,K1-FP32,3,99,23.505416000261903
cpu,CWRU,end_to_end,K1-FP32,3,100,22.840065008495003
cpu,CWRU,end_to_end,K1-FP32,3,101,23.257313994690776
cpu,CWRU,end_to_end,K1-FP32,3,102,23.17120903171599
cpu,CWRU,end_to_end,K1-FP32,3,103,23.39251304510981
cpu,CWRU,end_to_end,K1-FP32,3,104,23.438866017386317
cpu,CWRU,end_to_end,K1-FP32,3,105,23.390741960611194
cpu,CWRU,end_to_end,K1-FP32,3,106,23.462632030714303
cpu,CWRU,end_to_end,K1-FP32,3,107,23.496224952396005
cpu,CWRU,end_to_end,K1-FP32,3,108,23.679252015426755
cpu,CWRU,end_to_end,K1-FP32,3,109,23.421416990458965
cpu,CWRU,end_to_end,K1-FP32,3,110,23.40153296245262
cpu,CWRU,end_to_end,K1-FP32,3,111,23.423269973136485
cpu,CWRU,end_to_end,K1-FP32,3,112,23.119573947042227
cpu,CWRU,end_to_end,K1-FP32,3,113,23.979233053978533
cpu,CWRU,end_to_end,K1-FP32,3,114,23.085811000782996
cpu,CWRU,end_to_end,K1-FP32,3,115,23.84694799548015
cpu,CWRU,end_to_end,K1-FP32,3,116,23.13171501737088
cpu,CWRU,end_to_end,K1-FP32,3,117,23.39112397748977
cpu,CWRU,end_to_end,K1-FP32,3,118,23.344017972704023
cpu,CWRU,end_to_end,K1-FP32,3,119,22.971503960434347
cpu,CWRU,end_to_end,K1-FP32,3,120,23.1683740275912
cpu,CWRU,end_to_end,K1-FP32,3,121,23.14504503738135
cpu,CWRU,end_to_end,K1-FP32,3,122,23.78789201611653
cpu,CWRU,end_to_end,K1-FP32,3,123,23.295712016988546
cpu,CWRU,end_to_end,K1-FP32,3,124,23.19380600238219
cpu,CWRU,end_to_end,K1-FP32,3,125,23.6679749796167
cpu,CWRU,end_to_end,K1-FP32,3,126,23.723413003608584
cpu,CWRU,end_to_end,K1-FP32,3,127,24.090708000585437
cpu,CWRU,end_to_end,K1-FP32,3,128,23.50327797466889
cpu,CWRU,end_to_end,K1-FP32,3,129,23.474080953747034
cpu,CWRU,end_to_end,K1-FP32,3,130,23.37599900783971
cpu,CWRU,end_to_end,K1-FP32,3,131,23.152108013164252
cpu,CWRU,end_to_end,K1-FP32,3,132,23.308995994739234
cpu,CWRU,end_to_end,K1-FP32,3,133,23.680336016695946
cpu,CWRU,end_to_end,K1-FP32,3,134,23.333962017204612
cpu,CWRU,end_to_end,K1-FP32,3,135,23.19235895993188
cpu,CWRU,end_to_end,K1-FP32,3,136,23.339795996434987
cpu,CWRU,end_to_end,K1-FP32,3,137,23.84359994903207
cpu,CWRU,end_to_end,K1-FP32,3,138,23.071051051374525
cpu,CWRU,end_to_end,K1-FP32,3,139,23.416340991389006
cpu,CWRU,end_to_end,K1-FP32,3,140,23.378412995953113
cpu,CWRU,end_to_end,K1-FP32,3,141,23.455816030036658
cpu,CWRU,end_to_end,K1-FP32,3,142,23.062176012899727
cpu,CWRU,end_to_end,K1-FP32,3,143,23.6148540279828
cpu,CWRU,end_to_end,K1-FP32,3,144,23.238763969857246
cpu,CWRU,end_to_end,K1-FP32,3,145,23.71634601149708
cpu,CWRU,end_to_end,K1-FP32,3,146,23.42854702146724
cpu,CWRU,end_to_end,K1-FP32,3,147,23.521412978880107
cpu,CWRU,end_to_end,K1-FP32,3,148,23.182495962828398
cpu,CWRU,end_to_end,K1-FP32,3,149,23.604131012689322
cpu,CWRU,end_to_end,K1-FP32,3,150,23.099896032363176
cpu,CWRU,end_to_end,K1-FP32,3,151,24.136854975949973
cpu,CWRU,end_to_end,K1-FP32,3,152,23.468511004466563
cpu,CWRU,end_to_end,K1-FP32,3,153,23.60844099894166
cpu,CWRU,end_to_end,K1-FP32,3,154,23.418349970597774
cpu,CWRU,end_to_end,K1-FP32,3,155,23.321522981859744
cpu,CWRU,end_to_end,K1-FP32,3,156,23.712988011538982
cpu,CWRU,end_to_end,K1-FP32,3,157,23.27892801258713
cpu,CWRU,end_to_end,K1-FP32,3,158,23.720307974144816
cpu,CWRU,end_to_end,K1-FP32,3,159,23.378036043141037
cpu,CWRU,end_to_end,K1-FP32,3,160,23.43305799877271
cpu,CWRU,end_to_end,K1-FP32,3,161,23.21615698747337
cpu,CWRU,end_to_end,K1-FP32,3,162,23.338706989306957
cpu,CWRU,end_to_end,K1-FP32,3,163,23.583478992804885
cpu,CWRU,end_to_end,K1-FP32,3,164,23.318699037190527
cpu,CWRU,end_to_end,K1-FP32,3,165,23.40446104062721
cpu,CWRU,end_to_end,K1-FP32,3,166,23.12365296529606
cpu,CWRU,end_to_end,K1-FP32,3,167,23.340313986409456
cpu,CWRU,end_to_end,K1-FP32,3,168,23.73895898927003
cpu,CWRU,end_to_end,K1-FP32,3,169,23.463807010557503
cpu,CWRU,end_to_end,K1-FP32,3,170,23.411735019180924
cpu,CWRU,end_to_end,K1-FP32,3,171,23.714109032880515
cpu,CWRU,end_to_end,K1-FP32,3,172,23.27266300562769
cpu,CWRU,end_to_end,K1-FP32,3,173,23.368748952634633
cpu,CWRU,end_to_end,K1-FP32,3,174,23.8455249927938
cpu,CWRU,end_to_end,K1-FP32,3,175,23.637140984646976
cpu,CWRU,end_to_end,K1-FP32,3,176,23.07447203202173
cpu,CWRU,end_to_end,K1-FP32,3,177,23.656852019485086
cpu,CWRU,end_to_end,K1-FP32,3,178,23.390996968373656
cpu,CWRU,end_to_end,K1-FP32,3,179,23.128567961975932
cpu,CWRU,end_to_end,K1-FP32,3,180,23.532938968855888
cpu,CWRU,end_to_end,K1-FP32,3,181,23.243867966812104
cpu,CWRU,end_to_end,K1-FP32,3,182,23.310713993851095
cpu,CWRU,end_to_end,K1-FP32,3,183,23.93186802510172
cpu,CWRU,end_to_end,K1-FP32,3,184,23.63239898113534
cpu,CWRU,end_to_end,K1-FP32,3,185,23.324867011979222
cpu,CWRU,end_to_end,K1-FP32,3,186,23.03971699438989
cpu,CWRU,end_to_end,K1-FP32,3,187,23.637621954549104
cpu,CWRU,end_to_end,K1-FP32,3,188,23.44753796933219
cpu,CWRU,end_to_end,K1-FP32,3,189,23.488771985284984
cpu,CWRU,end_to_end,K1-FP32,3,190,23.067928035743535
cpu,CWRU,end_to_end,K1-FP32,3,191,23.2731580035761
cpu,CWRU,end_to_end,K1-FP32,3,192,23.510144965257496
cpu,CWRU,end_to_end,K1-FP32,3,193,23.305926006287336
cpu,CWRU,end_to_end,K1-FP32,3,194,23.784792982041836
cpu,CWRU,end_to_end,K1-FP32,3,195,23.62452499801293
cpu,CWRU,end_to_end,K1-FP32,3,196,23.415191972162575
cpu,CWRU,end_to_end,K1-FP32,3,197,23.444416001439095
cpu,CWRU,end_to_end,K1-FP32,3,198,23.390791029669344
cpu,CWRU,end_to_end,K1-FP32,3,199,23.584900016430765
cpu,CWRU,end_to_end,K1-FP32,3,200,23.276027000974864
cpu,CWRU,end_to_end,K1-FP32,3,201,23.479325987864286
cpu,CWRU,end_to_end,K1-FP32,3,202,23.51336198626086
cpu,CWRU,end_to_end,K1-FP32,3,203,23.11272599035874
cpu,CWRU,end_to_end,K1-FP32,3,204,23.523793963249773
cpu,CWRU,end_to_end,K1-FP32,3,205,23.494221037253737
cpu,CWRU,end_to_end,K1-FP32,3,206,23.341640015132725
cpu,CWRU,end_to_end,K1-FP32,3,207,23.11637398088351
cpu,CWRU,end_to_end,K1-FP32,3,208,23.42573000350967
cpu,CWRU,end_to_end,K1-FP32,3,209,23.075679957401007
cpu,CWRU,end_to_end,K1-FP32,3,210,23.063667002134025
cpu,CWRU,end_to_end,K1-FP32,3,211,23.12959695700556
cpu,CWRU,end_to_end,K1-FP32,3,212,23.086140980012715
cpu,CWRU,end_to_end,K1-FP32,3,213,23.00298400223255
cpu,CWRU,end_to_end,K1-FP32,3,214,23.135922965593636
cpu,CWRU,end_to_end,K1-FP32,3,215,23.11844000359997
cpu,CWRU,end_to_end,K1-FP32,3,216,23.606784001458436
cpu,CWRU,end_to_end,K1-FP32,3,217,23.34685396635905
cpu,CWRU,end_to_end,K1-FP32,3,218,23.092962976079434
cpu,CWRU,end_to_end,K1-FP32,3,219,23.02496397169307
cpu,CWRU,end_to_end,K1-FP32,3,220,23.200189985800534
cpu,CWRU,end_to_end,K1-FP32,3,221,23.271175974514335
cpu,CWRU,end_to_end,K1-FP32,3,222,23.39196897810325
cpu,CWRU,end_to_end,K1-FP32,3,223,23.323339002672583
cpu,CWRU,end_to_end,K1-FP32,3,224,23.489707964472473
cpu,CWRU,end_to_end,K1-FP32,3,225,23.20663700811565
cpu,CWRU,end_to_end,K1-FP32,3,226,23.53547397069633
cpu,CWRU,end_to_end,K1-FP32,3,227,23.227434023283422
cpu,CWRU,end_to_end,K1-FP32,3,228,22.731098986696452
cpu,CWRU,end_to_end,K1-FP32,3,229,23.173380992375314
cpu,CWRU,end_to_end,K1-FP32,3,230,23.500782961491495
cpu,CWRU,end_to_end,K1-FP32,3,231,23.36096198996529
cpu,CWRU,end_to_end,K1-FP32,3,232,23.480647010728717
cpu,CWRU,end_to_end,K1-FP32,3,233,22.910844010766596
cpu,CWRU,end_to_end,K1-FP32,3,234,23.1820679618977
cpu,CWRU,end_to_end,K1-FP32,3,235,23.131904017645866
cpu,CWRU,end_to_end,K1-FP32,3,236,23.569336044602096
cpu,CWRU,end_to_end,K1-FP32,3,237,23.825259995646775
cpu,CWRU,end_to_end,K1-FP32,3,238,23.14446197124198
cpu,CWRU,end_to_end,K1-FP32,3,239,23.48324697231874
cpu,CWRU,end_to_end,K1-FP32,3,240,23.434336006175727
cpu,CWRU,end_to_end,K1-FP32,3,241,23.575883009471
cpu,CWRU,end_to_end,K1-FP32,3,242,22.899304050952196
cpu,CWRU,end_to_end,K1-FP32,3,243,23.08564999839291
cpu,CWRU,end_to_end,K1-FP32,3,244,23.34937098203227
cpu,CWRU,end_to_end,K1-FP32,3,245,23.574095976073295
cpu,CWRU,end_to_end,K1-FP32,3,246,23.58123695012182
cpu,CWRU,end_to_end,K1-FP32,3,247,23.054234974551946
cpu,CWRU,end_to_end,K1-FP32,3,248,22.817894991021603
cpu,CWRU,end_to_end,K1-FP32,3,249,23.007039970252663
cpu,JNU,model_only,K1-FP32,0,0,129.92403196403757
cpu,JNU,model_only,K1-FP32,0,1,129.15221299044788
cpu,JNU,model_only,K1-FP32,0,2,129.23267402220517
cpu,JNU,model_only,K1-FP32,0,3,129.14134794846177
cpu,JNU,model_only,K1-FP32,0,4,129.96464601019397
cpu,JNU,model_only,K1-FP32,0,5,127.95146799180657
cpu,JNU,model_only,K1-FP32,0,6,129.29955299478024
cpu,JNU,model_only,K1-FP32,0,7,120.07601698860526
cpu,JNU,model_only,K1-FP32,0,8,120.62133301515132
cpu,JNU,model_only,K1-FP32,0,9,130.75816095806658
cpu,JNU,model_only,K1-FP32,0,10,129.26320201950148
cpu,JNU,model_only,K1-FP32,0,11,130.02293097088113
cpu,JNU,model_only,K1-FP32,0,12,128.00567300291732
cpu,JNU,model_only,K1-FP32,0,13,124.693654011935
cpu,JNU,model_only,K1-FP32,0,14,99.04704196378589
cpu,JNU,model_only,K1-FP32,0,15,103.47135300980881
cpu,JNU,model_only,K1-FP32,0,16,129.0240390226245
cpu,JNU,model_only,K1-FP32,0,17,130.42578502791002
cpu,JNU,model_only,K1-FP32,0,18,130.099291971419
cpu,JNU,model_only,K1-FP32,0,19,129.3363319709897
cpu,JNU,model_only,K1-FP32,0,20,129.0994459996
cpu,JNU,model_only,K1-FP32,0,21,130.47086697770283
cpu,JNU,model_only,K1-FP32,0,22,128.91214899718761
cpu,JNU,model_only,K1-FP32,0,23,129.22964699100703
cpu,JNU,model_only,K1-FP32,0,24,129.65990201337263
cpu,JNU,model_only,K1-FP32,0,25,128.1525610247627
cpu,JNU,model_only,K1-FP32,0,26,129.2977380217053
cpu,JNU,model_only,K1-FP32,0,27,129.10633103456348
cpu,JNU,model_only,K1-FP32,0,28,124.50380699010566
cpu,JNU,model_only,K1-FP32,0,29,102.65377600444481
cpu,JNU,model_only,K1-FP32,0,30,128.99767700582743
cpu,JNU,model_only,K1-FP32,0,31,130.12006698409095
cpu,JNU,model_only,K1-FP32,0,32,130.20368403522298
cpu,JNU,model_only,K1-FP32,0,33,129.2773819877766
cpu,JNU,model_only,K1-FP32,0,34,129.06766799278557
cpu,JNU,model_only,K1-FP32,0,35,130.192085984163
cpu,JNU,model_only,K1-FP32,0,36,129.05210501048714
cpu,JNU,model_only,K1-FP32,0,37,129.28221095353365
cpu,JNU,model_only,K1-FP32,0,38,128.9189110393636
cpu,JNU,model_only,K1-FP32,0,39,129.14468598319218
cpu,JNU,model_only,K1-FP32,0,40,130.21500303875655
cpu,JNU,model_only,K1-FP32,0,41,129.21606097370386
cpu,JNU,model_only,K1-FP32,0,42,129.04348300071433
cpu,JNU,model_only,K1-FP32,0,43,129.83654503477737
cpu,JNU,model_only,K1-FP32,0,44,130.15874096890911
cpu,JNU,model_only,K1-FP32,0,45,129.14933898719028
cpu,JNU,model_only,K1-FP32,0,46,129.95617603883147
cpu,JNU,model_only,K1-FP32,0,47,129.16486902395263
cpu,JNU,model_only,K1-FP32,0,48,124.69696399057284
cpu,JNU,model_only,K1-FP32,0,49,134.44619998335838
cpu,JNU,model_only,K1-FP32,0,50,129.61072899634019
cpu,JNU,model_only,K1-FP32,0,51,130.55224798154086
cpu,JNU,model_only,K1-FP32,0,52,129.3557439930737
cpu,JNU,model_only,K1-FP32,0,53,129.304061003495
cpu,JNU,model_only,K1-FP32,0,54,129.05794399557635
cpu,JNU,model_only,K1-FP32,0,55,130.13968797167763
cpu,JNU,model_only,K1-FP32,0,56,129.02917701285332
cpu,JNU,model_only,K1-FP32,0,57,129.1603270219639
cpu,JNU,model_only,K1-FP32,0,58,129.7822849592194
cpu,JNU,model_only,K1-FP32,0,59,130.0380599568598
cpu,JNU,model_only,K1-FP32,0,60,129.27873199805617
cpu,JNU,model_only,K1-FP32,0,61,129.17195999762043
cpu,JNU,model_only,K1-FP32,0,62,129.40439902013168
cpu,JNU,model_only,K1-FP32,0,63,129.24036697950214
cpu,JNU,model_only,K1-FP32,0,64,129.00763598736376
cpu,JNU,model_only,K1-FP32,0,65,129.33323299512267
cpu,JNU,model_only,K1-FP32,0,66,129.34255198342726
cpu,JNU,model_only,K1-FP32,0,67,129.16244199732319
cpu,JNU,model_only,K1-FP32,0,68,129.44308697478846
cpu,JNU,model_only,K1-FP32,0,69,129.2679020552896
cpu,JNU,model_only,K1-FP32,0,70,128.86520696338266
cpu,JNU,model_only,K1-FP32,0,71,119.42920199362561
cpu,JNU,model_only,K1-FP32,0,72,119.57931000506505
cpu,JNU,model_only,K1-FP32,0,73,119.43018098827451
cpu,JNU,model_only,K1-FP32,0,74,119.7281539789401
cpu,JNU,model_only,K1-FP32,0,75,121.91374303074554
cpu,JNU,model_only,K1-FP32,0,76,129.57340601133183
cpu,JNU,model_only,K1-FP32,0,77,129.01295203482732
cpu,JNU,model_only,K1-FP32,0,78,129.067612986546
cpu,JNU,model_only,K1-FP32,0,79,129.34424000559375
cpu,JNU,model_only,K1-FP32,0,80,129.06219594879076
cpu,JNU,model_only,K1-FP32,0,81,129.08937997417524
cpu,JNU,model_only,K1-FP32,0,82,129.31550503708422
cpu,JNU,model_only,K1-FP32,0,83,127.7940470026806
cpu,JNU,model_only,K1-FP32,0,84,120.60805899091065
cpu,JNU,model_only,K1-FP32,0,85,120.15537801198661
cpu,JNU,model_only,K1-FP32,0,86,120.45005999971181
cpu,JNU,model_only,K1-FP32,0,87,120.48776599112898
cpu,JNU,model_only,K1-FP32,0,88,120.6280590267852
cpu,JNU,model_only,K1-FP32,0,89,120.80546200741082
cpu,JNU,model_only,K1-FP32,0,90,122.08521499997005
cpu,JNU,model_only,K1-FP32,0,91,119.35129202902317
cpu,JNU,model_only,K1-FP32,0,92,122.32243805192411
cpu,JNU,model_only,K1-FP32,0,93,129.4006999814883
cpu,JNU,model_only,K1-FP32,0,94,129.14511101553217
cpu,JNU,model_only,K1-FP32,0,95,129.37510502524674
cpu,JNU,model_only,K1-FP32,0,96,129.289329983294
cpu,JNU,model_only,K1-FP32,0,97,127.1298400242813
cpu,JNU,model_only,K1-FP32,0,98,127.92605202412233
cpu,JNU,model_only,K1-FP32,0,99,126.75833801040426
cpu,JNU,model_only,K1-FP32,0,100,126.33575202198699
cpu,JNU,model_only,K1-FP32,0,101,126.87785102752969
cpu,JNU,model_only,K1-FP32,0,102,127.41977802943438
cpu,JNU,model_only,K1-FP32,0,103,127.32545199105516
cpu,JNU,model_only,K1-FP32,0,104,127.16884398832917
cpu,JNU,model_only,K1-FP32,0,105,128.37456597480923
cpu,JNU,model_only,K1-FP32,0,106,127.73899105377495
cpu,JNU,model_only,K1-FP32,0,107,126.1183200404048
cpu,JNU,model_only,K1-FP32,0,108,127.64591700397432
cpu,JNU,model_only,K1-FP32,0,109,127.17473902739584
cpu,JNU,model_only,K1-FP32,0,110,128.2047249842435
cpu,JNU,model_only,K1-FP32,0,111,127.59135902160779
cpu,JNU,model_only,K1-FP32,0,112,128.1594320316799
cpu,JNU,model_only,K1-FP32,0,113,127.67682899720967
cpu,JNU,model_only,K1-FP32,0,114,127.54403799772263
cpu,JNU,model_only,K1-FP32,0,115,127.68172397045419
cpu,JNU,model_only,K1-FP32,0,116,127.83606798620895
cpu,JNU,model_only,K1-FP32,0,117,127.5084150256589
cpu,JNU,model_only,K1-FP32,0,118,127.45209399145097
cpu,JNU,model_only,K1-FP32,0,119,128.6967959604226
cpu,JNU,model_only,K1-FP32,0,120,127.57872696965933
cpu,JNU,model_only,K1-FP32,0,121,127.87930702324957
cpu,JNU,model_only,K1-FP32,0,122,127.52623402047902
cpu,JNU,model_only,K1-FP32,0,123,127.36535700969398
cpu,JNU,model_only,K1-FP32,0,124,127.68072600010782
cpu,JNU,model_only,K1-FP32,0,125,127.73903098423034
cpu,JNU,model_only,K1-FP32,0,126,127.96297296881676
cpu,JNU,model_only,K1-FP32,0,127,127.80203495640308
cpu,JNU,model_only,K1-FP32,0,128,129.51045896625146
cpu,JNU,model_only,K1-FP32,0,129,128.0382659751922
cpu,JNU,model_only,K1-FP32,0,130,128.89312603510916
cpu,JNU,model_only,K1-FP32,0,131,128.1036389991641
cpu,JNU,model_only,K1-FP32,0,132,127.52030201954767
cpu,JNU,model_only,K1-FP32,0,133,127.64418497681618
cpu,JNU,model_only,K1-FP32,0,134,126.79425999522209
cpu,JNU,model_only,K1-FP32,0,135,119.4848669692874
cpu,JNU,model_only,K1-FP32,0,136,120.5701680155471
cpu,JNU,model_only,K1-FP32,0,137,128.51562700234354
cpu,JNU,model_only,K1-FP32,0,138,127.73634999757633
cpu,JNU,model_only,K1-FP32,0,139,128.2092590117827
cpu,JNU,model_only,K1-FP32,0,140,128.21474898373708
cpu,JNU,model_only,K1-FP32,0,141,128.34761204430833
cpu,JNU,model_only,K1-FP32,0,142,129.00806998368353
cpu,JNU,model_only,K1-FP32,0,143,128.22675000643358
cpu,JNU,model_only,K1-FP32,0,144,128.59734502853826
cpu,JNU,model_only,K1-FP32,0,145,128.39538202388212
cpu,JNU,model_only,K1-FP32,0,146,128.66447400301695
cpu,JNU,model_only,K1-FP32,0,147,128.30755300819874
cpu,JNU,model_only,K1-FP32,0,148,129.20675502391532
cpu,JNU,model_only,K1-FP32,0,149,129.28444100543857
cpu,JNU,model_only,K1-FP32,0,150,128.57303902273998
cpu,JNU,model_only,K1-FP32,0,151,128.1599830253981
cpu,JNU,model_only,K1-FP32,0,152,128.54462198447436
cpu,JNU,model_only,K1-FP32,0,153,128.64540400914848
cpu,JNU,model_only,K1-FP32,0,154,128.26488103019074
cpu,JNU,model_only,K1-FP32,0,155,129.42601199029014
cpu,JNU,model_only,K1-FP32,0,156,128.4249890013598
cpu,JNU,model_only,K1-FP32,0,157,128.3940229914151
cpu,JNU,model_only,K1-FP32,0,158,128.7603229866363
cpu,JNU,model_only,K1-FP32,0,159,128.34448099602014
cpu,JNU,model_only,K1-FP32,0,160,128.2923739636317
cpu,JNU,model_only,K1-FP32,0,161,129.329229996074
cpu,JNU,model_only,K1-FP32,0,162,128.4148310078308
cpu,JNU,model_only,K1-FP32,0,163,127.08063499303535
cpu,JNU,model_only,K1-FP32,0,164,120.42525300057605
cpu,JNU,model_only,K1-FP32,0,165,121.47534202085808
cpu,JNU,model_only,K1-FP32,0,166,128.84733901591972
cpu,JNU,model_only,K1-FP32,0,167,130.47023600665852
cpu,JNU,model_only,K1-FP32,0,168,128.44890699489042
cpu,JNU,model_only,K1-FP32,0,169,129.78647300042212
cpu,JNU,model_only,K1-FP32,0,170,128.51964100264013
cpu,JNU,model_only,K1-FP32,0,171,127.78077798429877
cpu,JNU,model_only,K1-FP32,0,172,128.4091400448233
cpu,JNU,model_only,K1-FP32,0,173,128.95993399433792
cpu,JNU,model_only,K1-FP32,0,174,128.60117998206988
cpu,JNU,model_only,K1-FP32,0,175,128.58200899790972
cpu,JNU,model_only,K1-FP32,0,176,129.5633019763045
cpu,JNU,model_only,K1-FP32,0,177,128.81334201665595
cpu,JNU,model_only,K1-FP32,0,178,130.6551260058768
cpu,JNU,model_only,K1-FP32,0,179,129.34734200825915
cpu,JNU,model_only,K1-FP32,0,180,128.3909070189111
cpu,JNU,model_only,K1-FP32,0,181,129.64782799826935
cpu,JNU,model_only,K1-FP32,0,182,128.48423200193793
cpu,JNU,model_only,K1-FP32,0,183,128.8769120001234
cpu,JNU,model_only,K1-FP32,0,184,129.5156159903854
cpu,JNU,model_only,K1-FP32,0,185,129.5187850482762
cpu,JNU,model_only,K1-FP32,0,186,128.70688899420202
cpu,JNU,model_only,K1-FP32,0,187,129.54165699193254
cpu,JNU,model_only,K1-FP32,0,188,128.9908160106279
cpu,JNU,model_only,K1-FP32,0,189,129.05349198263139
cpu,JNU,model_only,K1-FP32,0,190,128.70595301501453
cpu,JNU,model_only,K1-FP32,0,191,129.83911199262366
cpu,JNU,model_only,K1-FP32,0,192,129.20295604271814
cpu,JNU,model_only,K1-FP32,0,193,129.78773895883933
cpu,JNU,model_only,K1-FP32,0,194,128.75714601250365
cpu,JNU,model_only,K1-FP32,0,195,127.31694203102961
cpu,JNU,model_only,K1-FP32,0,196,120.93833700055256
cpu,JNU,model_only,K1-FP32,0,197,125.31965295784175
cpu,JNU,model_only,K1-FP32,0,198,103.50869799731299
cpu,JNU,model_only,K1-FP32,0,199,129.90864703897387
cpu,JNU,model_only,K1-FP32,0,200,129.37523401342332
cpu,JNU,model_only,K1-FP32,0,201,127.66098999418318
cpu,JNU,model_only,K1-FP32,0,202,119.77647099411115
cpu,JNU,model_only,K1-FP32,0,203,119.73989300895482
cpu,JNU,model_only,K1-FP32,0,204,121.68625899357721
cpu,JNU,model_only,K1-FP32,0,205,120.30146498000249
cpu,JNU,model_only,K1-FP32,0,206,121.62372702732682
cpu,JNU,model_only,K1-FP32,0,207,120.15366100240499
cpu,JNU,model_only,K1-FP32,0,208,120.45033904723823
cpu,JNU,model_only,K1-FP32,0,209,120.16071600373834
cpu,JNU,model_only,K1-FP32,0,210,121.52365501970053
cpu,JNU,model_only,K1-FP32,0,211,129.11691702902317
cpu,JNU,model_only,K1-FP32,0,212,129.22880001133308
cpu,JNU,model_only,K1-FP32,0,213,129.37678303569555
cpu,JNU,model_only,K1-FP32,0,214,129.1175220394507
cpu,JNU,model_only,K1-FP32,0,215,128.37767699966207
cpu,JNU,model_only,K1-FP32,0,216,129.17991302674636
cpu,JNU,model_only,K1-FP32,0,217,129.16488200426102
cpu,JNU,model_only,K1-FP32,0,218,128.8936390192248
cpu,JNU,model_only,K1-FP32,0,219,129.0411980007775
cpu,JNU,model_only,K1-FP32,0,220,130.37365401396528
cpu,JNU,model_only,K1-FP32,0,221,130.60256198514253
cpu,JNU,model_only,K1-FP32,0,222,129.22309804707766
cpu,JNU,model_only,K1-FP32,0,223,129.70695400144905
cpu,JNU,model_only,K1-FP32,0,224,129.49356599710882
cpu,JNU,model_only,K1-FP32,0,225,129.3738050153479
cpu,JNU,model_only,K1-FP32,0,226,129.2990290094167
cpu,JNU,model_only,K1-FP32,0,227,129.24100505188107
cpu,JNU,model_only,K1-FP32,0,228,129.10998100414872
cpu,JNU,model_only,K1-FP32,0,229,129.46391897276044
cpu,JNU,model_only,K1-FP32,0,230,130.12109597912058
cpu,JNU,model_only,K1-FP32,0,231,129.3076680158265
cpu,JNU,model_only,K1-FP32,0,232,129.87098802113906
cpu,JNU,model_only,K1-FP32,0,233,129.39310201909393
cpu,JNU,model_only,K1-FP32,0,234,129.28235495928675
cpu,JNU,model_only,K1-FP32,0,235,129.3470099917613
cpu,JNU,model_only,K1-FP32,0,236,130.951038969215
cpu,JNU,model_only,K1-FP32,0,237,130.437255022116
cpu,JNU,model_only,K1-FP32,0,238,129.52261697500944
cpu,JNU,model_only,K1-FP32,0,239,128.17331904079765
cpu,JNU,model_only,K1-FP32,0,240,120.1064339838922
cpu,JNU,model_only,K1-FP32,0,241,120.19364698790014
cpu,JNU,model_only,K1-FP32,0,242,120.55086297914386
cpu,JNU,model_only,K1-FP32,0,243,131.72914896858856
cpu,JNU,model_only,K1-FP32,0,244,129.89697000011802
cpu,JNU,model_only,K1-FP32,0,245,129.2239159811288
cpu,JNU,model_only,K1-FP32,0,246,119.35006000567228
cpu,JNU,model_only,K1-FP32,0,247,119.34144597034901
cpu,JNU,model_only,K1-FP32,0,248,119.42472500959411
cpu,JNU,model_only,K1-FP32,0,249,119.33174298610538
cpu,JNU,model_only,Q8-cpu_dynamic,0,0,114.48797502089292
cpu,JNU,model_only,Q8-cpu_dynamic,0,1,113.87375701451674
cpu,JNU,model_only,Q8-cpu_dynamic,0,2,113.877544994466
cpu,JNU,model_only,Q8-cpu_dynamic,0,3,115.13101804303005
cpu,JNU,model_only,Q8-cpu_dynamic,0,4,114.29521901300177
cpu,JNU,model_only,Q8-cpu_dynamic,0,5,113.9954809914343
cpu,JNU,model_only,Q8-cpu_dynamic,0,6,114.11286098882556
cpu,JNU,model_only,Q8-cpu_dynamic,0,7,112.77078901184723
cpu,JNU,model_only,Q8-cpu_dynamic,0,8,97.59615804068744
cpu,JNU,model_only,Q8-cpu_dynamic,0,9,115.11670704931021
cpu,JNU,model_only,Q8-cpu_dynamic,0,10,114.0019900049083
cpu,JNU,model_only,Q8-cpu_dynamic,0,11,114.91243803175166
cpu,JNU,model_only,Q8-cpu_dynamic,0,12,114.06641098437831
cpu,JNU,model_only,Q8-cpu_dynamic,0,13,114.35473902383819
cpu,JNU,model_only,Q8-cpu_dynamic,0,14,114.17376395547763
cpu,JNU,model_only,Q8-cpu_dynamic,0,15,114.31613803142682
cpu,JNU,model_only,Q8-cpu_dynamic,0,16,113.61777799902484
cpu,JNU,model_only,Q8-cpu_dynamic,0,17,114.75100996904075
cpu,JNU,model_only,Q8-cpu_dynamic,0,18,114.22095994930714
cpu,JNU,model_only,Q8-cpu_dynamic,0,19,114.14678901201114
cpu,JNU,model_only,Q8-cpu_dynamic,0,20,113.95466502290219
cpu,JNU,model_only,Q8-cpu_dynamic,0,21,115.81922799814492
cpu,JNU,model_only,Q8-cpu_dynamic,0,22,115.44907896313816
cpu,JNU,model_only,Q8-cpu_dynamic,0,23,115.25306798284873
cpu,JNU,model_only,Q8-cpu_dynamic,0,24,114.40133897121996
cpu,JNU,model_only,Q8-cpu_dynamic,0,25,115.35589303821325
cpu,JNU,model_only,Q8-cpu_dynamic,0,26,115.65130500821397
cpu,JNU,model_only,Q8-cpu_dynamic,0,27,115.15981599222869
cpu,JNU,model_only,Q8-cpu_dynamic,0,28,114.26387395476922
cpu,JNU,model_only,Q8-cpu_dynamic,0,29,114.54954202054068
cpu,JNU,model_only,Q8-cpu_dynamic,0,30,115.04709802102298
cpu,JNU,model_only,Q8-cpu_dynamic,0,31,116.0549689666368
cpu,JNU,model_only,Q8-cpu_dynamic,0,32,116.07456201454625
cpu,JNU,model_only,Q8-cpu_dynamic,0,33,116.0866449936293
cpu,JNU,model_only,Q8-cpu_dynamic,0,34,115.72208598954603
cpu,JNU,model_only,Q8-cpu_dynamic,0,35,115.55770196719095
cpu,JNU,model_only,Q8-cpu_dynamic,0,36,115.92560796998441
cpu,JNU,model_only,Q8-cpu_dynamic,0,37,114.86533196875826
cpu,JNU,model_only,Q8-cpu_dynamic,0,38,113.43814700376242
cpu,JNU,model_only,Q8-cpu_dynamic,0,39,116.49668304016814
cpu,JNU,model_only,Q8-cpu_dynamic,0,40,99.53547600889578
cpu,JNU,model_only,Q8-cpu_dynamic,0,41,115.70775299333036
cpu,JNU,model_only,Q8-cpu_dynamic,0,42,115.13786698924378
cpu,JNU,model_only,Q8-cpu_dynamic,0,43,115.2773040230386
cpu,JNU,model_only,Q8-cpu_dynamic,0,44,115.33483798848465
cpu,JNU,model_only,Q8-cpu_dynamic,0,45,115.00477703521028
cpu,JNU,model_only,Q8-cpu_dynamic,0,46,116.20201298501343
cpu,JNU,model_only,Q8-cpu_dynamic,0,47,115.88642600690946
cpu,JNU,model_only,Q8-cpu_dynamic,0,48,116.84125498868525
cpu,JNU,model_only,Q8-cpu_dynamic,0,49,116.57500901492313
cpu,JNU,model_only,Q8-cpu_dynamic,0,50,116.26043700380251
cpu,JNU,model_only,Q8-cpu_dynamic,0,51,116.30130000412464
cpu,JNU,model_only,Q8-cpu_dynamic,0,52,116.90508195897564
cpu,JNU,model_only,Q8-cpu_dynamic,0,53,116.34493700694293
cpu,JNU,model_only,Q8-cpu_dynamic,0,54,116.83157400693744
cpu,JNU,model_only,Q8-cpu_dynamic,0,55,116.72237695893273
cpu,JNU,model_only,Q8-cpu_dynamic,0,56,115.72781100403517
cpu,JNU,model_only,Q8-cpu_dynamic,0,57,118.9859849982895
cpu,JNU,model_only,Q8-cpu_dynamic,0,58,116.44037702353671
cpu,JNU,model_only,Q8-cpu_dynamic,0,59,94.69201898900792
cpu,JNU,model_only,Q8-cpu_dynamic,0,60,109.22017495613545
cpu,JNU,model_only,Q8-cpu_dynamic,0,61,110.51759496331215
cpu,JNU,model_only,Q8-cpu_dynamic,0,62,110.10107002221048
cpu,JNU,model_only,Q8-cpu_dynamic,0,63,110.52125599235296
cpu,JNU,model_only,Q8-cpu_dynamic,0,64,117.19442601315677
cpu,JNU,model_only,Q8-cpu_dynamic,0,65,119.70296403160319
cpu,JNU,model_only,Q8-cpu_dynamic,0,66,117.0639589545317
cpu,JNU,model_only,Q8-cpu_dynamic,0,67,117.03747900901362
cpu,JNU,model_only,Q8-cpu_dynamic,0,68,116.22389603871852
cpu,JNU,model_only,Q8-cpu_dynamic,0,69,117.11509100859985
cpu,JNU,model_only,Q8-cpu_dynamic,0,70,117.26653098594397
cpu,JNU,model_only,Q8-cpu_dynamic,0,71,116.99107300955802
cpu,JNU,model_only,Q8-cpu_dynamic,0,72,117.16498801251873
cpu,JNU,model_only,Q8-cpu_dynamic,0,73,117.06501501612365
cpu,JNU,model_only,Q8-cpu_dynamic,0,74,117.21823998959735
cpu,JNU,model_only,Q8-cpu_dynamic,0,75,117.20036703627557
cpu,JNU,model_only,Q8-cpu_dynamic,0,76,117.38169804448262
cpu,JNU,model_only,Q8-cpu_dynamic,0,77,117.11311602266505
cpu,JNU,model_only,Q8-cpu_dynamic,0,78,117.55663802614436
cpu,JNU,model_only,Q8-cpu_dynamic,0,79,117.42376297479495
cpu,JNU,model_only,Q8-cpu_dynamic,0,80,116.64875695714727
cpu,JNU,model_only,Q8-cpu_dynamic,0,81,115.7664000056684
cpu,JNU,model_only,Q8-cpu_dynamic,0,82,117.90223501157016
cpu,JNU,model_only,Q8-cpu_dynamic,0,83,118.20017197169363
cpu,JNU,model_only,Q8-cpu_dynamic,0,84,119.14803797844797
cpu,JNU,model_only,Q8-cpu_dynamic,0,85,117.90107499109581
cpu,JNU,model_only,Q8-cpu_dynamic,0,86,116.68711801758036
cpu,JNU,model_only,Q8-cpu_dynamic,0,87,116.66896502720192
cpu,JNU,model_only,Q8-cpu_dynamic,0,88,117.60006699478254
cpu,JNU,model_only,Q8-cpu_dynamic,0,89,117.96511302236468
cpu,JNU,model_only,Q8-cpu_dynamic,0,90,116.6844210238196
cpu,JNU,model_only,Q8-cpu_dynamic,0,91,117.3220900236629
cpu,JNU,model_only,Q8-cpu_dynamic,0,92,118.57948201941326
cpu,JNU,model_only,Q8-cpu_dynamic,0,93,117.90047801332548
cpu,JNU,model_only,Q8-cpu_dynamic,0,94,117.03509703511372
cpu,JNU,model_only,Q8-cpu_dynamic,0,95,116.79359496338293
cpu,JNU,model_only,Q8-cpu_dynamic,0,96,115.05918297916651
cpu,JNU,model_only,Q8-cpu_dynamic,0,97,121.47813697811216
cpu,JNU,model_only,Q8-cpu_dynamic,0,98,119.30656299227849
cpu,JNU,model_only,Q8-cpu_dynamic,0,99,117.03019798733294
cpu,JNU,model_only,Q8-cpu_dynamic,0,100,117.10296897217631
cpu,JNU,model_only,Q8-cpu_dynamic,0,101,118.03158902330324
cpu,JNU,model_only,Q8-cpu_dynamic,0,102,118.71918203542009
cpu,JNU,model_only,Q8-cpu_dynamic,0,103,118.23557101888582
cpu,JNU,model_only,Q8-cpu_dynamic,0,104,118.46711696125567
cpu,JNU,model_only,Q8-cpu_dynamic,0,105,118.19386197021231
cpu,JNU,model_only,Q8-cpu_dynamic,0,106,115.34489097539335
cpu,JNU,model_only,Q8-cpu_dynamic,0,107,98.90710300533101
cpu,JNU,model_only,Q8-cpu_dynamic,0,108,119.26886695437133
cpu,JNU,model_only,Q8-cpu_dynamic,0,109,118.65682800998911
cpu,JNU,model_only,Q8-cpu_dynamic,0,110,118.87668096460402
cpu,JNU,model_only,Q8-cpu_dynamic,0,111,118.40291204862297
cpu,JNU,model_only,Q8-cpu_dynamic,0,112,118.49137500394136
cpu,JNU,model_only,Q8-cpu_dynamic,0,113,117.47620499227196
cpu,JNU,model_only,Q8-cpu_dynamic,0,114,118.22439602110535
cpu,JNU,model_only,Q8-cpu_dynamic,0,115,118.58570796903223
cpu,JNU,model_only,Q8-cpu_dynamic,0,116,118.18151699844748
cpu,JNU,model_only,Q8-cpu_dynamic,0,117,118.30279201967642
cpu,JNU,model_only,Q8-cpu_dynamic,0,118,117.57818696787581
cpu,JNU,model_only,Q8-cpu_dynamic,0,119,118.07837500236928
cpu,JNU,model_only,Q8-cpu_dynamic,0,120,118.12612897483632
cpu,JNU,model_only,Q8-cpu_dynamic,0,121,118.23801702121273
cpu,JNU,model_only,Q8-cpu_dynamic,0,122,118.05278103565797
cpu,JNU,model_only,Q8-cpu_dynamic,0,123,117.24902497371659
cpu,JNU,model_only,Q8-cpu_dynamic,0,124,118.92934498609975
cpu,JNU,model_only,Q8-cpu_dynamic,0,125,118.57401003362611
cpu,JNU,model_only,Q8-cpu_dynamic,0,126,118.6909339739941
cpu,JNU,model_only,Q8-cpu_dynamic,0,127,118.60561597859487
cpu,JNU,model_only,Q8-cpu_dynamic,0,128,114.42391102900729
cpu,JNU,model_only,Q8-cpu_dynamic,0,129,98.87084004003555
cpu,JNU,model_only,Q8-cpu_dynamic,0,130,117.78611200861633
cpu,JNU,model_only,Q8-cpu_dynamic,0,131,117.43172799469903
cpu,JNU,model_only,Q8-cpu_dynamic,0,132,118.07609698735178
cpu,JNU,model_only,Q8-cpu_dynamic,0,133,118.44180995831266
cpu,JNU,model_only,Q8-cpu_dynamic,0,134,117.64167802175507
cpu,JNU,model_only,Q8-cpu_dynamic,0,135,118.6982529470697
cpu,JNU,model_only,Q8-cpu_dynamic,0,136,117.22772399662063
cpu,JNU,model_only,Q8-cpu_dynamic,0,137,117.38886003149673
cpu,JNU,model_only,Q8-cpu_dynamic,0,138,118.35413402877748
cpu,JNU,model_only,Q8-cpu_dynamic,0,139,118.30938002094626
cpu,JNU,model_only,Q8-cpu_dynamic,0,140,118.93902701558545
cpu,JNU,model_only,Q8-cpu_dynamic,0,141,118.69935196591541
cpu,JNU,model_only,Q8-cpu_dynamic,0,142,118.77019598614424
cpu,JNU,model_only,Q8-cpu_dynamic,0,143,118.51101502543315
cpu,JNU,model_only,Q8-cpu_dynamic,0,144,118.04793099872768
cpu,JNU,model_only,Q8-cpu_dynamic,0,145,118.76371898688376
cpu,JNU,model_only,Q8-cpu_dynamic,0,146,118.36298799607903
cpu,JNU,model_only,Q8-cpu_dynamic,0,147,118.5667950194329
cpu,JNU,model_only,Q8-cpu_dynamic,0,148,117.46944102924317
cpu,JNU,model_only,Q8-cpu_dynamic,0,149,118.00011497689411
cpu,JNU,model_only,Q8-cpu_dynamic,0,150,117.754757986404
cpu,JNU,model_only,Q8-cpu_dynamic,0,151,117.53453902201727
cpu,JNU,model_only,Q8-cpu_dynamic,0,152,118.83435997879133
cpu,JNU,model_only,Q8-cpu_dynamic,0,153,117.93362000025809
cpu,JNU,model_only,Q8-cpu_dynamic,0,154,117.81490501016378
cpu,JNU,model_only,Q8-cpu_dynamic,0,155,118.7974630156532
cpu,JNU,model_only,Q8-cpu_dynamic,0,156,114.21930498909205
cpu,JNU,model_only,Q8-cpu_dynamic,0,157,99.3743950384669
cpu,JNU,model_only,Q8-cpu_dynamic,0,158,118.74296300811693
cpu,JNU,model_only,Q8-cpu_dynamic,0,159,118.84558998281136
cpu,JNU,model_only,Q8-cpu_dynamic,0,160,117.95327201252803
cpu,JNU,model_only,Q8-cpu_dynamic,0,161,118.62803396070376
cpu,JNU,model_only,Q8-cpu_dynamic,0,162,118.72641701484099
cpu,JNU,model_only,Q8-cpu_dynamic,0,163,118.80133399972692
cpu,JNU,model_only,Q8-cpu_dynamic,0,164,118.68541699368507
cpu,JNU,model_only,Q8-cpu_dynamic,0,165,118.46197297563776
cpu,JNU,model_only,Q8-cpu_dynamic,0,166,116.97784095304087
cpu,JNU,model_only,Q8-cpu_dynamic,0,167,118.65698697511107
cpu,JNU,model_only,Q8-cpu_dynamic,0,168,118.68243204662576
cpu,JNU,model_only,Q8-cpu_dynamic,0,169,118.61473403405398
cpu,JNU,model_only,Q8-cpu_dynamic,0,170,118.42721898574382
cpu,JNU,model_only,Q8-cpu_dynamic,0,171,117.44544201064855
cpu,JNU,model_only,Q8-cpu_dynamic,0,172,117.53106501419097
cpu,JNU,model_only,Q8-cpu_dynamic,0,173,118.82201099069789
cpu,JNU,model_only,Q8-cpu_dynamic,0,174,118.71092295041308
cpu,JNU,model_only,Q8-cpu_dynamic,0,175,119.01683296309784
cpu,JNU,model_only,Q8-cpu_dynamic,0,176,118.7305370112881
cpu,JNU,model_only,Q8-cpu_dynamic,0,177,117.46651504654437
cpu,JNU,model_only,Q8-cpu_dynamic,0,178,118.87540598399937
cpu,JNU,model_only,Q8-cpu_dynamic,0,179,118.68282099021599
cpu,JNU,model_only,Q8-cpu_dynamic,0,180,118.90574602875859
cpu,JNU,model_only,Q8-cpu_dynamic,0,181,119.14689600234851
cpu,JNU,model_only,Q8-cpu_dynamic,0,182,118.86091600172222
cpu,JNU,model_only,Q8-cpu_dynamic,0,183,121.11810501664877
cpu,JNU,model_only,Q8-cpu_dynamic,0,184,119.08599000889808
cpu,JNU,model_only,Q8-cpu_dynamic,0,185,118.84451401419938
cpu,JNU,model_only,Q8-cpu_dynamic,0,186,118.76095295883715
cpu,JNU,model_only,Q8-cpu_dynamic,0,187,119.13837498286739
cpu,JNU,model_only,Q8-cpu_dynamic,0,188,118.56748501304537
cpu,JNU,model_only,Q8-cpu_dynamic,0,189,118.47139103338122
cpu,JNU,model_only,Q8-cpu_dynamic,0,190,117.99142300151289
cpu,JNU,model_only,Q8-cpu_dynamic,0,191,118.80398099310696
cpu,JNU,model_only,Q8-cpu_dynamic,0,192,119.06866094795987
cpu,JNU,model_only,Q8-cpu_dynamic,0,193,118.52182098664343
cpu,JNU,model_only,Q8-cpu_dynamic,0,194,119.53726701904088
cpu,JNU,model_only,Q8-cpu_dynamic,0,195,117.75529896840453
cpu,JNU,model_only,Q8-cpu_dynamic,0,196,117.7953960141167
cpu,JNU,model_only,Q8-cpu_dynamic,0,197,117.98228195402771
cpu,JNU,model_only,Q8-cpu_dynamic,0,198,118.21332399267703
cpu,JNU,model_only,Q8-cpu_dynamic,0,199,117.98436800017953
cpu,JNU,model_only,Q8-cpu_dynamic,0,200,119.40430203685537
cpu,JNU,model_only,Q8-cpu_dynamic,0,201,118.36785497143865
cpu,JNU,model_only,Q8-cpu_dynamic,0,202,118.81451995577663
cpu,JNU,model_only,Q8-cpu_dynamic,0,203,120.68042502505705
cpu,JNU,model_only,Q8-cpu_dynamic,0,204,117.36138898413628
cpu,JNU,model_only,Q8-cpu_dynamic,0,205,118.43980202684179
cpu,JNU,model_only,Q8-cpu_dynamic,0,206,118.43534198123962
cpu,JNU,model_only,Q8-cpu_dynamic,0,207,118.51785599719733
cpu,JNU,model_only,Q8-cpu_dynamic,0,208,118.4097639634274
cpu,JNU,model_only,Q8-cpu_dynamic,0,209,117.92608298128471
cpu,JNU,model_only,Q8-cpu_dynamic,0,210,118.96493099629879
cpu,JNU,model_only,Q8-cpu_dynamic,0,211,114.94699399918318
cpu,JNU,model_only,Q8-cpu_dynamic,0,212,96.30357101559639
cpu,JNU,model_only,Q8-cpu_dynamic,0,213,99.08181999344379
cpu,JNU,model_only,Q8-cpu_dynamic,0,214,119.0203579608351
cpu,JNU,model_only,Q8-cpu_dynamic,0,215,117.7254089852795
cpu,JNU,model_only,Q8-cpu_dynamic,0,216,118.58030495932326
cpu,JNU,model_only,Q8-cpu_dynamic,0,217,118.9290180336684
cpu,JNU,model_only,Q8-cpu_dynamic,0,218,117.88847495336086
cpu,JNU,model_only,Q8-cpu_dynamic,0,219,117.73569096112624
cpu,JNU,model_only,Q8-cpu_dynamic,0,220,118.05046896915883
cpu,JNU,model_only,Q8-cpu_dynamic,0,221,114.23540400573984
cpu,JNU,model_only,Q8-cpu_dynamic,0,222,100.59728095075116
cpu,JNU,model_only,Q8-cpu_dynamic,0,223,117.90557496715337
cpu,JNU,model_only,Q8-cpu_dynamic,0,224,118.91250201733783
cpu,JNU,model_only,Q8-cpu_dynamic,0,225,118.6906190123409
cpu,JNU,model_only,Q8-cpu_dynamic,0,226,118.02239198004827
cpu,JNU,model_only,Q8-cpu_dynamic,0,227,118.18652198417112
cpu,JNU,model_only,Q8-cpu_dynamic,0,228,117.64185701031238
cpu,JNU,model_only,Q8-cpu_dynamic,0,229,117.79098899569362
cpu,JNU,model_only,Q8-cpu_dynamic,0,230,117.89430095814168
cpu,JNU,model_only,Q8-cpu_dynamic,0,231,118.7793220160529
cpu,JNU,model_only,Q8-cpu_dynamic,0,232,119.07197895925492
cpu,JNU,model_only,Q8-cpu_dynamic,0,233,118.56295703910291
cpu,JNU,model_only,Q8-cpu_dynamic,0,234,117.98252002336085
cpu,JNU,model_only,Q8-cpu_dynamic,0,235,118.6528829857707
cpu,JNU,model_only,Q8-cpu_dynamic,0,236,118.55840601492673
cpu,JNU,model_only,Q8-cpu_dynamic,0,237,119.13362797349691
cpu,JNU,model_only,Q8-cpu_dynamic,0,238,117.70103499293327
cpu,JNU,model_only,Q8-cpu_dynamic,0,239,118.51935205049813
cpu,JNU,model_only,Q8-cpu_dynamic,0,240,117.71515297004953
cpu,JNU,model_only,Q8-cpu_dynamic,0,241,119.01171004865319
cpu,JNU,model_only,Q8-cpu_dynamic,0,242,119.16018096962944
cpu,JNU,model_only,Q8-cpu_dynamic,0,243,120.05531002068892
cpu,JNU,model_only,Q8-cpu_dynamic,0,244,118.98209701757878
cpu,JNU,model_only,Q8-cpu_dynamic,0,245,117.16385697945952
cpu,JNU,model_only,Q8-cpu_dynamic,0,246,118.66421398008242
cpu,JNU,model_only,Q8-cpu_dynamic,0,247,119.17972395895049
cpu,JNU,model_only,Q8-cpu_dynamic,0,248,115.37772696465254
cpu,JNU,model_only,Q8-cpu_dynamic,0,249,121.93673203000799
cpu,JNU,model_only,Q8-cpu_dynamic,1,0,117.59874800918624
cpu,JNU,model_only,Q8-cpu_dynamic,1,1,118.79773397231475
cpu,JNU,model_only,Q8-cpu_dynamic,1,2,118.79776505520567
cpu,JNU,model_only,Q8-cpu_dynamic,1,3,118.88682999415323
cpu,JNU,model_only,Q8-cpu_dynamic,1,4,119.00133203016594
cpu,JNU,model_only,Q8-cpu_dynamic,1,5,119.74502197699621
cpu,JNU,model_only,Q8-cpu_dynamic,1,6,117.70968197379261
cpu,JNU,model_only,Q8-cpu_dynamic,1,7,117.66275798436254
cpu,JNU,model_only,Q8-cpu_dynamic,1,8,118.73743700562045
cpu,JNU,model_only,Q8-cpu_dynamic,1,9,118.70346800424159
cpu,JNU,model_only,Q8-cpu_dynamic,1,10,117.0527350041084
cpu,JNU,model_only,Q8-cpu_dynamic,1,11,115.58011802844703
cpu,JNU,model_only,Q8-cpu_dynamic,1,12,122.75143596343696
cpu,JNU,model_only,Q8-cpu_dynamic,1,13,117.74548998801038
cpu,JNU,model_only,Q8-cpu_dynamic,1,14,118.7405749806203
cpu,JNU,model_only,Q8-cpu_dynamic,1,15,118.72120201587677
cpu,JNU,model_only,Q8-cpu_dynamic,1,16,114.79672900168225
cpu,JNU,model_only,Q8-cpu_dynamic,1,17,99.20876997057348
cpu,JNU,model_only,Q8-cpu_dynamic,1,18,119.02769998414442
cpu,JNU,model_only,Q8-cpu_dynamic,1,19,118.91404096968472
cpu,JNU,model_only,Q8-cpu_dynamic,1,20,117.98286199336872
cpu,JNU,model_only,Q8-cpu_dynamic,1,21,119.43692102795467
cpu,JNU,model_only,Q8-cpu_dynamic,1,22,118.10889799380675
cpu,JNU,model_only,Q8-cpu_dynamic,1,23,117.90624604327604
cpu,JNU,model_only,Q8-cpu_dynamic,1,24,115.62266497639939
cpu,JNU,model_only,Q8-cpu_dynamic,1,25,99.95612496277317
cpu,JNU,model_only,Q8-cpu_dynamic,1,26,119.05584402848035
cpu,JNU,model_only,Q8-cpu_dynamic,1,27,118.05431102402508
cpu,JNU,model_only,Q8-cpu_dynamic,1,28,119.2945729708299
cpu,JNU,model_only,Q8-cpu_dynamic,1,29,117.89591197157279
cpu,JNU,model_only,Q8-cpu_dynamic,1,30,118.8329950091429
cpu,JNU,model_only,Q8-cpu_dynamic,1,31,118.49164101295173
cpu,JNU,model_only,Q8-cpu_dynamic,1,32,118.21661103749648
cpu,JNU,model_only,Q8-cpu_dynamic,1,33,118.63821902079508
cpu,JNU,model_only,Q8-cpu_dynamic,1,34,117.99255496589467
cpu,JNU,model_only,Q8-cpu_dynamic,1,35,119.28134202025831
cpu,JNU,model_only,Q8-cpu_dynamic,1,36,118.89927700394765
cpu,JNU,model_only,Q8-cpu_dynamic,1,37,117.16583103407174
cpu,JNU,model_only,Q8-cpu_dynamic,1,38,117.82070400658995
cpu,JNU,model_only,Q8-cpu_dynamic,1,39,121.32103100884706
cpu,JNU,model_only,Q8-cpu_dynamic,1,40,117.86110396496952
cpu,JNU,model_only,Q8-cpu_dynamic,1,41,118.75986296217889
cpu,JNU,model_only,Q8-cpu_dynamic,1,42,118.21393703576177
cpu,JNU,model_only,Q8-cpu_dynamic,1,43,117.85971600329503
cpu,JNU,model_only,Q8-cpu_dynamic,1,44,118.44840995036066
cpu,JNU,model_only,Q8-cpu_dynamic,1,45,120.33750402042642
cpu,JNU,model_only,Q8-cpu_dynamic,1,46,118.395526020322
cpu,JNU,model_only,Q8-cpu_dynamic,1,47,117.86063702311367
cpu,JNU,model_only,Q8-cpu_dynamic,1,48,118.08522196952254
cpu,JNU,model_only,Q8-cpu_dynamic,1,49,118.82784898625687
cpu,JNU,model_only,Q8-cpu_dynamic,1,50,117.75568401208147
cpu,JNU,model_only,Q8-cpu_dynamic,1,51,118.92282095504925
cpu,JNU,model_only,Q8-cpu_dynamic,1,52,118.09385899687186
cpu,JNU,model_only,Q8-cpu_dynamic,1,53,118.97112097358331
cpu,JNU,model_only,Q8-cpu_dynamic,1,54,119.02359401574358
cpu,JNU,model_only,Q8-cpu_dynamic,1,55,119.26151701482013
cpu,JNU,model_only,Q8-cpu_dynamic,1,56,119.15421497542411
cpu,JNU,model_only,Q8-cpu_dynamic,1,57,118.9594300230965
cpu,JNU,model_only,Q8-cpu_dynamic,1,58,118.69011598173529
cpu,JNU,model_only,Q8-cpu_dynamic,1,59,117.92657396290451
cpu,JNU,model_only,Q8-cpu_dynamic,1,60,119.404299010057
cpu,JNU,model_only,Q8-cpu_dynamic,1,61,145.79270698595792
cpu,JNU,model_only,Q8-cpu_dynamic,1,62,118.88593301409855
cpu,JNU,model_only,Q8-cpu_dynamic,1,63,118.64126200089231
cpu,JNU,model_only,Q8-cpu_dynamic,1,64,118.01635602023453
cpu,JNU,model_only,Q8-cpu_dynamic,1,65,118.68766200495884
cpu,JNU,model_only,Q8-cpu_dynamic,1,66,117.85147001501173
cpu,JNU,model_only,Q8-cpu_dynamic,1,67,118.80896199727431
cpu,JNU,model_only,Q8-cpu_dynamic,1,68,118.90419904375449
cpu,JNU,model_only,Q8-cpu_dynamic,1,69,119.22716698609293
cpu,JNU,model_only,Q8-cpu_dynamic,1,70,117.92048200732097
cpu,JNU,model_only,Q8-cpu_dynamic,1,71,117.64514195965603
cpu,JNU,model_only,Q8-cpu_dynamic,1,72,118.20033297408372
cpu,JNU,model_only,Q8-cpu_dynamic,1,73,117.8873719763942
cpu,JNU,model_only,Q8-cpu_dynamic,1,74,118.04464599117637
cpu,JNU,model_only,Q8-cpu_dynamic,1,75,118.11489501269534
cpu,JNU,model_only,Q8-cpu_dynamic,1,76,119.65437000617385
cpu,JNU,model_only,Q8-cpu_dynamic,1,77,114.9532760027796
cpu,JNU,model_only,Q8-cpu_dynamic,1,78,99.79122300865129
cpu,JNU,model_only,Q8-cpu_dynamic,1,79,120.29433401767164
cpu,JNU,model_only,Q8-cpu_dynamic,1,80,118.2752670138143
cpu,JNU,model_only,Q8-cpu_dynamic,1,81,119.29567001061514
cpu,JNU,model_only,Q8-cpu_dynamic,1,82,119.19032799778506
cpu,JNU,model_only,Q8-cpu_dynamic,1,83,114.5756799960509
cpu,JNU,model_only,Q8-cpu_dynamic,1,84,123.23546496918425
cpu,JNU,model_only,Q8-cpu_dynamic,1,85,119.26718702306971
cpu,JNU,model_only,Q8-cpu_dynamic,1,86,118.35776001680642
cpu,JNU,model_only,Q8-cpu_dynamic,1,87,118.81386901950464
cpu,JNU,model_only,Q8-cpu_dynamic,1,88,118.98418801138178
cpu,JNU,model_only,Q8-cpu_dynamic,1,89,119.5495689753443
cpu,JNU,model_only,Q8-cpu_dynamic,1,90,119.09871699754149
cpu,JNU,model_only,Q8-cpu_dynamic,1,91,118.2477330439724
cpu,JNU,model_only,Q8-cpu_dynamic,1,92,119.06639998778701
cpu,JNU,model_only,Q8-cpu_dynamic,1,93,118.99041698779911
cpu,JNU,model_only,Q8-cpu_dynamic,1,94,119.26426301943138
cpu,JNU,model_only,Q8-cpu_dynamic,1,95,118.86700696777552
cpu,JNU,model_only,Q8-cpu_dynamic,1,96,118.92820097273216
cpu,JNU,model_only,Q8-cpu_dynamic,1,97,119.0131000475958
cpu,JNU,model_only,Q8-cpu_dynamic,1,98,119.15734998183325
cpu,JNU,model_only,Q8-cpu_dynamic,1,99,118.1190269999206
cpu,JNU,model_only,Q8-cpu_dynamic,1,100,118.34330699639395
cpu,JNU,model_only,Q8-cpu_dynamic,1,101,119.27950999233872
cpu,JNU,model_only,Q8-cpu_dynamic,1,102,118.45563200768083
cpu,JNU,model_only,Q8-cpu_dynamic,1,103,119.73584204679355
cpu,JNU,model_only,Q8-cpu_dynamic,1,104,117.74228198919445
cpu,JNU,model_only,Q8-cpu_dynamic,1,105,119.71387604717165
cpu,JNU,model_only,Q8-cpu_dynamic,1,106,119.75460697431117
cpu,JNU,model_only,Q8-cpu_dynamic,1,107,119.63570496300235
cpu,JNU,model_only,Q8-cpu_dynamic,1,108,118.20827599149197
cpu,JNU,model_only,Q8-cpu_dynamic,1,109,119.16995199862868
cpu,JNU,model_only,Q8-cpu_dynamic,1,110,119.45336498320103
cpu,JNU,model_only,Q8-cpu_dynamic,1,111,119.47104398859665
cpu,JNU,model_only,Q8-cpu_dynamic,1,112,119.34247898170725
cpu,JNU,model_only,Q8-cpu_dynamic,1,113,119.23097702674568
cpu,JNU,model_only,Q8-cpu_dynamic,1,114,119.07089099986479
cpu,JNU,model_only,Q8-cpu_dynamic,1,115,117.95792903285474
cpu,JNU,model_only,Q8-cpu_dynamic,1,116,118.17430896917358
cpu,JNU,model_only,Q8-cpu_dynamic,1,117,115.53520598681644
cpu,JNU,model_only,Q8-cpu_dynamic,1,118,99.88013200927526
cpu,JNU,model_only,Q8-cpu_dynamic,1,119,118.41231700964272
cpu,JNU,model_only,Q8-cpu_dynamic,1,120,116.02928000502288
cpu,JNU,model_only,Q8-cpu_dynamic,1,121,99.05576601158828
cpu,JNU,model_only,Q8-cpu_dynamic,1,122,117.9714219761081
cpu,JNU,model_only,Q8-cpu_dynamic,1,123,118.93704097019508
cpu,JNU,model_only,Q8-cpu_dynamic,1,124,118.77468699822202
cpu,JNU,model_only,Q8-cpu_dynamic,1,125,118.57686698203906
cpu,JNU,model_only,Q8-cpu_dynamic,1,126,116.8120910297148
cpu,JNU,model_only,Q8-cpu_dynamic,1,127,117.79180500889197
cpu,JNU,model_only,Q8-cpu_dynamic,1,128,114.96882099891081
cpu,JNU,model_only,Q8-cpu_dynamic,1,129,101.08414199203253
cpu,JNU,model_only,Q8-cpu_dynamic,1,130,119.57129201618955
cpu,JNU,model_only,Q8-cpu_dynamic,1,131,119.39271399751306
cpu,JNU,model_only,Q8-cpu_dynamic,1,132,118.21521999081597
cpu,JNU,model_only,Q8-cpu_dynamic,1,133,118.17487800726667
cpu,JNU,model_only,Q8-cpu_dynamic,1,134,118.25649096863344
cpu,JNU,model_only,Q8-cpu_dynamic,1,135,119.52595598995686
cpu,JNU,model_only,Q8-cpu_dynamic,1,136,119.18331700144336
cpu,JNU,model_only,Q8-cpu_dynamic,1,137,119.49691904010251
cpu,JNU,model_only,Q8-cpu_dynamic,1,138,119.34164795093238
cpu,JNU,model_only,Q8-cpu_dynamic,1,139,118.9907779917121
cpu,JNU,model_only,Q8-cpu_dynamic,1,140,115.66559295170009
cpu,JNU,model_only,Q8-cpu_dynamic,1,141,97.62029600096866
cpu,JNU,model_only,Q8-cpu_dynamic,1,142,95.86843295255676
cpu,JNU,model_only,Q8-cpu_dynamic,1,143,96.78559500025585
cpu,JNU,model_only,Q8-cpu_dynamic,1,144,99.93140801088884
cpu,JNU,model_only,Q8-cpu_dynamic,1,145,119.34053199365735
cpu,JNU,model_only,Q8-cpu_dynamic,1,146,119.5519560133107
cpu,JNU,model_only,Q8-cpu_dynamic,1,147,119.832115015015
cpu,JNU,model_only,Q8-cpu_dynamic,1,148,119.3181470152922
cpu,JNU,model_only,Q8-cpu_dynamic,1,149,117.99188796430826
cpu,JNU,model_only,Q8-cpu_dynamic,1,150,119.13296999409795
cpu,JNU,model_only,Q8-cpu_dynamic,1,151,119.05825696885586
cpu,JNU,model_only,Q8-cpu_dynamic,1,152,118.30142396502197
cpu,JNU,model_only,Q8-cpu_dynamic,1,153,118.23788296896964
cpu,JNU,model_only,Q8-cpu_dynamic,1,154,119.53067098511383
cpu,JNU,model_only,Q8-cpu_dynamic,1,155,118.21306397905573
cpu,JNU,model_only,Q8-cpu_dynamic,1,156,119.16617001406848
cpu,JNU,model_only,Q8-cpu_dynamic,1,157,119.10437705228105
cpu,JNU,model_only,Q8-cpu_dynamic,1,158,117.87151696626097
cpu,JNU,model_only,Q8-cpu_dynamic,1,159,114.9722000118345
cpu,JNU,model_only,Q8-cpu_dynamic,1,160,100.74759396957234
cpu,JNU,model_only,Q8-cpu_dynamic,1,161,118.33574599586427
cpu,JNU,model_only,Q8-cpu_dynamic,1,162,118.24682500446215
cpu,JNU,model_only,Q8-cpu_dynamic,1,163,118.20917401928455
cpu,JNU,model_only,Q8-cpu_dynamic,1,164,119.03408402577043
cpu,JNU,model_only,Q8-cpu_dynamic,1,165,119.386461970862
cpu,JNU,model_only,Q8-cpu_dynamic,1,166,119.30281401146203
cpu,JNU,model_only,Q8-cpu_dynamic,1,167,119.66501397546381
cpu,JNU,model_only,Q8-cpu_dynamic,1,168,119.25901798531413
cpu,JNU,model_only,Q8-cpu_dynamic,1,169,118.50895400857553
cpu,JNU,model_only,Q8-cpu_dynamic,1,170,114.79815101483837
cpu,JNU,model_only,Q8-cpu_dynamic,1,171,100.72296997532248
cpu,JNU,model_only,Q8-cpu_dynamic,1,172,119.60826598806307
cpu,JNU,model_only,Q8-cpu_dynamic,1,173,120.15974702080712
cpu,JNU,model_only,Q8-cpu_dynamic,1,174,119.33200398925692
cpu,JNU,model_only,Q8-cpu_dynamic,1,175,120.05673500243574
cpu,JNU,model_only,Q8-cpu_dynamic,1,176,117.92926298221573
cpu,JNU,model_only,Q8-cpu_dynamic,1,177,114.76547498023137
cpu,JNU,model_only,Q8-cpu_dynamic,1,178,97.09015500266105
cpu,JNU,model_only,Q8-cpu_dynamic,1,179,97.67578798346221
cpu,JNU,model_only,Q8-cpu_dynamic,1,180,122.24354303907603
cpu,JNU,model_only,Q8-cpu_dynamic,1,181,117.73109703790396
cpu,JNU,model_only,Q8-cpu_dynamic,1,182,118.06254298426211
cpu,JNU,model_only,Q8-cpu_dynamic,1,183,118.9439280424267
cpu,JNU,model_only,Q8-cpu_dynamic,1,184,118.94501000642776
cpu,JNU,model_only,Q8-cpu_dynamic,1,185,119.03593502938747
cpu,JNU,model_only,Q8-cpu_dynamic,1,186,118.07130300439894
cpu,JNU,model_only,Q8-cpu_dynamic,1,187,114.39596902346238
cpu,JNU,model_only,Q8-cpu_dynamic,1,188,97.51934703672305
cpu,JNU,model_only,Q8-cpu_dynamic,1,189,102.5475210044533
cpu,JNU,model_only,Q8-cpu_dynamic,1,190,118.26529400423169
cpu,JNU,model_only,Q8-cpu_dynamic,1,191,118.82689001504332
cpu,JNU,model_only,Q8-cpu_dynamic,1,192,119.32943802094087
cpu,JNU,model_only,Q8-cpu_dynamic,1,193,117.99571197479963
cpu,JNU,model_only,Q8-cpu_dynamic,1,194,118.8841590192169
cpu,JNU,model_only,Q8-cpu_dynamic,1,195,117.7414350095205
cpu,JNU,model_only,Q8-cpu_dynamic,1,196,118.74734499724582
cpu,JNU,model_only,Q8-cpu_dynamic,1,197,118.28816600609571
cpu,JNU,model_only,Q8-cpu_dynamic,1,198,118.14587900880724
cpu,JNU,model_only,Q8-cpu_dynamic,1,199,118.77468001330271
cpu,JNU,model_only,Q8-cpu_dynamic,1,200,116.23273295117542
cpu,JNU,model_only,Q8-cpu_dynamic,1,201,115.02283997833729
cpu,JNU,model_only,Q8-cpu_dynamic,1,202,114.0616099582985
cpu,JNU,model_only,Q8-cpu_dynamic,1,203,114.82489499030635
cpu,JNU,model_only,Q8-cpu_dynamic,1,204,115.20718195242807
cpu,JNU,model_only,Q8-cpu_dynamic,1,205,114.97869796585292
cpu,JNU,model_only,Q8-cpu_dynamic,1,206,114.53167704166844
cpu,JNU,model_only,Q8-cpu_dynamic,1,207,113.8115479843691
cpu,JNU,model_only,Q8-cpu_dynamic,1,208,114.95827697217464
cpu,JNU,model_only,Q8-cpu_dynamic,1,209,115.21020898362622
cpu,JNU,model_only,Q8-cpu_dynamic,1,210,115.43543799780309
cpu,JNU,model_only,Q8-cpu_dynamic,1,211,115.07418198743835
cpu,JNU,model_only,Q8-cpu_dynamic,1,212,114.928373019211
cpu,JNU,model_only,Q8-cpu_dynamic,1,213,114.69289602246135
cpu,JNU,model_only,Q8-cpu_dynamic,1,214,114.06380799598992
cpu,JNU,model_only,Q8-cpu_dynamic,1,215,115.88551400927827
cpu,JNU,model_only,Q8-cpu_dynamic,1,216,114.89790101768449
cpu,JNU,model_only,Q8-cpu_dynamic,1,217,114.3029440427199
cpu,JNU,model_only,Q8-cpu_dynamic,1,218,114.4833040307276
cpu,JNU,model_only,Q8-cpu_dynamic,1,219,115.09259999729693
cpu,JNU,model_only,Q8-cpu_dynamic,1,220,115.07399997208267
cpu,JNU,model_only,Q8-cpu_dynamic,1,221,113.97351301275194
cpu,JNU,model_only,Q8-cpu_dynamic,1,222,115.02882902277634
cpu,JNU,model_only,Q8-cpu_dynamic,1,223,114.25209598382935
cpu,JNU,model_only,Q8-cpu_dynamic,1,224,114.35870599234477
cpu,JNU,model_only,Q8-cpu_dynamic,1,225,115.03619700670242
cpu,JNU,model_only,Q8-cpu_dynamic,1,226,114.11194398533553
cpu,JNU,model_only,Q8-cpu_dynamic,1,227,115.30313896946609
cpu,JNU,model_only,Q8-cpu_dynamic,1,228,114.0924270148389
cpu,JNU,model_only,Q8-cpu_dynamic,1,229,114.25917100859806
cpu,JNU,model_only,Q8-cpu_dynamic,1,230,114.48456096695736
cpu,JNU,model_only,Q8-cpu_dynamic,1,231,114.64178201276809
cpu,JNU,model_only,Q8-cpu_dynamic,1,232,115.61550799524412
cpu,JNU,model_only,Q8-cpu_dynamic,1,233,115.99232698790729
cpu,JNU,model_only,Q8-cpu_dynamic,1,234,114.50468597467989
cpu,JNU,model_only,Q8-cpu_dynamic,1,235,115.5501949833706
cpu,JNU,model_only,Q8-cpu_dynamic,1,236,115.62924401368946
cpu,JNU,model_only,Q8-cpu_dynamic,1,237,115.42935302713886
cpu,JNU,model_only,Q8-cpu_dynamic,1,238,115.28172099497169
cpu,JNU,model_only,Q8-cpu_dynamic,1,239,114.27174700656906
cpu,JNU,model_only,Q8-cpu_dynamic,1,240,115.50095403799787
cpu,JNU,model_only,Q8-cpu_dynamic,1,241,115.62944599427283
cpu,JNU,model_only,Q8-cpu_dynamic,1,242,114.58317399956286
cpu,JNU,model_only,Q8-cpu_dynamic,1,243,115.46517902752385
cpu,JNU,model_only,Q8-cpu_dynamic,1,244,114.89415500545874
cpu,JNU,model_only,Q8-cpu_dynamic,1,245,115.87070702807978
cpu,JNU,model_only,Q8-cpu_dynamic,1,246,115.45439902693033
cpu,JNU,model_only,Q8-cpu_dynamic,1,247,115.62903999583796
cpu,JNU,model_only,Q8-cpu_dynamic,1,248,115.82087801070884
cpu,JNU,model_only,Q8-cpu_dynamic,1,249,116.091952950228
cpu,JNU,model_only,K1-FP32,1,0,120.3428550506942
cpu,JNU,model_only,K1-FP32,1,1,119.96534100035205
cpu,JNU,model_only,K1-FP32,1,2,119.66308299452066
cpu,JNU,model_only,K1-FP32,1,3,120.12680398765951
cpu,JNU,model_only,K1-FP32,1,4,121.4180929819122
cpu,JNU,model_only,K1-FP32,1,5,128.2652959926054
cpu,JNU,model_only,K1-FP32,1,6,121.49315100396052
cpu,JNU,model_only,K1-FP32,1,7,130.0490970024839
cpu,JNU,model_only,K1-FP32,1,8,129.94784803595394
cpu,JNU,model_only,K1-FP32,1,9,130.33211999572814
cpu,JNU,model_only,K1-FP32,1,10,125.053500989452
cpu,JNU,model_only,K1-FP32,1,11,103.01798803266138
cpu,JNU,model_only,K1-FP32,1,12,129.5795479672961
cpu,JNU,model_only,K1-FP32,1,13,130.12452697148547
cpu,JNU,model_only,K1-FP32,1,14,129.8563529853709
cpu,JNU,model_only,K1-FP32,1,15,130.0347829819657
cpu,JNU,model_only,K1-FP32,1,16,130.12276799418032
cpu,JNU,model_only,K1-FP32,1,17,129.81748103629798
cpu,JNU,model_only,K1-FP32,1,18,129.66046197107062
cpu,JNU,model_only,K1-FP32,1,19,130.1964500453323
cpu,JNU,model_only,K1-FP32,1,20,130.0055020255968
cpu,JNU,model_only,K1-FP32,1,21,129.87077998695895
cpu,JNU,model_only,K1-FP32,1,22,129.82760497834533
cpu,JNU,model_only,K1-FP32,1,23,130.46642299741507
cpu,JNU,model_only,K1-FP32,1,24,130.2018099813722
cpu,JNU,model_only,K1-FP32,1,25,120.35801797173917
cpu,JNU,model_only,K1-FP32,1,26,120.51755900029093
cpu,JNU,model_only,K1-FP32,1,27,121.43883598037064
cpu,JNU,model_only,K1-FP32,1,28,120.91140501433983
cpu,JNU,model_only,K1-FP32,1,29,120.79372099833563
cpu,JNU,model_only,K1-FP32,1,30,120.79409504076466
cpu,JNU,model_only,K1-FP32,1,31,122.74761800654233
cpu,JNU,model_only,K1-FP32,1,32,131.0517360107042
cpu,JNU,model_only,K1-FP32,1,33,131.519926013425
cpu,JNU,model_only,K1-FP32,1,34,130.55164099205285
cpu,JNU,model_only,K1-FP32,1,35,130.29668101808056
cpu,JNU,model_only,K1-FP32,1,36,130.5178749607876
cpu,JNU,model_only,K1-FP32,1,37,130.34663599682972
cpu,JNU,model_only,K1-FP32,1,38,130.26901899138466
cpu,JNU,model_only,K1-FP32,1,39,130.1081909914501
cpu,JNU,model_only,K1-FP32,1,40,120.84242497803643
cpu,JNU,model_only,K1-FP32,1,41,121.00317800650373
cpu,JNU,model_only,K1-FP32,1,42,120.88283698540181
cpu,JNU,model_only,K1-FP32,1,43,121.50215095607564
cpu,JNU,model_only,K1-FP32,1,44,121.44676002208143
cpu,JNU,model_only,K1-FP32,1,45,121.0074300179258
cpu,JNU,model_only,K1-FP32,1,46,122.39470600616187
cpu,JNU,model_only,K1-FP32,1,47,130.88450499344617
cpu,JNU,model_only,K1-FP32,1,48,131.60000700736418
cpu,JNU,model_only,K1-FP32,1,49,131.3014369807206
cpu,JNU,model_only,K1-FP32,1,50,130.46846399083734
cpu,JNU,model_only,K1-FP32,1,51,130.38990803761408
cpu,JNU,model_only,K1-FP32,1,52,130.41684101335704
cpu,JNU,model_only,K1-FP32,1,53,130.19703997997567
cpu,JNU,model_only,K1-FP32,1,54,130.42960199527442
cpu,JNU,model_only,K1-FP32,1,55,130.68751100217924
cpu,JNU,model_only,K1-FP32,1,56,130.52174198674038
cpu,JNU,model_only,K1-FP32,1,57,130.77584700658917
cpu,JNU,model_only,K1-FP32,1,58,131.24591298401356
cpu,JNU,model_only,K1-FP32,1,59,130.94841205747798
cpu,JNU,model_only,K1-FP32,1,60,130.9419900062494
cpu,JNU,model_only,K1-FP32,1,61,126.1601599981077
cpu,JNU,model_only,K1-FP32,1,62,103.7611230276525
cpu,JNU,model_only,K1-FP32,1,63,131.80917099816725
cpu,JNU,model_only,K1-FP32,1,64,131.41947495751083
cpu,JNU,model_only,K1-FP32,1,65,131.24358403729275
cpu,JNU,model_only,K1-FP32,1,66,131.0966580058448
cpu,JNU,model_only,K1-FP32,1,67,130.900462041609
cpu,JNU,model_only,K1-FP32,1,68,130.90748304966837
cpu,JNU,model_only,K1-FP32,1,69,130.67113800207153
cpu,JNU,model_only,K1-FP32,1,70,131.0094580403529
cpu,JNU,model_only,K1-FP32,1,71,131.31971203256398
cpu,JNU,model_only,K1-FP32,1,72,130.93957101227716
cpu,JNU,model_only,K1-FP32,1,73,130.59211696963757
cpu,JNU,model_only,K1-FP32,1,74,130.58400695445016
cpu,JNU,model_only,K1-FP32,1,75,130.94832602655515
cpu,JNU,model_only,K1-FP32,1,76,130.94787596492097
cpu,JNU,model_only,K1-FP32,1,77,130.41656196583062
cpu,JNU,model_only,K1-FP32,1,78,131.07822299934924
cpu,JNU,model_only,K1-FP32,1,79,130.43324899626896
cpu,JNU,model_only,K1-FP32,1,80,130.82163699436933
cpu,JNU,model_only,K1-FP32,1,81,129.0679179946892
cpu,JNU,model_only,K1-FP32,1,82,132.77007098076865
cpu,JNU,model_only,K1-FP32,1,83,130.82278898218647
cpu,JNU,model_only,K1-FP32,1,84,130.77402295311913
cpu,JNU,model_only,K1-FP32,1,85,130.59567898744717
cpu,JNU,model_only,K1-FP32,1,86,130.9251440106891
cpu,JNU,model_only,K1-FP32,1,87,131.1940139858052
cpu,JNU,model_only,K1-FP32,1,88,130.7856630301103
cpu,JNU,model_only,K1-FP32,1,89,132.99775001360103
cpu,JNU,model_only,K1-FP32,1,90,126.45914201857522
cpu,JNU,model_only,K1-FP32,1,91,136.4279630361125
cpu,JNU,model_only,K1-FP32,1,92,131.11296598799527
cpu,JNU,model_only,K1-FP32,1,93,131.58762402599677
cpu,JNU,model_only,K1-FP32,1,94,132.06751499092206
cpu,JNU,model_only,K1-FP32,1,95,131.6434729960747
cpu,JNU,model_only,K1-FP32,1,96,126.56896497355774
cpu,JNU,model_only,K1-FP32,1,97,99.06883997609839
cpu,JNU,model_only,K1-FP32,1,98,98.62099098972976
cpu,JNU,model_only,K1-FP32,1,99,99.35428900644183
cpu,JNU,model_only,K1-FP32,1,100,99.62009597802535
cpu,JNU,model_only,K1-FP32,1,101,99.03027000837028
cpu,JNU,model_only,K1-FP32,1,102,99.22224300680682
cpu,JNU,model_only,K1-FP32,1,103,100.03675502957776
cpu,JNU,model_only,K1-FP32,1,104,98.96421601297334
cpu,JNU,model_only,K1-FP32,1,105,99.11813802318648
cpu,JNU,model_only,K1-FP32,1,106,99.38581200549379
cpu,JNU,model_only,K1-FP32,1,107,99.49288098141551
cpu,JNU,model_only,K1-FP32,1,108,99.0529420087114
cpu,JNU,model_only,K1-FP32,1,109,99.3865139898844
cpu,JNU,model_only,K1-FP32,1,110,99.31289602536708
cpu,JNU,model_only,K1-FP32,1,111,99.37127499142662
cpu,JNU,model_only,K1-FP32,1,112,101.15715197753161
cpu,JNU,model_only,K1-FP32,1,113,99.78331701131538
cpu,JNU,model_only,K1-FP32,1,114,99.4929340085946
cpu,JNU,model_only,K1-FP32,1,115,99.78714701719582
cpu,JNU,model_only,K1-FP32,1,116,99.29245995590463
cpu,JNU,model_only,K1-FP32,1,117,99.42786698229611
cpu,JNU,model_only,K1-FP32,1,118,99.36545498203486
cpu,JNU,model_only,K1-FP32,1,119,99.8489490011707
cpu,JNU,model_only,K1-FP32,1,120,99.44662696216255
cpu,JNU,model_only,K1-FP32,1,121,104.38415600219741
cpu,JNU,model_only,K1-FP32,1,122,132.09433999145404
cpu,JNU,model_only,K1-FP32,1,123,131.45740301115438
cpu,JNU,model_only,K1-FP32,1,124,131.49315601913258
cpu,JNU,model_only,K1-FP32,1,125,131.80651096627116
cpu,JNU,model_only,K1-FP32,1,126,131.89708499703556
cpu,JNU,model_only,K1-FP32,1,127,131.605071015656
cpu,JNU,model_only,K1-FP32,1,128,131.47786998888478
cpu,JNU,model_only,K1-FP32,1,129,131.74380298005417
cpu,JNU,model_only,K1-FP32,1,130,132.3788320296444
cpu,JNU,model_only,K1-FP32,1,131,132.10695300949737
cpu,JNU,model_only,K1-FP32,1,132,133.53904796531424
cpu,JNU,model_only,K1-FP32,1,133,131.8201320245862
cpu,JNU,model_only,K1-FP32,1,134,131.24450197210535
cpu,JNU,model_only,K1-FP32,1,135,131.36448297882453
cpu,JNU,model_only,K1-FP32,1,136,131.98412203928456
cpu,JNU,model_only,K1-FP32,1,137,131.63140596589074
cpu,JNU,model_only,K1-FP32,1,138,131.82604999747127
cpu,JNU,model_only,K1-FP32,1,139,131.7655040184036
cpu,JNU,model_only,K1-FP32,1,140,131.81028299732134
cpu,JNU,model_only,K1-FP32,1,141,131.45843095844612
cpu,JNU,model_only,K1-FP32,1,142,131.49685901589692
cpu,JNU,model_only,K1-FP32,1,143,130.44982799328864
cpu,JNU,model_only,K1-FP32,1,144,121.31721299374476
cpu,JNU,model_only,K1-FP32,1,145,122.2694760072045
cpu,JNU,model_only,K1-FP32,1,146,121.7958609922789
cpu,JNU,model_only,K1-FP32,1,147,128.94305202644318
cpu,JNU,model_only,K1-FP32,1,148,104.34527602046728
cpu,JNU,model_only,K1-FP32,1,149,132.15408503310755
cpu,JNU,model_only,K1-FP32,1,150,132.06916896160692
cpu,JNU,model_only,K1-FP32,1,151,131.9851690204814
cpu,JNU,model_only,K1-FP32,1,152,131.82925200089812
cpu,JNU,model_only,K1-FP32,1,153,132.26262299576774
cpu,JNU,model_only,K1-FP32,1,154,131.9654060062021
cpu,JNU,model_only,K1-FP32,1,155,131.99068198446184
cpu,JNU,model_only,K1-FP32,1,156,132.5043349643238
cpu,JNU,model_only,K1-FP32,1,157,132.14748998871073
cpu,JNU,model_only,K1-FP32,1,158,132.19218503218144
cpu,JNU,model_only,K1-FP32,1,159,132.12296302663162
cpu,JNU,model_only,K1-FP32,1,160,130.9161909739487
cpu,JNU,model_only,K1-FP32,1,161,121.97138898773119
cpu,JNU,model_only,K1-FP32,1,162,122.10154900094494
cpu,JNU,model_only,K1-FP32,1,163,121.86779599869624
cpu,JNU,model_only,K1-FP32,1,164,121.81477900594473
cpu,JNU,model_only,K1-FP32,1,165,121.65840796660632
cpu,JNU,model_only,K1-FP32,1,166,121.85210501775146
cpu,JNU,model_only,K1-FP32,1,167,123.53936798172072
cpu,JNU,model_only,K1-FP32,1,168,132.53568799700588
cpu,JNU,model_only,K1-FP32,1,169,132.87163496715948
cpu,JNU,model_only,K1-FP32,1,170,133.80464498186484
cpu,JNU,model_only,K1-FP32,1,171,132.02806696062908
cpu,JNU,model_only,K1-FP32,1,172,132.1203369880095
cpu,JNU,model_only,K1-FP32,1,173,131.81401998735964
cpu,JNU,model_only,K1-FP32,1,174,132.0686519611627
cpu,JNU,model_only,K1-FP32,1,175,132.17784295557067
cpu,JNU,model_only,K1-FP32,1,176,132.0516040432267
cpu,JNU,model_only,K1-FP32,1,177,132.37697398290038
cpu,JNU,model_only,K1-FP32,1,178,132.10401602555066
cpu,JNU,model_only,K1-FP32,1,179,132.1754059754312
cpu,JNU,model_only,K1-FP32,1,180,132.52384099178016
cpu,JNU,model_only,K1-FP32,1,181,132.53717200132087
cpu,JNU,model_only,K1-FP32,1,182,132.32032296946272
cpu,JNU,model_only,K1-FP32,1,183,132.3212209972553
cpu,JNU,model_only,K1-FP32,1,184,132.78908998472616
cpu,JNU,model_only,K1-FP32,1,185,132.31904502026737
cpu,JNU,model_only,K1-FP32,1,186,132.31920200632885
cpu,JNU,model_only,K1-FP32,1,187,132.63272203039378
cpu,JNU,model_only,K1-FP32,1,188,132.35055399127305
cpu,JNU,model_only,K1-FP32,1,189,132.271362002939
cpu,JNU,model_only,K1-FP32,1,190,132.5977059896104
cpu,JNU,model_only,K1-FP32,1,191,132.7325730235316
cpu,JNU,model_only,K1-FP32,1,192,132.8017869964242
cpu,JNU,model_only,K1-FP32,1,193,132.16322398511693
cpu,JNU,model_only,K1-FP32,1,194,132.55145400762558
cpu,JNU,model_only,K1-FP32,1,195,132.67340697348118
cpu,JNU,model_only,K1-FP32,1,196,132.19446601578966
cpu,JNU,model_only,K1-FP32,1,197,132.0115600246936
cpu,JNU,model_only,K1-FP32,1,198,132.5149760232307
cpu,JNU,model_only,K1-FP32,1,199,132.64757598517463
cpu,JNU,model_only,K1-FP32,1,200,132.27543199900538
cpu,JNU,model_only,K1-FP32,1,201,132.5358499889262
cpu,JNU,model_only,K1-FP32,1,202,135.7205249951221
cpu,JNU,model_only,K1-FP32,1,203,133.08883499121293
cpu,JNU,model_only,K1-FP32,1,204,132.6319559593685
cpu,JNU,model_only,K1-FP32,1,205,132.7696110238321
cpu,JNU,model_only,K1-FP32,1,206,132.8656710102223
cpu,JNU,model_only,K1-FP32,1,207,127.76891596149653
cpu,JNU,model_only,K1-FP32,1,208,104.77967199403793
cpu,JNU,model_only,K1-FP32,1,209,132.90491100633517
cpu,JNU,model_only,K1-FP32,1,210,132.98435998149216
cpu,JNU,model_only,K1-FP32,1,211,133.97394999628887
cpu,JNU,model_only,K1-FP32,1,212,132.57121300557628
cpu,JNU,model_only,K1-FP32,1,213,132.26991897681728
cpu,JNU,model_only,K1-FP32,1,214,133.08070600032806
cpu,JNU,model_only,K1-FP32,1,215,132.5837030308321
cpu,JNU,model_only,K1-FP32,1,216,132.42065504891798
cpu,JNU,model_only,K1-FP32,1,217,132.90646899258718
cpu,JNU,model_only,K1-FP32,1,218,133.10980203095824
cpu,JNU,model_only,K1-FP32,1,219,133.00714298384264
cpu,JNU,model_only,K1-FP32,1,220,132.10417499067262
cpu,JNU,model_only,K1-FP32,1,221,132.38987099612132
cpu,JNU,model_only,K1-FP32,1,222,133.85009695775807
cpu,JNU,model_only,K1-FP32,1,223,132.70889600971714
cpu,JNU,model_only,K1-FP32,1,224,132.79203098500147
cpu,JNU,model_only,K1-FP32,1,225,132.8915249905549
cpu,JNU,model_only,K1-FP32,1,226,132.83005997072905
cpu,JNU,model_only,K1-FP32,1,227,132.7220979728736
cpu,JNU,model_only,K1-FP32,1,228,132.59341497905552
cpu,JNU,model_only,K1-FP32,1,229,132.67983001424
cpu,JNU,model_only,K1-FP32,1,230,132.82051496207714
cpu,JNU,model_only,K1-FP32,1,231,132.81241996446624
cpu,JNU,model_only,K1-FP32,1,232,133.0591289442964
cpu,JNU,model_only,K1-FP32,1,233,132.79864698415622
cpu,JNU,model_only,K1-FP32,1,234,132.78567302040756
cpu,JNU,model_only,K1-FP32,1,235,132.91790295625106
cpu,JNU,model_only,K1-FP32,1,236,133.19336500717327
cpu,JNU,model_only,K1-FP32,1,237,133.74605297576636
cpu,JNU,model_only,K1-FP32,1,238,132.98993499483913
cpu,JNU,model_only,K1-FP32,1,239,133.05563700851053
cpu,JNU,model_only,K1-FP32,1,240,133.02190596004948
cpu,JNU,model_only,K1-FP32,1,241,132.7424970222637
cpu,JNU,model_only,K1-FP32,1,242,132.97534099547192
cpu,JNU,model_only,K1-FP32,1,243,132.6020109700039
cpu,JNU,model_only,K1-FP32,1,244,132.95550097245723
cpu,JNU,model_only,K1-FP32,1,245,133.69554898235947
cpu,JNU,model_only,K1-FP32,1,246,133.29984596930444
cpu,JNU,model_only,K1-FP32,1,247,133.3089509862475
cpu,JNU,model_only,K1-FP32,1,248,134.4092520303093
cpu,JNU,model_only,K1-FP32,1,249,132.95499800005928
cpu,JNU,model_only,K1-FP32,2,0,133.01260903244838
cpu,JNU,model_only,K1-FP32,2,1,132.8990490292199
cpu,JNU,model_only,K1-FP32,2,2,133.6146229878068
cpu,JNU,model_only,K1-FP32,2,3,133.16008797846735
cpu,JNU,model_only,K1-FP32,2,4,133.10544099658728
cpu,JNU,model_only,K1-FP32,2,5,133.5968190105632
cpu,JNU,model_only,K1-FP32,2,6,133.03496304433793
cpu,JNU,model_only,K1-FP32,2,7,133.06729902978987
cpu,JNU,model_only,K1-FP32,2,8,132.94632598990574
cpu,JNU,model_only,K1-FP32,2,9,132.74633698165417
cpu,JNU,model_only,K1-FP32,2,10,132.95485801063478
cpu,JNU,model_only,K1-FP32,2,11,122.35949700698256
cpu,JNU,model_only,K1-FP32,2,12,122.41001898655668
cpu,JNU,model_only,K1-FP32,2,13,122.7682139724493
cpu,JNU,model_only,K1-FP32,2,14,122.63942300342023
cpu,JNU,model_only,K1-FP32,2,15,122.92608199641109
cpu,JNU,model_only,K1-FP32,2,16,122.85462400177494
cpu,JNU,model_only,K1-FP32,2,17,122.78217496350408
cpu,JNU,model_only,K1-FP32,2,18,123.5079619800672
cpu,JNU,model_only,K1-FP32,2,19,119.68079197686166
cpu,JNU,model_only,K1-FP32,2,20,103.10149198630825
cpu,JNU,model_only,K1-FP32,2,21,125.09552901610732
cpu,JNU,model_only,K1-FP32,2,22,133.66576604312286
cpu,JNU,model_only,K1-FP32,2,23,133.17188096698374
cpu,JNU,model_only,K1-FP32,2,24,133.44786199741066
cpu,JNU,model_only,K1-FP32,2,25,133.0852280370891
cpu,JNU,model_only,K1-FP32,2,26,133.637240040116
cpu,JNU,model_only,K1-FP32,2,27,134.10005503101274
cpu,JNU,model_only,K1-FP32,2,28,133.36165598593652
cpu,JNU,model_only,K1-FP32,2,29,133.52918199962005
cpu,JNU,model_only,K1-FP32,2,30,128.30245797522366
cpu,JNU,model_only,K1-FP32,2,31,104.70147599698976
cpu,JNU,model_only,K1-FP32,2,32,133.2484880113043
cpu,JNU,model_only,K1-FP32,2,33,134.81598399812356
cpu,JNU,model_only,K1-FP32,2,34,133.55159194907174
cpu,JNU,model_only,K1-FP32,2,35,133.3230120362714
cpu,JNU,model_only,K1-FP32,2,36,133.27454501995817
cpu,JNU,model_only,K1-FP32,2,37,133.01338197197765
cpu,JNU,model_only,K1-FP32,2,38,132.97974597662687
cpu,JNU,model_only,K1-FP32,2,39,133.3570660208352
cpu,JNU,model_only,K1-FP32,2,40,132.8883360256441
cpu,JNU,model_only,K1-FP32,2,41,133.70768900495023
cpu,JNU,model_only,K1-FP32,2,42,133.2121029845439
cpu,JNU,model_only,K1-FP32,2,43,133.75992799410596
cpu,JNU,model_only,K1-FP32,2,44,133.32502002594993
cpu,JNU,model_only,K1-FP32,2,45,131.42721395706758
cpu,JNU,model_only,K1-FP32,2,46,123.21111303754151
cpu,JNU,model_only,K1-FP32,2,47,123.87081404449418
cpu,JNU,model_only,K1-FP32,2,48,125.2120400313288
cpu,JNU,model_only,K1-FP32,2,49,134.90782101871446
cpu,JNU,model_only,K1-FP32,2,50,133.36090301163495
cpu,JNU,model_only,K1-FP32,2,51,133.89387598726898
cpu,JNU,model_only,K1-FP32,2,52,133.55724897701293
cpu,JNU,model_only,K1-FP32,2,53,133.5549330106005
cpu,JNU,model_only,K1-FP32,2,54,133.44454299658537
cpu,JNU,model_only,K1-FP32,2,55,125.86348899640143
cpu,JNU,model_only,K1-FP32,2,56,141.06280001578853
cpu,JNU,model_only,K1-FP32,2,57,132.8808999969624
cpu,JNU,model_only,K1-FP32,2,58,133.06368299527094
cpu,JNU,model_only,K1-FP32,2,59,133.16140900133178
cpu,JNU,model_only,K1-FP32,2,60,132.76328903157264
cpu,JNU,model_only,K1-FP32,2,61,132.72572599817067
cpu,JNU,model_only,K1-FP32,2,62,132.6795700006187
cpu,JNU,model_only,K1-FP32,2,63,127.89582501864061
cpu,JNU,model_only,K1-FP32,2,64,100.77974997693673
cpu,JNU,model_only,K1-FP32,2,65,104.52479595551267
cpu,JNU,model_only,K1-FP32,2,66,132.9711370053701
cpu,JNU,model_only,K1-FP32,2,67,132.520287996158
cpu,JNU,model_only,K1-FP32,2,68,132.64592399355024
cpu,JNU,model_only,K1-FP32,2,69,132.60056503349915
cpu,JNU,model_only,K1-FP32,2,70,125.36459101829678
cpu,JNU,model_only,K1-FP32,2,71,81.29214402288198
cpu,JNU,model_only,K1-FP32,2,72,89.61945096962154
cpu,JNU,model_only,K1-FP32,2,73,133.96724296035245
cpu,JNU,model_only,K1-FP32,2,74,133.30354396020994
cpu,JNU,model_only,K1-FP32,2,75,133.47588502801955
cpu,JNU,model_only,K1-FP32,2,76,133.117163029965
cpu,JNU,model_only,K1-FP32,2,77,132.97932100249454
cpu,JNU,model_only,K1-FP32,2,78,133.07101902319118
cpu,JNU,model_only,K1-FP32,2,79,133.53788800304756
cpu,JNU,model_only,K1-FP32,2,80,133.6952800047584
cpu,JNU,model_only,K1-FP32,2,81,133.18144396180287
cpu,JNU,model_only,K1-FP32,2,82,133.22717597475275
cpu,JNU,model_only,K1-FP32,2,83,133.29644699115306
cpu,JNU,model_only,K1-FP32,2,84,133.24750500032678
cpu,JNU,model_only,K1-FP32,2,85,133.0440449528396
cpu,JNU,model_only,K1-FP32,2,86,133.10243003070354
cpu,JNU,model_only,K1-FP32,2,87,133.45473201479763
cpu,JNU,model_only,K1-FP32,2,88,133.85081000160426
cpu,JNU,model_only,K1-FP32,2,89,132.97266198787838
cpu,JNU,model_only,K1-FP32,2,90,133.61291302135214
cpu,JNU,model_only,K1-FP32,2,91,133.59614496584982
cpu,JNU,model_only,K1-FP32,2,92,133.49009602097794
cpu,JNU,model_only,K1-FP32,2,93,133.0794229870662
cpu,JNU,model_only,K1-FP32,2,94,133.6550580454059
cpu,JNU,model_only,K1-FP32,2,95,133.84430098813027
cpu,JNU,model_only,K1-FP32,2,96,133.67227802518755
cpu,JNU,model_only,K1-FP32,2,97,133.51658801548183
cpu,JNU,model_only,K1-FP32,2,98,133.33195901941508
cpu,JNU,model_only,K1-FP32,2,99,133.2375819911249
cpu,JNU,model_only,K1-FP32,2,100,133.320952008944
cpu,JNU,model_only,K1-FP32,2,101,133.02334095351398
cpu,JNU,model_only,K1-FP32,2,102,133.67203396046534
cpu,JNU,model_only,K1-FP32,2,103,133.38792300783098
cpu,JNU,model_only,K1-FP32,2,104,133.15940601751208
cpu,JNU,model_only,K1-FP32,2,105,133.46931396517903
cpu,JNU,model_only,K1-FP32,2,106,128.79802798852324
cpu,JNU,model_only,K1-FP32,2,107,104.773701983504
cpu,JNU,model_only,K1-FP32,2,108,133.55981500353664
cpu,JNU,model_only,K1-FP32,2,109,133.16355796996504
cpu,JNU,model_only,K1-FP32,2,110,133.76295601483434
cpu,JNU,model_only,K1-FP32,2,111,133.1633609952405
cpu,JNU,model_only,K1-FP32,2,112,133.33022699225694
cpu,JNU,model_only,K1-FP32,2,113,133.34482500795275
cpu,JNU,model_only,K1-FP32,2,114,133.2261739880778
cpu,JNU,model_only,K1-FP32,2,115,133.17792100133374
cpu,JNU,model_only,K1-FP32,2,116,133.2586989738047
cpu,JNU,model_only,K1-FP32,2,117,133.09105701046064
cpu,JNU,model_only,K1-FP32,2,118,130.52588602295145
cpu,JNU,model_only,K1-FP32,2,119,138.7592380051501
cpu,JNU,model_only,K1-FP32,2,120,133.54501000139862
cpu,JNU,model_only,K1-FP32,2,121,133.52975598536432
cpu,JNU,model_only,K1-FP32,2,122,133.29675199929625
cpu,JNU,model_only,K1-FP32,2,123,133.26717197196558
cpu,JNU,model_only,K1-FP32,2,124,132.99257203470916
cpu,JNU,model_only,K1-FP32,2,125,134.0140719548799
cpu,JNU,model_only,K1-FP32,2,126,133.54780297959223
cpu,JNU,model_only,K1-FP32,2,127,133.418238023296
cpu,JNU,model_only,K1-FP32,2,128,133.68497497867793
cpu,JNU,model_only,K1-FP32,2,129,133.36548395454884
cpu,JNU,model_only,K1-FP32,2,130,133.0053000128828
cpu,JNU,model_only,K1-FP32,2,131,133.0807629856281
cpu,JNU,model_only,K1-FP32,2,132,133.0624260008335
cpu,JNU,model_only,K1-FP32,2,133,133.45114601543173
cpu,JNU,model_only,K1-FP32,2,134,133.36237898329273
cpu,JNU,model_only,K1-FP32,2,135,133.3729660254903
cpu,JNU,model_only,K1-FP32,2,136,133.2636820152402
cpu,JNU,model_only,K1-FP32,2,137,133.03312798961997
cpu,JNU,model_only,K1-FP32,2,138,133.214428962674
cpu,JNU,model_only,K1-FP32,2,139,133.03064403589815
cpu,JNU,model_only,K1-FP32,2,140,133.71569599257782
cpu,JNU,model_only,K1-FP32,2,141,133.81677004508674
cpu,JNU,model_only,K1-FP32,2,142,132.97388900537044
cpu,JNU,model_only,K1-FP32,2,143,133.52165004471317
cpu,JNU,model_only,K1-FP32,2,144,133.7016500183381
cpu,JNU,model_only,K1-FP32,2,145,133.00484197679907
cpu,JNU,model_only,K1-FP32,2,146,133.1797359744087
cpu,JNU,model_only,K1-FP32,2,147,132.95683200703934
cpu,JNU,model_only,K1-FP32,2,148,133.1848709960468
cpu,JNU,model_only,K1-FP32,2,149,128.3960819710046
cpu,JNU,model_only,K1-FP32,2,150,104.95948797324672
cpu,JNU,model_only,K1-FP32,2,151,135.14228496933356
cpu,JNU,model_only,K1-FP32,2,152,133.20844998816028
cpu,JNU,model_only,K1-FP32,2,153,132.76289298664778
cpu,JNU,model_only,K1-FP32,2,154,132.98358995234594
cpu,JNU,model_only,K1-FP32,2,155,133.65270395297557
cpu,JNU,model_only,K1-FP32,2,156,133.5079749696888
cpu,JNU,model_only,K1-FP32,2,157,133.17418401129544
cpu,JNU,model_only,K1-FP32,2,158,132.77074100915343
cpu,JNU,model_only,K1-FP32,2,159,133.25414899736643
cpu,JNU,model_only,K1-FP32,2,160,131.89693400636315
cpu,JNU,model_only,K1-FP32,2,161,134.9204719881527
cpu,JNU,model_only,K1-FP32,2,162,133.26362596126273
cpu,JNU,model_only,K1-FP32,2,163,135.1177030010149
cpu,JNU,model_only,K1-FP32,2,164,133.1641779979691
cpu,JNU,model_only,K1-FP32,2,165,133.25435802107677
cpu,JNU,model_only,K1-FP32,2,166,133.19796998985112
cpu,JNU,model_only,K1-FP32,2,167,132.02219002414495
cpu,JNU,model_only,K1-FP32,2,168,133.07632895885035
cpu,JNU,model_only,K1-FP32,2,169,132.6869879849255
cpu,JNU,model_only,K1-FP32,2,170,133.83845397038385
cpu,JNU,model_only,K1-FP32,2,171,133.48384998971596
cpu,JNU,model_only,K1-FP32,2,172,132.95756897423416
cpu,JNU,model_only,K1-FP32,2,173,133.34326102631167
cpu,JNU,model_only,K1-FP32,2,174,133.24111700057983
cpu,JNU,model_only,K1-FP32,2,175,133.0982589861378
cpu,JNU,model_only,K1-FP32,2,176,133.177345036529
cpu,JNU,model_only,K1-FP32,2,177,132.95003300299868
cpu,JNU,model_only,K1-FP32,2,178,133.53686599293724
cpu,JNU,model_only,K1-FP32,2,179,133.62389098620042
cpu,JNU,model_only,K1-FP32,2,180,133.26709100510925
cpu,JNU,model_only,K1-FP32,2,181,133.42046400066465
cpu,JNU,model_only,K1-FP32,2,182,132.84413801738992
cpu,JNU,model_only,K1-FP32,2,183,133.0969319678843
cpu,JNU,model_only,K1-FP32,2,184,133.08454997604713
cpu,JNU,model_only,K1-FP32,2,185,133.28540499787778
cpu,JNU,model_only,K1-FP32,2,186,133.74196999939159
cpu,JNU,model_only,K1-FP32,2,187,133.42605903744698
cpu,JNU,model_only,K1-FP32,2,188,133.4135890356265
cpu,JNU,model_only,K1-FP32,2,189,133.29363701632246
cpu,JNU,model_only,K1-FP32,2,190,133.2834840286523
cpu,JNU,model_only,K1-FP32,2,191,133.43733095098287
cpu,JNU,model_only,K1-FP32,2,192,132.89618398994207
cpu,JNU,model_only,K1-FP32,2,193,133.51969100767747
cpu,JNU,model_only,K1-FP32,2,194,133.4426780231297
cpu,JNU,model_only,K1-FP32,2,195,133.02578497678041
cpu,JNU,model_only,K1-FP32,2,196,133.32274003187194
cpu,JNU,model_only,K1-FP32,2,197,133.27918900176883
cpu,JNU,model_only,K1-FP32,2,198,133.40218196390197
cpu,JNU,model_only,K1-FP32,2,199,133.11819697264582
cpu,JNU,model_only,K1-FP32,2,200,133.62357002915815
cpu,JNU,model_only,K1-FP32,2,201,133.8414180208929
cpu,JNU,model_only,K1-FP32,2,202,133.54923098813742
cpu,JNU,model_only,K1-FP32,2,203,128.53098899358884
cpu,JNU,model_only,K1-FP32,2,204,105.2739360020496
cpu,JNU,model_only,K1-FP32,2,205,132.18282896559685
cpu,JNU,model_only,K1-FP32,2,206,124.32656099554151
cpu,JNU,model_only,K1-FP32,2,207,133.49741999991238
cpu,JNU,model_only,K1-FP32,2,208,132.94456800213084
cpu,JNU,model_only,K1-FP32,2,209,133.42221698258072
cpu,JNU,model_only,K1-FP32,2,210,133.38735001161695
cpu,JNU,model_only,K1-FP32,2,211,135.00802702037618
cpu,JNU,model_only,K1-FP32,2,212,133.15323099959642
cpu,JNU,model_only,K1-FP32,2,213,133.2968269707635
cpu,JNU,model_only,K1-FP32,2,214,133.27916100388393
cpu,JNU,model_only,K1-FP32,2,215,133.43091402202845
cpu,JNU,model_only,K1-FP32,2,216,134.36480599921197
cpu,JNU,model_only,K1-FP32,2,217,133.44710902310908
cpu,JNU,model_only,K1-FP32,2,218,133.41616600519046
cpu,JNU,model_only,K1-FP32,2,219,133.20914999349043
cpu,JNU,model_only,K1-FP32,2,220,133.20439599920064
cpu,JNU,model_only,K1-FP32,2,221,133.38014902547002
cpu,JNU,model_only,K1-FP32,2,222,133.16841900814325
cpu,JNU,model_only,K1-FP32,2,223,133.59314401168376
cpu,JNU,model_only,K1-FP32,2,224,133.90814600279555
cpu,JNU,model_only,K1-FP32,2,225,133.1930300220847
cpu,JNU,model_only,K1-FP32,2,226,133.45802697585896
cpu,JNU,model_only,K1-FP32,2,227,133.32085800357163
cpu,JNU,model_only,K1-FP32,2,228,133.2580919843167
cpu,JNU,model_only,K1-FP32,2,229,136.61053200485185
cpu,JNU,model_only,K1-FP32,2,230,133.5084390011616
cpu,JNU,model_only,K1-FP32,2,231,134.09293303266168
cpu,JNU,model_only,K1-FP32,2,232,133.33163602510467
cpu,JNU,model_only,K1-FP32,2,233,133.56891501462087
cpu,JNU,model_only,K1-FP32,2,234,133.2631630357355
cpu,JNU,model_only,K1-FP32,2,235,128.51336400490254
cpu,JNU,model_only,K1-FP32,2,236,104.96639303164557
cpu,JNU,model_only,K1-FP32,2,237,128.98217898327857
cpu,JNU,model_only,K1-FP32,2,238,104.76487799314782
cpu,JNU,model_only,K1-FP32,2,239,136.01853197906166
cpu,JNU,model_only,K1-FP32,2,240,132.9041009885259
cpu,JNU,model_only,K1-FP32,2,241,129.43619099678472
cpu,JNU,model_only,K1-FP32,2,242,129.06989001203328
cpu,JNU,model_only,K1-FP32,2,243,129.3419230496511
cpu,JNU,model_only,K1-FP32,2,244,129.43951599299908
cpu,JNU,model_only,K1-FP32,2,245,129.4459350174293
cpu,JNU,model_only,K1-FP32,2,246,129.78366302559152
cpu,JNU,model_only,K1-FP32,2,247,129.67890198342502
cpu,JNU,model_only,K1-FP32,2,248,123.02759900921956
cpu,JNU,model_only,K1-FP32,2,249,80.27631201548502
cpu,JNU,model_only,Q8-cpu_dynamic,2,0,74.84338199719787
cpu,JNU,model_only,Q8-cpu_dynamic,2,1,74.71669896040112
cpu,JNU,model_only,Q8-cpu_dynamic,2,2,75.68586501292884
cpu,JNU,model_only,Q8-cpu_dynamic,2,3,75.3705240203999
cpu,JNU,model_only,Q8-cpu_dynamic,2,4,74.3460999801755
cpu,JNU,model_only,Q8-cpu_dynamic,2,5,74.83961503021419
cpu,JNU,model_only,Q8-cpu_dynamic,2,6,73.87639803346246
cpu,JNU,model_only,Q8-cpu_dynamic,2,7,74.3278959998861
cpu,JNU,model_only,Q8-cpu_dynamic,2,8,75.97285701194778
cpu,JNU,model_only,Q8-cpu_dynamic,2,9,74.74317401647568
cpu,JNU,model_only,Q8-cpu_dynamic,2,10,75.86539798649028
cpu,JNU,model_only,Q8-cpu_dynamic,2,11,74.55658301478252
cpu,JNU,model_only,Q8-cpu_dynamic,2,12,75.77856304123998
cpu,JNU,model_only,Q8-cpu_dynamic,2,13,75.6194909918122
cpu,JNU,model_only,Q8-cpu_dynamic,2,14,75.51701500779018
cpu,JNU,model_only,Q8-cpu_dynamic,2,15,75.04220400005579
cpu,JNU,model_only,Q8-cpu_dynamic,2,16,74.9409839627333
cpu,JNU,model_only,Q8-cpu_dynamic,2,17,75.74568799464032
cpu,JNU,model_only,Q8-cpu_dynamic,2,18,74.53702599741518
cpu,JNU,model_only,Q8-cpu_dynamic,2,19,74.02354199439287
cpu,JNU,model_only,Q8-cpu_dynamic,2,20,75.66405599936843
cpu,JNU,model_only,Q8-cpu_dynamic,2,21,75.39092202205211
cpu,JNU,model_only,Q8-cpu_dynamic,2,22,74.84674599254504
cpu,JNU,model_only,Q8-cpu_dynamic,2,23,75.98394103115425
cpu,JNU,model_only,Q8-cpu_dynamic,2,24,75.95881394809112
cpu,JNU,model_only,Q8-cpu_dynamic,2,25,74.98315302655101
cpu,JNU,model_only,Q8-cpu_dynamic,2,26,76.11938001355156
cpu,JNU,model_only,Q8-cpu_dynamic,2,27,74.65354900341481
cpu,JNU,model_only,Q8-cpu_dynamic,2,28,74.90482000866905
cpu,JNU,model_only,Q8-cpu_dynamic,2,29,74.44513298105448
cpu,JNU,model_only,Q8-cpu_dynamic,2,30,75.07034699665383
cpu,JNU,model_only,Q8-cpu_dynamic,2,31,74.65728203533217
cpu,JNU,model_only,Q8-cpu_dynamic,2,32,75.96911600558087
cpu,JNU,model_only,Q8-cpu_dynamic,2,33,76.09862100798637
cpu,JNU,model_only,Q8-cpu_dynamic,2,34,75.99418400786817
cpu,JNU,model_only,Q8-cpu_dynamic,2,35,76.2436119839549
cpu,JNU,model_only,Q8-cpu_dynamic,2,36,75.13403397751972
cpu,JNU,model_only,Q8-cpu_dynamic,2,37,76.06087002204731
cpu,JNU,model_only,Q8-cpu_dynamic,2,38,74.68797697219998
cpu,JNU,model_only,Q8-cpu_dynamic,2,39,75.16674895305187
cpu,JNU,model_only,Q8-cpu_dynamic,2,40,76.0085639776662
cpu,JNU,model_only,Q8-cpu_dynamic,2,41,75.7278889650479
cpu,JNU,model_only,Q8-cpu_dynamic,2,42,75.68602298852056
cpu,JNU,model_only,Q8-cpu_dynamic,2,43,75.64875500975177
cpu,JNU,model_only,Q8-cpu_dynamic,2,44,75.70330298040062
cpu,JNU,model_only,Q8-cpu_dynamic,2,45,74.69685701653361
cpu,JNU,model_only,Q8-cpu_dynamic,2,46,75.90662798611447
cpu,JNU,model_only,Q8-cpu_dynamic,2,47,75.91446803417057
cpu,JNU,model_only,Q8-cpu_dynamic,2,48,76.0796990361996
cpu,JNU,model_only,Q8-cpu_dynamic,2,49,76.4221100253053
cpu,JNU,model_only,Q8-cpu_dynamic,2,50,75.73978800792247
cpu,JNU,model_only,Q8-cpu_dynamic,2,51,75.7076790323481
cpu,JNU,model_only,Q8-cpu_dynamic,2,52,74.81632503913715
cpu,JNU,model_only,Q8-cpu_dynamic,2,53,74.95036302134395
cpu,JNU,model_only,Q8-cpu_dynamic,2,54,75.02025098074228
cpu,JNU,model_only,Q8-cpu_dynamic,2,55,74.18480300111696
cpu,JNU,model_only,Q8-cpu_dynamic,2,56,74.9156050151214
cpu,JNU,model_only,Q8-cpu_dynamic,2,57,76.11302199074998
cpu,JNU,model_only,Q8-cpu_dynamic,2,58,75.67951298551634
cpu,JNU,model_only,Q8-cpu_dynamic,2,59,75.82627603551373
cpu,JNU,model_only,Q8-cpu_dynamic,2,60,75.8203259902075
cpu,JNU,model_only,Q8-cpu_dynamic,2,61,76.11675799125805
cpu,JNU,model_only,Q8-cpu_dynamic,2,62,74.93342400994152
cpu,JNU,model_only,Q8-cpu_dynamic,2,63,75.27011702768505
cpu,JNU,model_only,Q8-cpu_dynamic,2,64,74.9039679649286
cpu,JNU,model_only,Q8-cpu_dynamic,2,65,75.0198939931579
cpu,JNU,model_only,Q8-cpu_dynamic,2,66,74.9442939995788
cpu,JNU,model_only,Q8-cpu_dynamic,2,67,75.52270096493885
cpu,JNU,model_only,Q8-cpu_dynamic,2,68,77.42384902667254
cpu,JNU,model_only,Q8-cpu_dynamic,2,69,74.72298498032615
cpu,JNU,model_only,Q8-cpu_dynamic,2,70,76.12148794578388
cpu,JNU,model_only,Q8-cpu_dynamic,2,71,74.41840402316302
cpu,JNU,model_only,Q8-cpu_dynamic,2,72,75.00310899922624
cpu,JNU,model_only,Q8-cpu_dynamic,2,73,75.13204996939749
cpu,JNU,model_only,Q8-cpu_dynamic,2,74,76.27727300859988
cpu,JNU,model_only,Q8-cpu_dynamic,2,75,74.89541597897187
cpu,JNU,model_only,Q8-cpu_dynamic,2,76,76.03701599873602
cpu,JNU,model_only,Q8-cpu_dynamic,2,77,75.03027399070561
cpu,JNU,model_only,Q8-cpu_dynamic,2,78,74.79337102267891
cpu,JNU,model_only,Q8-cpu_dynamic,2,79,75.44741401216015
cpu,JNU,model_only,Q8-cpu_dynamic,2,80,75.31356101389974
cpu,JNU,model_only,Q8-cpu_dynamic,2,81,76.31770399166271
cpu,JNU,model_only,Q8-cpu_dynamic,2,82,75.82207198720425
cpu,JNU,model_only,Q8-cpu_dynamic,2,83,75.83910098765045
cpu,JNU,model_only,Q8-cpu_dynamic,2,84,74.7858039685525
cpu,JNU,model_only,Q8-cpu_dynamic,2,85,75.17111004563048
cpu,JNU,model_only,Q8-cpu_dynamic,2,86,76.0810780338943
cpu,JNU,model_only,Q8-cpu_dynamic,2,87,75.75453101890162
cpu,JNU,model_only,Q8-cpu_dynamic,2,88,75.41895599570125
cpu,JNU,model_only,Q8-cpu_dynamic,2,89,76.50876697152853
cpu,JNU,model_only,Q8-cpu_dynamic,2,90,75.732778001111
cpu,JNU,model_only,Q8-cpu_dynamic,2,91,74.87243704963475
cpu,JNU,model_only,Q8-cpu_dynamic,2,92,75.04630601033568
cpu,JNU,model_only,Q8-cpu_dynamic,2,93,75.07669797632843
cpu,JNU,model_only,Q8-cpu_dynamic,2,94,77.11642101639882
cpu,JNU,model_only,Q8-cpu_dynamic,2,95,76.0076770093292
cpu,JNU,model_only,Q8-cpu_dynamic,2,96,76.14322798326612
cpu,JNU,model_only,Q8-cpu_dynamic,2,97,74.93571401573718
cpu,JNU,model_only,Q8-cpu_dynamic,2,98,76.16508600767702
cpu,JNU,model_only,Q8-cpu_dynamic,2,99,74.77713195839897
cpu,JNU,model_only,Q8-cpu_dynamic,2,100,74.97710199095309
cpu,JNU,model_only,Q8-cpu_dynamic,2,101,76.363006955944
cpu,JNU,model_only,Q8-cpu_dynamic,2,102,74.68081603292376
cpu,JNU,model_only,Q8-cpu_dynamic,2,103,76.04837900726125
cpu,JNU,model_only,Q8-cpu_dynamic,2,104,75.15955000417307
cpu,JNU,model_only,Q8-cpu_dynamic,2,105,75.30606002546847
cpu,JNU,model_only,Q8-cpu_dynamic,2,106,74.3904400151223
cpu,JNU,model_only,Q8-cpu_dynamic,2,107,75.52095298888162
cpu,JNU,model_only,Q8-cpu_dynamic,2,108,75.46546502271667
cpu,JNU,model_only,Q8-cpu_dynamic,2,109,75.33275499008596
cpu,JNU,model_only,Q8-cpu_dynamic,2,110,74.29718499770388
cpu,JNU,model_only,Q8-cpu_dynamic,2,111,74.53064201399684
cpu,JNU,model_only,Q8-cpu_dynamic,2,112,75.44260000577196
cpu,JNU,model_only,Q8-cpu_dynamic,2,113,75.02226100768894
cpu,JNU,model_only,Q8-cpu_dynamic,2,114,74.91223601391539
cpu,JNU,model_only,Q8-cpu_dynamic,2,115,75.33077499829233
cpu,JNU,model_only,Q8-cpu_dynamic,2,116,75.93893096782267
cpu,JNU,model_only,Q8-cpu_dynamic,2,117,74.38519300194457
cpu,JNU,model_only,Q8-cpu_dynamic,2,118,74.9575860099867
cpu,JNU,model_only,Q8-cpu_dynamic,2,119,75.5101129761897
cpu,JNU,model_only,Q8-cpu_dynamic,2,120,75.21467900369316
cpu,JNU,model_only,Q8-cpu_dynamic,2,121,74.79975098976865
cpu,JNU,model_only,Q8-cpu_dynamic,2,122,75.74455498252064
cpu,JNU,model_only,Q8-cpu_dynamic,2,123,74.69705300172791
cpu,JNU,model_only,Q8-cpu_dynamic,2,124,75.70326002314687
cpu,JNU,model_only,Q8-cpu_dynamic,2,125,74.28388897096738
cpu,JNU,model_only,Q8-cpu_dynamic,2,126,75.90627402532846
cpu,JNU,model_only,Q8-cpu_dynamic,2,127,75.57375298347324
cpu,JNU,model_only,Q8-cpu_dynamic,2,128,74.51051101088524
cpu,JNU,model_only,Q8-cpu_dynamic,2,129,75.1229600282386
cpu,JNU,model_only,Q8-cpu_dynamic,2,130,75.74688200838864
cpu,JNU,model_only,Q8-cpu_dynamic,2,131,73.58331902651116
cpu,JNU,model_only,Q8-cpu_dynamic,2,132,75.49185602692887
cpu,JNU,model_only,Q8-cpu_dynamic,2,133,74.52114595798776
cpu,JNU,model_only,Q8-cpu_dynamic,2,134,75.6663930369541
cpu,JNU,model_only,Q8-cpu_dynamic,2,135,74.79784800671041
cpu,JNU,model_only,Q8-cpu_dynamic,2,136,75.7569510024041
cpu,JNU,model_only,Q8-cpu_dynamic,2,137,75.45937696704641
cpu,JNU,model_only,Q8-cpu_dynamic,2,138,74.42632003221661
cpu,JNU,model_only,Q8-cpu_dynamic,2,139,75.67523198667914
cpu,JNU,model_only,Q8-cpu_dynamic,2,140,74.438247946091
cpu,JNU,model_only,Q8-cpu_dynamic,2,141,76.61194901447743
cpu,JNU,model_only,Q8-cpu_dynamic,2,142,74.44422296248376
cpu,JNU,model_only,Q8-cpu_dynamic,2,143,75.71562699740753
cpu,JNU,model_only,Q8-cpu_dynamic,2,144,74.59153700619936
cpu,JNU,model_only,Q8-cpu_dynamic,2,145,74.88730602199212
cpu,JNU,model_only,Q8-cpu_dynamic,2,146,75.96074894536287
cpu,JNU,model_only,Q8-cpu_dynamic,2,147,75.64302301034331
cpu,JNU,model_only,Q8-cpu_dynamic,2,148,74.56878002267331
cpu,JNU,model_only,Q8-cpu_dynamic,2,149,75.20205597393215
cpu,JNU,model_only,Q8-cpu_dynamic,2,150,75.95559098990634
cpu,JNU,model_only,Q8-cpu_dynamic,2,151,75.55347599554807
cpu,JNU,model_only,Q8-cpu_dynamic,2,152,75.6631750264205
cpu,JNU,model_only,Q8-cpu_dynamic,2,153,75.53278299747035
cpu,JNU,model_only,Q8-cpu_dynamic,2,154,75.86252095643431
cpu,JNU,model_only,Q8-cpu_dynamic,2,155,74.72486805636436
cpu,JNU,model_only,Q8-cpu_dynamic,2,156,75.77869796659797
cpu,JNU,model_only,Q8-cpu_dynamic,2,157,75.98248700378463
cpu,JNU,model_only,Q8-cpu_dynamic,2,158,75.68804698530585
cpu,JNU,model_only,Q8-cpu_dynamic,2,159,74.68084199354053
cpu,JNU,model_only,Q8-cpu_dynamic,2,160,74.81636299053207
cpu,JNU,model_only,Q8-cpu_dynamic,2,161,75.84707898786291
cpu,JNU,model_only,Q8-cpu_dynamic,2,162,75.55426598992199
cpu,JNU,model_only,Q8-cpu_dynamic,2,163,75.5442880326882
cpu,JNU,model_only,Q8-cpu_dynamic,2,164,75.7044010097161
cpu,JNU,model_only,Q8-cpu_dynamic,2,165,75.54212596733123
cpu,JNU,model_only,Q8-cpu_dynamic,2,166,75.3394829807803
cpu,JNU,model_only,Q8-cpu_dynamic,2,167,75.87601599516347
cpu,JNU,model_only,Q8-cpu_dynamic,2,168,75.92357398243621
cpu,JNU,model_only,Q8-cpu_dynamic,2,169,74.76475002476946
cpu,JNU,model_only,Q8-cpu_dynamic,2,170,75.89277595980093
cpu,JNU,model_only,Q8-cpu_dynamic,2,171,75.63721801852807
cpu,JNU,model_only,Q8-cpu_dynamic,2,172,76.24299498274922
cpu,JNU,model_only,Q8-cpu_dynamic,2,173,76.07630296843126
cpu,JNU,model_only,Q8-cpu_dynamic,2,174,74.60169697878882
cpu,JNU,model_only,Q8-cpu_dynamic,2,175,75.96210902556777
cpu,JNU,model_only,Q8-cpu_dynamic,2,176,75.00883296597749
cpu,JNU,model_only,Q8-cpu_dynamic,2,177,74.43779602181166
cpu,JNU,model_only,Q8-cpu_dynamic,2,178,75.50868100952357
cpu,JNU,model_only,Q8-cpu_dynamic,2,179,74.65042098192498
cpu,JNU,model_only,Q8-cpu_dynamic,2,180,76.08314702520147
cpu,JNU,model_only,Q8-cpu_dynamic,2,181,76.24444598332047
cpu,JNU,model_only,Q8-cpu_dynamic,2,182,76.06163201853633
cpu,JNU,model_only,Q8-cpu_dynamic,2,183,75.14343899674714
cpu,JNU,model_only,Q8-cpu_dynamic,2,184,74.31156001985073
cpu,JNU,model_only,Q8-cpu_dynamic,2,185,75.7209260482341
cpu,JNU,model_only,Q8-cpu_dynamic,2,186,75.39443398127332
cpu,JNU,model_only,Q8-cpu_dynamic,2,187,75.20300499163568
cpu,JNU,model_only,Q8-cpu_dynamic,2,188,74.87075502285734
cpu,JNU,model_only,Q8-cpu_dynamic,2,189,74.87736904295161
cpu,JNU,model_only,Q8-cpu_dynamic,2,190,74.86081001115963
cpu,JNU,model_only,Q8-cpu_dynamic,2,191,74.83942405087873
cpu,JNU,model_only,Q8-cpu_dynamic,2,192,74.89393901778385
cpu,JNU,model_only,Q8-cpu_dynamic,2,193,74.71546600572765
cpu,JNU,model_only,Q8-cpu_dynamic,2,194,76.52844401309267
cpu,JNU,model_only,Q8-cpu_dynamic,2,195,74.80392296565697
cpu,JNU,model_only,Q8-cpu_dynamic,2,196,75.28976898174733
cpu,JNU,model_only,Q8-cpu_dynamic,2,197,75.94450598116964
cpu,JNU,model_only,Q8-cpu_dynamic,2,198,75.56749798823148
cpu,JNU,model_only,Q8-cpu_dynamic,2,199,75.83027199143544
cpu,JNU,model_only,Q8-cpu_dynamic,2,200,75.66240400774404
cpu,JNU,model_only,Q8-cpu_dynamic,2,201,74.64645802974701
cpu,JNU,model_only,Q8-cpu_dynamic,2,202,74.92173300124705
cpu,JNU,model_only,Q8-cpu_dynamic,2,203,74.98689700150862
cpu,JNU,model_only,Q8-cpu_dynamic,2,204,75.95249603036791
cpu,JNU,model_only,Q8-cpu_dynamic,2,205,74.93517000693828
cpu,JNU,model_only,Q8-cpu_dynamic,2,206,75.85124101024121
cpu,JNU,model_only,Q8-cpu_dynamic,2,207,76.03677600855008
cpu,JNU,model_only,Q8-cpu_dynamic,2,208,74.3914539925754
cpu,JNU,model_only,Q8-cpu_dynamic,2,209,75.3325909608975
cpu,JNU,model_only,Q8-cpu_dynamic,2,210,74.84847004525363
cpu,JNU,model_only,Q8-cpu_dynamic,2,211,75.02222701441497
cpu,JNU,model_only,Q8-cpu_dynamic,2,212,76.13444997696206
cpu,JNU,model_only,Q8-cpu_dynamic,2,213,75.59962698724121
cpu,JNU,model_only,Q8-cpu_dynamic,2,214,75.74468897655606
cpu,JNU,model_only,Q8-cpu_dynamic,2,215,74.59923502756283
cpu,JNU,model_only,Q8-cpu_dynamic,2,216,75.06721798563376
cpu,JNU,model_only,Q8-cpu_dynamic,2,217,75.78457897761837
cpu,JNU,model_only,Q8-cpu_dynamic,2,218,75.68077195901424
cpu,JNU,model_only,Q8-cpu_dynamic,2,219,74.69793799100444
cpu,JNU,model_only,Q8-cpu_dynamic,2,220,76.25102601014078
cpu,JNU,model_only,Q8-cpu_dynamic,2,221,74.85268299933523
cpu,JNU,model_only,Q8-cpu_dynamic,2,222,75.52222802769393
cpu,JNU,model_only,Q8-cpu_dynamic,2,223,76.42186799785122
cpu,JNU,model_only,Q8-cpu_dynamic,2,224,76.18624897440895
cpu,JNU,model_only,Q8-cpu_dynamic,2,225,74.10818501375616
cpu,JNU,model_only,Q8-cpu_dynamic,2,226,75.86462202016264
cpu,JNU,model_only,Q8-cpu_dynamic,2,227,75.54039597744122
cpu,JNU,model_only,Q8-cpu_dynamic,2,228,75.65460499608889
cpu,JNU,model_only,Q8-cpu_dynamic,2,229,75.03466698108241
cpu,JNU,model_only,Q8-cpu_dynamic,2,230,75.16270800260827
cpu,JNU,model_only,Q8-cpu_dynamic,2,231,75.97140100551769
cpu,JNU,model_only,Q8-cpu_dynamic,2,232,75.7941710180603
cpu,JNU,model_only,Q8-cpu_dynamic,2,233,74.71365900710225
cpu,JNU,model_only,Q8-cpu_dynamic,2,234,76.56256598420441
cpu,JNU,model_only,Q8-cpu_dynamic,2,235,75.70143602788448
cpu,JNU,model_only,Q8-cpu_dynamic,2,236,101.71494900714606
cpu,JNU,model_only,Q8-cpu_dynamic,2,237,75.86936000734568
cpu,JNU,model_only,Q8-cpu_dynamic,2,238,75.58131002588198
cpu,JNU,model_only,Q8-cpu_dynamic,2,239,75.80001198220998
cpu,JNU,model_only,Q8-cpu_dynamic,2,240,74.54786798916757
cpu,JNU,model_only,Q8-cpu_dynamic,2,241,74.91350104101002
cpu,JNU,model_only,Q8-cpu_dynamic,2,242,75.04896598402411
cpu,JNU,model_only,Q8-cpu_dynamic,2,243,75.66658197902143
cpu,JNU,model_only,Q8-cpu_dynamic,2,244,73.83104501059279
cpu,JNU,model_only,Q8-cpu_dynamic,2,245,74.59389499854296
cpu,JNU,model_only,Q8-cpu_dynamic,2,246,74.835859995801
cpu,JNU,model_only,Q8-cpu_dynamic,2,247,75.72314201388508
cpu,JNU,model_only,Q8-cpu_dynamic,2,248,75.30380401294678
cpu,JNU,model_only,Q8-cpu_dynamic,2,249,75.14078100211918
cpu,JNU,model_only,Q8-cpu_dynamic,3,0,74.6830030111596
cpu,JNU,model_only,Q8-cpu_dynamic,3,1,74.39814804820344
cpu,JNU,model_only,Q8-cpu_dynamic,3,2,74.75532701937482
cpu,JNU,model_only,Q8-cpu_dynamic,3,3,74.9252790119499
cpu,JNU,model_only,Q8-cpu_dynamic,3,4,75.88923897128552
cpu,JNU,model_only,Q8-cpu_dynamic,3,5,75.79208898823708
cpu,JNU,model_only,Q8-cpu_dynamic,3,6,74.59582097362727
cpu,JNU,model_only,Q8-cpu_dynamic,3,7,74.68629104550928
cpu,JNU,model_only,Q8-cpu_dynamic,3,8,75.81811997806653
cpu,JNU,model_only,Q8-cpu_dynamic,3,9,74.7193269780837
cpu,JNU,model_only,Q8-cpu_dynamic,3,10,76.60201494581997
cpu,JNU,model_only,Q8-cpu_dynamic,3,11,74.04971198411658
cpu,JNU,model_only,Q8-cpu_dynamic,3,12,75.06433199159801
cpu,JNU,model_only,Q8-cpu_dynamic,3,13,74.96015500510111
cpu,JNU,model_only,Q8-cpu_dynamic,3,14,75.77327801845968
cpu,JNU,model_only,Q8-cpu_dynamic,3,15,75.07500401698053
cpu,JNU,model_only,Q8-cpu_dynamic,3,16,74.95516096241772
cpu,JNU,model_only,Q8-cpu_dynamic,3,17,75.75024699326605
cpu,JNU,model_only,Q8-cpu_dynamic,3,18,74.62481898255646
cpu,JNU,model_only,Q8-cpu_dynamic,3,19,75.90457500191405
cpu,JNU,model_only,Q8-cpu_dynamic,3,20,74.50357102788985
cpu,JNU,model_only,Q8-cpu_dynamic,3,21,73.27192497905344
cpu,JNU,model_only,Q8-cpu_dynamic,3,22,75.48695598961785
cpu,JNU,model_only,Q8-cpu_dynamic,3,23,74.94276098441333
cpu,JNU,model_only,Q8-cpu_dynamic,3,24,74.98416700400412
cpu,JNU,model_only,Q8-cpu_dynamic,3,25,76.06917497469112
cpu,JNU,model_only,Q8-cpu_dynamic,3,26,76.19144598720595
cpu,JNU,model_only,Q8-cpu_dynamic,3,27,74.56865900894627
cpu,JNU,model_only,Q8-cpu_dynamic,3,28,75.91477502137423
cpu,JNU,model_only,Q8-cpu_dynamic,3,29,76.09504804713652
cpu,JNU,model_only,Q8-cpu_dynamic,3,30,76.0192250018008
cpu,JNU,model_only,Q8-cpu_dynamic,3,31,74.8789090430364
cpu,JNU,model_only,Q8-cpu_dynamic,3,32,74.05462500173599
cpu,JNU,model_only,Q8-cpu_dynamic,3,33,74.18671401683241
cpu,JNU,model_only,Q8-cpu_dynamic,3,34,74.35998396249488
cpu,JNU,model_only,Q8-cpu_dynamic,3,35,76.04708295548335
cpu,JNU,model_only,Q8-cpu_dynamic,3,36,75.18108299700543
cpu,JNU,model_only,Q8-cpu_dynamic,3,37,75.37890301318839
cpu,JNU,model_only,Q8-cpu_dynamic,3,38,75.44309395598248
cpu,JNU,model_only,Q8-cpu_dynamic,3,39,74.53229097882286
cpu,JNU,model_only,Q8-cpu_dynamic,3,40,74.8204980045557
cpu,JNU,model_only,Q8-cpu_dynamic,3,41,74.92400903720409
cpu,JNU,model_only,Q8-cpu_dynamic,3,42,76.07069297228009
cpu,JNU,model_only,Q8-cpu_dynamic,3,43,76.1920299846679
cpu,JNU,model_only,Q8-cpu_dynamic,3,44,76.26653596526012
cpu,JNU,model_only,Q8-cpu_dynamic,3,45,75.8233749656938
cpu,JNU,model_only,Q8-cpu_dynamic,3,46,75.80305298324674
cpu,JNU,model_only,Q8-cpu_dynamic,3,47,75.67360904067755
cpu,JNU,model_only,Q8-cpu_dynamic,3,48,74.02941200416535
cpu,JNU,model_only,Q8-cpu_dynamic,3,49,75.54720400366932
cpu,JNU,model_only,Q8-cpu_dynamic,3,50,76.41111098928377
cpu,JNU,model_only,Q8-cpu_dynamic,3,51,75.94891596818343
cpu,JNU,model_only,Q8-cpu_dynamic,3,52,75.90628403704613
cpu,JNU,model_only,Q8-cpu_dynamic,3,53,75.79850195907056
cpu,JNU,model_only,Q8-cpu_dynamic,3,54,75.69262897595763
cpu,JNU,model_only,Q8-cpu_dynamic,3,55,74.94197099003941
cpu,JNU,model_only,Q8-cpu_dynamic,3,56,75.21078997524455
cpu,JNU,model_only,Q8-cpu_dynamic,3,57,74.88180097425357
cpu,JNU,model_only,Q8-cpu_dynamic,3,58,74.92189900949597
cpu,JNU,model_only,Q8-cpu_dynamic,3,59,75.14098699903116
cpu,JNU,model_only,Q8-cpu_dynamic,3,60,76.04395702946931
cpu,JNU,model_only,Q8-cpu_dynamic,3,61,75.58618497569114
cpu,JNU,model_only,Q8-cpu_dynamic,3,62,75.68966696271673
cpu,JNU,model_only,Q8-cpu_dynamic,3,63,75.93951502349228
cpu,JNU,model_only,Q8-cpu_dynamic,3,64,76.78180799121037
cpu,JNU,model_only,Q8-cpu_dynamic,3,65,75.75345801888034
cpu,JNU,model_only,Q8-cpu_dynamic,3,66,75.99770597880706
cpu,JNU,model_only,Q8-cpu_dynamic,3,67,76.12367696128786
cpu,JNU,model_only,Q8-cpu_dynamic,3,68,75.69417700869963
cpu,JNU,model_only,Q8-cpu_dynamic,3,69,76.49641699390486
cpu,JNU,model_only,Q8-cpu_dynamic,3,70,75.66992699867114
cpu,JNU,model_only,Q8-cpu_dynamic,3,71,75.71266096783802
cpu,JNU,model_only,Q8-cpu_dynamic,3,72,74.78985894704238
cpu,JNU,model_only,Q8-cpu_dynamic,3,73,75.96856995951384
cpu,JNU,model_only,Q8-cpu_dynamic,3,74,74.66185395605862
cpu,JNU,model_only,Q8-cpu_dynamic,3,75,75.25242102565244
cpu,JNU,model_only,Q8-cpu_dynamic,3,76,76.44042000174522
cpu,JNU,model_only,Q8-cpu_dynamic,3,77,75.96530200680718
cpu,JNU,model_only,Q8-cpu_dynamic,3,78,75.89733897475526
cpu,JNU,model_only,Q8-cpu_dynamic,3,79,75.77935099834576
cpu,JNU,model_only,Q8-cpu_dynamic,3,80,74.7418170212768
cpu,JNU,model_only,Q8-cpu_dynamic,3,81,76.04923599865288
cpu,JNU,model_only,Q8-cpu_dynamic,3,82,76.05281798169017
cpu,JNU,model_only,Q8-cpu_dynamic,3,83,73.83823400596157
cpu,JNU,model_only,Q8-cpu_dynamic,3,84,74.74344299407676
cpu,JNU,model_only,Q8-cpu_dynamic,3,85,73.4837880008854
cpu,JNU,model_only,Q8-cpu_dynamic,3,86,74.31552797788754
cpu,JNU,model_only,Q8-cpu_dynamic,3,87,75.04719099961221
cpu,JNU,model_only,Q8-cpu_dynamic,3,88,74.87705699168146
cpu,JNU,model_only,Q8-cpu_dynamic,3,89,77.00424798531458
cpu,JNU,model_only,Q8-cpu_dynamic,3,90,75.22225502179936
cpu,JNU,model_only,Q8-cpu_dynamic,3,91,74.50454100035131
cpu,JNU,model_only,Q8-cpu_dynamic,3,92,74.77362599456683
cpu,JNU,model_only,Q8-cpu_dynamic,3,93,74.9280410236679
cpu,JNU,model_only,Q8-cpu_dynamic,3,94,74.37236001715064
cpu,JNU,model_only,Q8-cpu_dynamic,3,95,74.78416798403487
cpu,JNU,model_only,Q8-cpu_dynamic,3,96,74.98553104232997
cpu,JNU,model_only,Q8-cpu_dynamic,3,97,73.46405601128936
cpu,JNU,model_only,Q8-cpu_dynamic,3,98,75.71970601566136
cpu,JNU,model_only,Q8-cpu_dynamic,3,99,74.68204200267792
cpu,JNU,model_only,Q8-cpu_dynamic,3,100,74.95010696584359
cpu,JNU,model_only,Q8-cpu_dynamic,3,101,74.89205501042306
cpu,JNU,model_only,Q8-cpu_dynamic,3,102,75.93519997317344
cpu,JNU,model_only,Q8-cpu_dynamic,3,103,76.31057797698304
cpu,JNU,model_only,Q8-cpu_dynamic,3,104,75.05239197053015
cpu,JNU,model_only,Q8-cpu_dynamic,3,105,75.29449899448082
cpu,JNU,model_only,Q8-cpu_dynamic,3,106,75.33263898221776
cpu,JNU,model_only,Q8-cpu_dynamic,3,107,76.08857599552721
cpu,JNU,model_only,Q8-cpu_dynamic,3,108,76.08860399341211
cpu,JNU,model_only,Q8-cpu_dynamic,3,109,77.28727802168578
cpu,JNU,model_only,Q8-cpu_dynamic,3,110,76.56953000696376
cpu,JNU,model_only,Q8-cpu_dynamic,3,111,74.70236899098381
cpu,JNU,model_only,Q8-cpu_dynamic,3,112,75.95890201628208
cpu,JNU,model_only,Q8-cpu_dynamic,3,113,75.83301101112738
cpu,JNU,model_only,Q8-cpu_dynamic,3,114,74.82741598505527
cpu,JNU,model_only,Q8-cpu_dynamic,3,115,75.82588697550818
cpu,JNU,model_only,Q8-cpu_dynamic,3,116,76.1353540001437
cpu,JNU,model_only,Q8-cpu_dynamic,3,117,75.90025395620614
cpu,JNU,model_only,Q8-cpu_dynamic,3,118,75.29155496740714
cpu,JNU,model_only,Q8-cpu_dynamic,3,119,76.70659403083846
cpu,JNU,model_only,Q8-cpu_dynamic,3,120,75.85724198725075
cpu,JNU,model_only,Q8-cpu_dynamic,3,121,76.16148301167414
cpu,JNU,model_only,Q8-cpu_dynamic,3,122,75.89111698325723
cpu,JNU,model_only,Q8-cpu_dynamic,3,123,74.94768500328064
cpu,JNU,model_only,Q8-cpu_dynamic,3,124,76.11156400525942
cpu,JNU,model_only,Q8-cpu_dynamic,3,125,74.79753601364791
cpu,JNU,model_only,Q8-cpu_dynamic,3,126,75.8864390081726
cpu,JNU,model_only,Q8-cpu_dynamic,3,127,75.70906402543187
cpu,JNU,model_only,Q8-cpu_dynamic,3,128,74.67242598067969
cpu,JNU,model_only,Q8-cpu_dynamic,3,129,75.33153600525111
cpu,JNU,model_only,Q8-cpu_dynamic,3,130,76.62832096684724
cpu,JNU,model_only,Q8-cpu_dynamic,3,131,75.0088730128482
cpu,JNU,model_only,Q8-cpu_dynamic,3,132,74.38657904276624
cpu,JNU,model_only,Q8-cpu_dynamic,3,133,74.85411397647113
cpu,JNU,model_only,Q8-cpu_dynamic,3,134,74.9583009746857
cpu,JNU,model_only,Q8-cpu_dynamic,3,135,76.30900497315452
cpu,JNU,model_only,Q8-cpu_dynamic,3,136,75.72845200775191
cpu,JNU,model_only,Q8-cpu_dynamic,3,137,74.70222801202908
cpu,JNU,model_only,Q8-cpu_dynamic,3,138,74.9798029428348
cpu,JNU,model_only,Q8-cpu_dynamic,3,139,75.02169598592445
cpu,JNU,model_only,Q8-cpu_dynamic,3,140,75.96669503254816
cpu,JNU,model_only,Q8-cpu_dynamic,3,141,75.75612899381667
cpu,JNU,model_only,Q8-cpu_dynamic,3,142,75.40279399836436
cpu,JNU,model_only,Q8-cpu_dynamic,3,143,75.74699399992824
cpu,JNU,model_only,Q8-cpu_dynamic,3,144,76.18978898972273
cpu,JNU,model_only,Q8-cpu_dynamic,3,145,75.90078399516642
cpu,JNU,model_only,Q8-cpu_dynamic,3,146,75.79276902833953
cpu,JNU,model_only,Q8-cpu_dynamic,3,147,74.74241801537573
cpu,JNU,model_only,Q8-cpu_dynamic,3,148,75.1089199911803
cpu,JNU,model_only,Q8-cpu_dynamic,3,149,75.37011499516666
cpu,JNU,model_only,Q8-cpu_dynamic,3,150,75.94554498791695
cpu,JNU,model_only,Q8-cpu_dynamic,3,151,74.94509499520063
cpu,JNU,model_only,Q8-cpu_dynamic,3,152,76.24726300127804
cpu,JNU,model_only,Q8-cpu_dynamic,3,153,75.89337095851079
cpu,JNU,model_only,Q8-cpu_dynamic,3,154,74.61464003426954
cpu,JNU,model_only,Q8-cpu_dynamic,3,155,74.93007002631202
cpu,JNU,model_only,Q8-cpu_dynamic,3,156,75.69891301682219
cpu,JNU,model_only,Q8-cpu_dynamic,3,157,75.22157003404573
cpu,JNU,model_only,Q8-cpu_dynamic,3,158,75.0607390073128
cpu,JNU,model_only,Q8-cpu_dynamic,3,159,76.74004504224285
cpu,JNU,model_only,Q8-cpu_dynamic,3,160,75.79235499724746
cpu,JNU,model_only,Q8-cpu_dynamic,3,161,75.87074796902016
cpu,JNU,model_only,Q8-cpu_dynamic,3,162,77.0506690023467
cpu,JNU,model_only,Q8-cpu_dynamic,3,163,74.75719205103815
cpu,JNU,model_only,Q8-cpu_dynamic,3,164,75.29221195727587
cpu,JNU,model_only,Q8-cpu_dynamic,3,165,74.95797501178458
cpu,JNU,model_only,Q8-cpu_dynamic,3,166,74.90273501025513
cpu,JNU,model_only,Q8-cpu_dynamic,3,167,76.00947597529739
cpu,JNU,model_only,Q8-cpu_dynamic,3,168,74.7806960134767
cpu,JNU,model_only,Q8-cpu_dynamic,3,169,75.30147599754855
cpu,JNU,model_only,Q8-cpu_dynamic,3,170,75.19822398899123
cpu,JNU,model_only,Q8-cpu_dynamic,3,171,76.43289299448952
cpu,JNU,model_only,Q8-cpu_dynamic,3,172,75.63130999915302
cpu,JNU,model_only,Q8-cpu_dynamic,3,173,75.01910999417305
cpu,JNU,model_only,Q8-cpu_dynamic,3,174,74.99316002940759
cpu,JNU,model_only,Q8-cpu_dynamic,3,175,74.52051300788298
cpu,JNU,model_only,Q8-cpu_dynamic,3,176,75.69729996612296
cpu,JNU,model_only,Q8-cpu_dynamic,3,177,75.71868703234941
cpu,JNU,model_only,Q8-cpu_dynamic,3,178,74.78256296599284
cpu,JNU,model_only,Q8-cpu_dynamic,3,179,76.03033003397286
cpu,JNU,model_only,Q8-cpu_dynamic,3,180,75.78220701543614
cpu,JNU,model_only,Q8-cpu_dynamic,3,181,75.14807599363849
cpu,JNU,model_only,Q8-cpu_dynamic,3,182,75.55016700644046
cpu,JNU,model_only,Q8-cpu_dynamic,3,183,75.2784899668768
cpu,JNU,model_only,Q8-cpu_dynamic,3,184,75.2875639591366
cpu,JNU,model_only,Q8-cpu_dynamic,3,185,75.25529799750075
cpu,JNU,model_only,Q8-cpu_dynamic,3,186,73.35605600383133
cpu,JNU,model_only,Q8-cpu_dynamic,3,187,75.51207399228588
cpu,JNU,model_only,Q8-cpu_dynamic,3,188,76.19336800416932
cpu,JNU,model_only,Q8-cpu_dynamic,3,189,74.84189502429217
cpu,JNU,model_only,Q8-cpu_dynamic,3,190,76.07988599920645
cpu,JNU,model_only,Q8-cpu_dynamic,3,191,74.8149779974483
cpu,JNU,model_only,Q8-cpu_dynamic,3,192,75.92763600405306
cpu,JNU,model_only,Q8-cpu_dynamic,3,193,75.89218695648015
cpu,JNU,model_only,Q8-cpu_dynamic,3,194,74.76801500888541
cpu,JNU,model_only,Q8-cpu_dynamic,3,195,75.96474897582084
cpu,JNU,model_only,Q8-cpu_dynamic,3,196,76.14919601473957
cpu,JNU,model_only,Q8-cpu_dynamic,3,197,77.50668498920277
cpu,JNU,model_only,Q8-cpu_dynamic,3,198,76.06999500421807
cpu,JNU,model_only,Q8-cpu_dynamic,3,199,75.00676595373079
cpu,JNU,model_only,Q8-cpu_dynamic,3,200,76.04796497616917
cpu,JNU,model_only,Q8-cpu_dynamic,3,201,75.98139002220705
cpu,JNU,model_only,Q8-cpu_dynamic,3,202,75.83831599913538
cpu,JNU,model_only,Q8-cpu_dynamic,3,203,74.97326302109286
cpu,JNU,model_only,Q8-cpu_dynamic,3,204,75.03996603190899
cpu,JNU,model_only,Q8-cpu_dynamic,3,205,76.07027399353683
cpu,JNU,model_only,Q8-cpu_dynamic,3,206,74.56504896981642
cpu,JNU,model_only,Q8-cpu_dynamic,3,207,74.98543802648783
cpu,JNU,model_only,Q8-cpu_dynamic,3,208,76.20159303769469
cpu,JNU,model_only,Q8-cpu_dynamic,3,209,75.74631902389228
cpu,JNU,model_only,Q8-cpu_dynamic,3,210,75.40163700468838
cpu,JNU,model_only,Q8-cpu_dynamic,3,211,74.90536099066958
cpu,JNU,model_only,Q8-cpu_dynamic,3,212,76.5189710073173
cpu,JNU,model_only,Q8-cpu_dynamic,3,213,74.8127109836787
cpu,JNU,model_only,Q8-cpu_dynamic,3,214,75.09353896602988
cpu,JNU,model_only,Q8-cpu_dynamic,3,215,76.08793099643663
cpu,JNU,model_only,Q8-cpu_dynamic,3,216,75.23618498817086
cpu,JNU,model_only,Q8-cpu_dynamic,3,217,76.29781001014635
cpu,JNU,model_only,Q8-cpu_dynamic,3,218,74.9213729868643
cpu,JNU,model_only,Q8-cpu_dynamic,3,219,74.90996294654906
cpu,JNU,model_only,Q8-cpu_dynamic,3,220,76.00840198574588
cpu,JNU,model_only,Q8-cpu_dynamic,3,221,75.84406301612034
cpu,JNU,model_only,Q8-cpu_dynamic,3,222,75.26304596103728
cpu,JNU,model_only,Q8-cpu_dynamic,3,223,75.2571169869043
cpu,JNU,model_only,Q8-cpu_dynamic,3,224,76.28082699375227
cpu,JNU,model_only,Q8-cpu_dynamic,3,225,76.56029396457598
cpu,JNU,model_only,Q8-cpu_dynamic,3,226,76.19797094957903
cpu,JNU,model_only,Q8-cpu_dynamic,3,227,74.74392902804539
cpu,JNU,model_only,Q8-cpu_dynamic,3,228,75.05338604096323
cpu,JNU,model_only,Q8-cpu_dynamic,3,229,75.18936798442155
cpu,JNU,model_only,Q8-cpu_dynamic,3,230,75.15280903317034
cpu,JNU,model_only,Q8-cpu_dynamic,3,231,74.97844198951498
cpu,JNU,model_only,Q8-cpu_dynamic,3,232,74.2565339896828
cpu,JNU,model_only,Q8-cpu_dynamic,3,233,75.67607803503051
cpu,JNU,model_only,Q8-cpu_dynamic,3,234,75.86019905284047
cpu,JNU,model_only,Q8-cpu_dynamic,3,235,76.02176902582869
cpu,JNU,model_only,Q8-cpu_dynamic,3,236,76.2781550292857
cpu,JNU,model_only,Q8-cpu_dynamic,3,237,75.01822302583605
cpu,JNU,model_only,Q8-cpu_dynamic,3,238,76.34936098475009
cpu,JNU,model_only,Q8-cpu_dynamic,3,239,74.77092300541699
cpu,JNU,model_only,Q8-cpu_dynamic,3,240,73.91801499761641
cpu,JNU,model_only,Q8-cpu_dynamic,3,241,76.30974700441584
cpu,JNU,model_only,Q8-cpu_dynamic,3,242,75.76356403296813
cpu,JNU,model_only,Q8-cpu_dynamic,3,243,75.89718099916354
cpu,JNU,model_only,Q8-cpu_dynamic,3,244,75.83027199143544
cpu,JNU,model_only,Q8-cpu_dynamic,3,245,75.77623100951314
cpu,JNU,model_only,Q8-cpu_dynamic,3,246,75.71592897875234
cpu,JNU,model_only,Q8-cpu_dynamic,3,247,75.20091300830245
cpu,JNU,model_only,Q8-cpu_dynamic,3,248,75.04348299698904
cpu,JNU,model_only,Q8-cpu_dynamic,3,249,75.59268298791721
cpu,JNU,model_only,K1-FP32,3,0,81.02420199429616
cpu,JNU,model_only,K1-FP32,3,1,80.79976902808994
cpu,JNU,model_only,K1-FP32,3,2,81.17191295605153
cpu,JNU,model_only,K1-FP32,3,3,80.60380403185263
cpu,JNU,model_only,K1-FP32,3,4,80.84348402917385
cpu,JNU,model_only,K1-FP32,3,5,89.06460896832868
cpu,JNU,model_only,K1-FP32,3,6,133.12858901917934
cpu,JNU,model_only,K1-FP32,3,7,130.4062670096755
cpu,JNU,model_only,K1-FP32,3,8,130.307201994583
cpu,JNU,model_only,K1-FP32,3,9,130.92121499357745
cpu,JNU,model_only,K1-FP32,3,10,131.0519860126078
cpu,JNU,model_only,K1-FP32,3,11,130.61761000426486
cpu,JNU,model_only,K1-FP32,3,12,131.55234203441069
cpu,JNU,model_only,K1-FP32,3,13,130.54128701332957
cpu,JNU,model_only,K1-FP32,3,14,130.7473119813949
cpu,JNU,model_only,K1-FP32,3,15,130.4019090021029
cpu,JNU,model_only,K1-FP32,3,16,130.91268698917702
cpu,JNU,model_only,K1-FP32,3,17,130.66089595668018
cpu,JNU,model_only,K1-FP32,3,18,130.62549702590331
cpu,JNU,model_only,K1-FP32,3,19,130.55594899924472
cpu,JNU,model_only,K1-FP32,3,20,130.3618290112354
cpu,JNU,model_only,K1-FP32,3,21,130.40958996862173
cpu,JNU,model_only,K1-FP32,3,22,130.24246401619166
cpu,JNU,model_only,K1-FP32,3,23,130.31124003464356
cpu,JNU,model_only,K1-FP32,3,24,130.71147096343338
cpu,JNU,model_only,K1-FP32,3,25,130.6004969519563
cpu,JNU,model_only,K1-FP32,3,26,130.62038295902312
cpu,JNU,model_only,K1-FP32,3,27,130.91391598572955
cpu,JNU,model_only,K1-FP32,3,28,130.7036160142161
cpu,JNU,model_only,K1-FP32,3,29,130.64382201991975
cpu,JNU,model_only,K1-FP32,3,30,126.38507998781279
cpu,JNU,model_only,K1-FP32,3,31,130.78547798795626
cpu,JNU,model_only,K1-FP32,3,32,103.81700500147417
cpu,JNU,model_only,K1-FP32,3,33,131.41080597415566
cpu,JNU,model_only,K1-FP32,3,34,130.74067601701245
cpu,JNU,model_only,K1-FP32,3,35,130.51885197637603
cpu,JNU,model_only,K1-FP32,3,36,130.70411700755358
cpu,JNU,model_only,K1-FP32,3,37,129.94207598967478
cpu,JNU,model_only,K1-FP32,3,38,130.39768498856574
cpu,JNU,model_only,K1-FP32,3,39,130.5992939742282
cpu,JNU,model_only,K1-FP32,3,40,130.79683599062264
cpu,JNU,model_only,K1-FP32,3,41,130.43354399269447
cpu,JNU,model_only,K1-FP32,3,42,130.9793279506266
cpu,JNU,model_only,K1-FP32,3,43,130.77584700658917
cpu,JNU,model_only,K1-FP32,3,44,130.46728499466553
cpu,JNU,model_only,K1-FP32,3,45,130.596544011496
cpu,JNU,model_only,K1-FP32,3,46,130.64199400832877
cpu,JNU,model_only,K1-FP32,3,47,130.6257940013893
cpu,JNU,model_only,K1-FP32,3,48,131.00234797457233
cpu,JNU,model_only,K1-FP32,3,49,131.10136101022363
cpu,JNU,model_only,K1-FP32,3,50,130.38519298424944
cpu,JNU,model_only,K1-FP32,3,51,130.5580050102435
cpu,JNU,model_only,K1-FP32,3,52,130.45013998635113
cpu,JNU,model_only,K1-FP32,3,53,129.6192670124583
cpu,JNU,model_only,K1-FP32,3,54,129.17259603273124
cpu,JNU,model_only,K1-FP32,3,55,115.79484498361126
cpu,JNU,model_only,K1-FP32,3,56,80.53466997807845
cpu,JNU,model_only,K1-FP32,3,57,80.33043897012249
cpu,JNU,model_only,K1-FP32,3,58,86.5017730393447
cpu,JNU,model_only,K1-FP32,3,59,120.33472600160167
cpu,JNU,model_only,K1-FP32,3,60,121.41482502920553
cpu,JNU,model_only,K1-FP32,3,61,122.74833000265062
cpu,JNU,model_only,K1-FP32,3,62,130.18504402134567
cpu,JNU,model_only,K1-FP32,3,63,125.89210900478065
cpu,JNU,model_only,K1-FP32,3,64,102.71303897025064
cpu,JNU,model_only,K1-FP32,3,65,131.25863001914695
cpu,JNU,model_only,K1-FP32,3,66,130.1899459795095
cpu,JNU,model_only,K1-FP32,3,67,130.03655802458525
cpu,JNU,model_only,K1-FP32,3,68,131.91673503024504
cpu,JNU,model_only,K1-FP32,3,69,130.27163804508746
cpu,JNU,model_only,K1-FP32,3,70,130.3452589781955
cpu,JNU,model_only,K1-FP32,3,71,130.12149499263614
cpu,JNU,model_only,K1-FP32,3,72,130.60237700119615
cpu,JNU,model_only,K1-FP32,3,73,131.61239097826183
cpu,JNU,model_only,K1-FP32,3,74,130.54204499348998
cpu,JNU,model_only,K1-FP32,3,75,130.35173900425434
cpu,JNU,model_only,K1-FP32,3,76,131.80473004467785
cpu,JNU,model_only,K1-FP32,3,77,130.15927001833916
cpu,JNU,model_only,K1-FP32,3,78,130.0412149867043
cpu,JNU,model_only,K1-FP32,3,79,130.11070800712332
cpu,JNU,model_only,K1-FP32,3,80,130.2508590160869
cpu,JNU,model_only,K1-FP32,3,81,129.7800590400584
cpu,JNU,model_only,K1-FP32,3,82,130.3585940040648
cpu,JNU,model_only,K1-FP32,3,83,130.02764602424577
cpu,JNU,model_only,K1-FP32,3,84,130.21312898490578
cpu,JNU,model_only,K1-FP32,3,85,130.72838605148718
cpu,JNU,model_only,K1-FP32,3,86,130.22277096752077
cpu,JNU,model_only,K1-FP32,3,87,130.20049105398357
cpu,JNU,model_only,K1-FP32,3,88,130.711285979487
cpu,JNU,model_only,K1-FP32,3,89,129.99597698217258
cpu,JNU,model_only,K1-FP32,3,90,130.47944399295375
cpu,JNU,model_only,K1-FP32,3,91,130.26130001526326
cpu,JNU,model_only,K1-FP32,3,92,130.35198400029913
cpu,JNU,model_only,K1-FP32,3,93,129.67073800973594
cpu,JNU,model_only,K1-FP32,3,94,130.29574399115518
cpu,JNU,model_only,K1-FP32,3,95,125.98583300132304
cpu,JNU,model_only,K1-FP32,3,96,103.332758997567
cpu,JNU,model_only,K1-FP32,3,97,130.77307702042162
cpu,JNU,model_only,K1-FP32,3,98,130.31984504777938
cpu,JNU,model_only,K1-FP32,3,99,129.93783201090991
cpu,JNU,model_only,K1-FP32,3,100,129.1661899886094
cpu,JNU,model_only,K1-FP32,3,101,130.1842299872078
cpu,JNU,model_only,K1-FP32,3,102,130.25518896756694
cpu,JNU,model_only,K1-FP32,3,103,130.4887929582037
cpu,JNU,model_only,K1-FP32,3,104,130.07645099423826
cpu,JNU,model_only,K1-FP32,3,105,129.535918997135
cpu,JNU,model_only,K1-FP32,3,106,130.42441103607416
cpu,JNU,model_only,K1-FP32,3,107,130.33029402140528
cpu,JNU,model_only,K1-FP32,3,108,130.08596003055573
cpu,JNU,model_only,K1-FP32,3,109,129.73637197865173
cpu,JNU,model_only,K1-FP32,3,110,130.29865501448512
cpu,JNU,model_only,K1-FP32,3,111,130.7350110146217
cpu,JNU,model_only,K1-FP32,3,112,130.430681980215
cpu,JNU,model_only,K1-FP32,3,113,130.81904395949095
cpu,JNU,model_only,K1-FP32,3,114,130.20290102576837
cpu,JNU,model_only,K1-FP32,3,115,130.08193200221285
cpu,JNU,model_only,K1-FP32,3,116,130.16826898092404
cpu,JNU,model_only,K1-FP32,3,117,129.96673997258767
cpu,JNU,model_only,K1-FP32,3,118,130.57843799469993
cpu,JNU,model_only,K1-FP32,3,119,131.15748896962032
cpu,JNU,model_only,K1-FP32,3,120,129.92633297108114
cpu,JNU,model_only,K1-FP32,3,121,130.5990280234255
cpu,JNU,model_only,K1-FP32,3,122,130.39754005149007
cpu,JNU,model_only,K1-FP32,3,123,129.94030298432335
cpu,JNU,model_only,K1-FP32,3,124,130.0668059848249
cpu,JNU,model_only,K1-FP32,3,125,129.92680800380185
cpu,JNU,model_only,K1-FP32,3,126,130.6911670253612
cpu,JNU,model_only,K1-FP32,3,127,130.84127299953252
cpu,JNU,model_only,K1-FP32,3,128,128.8664590101689
cpu,JNU,model_only,K1-FP32,3,129,120.96487602684647
cpu,JNU,model_only,K1-FP32,3,130,122.4063029512763
cpu,JNU,model_only,K1-FP32,3,131,131.10060204053298
cpu,JNU,model_only,K1-FP32,3,132,130.19720005104318
cpu,JNU,model_only,K1-FP32,3,133,130.93151501379907
cpu,JNU,model_only,K1-FP32,3,134,131.53361901640892
cpu,JNU,model_only,K1-FP32,3,135,131.62132201250643
cpu,JNU,model_only,K1-FP32,3,136,130.78903302084655
cpu,JNU,model_only,K1-FP32,3,137,130.15479798195884
cpu,JNU,model_only,K1-FP32,3,138,130.14645501971245
cpu,JNU,model_only,K1-FP32,3,139,130.01397100742906
cpu,JNU,model_only,K1-FP32,3,140,130.00642601400614
cpu,JNU,model_only,K1-FP32,3,141,130.40969899157062
cpu,JNU,model_only,K1-FP32,3,142,130.2765539730899
cpu,JNU,model_only,K1-FP32,3,143,130.23313198937103
cpu,JNU,model_only,K1-FP32,3,144,130.51752198953182
cpu,JNU,model_only,K1-FP32,3,145,129.53826901502907
cpu,JNU,model_only,K1-FP32,3,146,130.00634202035144
cpu,JNU,model_only,K1-FP32,3,147,131.03003898868337
cpu,JNU,model_only,K1-FP32,3,148,125.55286195129156
cpu,JNU,model_only,K1-FP32,3,149,103.70273399166763
cpu,JNU,model_only,K1-FP32,3,150,130.7235470158048
cpu,JNU,model_only,K1-FP32,3,151,125.76786300633103
cpu,JNU,model_only,K1-FP32,3,152,135.29989804374054
cpu,JNU,model_only,K1-FP32,3,153,130.22966997232288
cpu,JNU,model_only,K1-FP32,3,154,129.8751540016383
cpu,JNU,model_only,K1-FP32,3,155,129.8304009833373
cpu,JNU,model_only,K1-FP32,3,156,130.04216802073643
cpu,JNU,model_only,K1-FP32,3,157,130.2782010170631
cpu,JNU,model_only,K1-FP32,3,158,130.12578198686242
cpu,JNU,model_only,K1-FP32,3,159,130.233428964857
cpu,JNU,model_only,K1-FP32,3,160,129.78343502618372
cpu,JNU,model_only,K1-FP32,3,161,129.9998649628833
cpu,JNU,model_only,K1-FP32,3,162,128.86938301380724
cpu,JNU,model_only,K1-FP32,3,163,129.99129499075934
cpu,JNU,model_only,K1-FP32,3,164,130.03596605267376
cpu,JNU,model_only,K1-FP32,3,165,130.2959939930588
cpu,JNU,model_only,K1-FP32,3,166,130.46189298620448
cpu,JNU,model_only,K1-FP32,3,167,130.15130901476368
cpu,JNU,model_only,K1-FP32,3,168,130.01204997999594
cpu,JNU,model_only,K1-FP32,3,169,130.1005999557674
cpu,JNU,model_only,K1-FP32,3,170,130.06827799836174
cpu,JNU,model_only,K1-FP32,3,171,129.9392269575037
cpu,JNU,model_only,K1-FP32,3,172,130.43792598182335
cpu,JNU,model_only,K1-FP32,3,173,130.35541301360354
cpu,JNU,model_only,K1-FP32,3,174,130.61000703601167
cpu,JNU,model_only,K1-FP32,3,175,130.65439299680293
cpu,JNU,model_only,K1-FP32,3,176,130.11136697605252
cpu,JNU,model_only,K1-FP32,3,177,130.0705230096355
cpu,JNU,model_only,K1-FP32,3,178,130.2859970019199
cpu,JNU,model_only,K1-FP32,3,179,129.95838100323454
cpu,JNU,model_only,K1-FP32,3,180,130.42038399726152
cpu,JNU,model_only,K1-FP32,3,181,129.39671595813707
cpu,JNU,model_only,K1-FP32,3,182,125.91725104721263
cpu,JNU,model_only,K1-FP32,3,183,103.9854260161519
cpu,JNU,model_only,K1-FP32,3,184,130.7504569995217
cpu,JNU,model_only,K1-FP32,3,185,130.04638999700546
cpu,JNU,model_only,K1-FP32,3,186,130.24371798383072
cpu,JNU,model_only,K1-FP32,3,187,130.14850404579192
cpu,JNU,model_only,K1-FP32,3,188,130.5988430394791
cpu,JNU,model_only,K1-FP32,3,189,130.49997499911115
cpu,JNU,model_only,K1-FP32,3,190,130.20490197231993
cpu,JNU,model_only,K1-FP32,3,191,130.05297200288624
cpu,JNU,model_only,K1-FP32,3,192,129.92209597723559
cpu,JNU,model_only,K1-FP32,3,193,130.098331021145
cpu,JNU,model_only,K1-FP32,3,194,129.8586880438961
cpu,JNU,model_only,K1-FP32,3,195,129.83710796106607
cpu,JNU,model_only,K1-FP32,3,196,130.4829730070196
cpu,JNU,model_only,K1-FP32,3,197,130.25764399208128
cpu,JNU,model_only,K1-FP32,3,198,130.52624301053584
cpu,JNU,model_only,K1-FP32,3,199,130.4109439952299
cpu,JNU,model_only,K1-FP32,3,200,130.14348497381434
cpu,JNU,model_only,K1-FP32,3,201,130.06291404599324
cpu,JNU,model_only,K1-FP32,3,202,129.9192609731108
cpu,JNU,model_only,K1-FP32,3,203,130.27415500255302
cpu,JNU,model_only,K1-FP32,3,204,131.2910090200603
cpu,JNU,model_only,K1-FP32,3,205,130.22081600502133
cpu,JNU,model_only,K1-FP32,3,206,130.29702502535656
cpu,JNU,model_only,K1-FP32,3,207,130.07774500874802
cpu,JNU,model_only,K1-FP32,3,208,129.90901299053803
cpu,JNU,model_only,K1-FP32,3,209,129.90865699248388
cpu,JNU,model_only,K1-FP32,3,210,129.63669502642006
cpu,JNU,model_only,K1-FP32,3,211,130.467114970088
cpu,JNU,model_only,K1-FP32,3,212,125.98707899451256
cpu,JNU,model_only,K1-FP32,3,213,103.89340401161462
cpu,JNU,model_only,K1-FP32,3,214,130.57972601382062
cpu,JNU,model_only,K1-FP32,3,215,130.30818500556052
cpu,JNU,model_only,K1-FP32,3,216,130.28463296359405
cpu,JNU,model_only,K1-FP32,3,217,130.1630850066431
cpu,JNU,model_only,K1-FP32,3,218,130.3062760271132
cpu,JNU,model_only,K1-FP32,3,219,130.35712199052796
cpu,JNU,model_only,K1-FP32,3,220,130.8586240047589
cpu,JNU,model_only,K1-FP32,3,221,131.27952005015686
cpu,JNU,model_only,K1-FP32,3,222,130.79752796329558
cpu,JNU,model_only,K1-FP32,3,223,130.3784049814567
cpu,JNU,model_only,K1-FP32,3,224,129.98219102155417
cpu,JNU,model_only,K1-FP32,3,225,129.90287702996284
cpu,JNU,model_only,K1-FP32,3,226,130.8083690237254
cpu,JNU,model_only,K1-FP32,3,227,130.3910170099698
cpu,JNU,model_only,K1-FP32,3,228,130.23336697369814
cpu,JNU,model_only,K1-FP32,3,229,130.4213019902818
cpu,JNU,model_only,K1-FP32,3,230,131.09584001358598
cpu,JNU,model_only,K1-FP32,3,231,131.20395399164408
cpu,JNU,model_only,K1-FP32,3,232,130.19757100846618
cpu,JNU,model_only,K1-FP32,3,233,130.04086801083758
cpu,JNU,model_only,K1-FP32,3,234,130.2458550198935
cpu,JNU,model_only,K1-FP32,3,235,130.1016400102526
cpu,JNU,model_only,K1-FP32,3,236,130.22697198903188
cpu,JNU,model_only,K1-FP32,3,237,129.90013003582135
cpu,JNU,model_only,K1-FP32,3,238,130.1999079878442
cpu,JNU,model_only,K1-FP32,3,239,129.84190898714587
cpu,JNU,model_only,K1-FP32,3,240,130.20972901722416
cpu,JNU,model_only,K1-FP32,3,241,129.8491699853912
cpu,JNU,model_only,K1-FP32,3,242,130.22971100872383
cpu,JNU,model_only,K1-FP32,3,243,130.16941596288234
cpu,JNU,model_only,K1-FP32,3,244,129.9918539589271
cpu,JNU,model_only,K1-FP32,3,245,130.42694400064647
cpu,JNU,model_only,K1-FP32,3,246,130.3933190065436
cpu,JNU,model_only,K1-FP32,3,247,128.79503099247813
cpu,JNU,model_only,K1-FP32,3,248,120.57168298633769
cpu,JNU,model_only,K1-FP32,3,249,120.84183399565518
cpu,JNU,end_to_end,K1-FP32,0,0,132.9582409816794
cpu,JNU,end_to_end,K1-FP32,0,1,134.023443039041
cpu,JNU,end_to_end,K1-FP32,0,2,133.37691099150106
cpu,JNU,end_to_end,K1-FP32,0,3,133.89264099532738
cpu,JNU,end_to_end,K1-FP32,0,4,132.03134998911992
cpu,JNU,end_to_end,K1-FP32,0,5,133.78850097069517
cpu,JNU,end_to_end,K1-FP32,0,6,133.68069101125002
cpu,JNU,end_to_end,K1-FP32,0,7,133.37695697555318
cpu,JNU,end_to_end,K1-FP32,0,8,132.1520089986734
cpu,JNU,end_to_end,K1-FP32,0,9,134.10793198272586
cpu,JNU,end_to_end,K1-FP32,0,10,133.93547001760453
cpu,JNU,end_to_end,K1-FP32,0,11,133.74292600201443
cpu,JNU,end_to_end,K1-FP32,0,12,132.79487699037418
cpu,JNU,end_to_end,K1-FP32,0,13,133.82669998100027
cpu,JNU,end_to_end,K1-FP32,0,14,133.44028202118352
cpu,JNU,end_to_end,K1-FP32,0,15,129.03795501915738
cpu,JNU,end_to_end,K1-FP32,0,16,105.22690595826134
cpu,JNU,end_to_end,K1-FP32,0,17,134.26331902155653
cpu,JNU,end_to_end,K1-FP32,0,18,134.18080401606858
cpu,JNU,end_to_end,K1-FP32,0,19,134.05768998200074
cpu,JNU,end_to_end,K1-FP32,0,20,133.79016699036583
cpu,JNU,end_to_end,K1-FP32,0,21,133.998244011309
cpu,JNU,end_to_end,K1-FP32,0,22,134.03360097436234
cpu,JNU,end_to_end,K1-FP32,0,23,133.80200997926295
cpu,JNU,end_to_end,K1-FP32,0,24,133.805951976683
cpu,JNU,end_to_end,K1-FP32,0,25,134.2946689692326
cpu,JNU,end_to_end,K1-FP32,0,26,135.24261896964163
cpu,JNU,end_to_end,K1-FP32,0,27,126.59393501235172
cpu,JNU,end_to_end,K1-FP32,0,28,123.79158398834988
cpu,JNU,end_to_end,K1-FP32,0,29,123.54388501262292
cpu,JNU,end_to_end,K1-FP32,0,30,124.10915800137445
cpu,JNU,end_to_end,K1-FP32,0,31,123.21979802800342
cpu,JNU,end_to_end,K1-FP32,0,32,123.65512701217085
cpu,JNU,end_to_end,K1-FP32,0,33,124.90289198467508
cpu,JNU,end_to_end,K1-FP32,0,34,134.96413797838613
cpu,JNU,end_to_end,K1-FP32,0,35,134.13586805108935
cpu,JNU,end_to_end,K1-FP32,0,36,133.1100589595735
cpu,JNU,end_to_end,K1-FP32,0,37,132.7777049737051
cpu,JNU,end_to_end,K1-FP32,0,38,132.81862303847447
cpu,JNU,end_to_end,K1-FP32,0,39,131.74002501182258
cpu,JNU,end_to_end,K1-FP32,0,40,132.94656900689006
cpu,JNU,end_to_end,K1-FP32,0,41,132.89964897558093
cpu,JNU,end_to_end,K1-FP32,0,42,133.12193402089179
cpu,JNU,end_to_end,K1-FP32,0,43,133.05290997959673
cpu,JNU,end_to_end,K1-FP32,0,44,133.17106303293258
cpu,JNU,end_to_end,K1-FP32,0,45,133.17940500564873
cpu,JNU,end_to_end,K1-FP32,0,46,133.81627202033997
cpu,JNU,end_to_end,K1-FP32,0,47,134.11171198822558
cpu,JNU,end_to_end,K1-FP32,0,48,133.07985401479527
cpu,JNU,end_to_end,K1-FP32,0,49,132.94247398152947
cpu,JNU,end_to_end,K1-FP32,0,50,130.1486169686541
cpu,JNU,end_to_end,K1-FP32,0,51,130.7499129907228
cpu,JNU,end_to_end,K1-FP32,0,52,130.4950179765001
cpu,JNU,end_to_end,K1-FP32,0,53,130.2921089809388
cpu,JNU,end_to_end,K1-FP32,0,54,130.75198099249974
cpu,JNU,end_to_end,K1-FP32,0,55,130.7099699624814
cpu,JNU,end_to_end,K1-FP32,0,56,131.69717497657984
cpu,JNU,end_to_end,K1-FP32,0,57,131.41080201603472
cpu,JNU,end_to_end,K1-FP32,0,58,132.58859899360687
cpu,JNU,end_to_end,K1-FP32,0,59,131.25179201597348
cpu,JNU,end_to_end,K1-FP32,0,60,131.33061799453571
cpu,JNU,end_to_end,K1-FP32,0,61,131.19126099627465
cpu,JNU,end_to_end,K1-FP32,0,62,131.24025601428002
cpu,JNU,end_to_end,K1-FP32,0,63,131.42047298606485
cpu,JNU,end_to_end,K1-FP32,0,64,132.05583504168317
cpu,JNU,end_to_end,K1-FP32,0,65,131.37424300657585
cpu,JNU,end_to_end,K1-FP32,0,66,131.63901900406927
cpu,JNU,end_to_end,K1-FP32,0,67,130.99078903906047
cpu,JNU,end_to_end,K1-FP32,0,68,130.9814479900524
cpu,JNU,end_to_end,K1-FP32,0,69,131.27038098173216
cpu,JNU,end_to_end,K1-FP32,0,70,131.29770901286975
cpu,JNU,end_to_end,K1-FP32,0,71,131.48366898531094
cpu,JNU,end_to_end,K1-FP32,0,72,131.00445497548208
cpu,JNU,end_to_end,K1-FP32,0,73,135.1159789483063
cpu,JNU,end_to_end,K1-FP32,0,74,134.68364800792187
cpu,JNU,end_to_end,K1-FP32,0,75,134.61344398092479
cpu,JNU,end_to_end,K1-FP32,0,76,134.4442149857059
cpu,JNU,end_to_end,K1-FP32,0,77,135.4834820376709
cpu,JNU,end_to_end,K1-FP32,0,78,134.7093299846165
cpu,JNU,end_to_end,K1-FP32,0,79,135.90907800244167
cpu,JNU,end_to_end,K1-FP32,0,80,134.69172903569415
cpu,JNU,end_to_end,K1-FP32,0,81,134.93500900221989
cpu,JNU,end_to_end,K1-FP32,0,82,134.78712196229026
cpu,JNU,end_to_end,K1-FP32,0,83,134.66582499677315
cpu,JNU,end_to_end,K1-FP32,0,84,132.60106497909874
cpu,JNU,end_to_end,K1-FP32,0,85,123.16516402643174
cpu,JNU,end_to_end,K1-FP32,0,86,125.34938898170367
cpu,JNU,end_to_end,K1-FP32,0,87,134.39930701861158
cpu,JNU,end_to_end,K1-FP32,0,88,134.5439039869234
cpu,JNU,end_to_end,K1-FP32,0,89,134.3622740241699
cpu,JNU,end_to_end,K1-FP32,0,90,125.30300300568342
cpu,JNU,end_to_end,K1-FP32,0,91,122.5222049979493
cpu,JNU,end_to_end,K1-FP32,0,92,105.94299796503037
cpu,JNU,end_to_end,K1-FP32,0,93,135.2026910171844
cpu,JNU,end_to_end,K1-FP32,0,94,134.83179302420467
cpu,JNU,end_to_end,K1-FP32,0,95,135.41130896192044
cpu,JNU,end_to_end,K1-FP32,0,96,135.00814203871414
cpu,JNU,end_to_end,K1-FP32,0,97,136.44412398571149
cpu,JNU,end_to_end,K1-FP32,0,98,134.74529498489574
cpu,JNU,end_to_end,K1-FP32,0,99,136.02072204230353
cpu,JNU,end_to_end,K1-FP32,0,100,135.03003999358043
cpu,JNU,end_to_end,K1-FP32,0,101,136.60933397477493
cpu,JNU,end_to_end,K1-FP32,0,102,135.6440499657765
cpu,JNU,end_to_end,K1-FP32,0,103,136.07103197136894
cpu,JNU,end_to_end,K1-FP32,0,104,135.88999101193622
cpu,JNU,end_to_end,K1-FP32,0,105,131.46980601595715
cpu,JNU,end_to_end,K1-FP32,0,106,106.7963779787533
cpu,JNU,end_to_end,K1-FP32,0,107,136.16301299771294
cpu,JNU,end_to_end,K1-FP32,0,108,137.1677209972404
cpu,JNU,end_to_end,K1-FP32,0,109,136.62704499438405
cpu,JNU,end_to_end,K1-FP32,0,110,136.84681901941076
cpu,JNU,end_to_end,K1-FP32,0,111,136.74054096918553
cpu,JNU,end_to_end,K1-FP32,0,112,135.7574769644998
cpu,JNU,end_to_end,K1-FP32,0,113,135.70867100497708
cpu,JNU,end_to_end,K1-FP32,0,114,135.45416697161272
cpu,JNU,end_to_end,K1-FP32,0,115,135.3150620125234
cpu,JNU,end_to_end,K1-FP32,0,116,135.93938504345715
cpu,JNU,end_to_end,K1-FP32,0,117,135.5654569924809
cpu,JNU,end_to_end,K1-FP32,0,118,136.6177439922467
cpu,JNU,end_to_end,K1-FP32,0,119,135.95533202169463
cpu,JNU,end_to_end,K1-FP32,0,120,135.5627520242706
cpu,JNU,end_to_end,K1-FP32,0,121,136.03787997271866
cpu,JNU,end_to_end,K1-FP32,0,122,135.58101799571887
cpu,JNU,end_to_end,K1-FP32,0,123,136.12924702465534
cpu,JNU,end_to_end,K1-FP32,0,124,136.14303397480398
cpu,JNU,end_to_end,K1-FP32,0,125,136.3174900179729
cpu,JNU,end_to_end,K1-FP32,0,126,136.47367001976818
cpu,JNU,end_to_end,K1-FP32,0,127,136.16688403999433
cpu,JNU,end_to_end,K1-FP32,0,128,135.76239004032686
cpu,JNU,end_to_end,K1-FP32,0,129,136.7584800464101
cpu,JNU,end_to_end,K1-FP32,0,130,136.87964604469016
cpu,JNU,end_to_end,K1-FP32,0,131,136.2974249641411
cpu,JNU,end_to_end,K1-FP32,0,132,136.1300449934788
cpu,JNU,end_to_end,K1-FP32,0,133,137.08335696719587
cpu,JNU,end_to_end,K1-FP32,0,134,132.34423397807404
cpu,JNU,end_to_end,K1-FP32,0,135,100.71763704763725
cpu,JNU,end_to_end,K1-FP32,0,136,100.91239801840857
cpu,JNU,end_to_end,K1-FP32,0,137,100.81542900297791
cpu,JNU,end_to_end,K1-FP32,0,138,105.58311000932008
cpu,JNU,end_to_end,K1-FP32,0,139,136.63105998421088
cpu,JNU,end_to_end,K1-FP32,0,140,137.17594399349764
cpu,JNU,end_to_end,K1-FP32,0,141,136.09140797052532
cpu,JNU,end_to_end,K1-FP32,0,142,136.61573198623955
cpu,JNU,end_to_end,K1-FP32,0,143,135.30646899016574
cpu,JNU,end_to_end,K1-FP32,0,144,124.7705839923583
cpu,JNU,end_to_end,K1-FP32,0,145,124.02550003025681
cpu,JNU,end_to_end,K1-FP32,0,146,124.32709598215297
cpu,JNU,end_to_end,K1-FP32,0,147,123.81614896003157
cpu,JNU,end_to_end,K1-FP32,0,148,123.66613099584356
cpu,JNU,end_to_end,K1-FP32,0,149,123.8241929677315
cpu,JNU,end_to_end,K1-FP32,0,150,123.79551999038085
cpu,JNU,end_to_end,K1-FP32,0,151,125.11342100333422
cpu,JNU,end_to_end,K1-FP32,0,152,124.18752099620178
cpu,JNU,end_to_end,K1-FP32,0,153,123.79787699319422
cpu,JNU,end_to_end,K1-FP32,0,154,124.2709569633007
cpu,JNU,end_to_end,K1-FP32,0,155,124.69855800736696
cpu,JNU,end_to_end,K1-FP32,0,156,127.01640196610242
cpu,JNU,end_to_end,K1-FP32,0,157,136.21181499911472
cpu,JNU,end_to_end,K1-FP32,0,158,136.74702699063346
cpu,JNU,end_to_end,K1-FP32,0,159,136.28919702023268
cpu,JNU,end_to_end,K1-FP32,0,160,136.18955301353708
cpu,JNU,end_to_end,K1-FP32,0,161,135.95928199356422
cpu,JNU,end_to_end,K1-FP32,0,162,136.3873559748754
cpu,JNU,end_to_end,K1-FP32,0,163,136.6914680111222
cpu,JNU,end_to_end,K1-FP32,0,164,136.45877095405012
cpu,JNU,end_to_end,K1-FP32,0,165,136.39360503293574
cpu,JNU,end_to_end,K1-FP32,0,166,136.427742021624
cpu,JNU,end_to_end,K1-FP32,0,167,136.26695395214483
cpu,JNU,end_to_end,K1-FP32,0,168,137.4066150165163
cpu,JNU,end_to_end,K1-FP32,0,169,136.5192619850859
cpu,JNU,end_to_end,K1-FP32,0,170,137.213890964631
cpu,JNU,end_to_end,K1-FP32,0,171,137.431334995199
cpu,JNU,end_to_end,K1-FP32,0,172,136.36270398274064
cpu,JNU,end_to_end,K1-FP32,0,173,137.6048680394888
cpu,JNU,end_to_end,K1-FP32,0,174,136.68485800735652
cpu,JNU,end_to_end,K1-FP32,0,175,136.57665601931512
cpu,JNU,end_to_end,K1-FP32,0,176,136.8828440317884
cpu,JNU,end_to_end,K1-FP32,0,177,136.63492200430483
cpu,JNU,end_to_end,K1-FP32,0,178,136.80015300633386
cpu,JNU,end_to_end,K1-FP32,0,179,136.75047096330673
cpu,JNU,end_to_end,K1-FP32,0,180,137.0457400334999
cpu,JNU,end_to_end,K1-FP32,0,181,136.59329601796344
cpu,JNU,end_to_end,K1-FP32,0,182,136.40905398642644
cpu,JNU,end_to_end,K1-FP32,0,183,136.3627670216374
cpu,JNU,end_to_end,K1-FP32,0,184,136.50858303299174
cpu,JNU,end_to_end,K1-FP32,0,185,136.93576195510104
cpu,JNU,end_to_end,K1-FP32,0,186,136.47145603317767
cpu,JNU,end_to_end,K1-FP32,0,187,136.7680620169267
cpu,JNU,end_to_end,K1-FP32,0,188,136.76998601295054
cpu,JNU,end_to_end,K1-FP32,0,189,136.52960199397057
cpu,JNU,end_to_end,K1-FP32,0,190,136.4483720390126
cpu,JNU,end_to_end,K1-FP32,0,191,136.6581399925053
cpu,JNU,end_to_end,K1-FP32,0,192,137.4265699996613
cpu,JNU,end_to_end,K1-FP32,0,193,136.54316996689886
cpu,JNU,end_to_end,K1-FP32,0,194,136.38069498119876
cpu,JNU,end_to_end,K1-FP32,0,195,136.8617470143363
cpu,JNU,end_to_end,K1-FP32,0,196,136.36817201040685
cpu,JNU,end_to_end,K1-FP32,0,197,136.32972800405696
cpu,JNU,end_to_end,K1-FP32,0,198,136.9621740304865
cpu,JNU,end_to_end,K1-FP32,0,199,136.70650799758732
cpu,JNU,end_to_end,K1-FP32,0,200,136.77030499093235
cpu,JNU,end_to_end,K1-FP32,0,201,136.3783489796333
cpu,JNU,end_to_end,K1-FP32,0,202,137.08812702680007
cpu,JNU,end_to_end,K1-FP32,0,203,137.25119305308908
cpu,JNU,end_to_end,K1-FP32,0,204,136.89774699741974
cpu,JNU,end_to_end,K1-FP32,0,205,136.70192495919764
cpu,JNU,end_to_end,K1-FP32,0,206,137.3651489848271
cpu,JNU,end_to_end,K1-FP32,0,207,136.77621801616624
cpu,JNU,end_to_end,K1-FP32,0,208,136.98927202494815
cpu,JNU,end_to_end,K1-FP32,0,209,136.63437002105638
cpu,JNU,end_to_end,K1-FP32,0,210,136.71004300704226
cpu,JNU,end_to_end,K1-FP32,0,211,163.06591901229694
cpu,JNU,end_to_end,K1-FP32,0,212,136.82350399903953
cpu,JNU,end_to_end,K1-FP32,0,213,137.01118901371956
cpu,JNU,end_to_end,K1-FP32,0,214,136.84160402044654
cpu,JNU,end_to_end,K1-FP32,0,215,136.85626699589193
cpu,JNU,end_to_end,K1-FP32,0,216,132.39752303343266
cpu,JNU,end_to_end,K1-FP32,0,217,142.4897140241228
cpu,JNU,end_to_end,K1-FP32,0,218,136.9415649678558
cpu,JNU,end_to_end,K1-FP32,0,219,136.737392982468
cpu,JNU,end_to_end,K1-FP32,0,220,137.63914600713179
cpu,JNU,end_to_end,K1-FP32,0,221,137.074013997335
cpu,JNU,end_to_end,K1-FP32,0,222,137.04751600744203
cpu,JNU,end_to_end,K1-FP32,0,223,136.80234097409993
cpu,JNU,end_to_end,K1-FP32,0,224,137.05625000875443
cpu,JNU,end_to_end,K1-FP32,0,225,137.16544903581962
cpu,JNU,end_to_end,K1-FP32,0,226,137.6498530153185
cpu,JNU,end_to_end,K1-FP32,0,227,137.5106240157038
cpu,JNU,end_to_end,K1-FP32,0,228,137.9957899916917
cpu,JNU,end_to_end,K1-FP32,0,229,137.20748003106564
cpu,JNU,end_to_end,K1-FP32,0,230,136.92928402451798
cpu,JNU,end_to_end,K1-FP32,0,231,137.43430003523827
cpu,JNU,end_to_end,K1-FP32,0,232,137.06052297493443
cpu,JNU,end_to_end,K1-FP32,0,233,137.0460749603808
cpu,JNU,end_to_end,K1-FP32,0,234,136.81582297431305
cpu,JNU,end_to_end,K1-FP32,0,235,137.11720798164606
cpu,JNU,end_to_end,K1-FP32,0,236,137.48458703048527
cpu,JNU,end_to_end,K1-FP32,0,237,132.1292080101557
cpu,JNU,end_to_end,K1-FP32,0,238,107.74549300549552
cpu,JNU,end_to_end,K1-FP32,0,239,138.31358001334593
cpu,JNU,end_to_end,K1-FP32,0,240,137.13438203558326
cpu,JNU,end_to_end,K1-FP32,0,241,136.90992904594168
cpu,JNU,end_to_end,K1-FP32,0,242,137.56581401685253
cpu,JNU,end_to_end,K1-FP32,0,243,137.20977900084108
cpu,JNU,end_to_end,K1-FP32,0,244,136.97661698097363
cpu,JNU,end_to_end,K1-FP32,0,245,136.77269197069108
cpu,JNU,end_to_end,K1-FP32,0,246,137.2942429734394
cpu,JNU,end_to_end,K1-FP32,0,247,137.06031499896199
cpu,JNU,end_to_end,K1-FP32,0,248,137.18336500460282
cpu,JNU,end_to_end,K1-FP32,0,249,137.37760798539966
cpu,JNU,end_to_end,Q8-cpu_dynamic,0,0,131.3421310042031
cpu,JNU,end_to_end,Q8-cpu_dynamic,0,1,131.04600796941668
cpu,JNU,end_to_end,Q8-cpu_dynamic,0,2,131.04581699008122
cpu,JNU,end_to_end,Q8-cpu_dynamic,0,3,131.69264397583902
cpu,JNU,end_to_end,Q8-cpu_dynamic,0,4,131.48038397775963
cpu,JNU,end_to_end,Q8-cpu_dynamic,0,5,131.2271180213429
cpu,JNU,end_to_end,Q8-cpu_dynamic,0,6,130.82174002192914
cpu,JNU,end_to_end,Q8-cpu_dynamic,0,7,131.3090910553001
cpu,JNU,end_to_end,Q8-cpu_dynamic,0,8,131.2449990073219
cpu,JNU,end_to_end,Q8-cpu_dynamic,0,9,130.89939102064818
cpu,JNU,end_to_end,Q8-cpu_dynamic,0,10,132.32420798158273
cpu,JNU,end_to_end,Q8-cpu_dynamic,0,11,131.71238300856203
cpu,JNU,end_to_end,Q8-cpu_dynamic,0,12,130.22979599190876
cpu,JNU,end_to_end,Q8-cpu_dynamic,0,13,130.78553997911513
cpu,JNU,end_to_end,Q8-cpu_dynamic,0,14,130.99181896541268
cpu,JNU,end_to_end,Q8-cpu_dynamic,0,15,131.4383099670522
cpu,JNU,end_to_end,Q8-cpu_dynamic,0,16,130.94190397532657
cpu,JNU,end_to_end,Q8-cpu_dynamic,0,17,131.04970997665077
cpu,JNU,end_to_end,Q8-cpu_dynamic,0,18,130.8419659617357
cpu,JNU,end_to_end,Q8-cpu_dynamic,0,19,131.08020200161263
cpu,JNU,end_to_end,Q8-cpu_dynamic,0,20,130.84386195987463
cpu,JNU,end_to_end,Q8-cpu_dynamic,0,21,131.01765600731596
cpu,JNU,end_to_end,Q8-cpu_dynamic,0,22,131.08146999729797
cpu,JNU,end_to_end,Q8-cpu_dynamic,0,23,130.21608797134832
cpu,JNU,end_to_end,Q8-cpu_dynamic,0,24,126.24081200920045
cpu,JNU,end_to_end,Q8-cpu_dynamic,0,25,97.91898599360138
cpu,JNU,end_to_end,Q8-cpu_dynamic,0,26,97.95187599956989
cpu,JNU,end_to_end,Q8-cpu_dynamic,0,27,98.06767100235447
cpu,JNU,end_to_end,Q8-cpu_dynamic,0,28,107.17264498816803
cpu,JNU,end_to_end,Q8-cpu_dynamic,0,29,131.44773396197706
cpu,JNU,end_to_end,Q8-cpu_dynamic,0,30,130.79361501149833
cpu,JNU,end_to_end,Q8-cpu_dynamic,0,31,131.42173999221995
cpu,JNU,end_to_end,Q8-cpu_dynamic,0,32,131.18105399189517
cpu,JNU,end_to_end,Q8-cpu_dynamic,0,33,131.2841159524396
cpu,JNU,end_to_end,Q8-cpu_dynamic,0,34,131.22257398208603
cpu,JNU,end_to_end,Q8-cpu_dynamic,0,35,130.28912601293996
cpu,JNU,end_to_end,Q8-cpu_dynamic,0,36,130.8839950361289
cpu,JNU,end_to_end,Q8-cpu_dynamic,0,37,131.05388503754511
cpu,JNU,end_to_end,Q8-cpu_dynamic,0,38,130.76767697930336
cpu,JNU,end_to_end,Q8-cpu_dynamic,0,39,131.4889770001173
cpu,JNU,end_to_end,Q8-cpu_dynamic,0,40,130.86905796080828
cpu,JNU,end_to_end,Q8-cpu_dynamic,0,41,131.07263803249225
cpu,JNU,end_to_end,Q8-cpu_dynamic,0,42,131.67933700606227
cpu,JNU,end_to_end,Q8-cpu_dynamic,0,43,131.15053699584678
cpu,JNU,end_to_end,Q8-cpu_dynamic,0,44,130.83139498485252
cpu,JNU,end_to_end,Q8-cpu_dynamic,0,45,130.9221230330877
cpu,JNU,end_to_end,Q8-cpu_dynamic,0,46,131.33277604356408
cpu,JNU,end_to_end,Q8-cpu_dynamic,0,47,131.44302502041683
cpu,JNU,end_to_end,Q8-cpu_dynamic,0,48,131.1716009513475
cpu,JNU,end_to_end,Q8-cpu_dynamic,0,49,126.41386699397117
cpu,JNU,end_to_end,Q8-cpu_dynamic,0,50,135.83786698291078
cpu,JNU,end_to_end,Q8-cpu_dynamic,0,51,131.1962939798832
cpu,JNU,end_to_end,Q8-cpu_dynamic,0,52,131.124903971795
cpu,JNU,end_to_end,Q8-cpu_dynamic,0,53,131.23365998035297
cpu,JNU,end_to_end,Q8-cpu_dynamic,0,54,130.58341102441773
cpu,JNU,end_to_end,Q8-cpu_dynamic,0,55,131.0615569818765
cpu,JNU,end_to_end,Q8-cpu_dynamic,0,56,131.40229001874104
cpu,JNU,end_to_end,Q8-cpu_dynamic,0,57,130.87734201690182
cpu,JNU,end_to_end,Q8-cpu_dynamic,0,58,131.5383770270273
cpu,JNU,end_to_end,Q8-cpu_dynamic,0,59,131.08612498035654
cpu,JNU,end_to_end,Q8-cpu_dynamic,0,60,131.26603496493772
cpu,JNU,end_to_end,Q8-cpu_dynamic,0,61,131.75171799957752
cpu,JNU,end_to_end,Q8-cpu_dynamic,0,62,131.85078400420025
cpu,JNU,end_to_end,Q8-cpu_dynamic,0,63,130.30920299934223
cpu,JNU,end_to_end,Q8-cpu_dynamic,0,64,131.14932097960263
cpu,JNU,end_to_end,Q8-cpu_dynamic,0,65,131.26974797341973
cpu,JNU,end_to_end,Q8-cpu_dynamic,0,66,131.42119901021942
cpu,JNU,end_to_end,Q8-cpu_dynamic,0,67,131.0942270210944
cpu,JNU,end_to_end,Q8-cpu_dynamic,0,68,130.21233800100163
cpu,JNU,end_to_end,Q8-cpu_dynamic,0,69,131.5769540378824
cpu,JNU,end_to_end,Q8-cpu_dynamic,0,70,131.13672903273255
cpu,JNU,end_to_end,Q8-cpu_dynamic,0,71,131.32354797562584
cpu,JNU,end_to_end,Q8-cpu_dynamic,0,72,131.03633699938655
cpu,JNU,end_to_end,Q8-cpu_dynamic,0,73,126.47716898936778
cpu,JNU,end_to_end,Q8-cpu_dynamic,0,74,103.34694595076144
cpu,JNU,end_to_end,Q8-cpu_dynamic,0,75,131.22576801106334
cpu,JNU,end_to_end,Q8-cpu_dynamic,0,76,131.00804697023705
cpu,JNU,end_to_end,Q8-cpu_dynamic,0,77,131.57884898828343
cpu,JNU,end_to_end,Q8-cpu_dynamic,0,78,131.2345140031539
cpu,JNU,end_to_end,Q8-cpu_dynamic,0,79,131.43444195156917
cpu,JNU,end_to_end,Q8-cpu_dynamic,0,80,130.2603399963118
cpu,JNU,end_to_end,Q8-cpu_dynamic,0,81,129.83227701624855
cpu,JNU,end_to_end,Q8-cpu_dynamic,0,82,122.04232404474169
cpu,JNU,end_to_end,Q8-cpu_dynamic,0,83,121.31436401978135
cpu,JNU,end_to_end,Q8-cpu_dynamic,0,84,121.4450389961712
cpu,JNU,end_to_end,Q8-cpu_dynamic,0,85,123.72022797353566
cpu,JNU,end_to_end,Q8-cpu_dynamic,0,86,131.7441000137478
cpu,JNU,end_to_end,Q8-cpu_dynamic,0,87,131.4973949920386
cpu,JNU,end_to_end,Q8-cpu_dynamic,0,88,131.4354439964518
cpu,JNU,end_to_end,Q8-cpu_dynamic,0,89,131.77752098999918
cpu,JNU,end_to_end,Q8-cpu_dynamic,0,90,132.48647697037086
cpu,JNU,end_to_end,Q8-cpu_dynamic,0,91,131.2273910152726
cpu,JNU,end_to_end,Q8-cpu_dynamic,0,92,130.96140400739387
cpu,JNU,end_to_end,Q8-cpu_dynamic,0,93,131.99086603708565
cpu,JNU,end_to_end,Q8-cpu_dynamic,0,94,131.67365896515548
cpu,JNU,end_to_end,Q8-cpu_dynamic,0,95,131.56727503519505
cpu,JNU,end_to_end,Q8-cpu_dynamic,0,96,131.41371204983443
cpu,JNU,end_to_end,Q8-cpu_dynamic,0,97,135.00731100793928
cpu,JNU,end_to_end,Q8-cpu_dynamic,0,98,131.1001490103081
cpu,JNU,end_to_end,Q8-cpu_dynamic,0,99,131.23106298735365
cpu,JNU,end_to_end,Q8-cpu_dynamic,0,100,131.88084197463468
cpu,JNU,end_to_end,Q8-cpu_dynamic,0,101,131.8186260177754
cpu,JNU,end_to_end,Q8-cpu_dynamic,0,102,131.32363697513938
cpu,JNU,end_to_end,Q8-cpu_dynamic,0,103,131.35901401983574
cpu,JNU,end_to_end,Q8-cpu_dynamic,0,104,131.38075300958008
cpu,JNU,end_to_end,Q8-cpu_dynamic,0,105,132.5337619637139
cpu,JNU,end_to_end,Q8-cpu_dynamic,0,106,129.7880649799481
cpu,JNU,end_to_end,Q8-cpu_dynamic,0,107,121.04168598307297
cpu,JNU,end_to_end,Q8-cpu_dynamic,0,108,123.3732079854235
cpu,JNU,end_to_end,Q8-cpu_dynamic,0,109,131.31820602575317
cpu,JNU,end_to_end,Q8-cpu_dynamic,0,110,131.43606099765748
cpu,JNU,end_to_end,Q8-cpu_dynamic,0,111,126.4702370390296
cpu,JNU,end_to_end,Q8-cpu_dynamic,0,112,103.19400700973347
cpu,JNU,end_to_end,Q8-cpu_dynamic,0,113,131.83991401456296
cpu,JNU,end_to_end,Q8-cpu_dynamic,0,114,126.17180898087099
cpu,JNU,end_to_end,Q8-cpu_dynamic,0,115,135.61884296359494
cpu,JNU,end_to_end,Q8-cpu_dynamic,0,116,131.54498604126275
cpu,JNU,end_to_end,Q8-cpu_dynamic,0,117,131.4571020193398
cpu,JNU,end_to_end,Q8-cpu_dynamic,0,118,131.25501200556755
cpu,JNU,end_to_end,Q8-cpu_dynamic,0,119,131.68182800291106
cpu,JNU,end_to_end,Q8-cpu_dynamic,0,120,131.7743809777312
cpu,JNU,end_to_end,Q8-cpu_dynamic,0,121,127.52124504186213
cpu,JNU,end_to_end,Q8-cpu_dynamic,0,122,127.66059400746599
cpu,JNU,end_to_end,Q8-cpu_dynamic,0,123,127.99710500985384
cpu,JNU,end_to_end,Q8-cpu_dynamic,0,124,127.98193196067587
cpu,JNU,end_to_end,Q8-cpu_dynamic,0,125,127.53222696483135
cpu,JNU,end_to_end,Q8-cpu_dynamic,0,126,125.8743439684622
cpu,JNU,end_to_end,Q8-cpu_dynamic,0,127,125.77818101271987
cpu,JNU,end_to_end,Q8-cpu_dynamic,0,128,128.78514296608046
cpu,JNU,end_to_end,Q8-cpu_dynamic,0,129,128.4926519729197
cpu,JNU,end_to_end,Q8-cpu_dynamic,0,130,128.9853070047684
cpu,JNU,end_to_end,Q8-cpu_dynamic,0,131,128.45503498101607
cpu,JNU,end_to_end,Q8-cpu_dynamic,0,132,129.18099004309624
cpu,JNU,end_to_end,Q8-cpu_dynamic,0,133,128.87135799974203
cpu,JNU,end_to_end,Q8-cpu_dynamic,0,134,128.82673204876482
cpu,JNU,end_to_end,Q8-cpu_dynamic,0,135,129.5783320092596
cpu,JNU,end_to_end,Q8-cpu_dynamic,0,136,128.9685180527158
cpu,JNU,end_to_end,Q8-cpu_dynamic,0,137,124.00989700108767
cpu,JNU,end_to_end,Q8-cpu_dynamic,0,138,101.81204602122307
cpu,JNU,end_to_end,Q8-cpu_dynamic,0,139,129.85742598539218
cpu,JNU,end_to_end,Q8-cpu_dynamic,0,140,124.78624598588794
cpu,JNU,end_to_end,Q8-cpu_dynamic,0,141,101.64850001456216
cpu,JNU,end_to_end,Q8-cpu_dynamic,0,142,128.7133099976927
cpu,JNU,end_to_end,Q8-cpu_dynamic,0,143,128.64719703793526
cpu,JNU,end_to_end,Q8-cpu_dynamic,0,144,129.79168799938634
cpu,JNU,end_to_end,Q8-cpu_dynamic,0,145,128.64229502156377
cpu,JNU,end_to_end,Q8-cpu_dynamic,0,146,128.7992339930497
cpu,JNU,end_to_end,Q8-cpu_dynamic,0,147,128.96317400736734
cpu,JNU,end_to_end,Q8-cpu_dynamic,0,148,129.12740500178188
cpu,JNU,end_to_end,Q8-cpu_dynamic,0,149,128.92980099422857
cpu,JNU,end_to_end,Q8-cpu_dynamic,0,150,128.59766103792936
cpu,JNU,end_to_end,Q8-cpu_dynamic,0,151,128.67384898709133
cpu,JNU,end_to_end,Q8-cpu_dynamic,0,152,123.99107503006235
cpu,JNU,end_to_end,Q8-cpu_dynamic,0,153,101.60434595309198
cpu,JNU,end_to_end,Q8-cpu_dynamic,0,154,129.16719901841134
cpu,JNU,end_to_end,Q8-cpu_dynamic,0,155,128.60291101969779
cpu,JNU,end_to_end,Q8-cpu_dynamic,0,156,123.78153298050165
cpu,JNU,end_to_end,Q8-cpu_dynamic,0,157,101.89081000862643
cpu,JNU,end_to_end,Q8-cpu_dynamic,0,158,129.37093200162053
cpu,JNU,end_to_end,Q8-cpu_dynamic,0,159,129.03811800060794
cpu,JNU,end_to_end,Q8-cpu_dynamic,0,160,128.6844729911536
cpu,JNU,end_to_end,Q8-cpu_dynamic,0,161,128.72110697207972
cpu,JNU,end_to_end,Q8-cpu_dynamic,0,162,128.7329430342652
cpu,JNU,end_to_end,Q8-cpu_dynamic,0,163,128.79107403568923
cpu,JNU,end_to_end,Q8-cpu_dynamic,0,164,129.33809799142182
cpu,JNU,end_to_end,Q8-cpu_dynamic,0,165,129.12366696400568
cpu,JNU,end_to_end,Q8-cpu_dynamic,0,166,127.92074104072526
cpu,JNU,end_to_end,Q8-cpu_dynamic,0,167,128.81839199690148
cpu,JNU,end_to_end,Q8-cpu_dynamic,0,168,124.02159703196958
cpu,JNU,end_to_end,Q8-cpu_dynamic,0,169,101.90931201213971
cpu,JNU,end_to_end,Q8-cpu_dynamic,0,170,129.89343295339495
cpu,JNU,end_to_end,Q8-cpu_dynamic,0,171,129.04896796680987
cpu,JNU,end_to_end,Q8-cpu_dynamic,0,172,128.83749895263463
cpu,JNU,end_to_end,Q8-cpu_dynamic,0,173,129.01299400255084
cpu,JNU,end_to_end,Q8-cpu_dynamic,0,174,128.80730198230594
cpu,JNU,end_to_end,Q8-cpu_dynamic,0,175,128.0400239629671
cpu,JNU,end_to_end,Q8-cpu_dynamic,0,176,128.91662603942677
cpu,JNU,end_to_end,Q8-cpu_dynamic,0,177,128.92494699917734
cpu,JNU,end_to_end,Q8-cpu_dynamic,0,178,128.81935702171177
cpu,JNU,end_to_end,Q8-cpu_dynamic,0,179,129.15850500576198
cpu,JNU,end_to_end,Q8-cpu_dynamic,0,180,129.18386404635385
cpu,JNU,end_to_end,Q8-cpu_dynamic,0,181,129.25221701152623
cpu,JNU,end_to_end,Q8-cpu_dynamic,0,182,128.95978603046387
cpu,JNU,end_to_end,Q8-cpu_dynamic,0,183,128.92142799682915
cpu,JNU,end_to_end,Q8-cpu_dynamic,0,184,128.90571902971715
cpu,JNU,end_to_end,Q8-cpu_dynamic,0,185,127.92904698289931
cpu,JNU,end_to_end,Q8-cpu_dynamic,0,186,128.77280701650307
cpu,JNU,end_to_end,Q8-cpu_dynamic,0,187,129.2063879664056
cpu,JNU,end_to_end,Q8-cpu_dynamic,0,188,128.97070398321375
cpu,JNU,end_to_end,Q8-cpu_dynamic,0,189,129.02814097469673
cpu,JNU,end_to_end,Q8-cpu_dynamic,0,190,129.3969139805995
cpu,JNU,end_to_end,Q8-cpu_dynamic,0,191,128.9231239934452
cpu,JNU,end_to_end,Q8-cpu_dynamic,0,192,128.66238702554256
cpu,JNU,end_to_end,Q8-cpu_dynamic,0,193,128.64750600419939
cpu,JNU,end_to_end,Q8-cpu_dynamic,0,194,128.96002404158935
cpu,JNU,end_to_end,Q8-cpu_dynamic,0,195,128.52036498952657
cpu,JNU,end_to_end,Q8-cpu_dynamic,0,196,128.71149397687986
cpu,JNU,end_to_end,Q8-cpu_dynamic,0,197,129.15863195667043
cpu,JNU,end_to_end,Q8-cpu_dynamic,0,198,129.09192900406197
cpu,JNU,end_to_end,Q8-cpu_dynamic,0,199,129.13730804575607
cpu,JNU,end_to_end,Q8-cpu_dynamic,0,200,129.15598100516945
cpu,JNU,end_to_end,Q8-cpu_dynamic,0,201,128.88856994686648
cpu,JNU,end_to_end,Q8-cpu_dynamic,0,202,129.56412602216005
cpu,JNU,end_to_end,Q8-cpu_dynamic,0,203,129.0354979573749
cpu,JNU,end_to_end,Q8-cpu_dynamic,0,204,128.9355419576168
cpu,JNU,end_to_end,Q8-cpu_dynamic,0,205,128.12343798577785
cpu,JNU,end_to_end,Q8-cpu_dynamic,0,206,128.48413601750508
cpu,JNU,end_to_end,Q8-cpu_dynamic,0,207,128.8432139554061
cpu,JNU,end_to_end,Q8-cpu_dynamic,0,208,128.92178795300424
cpu,JNU,end_to_end,Q8-cpu_dynamic,0,209,127.23245698725805
cpu,JNU,end_to_end,Q8-cpu_dynamic,0,210,118.81934100529179
cpu,JNU,end_to_end,Q8-cpu_dynamic,0,211,118.37382899830118
cpu,JNU,end_to_end,Q8-cpu_dynamic,0,212,131.15866103908047
cpu,JNU,end_to_end,Q8-cpu_dynamic,0,213,129.01137705193833
cpu,JNU,end_to_end,Q8-cpu_dynamic,0,214,127.1361950202845
cpu,JNU,end_to_end,Q8-cpu_dynamic,0,215,131.29289401695132
cpu,JNU,end_to_end,Q8-cpu_dynamic,0,216,123.8812729716301
cpu,JNU,end_to_end,Q8-cpu_dynamic,0,217,101.5629239846021
cpu,JNU,end_to_end,Q8-cpu_dynamic,0,218,129.51735098613426
cpu,JNU,end_to_end,Q8-cpu_dynamic,0,219,128.93184600397944
cpu,JNU,end_to_end,Q8-cpu_dynamic,0,220,128.69708897778764
cpu,JNU,end_to_end,Q8-cpu_dynamic,0,221,128.7931950064376
cpu,JNU,end_to_end,Q8-cpu_dynamic,0,222,128.005747043062
cpu,JNU,end_to_end,Q8-cpu_dynamic,0,223,128.79962200531736
cpu,JNU,end_to_end,Q8-cpu_dynamic,0,224,128.7733630160801
cpu,JNU,end_to_end,Q8-cpu_dynamic,0,225,129.16782300453633
cpu,JNU,end_to_end,Q8-cpu_dynamic,0,226,129.10627201199532
cpu,JNU,end_to_end,Q8-cpu_dynamic,0,227,129.19029197655618
cpu,JNU,end_to_end,Q8-cpu_dynamic,0,228,128.90820601023734
cpu,JNU,end_to_end,Q8-cpu_dynamic,0,229,129.01484698522836
cpu,JNU,end_to_end,Q8-cpu_dynamic,0,230,128.99100501090288
cpu,JNU,end_to_end,Q8-cpu_dynamic,0,231,129.03393898159266
cpu,JNU,end_to_end,Q8-cpu_dynamic,0,232,128.7236509961076
cpu,JNU,end_to_end,Q8-cpu_dynamic,0,233,128.97702801274136
cpu,JNU,end_to_end,Q8-cpu_dynamic,0,234,129.35918697621673
cpu,JNU,end_to_end,Q8-cpu_dynamic,0,235,128.12347698491067
cpu,JNU,end_to_end,Q8-cpu_dynamic,0,236,129.0469800005667
cpu,JNU,end_to_end,Q8-cpu_dynamic,0,237,129.37537301331758
cpu,JNU,end_to_end,Q8-cpu_dynamic,0,238,129.0817260160111
cpu,JNU,end_to_end,Q8-cpu_dynamic,0,239,128.8095680065453
cpu,JNU,end_to_end,Q8-cpu_dynamic,0,240,128.5567749873735
cpu,JNU,end_to_end,Q8-cpu_dynamic,0,241,128.9300310309045
cpu,JNU,end_to_end,Q8-cpu_dynamic,0,242,128.66473098983988
cpu,JNU,end_to_end,Q8-cpu_dynamic,0,243,128.4789470373653
cpu,JNU,end_to_end,Q8-cpu_dynamic,0,244,128.8158199749887
cpu,JNU,end_to_end,Q8-cpu_dynamic,0,245,123.84180503431708
cpu,JNU,end_to_end,Q8-cpu_dynamic,0,246,103.21952297817916
cpu,JNU,end_to_end,Q8-cpu_dynamic,0,247,129.7009350382723
cpu,JNU,end_to_end,Q8-cpu_dynamic,0,248,129.18484100373462
cpu,JNU,end_to_end,Q8-cpu_dynamic,0,249,129.6481320168823
cpu,JNU,end_to_end,Q8-cpu_dynamic,1,0,129.29371400969103
cpu,JNU,end_to_end,Q8-cpu_dynamic,1,1,129.4396150042303
cpu,JNU,end_to_end,Q8-cpu_dynamic,1,2,129.1541709797457
cpu,JNU,end_to_end,Q8-cpu_dynamic,1,3,129.53479500720277
cpu,JNU,end_to_end,Q8-cpu_dynamic,1,4,130.37386897485703
cpu,JNU,end_to_end,Q8-cpu_dynamic,1,5,130.02570800017565
cpu,JNU,end_to_end,Q8-cpu_dynamic,1,6,129.43382799858227
cpu,JNU,end_to_end,Q8-cpu_dynamic,1,7,129.8115510144271
cpu,JNU,end_to_end,Q8-cpu_dynamic,1,8,130.84170100046322
cpu,JNU,end_to_end,Q8-cpu_dynamic,1,9,129.9672260065563
cpu,JNU,end_to_end,Q8-cpu_dynamic,1,10,129.59512398811057
cpu,JNU,end_to_end,Q8-cpu_dynamic,1,11,129.57417697180063
cpu,JNU,end_to_end,Q8-cpu_dynamic,1,12,129.61486302083358
cpu,JNU,end_to_end,Q8-cpu_dynamic,1,13,129.37219603918493
cpu,JNU,end_to_end,Q8-cpu_dynamic,1,14,129.39428898971528
cpu,JNU,end_to_end,Q8-cpu_dynamic,1,15,130.0201269914396
cpu,JNU,end_to_end,Q8-cpu_dynamic,1,16,129.79588797315955
cpu,JNU,end_to_end,Q8-cpu_dynamic,1,17,131.14725204650313
cpu,JNU,end_to_end,Q8-cpu_dynamic,1,18,129.48824104387313
cpu,JNU,end_to_end,Q8-cpu_dynamic,1,19,130.3176690125838
cpu,JNU,end_to_end,Q8-cpu_dynamic,1,20,129.91158000659198
cpu,JNU,end_to_end,Q8-cpu_dynamic,1,21,129.6492270193994
cpu,JNU,end_to_end,Q8-cpu_dynamic,1,22,129.40377998165786
cpu,JNU,end_to_end,Q8-cpu_dynamic,1,23,129.9617449985817
cpu,JNU,end_to_end,Q8-cpu_dynamic,1,24,129.77358599891886
cpu,JNU,end_to_end,Q8-cpu_dynamic,1,25,128.80785000743344
cpu,JNU,end_to_end,Q8-cpu_dynamic,1,26,128.6017179954797
cpu,JNU,end_to_end,Q8-cpu_dynamic,1,27,130.3863400244154
cpu,JNU,end_to_end,Q8-cpu_dynamic,1,28,130.02842396963388
cpu,JNU,end_to_end,Q8-cpu_dynamic,1,29,129.55560500267893
cpu,JNU,end_to_end,Q8-cpu_dynamic,1,30,129.94929699925706
cpu,JNU,end_to_end,Q8-cpu_dynamic,1,31,130.06331695942208
cpu,JNU,end_to_end,Q8-cpu_dynamic,1,32,129.82497998746112
cpu,JNU,end_to_end,Q8-cpu_dynamic,1,33,129.3953419663012
cpu,JNU,end_to_end,Q8-cpu_dynamic,1,34,129.77932702051476
cpu,JNU,end_to_end,Q8-cpu_dynamic,1,35,129.98323095962405
cpu,JNU,end_to_end,Q8-cpu_dynamic,1,36,129.62447298923507
cpu,JNU,end_to_end,Q8-cpu_dynamic,1,37,129.56543604377657
cpu,JNU,end_to_end,Q8-cpu_dynamic,1,38,128.9980660076253
cpu,JNU,end_to_end,Q8-cpu_dynamic,1,39,129.65884496225044
cpu,JNU,end_to_end,Q8-cpu_dynamic,1,40,129.79119300143793
cpu,JNU,end_to_end,Q8-cpu_dynamic,1,41,129.9172230064869
cpu,JNU,end_to_end,Q8-cpu_dynamic,1,42,130.47158299013972
cpu,JNU,end_to_end,Q8-cpu_dynamic,1,43,130.2176489843987
cpu,JNU,end_to_end,Q8-cpu_dynamic,1,44,129.94395103305578
cpu,JNU,end_to_end,Q8-cpu_dynamic,1,45,129.88968496210873
cpu,JNU,end_to_end,Q8-cpu_dynamic,1,46,125.69635099498555
cpu,JNU,end_to_end,Q8-cpu_dynamic,1,47,135.56643697666004
cpu,JNU,end_to_end,Q8-cpu_dynamic,1,48,130.29724702937528
cpu,JNU,end_to_end,Q8-cpu_dynamic,1,49,129.86328802071512
cpu,JNU,end_to_end,Q8-cpu_dynamic,1,50,130.7103430153802
cpu,JNU,end_to_end,Q8-cpu_dynamic,1,51,129.92913404013962
cpu,JNU,end_to_end,Q8-cpu_dynamic,1,52,129.66239399975166
cpu,JNU,end_to_end,Q8-cpu_dynamic,1,53,129.94323502061889
cpu,JNU,end_to_end,Q8-cpu_dynamic,1,54,129.42428997484967
cpu,JNU,end_to_end,Q8-cpu_dynamic,1,55,129.99793700873852
cpu,JNU,end_to_end,Q8-cpu_dynamic,1,56,130.8978300075978
cpu,JNU,end_to_end,Q8-cpu_dynamic,1,57,130.0467459950596
cpu,JNU,end_to_end,Q8-cpu_dynamic,1,58,130.05223299842328
cpu,JNU,end_to_end,Q8-cpu_dynamic,1,59,130.1347979460843
cpu,JNU,end_to_end,Q8-cpu_dynamic,1,60,129.76908299606293
cpu,JNU,end_to_end,Q8-cpu_dynamic,1,61,130.6942830560729
cpu,JNU,end_to_end,Q8-cpu_dynamic,1,62,130.21005998598412
cpu,JNU,end_to_end,Q8-cpu_dynamic,1,63,130.1625600317493
cpu,JNU,end_to_end,Q8-cpu_dynamic,1,64,130.03658800153062
cpu,JNU,end_to_end,Q8-cpu_dynamic,1,65,130.6032799766399
cpu,JNU,end_to_end,Q8-cpu_dynamic,1,66,130.6341349845752
cpu,JNU,end_to_end,Q8-cpu_dynamic,1,67,125.27691904688254
cpu,JNU,end_to_end,Q8-cpu_dynamic,1,68,102.51531901303679
cpu,JNU,end_to_end,Q8-cpu_dynamic,1,69,131.0167689807713
cpu,JNU,end_to_end,Q8-cpu_dynamic,1,70,130.55508403340355
cpu,JNU,end_to_end,Q8-cpu_dynamic,1,71,130.1157379639335
cpu,JNU,end_to_end,Q8-cpu_dynamic,1,72,129.9955669674091
cpu,JNU,end_to_end,Q8-cpu_dynamic,1,73,130.24231902090833
cpu,JNU,end_to_end,Q8-cpu_dynamic,1,74,130.47196296975017
cpu,JNU,end_to_end,Q8-cpu_dynamic,1,75,129.95066097937524
cpu,JNU,end_to_end,Q8-cpu_dynamic,1,76,130.0499489880167
cpu,JNU,end_to_end,Q8-cpu_dynamic,1,77,130.56756398873404
cpu,JNU,end_to_end,Q8-cpu_dynamic,1,78,130.51693805027753
cpu,JNU,end_to_end,Q8-cpu_dynamic,1,79,130.49102696822956
cpu,JNU,end_to_end,Q8-cpu_dynamic,1,80,130.20231400150806
cpu,JNU,end_to_end,Q8-cpu_dynamic,1,81,130.32028201268986
cpu,JNU,end_to_end,Q8-cpu_dynamic,1,82,130.96983800642192
cpu,JNU,end_to_end,Q8-cpu_dynamic,1,83,130.16184902517125
cpu,JNU,end_to_end,Q8-cpu_dynamic,1,84,131.54270400991663
cpu,JNU,end_to_end,Q8-cpu_dynamic,1,85,130.69074496161193
cpu,JNU,end_to_end,Q8-cpu_dynamic,1,86,130.86944504175335
cpu,JNU,end_to_end,Q8-cpu_dynamic,1,87,130.70254895137623
cpu,JNU,end_to_end,Q8-cpu_dynamic,1,88,130.74336299905553
cpu,JNU,end_to_end,Q8-cpu_dynamic,1,89,129.61995496880263
cpu,JNU,end_to_end,Q8-cpu_dynamic,1,90,130.52903901552781
cpu,JNU,end_to_end,Q8-cpu_dynamic,1,91,130.44665101915598
cpu,JNU,end_to_end,Q8-cpu_dynamic,1,92,131.09971600351855
cpu,JNU,end_to_end,Q8-cpu_dynamic,1,93,130.902971024625
cpu,JNU,end_to_end,Q8-cpu_dynamic,1,94,130.5618499754928
cpu,JNU,end_to_end,Q8-cpu_dynamic,1,95,132.00660300208256
cpu,JNU,end_to_end,Q8-cpu_dynamic,1,96,131.11732399556786
cpu,JNU,end_to_end,Q8-cpu_dynamic,1,97,131.04916899465024
cpu,JNU,end_to_end,Q8-cpu_dynamic,1,98,130.9684809530154
cpu,JNU,end_to_end,Q8-cpu_dynamic,1,99,130.95303997397423
cpu,JNU,end_to_end,Q8-cpu_dynamic,1,100,131.86222198419273
cpu,JNU,end_to_end,Q8-cpu_dynamic,1,101,130.76936395373195
cpu,JNU,end_to_end,Q8-cpu_dynamic,1,102,129.43139200797305
cpu,JNU,end_to_end,Q8-cpu_dynamic,1,103,131.76910200854763
cpu,JNU,end_to_end,Q8-cpu_dynamic,1,104,132.05337600084022
cpu,JNU,end_to_end,Q8-cpu_dynamic,1,105,131.05590699706227
cpu,JNU,end_to_end,Q8-cpu_dynamic,1,106,130.99113199859858
cpu,JNU,end_to_end,Q8-cpu_dynamic,1,107,131.32858398603275
cpu,JNU,end_to_end,Q8-cpu_dynamic,1,108,129.79527900461107
cpu,JNU,end_to_end,Q8-cpu_dynamic,1,109,121.70897802570835
cpu,JNU,end_to_end,Q8-cpu_dynamic,1,110,122.36336199566722
cpu,JNU,end_to_end,Q8-cpu_dynamic,1,111,121.85141397640109
cpu,JNU,end_to_end,Q8-cpu_dynamic,1,112,120.84203900303692
cpu,JNU,end_to_end,Q8-cpu_dynamic,1,113,120.65456400159746
cpu,JNU,end_to_end,Q8-cpu_dynamic,1,114,120.37971301469952
cpu,JNU,end_to_end,Q8-cpu_dynamic,1,115,117.57891601882875
cpu,JNU,end_to_end,Q8-cpu_dynamic,1,116,103.3963939989917
cpu,JNU,end_to_end,Q8-cpu_dynamic,1,117,121.99578603031114
cpu,JNU,end_to_end,Q8-cpu_dynamic,1,118,122.38053395412862
cpu,JNU,end_to_end,Q8-cpu_dynamic,1,119,122.1301169716753
cpu,JNU,end_to_end,Q8-cpu_dynamic,1,120,122.42465297458693
cpu,JNU,end_to_end,Q8-cpu_dynamic,1,121,122.32273997506127
cpu,JNU,end_to_end,Q8-cpu_dynamic,1,122,121.87741795787588
cpu,JNU,end_to_end,Q8-cpu_dynamic,1,123,123.61093302024528
cpu,JNU,end_to_end,Q8-cpu_dynamic,1,124,131.3326110248454
cpu,JNU,end_to_end,Q8-cpu_dynamic,1,125,131.20767497457564
cpu,JNU,end_to_end,Q8-cpu_dynamic,1,126,130.93274203129113
cpu,JNU,end_to_end,Q8-cpu_dynamic,1,127,130.62098500085995
cpu,JNU,end_to_end,Q8-cpu_dynamic,1,128,130.92087098630145
cpu,JNU,end_to_end,Q8-cpu_dynamic,1,129,130.9094940079376
cpu,JNU,end_to_end,Q8-cpu_dynamic,1,130,130.96228201175109
cpu,JNU,end_to_end,Q8-cpu_dynamic,1,131,130.97478705458343
cpu,JNU,end_to_end,Q8-cpu_dynamic,1,132,130.82381401909515
cpu,JNU,end_to_end,Q8-cpu_dynamic,1,133,130.7297510211356
cpu,JNU,end_to_end,Q8-cpu_dynamic,1,134,130.60855097137392
cpu,JNU,end_to_end,Q8-cpu_dynamic,1,135,136.02896698284894
cpu,JNU,end_to_end,Q8-cpu_dynamic,1,136,132.45610299054533
cpu,JNU,end_to_end,Q8-cpu_dynamic,1,137,131.4674549503252
cpu,JNU,end_to_end,Q8-cpu_dynamic,1,138,130.75498904800043
cpu,JNU,end_to_end,Q8-cpu_dynamic,1,139,131.0159780550748
cpu,JNU,end_to_end,Q8-cpu_dynamic,1,140,130.74670598143712
cpu,JNU,end_to_end,Q8-cpu_dynamic,1,141,130.65918401116505
cpu,JNU,end_to_end,Q8-cpu_dynamic,1,142,130.27059601154178
cpu,JNU,end_to_end,Q8-cpu_dynamic,1,143,130.8668390265666
cpu,JNU,end_to_end,Q8-cpu_dynamic,1,144,130.4198739817366
cpu,JNU,end_to_end,Q8-cpu_dynamic,1,145,125.93827000819147
cpu,JNU,end_to_end,Q8-cpu_dynamic,1,146,103.02281397162005
cpu,JNU,end_to_end,Q8-cpu_dynamic,1,147,133.65500001236796
cpu,JNU,end_to_end,Q8-cpu_dynamic,1,148,130.82183100050315
cpu,JNU,end_to_end,Q8-cpu_dynamic,1,149,130.71618496906012
cpu,JNU,end_to_end,Q8-cpu_dynamic,1,150,126.0203099809587
cpu,JNU,end_to_end,Q8-cpu_dynamic,1,151,125.37159898784012
cpu,JNU,end_to_end,Q8-cpu_dynamic,1,152,125.61009300407022
cpu,JNU,end_to_end,Q8-cpu_dynamic,1,153,125.39654999272898
cpu,JNU,end_to_end,Q8-cpu_dynamic,1,154,125.19511196296662
cpu,JNU,end_to_end,Q8-cpu_dynamic,1,155,125.99158397642896
cpu,JNU,end_to_end,Q8-cpu_dynamic,1,156,125.63035998027772
cpu,JNU,end_to_end,Q8-cpu_dynamic,1,157,126.0125589906238
cpu,JNU,end_to_end,Q8-cpu_dynamic,1,158,125.90401602210477
cpu,JNU,end_to_end,Q8-cpu_dynamic,1,159,126.07699300860986
cpu,JNU,end_to_end,Q8-cpu_dynamic,1,160,125.81595603842288
cpu,JNU,end_to_end,Q8-cpu_dynamic,1,161,125.66486600553617
cpu,JNU,end_to_end,Q8-cpu_dynamic,1,162,125.57027797447518
cpu,JNU,end_to_end,Q8-cpu_dynamic,1,163,126.50013697566465
cpu,JNU,end_to_end,Q8-cpu_dynamic,1,164,126.95801799418405
cpu,JNU,end_to_end,Q8-cpu_dynamic,1,165,126.64570001652464
cpu,JNU,end_to_end,Q8-cpu_dynamic,1,166,126.72108400147408
cpu,JNU,end_to_end,Q8-cpu_dynamic,1,167,122.11948301410303
cpu,JNU,end_to_end,Q8-cpu_dynamic,1,168,124.08749596215785
cpu,JNU,end_to_end,Q8-cpu_dynamic,1,169,126.6396869905293
cpu,JNU,end_to_end,Q8-cpu_dynamic,1,170,126.70897296629846
cpu,JNU,end_to_end,Q8-cpu_dynamic,1,171,127.65979499090463
cpu,JNU,end_to_end,Q8-cpu_dynamic,1,172,123.51923697860911
cpu,JNU,end_to_end,Q8-cpu_dynamic,1,173,116.3769910344854
cpu,JNU,end_to_end,Q8-cpu_dynamic,1,174,123.73366602696478
cpu,JNU,end_to_end,Q8-cpu_dynamic,1,175,123.52924497099593
cpu,JNU,end_to_end,Q8-cpu_dynamic,1,176,124.73099795170128
cpu,JNU,end_to_end,Q8-cpu_dynamic,1,177,123.55584203032777
cpu,JNU,end_to_end,Q8-cpu_dynamic,1,178,123.24223603354767
cpu,JNU,end_to_end,Q8-cpu_dynamic,1,179,123.84453299455345
cpu,JNU,end_to_end,Q8-cpu_dynamic,1,180,122.71680001867935
cpu,JNU,end_to_end,Q8-cpu_dynamic,1,181,123.8140850327909
cpu,JNU,end_to_end,Q8-cpu_dynamic,1,182,124.27257501985878
cpu,JNU,end_to_end,Q8-cpu_dynamic,1,183,125.05123397568241
cpu,JNU,end_to_end,Q8-cpu_dynamic,1,184,124.33641700772569
cpu,JNU,end_to_end,Q8-cpu_dynamic,1,185,120.72871596319601
cpu,JNU,end_to_end,Q8-cpu_dynamic,1,186,128.06373398052529
cpu,JNU,end_to_end,Q8-cpu_dynamic,1,187,124.44772198796272
cpu,JNU,end_to_end,Q8-cpu_dynamic,1,188,124.09458396723494
cpu,JNU,end_to_end,Q8-cpu_dynamic,1,189,123.97311499807984
cpu,JNU,end_to_end,Q8-cpu_dynamic,1,190,124.10785199608654
cpu,JNU,end_to_end,Q8-cpu_dynamic,1,191,124.11107996013016
cpu,JNU,end_to_end,Q8-cpu_dynamic,1,192,124.4482159963809
cpu,JNU,end_to_end,Q8-cpu_dynamic,1,193,124.25220001023263
cpu,JNU,end_to_end,Q8-cpu_dynamic,1,194,124.28150797495618
cpu,JNU,end_to_end,Q8-cpu_dynamic,1,195,124.94953797431663
cpu,JNU,end_to_end,Q8-cpu_dynamic,1,196,123.60702198930085
cpu,JNU,end_to_end,Q8-cpu_dynamic,1,197,124.07517101382837
cpu,JNU,end_to_end,Q8-cpu_dynamic,1,198,124.50508796609938
cpu,JNU,end_to_end,Q8-cpu_dynamic,1,199,124.59229002706707
cpu,JNU,end_to_end,Q8-cpu_dynamic,1,200,124.62978798430413
cpu,JNU,end_to_end,Q8-cpu_dynamic,1,201,124.83790802070871
cpu,JNU,end_to_end,Q8-cpu_dynamic,1,202,124.67803596518934
cpu,JNU,end_to_end,Q8-cpu_dynamic,1,203,125.27997099095955
cpu,JNU,end_to_end,Q8-cpu_dynamic,1,204,124.92161302361637
cpu,JNU,end_to_end,Q8-cpu_dynamic,1,205,124.83677198179066
cpu,JNU,end_to_end,Q8-cpu_dynamic,1,206,124.51778096146882
cpu,JNU,end_to_end,Q8-cpu_dynamic,1,207,125.0789999612607
cpu,JNU,end_to_end,Q8-cpu_dynamic,1,208,125.40676997741684
cpu,JNU,end_to_end,Q8-cpu_dynamic,1,209,124.73072996363044
cpu,JNU,end_to_end,Q8-cpu_dynamic,1,210,124.68282604822889
cpu,JNU,end_to_end,Q8-cpu_dynamic,1,211,125.09904499165714
cpu,JNU,end_to_end,Q8-cpu_dynamic,1,212,121.46201299037784
cpu,JNU,end_to_end,Q8-cpu_dynamic,1,213,99.19455001363531
cpu,JNU,end_to_end,Q8-cpu_dynamic,1,214,125.41336403228343
cpu,JNU,end_to_end,Q8-cpu_dynamic,1,215,125.42363395914435
cpu,JNU,end_to_end,Q8-cpu_dynamic,1,216,125.18491398077458
cpu,JNU,end_to_end,Q8-cpu_dynamic,1,217,125.17470598686486
cpu,JNU,end_to_end,Q8-cpu_dynamic,1,218,124.93492296198383
cpu,JNU,end_to_end,Q8-cpu_dynamic,1,219,125.60302199563012
cpu,JNU,end_to_end,Q8-cpu_dynamic,1,220,125.57166797341779
cpu,JNU,end_to_end,Q8-cpu_dynamic,1,221,125.59558503562585
cpu,JNU,end_to_end,Q8-cpu_dynamic,1,222,125.49529800890014
cpu,JNU,end_to_end,Q8-cpu_dynamic,1,223,125.66050799796358
cpu,JNU,end_to_end,Q8-cpu_dynamic,1,224,125.75861404184252
cpu,JNU,end_to_end,Q8-cpu_dynamic,1,225,124.85881301108748
cpu,JNU,end_to_end,Q8-cpu_dynamic,1,226,125.29456603806466
cpu,JNU,end_to_end,Q8-cpu_dynamic,1,227,126.04403297882527
cpu,JNU,end_to_end,Q8-cpu_dynamic,1,228,125.6340789841488
cpu,JNU,end_to_end,Q8-cpu_dynamic,1,229,125.95989898545668
cpu,JNU,end_to_end,Q8-cpu_dynamic,1,230,125.85044099250808
cpu,JNU,end_to_end,Q8-cpu_dynamic,1,231,126.66423700284213
cpu,JNU,end_to_end,Q8-cpu_dynamic,1,232,126.00603298051283
cpu,JNU,end_to_end,Q8-cpu_dynamic,1,233,126.19484699098393
cpu,JNU,end_to_end,Q8-cpu_dynamic,1,234,125.9699990041554
cpu,JNU,end_to_end,Q8-cpu_dynamic,1,235,126.56222702935338
cpu,JNU,end_to_end,Q8-cpu_dynamic,1,236,125.98012399394065
cpu,JNU,end_to_end,Q8-cpu_dynamic,1,237,125.24402496637776
cpu,JNU,end_to_end,Q8-cpu_dynamic,1,238,125.53194601787254
cpu,JNU,end_to_end,Q8-cpu_dynamic,1,239,125.63604704337195
cpu,JNU,end_to_end,Q8-cpu_dynamic,1,240,125.32187096076086
cpu,JNU,end_to_end,Q8-cpu_dynamic,1,241,125.41714200051501
cpu,JNU,end_to_end,Q8-cpu_dynamic,1,242,125.19639200763777
cpu,JNU,end_to_end,Q8-cpu_dynamic,1,243,125.73551095556468
cpu,JNU,end_to_end,Q8-cpu_dynamic,1,244,125.53685804596171
cpu,JNU,end_to_end,Q8-cpu_dynamic,1,245,125.5373299936764
cpu,JNU,end_to_end,Q8-cpu_dynamic,1,246,125.58925402117893
cpu,JNU,end_to_end,Q8-cpu_dynamic,1,247,125.67822902929038
cpu,JNU,end_to_end,Q8-cpu_dynamic,1,248,125.37366600008681
cpu,JNU,end_to_end,Q8-cpu_dynamic,1,249,125.64474798273295
cpu,JNU,end_to_end,K1-FP32,1,0,131.0793630545959
cpu,JNU,end_to_end,K1-FP32,1,1,132.24251102656126
cpu,JNU,end_to_end,K1-FP32,1,2,131.72456301981583
cpu,JNU,end_to_end,K1-FP32,1,3,131.7745249834843
cpu,JNU,end_to_end,K1-FP32,1,4,131.96337799308822
cpu,JNU,end_to_end,K1-FP32,1,5,132.10641796467826
cpu,JNU,end_to_end,K1-FP32,1,6,132.689988007769
cpu,JNU,end_to_end,K1-FP32,1,7,132.20760301919654
cpu,JNU,end_to_end,K1-FP32,1,8,135.0563419982791
cpu,JNU,end_to_end,K1-FP32,1,9,132.1562160155736
cpu,JNU,end_to_end,K1-FP32,1,10,132.9994639963843
cpu,JNU,end_to_end,K1-FP32,1,11,132.0687070256099
cpu,JNU,end_to_end,K1-FP32,1,12,132.49974499922246
cpu,JNU,end_to_end,K1-FP32,1,13,132.2737549780868
cpu,JNU,end_to_end,K1-FP32,1,14,132.83864600816742
cpu,JNU,end_to_end,K1-FP32,1,15,132.24762602476403
cpu,JNU,end_to_end,K1-FP32,1,16,134.99733002390712
cpu,JNU,end_to_end,K1-FP32,1,17,135.05448203068227
cpu,JNU,end_to_end,K1-FP32,1,18,135.75438200496137
cpu,JNU,end_to_end,K1-FP32,1,19,134.15077095851302
cpu,JNU,end_to_end,K1-FP32,1,20,135.1919180015102
cpu,JNU,end_to_end,K1-FP32,1,21,135.28868404682726
cpu,JNU,end_to_end,K1-FP32,1,22,134.92397597292438
cpu,JNU,end_to_end,K1-FP32,1,23,135.28365397360176
cpu,JNU,end_to_end,K1-FP32,1,24,135.9496379736811
cpu,JNU,end_to_end,K1-FP32,1,25,135.0805620313622
cpu,JNU,end_to_end,K1-FP32,1,26,135.08241198724136
cpu,JNU,end_to_end,K1-FP32,1,27,136.4877800224349
cpu,JNU,end_to_end,K1-FP32,1,28,135.04304102389142
cpu,JNU,end_to_end,K1-FP32,1,29,136.0497430432588
cpu,JNU,end_to_end,K1-FP32,1,30,135.20116597646847
cpu,JNU,end_to_end,K1-FP32,1,31,135.44397096848115
cpu,JNU,end_to_end,K1-FP32,1,32,134.9820609902963
cpu,JNU,end_to_end,K1-FP32,1,33,134.88119200337678
cpu,JNU,end_to_end,K1-FP32,1,34,135.09719603462145
cpu,JNU,end_to_end,K1-FP32,1,35,135.20692999009043
cpu,JNU,end_to_end,K1-FP32,1,36,135.2153400075622
cpu,JNU,end_to_end,K1-FP32,1,37,135.03328297520056
cpu,JNU,end_to_end,K1-FP32,1,38,135.5138819781132
cpu,JNU,end_to_end,K1-FP32,1,39,135.33676002407447
cpu,JNU,end_to_end,K1-FP32,1,40,134.75239102263004
cpu,JNU,end_to_end,K1-FP32,1,41,135.93691802816465
cpu,JNU,end_to_end,K1-FP32,1,42,135.304172988981
cpu,JNU,end_to_end,K1-FP32,1,43,135.07624599151313
cpu,JNU,end_to_end,K1-FP32,1,44,130.70356199750677
cpu,JNU,end_to_end,K1-FP32,1,45,106.44250700715929
cpu,JNU,end_to_end,K1-FP32,1,46,135.75517799472436
cpu,JNU,end_to_end,K1-FP32,1,47,135.26947202626616
cpu,JNU,end_to_end,K1-FP32,1,48,135.4196990141645
cpu,JNU,end_to_end,K1-FP32,1,49,134.29054897278547
cpu,JNU,end_to_end,K1-FP32,1,50,135.8843269990757
cpu,JNU,end_to_end,K1-FP32,1,51,135.44495403766632
cpu,JNU,end_to_end,K1-FP32,1,52,135.34925202839077
cpu,JNU,end_to_end,K1-FP32,1,53,135.55015804013237
cpu,JNU,end_to_end,K1-FP32,1,54,135.36801497684792
cpu,JNU,end_to_end,K1-FP32,1,55,135.524159995839
cpu,JNU,end_to_end,K1-FP32,1,56,135.35428000614047
cpu,JNU,end_to_end,K1-FP32,1,57,135.61190600739792
cpu,JNU,end_to_end,K1-FP32,1,58,135.29762299731374
cpu,JNU,end_to_end,K1-FP32,1,59,135.47783298417926
cpu,JNU,end_to_end,K1-FP32,1,60,135.4281649691984
cpu,JNU,end_to_end,K1-FP32,1,61,135.71366196265444
cpu,JNU,end_to_end,K1-FP32,1,62,136.58506399951875
cpu,JNU,end_to_end,K1-FP32,1,63,135.1222160155885
cpu,JNU,end_to_end,K1-FP32,1,64,135.48734301002696
cpu,JNU,end_to_end,K1-FP32,1,65,138.71349900728092
cpu,JNU,end_to_end,K1-FP32,1,66,135.77803701628
cpu,JNU,end_to_end,K1-FP32,1,67,135.77848102431744
cpu,JNU,end_to_end,K1-FP32,1,68,135.70033299038187
cpu,JNU,end_to_end,K1-FP32,1,69,136.1815279815346
cpu,JNU,end_to_end,K1-FP32,1,70,135.3893040213734
cpu,JNU,end_to_end,K1-FP32,1,71,135.5302549782209
cpu,JNU,end_to_end,K1-FP32,1,72,136.47210999624804
cpu,JNU,end_to_end,K1-FP32,1,73,136.34300197008997
cpu,JNU,end_to_end,K1-FP32,1,74,135.92408201657236
cpu,JNU,end_to_end,K1-FP32,1,75,136.15868001943454
cpu,JNU,end_to_end,K1-FP32,1,76,136.32290804525837
cpu,JNU,end_to_end,K1-FP32,1,77,135.8661050326191
cpu,JNU,end_to_end,K1-FP32,1,78,135.90556499548256
cpu,JNU,end_to_end,K1-FP32,1,79,135.88512199930847
cpu,JNU,end_to_end,K1-FP32,1,80,136.98173698503524
cpu,JNU,end_to_end,K1-FP32,1,81,136.65671995840967
cpu,JNU,end_to_end,K1-FP32,1,82,135.3746440145187
cpu,JNU,end_to_end,K1-FP32,1,83,137.73546501761302
cpu,JNU,end_to_end,K1-FP32,1,84,136.06508099474013
cpu,JNU,end_to_end,K1-FP32,1,85,135.98446996184066
cpu,JNU,end_to_end,K1-FP32,1,86,136.96650200290605
cpu,JNU,end_to_end,K1-FP32,1,87,137.33250298537314
cpu,JNU,end_to_end,K1-FP32,1,88,137.04424898605794
cpu,JNU,end_to_end,K1-FP32,1,89,136.33610296528786
cpu,JNU,end_to_end,K1-FP32,1,90,137.03403598628938
cpu,JNU,end_to_end,K1-FP32,1,91,136.30313199246302
cpu,JNU,end_to_end,K1-FP32,1,92,135.57281502289698
cpu,JNU,end_to_end,K1-FP32,1,93,136.09497097786516
cpu,JNU,end_to_end,K1-FP32,1,94,136.6961080348119
cpu,JNU,end_to_end,K1-FP32,1,95,136.12904102774337
cpu,JNU,end_to_end,K1-FP32,1,96,136.21346099535003
cpu,JNU,end_to_end,K1-FP32,1,97,136.66909898165613
cpu,JNU,end_to_end,K1-FP32,1,98,136.57273299759254
cpu,JNU,end_to_end,K1-FP32,1,99,136.18268899153918
cpu,JNU,end_to_end,K1-FP32,1,100,135.95185201847926
cpu,JNU,end_to_end,K1-FP32,1,101,137.60557095520198
cpu,JNU,end_to_end,K1-FP32,1,102,136.3884980091825
cpu,JNU,end_to_end,K1-FP32,1,103,137.53097801236436
cpu,JNU,end_to_end,K1-FP32,1,104,136.61130698164925
cpu,JNU,end_to_end,K1-FP32,1,105,136.94414601195604
cpu,JNU,end_to_end,K1-FP32,1,106,137.96162902144715
cpu,JNU,end_to_end,K1-FP32,1,107,137.89220701437443
cpu,JNU,end_to_end,K1-FP32,1,108,136.4981170045212
cpu,JNU,end_to_end,K1-FP32,1,109,133.11369804432616
cpu,JNU,end_to_end,K1-FP32,1,110,106.47709900513291
cpu,JNU,end_to_end,K1-FP32,1,111,137.63015804579481
cpu,JNU,end_to_end,K1-FP32,1,112,136.70392101630569
cpu,JNU,end_to_end,K1-FP32,1,113,136.8968919850886
cpu,JNU,end_to_end,K1-FP32,1,114,137.01959897298366
cpu,JNU,end_to_end,K1-FP32,1,115,136.28736604005098
cpu,JNU,end_to_end,K1-FP32,1,116,135.7623059884645
cpu,JNU,end_to_end,K1-FP32,1,117,136.7926110397093
cpu,JNU,end_to_end,K1-FP32,1,118,137.76465301634744
cpu,JNU,end_to_end,K1-FP32,1,119,137.22595397848636
cpu,JNU,end_to_end,K1-FP32,1,120,136.56341400928795
cpu,JNU,end_to_end,K1-FP32,1,121,131.98655599262565
cpu,JNU,end_to_end,K1-FP32,1,122,107.40632901433855
cpu,JNU,end_to_end,K1-FP32,1,123,136.88040798297152
cpu,JNU,end_to_end,K1-FP32,1,124,137.77177996234968
cpu,JNU,end_to_end,K1-FP32,1,125,137.9560049972497
cpu,JNU,end_to_end,K1-FP32,1,126,137.05927098635584
cpu,JNU,end_to_end,K1-FP32,1,127,137.19163497444242
cpu,JNU,end_to_end,K1-FP32,1,128,137.22085300832987
cpu,JNU,end_to_end,K1-FP32,1,129,135.70905796950683
cpu,JNU,end_to_end,K1-FP32,1,130,136.46036700811237
cpu,JNU,end_to_end,K1-FP32,1,131,136.81399897905067
cpu,JNU,end_to_end,K1-FP32,1,132,137.01380096608773
cpu,JNU,end_to_end,K1-FP32,1,133,138.17591103725135
cpu,JNU,end_to_end,K1-FP32,1,134,137.41500303149223
cpu,JNU,end_to_end,K1-FP32,1,135,137.2638190514408
cpu,JNU,end_to_end,K1-FP32,1,136,137.19153398415074
cpu,JNU,end_to_end,K1-FP32,1,137,136.84933999320492
cpu,JNU,end_to_end,K1-FP32,1,138,137.19540101010352
cpu,JNU,end_to_end,K1-FP32,1,139,137.0432340190746
cpu,JNU,end_to_end,K1-FP32,1,140,137.43157300632447
cpu,JNU,end_to_end,K1-FP32,1,141,137.00939097907394
cpu,JNU,end_to_end,K1-FP32,1,142,137.7868939889595
cpu,JNU,end_to_end,K1-FP32,1,143,137.89192598778754
cpu,JNU,end_to_end,K1-FP32,1,144,136.87312602996826
cpu,JNU,end_to_end,K1-FP32,1,145,137.24269100930542
cpu,JNU,end_to_end,K1-FP32,1,146,137.5561699969694
cpu,JNU,end_to_end,K1-FP32,1,147,137.363429996185
cpu,JNU,end_to_end,K1-FP32,1,148,137.62051600497216
cpu,JNU,end_to_end,K1-FP32,1,149,136.57518499530852
cpu,JNU,end_to_end,K1-FP32,1,150,137.1455299668014
cpu,JNU,end_to_end,K1-FP32,1,151,137.44392100488767
cpu,JNU,end_to_end,K1-FP32,1,152,137.0522070210427
cpu,JNU,end_to_end,K1-FP32,1,153,137.50676496420056
cpu,JNU,end_to_end,K1-FP32,1,154,131.9278470473364
cpu,JNU,end_to_end,K1-FP32,1,155,143.32478103460744
cpu,JNU,end_to_end,K1-FP32,1,156,137.3495379812084
cpu,JNU,end_to_end,K1-FP32,1,157,137.17730401549488
cpu,JNU,end_to_end,K1-FP32,1,158,137.3430470121093
cpu,JNU,end_to_end,K1-FP32,1,159,137.63390004169196
cpu,JNU,end_to_end,K1-FP32,1,160,137.62947102077305
cpu,JNU,end_to_end,K1-FP32,1,161,137.05345400376245
cpu,JNU,end_to_end,K1-FP32,1,162,135.64613298512995
cpu,JNU,end_to_end,K1-FP32,1,163,125.82949799252674
cpu,JNU,end_to_end,K1-FP32,1,164,126.24273501569405
cpu,JNU,end_to_end,K1-FP32,1,165,127.65422702068463
cpu,JNU,end_to_end,K1-FP32,1,166,136.61416101967916
cpu,JNU,end_to_end,K1-FP32,1,167,137.12223299080506
cpu,JNU,end_to_end,K1-FP32,1,168,137.24624598398805
cpu,JNU,end_to_end,K1-FP32,1,169,136.96304097538814
cpu,JNU,end_to_end,K1-FP32,1,170,138.61452002311125
cpu,JNU,end_to_end,K1-FP32,1,171,137.372357014101
cpu,JNU,end_to_end,K1-FP32,1,172,131.9963240530342
cpu,JNU,end_to_end,K1-FP32,1,173,107.49447398120537
cpu,JNU,end_to_end,K1-FP32,1,174,139.17390600545332
cpu,JNU,end_to_end,K1-FP32,1,175,133.0169349675998
cpu,JNU,end_to_end,K1-FP32,1,176,132.76807498186827
cpu,JNU,end_to_end,K1-FP32,1,177,133.86171899037436
cpu,JNU,end_to_end,K1-FP32,1,178,133.03317897953093
cpu,JNU,end_to_end,K1-FP32,1,179,133.91859299736097
cpu,JNU,end_to_end,K1-FP32,1,180,133.45679600024596
cpu,JNU,end_to_end,K1-FP32,1,181,134.07541601918638
cpu,JNU,end_to_end,K1-FP32,1,182,133.17400199593976
cpu,JNU,end_to_end,K1-FP32,1,183,133.04640195565298
cpu,JNU,end_to_end,K1-FP32,1,184,131.80302298860624
cpu,JNU,end_to_end,K1-FP32,1,185,131.828780984506
cpu,JNU,end_to_end,K1-FP32,1,186,133.6390629876405
cpu,JNU,end_to_end,K1-FP32,1,187,133.53348104283214
cpu,JNU,end_to_end,K1-FP32,1,188,133.69938399409875
cpu,JNU,end_to_end,K1-FP32,1,189,133.63758299965411
cpu,JNU,end_to_end,K1-FP32,1,190,133.7261630105786
cpu,JNU,end_to_end,K1-FP32,1,191,133.33160598995164
cpu,JNU,end_to_end,K1-FP32,1,192,133.63762898370624
cpu,JNU,end_to_end,K1-FP32,1,193,133.53519199881703
cpu,JNU,end_to_end,K1-FP32,1,194,134.407706966158
cpu,JNU,end_to_end,K1-FP32,1,195,133.76067799981683
cpu,JNU,end_to_end,K1-FP32,1,196,133.9890329982154
cpu,JNU,end_to_end,K1-FP32,1,197,128.9577159914188
cpu,JNU,end_to_end,K1-FP32,1,198,106.62445903290063
cpu,JNU,end_to_end,K1-FP32,1,199,134.9619140382856
cpu,JNU,end_to_end,K1-FP32,1,200,133.07967298896983
cpu,JNU,end_to_end,K1-FP32,1,201,135.23998204618692
cpu,JNU,end_to_end,K1-FP32,1,202,134.02974902419373
cpu,JNU,end_to_end,K1-FP32,1,203,134.19099798193201
cpu,JNU,end_to_end,K1-FP32,1,204,134.14175098296255
cpu,JNU,end_to_end,K1-FP32,1,205,133.57438798993826
cpu,JNU,end_to_end,K1-FP32,1,206,134.93362598819658
cpu,JNU,end_to_end,K1-FP32,1,207,134.21555398963392
cpu,JNU,end_to_end,K1-FP32,1,208,134.85167600447312
cpu,JNU,end_to_end,K1-FP32,1,209,134.59733803756535
cpu,JNU,end_to_end,K1-FP32,1,210,134.36852296581492
cpu,JNU,end_to_end,K1-FP32,1,211,130.47793303849176
cpu,JNU,end_to_end,K1-FP32,1,212,105.00996501650661
cpu,JNU,end_to_end,K1-FP32,1,213,134.2491579707712
cpu,JNU,end_to_end,K1-FP32,1,214,134.25169204128906
cpu,JNU,end_to_end,K1-FP32,1,215,134.17530799051747
cpu,JNU,end_to_end,K1-FP32,1,216,134.98653302667663
cpu,JNU,end_to_end,K1-FP32,1,217,134.9868790130131
cpu,JNU,end_to_end,K1-FP32,1,218,134.75006801309064
cpu,JNU,end_to_end,K1-FP32,1,219,134.0577799710445
cpu,JNU,end_to_end,K1-FP32,1,220,134.5565399969928
cpu,JNU,end_to_end,K1-FP32,1,221,135.19393699243665
cpu,JNU,end_to_end,K1-FP32,1,222,134.30217100540176
cpu,JNU,end_to_end,K1-FP32,1,223,134.5786459860392
cpu,JNU,end_to_end,K1-FP32,1,224,134.7420730162412
cpu,JNU,end_to_end,K1-FP32,1,225,134.51360200997442
cpu,JNU,end_to_end,K1-FP32,1,226,134.81158803915605
cpu,JNU,end_to_end,K1-FP32,1,227,134.32097696932033
cpu,JNU,end_to_end,K1-FP32,1,228,135.73167502181605
cpu,JNU,end_to_end,K1-FP32,1,229,135.53899200633168
cpu,JNU,end_to_end,K1-FP32,1,230,133.48045299062505
cpu,JNU,end_to_end,K1-FP32,1,231,136.02555502438918
cpu,JNU,end_to_end,K1-FP32,1,232,134.60282201413065
cpu,JNU,end_to_end,K1-FP32,1,233,134.5638179918751
cpu,JNU,end_to_end,K1-FP32,1,234,129.58991702180356
cpu,JNU,end_to_end,K1-FP32,1,235,108.13085699919611
cpu,JNU,end_to_end,K1-FP32,1,236,137.24773400463164
cpu,JNU,end_to_end,K1-FP32,1,237,138.08284600963816
cpu,JNU,end_to_end,K1-FP32,1,238,136.09321898547933
cpu,JNU,end_to_end,K1-FP32,1,239,136.9752620230429
cpu,JNU,end_to_end,K1-FP32,1,240,134.82982601271942
cpu,JNU,end_to_end,K1-FP32,1,241,134.19779896503314
cpu,JNU,end_to_end,K1-FP32,1,242,134.02416202006862
cpu,JNU,end_to_end,K1-FP32,1,243,134.07306402223185
cpu,JNU,end_to_end,K1-FP32,1,244,135.4988769744523
cpu,JNU,end_to_end,K1-FP32,1,245,134.08394996076822
cpu,JNU,end_to_end,K1-FP32,1,246,135.03236102405936
cpu,JNU,end_to_end,K1-FP32,1,247,134.43297700723633
cpu,JNU,end_to_end,K1-FP32,1,248,134.48901701485738
cpu,JNU,end_to_end,K1-FP32,1,249,134.3808179954067
cpu,JNU,end_to_end,K1-FP32,2,0,135.0946919992566
cpu,JNU,end_to_end,K1-FP32,2,1,134.47072397684678
cpu,JNU,end_to_end,K1-FP32,2,2,134.09426796715707
cpu,JNU,end_to_end,K1-FP32,2,3,133.6211360176094
cpu,JNU,end_to_end,K1-FP32,2,4,134.7605410264805
cpu,JNU,end_to_end,K1-FP32,2,5,134.65041999006644
cpu,JNU,end_to_end,K1-FP32,2,6,134.62666497798637
cpu,JNU,end_to_end,K1-FP32,2,7,134.36858297791332
cpu,JNU,end_to_end,K1-FP32,2,8,136.71313598752022
cpu,JNU,end_to_end,K1-FP32,2,9,135.48485399223864
cpu,JNU,end_to_end,K1-FP32,2,10,134.2462510219775
cpu,JNU,end_to_end,K1-FP32,2,11,129.70836804015562
cpu,JNU,end_to_end,K1-FP32,2,12,140.93174698064104
cpu,JNU,end_to_end,K1-FP32,2,13,129.42304299212992
cpu,JNU,end_to_end,K1-FP32,2,14,105.96711898688227
cpu,JNU,end_to_end,K1-FP32,2,15,134.74364602006972
cpu,JNU,end_to_end,K1-FP32,2,16,135.60697302455083
cpu,JNU,end_to_end,K1-FP32,2,17,135.42544096708298
cpu,JNU,end_to_end,K1-FP32,2,18,134.17188602034003
cpu,JNU,end_to_end,K1-FP32,2,19,134.995662025176
cpu,JNU,end_to_end,K1-FP32,2,20,134.49830998433754
cpu,JNU,end_to_end,K1-FP32,2,21,134.49786201817915
cpu,JNU,end_to_end,K1-FP32,2,22,134.27775504533201
cpu,JNU,end_to_end,K1-FP32,2,23,135.32802200643346
cpu,JNU,end_to_end,K1-FP32,2,24,136.00131298881024
cpu,JNU,end_to_end,K1-FP32,2,25,134.41278896061704
cpu,JNU,end_to_end,K1-FP32,2,26,134.92449600016698
cpu,JNU,end_to_end,K1-FP32,2,27,134.50728100724518
cpu,JNU,end_to_end,K1-FP32,2,28,134.29979496868327
cpu,JNU,end_to_end,K1-FP32,2,29,134.29792795795947
cpu,JNU,end_to_end,K1-FP32,2,30,134.5745159778744
cpu,JNU,end_to_end,K1-FP32,2,31,135.56095102103427
cpu,JNU,end_to_end,K1-FP32,2,32,134.15640901075676
cpu,JNU,end_to_end,K1-FP32,2,33,135.57075598509982
cpu,JNU,end_to_end,K1-FP32,2,34,134.87905298825353
cpu,JNU,end_to_end,K1-FP32,2,35,134.4611769891344
cpu,JNU,end_to_end,K1-FP32,2,36,135.56308002443984
cpu,JNU,end_to_end,K1-FP32,2,37,134.52869601314887
cpu,JNU,end_to_end,K1-FP32,2,38,134.32313402881846
cpu,JNU,end_to_end,K1-FP32,2,39,134.08833998255432
cpu,JNU,end_to_end,K1-FP32,2,40,134.30756999878213
cpu,JNU,end_to_end,K1-FP32,2,41,135.50474302610382
cpu,JNU,end_to_end,K1-FP32,2,42,134.77791904006153
cpu,JNU,end_to_end,K1-FP32,2,43,133.29655298730358
cpu,JNU,end_to_end,K1-FP32,2,44,122.9707759921439
cpu,JNU,end_to_end,K1-FP32,2,45,124.57817804533988
cpu,JNU,end_to_end,K1-FP32,2,46,123.50691197207198
cpu,JNU,end_to_end,K1-FP32,2,47,123.80212399875745
cpu,JNU,end_to_end,K1-FP32,2,48,125.16598001820967
cpu,JNU,end_to_end,K1-FP32,2,49,125.3277329960838
cpu,JNU,end_to_end,K1-FP32,2,50,124.98891400173306
cpu,JNU,end_to_end,K1-FP32,2,51,123.42800298938528
cpu,JNU,end_to_end,K1-FP32,2,52,125.48386200796813
cpu,JNU,end_to_end,K1-FP32,2,53,124.13305300287902
cpu,JNU,end_to_end,K1-FP32,2,54,123.60879202606156
cpu,JNU,end_to_end,K1-FP32,2,55,124.95620700065047
cpu,JNU,end_to_end,K1-FP32,2,56,120.47538399929181
cpu,JNU,end_to_end,K1-FP32,2,57,105.30406300676987
cpu,JNU,end_to_end,K1-FP32,2,58,124.60786197334528
cpu,JNU,end_to_end,K1-FP32,2,59,125.16340700676665
cpu,JNU,end_to_end,K1-FP32,2,60,123.9544209674932
cpu,JNU,end_to_end,K1-FP32,2,61,125.391662993934
cpu,JNU,end_to_end,K1-FP32,2,62,135.3523579891771
cpu,JNU,end_to_end,K1-FP32,2,63,134.5094389980659
cpu,JNU,end_to_end,K1-FP32,2,64,135.66843001171947
cpu,JNU,end_to_end,K1-FP32,2,65,134.66782995965332
cpu,JNU,end_to_end,K1-FP32,2,66,134.2787640169263
cpu,JNU,end_to_end,K1-FP32,2,67,135.39193401811644
cpu,JNU,end_to_end,K1-FP32,2,68,134.47000901214778
cpu,JNU,end_to_end,K1-FP32,2,69,134.72223101416603
cpu,JNU,end_to_end,K1-FP32,2,70,134.8830980132334
cpu,JNU,end_to_end,K1-FP32,2,71,134.9984940025024
cpu,JNU,end_to_end,K1-FP32,2,72,135.37858304334804
cpu,JNU,end_to_end,K1-FP32,2,73,134.87366499612108
cpu,JNU,end_to_end,K1-FP32,2,74,134.6977719804272
cpu,JNU,end_to_end,K1-FP32,2,75,134.72736603580415
cpu,JNU,end_to_end,K1-FP32,2,76,134.90770402131602
cpu,JNU,end_to_end,K1-FP32,2,77,135.36157296039164
cpu,JNU,end_to_end,K1-FP32,2,78,134.91600699489936
cpu,JNU,end_to_end,K1-FP32,2,79,135.1630460121669
cpu,JNU,end_to_end,K1-FP32,2,80,135.14925696654245
cpu,JNU,end_to_end,K1-FP32,2,81,136.15612697321922
cpu,JNU,end_to_end,K1-FP32,2,82,134.9795630085282
cpu,JNU,end_to_end,K1-FP32,2,83,134.81462001800537
cpu,JNU,end_to_end,K1-FP32,2,84,135.2092229644768
cpu,JNU,end_to_end,K1-FP32,2,85,135.13883401174098
cpu,JNU,end_to_end,K1-FP32,2,86,134.78436699369922
cpu,JNU,end_to_end,K1-FP32,2,87,135.39526797831059
cpu,JNU,end_to_end,K1-FP32,2,88,134.78056603344157
cpu,JNU,end_to_end,K1-FP32,2,89,135.07884502178058
cpu,JNU,end_to_end,K1-FP32,2,90,135.3268719976768
cpu,JNU,end_to_end,K1-FP32,2,91,135.09710901416838
cpu,JNU,end_to_end,K1-FP32,2,92,134.99719800893217
cpu,JNU,end_to_end,K1-FP32,2,93,135.80700696911663
cpu,JNU,end_to_end,K1-FP32,2,94,135.27409598464146
cpu,JNU,end_to_end,K1-FP32,2,95,134.76445199921727
cpu,JNU,end_to_end,K1-FP32,2,96,134.8377619870007
cpu,JNU,end_to_end,K1-FP32,2,97,134.67719894833863
cpu,JNU,end_to_end,K1-FP32,2,98,136.0072180395946
cpu,JNU,end_to_end,K1-FP32,2,99,135.07735799066722
cpu,JNU,end_to_end,K1-FP32,2,100,134.6893860027194
cpu,JNU,end_to_end,K1-FP32,2,101,134.7808680147864
cpu,JNU,end_to_end,K1-FP32,2,102,137.51436898019165
cpu,JNU,end_to_end,K1-FP32,2,103,134.08449001144618
cpu,JNU,end_to_end,K1-FP32,2,104,134.81770700309426
cpu,JNU,end_to_end,K1-FP32,2,105,134.9361109896563
cpu,JNU,end_to_end,K1-FP32,2,106,134.68381896382198
cpu,JNU,end_to_end,K1-FP32,2,107,134.5356329693459
cpu,JNU,end_to_end,K1-FP32,2,108,134.58944397279993
cpu,JNU,end_to_end,K1-FP32,2,109,135.10854297783226
cpu,JNU,end_to_end,K1-FP32,2,110,135.10792300803587
cpu,JNU,end_to_end,K1-FP32,2,111,135.11565496446565
cpu,JNU,end_to_end,K1-FP32,2,112,134.7750389832072
cpu,JNU,end_to_end,K1-FP32,2,113,135.74865501141176
cpu,JNU,end_to_end,K1-FP32,2,114,134.9412410054356
cpu,JNU,end_to_end,K1-FP32,2,115,133.89405299676582
cpu,JNU,end_to_end,K1-FP32,2,116,135.8237299718894
cpu,JNU,end_to_end,K1-FP32,2,117,136.4221170078963
cpu,JNU,end_to_end,K1-FP32,2,118,136.28059497568756
cpu,JNU,end_to_end,K1-FP32,2,119,134.89500299328938
cpu,JNU,end_to_end,K1-FP32,2,120,135.77693299157545
cpu,JNU,end_to_end,K1-FP32,2,121,135.00526698771864
cpu,JNU,end_to_end,K1-FP32,2,122,135.03544800914824
cpu,JNU,end_to_end,K1-FP32,2,123,135.03340497845784
cpu,JNU,end_to_end,K1-FP32,2,124,135.5203339480795
cpu,JNU,end_to_end,K1-FP32,2,125,134.9335680133663
cpu,JNU,end_to_end,K1-FP32,2,126,134.87214600900188
cpu,JNU,end_to_end,K1-FP32,2,127,134.87282302230597
cpu,JNU,end_to_end,K1-FP32,2,128,135.08943800115958
cpu,JNU,end_to_end,K1-FP32,2,129,136.35182898724452
cpu,JNU,end_to_end,K1-FP32,2,130,135.7553999987431
cpu,JNU,end_to_end,K1-FP32,2,131,135.18609898164868
cpu,JNU,end_to_end,K1-FP32,2,132,134.84281802084297
cpu,JNU,end_to_end,K1-FP32,2,133,134.7949529881589
cpu,JNU,end_to_end,K1-FP32,2,134,135.88095497107133
cpu,JNU,end_to_end,K1-FP32,2,135,134.9270730279386
cpu,JNU,end_to_end,K1-FP32,2,136,159.9530460080132
cpu,JNU,end_to_end,K1-FP32,2,137,130.843322025612
cpu,JNU,end_to_end,K1-FP32,2,138,130.70894801057875
cpu,JNU,end_to_end,K1-FP32,2,139,133.42494802782312
cpu,JNU,end_to_end,K1-FP32,2,140,132.31639697914943
cpu,JNU,end_to_end,K1-FP32,2,141,131.39824400423095
cpu,JNU,end_to_end,K1-FP32,2,142,131.1660329811275
cpu,JNU,end_to_end,K1-FP32,2,143,132.37218698486686
cpu,JNU,end_to_end,K1-FP32,2,144,131.3245230121538
cpu,JNU,end_to_end,K1-FP32,2,145,131.38219399843365
cpu,JNU,end_to_end,K1-FP32,2,146,131.7815580405295
cpu,JNU,end_to_end,K1-FP32,2,147,132.16959504643455
cpu,JNU,end_to_end,K1-FP32,2,148,133.28017003368586
cpu,JNU,end_to_end,K1-FP32,2,149,132.13449099566787
cpu,JNU,end_to_end,K1-FP32,2,150,132.24638398969546
cpu,JNU,end_to_end,K1-FP32,2,151,131.45226699998602
cpu,JNU,end_to_end,K1-FP32,2,152,132.26810499327257
cpu,JNU,end_to_end,K1-FP32,2,153,131.896341976244
cpu,JNU,end_to_end,K1-FP32,2,154,132.81939597800374
cpu,JNU,end_to_end,K1-FP32,2,155,132.66607600962743
cpu,JNU,end_to_end,K1-FP32,2,156,134.56811202922836
cpu,JNU,end_to_end,K1-FP32,2,157,132.62918399414048
cpu,JNU,end_to_end,K1-FP32,2,158,132.83231598325074
cpu,JNU,end_to_end,K1-FP32,2,159,134.354532987345
cpu,JNU,end_to_end,K1-FP32,2,160,133.74351896345615
cpu,JNU,end_to_end,K1-FP32,2,161,132.95678998110816
cpu,JNU,end_to_end,K1-FP32,2,162,133.1073470064439
cpu,JNU,end_to_end,K1-FP32,2,163,132.4784359894693
cpu,JNU,end_to_end,K1-FP32,2,164,133.18544102367014
cpu,JNU,end_to_end,K1-FP32,2,165,132.32298998627812
cpu,JNU,end_to_end,K1-FP32,2,166,132.24878901382908
cpu,JNU,end_to_end,K1-FP32,2,167,132.0999430026859
cpu,JNU,end_to_end,K1-FP32,2,168,132.33086600666866
cpu,JNU,end_to_end,K1-FP32,2,169,133.04280798183754
cpu,JNU,end_to_end,K1-FP32,2,170,133.5746920085512
cpu,JNU,end_to_end,K1-FP32,2,171,133.67894099792466
cpu,JNU,end_to_end,K1-FP32,2,172,133.23027902515605
cpu,JNU,end_to_end,K1-FP32,2,173,132.89465301204473
cpu,JNU,end_to_end,K1-FP32,2,174,133.1434499588795
cpu,JNU,end_to_end,K1-FP32,2,175,132.7281899866648
cpu,JNU,end_to_end,K1-FP32,2,176,134.4091710052453
cpu,JNU,end_to_end,K1-FP32,2,177,133.14869394525886
cpu,JNU,end_to_end,K1-FP32,2,178,133.09246301651
cpu,JNU,end_to_end,K1-FP32,2,179,132.86759797483683
cpu,JNU,end_to_end,K1-FP32,2,180,133.05827998556197
cpu,JNU,end_to_end,K1-FP32,2,181,133.71754199033603
cpu,JNU,end_to_end,K1-FP32,2,182,133.37092095753178
cpu,JNU,end_to_end,K1-FP32,2,183,133.32442799583077
cpu,JNU,end_to_end,K1-FP32,2,184,133.99770797695965
cpu,JNU,end_to_end,K1-FP32,2,185,133.6656289640814
cpu,JNU,end_to_end,K1-FP32,2,186,133.91108199721202
cpu,JNU,end_to_end,K1-FP32,2,187,133.59427696559578
cpu,JNU,end_to_end,K1-FP32,2,188,134.839785983786
cpu,JNU,end_to_end,K1-FP32,2,189,133.9083859929815
cpu,JNU,end_to_end,K1-FP32,2,190,134.64928400935605
cpu,JNU,end_to_end,K1-FP32,2,191,134.08506597625092
cpu,JNU,end_to_end,K1-FP32,2,192,133.9399890275672
cpu,JNU,end_to_end,K1-FP32,2,193,134.1572279925458
cpu,JNU,end_to_end,K1-FP32,2,194,134.95707599213347
cpu,JNU,end_to_end,K1-FP32,2,195,134.48029896244407
cpu,JNU,end_to_end,K1-FP32,2,196,134.16218798374757
cpu,JNU,end_to_end,K1-FP32,2,197,135.2197749656625
cpu,JNU,end_to_end,K1-FP32,2,198,135.07524703163654
cpu,JNU,end_to_end,K1-FP32,2,199,136.0022490262054
cpu,JNU,end_to_end,K1-FP32,2,200,134.31403000140563
cpu,JNU,end_to_end,K1-FP32,2,201,134.22853499650955
cpu,JNU,end_to_end,K1-FP32,2,202,134.27474902709946
cpu,JNU,end_to_end,K1-FP32,2,203,134.48636297835037
cpu,JNU,end_to_end,K1-FP32,2,204,134.41874500131235
cpu,JNU,end_to_end,K1-FP32,2,205,135.65869099693373
cpu,JNU,end_to_end,K1-FP32,2,206,135.90317900525406
cpu,JNU,end_to_end,K1-FP32,2,207,135.04074199590832
cpu,JNU,end_to_end,K1-FP32,2,208,134.61112399818376
cpu,JNU,end_to_end,K1-FP32,2,209,129.83213004190475
cpu,JNU,end_to_end,K1-FP32,2,210,105.87860899977386
cpu,JNU,end_to_end,K1-FP32,2,211,135.10373496683314
cpu,JNU,end_to_end,K1-FP32,2,212,134.5486740465276
cpu,JNU,end_to_end,K1-FP32,2,213,134.40569303929806
cpu,JNU,end_to_end,K1-FP32,2,214,134.87469201209024
cpu,JNU,end_to_end,K1-FP32,2,215,134.80672996956855
cpu,JNU,end_to_end,K1-FP32,2,216,134.99654096085578
cpu,JNU,end_to_end,K1-FP32,2,217,129.92350198328495
cpu,JNU,end_to_end,K1-FP32,2,218,105.82821402931586
cpu,JNU,end_to_end,K1-FP32,2,219,135.60043199686334
cpu,JNU,end_to_end,K1-FP32,2,220,134.60232003126293
cpu,JNU,end_to_end,K1-FP32,2,221,134.85139899421483
cpu,JNU,end_to_end,K1-FP32,2,222,136.27878000261262
cpu,JNU,end_to_end,K1-FP32,2,223,134.92838095407933
cpu,JNU,end_to_end,K1-FP32,2,224,134.76696104044095
cpu,JNU,end_to_end,K1-FP32,2,225,134.93089703842998
cpu,JNU,end_to_end,K1-FP32,2,226,134.70484397839755
cpu,JNU,end_to_end,K1-FP32,2,227,134.6378320013173
cpu,JNU,end_to_end,K1-FP32,2,228,134.98894503572956
cpu,JNU,end_to_end,K1-FP32,2,229,136.5153919905424
cpu,JNU,end_to_end,K1-FP32,2,230,135.4797889944166
cpu,JNU,end_to_end,K1-FP32,2,231,135.4257859638892
cpu,JNU,end_to_end,K1-FP32,2,232,136.4514700253494
cpu,JNU,end_to_end,K1-FP32,2,233,135.11422398732975
cpu,JNU,end_to_end,K1-FP32,2,234,134.97461599763483
cpu,JNU,end_to_end,K1-FP32,2,235,135.07102004950866
cpu,JNU,end_to_end,K1-FP32,2,236,134.9145559943281
cpu,JNU,end_to_end,K1-FP32,2,237,135.08277997607365
cpu,JNU,end_to_end,K1-FP32,2,238,135.1349540054798
cpu,JNU,end_to_end,K1-FP32,2,239,135.09241602150723
cpu,JNU,end_to_end,K1-FP32,2,240,135.08015999104828
cpu,JNU,end_to_end,K1-FP32,2,241,135.23016101680696
cpu,JNU,end_to_end,K1-FP32,2,242,136.2077149678953
cpu,JNU,end_to_end,K1-FP32,2,243,135.0858880323358
cpu,JNU,end_to_end,K1-FP32,2,244,136.6411430062726
cpu,JNU,end_to_end,K1-FP32,2,245,135.28505398426205
cpu,JNU,end_to_end,K1-FP32,2,246,130.98645297577605
cpu,JNU,end_to_end,K1-FP32,2,247,102.10972203640267
cpu,JNU,end_to_end,K1-FP32,2,248,108.44314302084967
cpu,JNU,end_to_end,K1-FP32,2,249,136.23196200933307
cpu,JNU,end_to_end,Q8-cpu_dynamic,2,0,128.90110001899302
cpu,JNU,end_to_end,Q8-cpu_dynamic,2,1,129.1384799988009
cpu,JNU,end_to_end,Q8-cpu_dynamic,2,2,129.95213002432138
cpu,JNU,end_to_end,Q8-cpu_dynamic,2,3,129.65362099930644
cpu,JNU,end_to_end,Q8-cpu_dynamic,2,4,129.57440403988585
cpu,JNU,end_to_end,Q8-cpu_dynamic,2,5,129.38654702156782
cpu,JNU,end_to_end,Q8-cpu_dynamic,2,6,129.7860509948805
cpu,JNU,end_to_end,Q8-cpu_dynamic,2,7,125.10915898019448
cpu,JNU,end_to_end,Q8-cpu_dynamic,2,8,102.02324495185167
cpu,JNU,end_to_end,Q8-cpu_dynamic,2,9,130.48084499314427
cpu,JNU,end_to_end,Q8-cpu_dynamic,2,10,130.34015195444226
cpu,JNU,end_to_end,Q8-cpu_dynamic,2,11,129.48474899167195
cpu,JNU,end_to_end,Q8-cpu_dynamic,2,12,129.70941700041294
cpu,JNU,end_to_end,Q8-cpu_dynamic,2,13,129.48337098350748
cpu,JNU,end_to_end,Q8-cpu_dynamic,2,14,129.79677895782515
cpu,JNU,end_to_end,Q8-cpu_dynamic,2,15,130.84815797628835
cpu,JNU,end_to_end,Q8-cpu_dynamic,2,16,128.5880120121874
cpu,JNU,end_to_end,Q8-cpu_dynamic,2,17,129.57637599902228
cpu,JNU,end_to_end,Q8-cpu_dynamic,2,18,130.5305160349235
cpu,JNU,end_to_end,Q8-cpu_dynamic,2,19,129.77944797603413
cpu,JNU,end_to_end,Q8-cpu_dynamic,2,20,128.2513869809918
cpu,JNU,end_to_end,Q8-cpu_dynamic,2,21,129.9637530464679
cpu,JNU,end_to_end,Q8-cpu_dynamic,2,22,129.7911109868437
cpu,JNU,end_to_end,Q8-cpu_dynamic,2,23,130.11730799917132
cpu,JNU,end_to_end,Q8-cpu_dynamic,2,24,128.77697398653254
cpu,JNU,end_to_end,Q8-cpu_dynamic,2,25,130.3711769869551
cpu,JNU,end_to_end,Q8-cpu_dynamic,2,26,129.5620599994436
cpu,JNU,end_to_end,Q8-cpu_dynamic,2,27,128.8610579795204
cpu,JNU,end_to_end,Q8-cpu_dynamic,2,28,129.35456697596237
cpu,JNU,end_to_end,Q8-cpu_dynamic,2,29,128.45614703837782
cpu,JNU,end_to_end,Q8-cpu_dynamic,2,30,129.10084304166958
cpu,JNU,end_to_end,Q8-cpu_dynamic,2,31,129.58019803045318
cpu,JNU,end_to_end,Q8-cpu_dynamic,2,32,128.4651500172913
cpu,JNU,end_to_end,Q8-cpu_dynamic,2,33,129.65688103577122
cpu,JNU,end_to_end,Q8-cpu_dynamic,2,34,129.4354209676385
cpu,JNU,end_to_end,Q8-cpu_dynamic,2,35,124.98673796653748
cpu,JNU,end_to_end,Q8-cpu_dynamic,2,36,102.11764404084533
cpu,JNU,end_to_end,Q8-cpu_dynamic,2,37,130.3035850287415
cpu,JNU,end_to_end,Q8-cpu_dynamic,2,38,130.01564797013998
cpu,JNU,end_to_end,Q8-cpu_dynamic,2,39,129.66546299867332
cpu,JNU,end_to_end,Q8-cpu_dynamic,2,40,129.70897799823433
cpu,JNU,end_to_end,Q8-cpu_dynamic,2,41,130.33415202517062
cpu,JNU,end_to_end,Q8-cpu_dynamic,2,42,129.93188598193228
cpu,JNU,end_to_end,Q8-cpu_dynamic,2,43,125.42470201151446
cpu,JNU,end_to_end,Q8-cpu_dynamic,2,44,102.21492301207036
cpu,JNU,end_to_end,Q8-cpu_dynamic,2,45,130.58810296934098
cpu,JNU,end_to_end,Q8-cpu_dynamic,2,46,130.1644360064529
cpu,JNU,end_to_end,Q8-cpu_dynamic,2,47,129.11125598475337
cpu,JNU,end_to_end,Q8-cpu_dynamic,2,48,129.94914402952418
cpu,JNU,end_to_end,Q8-cpu_dynamic,2,49,129.35681000817567
cpu,JNU,end_to_end,Q8-cpu_dynamic,2,50,129.68526303302497
cpu,JNU,end_to_end,Q8-cpu_dynamic,2,51,129.78990899864584
cpu,JNU,end_to_end,Q8-cpu_dynamic,2,52,129.83192899264395
cpu,JNU,end_to_end,Q8-cpu_dynamic,2,53,130.16322202747688
cpu,JNU,end_to_end,Q8-cpu_dynamic,2,54,130.40440302575007
cpu,JNU,end_to_end,Q8-cpu_dynamic,2,55,129.9938900046982
cpu,JNU,end_to_end,Q8-cpu_dynamic,2,56,130.22128597367555
cpu,JNU,end_to_end,Q8-cpu_dynamic,2,57,130.37032599095255
cpu,JNU,end_to_end,Q8-cpu_dynamic,2,58,127.57135601714253
cpu,JNU,end_to_end,Q8-cpu_dynamic,2,59,127.63368099695072
cpu,JNU,end_to_end,Q8-cpu_dynamic,2,60,126.27605500165373
cpu,JNU,end_to_end,Q8-cpu_dynamic,2,61,129.00759797776118
cpu,JNU,end_to_end,Q8-cpu_dynamic,2,62,127.91771598858759
cpu,JNU,end_to_end,Q8-cpu_dynamic,2,63,127.00425798539072
cpu,JNU,end_to_end,Q8-cpu_dynamic,2,64,127.40188598399982
cpu,JNU,end_to_end,Q8-cpu_dynamic,2,65,128.7264649872668
cpu,JNU,end_to_end,Q8-cpu_dynamic,2,66,127.73838901193812
cpu,JNU,end_to_end,Q8-cpu_dynamic,2,67,127.66667595133185
cpu,JNU,end_to_end,Q8-cpu_dynamic,2,68,127.72550398949534
cpu,JNU,end_to_end,Q8-cpu_dynamic,2,69,127.87074001971632
cpu,JNU,end_to_end,Q8-cpu_dynamic,2,70,126.69927399838343
cpu,JNU,end_to_end,Q8-cpu_dynamic,2,71,127.63120199088007
cpu,JNU,end_to_end,Q8-cpu_dynamic,2,72,127.87484598811716
cpu,JNU,end_to_end,Q8-cpu_dynamic,2,73,128.51664796471596
cpu,JNU,end_to_end,Q8-cpu_dynamic,2,74,127.0636300323531
cpu,JNU,end_to_end,Q8-cpu_dynamic,2,75,128.02803900558501
cpu,JNU,end_to_end,Q8-cpu_dynamic,2,76,128.06026596808806
cpu,JNU,end_to_end,Q8-cpu_dynamic,2,77,123.76247200882062
cpu,JNU,end_to_end,Q8-cpu_dynamic,2,78,100.69249500520527
cpu,JNU,end_to_end,Q8-cpu_dynamic,2,79,128.0973039683886
cpu,JNU,end_to_end,Q8-cpu_dynamic,2,80,127.79196701012552
cpu,JNU,end_to_end,Q8-cpu_dynamic,2,81,128.01365094492212
cpu,JNU,end_to_end,Q8-cpu_dynamic,2,82,128.13597603235394
cpu,JNU,end_to_end,Q8-cpu_dynamic,2,83,127.98915599705651
cpu,JNU,end_to_end,Q8-cpu_dynamic,2,84,128.22801695438102
cpu,JNU,end_to_end,Q8-cpu_dynamic,2,85,128.6040199920535
cpu,JNU,end_to_end,Q8-cpu_dynamic,2,86,127.9788349638693
cpu,JNU,end_to_end,Q8-cpu_dynamic,2,87,127.95316096162423
cpu,JNU,end_to_end,Q8-cpu_dynamic,2,88,128.6766969715245
cpu,JNU,end_to_end,Q8-cpu_dynamic,2,89,129.82816499425098
cpu,JNU,end_to_end,Q8-cpu_dynamic,2,90,131.29784195916727
cpu,JNU,end_to_end,Q8-cpu_dynamic,2,91,127.6963819982484
cpu,JNU,end_to_end,Q8-cpu_dynamic,2,92,127.94551299884915
cpu,JNU,end_to_end,Q8-cpu_dynamic,2,93,127.81488697510213
cpu,JNU,end_to_end,Q8-cpu_dynamic,2,94,127.783342031762
cpu,JNU,end_to_end,Q8-cpu_dynamic,2,95,127.71243799943477
cpu,JNU,end_to_end,Q8-cpu_dynamic,2,96,128.51347000105307
cpu,JNU,end_to_end,Q8-cpu_dynamic,2,97,128.49596899468452
cpu,JNU,end_to_end,Q8-cpu_dynamic,2,98,127.60878104018047
cpu,JNU,end_to_end,Q8-cpu_dynamic,2,99,128.3075959654525
cpu,JNU,end_to_end,Q8-cpu_dynamic,2,100,128.44728701747954
cpu,JNU,end_to_end,Q8-cpu_dynamic,2,101,128.41424701036885
cpu,JNU,end_to_end,Q8-cpu_dynamic,2,102,128.13494401052594
cpu,JNU,end_to_end,Q8-cpu_dynamic,2,103,127.4891109787859
cpu,JNU,end_to_end,Q8-cpu_dynamic,2,104,129.04351501492783
cpu,JNU,end_to_end,Q8-cpu_dynamic,2,105,128.43207601690665
cpu,JNU,end_to_end,Q8-cpu_dynamic,2,106,128.38235800154507
cpu,JNU,end_to_end,Q8-cpu_dynamic,2,107,128.24803800322115
cpu,JNU,end_to_end,Q8-cpu_dynamic,2,108,128.37196397595108
cpu,JNU,end_to_end,Q8-cpu_dynamic,2,109,128.61412001075223
cpu,JNU,end_to_end,Q8-cpu_dynamic,2,110,128.33616498392075
cpu,JNU,end_to_end,Q8-cpu_dynamic,2,111,127.71031900774688
cpu,JNU,end_to_end,Q8-cpu_dynamic,2,112,128.6176689900458
cpu,JNU,end_to_end,Q8-cpu_dynamic,2,113,128.3878679969348
cpu,JNU,end_to_end,Q8-cpu_dynamic,2,114,128.4459659946151
cpu,JNU,end_to_end,Q8-cpu_dynamic,2,115,128.2275639823638
cpu,JNU,end_to_end,Q8-cpu_dynamic,2,116,128.91135294921696
cpu,JNU,end_to_end,Q8-cpu_dynamic,2,117,128.47472197609022
cpu,JNU,end_to_end,Q8-cpu_dynamic,2,118,127.18089699046686
cpu,JNU,end_to_end,Q8-cpu_dynamic,2,119,128.3938999986276
cpu,JNU,end_to_end,Q8-cpu_dynamic,2,120,115.34516199026257
cpu,JNU,end_to_end,Q8-cpu_dynamic,2,121,114.58316998323426
cpu,JNU,end_to_end,Q8-cpu_dynamic,2,122,125.82342000678182
cpu,JNU,end_to_end,Q8-cpu_dynamic,2,123,124.1762230056338
cpu,JNU,end_to_end,Q8-cpu_dynamic,2,124,124.11279598018155
cpu,JNU,end_to_end,Q8-cpu_dynamic,2,125,124.32827905286103
cpu,JNU,end_to_end,Q8-cpu_dynamic,2,126,124.22420899383724
cpu,JNU,end_to_end,Q8-cpu_dynamic,2,127,124.63008001213893
cpu,JNU,end_to_end,Q8-cpu_dynamic,2,128,124.68324595829472
cpu,JNU,end_to_end,Q8-cpu_dynamic,2,129,123.60081501537934
cpu,JNU,end_to_end,Q8-cpu_dynamic,2,130,124.56320400815457
cpu,JNU,end_to_end,Q8-cpu_dynamic,2,131,124.58245700690895
cpu,JNU,end_to_end,Q8-cpu_dynamic,2,132,124.71460900269449
cpu,JNU,end_to_end,Q8-cpu_dynamic,2,133,124.75870701018721
cpu,JNU,end_to_end,Q8-cpu_dynamic,2,134,124.64016099693254
cpu,JNU,end_to_end,Q8-cpu_dynamic,2,135,125.17871899763122
cpu,JNU,end_to_end,Q8-cpu_dynamic,2,136,125.01092895399779
cpu,JNU,end_to_end,Q8-cpu_dynamic,2,137,124.93205396458507
cpu,JNU,end_to_end,Q8-cpu_dynamic,2,138,124.59996400866657
cpu,JNU,end_to_end,Q8-cpu_dynamic,2,139,124.61173901101574
cpu,JNU,end_to_end,Q8-cpu_dynamic,2,140,124.92808199021965
cpu,JNU,end_to_end,Q8-cpu_dynamic,2,141,123.51432803552598
cpu,JNU,end_to_end,Q8-cpu_dynamic,2,142,118.07072104420513
cpu,JNU,end_to_end,Q8-cpu_dynamic,2,143,125.37572701694444
cpu,JNU,end_to_end,Q8-cpu_dynamic,2,144,125.47839595936239
cpu,JNU,end_to_end,Q8-cpu_dynamic,2,145,123.85077797807753
cpu,JNU,end_to_end,Q8-cpu_dynamic,2,146,125.11935702059418
cpu,JNU,end_to_end,Q8-cpu_dynamic,2,147,125.11353002628312
cpu,JNU,end_to_end,Q8-cpu_dynamic,2,148,125.35749201197177
cpu,JNU,end_to_end,Q8-cpu_dynamic,2,149,125.60043000848964
cpu,JNU,end_to_end,Q8-cpu_dynamic,2,150,125.43664698023349
cpu,JNU,end_to_end,Q8-cpu_dynamic,2,151,124.13713498972356
cpu,JNU,end_to_end,Q8-cpu_dynamic,2,152,127.69668200053275
cpu,JNU,end_to_end,Q8-cpu_dynamic,2,153,125.31494104769081
cpu,JNU,end_to_end,Q8-cpu_dynamic,2,154,125.65134902251884
cpu,JNU,end_to_end,Q8-cpu_dynamic,2,155,125.98402699222788
cpu,JNU,end_to_end,Q8-cpu_dynamic,2,156,124.67780901351944
cpu,JNU,end_to_end,Q8-cpu_dynamic,2,157,125.6683969986625
cpu,JNU,end_to_end,Q8-cpu_dynamic,2,158,125.67385903093964
cpu,JNU,end_to_end,Q8-cpu_dynamic,2,159,126.05259899282828
cpu,JNU,end_to_end,Q8-cpu_dynamic,2,160,126.02752295788378
cpu,JNU,end_to_end,Q8-cpu_dynamic,2,161,124.70243795542046
cpu,JNU,end_to_end,Q8-cpu_dynamic,2,162,125.74512098217383
cpu,JNU,end_to_end,Q8-cpu_dynamic,2,163,125.96622097771615
cpu,JNU,end_to_end,Q8-cpu_dynamic,2,164,125.97979296697304
cpu,JNU,end_to_end,Q8-cpu_dynamic,2,165,126.04506895877421
cpu,JNU,end_to_end,Q8-cpu_dynamic,2,166,126.12433900358155
cpu,JNU,end_to_end,Q8-cpu_dynamic,2,167,126.47859699791297
cpu,JNU,end_to_end,Q8-cpu_dynamic,2,168,126.67094299104065
cpu,JNU,end_to_end,Q8-cpu_dynamic,2,169,126.46681495243683
cpu,JNU,end_to_end,Q8-cpu_dynamic,2,170,126.28681102069095
cpu,JNU,end_to_end,Q8-cpu_dynamic,2,171,126.3867569505237
cpu,JNU,end_to_end,Q8-cpu_dynamic,2,172,125.5614940309897
cpu,JNU,end_to_end,Q8-cpu_dynamic,2,173,126.40066695166752
cpu,JNU,end_to_end,Q8-cpu_dynamic,2,174,126.4057339867577
cpu,JNU,end_to_end,Q8-cpu_dynamic,2,175,126.50057702558115
cpu,JNU,end_to_end,Q8-cpu_dynamic,2,176,127.34943599207327
cpu,JNU,end_to_end,Q8-cpu_dynamic,2,177,126.70944799901918
cpu,JNU,end_to_end,Q8-cpu_dynamic,2,178,126.94050802383572
cpu,JNU,end_to_end,Q8-cpu_dynamic,2,179,125.8807770209387
cpu,JNU,end_to_end,Q8-cpu_dynamic,2,180,126.81565503589809
cpu,JNU,end_to_end,Q8-cpu_dynamic,2,181,126.43107300391421
cpu,JNU,end_to_end,Q8-cpu_dynamic,2,182,126.92215497372672
cpu,JNU,end_to_end,Q8-cpu_dynamic,2,183,127.1094199619256
cpu,JNU,end_to_end,Q8-cpu_dynamic,2,184,127.17439001426101
cpu,JNU,end_to_end,Q8-cpu_dynamic,2,185,127.0512220216915
cpu,JNU,end_to_end,Q8-cpu_dynamic,2,186,127.28223600424826
cpu,JNU,end_to_end,Q8-cpu_dynamic,2,187,127.04483297420666
cpu,JNU,end_to_end,Q8-cpu_dynamic,2,188,126.96548202075064
cpu,JNU,end_to_end,Q8-cpu_dynamic,2,189,126.67053902987391
cpu,JNU,end_to_end,Q8-cpu_dynamic,2,190,126.8733799806796
cpu,JNU,end_to_end,Q8-cpu_dynamic,2,191,127.16090399771929
cpu,JNU,end_to_end,Q8-cpu_dynamic,2,192,127.51445698086172
cpu,JNU,end_to_end,Q8-cpu_dynamic,2,193,127.25275196135044
cpu,JNU,end_to_end,Q8-cpu_dynamic,2,194,127.6931669563055
cpu,JNU,end_to_end,Q8-cpu_dynamic,2,195,126.89341499935836
cpu,JNU,end_to_end,Q8-cpu_dynamic,2,196,127.70460301544517
cpu,JNU,end_to_end,Q8-cpu_dynamic,2,197,127.47663998743519
cpu,JNU,end_to_end,Q8-cpu_dynamic,2,198,127.85988004179671
cpu,JNU,end_to_end,Q8-cpu_dynamic,2,199,128.11672798125073
cpu,JNU,end_to_end,Q8-cpu_dynamic,2,200,127.93087400496006
cpu,JNU,end_to_end,Q8-cpu_dynamic,2,201,126.72175496118143
cpu,JNU,end_to_end,Q8-cpu_dynamic,2,202,127.49363703187555
cpu,JNU,end_to_end,Q8-cpu_dynamic,2,203,127.7468089829199
cpu,JNU,end_to_end,Q8-cpu_dynamic,2,204,127.85779102705419
cpu,JNU,end_to_end,Q8-cpu_dynamic,2,205,127.15346802724525
cpu,JNU,end_to_end,Q8-cpu_dynamic,2,206,127.79626500559971
cpu,JNU,end_to_end,Q8-cpu_dynamic,2,207,127.99821200314909
cpu,JNU,end_to_end,Q8-cpu_dynamic,2,208,128.16435500280932
cpu,JNU,end_to_end,Q8-cpu_dynamic,2,209,128.1098290346563
cpu,JNU,end_to_end,Q8-cpu_dynamic,2,210,127.91560898767784
cpu,JNU,end_to_end,Q8-cpu_dynamic,2,211,128.3202050253749
cpu,JNU,end_to_end,Q8-cpu_dynamic,2,212,128.41198296518996
cpu,JNU,end_to_end,Q8-cpu_dynamic,2,213,127.87737499456853
cpu,JNU,end_to_end,Q8-cpu_dynamic,2,214,128.28543299110606
cpu,JNU,end_to_end,Q8-cpu_dynamic,2,215,128.50391899701208
cpu,JNU,end_to_end,Q8-cpu_dynamic,2,216,128.42497997917235
cpu,JNU,end_to_end,Q8-cpu_dynamic,2,217,128.62220400711522
cpu,JNU,end_to_end,Q8-cpu_dynamic,2,218,123.44154698075727
cpu,JNU,end_to_end,Q8-cpu_dynamic,2,219,101.67639900464565
cpu,JNU,end_to_end,Q8-cpu_dynamic,2,220,129.50261699734256
cpu,JNU,end_to_end,Q8-cpu_dynamic,2,221,123.49718395853415
cpu,JNU,end_to_end,Q8-cpu_dynamic,2,222,101.68401099508628
cpu,JNU,end_to_end,Q8-cpu_dynamic,2,223,130.70993003202602
cpu,JNU,end_to_end,Q8-cpu_dynamic,2,224,128.39878001250327
cpu,JNU,end_to_end,Q8-cpu_dynamic,2,225,128.59646702418104
cpu,JNU,end_to_end,Q8-cpu_dynamic,2,226,128.57878801878542
cpu,JNU,end_to_end,Q8-cpu_dynamic,2,227,128.8446790422313
cpu,JNU,end_to_end,Q8-cpu_dynamic,2,228,128.63710097735748
cpu,JNU,end_to_end,Q8-cpu_dynamic,2,229,128.72675602557138
cpu,JNU,end_to_end,Q8-cpu_dynamic,2,230,128.99151298915967
cpu,JNU,end_to_end,Q8-cpu_dynamic,2,231,129.17996803298593
cpu,JNU,end_to_end,Q8-cpu_dynamic,2,232,129.40352101577446
cpu,JNU,end_to_end,Q8-cpu_dynamic,2,233,129.2162549798377
cpu,JNU,end_to_end,Q8-cpu_dynamic,2,234,128.96162597462535
cpu,JNU,end_to_end,Q8-cpu_dynamic,2,235,124.7576970490627
cpu,JNU,end_to_end,Q8-cpu_dynamic,2,236,127.8479679604061
cpu,JNU,end_to_end,Q8-cpu_dynamic,2,237,128.9009810425341
cpu,JNU,end_to_end,Q8-cpu_dynamic,2,238,129.27707599010319
cpu,JNU,end_to_end,Q8-cpu_dynamic,2,239,123.96032398100942
cpu,JNU,end_to_end,Q8-cpu_dynamic,2,240,102.93438198277727
cpu,JNU,end_to_end,Q8-cpu_dynamic,2,241,125.083785969764
cpu,JNU,end_to_end,Q8-cpu_dynamic,2,242,102.22742200130597
cpu,JNU,end_to_end,Q8-cpu_dynamic,2,243,129.87768795574084
cpu,JNU,end_to_end,Q8-cpu_dynamic,2,244,129.3597049661912
cpu,JNU,end_to_end,Q8-cpu_dynamic,2,245,129.5443790149875
cpu,JNU,end_to_end,Q8-cpu_dynamic,2,246,129.37637703726068
cpu,JNU,end_to_end,Q8-cpu_dynamic,2,247,130.21929102251306
cpu,JNU,end_to_end,Q8-cpu_dynamic,2,248,129.83816099585965
cpu,JNU,end_to_end,Q8-cpu_dynamic,2,249,129.98620100552216
cpu,JNU,end_to_end,Q8-cpu_dynamic,3,0,129.68098500277847
cpu,JNU,end_to_end,Q8-cpu_dynamic,3,1,128.7030769744888
cpu,JNU,end_to_end,Q8-cpu_dynamic,3,2,129.53781004762277
cpu,JNU,end_to_end,Q8-cpu_dynamic,3,3,129.51866100775078
cpu,JNU,end_to_end,Q8-cpu_dynamic,3,4,129.4485210091807
cpu,JNU,end_to_end,Q8-cpu_dynamic,3,5,126.82853604201227
cpu,JNU,end_to_end,Q8-cpu_dynamic,3,6,102.09261503769085
cpu,JNU,end_to_end,Q8-cpu_dynamic,3,7,129.58007905399427
cpu,JNU,end_to_end,Q8-cpu_dynamic,3,8,129.49924898566678
cpu,JNU,end_to_end,Q8-cpu_dynamic,3,9,130.33831398934126
cpu,JNU,end_to_end,Q8-cpu_dynamic,3,10,129.57412202376872
cpu,JNU,end_to_end,Q8-cpu_dynamic,3,11,129.26161795621738
cpu,JNU,end_to_end,Q8-cpu_dynamic,3,12,129.89748996915296
cpu,JNU,end_to_end,Q8-cpu_dynamic,3,13,129.71959804417565
cpu,JNU,end_to_end,Q8-cpu_dynamic,3,14,129.5156329870224
cpu,JNU,end_to_end,Q8-cpu_dynamic,3,15,124.6567820198834
cpu,JNU,end_to_end,Q8-cpu_dynamic,3,16,102.23772801691666
cpu,JNU,end_to_end,Q8-cpu_dynamic,3,17,129.966982989572
cpu,JNU,end_to_end,Q8-cpu_dynamic,3,18,128.61417303793132
cpu,JNU,end_to_end,Q8-cpu_dynamic,3,19,129.06670896336436
cpu,JNU,end_to_end,Q8-cpu_dynamic,3,20,129.7173710190691
cpu,JNU,end_to_end,Q8-cpu_dynamic,3,21,129.27025300450623
cpu,JNU,end_to_end,Q8-cpu_dynamic,3,22,129.58081701071933
cpu,JNU,end_to_end,Q8-cpu_dynamic,3,23,129.98374400194734
cpu,JNU,end_to_end,Q8-cpu_dynamic,3,24,130.12288603931665
cpu,JNU,end_to_end,Q8-cpu_dynamic,3,25,130.61463000485674
cpu,JNU,end_to_end,Q8-cpu_dynamic,3,26,129.57065599039197
cpu,JNU,end_to_end,Q8-cpu_dynamic,3,27,129.57257102243602
cpu,JNU,end_to_end,Q8-cpu_dynamic,3,28,129.81826101895422
cpu,JNU,end_to_end,Q8-cpu_dynamic,3,29,125.34176796907559
cpu,JNU,end_to_end,Q8-cpu_dynamic,3,30,102.61768504278734
cpu,JNU,end_to_end,Q8-cpu_dynamic,3,31,130.11962897144258
cpu,JNU,end_to_end,Q8-cpu_dynamic,3,32,130.1501269917935
cpu,JNU,end_to_end,Q8-cpu_dynamic,3,33,130.07537403609604
cpu,JNU,end_to_end,Q8-cpu_dynamic,3,34,129.9988700193353
cpu,JNU,end_to_end,Q8-cpu_dynamic,3,35,128.7687480216846
cpu,JNU,end_to_end,Q8-cpu_dynamic,3,36,128.8065300323069
cpu,JNU,end_to_end,Q8-cpu_dynamic,3,37,130.53278799634427
cpu,JNU,end_to_end,Q8-cpu_dynamic,3,38,130.0405740039423
cpu,JNU,end_to_end,Q8-cpu_dynamic,3,39,128.3758120262064
cpu,JNU,end_to_end,Q8-cpu_dynamic,3,40,119.38204703619704
cpu,JNU,end_to_end,Q8-cpu_dynamic,3,41,120.1326580485329
cpu,JNU,end_to_end,Q8-cpu_dynamic,3,42,121.23682303354144
cpu,JNU,end_to_end,Q8-cpu_dynamic,3,43,120.92596298316494
cpu,JNU,end_to_end,Q8-cpu_dynamic,3,44,121.46356201265007
cpu,JNU,end_to_end,Q8-cpu_dynamic,3,45,124.67726704198867
cpu,JNU,end_to_end,Q8-cpu_dynamic,3,46,131.20466499822214
cpu,JNU,end_to_end,Q8-cpu_dynamic,3,47,131.2129840371199
cpu,JNU,end_to_end,Q8-cpu_dynamic,3,48,130.1377690397203
cpu,JNU,end_to_end,Q8-cpu_dynamic,3,49,131.67837803484872
cpu,JNU,end_to_end,Q8-cpu_dynamic,3,50,132.02156900661066
cpu,JNU,end_to_end,Q8-cpu_dynamic,3,51,130.09379501454532
cpu,JNU,end_to_end,Q8-cpu_dynamic,3,52,130.24960702750832
cpu,JNU,end_to_end,Q8-cpu_dynamic,3,53,130.05666102981195
cpu,JNU,end_to_end,Q8-cpu_dynamic,3,54,130.82971196854487
cpu,JNU,end_to_end,Q8-cpu_dynamic,3,55,129.02511400170624
cpu,JNU,end_to_end,Q8-cpu_dynamic,3,56,129.0323340217583
cpu,JNU,end_to_end,Q8-cpu_dynamic,3,57,129.06469794688746
cpu,JNU,end_to_end,Q8-cpu_dynamic,3,58,129.12730395328254
cpu,JNU,end_to_end,Q8-cpu_dynamic,3,59,129.60120203206316
cpu,JNU,end_to_end,Q8-cpu_dynamic,3,60,129.4297189451754
cpu,JNU,end_to_end,Q8-cpu_dynamic,3,61,129.31757199112326
cpu,JNU,end_to_end,Q8-cpu_dynamic,3,62,129.5353650348261
cpu,JNU,end_to_end,Q8-cpu_dynamic,3,63,129.1133880149573
cpu,JNU,end_to_end,Q8-cpu_dynamic,3,64,130.02836698433384
cpu,JNU,end_to_end,Q8-cpu_dynamic,3,65,128.31448001088575
cpu,JNU,end_to_end,Q8-cpu_dynamic,3,66,129.15232399245724
cpu,JNU,end_to_end,Q8-cpu_dynamic,3,67,128.60766798257828
cpu,JNU,end_to_end,Q8-cpu_dynamic,3,68,129.81912499526516
cpu,JNU,end_to_end,Q8-cpu_dynamic,3,69,129.4875579769723
cpu,JNU,end_to_end,Q8-cpu_dynamic,3,70,129.56773402402177
cpu,JNU,end_to_end,Q8-cpu_dynamic,3,71,128.92547802766785
cpu,JNU,end_to_end,Q8-cpu_dynamic,3,72,129.76275302935392
cpu,JNU,end_to_end,Q8-cpu_dynamic,3,73,128.3536729752086
cpu,JNU,end_to_end,Q8-cpu_dynamic,3,74,129.84447996132076
cpu,JNU,end_to_end,Q8-cpu_dynamic,3,75,129.93264402030036
cpu,JNU,end_to_end,Q8-cpu_dynamic,3,76,129.80483297724277
cpu,JNU,end_to_end,Q8-cpu_dynamic,3,77,129.65361797250807
cpu,JNU,end_to_end,Q8-cpu_dynamic,3,78,129.42882400238886
cpu,JNU,end_to_end,Q8-cpu_dynamic,3,79,129.86633699620143
cpu,JNU,end_to_end,Q8-cpu_dynamic,3,80,129.34502895222977
cpu,JNU,end_to_end,Q8-cpu_dynamic,3,81,124.63300599483773
cpu,JNU,end_to_end,Q8-cpu_dynamic,3,82,102.87555505055934
cpu,JNU,end_to_end,Q8-cpu_dynamic,3,83,130.3523980313912
cpu,JNU,end_to_end,Q8-cpu_dynamic,3,84,128.5601410199888
cpu,JNU,end_to_end,Q8-cpu_dynamic,3,85,121.69009499484673
cpu,JNU,end_to_end,Q8-cpu_dynamic,3,86,129.64192795334384
cpu,JNU,end_to_end,Q8-cpu_dynamic,3,87,129.8077889950946
cpu,JNU,end_to_end,Q8-cpu_dynamic,3,88,129.5910649932921
cpu,JNU,end_to_end,Q8-cpu_dynamic,3,89,129.88208403112367
cpu,JNU,end_to_end,Q8-cpu_dynamic,3,90,129.8244110075757
cpu,JNU,end_to_end,Q8-cpu_dynamic,3,91,130.00455201836303
cpu,JNU,end_to_end,Q8-cpu_dynamic,3,92,130.0637079984881
cpu,JNU,end_to_end,Q8-cpu_dynamic,3,93,130.02645602682605
cpu,JNU,end_to_end,Q8-cpu_dynamic,3,94,130.08008303586394
cpu,JNU,end_to_end,Q8-cpu_dynamic,3,95,131.45816000178456
cpu,JNU,end_to_end,Q8-cpu_dynamic,3,96,129.9345230218023
cpu,JNU,end_to_end,Q8-cpu_dynamic,3,97,130.13535196660087
cpu,JNU,end_to_end,Q8-cpu_dynamic,3,98,129.75950801046565
cpu,JNU,end_to_end,Q8-cpu_dynamic,3,99,130.44085598085076
cpu,JNU,end_to_end,Q8-cpu_dynamic,3,100,130.44199295109138
cpu,JNU,end_to_end,Q8-cpu_dynamic,3,101,130.17952197697014
cpu,JNU,end_to_end,Q8-cpu_dynamic,3,102,130.21508703241125
cpu,JNU,end_to_end,Q8-cpu_dynamic,3,103,130.45943103497848
cpu,JNU,end_to_end,Q8-cpu_dynamic,3,104,129.0217870264314
cpu,JNU,end_to_end,Q8-cpu_dynamic,3,105,125.21803198615089
cpu,JNU,end_to_end,Q8-cpu_dynamic,3,106,104.63077301392332
cpu,JNU,end_to_end,Q8-cpu_dynamic,3,107,131.32573699112982
cpu,JNU,end_to_end,Q8-cpu_dynamic,3,108,129.99419699190184
cpu,JNU,end_to_end,Q8-cpu_dynamic,3,109,129.87410800997168
cpu,JNU,end_to_end,Q8-cpu_dynamic,3,110,129.8633249825798
cpu,JNU,end_to_end,Q8-cpu_dynamic,3,111,129.7661029966548
cpu,JNU,end_to_end,Q8-cpu_dynamic,3,112,129.9454309628345
cpu,JNU,end_to_end,Q8-cpu_dynamic,3,113,129.76360594620928
cpu,JNU,end_to_end,Q8-cpu_dynamic,3,114,129.83627599896863
cpu,JNU,end_to_end,Q8-cpu_dynamic,3,115,126.85074500041083
cpu,JNU,end_to_end,Q8-cpu_dynamic,3,116,127.41522898431867
cpu,JNU,end_to_end,Q8-cpu_dynamic,3,117,127.67922499915585
cpu,JNU,end_to_end,Q8-cpu_dynamic,3,118,127.65408697305247
cpu,JNU,end_to_end,Q8-cpu_dynamic,3,119,127.38935899687931
cpu,JNU,end_to_end,Q8-cpu_dynamic,3,120,127.28155398508534
cpu,JNU,end_to_end,Q8-cpu_dynamic,3,121,127.32582603348419
cpu,JNU,end_to_end,Q8-cpu_dynamic,3,122,128.19281604606658
cpu,JNU,end_to_end,Q8-cpu_dynamic,3,123,127.78968299971893
cpu,JNU,end_to_end,Q8-cpu_dynamic,3,124,128.09616897720844
cpu,JNU,end_to_end,Q8-cpu_dynamic,3,125,127.9008419951424
cpu,JNU,end_to_end,Q8-cpu_dynamic,3,126,127.74356600129977
cpu,JNU,end_to_end,Q8-cpu_dynamic,3,127,127.79638601932675
cpu,JNU,end_to_end,Q8-cpu_dynamic,3,128,127.63237103354186
cpu,JNU,end_to_end,Q8-cpu_dynamic,3,129,125.91980100842193
cpu,JNU,end_to_end,Q8-cpu_dynamic,3,130,121.54808500781655
cpu,JNU,end_to_end,Q8-cpu_dynamic,3,131,128.58874298399314
cpu,JNU,end_to_end,Q8-cpu_dynamic,3,132,127.99909198656678
cpu,JNU,end_to_end,Q8-cpu_dynamic,3,133,127.1400330006145
cpu,JNU,end_to_end,Q8-cpu_dynamic,3,134,129.12481202511117
cpu,JNU,end_to_end,Q8-cpu_dynamic,3,135,127.92529101716354
cpu,JNU,end_to_end,Q8-cpu_dynamic,3,136,127.86300299922004
cpu,JNU,end_to_end,Q8-cpu_dynamic,3,137,128.2513159676455
cpu,JNU,end_to_end,Q8-cpu_dynamic,3,138,127.9736099531874
cpu,JNU,end_to_end,Q8-cpu_dynamic,3,139,123.65835095988587
cpu,JNU,end_to_end,Q8-cpu_dynamic,3,140,101.20141203515232
cpu,JNU,end_to_end,Q8-cpu_dynamic,3,141,128.21795098716393
cpu,JNU,end_to_end,Q8-cpu_dynamic,3,142,128.19743098225445
cpu,JNU,end_to_end,Q8-cpu_dynamic,3,143,129.6688789734617
cpu,JNU,end_to_end,Q8-cpu_dynamic,3,144,128.09554499108344
cpu,JNU,end_to_end,Q8-cpu_dynamic,3,145,123.95713705336675
cpu,JNU,end_to_end,Q8-cpu_dynamic,3,146,101.65802598930895
cpu,JNU,end_to_end,Q8-cpu_dynamic,3,147,128.47358302678913
cpu,JNU,end_to_end,Q8-cpu_dynamic,3,148,128.27072001527995
cpu,JNU,end_to_end,Q8-cpu_dynamic,3,149,128.32195201190189
cpu,JNU,end_to_end,Q8-cpu_dynamic,3,150,128.3542379969731
cpu,JNU,end_to_end,Q8-cpu_dynamic,3,151,127.94916896382347
cpu,JNU,end_to_end,Q8-cpu_dynamic,3,152,128.05354094598442
cpu,JNU,end_to_end,Q8-cpu_dynamic,3,153,128.35510697914287
cpu,JNU,end_to_end,Q8-cpu_dynamic,3,154,129.32704301783815
cpu,JNU,end_to_end,Q8-cpu_dynamic,3,155,128.3852750202641
cpu,JNU,end_to_end,Q8-cpu_dynamic,3,156,129.16815298376605
cpu,JNU,end_to_end,Q8-cpu_dynamic,3,157,128.46328096929938
cpu,JNU,end_to_end,Q8-cpu_dynamic,3,158,128.6045890301466
cpu,JNU,end_to_end,Q8-cpu_dynamic,3,159,128.28723998973146
cpu,JNU,end_to_end,Q8-cpu_dynamic,3,160,128.50101402727887
cpu,JNU,end_to_end,Q8-cpu_dynamic,3,161,128.8714199909009
cpu,JNU,end_to_end,Q8-cpu_dynamic,3,162,128.96121601806954
cpu,JNU,end_to_end,Q8-cpu_dynamic,3,163,128.66237200796604
cpu,JNU,end_to_end,Q8-cpu_dynamic,3,164,128.60444403486326
cpu,JNU,end_to_end,Q8-cpu_dynamic,3,165,128.62393097020686
cpu,JNU,end_to_end,Q8-cpu_dynamic,3,166,129.03329299297184
cpu,JNU,end_to_end,Q8-cpu_dynamic,3,167,128.42024298151955
cpu,JNU,end_to_end,Q8-cpu_dynamic,3,168,128.40245600091293
cpu,JNU,end_to_end,Q8-cpu_dynamic,3,169,128.9080039714463
cpu,JNU,end_to_end,Q8-cpu_dynamic,3,170,128.92381695564836
cpu,JNU,end_to_end,Q8-cpu_dynamic,3,171,128.38379899039865
cpu,JNU,end_to_end,Q8-cpu_dynamic,3,172,123.92709200503305
cpu,JNU,end_to_end,Q8-cpu_dynamic,3,173,100.93333595432341
cpu,JNU,end_to_end,Q8-cpu_dynamic,3,174,129.37061995035037
cpu,JNU,end_to_end,Q8-cpu_dynamic,3,175,128.6262180074118
cpu,JNU,end_to_end,Q8-cpu_dynamic,3,176,128.62495402805507
cpu,JNU,end_to_end,Q8-cpu_dynamic,3,177,128.53697396349162
cpu,JNU,end_to_end,Q8-cpu_dynamic,3,178,128.58887197216973
cpu,JNU,end_to_end,Q8-cpu_dynamic,3,179,128.54388303821906
cpu,JNU,end_to_end,Q8-cpu_dynamic,3,180,123.97298100404441
cpu,JNU,end_to_end,Q8-cpu_dynamic,3,181,101.9768479745835
cpu,JNU,end_to_end,Q8-cpu_dynamic,3,182,130.19729999359697
cpu,JNU,end_to_end,Q8-cpu_dynamic,3,183,128.92371602356434
cpu,JNU,end_to_end,Q8-cpu_dynamic,3,184,128.9838469820097
cpu,JNU,end_to_end,Q8-cpu_dynamic,3,185,129.28380398079753
cpu,JNU,end_to_end,Q8-cpu_dynamic,3,186,129.06991899944842
cpu,JNU,end_to_end,Q8-cpu_dynamic,3,187,129.44762298138812
cpu,JNU,end_to_end,Q8-cpu_dynamic,3,188,128.03641404025257
cpu,JNU,end_to_end,Q8-cpu_dynamic,3,189,128.91261302866042
cpu,JNU,end_to_end,Q8-cpu_dynamic,3,190,129.026408016216
cpu,JNU,end_to_end,Q8-cpu_dynamic,3,191,128.81307501811534
cpu,JNU,end_to_end,Q8-cpu_dynamic,3,192,128.94800101639703
cpu,JNU,end_to_end,Q8-cpu_dynamic,3,193,129.20103000942618
cpu,JNU,end_to_end,Q8-cpu_dynamic,3,194,127.51364195719361
cpu,JNU,end_to_end,Q8-cpu_dynamic,3,195,119.03215403435752
cpu,JNU,end_to_end,Q8-cpu_dynamic,3,196,119.45757002104074
cpu,JNU,end_to_end,Q8-cpu_dynamic,3,197,119.87632099771872
cpu,JNU,end_to_end,Q8-cpu_dynamic,3,198,119.92742901202291
cpu,JNU,end_to_end,Q8-cpu_dynamic,3,199,119.73705800483003
cpu,JNU,end_to_end,Q8-cpu_dynamic,3,200,119.71778504084796
cpu,JNU,end_to_end,Q8-cpu_dynamic,3,201,120.19079801393673
cpu,JNU,end_to_end,Q8-cpu_dynamic,3,202,117.0708280405961
cpu,JNU,end_to_end,Q8-cpu_dynamic,3,203,123.92504001036286
cpu,JNU,end_to_end,Q8-cpu_dynamic,3,204,119.54739200882614
cpu,JNU,end_to_end,Q8-cpu_dynamic,3,205,119.62369497632608
cpu,JNU,end_to_end,Q8-cpu_dynamic,3,206,119.61545195663348
cpu,JNU,end_to_end,Q8-cpu_dynamic,3,207,121.50008097523823
cpu,JNU,end_to_end,Q8-cpu_dynamic,3,208,129.43664798513055
cpu,JNU,end_to_end,Q8-cpu_dynamic,3,209,129.78339003166184
cpu,JNU,end_to_end,Q8-cpu_dynamic,3,210,129.43024100968614
cpu,JNU,end_to_end,Q8-cpu_dynamic,3,211,130.06123603554443
cpu,JNU,end_to_end,Q8-cpu_dynamic,3,212,129.524220013991
cpu,JNU,end_to_end,Q8-cpu_dynamic,3,213,129.579967004247
cpu,JNU,end_to_end,Q8-cpu_dynamic,3,214,129.78668400319293
cpu,JNU,end_to_end,Q8-cpu_dynamic,3,215,131.5414890414104
cpu,JNU,end_to_end,Q8-cpu_dynamic,3,216,129.63032099651173
cpu,JNU,end_to_end,Q8-cpu_dynamic,3,217,129.94565500412136
cpu,JNU,end_to_end,Q8-cpu_dynamic,3,218,129.88403299823403
cpu,JNU,end_to_end,Q8-cpu_dynamic,3,219,130.15173003077507
cpu,JNU,end_to_end,Q8-cpu_dynamic,3,220,129.86854696646333
cpu,JNU,end_to_end,Q8-cpu_dynamic,3,221,129.91784600308165
cpu,JNU,end_to_end,Q8-cpu_dynamic,3,222,130.521384999156
cpu,JNU,end_to_end,Q8-cpu_dynamic,3,223,129.4586369767785
cpu,JNU,end_to_end,Q8-cpu_dynamic,3,224,130.09981898358092
cpu,JNU,end_to_end,Q8-cpu_dynamic,3,225,130.2654950413853
cpu,JNU,end_to_end,Q8-cpu_dynamic,3,226,130.1760270143859
cpu,JNU,end_to_end,Q8-cpu_dynamic,3,227,129.92621696321294
cpu,JNU,end_to_end,Q8-cpu_dynamic,3,228,129.92364499950781
cpu,JNU,end_to_end,Q8-cpu_dynamic,3,229,129.80317400069907
cpu,JNU,end_to_end,Q8-cpu_dynamic,3,230,129.47769899619743
cpu,JNU,end_to_end,Q8-cpu_dynamic,3,231,129.56373899942264
cpu,JNU,end_to_end,Q8-cpu_dynamic,3,232,129.95308596873656
cpu,JNU,end_to_end,Q8-cpu_dynamic,3,233,124.20418299734592
cpu,JNU,end_to_end,Q8-cpu_dynamic,3,234,102.74816100718454
cpu,JNU,end_to_end,Q8-cpu_dynamic,3,235,129.5167210046202
cpu,JNU,end_to_end,Q8-cpu_dynamic,3,236,129.45949897402897
cpu,JNU,end_to_end,Q8-cpu_dynamic,3,237,129.5249920221977
cpu,JNU,end_to_end,Q8-cpu_dynamic,3,238,131.4430870115757
cpu,JNU,end_to_end,Q8-cpu_dynamic,3,239,131.90554705215618
cpu,JNU,end_to_end,Q8-cpu_dynamic,3,240,130.05145103670657
cpu,JNU,end_to_end,Q8-cpu_dynamic,3,241,129.79897600598633
cpu,JNU,end_to_end,Q8-cpu_dynamic,3,242,129.85297903651372
cpu,JNU,end_to_end,Q8-cpu_dynamic,3,243,129.65540000004694
cpu,JNU,end_to_end,Q8-cpu_dynamic,3,244,129.97180002275854
cpu,JNU,end_to_end,Q8-cpu_dynamic,3,245,129.71705599920824
cpu,JNU,end_to_end,Q8-cpu_dynamic,3,246,129.9495690036565
cpu,JNU,end_to_end,Q8-cpu_dynamic,3,247,130.018973024562
cpu,JNU,end_to_end,Q8-cpu_dynamic,3,248,130.1702359924093
cpu,JNU,end_to_end,Q8-cpu_dynamic,3,249,129.96915297117084
cpu,JNU,end_to_end,K1-FP32,3,0,137.24789599655196
cpu,JNU,end_to_end,K1-FP32,3,1,136.400279996451
cpu,JNU,end_to_end,K1-FP32,3,2,135.9819500357844
cpu,JNU,end_to_end,K1-FP32,3,3,136.19319297140464
cpu,JNU,end_to_end,K1-FP32,3,4,136.48258103057742
cpu,JNU,end_to_end,K1-FP32,3,5,135.55620098486543
cpu,JNU,end_to_end,K1-FP32,3,6,136.74298400292173
cpu,JNU,end_to_end,K1-FP32,3,7,136.1112369922921
cpu,JNU,end_to_end,K1-FP32,3,8,136.43185002729297
cpu,JNU,end_to_end,K1-FP32,3,9,136.57056400552392
cpu,JNU,end_to_end,K1-FP32,3,10,136.13179203821346
cpu,JNU,end_to_end,K1-FP32,3,11,135.98917599301785
cpu,JNU,end_to_end,K1-FP32,3,12,136.26067695440724
cpu,JNU,end_to_end,K1-FP32,3,13,135.16426098067313
cpu,JNU,end_to_end,K1-FP32,3,14,124.65364002855495
cpu,JNU,end_to_end,K1-FP32,3,15,124.68847702257335
cpu,JNU,end_to_end,K1-FP32,3,16,125.1402220223099
cpu,JNU,end_to_end,K1-FP32,3,17,126.95384497055784
cpu,JNU,end_to_end,K1-FP32,3,18,135.80296403961256
cpu,JNU,end_to_end,K1-FP32,3,19,136.50309899821877
cpu,JNU,end_to_end,K1-FP32,3,20,137.65030802460387
cpu,JNU,end_to_end,K1-FP32,3,21,137.3176810448058
cpu,JNU,end_to_end,K1-FP32,3,22,136.15117501467466
cpu,JNU,end_to_end,K1-FP32,3,23,136.69696199940518
cpu,JNU,end_to_end,K1-FP32,3,24,134.72067296970636
cpu,JNU,end_to_end,K1-FP32,3,25,125.45825500274077
cpu,JNU,end_to_end,K1-FP32,3,26,126.96548196254298
cpu,JNU,end_to_end,K1-FP32,3,27,137.71421601995826
cpu,JNU,end_to_end,K1-FP32,3,28,137.70159101113677
cpu,JNU,end_to_end,K1-FP32,3,29,136.71735202660784
cpu,JNU,end_to_end,K1-FP32,3,30,137.06426101271063
cpu,JNU,end_to_end,K1-FP32,3,31,136.33831701008603
cpu,JNU,end_to_end,K1-FP32,3,32,136.60421001259238
cpu,JNU,end_to_end,K1-FP32,3,33,131.78748602513224
cpu,JNU,end_to_end,K1-FP32,3,34,141.8235439923592
cpu,JNU,end_to_end,K1-FP32,3,35,136.54190098168328
cpu,JNU,end_to_end,K1-FP32,3,36,137.31889199698344
cpu,JNU,end_to_end,K1-FP32,3,37,136.40844699693844
cpu,JNU,end_to_end,K1-FP32,3,38,135.9448040020652
cpu,JNU,end_to_end,K1-FP32,3,39,136.53463299851865
cpu,JNU,end_to_end,K1-FP32,3,40,136.59400900360197
cpu,JNU,end_to_end,K1-FP32,3,41,136.44521299283952
cpu,JNU,end_to_end,K1-FP32,3,42,137.38128799013793
cpu,JNU,end_to_end,K1-FP32,3,43,136.83735101949424
cpu,JNU,end_to_end,K1-FP32,3,44,136.52720203390345
cpu,JNU,end_to_end,K1-FP32,3,45,136.01951400050893
cpu,JNU,end_to_end,K1-FP32,3,46,132.20844900934026
cpu,JNU,end_to_end,K1-FP32,3,47,106.48264701012522
cpu,JNU,end_to_end,K1-FP32,3,48,138.0671719671227
cpu,JNU,end_to_end,K1-FP32,3,49,136.34967000689358
cpu,JNU,end_to_end,K1-FP32,3,50,136.70456100953743
cpu,JNU,end_to_end,K1-FP32,3,51,136.45912398351356
cpu,JNU,end_to_end,K1-FP32,3,52,136.59417198505253
cpu,JNU,end_to_end,K1-FP32,3,53,137.39700900623575
cpu,JNU,end_to_end,K1-FP32,3,54,136.94934704108164
cpu,JNU,end_to_end,K1-FP32,3,55,137.7153149805963
cpu,JNU,end_to_end,K1-FP32,3,56,136.31676300428808
cpu,JNU,end_to_end,K1-FP32,3,57,136.99754903791472
cpu,JNU,end_to_end,K1-FP32,3,58,136.75265398342162
cpu,JNU,end_to_end,K1-FP32,3,59,136.99401397025213
cpu,JNU,end_to_end,K1-FP32,3,60,137.27252098033205
cpu,JNU,end_to_end,K1-FP32,3,61,136.5510990144685
cpu,JNU,end_to_end,K1-FP32,3,62,136.89995399909094
cpu,JNU,end_to_end,K1-FP32,3,63,136.4029219839722
cpu,JNU,end_to_end,K1-FP32,3,64,136.21513999532908
cpu,JNU,end_to_end,K1-FP32,3,65,137.43260799674317
cpu,JNU,end_to_end,K1-FP32,3,66,137.38145300885662
cpu,JNU,end_to_end,K1-FP32,3,67,136.88959699356928
cpu,JNU,end_to_end,K1-FP32,3,68,137.28200097102672
cpu,JNU,end_to_end,K1-FP32,3,69,137.2801140532829
cpu,JNU,end_to_end,K1-FP32,3,70,136.1941349459812
cpu,JNU,end_to_end,K1-FP32,3,71,124.3764060200192
cpu,JNU,end_to_end,K1-FP32,3,72,124.31711202953011
cpu,JNU,end_to_end,K1-FP32,3,73,125.20497001241893
cpu,JNU,end_to_end,K1-FP32,3,74,127.70105298841372
cpu,JNU,end_to_end,K1-FP32,3,75,136.7108789854683
cpu,JNU,end_to_end,K1-FP32,3,76,137.03064498258755
cpu,JNU,end_to_end,K1-FP32,3,77,136.57422096002847
cpu,JNU,end_to_end,K1-FP32,3,78,136.66697702137753
cpu,JNU,end_to_end,K1-FP32,3,79,136.85348600847647
cpu,JNU,end_to_end,K1-FP32,3,80,137.3162880190648
cpu,JNU,end_to_end,K1-FP32,3,81,137.1542930137366
cpu,JNU,end_to_end,K1-FP32,3,82,136.7803849861957
cpu,JNU,end_to_end,K1-FP32,3,83,136.72995596425608
cpu,JNU,end_to_end,K1-FP32,3,84,138.15571600571275
cpu,JNU,end_to_end,K1-FP32,3,85,137.81100901542231
cpu,JNU,end_to_end,K1-FP32,3,86,136.87234901590273
cpu,JNU,end_to_end,K1-FP32,3,87,138.40431603603065
cpu,JNU,end_to_end,K1-FP32,3,88,137.31370802270249
cpu,JNU,end_to_end,K1-FP32,3,89,136.97234395658597
cpu,JNU,end_to_end,K1-FP32,3,90,136.71246997546405
cpu,JNU,end_to_end,K1-FP32,3,91,136.95079303579405
cpu,JNU,end_to_end,K1-FP32,3,92,137.2179199825041
cpu,JNU,end_to_end,K1-FP32,3,93,136.95801299763843
cpu,JNU,end_to_end,K1-FP32,3,94,137.44399801362306
cpu,JNU,end_to_end,K1-FP32,3,95,137.1111850021407
cpu,JNU,end_to_end,K1-FP32,3,96,137.42968498263508
cpu,JNU,end_to_end,K1-FP32,3,97,137.5805819989182
cpu,JNU,end_to_end,K1-FP32,3,98,137.26106798276305
cpu,JNU,end_to_end,K1-FP32,3,99,137.16001901775599
cpu,JNU,end_to_end,K1-FP32,3,100,136.7694609798491
cpu,JNU,end_to_end,K1-FP32,3,101,137.4511930043809
cpu,JNU,end_to_end,K1-FP32,3,102,138.02202400984243
cpu,JNU,end_to_end,K1-FP32,3,103,138.6741169844754
cpu,JNU,end_to_end,K1-FP32,3,104,137.30826700339094
cpu,JNU,end_to_end,K1-FP32,3,105,137.01749499887228
cpu,JNU,end_to_end,K1-FP32,3,106,137.03714800067246
cpu,JNU,end_to_end,K1-FP32,3,107,137.2811479959637
cpu,JNU,end_to_end,K1-FP32,3,108,137.22829101607203
cpu,JNU,end_to_end,K1-FP32,3,109,138.00631096819416
cpu,JNU,end_to_end,K1-FP32,3,110,137.25709001300856
cpu,JNU,end_to_end,K1-FP32,3,111,136.97656197473407
cpu,JNU,end_to_end,K1-FP32,3,112,138.15998105565086
cpu,JNU,end_to_end,K1-FP32,3,113,137.3843679903075
cpu,JNU,end_to_end,K1-FP32,3,114,138.1736240000464
cpu,JNU,end_to_end,K1-FP32,3,115,137.13692501187325
cpu,JNU,end_to_end,K1-FP32,3,116,137.2360840323381
cpu,JNU,end_to_end,K1-FP32,3,117,137.2816470102407
cpu,JNU,end_to_end,K1-FP32,3,118,138.73945799423382
cpu,JNU,end_to_end,K1-FP32,3,119,137.43715098826215
cpu,JNU,end_to_end,K1-FP32,3,120,135.50224399659783
cpu,JNU,end_to_end,K1-FP32,3,121,119.70755504444242
cpu,JNU,end_to_end,K1-FP32,3,122,84.59750597830862
cpu,JNU,end_to_end,K1-FP32,3,123,82.47227501124144
cpu,JNU,end_to_end,K1-FP32,3,124,84.95970204239711
cpu,JNU,end_to_end,K1-FP32,3,125,84.52226797817275
cpu,JNU,end_to_end,K1-FP32,3,126,83.48420198308304
cpu,JNU,end_to_end,K1-FP32,3,127,83.28506903490052
cpu,JNU,end_to_end,K1-FP32,3,128,91.82289597811177
cpu,JNU,end_to_end,K1-FP32,3,129,137.74255599128082
cpu,JNU,end_to_end,K1-FP32,3,130,136.57525699818507
cpu,JNU,end_to_end,K1-FP32,3,131,124.69232099829242
cpu,JNU,end_to_end,K1-FP32,3,132,124.84981800662354
cpu,JNU,end_to_end,K1-FP32,3,133,124.96153597021475
cpu,JNU,end_to_end,K1-FP32,3,134,125.47928001731634
cpu,JNU,end_to_end,K1-FP32,3,135,125.05869899177924
cpu,JNU,end_to_end,K1-FP32,3,136,125.19575899932534
cpu,JNU,end_to_end,K1-FP32,3,137,124.87663002684712
cpu,JNU,end_to_end,K1-FP32,3,138,125.08779397467151
cpu,JNU,end_to_end,K1-FP32,3,139,126.2362870038487
cpu,JNU,end_to_end,K1-FP32,3,140,125.48966298345476
cpu,JNU,end_to_end,K1-FP32,3,141,125.06878696149215
cpu,JNU,end_to_end,K1-FP32,3,142,127.44079600088298
cpu,JNU,end_to_end,K1-FP32,3,143,138.90758401248604
cpu,JNU,end_to_end,K1-FP32,3,144,137.88654800737277
cpu,JNU,end_to_end,K1-FP32,3,145,137.3879860038869
cpu,JNU,end_to_end,K1-FP32,3,146,135.76663698768243
cpu,JNU,end_to_end,K1-FP32,3,147,127.55137297790498
cpu,JNU,end_to_end,K1-FP32,3,148,137.61259004240856
cpu,JNU,end_to_end,K1-FP32,3,149,137.49722600914538
cpu,JNU,end_to_end,K1-FP32,3,150,137.16303004184738
cpu,JNU,end_to_end,K1-FP32,3,151,137.3730880441144
cpu,JNU,end_to_end,K1-FP32,3,152,138.03259300766513
cpu,JNU,end_to_end,K1-FP32,3,153,137.31672300491482
cpu,JNU,end_to_end,K1-FP32,3,154,137.25290301954374
cpu,JNU,end_to_end,K1-FP32,3,155,135.49720298033208
cpu,JNU,end_to_end,K1-FP32,3,156,126.22449902119115
cpu,JNU,end_to_end,K1-FP32,3,157,128.30683798529208
cpu,JNU,end_to_end,K1-FP32,3,158,137.2056290274486
cpu,JNU,end_to_end,K1-FP32,3,159,137.18841900117695
cpu,JNU,end_to_end,K1-FP32,3,160,137.54536997294053
cpu,JNU,end_to_end,K1-FP32,3,161,137.45257601840422
cpu,JNU,end_to_end,K1-FP32,3,162,137.10999599425122
cpu,JNU,end_to_end,K1-FP32,3,163,137.08856498124078
cpu,JNU,end_to_end,K1-FP32,3,164,137.59622001089156
cpu,JNU,end_to_end,K1-FP32,3,165,137.4275599955581
cpu,JNU,end_to_end,K1-FP32,3,166,138.48766597220674
cpu,JNU,end_to_end,K1-FP32,3,167,135.5537730269134
cpu,JNU,end_to_end,K1-FP32,3,168,119.70815301174298
cpu,JNU,end_to_end,K1-FP32,3,169,83.70694302720949
cpu,JNU,end_to_end,K1-FP32,3,170,84.03733995510265
cpu,JNU,end_to_end,K1-FP32,3,171,83.64557602908462
cpu,JNU,end_to_end,K1-FP32,3,172,83.59499101061374
cpu,JNU,end_to_end,K1-FP32,3,173,83.84396700421348
cpu,JNU,end_to_end,K1-FP32,3,174,83.45718897180632
cpu,JNU,end_to_end,K1-FP32,3,175,86.06619504280388
cpu,JNU,end_to_end,K1-FP32,3,176,93.23614003369585
cpu,JNU,end_to_end,K1-FP32,3,177,93.3123990544118
cpu,JNU,end_to_end,K1-FP32,3,178,100.29500297969207
cpu,JNU,end_to_end,K1-FP32,3,179,138.62172997323796
cpu,JNU,end_to_end,K1-FP32,3,180,138.68145499145612
cpu,JNU,end_to_end,K1-FP32,3,181,138.68952495977283
cpu,JNU,end_to_end,K1-FP32,3,182,137.77431700145826
cpu,JNU,end_to_end,K1-FP32,3,183,137.70616898545995
cpu,JNU,end_to_end,K1-FP32,3,184,138.07601504959166
cpu,JNU,end_to_end,K1-FP32,3,185,137.75851798709482
cpu,JNU,end_to_end,K1-FP32,3,186,137.68600003095344
cpu,JNU,end_to_end,K1-FP32,3,187,138.97567300591618
cpu,JNU,end_to_end,K1-FP32,3,188,137.52808596473187
cpu,JNU,end_to_end,K1-FP32,3,189,137.81837600981817
cpu,JNU,end_to_end,K1-FP32,3,190,137.69204600248486
cpu,JNU,end_to_end,K1-FP32,3,191,137.5640539918095
cpu,JNU,end_to_end,K1-FP32,3,192,138.00687197363004
cpu,JNU,end_to_end,K1-FP32,3,193,137.42775103310123
cpu,JNU,end_to_end,K1-FP32,3,194,137.56221102084965
cpu,JNU,end_to_end,K1-FP32,3,195,138.5144589585252
cpu,JNU,end_to_end,K1-FP32,3,196,137.5619699829258
cpu,JNU,end_to_end,K1-FP32,3,197,137.57439196342602
cpu,JNU,end_to_end,K1-FP32,3,198,137.5339159858413
cpu,JNU,end_to_end,K1-FP32,3,199,137.54502695519477
cpu,JNU,end_to_end,K1-FP32,3,200,138.4983260068111
cpu,JNU,end_to_end,K1-FP32,3,201,138.61693697981536
cpu,JNU,end_to_end,K1-FP32,3,202,138.5024369810708
cpu,JNU,end_to_end,K1-FP32,3,203,137.91522197425365
cpu,JNU,end_to_end,K1-FP32,3,204,137.8058599657379
cpu,JNU,end_to_end,K1-FP32,3,205,137.5273919547908
cpu,JNU,end_to_end,K1-FP32,3,206,137.45979801751673
cpu,JNU,end_to_end,K1-FP32,3,207,137.56356702651829
cpu,JNU,end_to_end,K1-FP32,3,208,137.38098897738382
cpu,JNU,end_to_end,K1-FP32,3,209,131.9669209769927
cpu,JNU,end_to_end,K1-FP32,3,210,107.58563503623009
cpu,JNU,end_to_end,K1-FP32,3,211,138.20463296724483
cpu,JNU,end_to_end,K1-FP32,3,212,138.19028995931149
cpu,JNU,end_to_end,K1-FP32,3,213,133.16110201412812
cpu,JNU,end_to_end,K1-FP32,3,214,107.42315097013488
cpu,JNU,end_to_end,K1-FP32,3,215,138.57836998067796
cpu,JNU,end_to_end,K1-FP32,3,216,142.43292500032112
cpu,JNU,end_to_end,K1-FP32,3,217,143.47207196988165
cpu,JNU,end_to_end,K1-FP32,3,218,142.42495404323563
cpu,JNU,end_to_end,K1-FP32,3,219,142.90632196934894
cpu,JNU,end_to_end,K1-FP32,3,220,140.14134200988337
cpu,JNU,end_to_end,K1-FP32,3,221,138.31066101556644
cpu,JNU,end_to_end,K1-FP32,3,222,137.54805200733244
cpu,JNU,end_to_end,K1-FP32,3,223,137.77222100179642
cpu,JNU,end_to_end,K1-FP32,3,224,137.54517899360508
cpu,JNU,end_to_end,K1-FP32,3,225,135.06077701458707
cpu,JNU,end_to_end,K1-FP32,3,226,127.48172401916236
cpu,JNU,end_to_end,K1-FP32,3,227,128.8807300152257
cpu,JNU,end_to_end,K1-FP32,3,228,137.53757200902328
cpu,JNU,end_to_end,K1-FP32,3,229,137.88450602442026
cpu,JNU,end_to_end,K1-FP32,3,230,137.72327703190967
cpu,JNU,end_to_end,K1-FP32,3,231,137.6329810009338
cpu,JNU,end_to_end,K1-FP32,3,232,137.62085395865142
cpu,JNU,end_to_end,K1-FP32,3,233,138.82040401222184
cpu,JNU,end_to_end,K1-FP32,3,234,137.5434219953604
cpu,JNU,end_to_end,K1-FP32,3,235,137.49722199281678
cpu,JNU,end_to_end,K1-FP32,3,236,139.37556400196627
cpu,JNU,end_to_end,K1-FP32,3,237,138.07782798539847
cpu,JNU,end_to_end,K1-FP32,3,238,139.19583696406335
cpu,JNU,end_to_end,K1-FP32,3,239,138.3988879970275
cpu,JNU,end_to_end,K1-FP32,3,240,137.83703895751387
cpu,JNU,end_to_end,K1-FP32,3,241,137.43923197034746
cpu,JNU,end_to_end,K1-FP32,3,242,125.27697999030352
cpu,JNU,end_to_end,K1-FP32,3,243,125.65246800659224
cpu,JNU,end_to_end,K1-FP32,3,244,125.11305103544146
cpu,JNU,end_to_end,K1-FP32,3,245,125.62068901024759
cpu,JNU,end_to_end,K1-FP32,3,246,125.34274702193215
cpu,JNU,end_to_end,K1-FP32,3,247,125.11714000720531
cpu,JNU,end_to_end,K1-FP32,3,248,125.47401804476976
cpu,JNU,end_to_end,K1-FP32,3,249,125.59902702923864
cpu,HIT,model_only,K1-FP32,0,0,42.174334987066686
cpu,HIT,model_only,K1-FP32,0,1,42.9194419994019
cpu,HIT,model_only,K1-FP32,0,2,42.52694395836443
cpu,HIT,model_only,K1-FP32,0,3,43.451901990920305
cpu,HIT,model_only,K1-FP32,0,4,42.94836102053523
cpu,HIT,model_only,K1-FP32,0,5,44.748776010237634
cpu,HIT,model_only,K1-FP32,0,6,41.78337601479143
cpu,HIT,model_only,K1-FP32,0,7,42.18595300335437
cpu,HIT,model_only,K1-FP32,0,8,42.09955601254478
cpu,HIT,model_only,K1-FP32,0,9,43.15558000234887
cpu,HIT,model_only,K1-FP32,0,10,42.29902202496305
cpu,HIT,model_only,K1-FP32,0,11,42.90786199271679
cpu,HIT,model_only,K1-FP32,0,12,42.220144998282194
cpu,HIT,model_only,K1-FP32,0,13,42.2555300174281
cpu,HIT,model_only,K1-FP32,0,14,44.20029395259917
cpu,HIT,model_only,K1-FP32,0,15,44.706936983857304
cpu,HIT,model_only,K1-FP32,0,16,42.742952005937696
cpu,HIT,model_only,K1-FP32,0,17,42.224365985020995
cpu,HIT,model_only,K1-FP32,0,18,41.42455698456615
cpu,HIT,model_only,K1-FP32,0,19,42.283022950869054
cpu,HIT,model_only,K1-FP32,0,20,41.91899701254442
cpu,HIT,model_only,K1-FP32,0,21,41.30192700540647
cpu,HIT,model_only,K1-FP32,0,22,41.929739993065596
cpu,HIT,model_only,K1-FP32,0,23,42.27957397233695
cpu,HIT,model_only,K1-FP32,0,24,44.158125994727015
cpu,HIT,model_only,K1-FP32,0,25,42.638515995349735
cpu,HIT,model_only,K1-FP32,0,26,41.953387029934675
cpu,HIT,model_only,K1-FP32,0,27,42.238387977704406
cpu,HIT,model_only,K1-FP32,0,28,43.46510500181466
cpu,HIT,model_only,K1-FP32,0,29,43.5552439885214
cpu,HIT,model_only,K1-FP32,0,30,42.5197709701024
cpu,HIT,model_only,K1-FP32,0,31,42.879554035607725
cpu,HIT,model_only,K1-FP32,0,32,42.252718994859606
cpu,HIT,model_only,K1-FP32,0,33,43.47517801215872
cpu,HIT,model_only,K1-FP32,0,34,43.3277590200305
cpu,HIT,model_only,K1-FP32,0,35,43.9433460123837
cpu,HIT,model_only,K1-FP32,0,36,41.840506019070745
cpu,HIT,model_only,K1-FP32,0,37,42.76129399659112
cpu,HIT,model_only,K1-FP32,0,38,42.77147597167641
cpu,HIT,model_only,K1-FP32,0,39,43.32026798510924
cpu,HIT,model_only,K1-FP32,0,40,44.271891994867474
cpu,HIT,model_only,K1-FP32,0,41,43.6147460131906
cpu,HIT,model_only,K1-FP32,0,42,43.429829995147884
cpu,HIT,model_only,K1-FP32,0,43,42.78655903181061
cpu,HIT,model_only,K1-FP32,0,44,43.98821300128475
cpu,HIT,model_only,K1-FP32,0,45,44.080513005610555
cpu,HIT,model_only,K1-FP32,0,46,43.38221804937348
cpu,HIT,model_only,K1-FP32,0,47,43.370927043724805
cpu,HIT,model_only,K1-FP32,0,48,43.021508026868105
cpu,HIT,model_only,K1-FP32,0,49,44.514797045849264
cpu,HIT,model_only,K1-FP32,0,50,42.86490997765213
cpu,HIT,model_only,K1-FP32,0,51,43.50751603487879
cpu,HIT,model_only,K1-FP32,0,52,43.99786499561742
cpu,HIT,model_only,K1-FP32,0,53,42.70397499203682
cpu,HIT,model_only,K1-FP32,0,54,41.96255898568779
cpu,HIT,model_only,K1-FP32,0,55,42.36452403711155
cpu,HIT,model_only,K1-FP32,0,56,42.82398702343926
cpu,HIT,model_only,K1-FP32,0,57,43.60421601450071
cpu,HIT,model_only,K1-FP32,0,58,41.56415397301316
cpu,HIT,model_only,K1-FP32,0,59,41.74445098033175
cpu,HIT,model_only,K1-FP32,0,60,42.37196297617629
cpu,HIT,model_only,K1-FP32,0,61,42.425294988788664
cpu,HIT,model_only,K1-FP32,0,62,42.82511299243197
cpu,HIT,model_only,K1-FP32,0,63,43.021883990149945
cpu,HIT,model_only,K1-FP32,0,64,44.56701996969059
cpu,HIT,model_only,K1-FP32,0,65,42.51367901451886
cpu,HIT,model_only,K1-FP32,0,66,42.794520035386086
cpu,HIT,model_only,K1-FP32,0,67,43.33863401552662
cpu,HIT,model_only,K1-FP32,0,68,44.38540700357407
cpu,HIT,model_only,K1-FP32,0,69,43.102480995003134
cpu,HIT,model_only,K1-FP32,0,70,44.66300498461351
cpu,HIT,model_only,K1-FP32,0,71,42.51320898765698
cpu,HIT,model_only,K1-FP32,0,72,42.46130201499909
cpu,HIT,model_only,K1-FP32,0,73,41.44114605151117
cpu,HIT,model_only,K1-FP32,0,74,43.36681397398934
cpu,HIT,model_only,K1-FP32,0,75,42.89026197511703
cpu,HIT,model_only,K1-FP32,0,76,42.853482998907566
cpu,HIT,model_only,K1-FP32,0,77,43.111945036798716
cpu,HIT,model_only,K1-FP32,0,78,44.49232900515199
cpu,HIT,model_only,K1-FP32,0,79,42.581763002090156
cpu,HIT,model_only,K1-FP32,0,80,42.146052001044154
cpu,HIT,model_only,K1-FP32,0,81,44.56689703511074
cpu,HIT,model_only,K1-FP32,0,82,42.74365399032831
cpu,HIT,model_only,K1-FP32,0,83,43.98377804318443
cpu,HIT,model_only,K1-FP32,0,84,42.19362896401435
cpu,HIT,model_only,K1-FP32,0,85,44.46345200994983
cpu,HIT,model_only,K1-FP32,0,86,42.83102904446423
cpu,HIT,model_only,K1-FP32,0,87,42.67089697532356
cpu,HIT,model_only,K1-FP32,0,88,41.69529600767419
cpu,HIT,model_only,K1-FP32,0,89,42.281799018383026
cpu,HIT,model_only,K1-FP32,0,90,42.93568595312536
cpu,HIT,model_only,K1-FP32,0,91,43.14452700782567
cpu,HIT,model_only,K1-FP32,0,92,42.60434804018587
cpu,HIT,model_only,K1-FP32,0,93,42.88508399622515
cpu,HIT,model_only,K1-FP32,0,94,44.07489602454007
cpu,HIT,model_only,K1-FP32,0,95,43.03448594873771
cpu,HIT,model_only,K1-FP32,0,96,42.319657979533076
cpu,HIT,model_only,K1-FP32,0,97,43.35765901487321
cpu,HIT,model_only,K1-FP32,0,98,42.08930698223412
cpu,HIT,model_only,K1-FP32,0,99,43.77725895028561
cpu,HIT,model_only,K1-FP32,0,100,43.428771023172885
cpu,HIT,model_only,K1-FP32,0,101,43.09459403157234
cpu,HIT,model_only,K1-FP32,0,102,44.53385598026216
cpu,HIT,model_only,K1-FP32,0,103,42.56490000989288
cpu,HIT,model_only,K1-FP32,0,104,43.642548029311
cpu,HIT,model_only,K1-FP32,0,105,42.558943037875
cpu,HIT,model_only,K1-FP32,0,106,44.98645500279963
cpu,HIT,model_only,K1-FP32,0,107,43.69296203367412
cpu,HIT,model_only,K1-FP32,0,108,43.38160203769803
cpu,HIT,model_only,K1-FP32,0,109,43.34034398198128
cpu,HIT,model_only,K1-FP32,0,110,43.86775899911299
cpu,HIT,model_only,K1-FP32,0,111,44.282922986894846
cpu,HIT,model_only,K1-FP32,0,112,42.81157499644905
cpu,HIT,model_only,K1-FP32,0,113,42.1749540255405
cpu,HIT,model_only,K1-FP32,0,114,43.36938599590212
cpu,HIT,model_only,K1-FP32,0,115,41.9572819955647
cpu,HIT,model_only,K1-FP32,0,116,43.5844250023365
cpu,HIT,model_only,K1-FP32,0,117,43.578081007581204
cpu,HIT,model_only,K1-FP32,0,118,41.69989802176133
cpu,HIT,model_only,K1-FP32,0,119,43.72403200250119
cpu,HIT,model_only,K1-FP32,0,120,44.60057499818504
cpu,HIT,model_only,K1-FP32,0,121,42.66829800326377
cpu,HIT,model_only,K1-FP32,0,122,44.26249995594844
cpu,HIT,model_only,K1-FP32,0,123,43.37067500455305
cpu,HIT,model_only,K1-FP32,0,124,43.094621039927006
cpu,HIT,model_only,K1-FP32,0,125,44.21013599494472
cpu,HIT,model_only,K1-FP32,0,126,43.008864973671734
cpu,HIT,model_only,K1-FP32,0,127,43.88549696886912
cpu,HIT,model_only,K1-FP32,0,128,42.545546020846814
cpu,HIT,model_only,K1-FP32,0,129,44.732952024787664
cpu,HIT,model_only,K1-FP32,0,130,42.50580200459808
cpu,HIT,model_only,K1-FP32,0,131,43.15099399536848
cpu,HIT,model_only,K1-FP32,0,132,42.1264810138382
cpu,HIT,model_only,K1-FP32,0,133,41.5620970306918
cpu,HIT,model_only,K1-FP32,0,134,43.014498020056635
cpu,HIT,model_only,K1-FP32,0,135,42.518143949564546
cpu,HIT,model_only,K1-FP32,0,136,43.13680197810754
cpu,HIT,model_only,K1-FP32,0,137,42.35208296449855
cpu,HIT,model_only,K1-FP32,0,138,42.48092300258577
cpu,HIT,model_only,K1-FP32,0,139,43.04348002187908
cpu,HIT,model_only,K1-FP32,0,140,43.19480899721384
cpu,HIT,model_only,K1-FP32,0,141,42.49233298469335
cpu,HIT,model_only,K1-FP32,0,142,43.86780399363488
cpu,HIT,model_only,K1-FP32,0,143,42.837476008571684
cpu,HIT,model_only,K1-FP32,0,144,43.06765698129311
cpu,HIT,model_only,K1-FP32,0,145,42.468525003641844
cpu,HIT,model_only,K1-FP32,0,146,42.970554961357266
cpu,HIT,model_only,K1-FP32,0,147,42.71668603178114
cpu,HIT,model_only,K1-FP32,0,148,42.93795401463285
cpu,HIT,model_only,K1-FP32,0,149,42.89162502391264
cpu,HIT,model_only,K1-FP32,0,150,43.60447998624295
cpu,HIT,model_only,K1-FP32,0,151,42.711477959528565
cpu,HIT,model_only,K1-FP32,0,152,42.167523002717644
cpu,HIT,model_only,K1-FP32,0,153,41.93184699397534
cpu,HIT,model_only,K1-FP32,0,154,41.997795982751995
cpu,HIT,model_only,K1-FP32,0,155,41.90275998553261
cpu,HIT,model_only,K1-FP32,0,156,42.85473795607686
cpu,HIT,model_only,K1-FP32,0,157,42.79691097326577
cpu,HIT,model_only,K1-FP32,0,158,43.09486300917342
cpu,HIT,model_only,K1-FP32,0,159,43.30984299303964
cpu,HIT,model_only,K1-FP32,0,160,45.39424297399819
cpu,HIT,model_only,K1-FP32,0,161,42.68292401684448
cpu,HIT,model_only,K1-FP32,0,162,42.00353700434789
cpu,HIT,model_only,K1-FP32,0,163,41.347249993123114
cpu,HIT,model_only,K1-FP32,0,164,40.83394003100693
cpu,HIT,model_only,K1-FP32,0,165,45.440085988957435
cpu,HIT,model_only,K1-FP32,0,166,43.699403991922736
cpu,HIT,model_only,K1-FP32,0,167,42.11772099370137
cpu,HIT,model_only,K1-FP32,0,168,43.78926899516955
cpu,HIT,model_only,K1-FP32,0,169,43.978224974125624
cpu,HIT,model_only,K1-FP32,0,170,42.96131897717714
cpu,HIT,model_only,K1-FP32,0,171,41.216743004042655
cpu,HIT,model_only,K1-FP32,0,172,42.089975962881
cpu,HIT,model_only,K1-FP32,0,173,42.1899130451493
cpu,HIT,model_only,K1-FP32,0,174,44.64110702974722
cpu,HIT,model_only,K1-FP32,0,175,42.92084998451173
cpu,HIT,model_only,K1-FP32,0,176,42.96053701546043
cpu,HIT,model_only,K1-FP32,0,177,42.50878299353644
cpu,HIT,model_only,K1-FP32,0,178,42.20817796885967
cpu,HIT,model_only,K1-FP32,0,179,43.87078597210348
cpu,HIT,model_only,K1-FP32,0,180,43.567290995270014
cpu,HIT,model_only,K1-FP32,0,181,43.610814958810806
cpu,HIT,model_only,K1-FP32,0,182,44.76971901021898
cpu,HIT,model_only,K1-FP32,0,183,42.51702601322904
cpu,HIT,model_only,K1-FP32,0,184,41.63733299355954
cpu,HIT,model_only,K1-FP32,0,185,42.151622008532286
cpu,HIT,model_only,K1-FP32,0,186,43.48930704873055
cpu,HIT,model_only,K1-FP32,0,187,42.1275410335511
cpu,HIT,model_only,K1-FP32,0,188,42.04453999409452
cpu,HIT,model_only,K1-FP32,0,189,43.86279598111287
cpu,HIT,model_only,K1-FP32,0,190,42.07427200162783
cpu,HIT,model_only,K1-FP32,0,191,43.93217101460323
cpu,HIT,model_only,K1-FP32,0,192,43.322856014128774
cpu,HIT,model_only,K1-FP32,0,193,42.10012796102092
cpu,HIT,model_only,K1-FP32,0,194,43.55268197832629
cpu,HIT,model_only,K1-FP32,0,195,44.0032149781473
cpu,HIT,model_only,K1-FP32,0,196,42.72496298654005
cpu,HIT,model_only,K1-FP32,0,197,42.842417024075985
cpu,HIT,model_only,K1-FP32,0,198,42.56583901587874
cpu,HIT,model_only,K1-FP32,0,199,42.55021101562306
cpu,HIT,model_only,K1-FP32,0,200,44.04286097269505
cpu,HIT,model_only,K1-FP32,0,201,43.121509021148086
cpu,HIT,model_only,K1-FP32,0,202,43.68011397309601
cpu,HIT,model_only,K1-FP32,0,203,43.00574801163748
cpu,HIT,model_only,K1-FP32,0,204,43.92982897115871
cpu,HIT,model_only,K1-FP32,0,205,43.65153703838587
cpu,HIT,model_only,K1-FP32,0,206,43.521523009985685
cpu,HIT,model_only,K1-FP32,0,207,42.91950800688937
cpu,HIT,model_only,K1-FP32,0,208,42.71957196760923
cpu,HIT,model_only,K1-FP32,0,209,43.25032903579995
cpu,HIT,model_only,K1-FP32,0,210,41.89037601463497
cpu,HIT,model_only,K1-FP32,0,211,44.38952700002119
cpu,HIT,model_only,K1-FP32,0,212,44.16824399959296
cpu,HIT,model_only,K1-FP32,0,213,42.371692950837314
cpu,HIT,model_only,K1-FP32,0,214,44.23257400048897
cpu,HIT,model_only,K1-FP32,0,215,42.95480402652174
cpu,HIT,model_only,K1-FP32,0,216,44.95265998411924
cpu,HIT,model_only,K1-FP32,0,217,44.470278022345155
cpu,HIT,model_only,K1-FP32,0,218,41.90702299820259
cpu,HIT,model_only,K1-FP32,0,219,44.16358598973602
cpu,HIT,model_only,K1-FP32,0,220,43.511807976756245
cpu,HIT,model_only,K1-FP32,0,221,43.299963988829404
cpu,HIT,model_only,K1-FP32,0,222,42.844918032642454
cpu,HIT,model_only,K1-FP32,0,223,41.84007097501308
cpu,HIT,model_only,K1-FP32,0,224,42.05668199574575
cpu,HIT,model_only,K1-FP32,0,225,43.243882013484836
cpu,HIT,model_only,K1-FP32,0,226,42.25788498297334
cpu,HIT,model_only,K1-FP32,0,227,41.89569398295134
cpu,HIT,model_only,K1-FP32,0,228,42.60125401197001
cpu,HIT,model_only,K1-FP32,0,229,42.41996997734532
cpu,HIT,model_only,K1-FP32,0,230,42.57856303593144
cpu,HIT,model_only,K1-FP32,0,231,42.91980899870396
cpu,HIT,model_only,K1-FP32,0,232,43.67322300095111
cpu,HIT,model_only,K1-FP32,0,233,43.92756405286491
cpu,HIT,model_only,K1-FP32,0,234,41.624603967648
cpu,HIT,model_only,K1-FP32,0,235,43.003169004805386
cpu,HIT,model_only,K1-FP32,0,236,42.973720002919436
cpu,HIT,model_only,K1-FP32,0,237,43.63140999339521
cpu,HIT,model_only,K1-FP32,0,238,41.969206009525806
cpu,HIT,model_only,K1-FP32,0,239,41.78418399533257
cpu,HIT,model_only,K1-FP32,0,240,42.51590196508914
cpu,HIT,model_only,K1-FP32,0,241,42.358532024081796
cpu,HIT,model_only,K1-FP32,0,242,44.15931703988463
cpu,HIT,model_only,K1-FP32,0,243,44.256257999222726
cpu,HIT,model_only,K1-FP32,0,244,42.183090990874916
cpu,HIT,model_only,K1-FP32,0,245,42.207068006973714
cpu,HIT,model_only,K1-FP32,0,246,42.560238973237574
cpu,HIT,model_only,K1-FP32,0,247,42.179712967481464
cpu,HIT,model_only,K1-FP32,0,248,42.120666010305285
cpu,HIT,model_only,K1-FP32,0,249,42.586167983245105
cpu,HIT,model_only,Q8-cpu_dynamic,0,0,39.7930649924092
cpu,HIT,model_only,Q8-cpu_dynamic,0,1,39.442060980945826
cpu,HIT,model_only,Q8-cpu_dynamic,0,2,39.2702579847537
cpu,HIT,model_only,Q8-cpu_dynamic,0,3,39.13481702329591
cpu,HIT,model_only,Q8-cpu_dynamic,0,4,40.01813899958506
cpu,HIT,model_only,Q8-cpu_dynamic,0,5,39.9858370074071
cpu,HIT,model_only,Q8-cpu_dynamic,0,6,39.516969001851976
cpu,HIT,model_only,Q8-cpu_dynamic,0,7,38.93458598759025
cpu,HIT,model_only,Q8-cpu_dynamic,0,8,40.14249105239287
cpu,HIT,model_only,Q8-cpu_dynamic,0,9,39.33043702272698
cpu,HIT,model_only,Q8-cpu_dynamic,0,10,39.046530961059034
cpu,HIT,model_only,Q8-cpu_dynamic,0,11,39.366273034829646
cpu,HIT,model_only,Q8-cpu_dynamic,0,12,39.25737796816975
cpu,HIT,model_only,Q8-cpu_dynamic,0,13,39.33474398218095
cpu,HIT,model_only,Q8-cpu_dynamic,0,14,39.333665976300836
cpu,HIT,model_only,Q8-cpu_dynamic,0,15,39.29350897669792
cpu,HIT,model_only,Q8-cpu_dynamic,0,16,39.27941300207749
cpu,HIT,model_only,Q8-cpu_dynamic,0,17,39.97459798119962
cpu,HIT,model_only,Q8-cpu_dynamic,0,18,39.45863898843527
cpu,HIT,model_only,Q8-cpu_dynamic,0,19,38.36100100306794
cpu,HIT,model_only,Q8-cpu_dynamic,0,20,39.01633300120011
cpu,HIT,model_only,Q8-cpu_dynamic,0,21,40.10388598544523
cpu,HIT,model_only,Q8-cpu_dynamic,0,22,39.43745500873774
cpu,HIT,model_only,Q8-cpu_dynamic,0,23,39.20277103316039
cpu,HIT,model_only,Q8-cpu_dynamic,0,24,39.608427963685244
cpu,HIT,model_only,Q8-cpu_dynamic,0,25,39.21405604341999
cpu,HIT,model_only,Q8-cpu_dynamic,0,26,38.70695596560836
cpu,HIT,model_only,Q8-cpu_dynamic,0,27,39.03353295754641
cpu,HIT,model_only,Q8-cpu_dynamic,0,28,39.36049196636304
cpu,HIT,model_only,Q8-cpu_dynamic,0,29,39.16852700058371
cpu,HIT,model_only,Q8-cpu_dynamic,0,30,39.155675971414894
cpu,HIT,model_only,Q8-cpu_dynamic,0,31,39.62417598813772
cpu,HIT,model_only,Q8-cpu_dynamic,0,32,39.32193398941308
cpu,HIT,model_only,Q8-cpu_dynamic,0,33,39.59737200057134
cpu,HIT,model_only,Q8-cpu_dynamic,0,34,39.145693997852504
cpu,HIT,model_only,Q8-cpu_dynamic,0,35,39.24670600099489
cpu,HIT,model_only,Q8-cpu_dynamic,0,36,39.38854101579636
cpu,HIT,model_only,Q8-cpu_dynamic,0,37,38.4989760350436
cpu,HIT,model_only,Q8-cpu_dynamic,0,38,39.96505599934608
cpu,HIT,model_only,Q8-cpu_dynamic,0,39,40.31567805213854
cpu,HIT,model_only,Q8-cpu_dynamic,0,40,39.77230499731377
cpu,HIT,model_only,Q8-cpu_dynamic,0,41,39.46907300269231
cpu,HIT,model_only,Q8-cpu_dynamic,0,42,39.39335799077526
cpu,HIT,model_only,Q8-cpu_dynamic,0,43,38.96336199250072
cpu,HIT,model_only,Q8-cpu_dynamic,0,44,40.24981800466776
cpu,HIT,model_only,Q8-cpu_dynamic,0,45,38.44678797759116
cpu,HIT,model_only,Q8-cpu_dynamic,0,46,38.571371987927705
cpu,HIT,model_only,Q8-cpu_dynamic,0,47,40.54681496927515
cpu,HIT,model_only,Q8-cpu_dynamic,0,48,38.95443200599402
cpu,HIT,model_only,Q8-cpu_dynamic,0,49,39.84333999687806
cpu,HIT,model_only,Q8-cpu_dynamic,0,50,39.664626005105674
cpu,HIT,model_only,Q8-cpu_dynamic,0,51,39.3784370389767
cpu,HIT,model_only,Q8-cpu_dynamic,0,52,38.93264499492943
cpu,HIT,model_only,Q8-cpu_dynamic,0,53,39.89145299419761
cpu,HIT,model_only,Q8-cpu_dynamic,0,54,39.062767988070846
cpu,HIT,model_only,Q8-cpu_dynamic,0,55,38.70299598202109
cpu,HIT,model_only,Q8-cpu_dynamic,0,56,38.87829196173698
cpu,HIT,model_only,Q8-cpu_dynamic,0,57,39.32949301088229
cpu,HIT,model_only,Q8-cpu_dynamic,0,58,39.66003895038739
cpu,HIT,model_only,Q8-cpu_dynamic,0,59,39.06994900899008
cpu,HIT,model_only,Q8-cpu_dynamic,0,60,39.471332042012364
cpu,HIT,model_only,Q8-cpu_dynamic,0,61,39.16295198723674
cpu,HIT,model_only,Q8-cpu_dynamic,0,62,39.05045200372115
cpu,HIT,model_only,Q8-cpu_dynamic,0,63,39.73029600456357
cpu,HIT,model_only,Q8-cpu_dynamic,0,64,39.14282302139327
cpu,HIT,model_only,Q8-cpu_dynamic,0,65,39.40371499629691
cpu,HIT,model_only,Q8-cpu_dynamic,0,66,39.32544798590243
cpu,HIT,model_only,Q8-cpu_dynamic,0,67,39.32065598201007
cpu,HIT,model_only,Q8-cpu_dynamic,0,68,38.88225997798145
cpu,HIT,model_only,Q8-cpu_dynamic,0,69,39.38876901520416
cpu,HIT,model_only,Q8-cpu_dynamic,0,70,39.21283403178677
cpu,HIT,model_only,Q8-cpu_dynamic,0,71,38.897213991731405
cpu,HIT,model_only,Q8-cpu_dynamic,0,72,38.490933016873896
cpu,HIT,model_only,Q8-cpu_dynamic,0,73,39.68937596073374
cpu,HIT,model_only,Q8-cpu_dynamic,0,74,39.48142100125551
cpu,HIT,model_only,Q8-cpu_dynamic,0,75,38.77869900316
cpu,HIT,model_only,Q8-cpu_dynamic,0,76,40.08376598358154
cpu,HIT,model_only,Q8-cpu_dynamic,0,77,39.92668102728203
cpu,HIT,model_only,Q8-cpu_dynamic,0,78,40.58662801980972
cpu,HIT,model_only,Q8-cpu_dynamic,0,79,40.46208201907575
cpu,HIT,model_only,Q8-cpu_dynamic,0,80,40.2677989914082
cpu,HIT,model_only,Q8-cpu_dynamic,0,81,39.74728501634672
cpu,HIT,model_only,Q8-cpu_dynamic,0,82,39.98166404198855
cpu,HIT,model_only,Q8-cpu_dynamic,0,83,40.38584901718423
cpu,HIT,model_only,Q8-cpu_dynamic,0,84,39.407159958500415
cpu,HIT,model_only,Q8-cpu_dynamic,0,85,39.122974034398794
cpu,HIT,model_only,Q8-cpu_dynamic,0,86,40.210188017226756
cpu,HIT,model_only,Q8-cpu_dynamic,0,87,40.01331003382802
cpu,HIT,model_only,Q8-cpu_dynamic,0,88,39.43244100082666
cpu,HIT,model_only,Q8-cpu_dynamic,0,89,39.620218973141164
cpu,HIT,model_only,Q8-cpu_dynamic,0,90,39.45023298729211
cpu,HIT,model_only,Q8-cpu_dynamic,0,91,39.40173203591257
cpu,HIT,model_only,Q8-cpu_dynamic,0,92,38.89256500406191
cpu,HIT,model_only,Q8-cpu_dynamic,0,93,39.27006898447871
cpu,HIT,model_only,Q8-cpu_dynamic,0,94,41.04400600772351
cpu,HIT,model_only,Q8-cpu_dynamic,0,95,39.29420904023573
cpu,HIT,model_only,Q8-cpu_dynamic,0,96,39.40432902891189
cpu,HIT,model_only,Q8-cpu_dynamic,0,97,39.46873004315421
cpu,HIT,model_only,Q8-cpu_dynamic,0,98,39.40760396653786
cpu,HIT,model_only,Q8-cpu_dynamic,0,99,39.38201803248376
cpu,HIT,model_only,Q8-cpu_dynamic,0,100,39.35019200434908
cpu,HIT,model_only,Q8-cpu_dynamic,0,101,39.32026104303077
cpu,HIT,model_only,Q8-cpu_dynamic,0,102,40.34489201148972
cpu,HIT,model_only,Q8-cpu_dynamic,0,103,40.390013018622994
cpu,HIT,model_only,Q8-cpu_dynamic,0,104,39.74718501558527
cpu,HIT,model_only,Q8-cpu_dynamic,0,105,39.136809995397925
cpu,HIT,model_only,Q8-cpu_dynamic,0,106,39.356369990855455
cpu,HIT,model_only,Q8-cpu_dynamic,0,107,39.76806002901867
cpu,HIT,model_only,Q8-cpu_dynamic,0,108,39.474061981309205
cpu,HIT,model_only,Q8-cpu_dynamic,0,109,39.02090003248304
cpu,HIT,model_only,Q8-cpu_dynamic,0,110,39.38471898436546
cpu,HIT,model_only,Q8-cpu_dynamic,0,111,39.80567096732557
cpu,HIT,model_only,Q8-cpu_dynamic,0,112,39.38600199762732
cpu,HIT,model_only,Q8-cpu_dynamic,0,113,38.72189199319109
cpu,HIT,model_only,Q8-cpu_dynamic,0,114,38.975105970166624
cpu,HIT,model_only,Q8-cpu_dynamic,0,115,39.32454704772681
cpu,HIT,model_only,Q8-cpu_dynamic,0,116,39.3350399681367
cpu,HIT,model_only,Q8-cpu_dynamic,0,117,39.18968397192657
cpu,HIT,model_only,Q8-cpu_dynamic,0,118,39.38602900598198
cpu,HIT,model_only,Q8-cpu_dynamic,0,119,39.32965302374214
cpu,HIT,model_only,Q8-cpu_dynamic,0,120,39.99947401462123
cpu,HIT,model_only,Q8-cpu_dynamic,0,121,39.592683024238795
cpu,HIT,model_only,Q8-cpu_dynamic,0,122,39.4872339675203
cpu,HIT,model_only,Q8-cpu_dynamic,0,123,39.77119899354875
cpu,HIT,model_only,Q8-cpu_dynamic,0,124,40.00828001881018
cpu,HIT,model_only,Q8-cpu_dynamic,0,125,41.38642200268805
cpu,HIT,model_only,Q8-cpu_dynamic,0,126,41.439087013714015
cpu,HIT,model_only,Q8-cpu_dynamic,0,127,41.25432699220255
cpu,HIT,model_only,Q8-cpu_dynamic,0,128,40.096598968375474
cpu,HIT,model_only,Q8-cpu_dynamic,0,129,39.55311304889619
cpu,HIT,model_only,Q8-cpu_dynamic,0,130,39.573087997268885
cpu,HIT,model_only,Q8-cpu_dynamic,0,131,40.75435799313709
cpu,HIT,model_only,Q8-cpu_dynamic,0,132,40.34631996182725
cpu,HIT,model_only,Q8-cpu_dynamic,0,133,39.95027003111318
cpu,HIT,model_only,Q8-cpu_dynamic,0,134,39.343185955658555
cpu,HIT,model_only,Q8-cpu_dynamic,0,135,39.413438993506134
cpu,HIT,model_only,Q8-cpu_dynamic,0,136,39.62126199621707
cpu,HIT,model_only,Q8-cpu_dynamic,0,137,39.49640999780968
cpu,HIT,model_only,Q8-cpu_dynamic,0,138,39.29000499192625
cpu,HIT,model_only,Q8-cpu_dynamic,0,139,39.53442600322887
cpu,HIT,model_only,Q8-cpu_dynamic,0,140,39.477198966778815
cpu,HIT,model_only,Q8-cpu_dynamic,0,141,40.60420300811529
cpu,HIT,model_only,Q8-cpu_dynamic,0,142,39.63784803636372
cpu,HIT,model_only,Q8-cpu_dynamic,0,143,38.97528996458277
cpu,HIT,model_only,Q8-cpu_dynamic,0,144,39.48033397318795
cpu,HIT,model_only,Q8-cpu_dynamic,0,145,40.08434194838628
cpu,HIT,model_only,Q8-cpu_dynamic,0,146,38.761836010962725
cpu,HIT,model_only,Q8-cpu_dynamic,0,147,38.46385795623064
cpu,HIT,model_only,Q8-cpu_dynamic,0,148,39.13177899084985
cpu,HIT,model_only,Q8-cpu_dynamic,0,149,39.48973002843559
cpu,HIT,model_only,Q8-cpu_dynamic,0,150,39.4579489948228
cpu,HIT,model_only,Q8-cpu_dynamic,0,151,39.56443001516163
cpu,HIT,model_only,Q8-cpu_dynamic,0,152,39.7103630239144
cpu,HIT,model_only,Q8-cpu_dynamic,0,153,38.94478298025206
cpu,HIT,model_only,Q8-cpu_dynamic,0,154,39.275718037970364
cpu,HIT,model_only,Q8-cpu_dynamic,0,155,39.378314977511764
cpu,HIT,model_only,Q8-cpu_dynamic,0,156,39.7171700024046
cpu,HIT,model_only,Q8-cpu_dynamic,0,157,39.348321966826916
cpu,HIT,model_only,Q8-cpu_dynamic,0,158,39.58123497432098
cpu,HIT,model_only,Q8-cpu_dynamic,0,159,39.65431795222685
cpu,HIT,model_only,Q8-cpu_dynamic,0,160,39.74818001734093
cpu,HIT,model_only,Q8-cpu_dynamic,0,161,40.39478499908
cpu,HIT,model_only,Q8-cpu_dynamic,0,162,40.07704299874604
cpu,HIT,model_only,Q8-cpu_dynamic,0,163,39.12416298408061
cpu,HIT,model_only,Q8-cpu_dynamic,0,164,39.23847799887881
cpu,HIT,model_only,Q8-cpu_dynamic,0,165,39.95903901522979
cpu,HIT,model_only,Q8-cpu_dynamic,0,166,41.072920022998005
cpu,HIT,model_only,Q8-cpu_dynamic,0,167,39.06705399276689
cpu,HIT,model_only,Q8-cpu_dynamic,0,168,38.402912963647395
cpu,HIT,model_only,Q8-cpu_dynamic,0,169,39.44833297282457
cpu,HIT,model_only,Q8-cpu_dynamic,0,170,38.94326195586473
cpu,HIT,model_only,Q8-cpu_dynamic,0,171,38.32221700577065
cpu,HIT,model_only,Q8-cpu_dynamic,0,172,39.41329201916233
cpu,HIT,model_only,Q8-cpu_dynamic,0,173,38.99826901033521
cpu,HIT,model_only,Q8-cpu_dynamic,0,174,39.978018030524254
cpu,HIT,model_only,Q8-cpu_dynamic,0,175,39.59284600568935
cpu,HIT,model_only,Q8-cpu_dynamic,0,176,39.169349998701364
cpu,HIT,model_only,Q8-cpu_dynamic,0,177,40.24887701962143
cpu,HIT,model_only,Q8-cpu_dynamic,0,178,39.3890020204708
cpu,HIT,model_only,Q8-cpu_dynamic,0,179,39.01674097869545
cpu,HIT,model_only,Q8-cpu_dynamic,0,180,38.959168014116585
cpu,HIT,model_only,Q8-cpu_dynamic,0,181,39.52260798541829
cpu,HIT,model_only,Q8-cpu_dynamic,0,182,39.02202902827412
cpu,HIT,model_only,Q8-cpu_dynamic,0,183,40.46717000892386
cpu,HIT,model_only,Q8-cpu_dynamic,0,184,39.84220797428861
cpu,HIT,model_only,Q8-cpu_dynamic,0,185,39.04278302798048
cpu,HIT,model_only,Q8-cpu_dynamic,0,186,39.984967035707086
cpu,HIT,model_only,Q8-cpu_dynamic,0,187,39.97038898523897
cpu,HIT,model_only,Q8-cpu_dynamic,0,188,39.50764500768855
cpu,HIT,model_only,Q8-cpu_dynamic,0,189,39.986186020541936
cpu,HIT,model_only,Q8-cpu_dynamic,0,190,39.94614101247862
cpu,HIT,model_only,Q8-cpu_dynamic,0,191,39.90838199388236
cpu,HIT,model_only,Q8-cpu_dynamic,0,192,39.4106229650788
cpu,HIT,model_only,Q8-cpu_dynamic,0,193,39.664055046159774
cpu,HIT,model_only,Q8-cpu_dynamic,0,194,39.62786600459367
cpu,HIT,model_only,Q8-cpu_dynamic,0,195,40.59710702858865
cpu,HIT,model_only,Q8-cpu_dynamic,0,196,40.63430998940021
cpu,HIT,model_only,Q8-cpu_dynamic,0,197,39.57133600488305
cpu,HIT,model_only,Q8-cpu_dynamic,0,198,39.33538100682199
cpu,HIT,model_only,Q8-cpu_dynamic,0,199,39.868680003564805
cpu,HIT,model_only,Q8-cpu_dynamic,0,200,39.69972999766469
cpu,HIT,model_only,Q8-cpu_dynamic,0,201,40.2670240146108
cpu,HIT,model_only,Q8-cpu_dynamic,0,202,38.942888961173594
cpu,HIT,model_only,Q8-cpu_dynamic,0,203,39.745277957990766
cpu,HIT,model_only,Q8-cpu_dynamic,0,204,39.062866009771824
cpu,HIT,model_only,Q8-cpu_dynamic,0,205,39.69601000426337
cpu,HIT,model_only,Q8-cpu_dynamic,0,206,39.10162701504305
cpu,HIT,model_only,Q8-cpu_dynamic,0,207,39.566428982652724
cpu,HIT,model_only,Q8-cpu_dynamic,0,208,39.36619497835636
cpu,HIT,model_only,Q8-cpu_dynamic,0,209,40.042059030383825
cpu,HIT,model_only,Q8-cpu_dynamic,0,210,40.33168300520629
cpu,HIT,model_only,Q8-cpu_dynamic,0,211,39.79426500154659
cpu,HIT,model_only,Q8-cpu_dynamic,0,212,39.392791979480535
cpu,HIT,model_only,Q8-cpu_dynamic,0,213,39.22178701031953
cpu,HIT,model_only,Q8-cpu_dynamic,0,214,39.881128002889454
cpu,HIT,model_only,Q8-cpu_dynamic,0,215,39.41525501431897
cpu,HIT,model_only,Q8-cpu_dynamic,0,216,39.30512198712677
cpu,HIT,model_only,Q8-cpu_dynamic,0,217,39.15394697105512
cpu,HIT,model_only,Q8-cpu_dynamic,0,218,39.82680197805166
cpu,HIT,model_only,Q8-cpu_dynamic,0,219,38.98370295064524
cpu,HIT,model_only,Q8-cpu_dynamic,0,220,39.31080503389239
cpu,HIT,model_only,Q8-cpu_dynamic,0,221,39.70405500149354
cpu,HIT,model_only,Q8-cpu_dynamic,0,222,39.77985598612577
cpu,HIT,model_only,Q8-cpu_dynamic,0,223,39.35945895500481
cpu,HIT,model_only,Q8-cpu_dynamic,0,224,39.22997001791373
cpu,HIT,model_only,Q8-cpu_dynamic,0,225,39.84157898230478
cpu,HIT,model_only,Q8-cpu_dynamic,0,226,39.799700025469065
cpu,HIT,model_only,Q8-cpu_dynamic,0,227,40.06406496046111
cpu,HIT,model_only,Q8-cpu_dynamic,0,228,39.04967295238748
cpu,HIT,model_only,Q8-cpu_dynamic,0,229,39.70768098952249
cpu,HIT,model_only,Q8-cpu_dynamic,0,230,39.58921501180157
cpu,HIT,model_only,Q8-cpu_dynamic,0,231,39.12362799746916
cpu,HIT,model_only,Q8-cpu_dynamic,0,232,40.31710000708699
cpu,HIT,model_only,Q8-cpu_dynamic,0,233,40.084070002194494
cpu,HIT,model_only,Q8-cpu_dynamic,0,234,38.540625013411045
cpu,HIT,model_only,Q8-cpu_dynamic,0,235,39.05403701355681
cpu,HIT,model_only,Q8-cpu_dynamic,0,236,39.458568033296615
cpu,HIT,model_only,Q8-cpu_dynamic,0,237,39.98021798906848
cpu,HIT,model_only,Q8-cpu_dynamic,0,238,38.954415009357035
cpu,HIT,model_only,Q8-cpu_dynamic,0,239,39.27106404444203
cpu,HIT,model_only,Q8-cpu_dynamic,0,240,39.86214497126639
cpu,HIT,model_only,Q8-cpu_dynamic,0,241,39.060631999745965
cpu,HIT,model_only,Q8-cpu_dynamic,0,242,39.208278991281986
cpu,HIT,model_only,Q8-cpu_dynamic,0,243,39.73323403624818
cpu,HIT,model_only,Q8-cpu_dynamic,0,244,38.9110809774138
cpu,HIT,model_only,Q8-cpu_dynamic,0,245,38.85347401956096
cpu,HIT,model_only,Q8-cpu_dynamic,0,246,40.17517901957035
cpu,HIT,model_only,Q8-cpu_dynamic,0,247,39.822341001126915
cpu,HIT,model_only,Q8-cpu_dynamic,0,248,38.57808298198506
cpu,HIT,model_only,Q8-cpu_dynamic,0,249,39.85559300053865
cpu,HIT,model_only,Q8-cpu_dynamic,1,0,39.309501997195184
cpu,HIT,model_only,Q8-cpu_dynamic,1,1,39.108833007048815
cpu,HIT,model_only,Q8-cpu_dynamic,1,2,39.69005303224549
cpu,HIT,model_only,Q8-cpu_dynamic,1,3,39.51573697850108
cpu,HIT,model_only,Q8-cpu_dynamic,1,4,39.38784002093598
cpu,HIT,model_only,Q8-cpu_dynamic,1,5,39.111240999773145
cpu,HIT,model_only,Q8-cpu_dynamic,1,6,39.4126619794406
cpu,HIT,model_only,Q8-cpu_dynamic,1,7,39.42350298166275
cpu,HIT,model_only,Q8-cpu_dynamic,1,8,39.35815300792456
cpu,HIT,model_only,Q8-cpu_dynamic,1,9,39.361028000712395
cpu,HIT,model_only,Q8-cpu_dynamic,1,10,39.48899597162381
cpu,HIT,model_only,Q8-cpu_dynamic,1,11,38.76707097515464
cpu,HIT,model_only,Q8-cpu_dynamic,1,12,38.39952201815322
cpu,HIT,model_only,Q8-cpu_dynamic,1,13,38.64724299637601
cpu,HIT,model_only,Q8-cpu_dynamic,1,14,38.386035012081265
cpu,HIT,model_only,Q8-cpu_dynamic,1,15,39.76080799475312
cpu,HIT,model_only,Q8-cpu_dynamic,1,16,39.11349701229483
cpu,HIT,model_only,Q8-cpu_dynamic,1,17,39.43399200215936
cpu,HIT,model_only,Q8-cpu_dynamic,1,18,39.34680798556656
cpu,HIT,model_only,Q8-cpu_dynamic,1,19,39.36375101329759
cpu,HIT,model_only,Q8-cpu_dynamic,1,20,39.88292097346857
cpu,HIT,model_only,Q8-cpu_dynamic,1,21,40.32806999748573
cpu,HIT,model_only,Q8-cpu_dynamic,1,22,40.51071696449071
cpu,HIT,model_only,Q8-cpu_dynamic,1,23,39.778114994987845
cpu,HIT,model_only,Q8-cpu_dynamic,1,24,39.38974696211517
cpu,HIT,model_only,Q8-cpu_dynamic,1,25,39.41906098043546
cpu,HIT,model_only,Q8-cpu_dynamic,1,26,39.440817025024444
cpu,HIT,model_only,Q8-cpu_dynamic,1,27,40.05590098677203
cpu,HIT,model_only,Q8-cpu_dynamic,1,28,40.32564599765465
cpu,HIT,model_only,Q8-cpu_dynamic,1,29,39.744751004036516
cpu,HIT,model_only,Q8-cpu_dynamic,1,30,40.314795973245054
cpu,HIT,model_only,Q8-cpu_dynamic,1,31,39.58575101569295
cpu,HIT,model_only,Q8-cpu_dynamic,1,32,39.84495298936963
cpu,HIT,model_only,Q8-cpu_dynamic,1,33,39.65245099971071
cpu,HIT,model_only,Q8-cpu_dynamic,1,34,39.98946398496628
cpu,HIT,model_only,Q8-cpu_dynamic,1,35,38.67180598899722
cpu,HIT,model_only,Q8-cpu_dynamic,1,36,39.51829602010548
cpu,HIT,model_only,Q8-cpu_dynamic,1,37,38.527149008587
cpu,HIT,model_only,Q8-cpu_dynamic,1,38,39.10916100721806
cpu,HIT,model_only,Q8-cpu_dynamic,1,39,39.53575203195214
cpu,HIT,model_only,Q8-cpu_dynamic,1,40,38.93960302229971
cpu,HIT,model_only,Q8-cpu_dynamic,1,41,39.168860006611794
cpu,HIT,model_only,Q8-cpu_dynamic,1,42,39.56579201621935
cpu,HIT,model_only,Q8-cpu_dynamic,1,43,39.73690600832924
cpu,HIT,model_only,Q8-cpu_dynamic,1,44,39.364626980386674
cpu,HIT,model_only,Q8-cpu_dynamic,1,45,39.46271899621934
cpu,HIT,model_only,Q8-cpu_dynamic,1,46,39.03505398193374
cpu,HIT,model_only,Q8-cpu_dynamic,1,47,40.409831039141864
cpu,HIT,model_only,Q8-cpu_dynamic,1,48,38.36606303229928
cpu,HIT,model_only,Q8-cpu_dynamic,1,49,38.91881002346054
cpu,HIT,model_only,Q8-cpu_dynamic,1,50,39.940141956321895
cpu,HIT,model_only,Q8-cpu_dynamic,1,51,39.11800804780796
cpu,HIT,model_only,Q8-cpu_dynamic,1,52,39.79011398041621
cpu,HIT,model_only,Q8-cpu_dynamic,1,53,39.050799037795514
cpu,HIT,model_only,Q8-cpu_dynamic,1,54,40.07012600777671
cpu,HIT,model_only,Q8-cpu_dynamic,1,55,38.982313009910285
cpu,HIT,model_only,Q8-cpu_dynamic,1,56,39.358763955533504
cpu,HIT,model_only,Q8-cpu_dynamic,1,57,39.31794298114255
cpu,HIT,model_only,Q8-cpu_dynamic,1,58,39.441872970201075
cpu,HIT,model_only,Q8-cpu_dynamic,1,59,39.33525102911517
cpu,HIT,model_only,Q8-cpu_dynamic,1,60,39.03034998802468
cpu,HIT,model_only,Q8-cpu_dynamic,1,61,39.06293597538024
cpu,HIT,model_only,Q8-cpu_dynamic,1,62,38.69451698847115
cpu,HIT,model_only,Q8-cpu_dynamic,1,63,39.42413895856589
cpu,HIT,model_only,Q8-cpu_dynamic,1,64,38.779153022915125
cpu,HIT,model_only,Q8-cpu_dynamic,1,65,41.390771977603436
cpu,HIT,model_only,Q8-cpu_dynamic,1,66,40.344829962123185
cpu,HIT,model_only,Q8-cpu_dynamic,1,67,39.40895298728719
cpu,HIT,model_only,Q8-cpu_dynamic,1,68,39.38071703305468
cpu,HIT,model_only,Q8-cpu_dynamic,1,69,39.79640296893194
cpu,HIT,model_only,Q8-cpu_dynamic,1,70,39.08655501436442
cpu,HIT,model_only,Q8-cpu_dynamic,1,71,39.72987597808242
cpu,HIT,model_only,Q8-cpu_dynamic,1,72,39.92701100651175
cpu,HIT,model_only,Q8-cpu_dynamic,1,73,39.37809099443257
cpu,HIT,model_only,Q8-cpu_dynamic,1,74,39.303941011894494
cpu,HIT,model_only,Q8-cpu_dynamic,1,75,39.611904008779675
cpu,HIT,model_only,Q8-cpu_dynamic,1,76,38.73032302362844
cpu,HIT,model_only,Q8-cpu_dynamic,1,77,38.980890007223934
cpu,HIT,model_only,Q8-cpu_dynamic,1,78,39.147195988334715
cpu,HIT,model_only,Q8-cpu_dynamic,1,79,38.90300099737942
cpu,HIT,model_only,Q8-cpu_dynamic,1,80,39.14130502380431
cpu,HIT,model_only,Q8-cpu_dynamic,1,81,38.98559097433463
cpu,HIT,model_only,Q8-cpu_dynamic,1,82,39.54712796257809
cpu,HIT,model_only,Q8-cpu_dynamic,1,83,39.89931201795116
cpu,HIT,model_only,Q8-cpu_dynamic,1,84,40.04164395155385
cpu,HIT,model_only,Q8-cpu_dynamic,1,85,40.64491798635572
cpu,HIT,model_only,Q8-cpu_dynamic,1,86,40.0435269693844
cpu,HIT,model_only,Q8-cpu_dynamic,1,87,39.57861999515444
cpu,HIT,model_only,Q8-cpu_dynamic,1,88,39.43390701897442
cpu,HIT,model_only,Q8-cpu_dynamic,1,89,39.965080039110035
cpu,HIT,model_only,Q8-cpu_dynamic,1,90,39.6897520404309
cpu,HIT,model_only,Q8-cpu_dynamic,1,91,39.246656000614166
cpu,HIT,model_only,Q8-cpu_dynamic,1,92,39.90173002239317
cpu,HIT,model_only,Q8-cpu_dynamic,1,93,39.84799003228545
cpu,HIT,model_only,Q8-cpu_dynamic,1,94,39.23878795467317
cpu,HIT,model_only,Q8-cpu_dynamic,1,95,39.47278094710782
cpu,HIT,model_only,Q8-cpu_dynamic,1,96,39.54864898696542
cpu,HIT,model_only,Q8-cpu_dynamic,1,97,41.00759502034634
cpu,HIT,model_only,Q8-cpu_dynamic,1,98,39.97559699928388
cpu,HIT,model_only,Q8-cpu_dynamic,1,99,40.203580050729215
cpu,HIT,model_only,Q8-cpu_dynamic,1,100,40.42611800832674
cpu,HIT,model_only,Q8-cpu_dynamic,1,101,40.34399503143504
cpu,HIT,model_only,Q8-cpu_dynamic,1,102,39.65334501117468
cpu,HIT,model_only,Q8-cpu_dynamic,1,103,40.07392399944365
cpu,HIT,model_only,Q8-cpu_dynamic,1,104,39.849179971497506
cpu,HIT,model_only,Q8-cpu_dynamic,1,105,39.942088013049215
cpu,HIT,model_only,Q8-cpu_dynamic,1,106,40.3805379755795
cpu,HIT,model_only,Q8-cpu_dynamic,1,107,40.087129978928715
cpu,HIT,model_only,Q8-cpu_dynamic,1,108,40.15105002326891
cpu,HIT,model_only,Q8-cpu_dynamic,1,109,40.36697099218145
cpu,HIT,model_only,Q8-cpu_dynamic,1,110,39.33014796348289
cpu,HIT,model_only,Q8-cpu_dynamic,1,111,39.39289797563106
cpu,HIT,model_only,Q8-cpu_dynamic,1,112,39.765306981280446
cpu,HIT,model_only,Q8-cpu_dynamic,1,113,39.425054972525686
cpu,HIT,model_only,Q8-cpu_dynamic,1,114,38.994436035864055
cpu,HIT,model_only,Q8-cpu_dynamic,1,115,38.985268969554454
cpu,HIT,model_only,Q8-cpu_dynamic,1,116,39.50058302143589
cpu,HIT,model_only,Q8-cpu_dynamic,1,117,39.401513000484556
cpu,HIT,model_only,Q8-cpu_dynamic,1,118,39.36189296655357
cpu,HIT,model_only,Q8-cpu_dynamic,1,119,39.69882696401328
cpu,HIT,model_only,Q8-cpu_dynamic,1,120,38.696635980159044
cpu,HIT,model_only,Q8-cpu_dynamic,1,121,40.44253099709749
cpu,HIT,model_only,Q8-cpu_dynamic,1,122,39.608130988199264
cpu,HIT,model_only,Q8-cpu_dynamic,1,123,39.52432103687897
cpu,HIT,model_only,Q8-cpu_dynamic,1,124,40.11407698271796
cpu,HIT,model_only,Q8-cpu_dynamic,1,125,39.36598001746461
cpu,HIT,model_only,Q8-cpu_dynamic,1,126,40.0002469541505
cpu,HIT,model_only,Q8-cpu_dynamic,1,127,40.18394602462649
cpu,HIT,model_only,Q8-cpu_dynamic,1,128,38.782557006925344
cpu,HIT,model_only,Q8-cpu_dynamic,1,129,38.897978025488555
cpu,HIT,model_only,Q8-cpu_dynamic,1,130,38.399328012019396
cpu,HIT,model_only,Q8-cpu_dynamic,1,131,38.35486603202298
cpu,HIT,model_only,Q8-cpu_dynamic,1,132,38.8872449984774
cpu,HIT,model_only,Q8-cpu_dynamic,1,133,39.399916015099734
cpu,HIT,model_only,Q8-cpu_dynamic,1,134,39.572886016685516
cpu,HIT,model_only,Q8-cpu_dynamic,1,135,39.42339902278036
cpu,HIT,model_only,Q8-cpu_dynamic,1,136,39.237956050783396
cpu,HIT,model_only,Q8-cpu_dynamic,1,137,39.40259799128398
cpu,HIT,model_only,Q8-cpu_dynamic,1,138,40.106068016029894
cpu,HIT,model_only,Q8-cpu_dynamic,1,139,39.52273598406464
cpu,HIT,model_only,Q8-cpu_dynamic,1,140,39.36922800494358
cpu,HIT,model_only,Q8-cpu_dynamic,1,141,39.2299760133028
cpu,HIT,model_only,Q8-cpu_dynamic,1,142,39.78916100459173
cpu,HIT,model_only,Q8-cpu_dynamic,1,143,39.39580195583403
cpu,HIT,model_only,Q8-cpu_dynamic,1,144,38.58092398149893
cpu,HIT,model_only,Q8-cpu_dynamic,1,145,39.57963804714382
cpu,HIT,model_only,Q8-cpu_dynamic,1,146,39.750491036102176
cpu,HIT,model_only,Q8-cpu_dynamic,1,147,38.924556982237846
cpu,HIT,model_only,Q8-cpu_dynamic,1,148,40.248988021630794
cpu,HIT,model_only,Q8-cpu_dynamic,1,149,39.20264501357451
cpu,HIT,model_only,Q8-cpu_dynamic,1,150,39.65203295229003
cpu,HIT,model_only,Q8-cpu_dynamic,1,151,39.58112996770069
cpu,HIT,model_only,Q8-cpu_dynamic,1,152,39.41962501266971
cpu,HIT,model_only,Q8-cpu_dynamic,1,153,40.112941002007574
cpu,HIT,model_only,Q8-cpu_dynamic,1,154,38.93124096794054
cpu,HIT,model_only,Q8-cpu_dynamic,1,155,40.33707204507664
cpu,HIT,model_only,Q8-cpu_dynamic,1,156,40.71593197295442
cpu,HIT,model_only,Q8-cpu_dynamic,1,157,39.28314399672672
cpu,HIT,model_only,Q8-cpu_dynamic,1,158,39.41673104418442
cpu,HIT,model_only,Q8-cpu_dynamic,1,159,39.78861100040376
cpu,HIT,model_only,Q8-cpu_dynamic,1,160,39.72619597334415
cpu,HIT,model_only,Q8-cpu_dynamic,1,161,38.95359503803775
cpu,HIT,model_only,Q8-cpu_dynamic,1,162,39.47244503069669
cpu,HIT,model_only,Q8-cpu_dynamic,1,163,38.872727018315345
cpu,HIT,model_only,Q8-cpu_dynamic,1,164,39.439400017727166
cpu,HIT,model_only,Q8-cpu_dynamic,1,165,39.65586703270674
cpu,HIT,model_only,Q8-cpu_dynamic,1,166,38.92955195624381
cpu,HIT,model_only,Q8-cpu_dynamic,1,167,39.35303399339318
cpu,HIT,model_only,Q8-cpu_dynamic,1,168,39.50938198249787
cpu,HIT,model_only,Q8-cpu_dynamic,1,169,38.63739100052044
cpu,HIT,model_only,Q8-cpu_dynamic,1,170,38.64438203163445
cpu,HIT,model_only,Q8-cpu_dynamic,1,171,39.027085003908724
cpu,HIT,model_only,Q8-cpu_dynamic,1,172,39.32323300978169
cpu,HIT,model_only,Q8-cpu_dynamic,1,173,40.569076023530215
cpu,HIT,model_only,Q8-cpu_dynamic,1,174,38.484491989947855
cpu,HIT,model_only,Q8-cpu_dynamic,1,175,39.07524200621992
cpu,HIT,model_only,Q8-cpu_dynamic,1,176,39.78404798544943
cpu,HIT,model_only,Q8-cpu_dynamic,1,177,39.229668967891484
cpu,HIT,model_only,Q8-cpu_dynamic,1,178,40.24089500308037
cpu,HIT,model_only,Q8-cpu_dynamic,1,179,39.847251027822495
cpu,HIT,model_only,Q8-cpu_dynamic,1,180,38.91997801838443
cpu,HIT,model_only,Q8-cpu_dynamic,1,181,38.64207700826228
cpu,HIT,model_only,Q8-cpu_dynamic,1,182,38.95275096874684
cpu,HIT,model_only,Q8-cpu_dynamic,1,183,39.69320800388232
cpu,HIT,model_only,Q8-cpu_dynamic,1,184,39.027512015309185
cpu,HIT,model_only,Q8-cpu_dynamic,1,185,40.096694021485746
cpu,HIT,model_only,Q8-cpu_dynamic,1,186,40.1142860064283
cpu,HIT,model_only,Q8-cpu_dynamic,1,187,38.40613702777773
cpu,HIT,model_only,Q8-cpu_dynamic,1,188,38.41372299939394
cpu,HIT,model_only,Q8-cpu_dynamic,1,189,39.38296198612079
cpu,HIT,model_only,Q8-cpu_dynamic,1,190,38.79455698188394
cpu,HIT,model_only,Q8-cpu_dynamic,1,191,39.214442018419504
cpu,HIT,model_only,Q8-cpu_dynamic,1,192,39.74281600676477
cpu,HIT,model_only,Q8-cpu_dynamic,1,193,39.28432596148923
cpu,HIT,model_only,Q8-cpu_dynamic,1,194,39.47365400381386
cpu,HIT,model_only,Q8-cpu_dynamic,1,195,39.558070013299584
cpu,HIT,model_only,Q8-cpu_dynamic,1,196,39.95044395560399
cpu,HIT,model_only,Q8-cpu_dynamic,1,197,39.737652987241745
cpu,HIT,model_only,Q8-cpu_dynamic,1,198,39.331047039013356
cpu,HIT,model_only,Q8-cpu_dynamic,1,199,39.63124204892665
cpu,HIT,model_only,Q8-cpu_dynamic,1,200,39.7041299729608
cpu,HIT,model_only,Q8-cpu_dynamic,1,201,39.638540998566896
cpu,HIT,model_only,Q8-cpu_dynamic,1,202,39.418301021214575
cpu,HIT,model_only,Q8-cpu_dynamic,1,203,39.00671500014141
cpu,HIT,model_only,Q8-cpu_dynamic,1,204,39.40747701562941
cpu,HIT,model_only,Q8-cpu_dynamic,1,205,38.75464299926534
cpu,HIT,model_only,Q8-cpu_dynamic,1,206,39.013932982925326
cpu,HIT,model_only,Q8-cpu_dynamic,1,207,39.051521045621485
cpu,HIT,model_only,Q8-cpu_dynamic,1,208,39.82108598574996
cpu,HIT,model_only,Q8-cpu_dynamic,1,209,39.244518033228815
cpu,HIT,model_only,Q8-cpu_dynamic,1,210,39.27644400391728
cpu,HIT,model_only,Q8-cpu_dynamic,1,211,39.68719998374581
cpu,HIT,model_only,Q8-cpu_dynamic,1,212,39.370496990159154
cpu,HIT,model_only,Q8-cpu_dynamic,1,213,39.30673294235021
cpu,HIT,model_only,Q8-cpu_dynamic,1,214,39.42786995321512
cpu,HIT,model_only,Q8-cpu_dynamic,1,215,39.46762002306059
cpu,HIT,model_only,Q8-cpu_dynamic,1,216,39.68471399275586
cpu,HIT,model_only,Q8-cpu_dynamic,1,217,38.96442602854222
cpu,HIT,model_only,Q8-cpu_dynamic,1,218,39.368500001728535
cpu,HIT,model_only,Q8-cpu_dynamic,1,219,39.63290899991989
cpu,HIT,model_only,Q8-cpu_dynamic,1,220,39.68367999186739
cpu,HIT,model_only,Q8-cpu_dynamic,1,221,39.10300298593938
cpu,HIT,model_only,Q8-cpu_dynamic,1,222,39.12491298979148
cpu,HIT,model_only,Q8-cpu_dynamic,1,223,39.681122987531126
cpu,HIT,model_only,Q8-cpu_dynamic,1,224,39.65145704569295
cpu,HIT,model_only,Q8-cpu_dynamic,1,225,39.65622902614996
cpu,HIT,model_only,Q8-cpu_dynamic,1,226,39.906926976982504
cpu,HIT,model_only,Q8-cpu_dynamic,1,227,38.67434698622674
cpu,HIT,model_only,Q8-cpu_dynamic,1,228,39.76694104494527
cpu,HIT,model_only,Q8-cpu_dynamic,1,229,39.71111198188737
cpu,HIT,model_only,Q8-cpu_dynamic,1,230,39.48513598879799
cpu,HIT,model_only,Q8-cpu_dynamic,1,231,39.077978988643736
cpu,HIT,model_only,Q8-cpu_dynamic,1,232,40.182103984989226
cpu,HIT,model_only,Q8-cpu_dynamic,1,233,39.4747219979763
cpu,HIT,model_only,Q8-cpu_dynamic,1,234,40.185477992054075
cpu,HIT,model_only,Q8-cpu_dynamic,1,235,39.537560020107776
cpu,HIT,model_only,Q8-cpu_dynamic,1,236,39.35739299049601
cpu,HIT,model_only,Q8-cpu_dynamic,1,237,39.00945698842406
cpu,HIT,model_only,Q8-cpu_dynamic,1,238,39.556453994009644
cpu,HIT,model_only,Q8-cpu_dynamic,1,239,39.33009901084006
cpu,HIT,model_only,Q8-cpu_dynamic,1,240,38.44636300345883
cpu,HIT,model_only,Q8-cpu_dynamic,1,241,39.32747902581468
cpu,HIT,model_only,Q8-cpu_dynamic,1,242,39.455749036278576
cpu,HIT,model_only,Q8-cpu_dynamic,1,243,39.9997909553349
cpu,HIT,model_only,Q8-cpu_dynamic,1,244,39.090461970772594
cpu,HIT,model_only,Q8-cpu_dynamic,1,245,39.195487974211574
cpu,HIT,model_only,Q8-cpu_dynamic,1,246,39.35380501206964
cpu,HIT,model_only,Q8-cpu_dynamic,1,247,39.22239801613614
cpu,HIT,model_only,Q8-cpu_dynamic,1,248,39.354882028419524
cpu,HIT,model_only,Q8-cpu_dynamic,1,249,39.87004101509228
cpu,HIT,model_only,K1-FP32,1,0,43.82401204202324
cpu,HIT,model_only,K1-FP32,1,1,49.311368027701974
cpu,HIT,model_only,K1-FP32,1,2,42.78667003381997
cpu,HIT,model_only,K1-FP32,1,3,42.400477977935225
cpu,HIT,model_only,K1-FP32,1,4,43.453863996546715
cpu,HIT,model_only,K1-FP32,1,5,43.32099104067311
cpu,HIT,model_only,K1-FP32,1,6,43.281406979076564
cpu,HIT,model_only,K1-FP32,1,7,43.46193099627271
cpu,HIT,model_only,K1-FP32,1,8,43.095909990370274
cpu,HIT,model_only,K1-FP32,1,9,42.59003099286929
cpu,HIT,model_only,K1-FP32,1,10,43.47182804485783
cpu,HIT,model_only,K1-FP32,1,11,44.293775979895145
cpu,HIT,model_only,K1-FP32,1,12,42.28586202953011
cpu,HIT,model_only,K1-FP32,1,13,42.14841697830707
cpu,HIT,model_only,K1-FP32,1,14,42.62095800368115
cpu,HIT,model_only,K1-FP32,1,15,42.66032000305131
cpu,HIT,model_only,K1-FP32,1,16,43.32158999750391
cpu,HIT,model_only,K1-FP32,1,17,42.817692970857024
cpu,HIT,model_only,K1-FP32,1,18,43.06888999417424
cpu,HIT,model_only,K1-FP32,1,19,43.19612396648154
cpu,HIT,model_only,K1-FP32,1,20,42.56479995092377
cpu,HIT,model_only,K1-FP32,1,21,42.60216001421213
cpu,HIT,model_only,K1-FP32,1,22,44.83665700536221
cpu,HIT,model_only,K1-FP32,1,23,44.15255400817841
cpu,HIT,model_only,K1-FP32,1,24,41.97213798761368
cpu,HIT,model_only,K1-FP32,1,25,43.337533017620444
cpu,HIT,model_only,K1-FP32,1,26,42.61044197482988
cpu,HIT,model_only,K1-FP32,1,27,42.45874099433422
cpu,HIT,model_only,K1-FP32,1,28,42.04975796164945
cpu,HIT,model_only,K1-FP32,1,29,42.59980499045923
cpu,HIT,model_only,K1-FP32,1,30,43.055307993199676
cpu,HIT,model_only,K1-FP32,1,31,43.06803096551448
cpu,HIT,model_only,K1-FP32,1,32,43.43945597065613
cpu,HIT,model_only,K1-FP32,1,33,42.748308973386884
cpu,HIT,model_only,K1-FP32,1,34,43.68901200359687
cpu,HIT,model_only,K1-FP32,1,35,43.912009976338595
cpu,HIT,model_only,K1-FP32,1,36,70.47175901243463
cpu,HIT,model_only,K1-FP32,1,37,41.93871398456395
cpu,HIT,model_only,K1-FP32,1,38,42.21170605160296
cpu,HIT,model_only,K1-FP32,1,39,41.165878996253014
cpu,HIT,model_only,K1-FP32,1,40,42.33584104804322
cpu,HIT,model_only,K1-FP32,1,41,42.5297929905355
cpu,HIT,model_only,K1-FP32,1,42,41.891803964972496
cpu,HIT,model_only,K1-FP32,1,43,41.79456300335005
cpu,HIT,model_only,K1-FP32,1,44,43.19530999055132
cpu,HIT,model_only,K1-FP32,1,45,43.246591987553984
cpu,HIT,model_only,K1-FP32,1,46,42.18048200709745
cpu,HIT,model_only,K1-FP32,1,47,42.802122014109045
cpu,HIT,model_only,K1-FP32,1,48,43.5956779983826
cpu,HIT,model_only,K1-FP32,1,49,44.04998500831425
cpu,HIT,model_only,K1-FP32,1,50,43.15004200907424
cpu,HIT,model_only,K1-FP32,1,51,43.86050201719627
cpu,HIT,model_only,K1-FP32,1,52,44.51423499267548
cpu,HIT,model_only,K1-FP32,1,53,48.99365396704525
cpu,HIT,model_only,K1-FP32,1,54,48.370650969445705
cpu,HIT,model_only,K1-FP32,1,55,44.16748002404347
cpu,HIT,model_only,K1-FP32,1,56,43.00921899266541
cpu,HIT,model_only,K1-FP32,1,57,43.80289005348459
cpu,HIT,model_only,K1-FP32,1,58,48.8086849800311
cpu,HIT,model_only,K1-FP32,1,59,44.468584994319826
cpu,HIT,model_only,K1-FP32,1,60,44.42805203143507
cpu,HIT,model_only,K1-FP32,1,61,42.18030895572156
cpu,HIT,model_only,K1-FP32,1,62,42.620497988536954
cpu,HIT,model_only,K1-FP32,1,63,42.26629703771323
cpu,HIT,model_only,K1-FP32,1,64,43.04605798097327
cpu,HIT,model_only,K1-FP32,1,65,42.92540397727862
cpu,HIT,model_only,K1-FP32,1,66,42.960605991538614
cpu,HIT,model_only,K1-FP32,1,67,42.92724101105705
cpu,HIT,model_only,K1-FP32,1,68,43.356213020160794
cpu,HIT,model_only,K1-FP32,1,69,43.21546701248735
cpu,HIT,model_only,K1-FP32,1,70,44.505337020382285
cpu,HIT,model_only,K1-FP32,1,71,43.105055985506624
cpu,HIT,model_only,K1-FP32,1,72,42.68511797999963
cpu,HIT,model_only,K1-FP32,1,73,43.48071396816522
cpu,HIT,model_only,K1-FP32,1,74,48.05788700468838
cpu,HIT,model_only,K1-FP32,1,75,47.54023801069707
cpu,HIT,model_only,K1-FP32,1,76,43.590638029854745
cpu,HIT,model_only,K1-FP32,1,77,42.13019198505208
cpu,HIT,model_only,K1-FP32,1,78,42.581247980706394
cpu,HIT,model_only,K1-FP32,1,79,43.118091009091586
cpu,HIT,model_only,K1-FP32,1,80,44.77305000182241
cpu,HIT,model_only,K1-FP32,1,81,47.128817008342594
cpu,HIT,model_only,K1-FP32,1,82,44.95296499226242
cpu,HIT,model_only,K1-FP32,1,83,44.79544499190524
cpu,HIT,model_only,K1-FP32,1,84,45.05078902002424
cpu,HIT,model_only,K1-FP32,1,85,44.6075209765695
cpu,HIT,model_only,K1-FP32,1,86,42.77647798880935
cpu,HIT,model_only,K1-FP32,1,87,42.881885019596666
cpu,HIT,model_only,K1-FP32,1,88,42.9208209970966
cpu,HIT,model_only,K1-FP32,1,89,42.129605950322
cpu,HIT,model_only,K1-FP32,1,90,42.64189099194482
cpu,HIT,model_only,K1-FP32,1,91,43.318861979059875
cpu,HIT,model_only,K1-FP32,1,92,43.414390995167196
cpu,HIT,model_only,K1-FP32,1,93,42.17377700842917
cpu,HIT,model_only,K1-FP32,1,94,42.5333030289039
cpu,HIT,model_only,K1-FP32,1,95,43.23947202647105
cpu,HIT,model_only,K1-FP32,1,96,42.07621596287936
cpu,HIT,model_only,K1-FP32,1,97,42.5720660132356
cpu,HIT,model_only,K1-FP32,1,98,42.73122298764065
cpu,HIT,model_only,K1-FP32,1,99,42.89287095889449
cpu,HIT,model_only,K1-FP32,1,100,43.039679992944
cpu,HIT,model_only,K1-FP32,1,101,42.12900600396097
cpu,HIT,model_only,K1-FP32,1,102,42.41391102550551
cpu,HIT,model_only,K1-FP32,1,103,42.74737503146753
cpu,HIT,model_only,K1-FP32,1,104,45.70262198103592
cpu,HIT,model_only,K1-FP32,1,105,45.62549199908972
cpu,HIT,model_only,K1-FP32,1,106,45.84371502278373
cpu,HIT,model_only,K1-FP32,1,107,44.71279704011977
cpu,HIT,model_only,K1-FP32,1,108,44.029370008502156
cpu,HIT,model_only,K1-FP32,1,109,44.68188399914652
cpu,HIT,model_only,K1-FP32,1,110,43.95072697661817
cpu,HIT,model_only,K1-FP32,1,111,44.09696999937296
cpu,HIT,model_only,K1-FP32,1,112,43.67029597051442
cpu,HIT,model_only,K1-FP32,1,113,43.5884419712238
cpu,HIT,model_only,K1-FP32,1,114,43.280361976940185
cpu,HIT,model_only,K1-FP32,1,115,43.5222529922612
cpu,HIT,model_only,K1-FP32,1,116,44.41157897235826
cpu,HIT,model_only,K1-FP32,1,117,44.19152403715998
cpu,HIT,model_only,K1-FP32,1,118,41.84581502340734
cpu,HIT,model_only,K1-FP32,1,119,43.115803971886635
cpu,HIT,model_only,K1-FP32,1,120,44.99120800755918
cpu,HIT,model_only,K1-FP32,1,121,44.8950279969722
cpu,HIT,model_only,K1-FP32,1,122,44.772810011636466
cpu,HIT,model_only,K1-FP32,1,123,46.06335697462782
cpu,HIT,model_only,K1-FP32,1,124,46.18160700192675
cpu,HIT,model_only,K1-FP32,1,125,49.32125099003315
cpu,HIT,model_only,K1-FP32,1,126,42.81359497690573
cpu,HIT,model_only,K1-FP32,1,127,42.597947001922876
cpu,HIT,model_only,K1-FP32,1,128,42.28523699566722
cpu,HIT,model_only,K1-FP32,1,129,43.27266197651625
cpu,HIT,model_only,K1-FP32,1,130,42.41244099102914
cpu,HIT,model_only,K1-FP32,1,131,43.980887974612415
cpu,HIT,model_only,K1-FP32,1,132,48.4387599863112
cpu,HIT,model_only,K1-FP32,1,133,48.80809201858938
cpu,HIT,model_only,K1-FP32,1,134,48.29699394758791
cpu,HIT,model_only,K1-FP32,1,135,47.215764003340155
cpu,HIT,model_only,K1-FP32,1,136,43.69727795710787
cpu,HIT,model_only,K1-FP32,1,137,44.09790603676811
cpu,HIT,model_only,K1-FP32,1,138,42.78805502690375
cpu,HIT,model_only,K1-FP32,1,139,43.71755599277094
cpu,HIT,model_only,K1-FP32,1,140,45.13774299994111
cpu,HIT,model_only,K1-FP32,1,141,42.306529998313636
cpu,HIT,model_only,K1-FP32,1,142,42.20420599449426
cpu,HIT,model_only,K1-FP32,1,143,42.68879198934883
cpu,HIT,model_only,K1-FP32,1,144,42.022388020996004
cpu,HIT,model_only,K1-FP32,1,145,42.101424012798816
cpu,HIT,model_only,K1-FP32,1,146,42.28369198972359
cpu,HIT,model_only,K1-FP32,1,147,43.37368602864444
cpu,HIT,model_only,K1-FP32,1,148,46.25959595432505
cpu,HIT,model_only,K1-FP32,1,149,43.12517499784008
cpu,HIT,model_only,K1-FP32,1,150,42.751455039251596
cpu,HIT,model_only,K1-FP32,1,151,42.62414597906172
cpu,HIT,model_only,K1-FP32,1,152,43.72614197200164
cpu,HIT,model_only,K1-FP32,1,153,45.01650098245591
cpu,HIT,model_only,K1-FP32,1,154,44.68010098207742
cpu,HIT,model_only,K1-FP32,1,155,43.30989997833967
cpu,HIT,model_only,K1-FP32,1,156,42.738719028420746
cpu,HIT,model_only,K1-FP32,1,157,45.153365994337946
cpu,HIT,model_only,K1-FP32,1,158,44.59694400429726
cpu,HIT,model_only,K1-FP32,1,159,44.79648300912231
cpu,HIT,model_only,K1-FP32,1,160,44.54213002463803
cpu,HIT,model_only,K1-FP32,1,161,43.83134498493746
cpu,HIT,model_only,K1-FP32,1,162,45.2502989792265
cpu,HIT,model_only,K1-FP32,1,163,43.00563799915835
cpu,HIT,model_only,K1-FP32,1,164,42.81166603323072
cpu,HIT,model_only,K1-FP32,1,165,43.250350980088115
cpu,HIT,model_only,K1-FP32,1,166,42.890864016953856
cpu,HIT,model_only,K1-FP32,1,167,42.974031006451696
cpu,HIT,model_only,K1-FP32,1,168,42.96808096114546
cpu,HIT,model_only,K1-FP32,1,169,42.64945903560147
cpu,HIT,model_only,K1-FP32,1,170,43.49309502867982
cpu,HIT,model_only,K1-FP32,1,171,44.13223697338253
cpu,HIT,model_only,K1-FP32,1,172,48.62227302510291
cpu,HIT,model_only,K1-FP32,1,173,44.88911700900644
cpu,HIT,model_only,K1-FP32,1,174,45.12657399754971
cpu,HIT,model_only,K1-FP32,1,175,45.102365023922175
cpu,HIT,model_only,K1-FP32,1,176,45.63545499695465
cpu,HIT,model_only,K1-FP32,1,177,44.16814097203314
cpu,HIT,model_only,K1-FP32,1,178,42.6020459854044
cpu,HIT,model_only,K1-FP32,1,179,43.59007102902979
cpu,HIT,model_only,K1-FP32,1,180,42.68117499304935
cpu,HIT,model_only,K1-FP32,1,181,42.67100803554058
cpu,HIT,model_only,K1-FP32,1,182,44.2482529906556
cpu,HIT,model_only,K1-FP32,1,183,44.555833970662206
cpu,HIT,model_only,K1-FP32,1,184,48.636398976668715
cpu,HIT,model_only,K1-FP32,1,185,43.771482014562935
cpu,HIT,model_only,K1-FP32,1,186,48.537856026086956
cpu,HIT,model_only,K1-FP32,1,187,48.49581699818373
cpu,HIT,model_only,K1-FP32,1,188,48.20763599127531
cpu,HIT,model_only,K1-FP32,1,189,44.37069204868749
cpu,HIT,model_only,K1-FP32,1,190,42.76044695870951
cpu,HIT,model_only,K1-FP32,1,191,44.31225301232189
cpu,HIT,model_only,K1-FP32,1,192,49.114693014416844
cpu,HIT,model_only,K1-FP32,1,193,48.986442969180644
cpu,HIT,model_only,K1-FP32,1,194,47.5991889834404
cpu,HIT,model_only,K1-FP32,1,195,43.33771194797009
cpu,HIT,model_only,K1-FP32,1,196,42.61292499722913
cpu,HIT,model_only,K1-FP32,1,197,42.809882026631385
cpu,HIT,model_only,K1-FP32,1,198,42.73953998927027
cpu,HIT,model_only,K1-FP32,1,199,43.0778120062314
cpu,HIT,model_only,K1-FP32,1,200,45.742565009277314
cpu,HIT,model_only,K1-FP32,1,201,45.587262022309005
cpu,HIT,model_only,K1-FP32,1,202,42.99415496643633
cpu,HIT,model_only,K1-FP32,1,203,42.89347800659016
cpu,HIT,model_only,K1-FP32,1,204,43.28877595253289
cpu,HIT,model_only,K1-FP32,1,205,43.05020399624482
cpu,HIT,model_only,K1-FP32,1,206,42.67391195753589
cpu,HIT,model_only,K1-FP32,1,207,46.874393010511994
cpu,HIT,model_only,K1-FP32,1,208,47.877378994598985
cpu,HIT,model_only,K1-FP32,1,209,42.7439589984715
cpu,HIT,model_only,K1-FP32,1,210,43.19633496925235
cpu,HIT,model_only,K1-FP32,1,211,43.43289299868047
cpu,HIT,model_only,K1-FP32,1,212,44.39089400693774
cpu,HIT,model_only,K1-FP32,1,213,42.84004197688773
cpu,HIT,model_only,K1-FP32,1,214,43.13519998686388
cpu,HIT,model_only,K1-FP32,1,215,42.565527954138815
cpu,HIT,model_only,K1-FP32,1,216,43.79787895595655
cpu,HIT,model_only,K1-FP32,1,217,43.67839504266158
cpu,HIT,model_only,K1-FP32,1,218,42.45559097034857
cpu,HIT,model_only,K1-FP32,1,219,42.88590501528233
cpu,HIT,model_only,K1-FP32,1,220,42.990430956706405
cpu,HIT,model_only,K1-FP32,1,221,43.98372705327347
cpu,HIT,model_only,K1-FP32,1,222,48.12718095490709
cpu,HIT,model_only,K1-FP32,1,223,45.179293025285006
cpu,HIT,model_only,K1-FP32,1,224,48.44673298066482
cpu,HIT,model_only,K1-FP32,1,225,47.96038701897487
cpu,HIT,model_only,K1-FP32,1,226,44.99767499510199
cpu,HIT,model_only,K1-FP32,1,227,44.410027971025556
cpu,HIT,model_only,K1-FP32,1,228,43.026507017202675
cpu,HIT,model_only,K1-FP32,1,229,43.243168969638646
cpu,HIT,model_only,K1-FP32,1,230,43.05019398452714
cpu,HIT,model_only,K1-FP32,1,231,43.12596598174423
cpu,HIT,model_only,K1-FP32,1,232,44.82247098349035
cpu,HIT,model_only,K1-FP32,1,233,44.71925902180374
cpu,HIT,model_only,K1-FP32,1,234,44.61725597502664
cpu,HIT,model_only,K1-FP32,1,235,45.184846967458725
cpu,HIT,model_only,K1-FP32,1,236,44.749151973519474
cpu,HIT,model_only,K1-FP32,1,237,43.655269022565335
cpu,HIT,model_only,K1-FP32,1,238,43.67894900497049
cpu,HIT,model_only,K1-FP32,1,239,44.53344602370635
cpu,HIT,model_only,K1-FP32,1,240,44.75541098508984
cpu,HIT,model_only,K1-FP32,1,241,44.55028002848849
cpu,HIT,model_only,K1-FP32,1,242,43.91814098926261
cpu,HIT,model_only,K1-FP32,1,243,44.72075297962874
cpu,HIT,model_only,K1-FP32,1,244,44.53677101992071
cpu,HIT,model_only,K1-FP32,1,245,46.8115090043284
cpu,HIT,model_only,K1-FP32,1,246,45.48069601878524
cpu,HIT,model_only,K1-FP32,1,247,45.186828006990254
cpu,HIT,model_only,K1-FP32,1,248,45.13157898327336
cpu,HIT,model_only,K1-FP32,1,249,45.013536990154535
cpu,HIT,model_only,K1-FP32,2,0,42.750612017698586
cpu,HIT,model_only,K1-FP32,2,1,43.189895048271865
cpu,HIT,model_only,K1-FP32,2,2,45.18184904009104
cpu,HIT,model_only,K1-FP32,2,3,44.61610998259857
cpu,HIT,model_only,K1-FP32,2,4,43.96302398527041
cpu,HIT,model_only,K1-FP32,2,5,49.01881003752351
cpu,HIT,model_only,K1-FP32,2,6,43.01005299203098
cpu,HIT,model_only,K1-FP32,2,7,42.78519400395453
cpu,HIT,model_only,K1-FP32,2,8,42.49767301371321
cpu,HIT,model_only,K1-FP32,2,9,42.466297978535295
cpu,HIT,model_only,K1-FP32,2,10,42.63965500285849
cpu,HIT,model_only,K1-FP32,2,11,43.557429977227
cpu,HIT,model_only,K1-FP32,2,12,43.467957992106676
cpu,HIT,model_only,K1-FP32,2,13,48.90695901121944
cpu,HIT,model_only,K1-FP32,2,14,48.60324802575633
cpu,HIT,model_only,K1-FP32,2,15,47.61254298500717
cpu,HIT,model_only,K1-FP32,2,16,42.746873979922384
cpu,HIT,model_only,K1-FP32,2,17,43.738213018514216
cpu,HIT,model_only,K1-FP32,2,18,43.85647299932316
cpu,HIT,model_only,K1-FP32,2,19,43.14705001888797
cpu,HIT,model_only,K1-FP32,2,20,43.09243097668514
cpu,HIT,model_only,K1-FP32,2,21,43.59979595756158
cpu,HIT,model_only,K1-FP32,2,22,49.105642014183104
cpu,HIT,model_only,K1-FP32,2,23,48.266466008499265
cpu,HIT,model_only,K1-FP32,2,24,43.396963039413095
cpu,HIT,model_only,K1-FP32,2,25,43.108309037052095
cpu,HIT,model_only,K1-FP32,2,26,42.92187903774902
cpu,HIT,model_only,K1-FP32,2,27,42.92439902201295
cpu,HIT,model_only,K1-FP32,2,28,43.48140303045511
cpu,HIT,model_only,K1-FP32,2,29,43.005251965951174
cpu,HIT,model_only,K1-FP32,2,30,42.97020903322846
cpu,HIT,model_only,K1-FP32,2,31,42.26303397445008
cpu,HIT,model_only,K1-FP32,2,32,41.580990015063435
cpu,HIT,model_only,K1-FP32,2,33,42.95720101799816
cpu,HIT,model_only,K1-FP32,2,34,46.98819003533572
cpu,HIT,model_only,K1-FP32,2,35,47.2610910073854
cpu,HIT,model_only,K1-FP32,2,36,47.72950703045353
cpu,HIT,model_only,K1-FP32,2,37,47.5742609705776
cpu,HIT,model_only,K1-FP32,2,38,49.08630601130426
cpu,HIT,model_only,K1-FP32,2,39,44.053042016457766
cpu,HIT,model_only,K1-FP32,2,40,44.710528978612274
cpu,HIT,model_only,K1-FP32,2,41,42.58882103022188
cpu,HIT,model_only,K1-FP32,2,42,44.475634989794344
cpu,HIT,model_only,K1-FP32,2,43,44.85091398237273
cpu,HIT,model_only,K1-FP32,2,44,45.023070997558534
cpu,HIT,model_only,K1-FP32,2,45,44.96698401635513
cpu,HIT,model_only,K1-FP32,2,46,44.687349000014365
cpu,HIT,model_only,K1-FP32,2,47,44.08664704533294
cpu,HIT,model_only,K1-FP32,2,48,44.46692700730637
cpu,HIT,model_only,K1-FP32,2,49,43.773983023129404
cpu,HIT,model_only,K1-FP32,2,50,44.913155026733875
cpu,HIT,model_only,K1-FP32,2,51,44.57206599181518
cpu,HIT,model_only,K1-FP32,2,52,43.76998799853027
cpu,HIT,model_only,K1-FP32,2,53,46.935556980315596
cpu,HIT,model_only,K1-FP32,2,54,43.339397001545876
cpu,HIT,model_only,K1-FP32,2,55,48.43889002222568
cpu,HIT,model_only,K1-FP32,2,56,47.51280398340896
cpu,HIT,model_only,K1-FP32,2,57,47.10106604034081
cpu,HIT,model_only,K1-FP32,2,58,43.6398740275763
cpu,HIT,model_only,K1-FP32,2,59,48.027578042820096
cpu,HIT,model_only,K1-FP32,2,60,47.76750400196761
cpu,HIT,model_only,K1-FP32,2,61,43.013666989281774
cpu,HIT,model_only,K1-FP32,2,62,44.76925899507478
cpu,HIT,model_only,K1-FP32,2,63,44.81951298657805
cpu,HIT,model_only,K1-FP32,2,64,42.85059799440205
cpu,HIT,model_only,K1-FP32,2,65,41.82804998708889
cpu,HIT,model_only,K1-FP32,2,66,42.745568964164704
cpu,HIT,model_only,K1-FP32,2,67,42.64166799839586
cpu,HIT,model_only,K1-FP32,2,68,43.278658005874604
cpu,HIT,model_only,K1-FP32,2,69,43.390394013840705
cpu,HIT,model_only,K1-FP32,2,70,43.14903198974207
cpu,HIT,model_only,K1-FP32,2,71,43.19022502750158
cpu,HIT,model_only,K1-FP32,2,72,44.4339249515906
cpu,HIT,model_only,K1-FP32,2,73,43.90872298972681
cpu,HIT,model_only,K1-FP32,2,74,42.508721991907805
cpu,HIT,model_only,K1-FP32,2,75,42.99295000964776
cpu,HIT,model_only,K1-FP32,2,76,44.97995303245261
cpu,HIT,model_only,K1-FP32,2,77,42.52075299154967
cpu,HIT,model_only,K1-FP32,2,78,45.15170498052612
cpu,HIT,model_only,K1-FP32,2,79,44.31768198264763
cpu,HIT,model_only,K1-FP32,2,80,47.183099028188735
cpu,HIT,model_only,K1-FP32,2,81,42.147756030317396
cpu,HIT,model_only,K1-FP32,2,82,43.12695300905034
cpu,HIT,model_only,K1-FP32,2,83,42.282317008357495
cpu,HIT,model_only,K1-FP32,2,84,42.70373797044158
cpu,HIT,model_only,K1-FP32,2,85,43.2507679797709
cpu,HIT,model_only,K1-FP32,2,86,42.51572297653183
cpu,HIT,model_only,K1-FP32,2,87,43.023673992138356
cpu,HIT,model_only,K1-FP32,2,88,43.40990702621639
cpu,HIT,model_only,K1-FP32,2,89,48.43025701120496
cpu,HIT,model_only,K1-FP32,2,90,44.50357297901064
cpu,HIT,model_only,K1-FP32,2,91,44.77811499964446
cpu,HIT,model_only,K1-FP32,2,92,45.26955197798088
cpu,HIT,model_only,K1-FP32,2,93,45.31828494509682
cpu,HIT,model_only,K1-FP32,2,94,43.16134302644059
cpu,HIT,model_only,K1-FP32,2,95,43.07386197615415
cpu,HIT,model_only,K1-FP32,2,96,43.261529004666954
cpu,HIT,model_only,K1-FP32,2,97,42.305034992750734
cpu,HIT,model_only,K1-FP32,2,98,43.39551902376115
cpu,HIT,model_only,K1-FP32,2,99,42.414232972078025
cpu,HIT,model_only,K1-FP32,2,100,42.432963964529335
cpu,HIT,model_only,K1-FP32,2,101,42.774015048053116
cpu,HIT,model_only,K1-FP32,2,102,42.34771803021431
cpu,HIT,model_only,K1-FP32,2,103,42.438543983735144
cpu,HIT,model_only,K1-FP32,2,104,42.882821056991816
cpu,HIT,model_only,K1-FP32,2,105,42.77464101323858
cpu,HIT,model_only,K1-FP32,2,106,43.20436099078506
cpu,HIT,model_only,K1-FP32,2,107,44.72575703402981
cpu,HIT,model_only,K1-FP32,2,108,43.64134999923408
cpu,HIT,model_only,K1-FP32,2,109,48.357013962231576
cpu,HIT,model_only,K1-FP32,2,110,47.57484601577744
cpu,HIT,model_only,K1-FP32,2,111,43.03640796570107
cpu,HIT,model_only,K1-FP32,2,112,44.59635203238577
cpu,HIT,model_only,K1-FP32,2,113,43.02075202576816
cpu,HIT,model_only,K1-FP32,2,114,43.11922600027174
cpu,HIT,model_only,K1-FP32,2,115,42.66231198562309
cpu,HIT,model_only,K1-FP32,2,116,42.524892021901906
cpu,HIT,model_only,K1-FP32,2,117,44.33996003353968
cpu,HIT,model_only,K1-FP32,2,118,43.94627898000181
cpu,HIT,model_only,K1-FP32,2,119,44.233458989765495
cpu,HIT,model_only,K1-FP32,2,120,43.86919399257749
cpu,HIT,model_only,K1-FP32,2,121,42.56661602994427
cpu,HIT,model_only,K1-FP32,2,122,44.28631498012692
cpu,HIT,model_only,K1-FP32,2,123,42.8121029981412
cpu,HIT,model_only,K1-FP32,2,124,43.19461598061025
cpu,HIT,model_only,K1-FP32,2,125,42.764336976688355
cpu,HIT,model_only,K1-FP32,2,126,43.81893196841702
cpu,HIT,model_only,K1-FP32,2,127,48.658411018550396
cpu,HIT,model_only,K1-FP32,2,128,42.91812004521489
cpu,HIT,model_only,K1-FP32,2,129,41.96007701102644
cpu,HIT,model_only,K1-FP32,2,130,43.477006955072284
cpu,HIT,model_only,K1-FP32,2,131,46.87317798379809
cpu,HIT,model_only,K1-FP32,2,132,46.75162700004876
cpu,HIT,model_only,K1-FP32,2,133,43.55926701100543
cpu,HIT,model_only,K1-FP32,2,134,47.12852096417919
cpu,HIT,model_only,K1-FP32,2,135,46.639848966151476
cpu,HIT,model_only,K1-FP32,2,136,44.10657205153257
cpu,HIT,model_only,K1-FP32,2,137,44.73487299401313
cpu,HIT,model_only,K1-FP32,2,138,44.65310700470582
cpu,HIT,model_only,K1-FP32,2,139,45.08799297036603
cpu,HIT,model_only,K1-FP32,2,140,45.79550900962204
cpu,HIT,model_only,K1-FP32,2,141,46.00727197248489
cpu,HIT,model_only,K1-FP32,2,142,46.26204399392009
cpu,HIT,model_only,K1-FP32,2,143,48.34141698665917
cpu,HIT,model_only,K1-FP32,2,144,43.25394501211122
cpu,HIT,model_only,K1-FP32,2,145,42.870957986451685
cpu,HIT,model_only,K1-FP32,2,146,42.936479032505304
cpu,HIT,model_only,K1-FP32,2,147,43.18465798860416
cpu,HIT,model_only,K1-FP32,2,148,42.953295982442796
cpu,HIT,model_only,K1-FP32,2,149,43.00676699494943
cpu,HIT,model_only,K1-FP32,2,150,42.48385003302246
cpu,HIT,model_only,K1-FP32,2,151,43.48203702829778
cpu,HIT,model_only,K1-FP32,2,152,43.27574803028256
cpu,HIT,model_only,K1-FP32,2,153,48.19141101324931
cpu,HIT,model_only,K1-FP32,2,154,47.98428900539875
cpu,HIT,model_only,K1-FP32,2,155,47.95514600118622
cpu,HIT,model_only,K1-FP32,2,156,45.58283800724894
cpu,HIT,model_only,K1-FP32,2,157,46.2921520229429
cpu,HIT,model_only,K1-FP32,2,158,48.32969402195886
cpu,HIT,model_only,K1-FP32,2,159,48.246709047816694
cpu,HIT,model_only,K1-FP32,2,160,44.29794102907181
cpu,HIT,model_only,K1-FP32,2,161,44.24375400412828
cpu,HIT,model_only,K1-FP32,2,162,44.93705101776868
cpu,HIT,model_only,K1-FP32,2,163,45.07015203125775
cpu,HIT,model_only,K1-FP32,2,164,44.212811975739896
cpu,HIT,model_only,K1-FP32,2,165,43.84152096463367
cpu,HIT,model_only,K1-FP32,2,166,42.001199966762215
cpu,HIT,model_only,K1-FP32,2,167,42.87731897784397
cpu,HIT,model_only,K1-FP32,2,168,48.48519200459123
cpu,HIT,model_only,K1-FP32,2,169,47.73576895240694
cpu,HIT,model_only,K1-FP32,2,170,42.98812500201166
cpu,HIT,model_only,K1-FP32,2,171,42.911968019325286
cpu,HIT,model_only,K1-FP32,2,172,43.02739695413038
cpu,HIT,model_only,K1-FP32,2,173,42.733640992082655
cpu,HIT,model_only,K1-FP32,2,174,43.391773011535406
cpu,HIT,model_only,K1-FP32,2,175,42.92981402250007
cpu,HIT,model_only,K1-FP32,2,176,42.71170002175495
cpu,HIT,model_only,K1-FP32,2,177,42.783621000126004
cpu,HIT,model_only,K1-FP32,2,178,43.17947302479297
cpu,HIT,model_only,K1-FP32,2,179,43.62325498368591
cpu,HIT,model_only,K1-FP32,2,180,42.101869999896735
cpu,HIT,model_only,K1-FP32,2,181,42.848087032325566
cpu,HIT,model_only,K1-FP32,2,182,43.78038801951334
cpu,HIT,model_only,K1-FP32,2,183,46.92702798638493
cpu,HIT,model_only,K1-FP32,2,184,45.393823995254934
cpu,HIT,model_only,K1-FP32,2,185,42.88845200790092
cpu,HIT,model_only,K1-FP32,2,186,42.750142980366945
cpu,HIT,model_only,K1-FP32,2,187,43.66382595617324
cpu,HIT,model_only,K1-FP32,2,188,44.43336703116074
cpu,HIT,model_only,K1-FP32,2,189,43.64035202888772
cpu,HIT,model_only,K1-FP32,2,190,42.632041964679956
cpu,HIT,model_only,K1-FP32,2,191,42.52499103313312
cpu,HIT,model_only,K1-FP32,2,192,44.19981501996517
cpu,HIT,model_only,K1-FP32,2,193,48.21225302293897
cpu,HIT,model_only,K1-FP32,2,194,43.0504129617475
cpu,HIT,model_only,K1-FP32,2,195,42.75045701069757
cpu,HIT,model_only,K1-FP32,2,196,43.003519997000694
cpu,HIT,model_only,K1-FP32,2,197,43.61312004039064
cpu,HIT,model_only,K1-FP32,2,198,42.63546800939366
cpu,HIT,model_only,K1-FP32,2,199,43.131468002684414
cpu,HIT,model_only,K1-FP32,2,200,46.17388499900699
cpu,HIT,model_only,K1-FP32,2,201,42.98601299524307
cpu,HIT,model_only,K1-FP32,2,202,44.10646203905344
cpu,HIT,model_only,K1-FP32,2,203,41.933164990041405
cpu,HIT,model_only,K1-FP32,2,204,42.04952297732234
cpu,HIT,model_only,K1-FP32,2,205,43.28414401970804
cpu,HIT,model_only,K1-FP32,2,206,43.17905398784205
cpu,HIT,model_only,K1-FP32,2,207,43.52099803509191
cpu,HIT,model_only,K1-FP32,2,208,42.37769200699404
cpu,HIT,model_only,K1-FP32,2,209,43.5003149905242
cpu,HIT,model_only,K1-FP32,2,210,42.8691940032877
cpu,HIT,model_only,K1-FP32,2,211,44.20847096480429
cpu,HIT,model_only,K1-FP32,2,212,48.53154701413587
cpu,HIT,model_only,K1-FP32,2,213,42.8466250305064
cpu,HIT,model_only,K1-FP32,2,214,42.126998014282435
cpu,HIT,model_only,K1-FP32,2,215,44.264702999498695
cpu,HIT,model_only,K1-FP32,2,216,49.09055295865983
cpu,HIT,model_only,K1-FP32,2,217,48.52161696180701
cpu,HIT,model_only,K1-FP32,2,218,44.876768020913005
cpu,HIT,model_only,K1-FP32,2,219,42.379222984891385
cpu,HIT,model_only,K1-FP32,2,220,42.548712983261794
cpu,HIT,model_only,K1-FP32,2,221,42.59954299777746
cpu,HIT,model_only,K1-FP32,2,222,42.60067199356854
cpu,HIT,model_only,K1-FP32,2,223,42.433778988197446
cpu,HIT,model_only,K1-FP32,2,224,41.68407496763393
cpu,HIT,model_only,K1-FP32,2,225,44.33692299062386
cpu,HIT,model_only,K1-FP32,2,226,43.76307799248025
cpu,HIT,model_only,K1-FP32,2,227,43.3379519963637
cpu,HIT,model_only,K1-FP32,2,228,44.333574012853205
cpu,HIT,model_only,K1-FP32,2,229,48.116346006281674
cpu,HIT,model_only,K1-FP32,2,230,42.703111947048455
cpu,HIT,model_only,K1-FP32,2,231,42.92025795439258
cpu,HIT,model_only,K1-FP32,2,232,47.00907599180937
cpu,HIT,model_only,K1-FP32,2,233,44.99019298236817
cpu,HIT,model_only,K1-FP32,2,234,44.71588897285983
cpu,HIT,model_only,K1-FP32,2,235,46.3110160198994
cpu,HIT,model_only,K1-FP32,2,236,45.633110974449664
cpu,HIT,model_only,K1-FP32,2,237,45.57170899352059
cpu,HIT,model_only,K1-FP32,2,238,45.71731999749318
cpu,HIT,model_only,K1-FP32,2,239,45.35144002875313
cpu,HIT,model_only,K1-FP32,2,240,45.94746505608782
cpu,HIT,model_only,K1-FP32,2,241,42.70686494419351
cpu,HIT,model_only,K1-FP32,2,242,42.88517899112776
cpu,HIT,model_only,K1-FP32,2,243,43.40790002606809
cpu,HIT,model_only,K1-FP32,2,244,45.827003952581435
cpu,HIT,model_only,K1-FP32,2,245,45.355890004429966
cpu,HIT,model_only,K1-FP32,2,246,43.216811027377844
cpu,HIT,model_only,K1-FP32,2,247,45.50936701707542
cpu,HIT,model_only,K1-FP32,2,248,45.04700895631686
cpu,HIT,model_only,K1-FP32,2,249,44.436630967538804
cpu,HIT,model_only,Q8-cpu_dynamic,2,0,41.654889995697886
cpu,HIT,model_only,Q8-cpu_dynamic,2,1,41.49516299366951
cpu,HIT,model_only,Q8-cpu_dynamic,2,2,41.56725201755762
cpu,HIT,model_only,Q8-cpu_dynamic,2,3,40.94406304648146
cpu,HIT,model_only,Q8-cpu_dynamic,2,4,41.250272013712674
cpu,HIT,model_only,Q8-cpu_dynamic,2,5,41.39918799046427
cpu,HIT,model_only,Q8-cpu_dynamic,2,6,40.99639400374144
cpu,HIT,model_only,Q8-cpu_dynamic,2,7,40.67175497766584
cpu,HIT,model_only,Q8-cpu_dynamic,2,8,41.167145944200456
cpu,HIT,model_only,Q8-cpu_dynamic,2,9,40.950329042971134
cpu,HIT,model_only,Q8-cpu_dynamic,2,10,40.437610005028546
cpu,HIT,model_only,Q8-cpu_dynamic,2,11,41.50472499895841
cpu,HIT,model_only,Q8-cpu_dynamic,2,12,40.52069701720029
cpu,HIT,model_only,Q8-cpu_dynamic,2,13,40.919571998529136
cpu,HIT,model_only,Q8-cpu_dynamic,2,14,41.130754980258644
cpu,HIT,model_only,Q8-cpu_dynamic,2,15,41.269568959251046
cpu,HIT,model_only,Q8-cpu_dynamic,2,16,40.734098001848906
cpu,HIT,model_only,Q8-cpu_dynamic,2,17,40.15055898344144
cpu,HIT,model_only,Q8-cpu_dynamic,2,18,40.631494019180536
cpu,HIT,model_only,Q8-cpu_dynamic,2,19,41.278630029410124
cpu,HIT,model_only,Q8-cpu_dynamic,2,20,41.282066027633846
cpu,HIT,model_only,Q8-cpu_dynamic,2,21,40.87638697819784
cpu,HIT,model_only,Q8-cpu_dynamic,2,22,40.89018900413066
cpu,HIT,model_only,Q8-cpu_dynamic,2,23,41.12831398379058
cpu,HIT,model_only,Q8-cpu_dynamic,2,24,40.548363991547376
cpu,HIT,model_only,Q8-cpu_dynamic,2,25,40.613988996483386
cpu,HIT,model_only,Q8-cpu_dynamic,2,26,40.70108901942149
cpu,HIT,model_only,Q8-cpu_dynamic,2,27,39.898885996080935
cpu,HIT,model_only,Q8-cpu_dynamic,2,28,41.10487800789997
cpu,HIT,model_only,Q8-cpu_dynamic,2,29,41.950259008444846
cpu,HIT,model_only,Q8-cpu_dynamic,2,30,41.42510099336505
cpu,HIT,model_only,Q8-cpu_dynamic,2,31,40.981821017339826
cpu,HIT,model_only,Q8-cpu_dynamic,2,32,41.19376197922975
cpu,HIT,model_only,Q8-cpu_dynamic,2,33,40.871407953090966
cpu,HIT,model_only,Q8-cpu_dynamic,2,34,40.69721698760986
cpu,HIT,model_only,Q8-cpu_dynamic,2,35,41.998589993454516
cpu,HIT,model_only,Q8-cpu_dynamic,2,36,41.456273989751935
cpu,HIT,model_only,Q8-cpu_dynamic,2,37,40.27093999320641
cpu,HIT,model_only,Q8-cpu_dynamic,2,38,40.40890699252486
cpu,HIT,model_only,Q8-cpu_dynamic,2,39,40.80400097882375
cpu,HIT,model_only,Q8-cpu_dynamic,2,40,41.210086026694626
cpu,HIT,model_only,Q8-cpu_dynamic,2,41,41.045178018976
cpu,HIT,model_only,Q8-cpu_dynamic,2,42,41.54255904722959
cpu,HIT,model_only,Q8-cpu_dynamic,2,43,40.98712303675711
cpu,HIT,model_only,Q8-cpu_dynamic,2,44,41.053203982301056
cpu,HIT,model_only,Q8-cpu_dynamic,2,45,41.36967397062108
cpu,HIT,model_only,Q8-cpu_dynamic,2,46,41.281725047156215
cpu,HIT,model_only,Q8-cpu_dynamic,2,47,41.262073966208845
cpu,HIT,model_only,Q8-cpu_dynamic,2,48,41.03843297343701
cpu,HIT,model_only,Q8-cpu_dynamic,2,49,41.18809098144993
cpu,HIT,model_only,Q8-cpu_dynamic,2,50,41.08541796449572
cpu,HIT,model_only,Q8-cpu_dynamic,2,51,41.72601003665477
cpu,HIT,model_only,Q8-cpu_dynamic,2,52,41.35442100232467
cpu,HIT,model_only,Q8-cpu_dynamic,2,53,41.186401969753206
cpu,HIT,model_only,Q8-cpu_dynamic,2,54,41.122831986285746
cpu,HIT,model_only,Q8-cpu_dynamic,2,55,41.157746978569776
cpu,HIT,model_only,Q8-cpu_dynamic,2,56,41.04915901552886
cpu,HIT,model_only,Q8-cpu_dynamic,2,57,41.27087298547849
cpu,HIT,model_only,Q8-cpu_dynamic,2,58,41.10761597985402
cpu,HIT,model_only,Q8-cpu_dynamic,2,59,40.25982099119574
cpu,HIT,model_only,Q8-cpu_dynamic,2,60,41.05765203712508
cpu,HIT,model_only,Q8-cpu_dynamic,2,61,41.12656298093498
cpu,HIT,model_only,Q8-cpu_dynamic,2,62,40.70388799300417
cpu,HIT,model_only,Q8-cpu_dynamic,2,63,40.66481499467045
cpu,HIT,model_only,Q8-cpu_dynamic,2,64,41.48416698444635
cpu,HIT,model_only,Q8-cpu_dynamic,2,65,41.84327699476853
cpu,HIT,model_only,Q8-cpu_dynamic,2,66,41.3329970324412
cpu,HIT,model_only,Q8-cpu_dynamic,2,67,40.82448297413066
cpu,HIT,model_only,Q8-cpu_dynamic,2,68,40.629401977639645
cpu,HIT,model_only,Q8-cpu_dynamic,2,69,41.31003899965435
cpu,HIT,model_only,Q8-cpu_dynamic,2,70,41.37883801013231
cpu,HIT,model_only,Q8-cpu_dynamic,2,71,40.96753703197464
cpu,HIT,model_only,Q8-cpu_dynamic,2,72,41.73549095867202
cpu,HIT,model_only,Q8-cpu_dynamic,2,73,41.08969902154058
cpu,HIT,model_only,Q8-cpu_dynamic,2,74,40.31898902030662
cpu,HIT,model_only,Q8-cpu_dynamic,2,75,41.54610901605338
cpu,HIT,model_only,Q8-cpu_dynamic,2,76,40.34607199719176
cpu,HIT,model_only,Q8-cpu_dynamic,2,77,40.77282000798732
cpu,HIT,model_only,Q8-cpu_dynamic,2,78,41.23587702633813
cpu,HIT,model_only,Q8-cpu_dynamic,2,79,41.17317602504045
cpu,HIT,model_only,Q8-cpu_dynamic,2,80,40.83570197690278
cpu,HIT,model_only,Q8-cpu_dynamic,2,81,41.234484990127385
cpu,HIT,model_only,Q8-cpu_dynamic,2,82,41.11388197634369
cpu,HIT,model_only,Q8-cpu_dynamic,2,83,41.14034603117034
cpu,HIT,model_only,Q8-cpu_dynamic,2,84,41.41298902686685
cpu,HIT,model_only,Q8-cpu_dynamic,2,85,41.22155602090061
cpu,HIT,model_only,Q8-cpu_dynamic,2,86,41.68786102673039
cpu,HIT,model_only,Q8-cpu_dynamic,2,87,41.1571649601683
cpu,HIT,model_only,Q8-cpu_dynamic,2,88,41.22473899042234
cpu,HIT,model_only,Q8-cpu_dynamic,2,89,41.12109600100666
cpu,HIT,model_only,Q8-cpu_dynamic,2,90,40.98000703379512
cpu,HIT,model_only,Q8-cpu_dynamic,2,91,41.167187970131636
cpu,HIT,model_only,Q8-cpu_dynamic,2,92,40.9701699973084
cpu,HIT,model_only,Q8-cpu_dynamic,2,93,41.01292695850134
cpu,HIT,model_only,Q8-cpu_dynamic,2,94,42.88041003746912
cpu,HIT,model_only,Q8-cpu_dynamic,2,95,41.2433150340803
cpu,HIT,model_only,Q8-cpu_dynamic,2,96,41.06434003915638
cpu,HIT,model_only,Q8-cpu_dynamic,2,97,41.24292795313522
cpu,HIT,model_only,Q8-cpu_dynamic,2,98,41.43980098888278
cpu,HIT,model_only,Q8-cpu_dynamic,2,99,41.27488296944648
cpu,HIT,model_only,Q8-cpu_dynamic,2,100,40.46703001949936
cpu,HIT,model_only,Q8-cpu_dynamic,2,101,41.1741670104675
cpu,HIT,model_only,Q8-cpu_dynamic,2,102,41.10523598501459
cpu,HIT,model_only,Q8-cpu_dynamic,2,103,41.56158602563664
cpu,HIT,model_only,Q8-cpu_dynamic,2,104,41.26290400745347
cpu,HIT,model_only,Q8-cpu_dynamic,2,105,40.78576498432085
cpu,HIT,model_only,Q8-cpu_dynamic,2,106,40.97873799037188
cpu,HIT,model_only,Q8-cpu_dynamic,2,107,40.87234096368775
cpu,HIT,model_only,Q8-cpu_dynamic,2,108,40.42288800701499
cpu,HIT,model_only,Q8-cpu_dynamic,2,109,41.208944050595164
cpu,HIT,model_only,Q8-cpu_dynamic,2,110,41.27488296944648
cpu,HIT,model_only,Q8-cpu_dynamic,2,111,41.82210098952055
cpu,HIT,model_only,Q8-cpu_dynamic,2,112,40.30380502808839
cpu,HIT,model_only,Q8-cpu_dynamic,2,113,41.23636498115957
cpu,HIT,model_only,Q8-cpu_dynamic,2,114,41.1591479787603
cpu,HIT,model_only,Q8-cpu_dynamic,2,115,40.8963420195505
cpu,HIT,model_only,Q8-cpu_dynamic,2,116,40.92683095950633
cpu,HIT,model_only,Q8-cpu_dynamic,2,117,41.09262098791078
cpu,HIT,model_only,Q8-cpu_dynamic,2,118,41.05368902673945
cpu,HIT,model_only,Q8-cpu_dynamic,2,119,40.895746962632984
cpu,HIT,model_only,Q8-cpu_dynamic,2,120,41.75567801576108
cpu,HIT,model_only,Q8-cpu_dynamic,2,121,41.018467978574336
cpu,HIT,model_only,Q8-cpu_dynamic,2,122,41.63056000834331
cpu,HIT,model_only,Q8-cpu_dynamic,2,123,41.13110603066161
cpu,HIT,model_only,Q8-cpu_dynamic,2,124,41.4565610117279
cpu,HIT,model_only,Q8-cpu_dynamic,2,125,40.3545550070703
cpu,HIT,model_only,Q8-cpu_dynamic,2,126,40.10983800981194
cpu,HIT,model_only,Q8-cpu_dynamic,2,127,40.691955015063286
cpu,HIT,model_only,Q8-cpu_dynamic,2,128,41.108672972768545
cpu,HIT,model_only,Q8-cpu_dynamic,2,129,41.56167298788205
cpu,HIT,model_only,Q8-cpu_dynamic,2,130,41.16388101829216
cpu,HIT,model_only,Q8-cpu_dynamic,2,131,40.94436200102791
cpu,HIT,model_only,Q8-cpu_dynamic,2,132,41.609199019148946
cpu,HIT,model_only,Q8-cpu_dynamic,2,133,41.452734963968396
cpu,HIT,model_only,Q8-cpu_dynamic,2,134,40.8049609977752
cpu,HIT,model_only,Q8-cpu_dynamic,2,135,41.80845798691735
cpu,HIT,model_only,Q8-cpu_dynamic,2,136,41.0457489779219
cpu,HIT,model_only,Q8-cpu_dynamic,2,137,40.7285769470036
cpu,HIT,model_only,Q8-cpu_dynamic,2,138,40.41552200214937
cpu,HIT,model_only,Q8-cpu_dynamic,2,139,42.05295396968722
cpu,HIT,model_only,Q8-cpu_dynamic,2,140,41.13779799081385
cpu,HIT,model_only,Q8-cpu_dynamic,2,141,40.17691605258733
cpu,HIT,model_only,Q8-cpu_dynamic,2,142,40.529803023673594
cpu,HIT,model_only,Q8-cpu_dynamic,2,143,40.65591702237725
cpu,HIT,model_only,Q8-cpu_dynamic,2,144,40.966270957142115
cpu,HIT,model_only,Q8-cpu_dynamic,2,145,41.36644798563793
cpu,HIT,model_only,Q8-cpu_dynamic,2,146,41.33395798271522
cpu,HIT,model_only,Q8-cpu_dynamic,2,147,41.249921021517366
cpu,HIT,model_only,Q8-cpu_dynamic,2,148,42.38701198482886
cpu,HIT,model_only,Q8-cpu_dynamic,2,149,41.447034978773445
cpu,HIT,model_only,Q8-cpu_dynamic,2,150,41.4398749708198
cpu,HIT,model_only,Q8-cpu_dynamic,2,151,41.27406096085906
cpu,HIT,model_only,Q8-cpu_dynamic,2,152,41.830518981441855
cpu,HIT,model_only,Q8-cpu_dynamic,2,153,40.0514459470287
cpu,HIT,model_only,Q8-cpu_dynamic,2,154,41.159160959068686
cpu,HIT,model_only,Q8-cpu_dynamic,2,155,40.22811399772763
cpu,HIT,model_only,Q8-cpu_dynamic,2,156,40.336398989893496
cpu,HIT,model_only,Q8-cpu_dynamic,2,157,40.8757469849661
cpu,HIT,model_only,Q8-cpu_dynamic,2,158,40.420412027742714
cpu,HIT,model_only,Q8-cpu_dynamic,2,159,40.090051013976336
cpu,HIT,model_only,Q8-cpu_dynamic,2,160,40.88008700637147
cpu,HIT,model_only,Q8-cpu_dynamic,2,161,41.13690502708778
cpu,HIT,model_only,Q8-cpu_dynamic,2,162,41.51891596848145
cpu,HIT,model_only,Q8-cpu_dynamic,2,163,40.259673027321696
cpu,HIT,model_only,Q8-cpu_dynamic,2,164,40.95673299161717
cpu,HIT,model_only,Q8-cpu_dynamic,2,165,41.13963100826368
cpu,HIT,model_only,Q8-cpu_dynamic,2,166,40.89594504330307
cpu,HIT,model_only,Q8-cpu_dynamic,2,167,41.92059498745948
cpu,HIT,model_only,Q8-cpu_dynamic,2,168,40.60063598444685
cpu,HIT,model_only,Q8-cpu_dynamic,2,169,40.922174986917526
cpu,HIT,model_only,Q8-cpu_dynamic,2,170,41.178696032147855
cpu,HIT,model_only,Q8-cpu_dynamic,2,171,41.16387298563495
cpu,HIT,model_only,Q8-cpu_dynamic,2,172,40.9984519938007
cpu,HIT,model_only,Q8-cpu_dynamic,2,173,41.15227505099028
cpu,HIT,model_only,Q8-cpu_dynamic,2,174,40.28922796715051
cpu,HIT,model_only,Q8-cpu_dynamic,2,175,40.38150800624862
cpu,HIT,model_only,Q8-cpu_dynamic,2,176,40.54612299660221
cpu,HIT,model_only,Q8-cpu_dynamic,2,177,41.07379796914756
cpu,HIT,model_only,Q8-cpu_dynamic,2,178,41.10238200519234
cpu,HIT,model_only,Q8-cpu_dynamic,2,179,41.07863601529971
cpu,HIT,model_only,Q8-cpu_dynamic,2,180,41.22785903746262
cpu,HIT,model_only,Q8-cpu_dynamic,2,181,41.065577999688685
cpu,HIT,model_only,Q8-cpu_dynamic,2,182,41.224934975616634
cpu,HIT,model_only,Q8-cpu_dynamic,2,183,41.64398094872013
cpu,HIT,model_only,Q8-cpu_dynamic,2,184,41.551282978616655
cpu,HIT,model_only,Q8-cpu_dynamic,2,185,41.72632598783821
cpu,HIT,model_only,Q8-cpu_dynamic,2,186,41.455753962509334
cpu,HIT,model_only,Q8-cpu_dynamic,2,187,40.87597399484366
cpu,HIT,model_only,Q8-cpu_dynamic,2,188,40.04533705301583
cpu,HIT,model_only,Q8-cpu_dynamic,2,189,40.05137999774888
cpu,HIT,model_only,Q8-cpu_dynamic,2,190,41.22465802356601
cpu,HIT,model_only,Q8-cpu_dynamic,2,191,40.03541998099536
cpu,HIT,model_only,Q8-cpu_dynamic,2,192,40.43226898647845
cpu,HIT,model_only,Q8-cpu_dynamic,2,193,41.24956700252369
cpu,HIT,model_only,Q8-cpu_dynamic,2,194,40.94528203131631
cpu,HIT,model_only,Q8-cpu_dynamic,2,195,40.498933987692
cpu,HIT,model_only,Q8-cpu_dynamic,2,196,40.11670401087031
cpu,HIT,model_only,Q8-cpu_dynamic,2,197,40.296161954756826
cpu,HIT,model_only,Q8-cpu_dynamic,2,198,40.68753297906369
cpu,HIT,model_only,Q8-cpu_dynamic,2,199,40.24096095236018
cpu,HIT,model_only,Q8-cpu_dynamic,2,200,40.8920290064998
cpu,HIT,model_only,Q8-cpu_dynamic,2,201,41.153491009026766
cpu,HIT,model_only,Q8-cpu_dynamic,2,202,41.2330370163545
cpu,HIT,model_only,Q8-cpu_dynamic,2,203,40.86720501072705
cpu,HIT,model_only,Q8-cpu_dynamic,2,204,40.48881400376558
cpu,HIT,model_only,Q8-cpu_dynamic,2,205,40.46798002673313
cpu,HIT,model_only,Q8-cpu_dynamic,2,206,41.31712199887261
cpu,HIT,model_only,Q8-cpu_dynamic,2,207,40.584518981631845
cpu,HIT,model_only,Q8-cpu_dynamic,2,208,40.75218900106847
cpu,HIT,model_only,Q8-cpu_dynamic,2,209,40.89016001671553
cpu,HIT,model_only,Q8-cpu_dynamic,2,210,40.29779299162328
cpu,HIT,model_only,Q8-cpu_dynamic,2,211,41.96543799480423
cpu,HIT,model_only,Q8-cpu_dynamic,2,212,41.58175498014316
cpu,HIT,model_only,Q8-cpu_dynamic,2,213,41.05001100106165
cpu,HIT,model_only,Q8-cpu_dynamic,2,214,40.79170600743964
cpu,HIT,model_only,Q8-cpu_dynamic,2,215,40.85471102735028
cpu,HIT,model_only,Q8-cpu_dynamic,2,216,41.560225014109164
cpu,HIT,model_only,Q8-cpu_dynamic,2,217,40.892414981499314
cpu,HIT,model_only,Q8-cpu_dynamic,2,218,41.278365009929985
cpu,HIT,model_only,Q8-cpu_dynamic,2,219,41.55813599936664
cpu,HIT,model_only,Q8-cpu_dynamic,2,220,40.3575410018675
cpu,HIT,model_only,Q8-cpu_dynamic,2,221,41.118265013210475
cpu,HIT,model_only,Q8-cpu_dynamic,2,222,41.994225000962615
cpu,HIT,model_only,Q8-cpu_dynamic,2,223,41.04526597075164
cpu,HIT,model_only,Q8-cpu_dynamic,2,224,41.196267993655056
cpu,HIT,model_only,Q8-cpu_dynamic,2,225,41.19015403557569
cpu,HIT,model_only,Q8-cpu_dynamic,2,226,41.16560099646449
cpu,HIT,model_only,Q8-cpu_dynamic,2,227,41.088916012085974
cpu,HIT,model_only,Q8-cpu_dynamic,2,228,41.55503597576171
cpu,HIT,model_only,Q8-cpu_dynamic,2,229,41.65098798694089
cpu,HIT,model_only,Q8-cpu_dynamic,2,230,41.264040977694094
cpu,HIT,model_only,Q8-cpu_dynamic,2,231,41.1986910039559
cpu,HIT,model_only,Q8-cpu_dynamic,2,232,40.806782024446875
cpu,HIT,model_only,Q8-cpu_dynamic,2,233,41.79432103410363
cpu,HIT,model_only,Q8-cpu_dynamic,2,234,41.041714954189956
cpu,HIT,model_only,Q8-cpu_dynamic,2,235,41.15480900509283
cpu,HIT,model_only,Q8-cpu_dynamic,2,236,40.67725903587416
cpu,HIT,model_only,Q8-cpu_dynamic,2,237,40.84765200968832
cpu,HIT,model_only,Q8-cpu_dynamic,2,238,41.136352985631675
cpu,HIT,model_only,Q8-cpu_dynamic,2,239,40.9249069634825
cpu,HIT,model_only,Q8-cpu_dynamic,2,240,41.32562899030745
cpu,HIT,model_only,Q8-cpu_dynamic,2,241,41.92828602390364
cpu,HIT,model_only,Q8-cpu_dynamic,2,242,42.101762956008315
cpu,HIT,model_only,Q8-cpu_dynamic,2,243,41.70862300088629
cpu,HIT,model_only,Q8-cpu_dynamic,2,244,41.685002972371876
cpu,HIT,model_only,Q8-cpu_dynamic,2,245,40.61265499331057
cpu,HIT,model_only,Q8-cpu_dynamic,2,246,42.022015957627445
cpu,HIT,model_only,Q8-cpu_dynamic,2,247,42.08250198280439
cpu,HIT,model_only,Q8-cpu_dynamic,2,248,41.0576059948653
cpu,HIT,model_only,Q8-cpu_dynamic,2,249,41.19942296529189
cpu,HIT,model_only,Q8-cpu_dynamic,3,0,41.017700044903904
cpu,HIT,model_only,Q8-cpu_dynamic,3,1,41.29818401997909
cpu,HIT,model_only,Q8-cpu_dynamic,3,2,41.14526999182999
cpu,HIT,model_only,Q8-cpu_dynamic,3,3,41.09397402498871
cpu,HIT,model_only,Q8-cpu_dynamic,3,4,41.6553930263035
cpu,HIT,model_only,Q8-cpu_dynamic,3,5,41.36780399130657
cpu,HIT,model_only,Q8-cpu_dynamic,3,6,40.75428697979078
cpu,HIT,model_only,Q8-cpu_dynamic,3,7,40.18408997217193
cpu,HIT,model_only,Q8-cpu_dynamic,3,8,40.454485977534205
cpu,HIT,model_only,Q8-cpu_dynamic,3,9,42.413613002281636
cpu,HIT,model_only,Q8-cpu_dynamic,3,10,41.51118698064238
cpu,HIT,model_only,Q8-cpu_dynamic,3,11,41.26113798702136
cpu,HIT,model_only,Q8-cpu_dynamic,3,12,41.27721901750192
cpu,HIT,model_only,Q8-cpu_dynamic,3,13,41.42330901231617
cpu,HIT,model_only,Q8-cpu_dynamic,3,14,40.85229098564014
cpu,HIT,model_only,Q8-cpu_dynamic,3,15,42.51505801221356
cpu,HIT,model_only,Q8-cpu_dynamic,3,16,40.199781011324376
cpu,HIT,model_only,Q8-cpu_dynamic,3,17,40.91190698090941
cpu,HIT,model_only,Q8-cpu_dynamic,3,18,41.508556983899325
cpu,HIT,model_only,Q8-cpu_dynamic,3,19,40.649659000337124
cpu,HIT,model_only,Q8-cpu_dynamic,3,20,41.22194700175896
cpu,HIT,model_only,Q8-cpu_dynamic,3,21,41.205910965800285
cpu,HIT,model_only,Q8-cpu_dynamic,3,22,40.49612896051258
cpu,HIT,model_only,Q8-cpu_dynamic,3,23,41.51781799737364
cpu,HIT,model_only,Q8-cpu_dynamic,3,24,40.85401201155037
cpu,HIT,model_only,Q8-cpu_dynamic,3,25,41.754765959922224
cpu,HIT,model_only,Q8-cpu_dynamic,3,26,41.02612897986546
cpu,HIT,model_only,Q8-cpu_dynamic,3,27,40.5534990131855
cpu,HIT,model_only,Q8-cpu_dynamic,3,28,41.08133498812094
cpu,HIT,model_only,Q8-cpu_dynamic,3,29,40.25108501082286
cpu,HIT,model_only,Q8-cpu_dynamic,3,30,40.64646497135982
cpu,HIT,model_only,Q8-cpu_dynamic,3,31,40.658468031324446
cpu,HIT,model_only,Q8-cpu_dynamic,3,32,41.087135032285005
cpu,HIT,model_only,Q8-cpu_dynamic,3,33,40.31332297017798
cpu,HIT,model_only,Q8-cpu_dynamic,3,34,40.805562981404364
cpu,HIT,model_only,Q8-cpu_dynamic,3,35,40.86726502282545
cpu,HIT,model_only,Q8-cpu_dynamic,3,36,41.1504220101051
cpu,HIT,model_only,Q8-cpu_dynamic,3,37,40.981222002301365
cpu,HIT,model_only,Q8-cpu_dynamic,3,38,41.619146009907126
cpu,HIT,model_only,Q8-cpu_dynamic,3,39,41.563361999578774
cpu,HIT,model_only,Q8-cpu_dynamic,3,40,41.24518996104598
cpu,HIT,model_only,Q8-cpu_dynamic,3,41,40.76621902640909
cpu,HIT,model_only,Q8-cpu_dynamic,3,42,40.98144796444103
cpu,HIT,model_only,Q8-cpu_dynamic,3,43,41.65487800491974
cpu,HIT,model_only,Q8-cpu_dynamic,3,44,41.06982098892331
cpu,HIT,model_only,Q8-cpu_dynamic,3,45,41.06280900305137
cpu,HIT,model_only,Q8-cpu_dynamic,3,46,41.241883009206504
cpu,HIT,model_only,Q8-cpu_dynamic,3,47,41.2965000141412
cpu,HIT,model_only,Q8-cpu_dynamic,3,48,40.913762990385294
cpu,HIT,model_only,Q8-cpu_dynamic,3,49,41.157674975693226
cpu,HIT,model_only,Q8-cpu_dynamic,3,50,42.138234013691545
cpu,HIT,model_only,Q8-cpu_dynamic,3,51,40.42538703652099
cpu,HIT,model_only,Q8-cpu_dynamic,3,52,40.338071004953235
cpu,HIT,model_only,Q8-cpu_dynamic,3,53,41.37052997248247
cpu,HIT,model_only,Q8-cpu_dynamic,3,54,42.38939599599689
cpu,HIT,model_only,Q8-cpu_dynamic,3,55,40.836793021298945
cpu,HIT,model_only,Q8-cpu_dynamic,3,56,41.662396979518235
cpu,HIT,model_only,Q8-cpu_dynamic,3,57,40.74158502044156
cpu,HIT,model_only,Q8-cpu_dynamic,3,58,41.30632703891024
cpu,HIT,model_only,Q8-cpu_dynamic,3,59,41.54405399458483
cpu,HIT,model_only,Q8-cpu_dynamic,3,60,40.9576190286316
cpu,HIT,model_only,Q8-cpu_dynamic,3,61,40.26695998618379
cpu,HIT,model_only,Q8-cpu_dynamic,3,62,40.291586017701775
cpu,HIT,model_only,Q8-cpu_dynamic,3,63,40.17685999860987
cpu,HIT,model_only,Q8-cpu_dynamic,3,64,40.75167595874518
cpu,HIT,model_only,Q8-cpu_dynamic,3,65,40.20753502845764
cpu,HIT,model_only,Q8-cpu_dynamic,3,66,40.339456987567246
cpu,HIT,model_only,Q8-cpu_dynamic,3,67,40.55477795191109
cpu,HIT,model_only,Q8-cpu_dynamic,3,68,41.11450497293845
cpu,HIT,model_only,Q8-cpu_dynamic,3,69,41.50174296228215
cpu,HIT,model_only,Q8-cpu_dynamic,3,70,40.93221196671948
cpu,HIT,model_only,Q8-cpu_dynamic,3,71,41.54099401785061
cpu,HIT,model_only,Q8-cpu_dynamic,3,72,41.12166998675093
cpu,HIT,model_only,Q8-cpu_dynamic,3,73,40.52702698390931
cpu,HIT,model_only,Q8-cpu_dynamic,3,74,40.46242299955338
cpu,HIT,model_only,Q8-cpu_dynamic,3,75,41.258222016040236
cpu,HIT,model_only,Q8-cpu_dynamic,3,76,41.5514120250009
cpu,HIT,model_only,Q8-cpu_dynamic,3,77,40.645023982506245
cpu,HIT,model_only,Q8-cpu_dynamic,3,78,40.84809799678624
cpu,HIT,model_only,Q8-cpu_dynamic,3,79,40.717283030971885
cpu,HIT,model_only,Q8-cpu_dynamic,3,80,41.26031795749441
cpu,HIT,model_only,Q8-cpu_dynamic,3,81,41.12505097873509
cpu,HIT,model_only,Q8-cpu_dynamic,3,82,41.20397800579667
cpu,HIT,model_only,Q8-cpu_dynamic,3,83,41.03099700296298
cpu,HIT,model_only,Q8-cpu_dynamic,3,84,41.067640006076545
cpu,HIT,model_only,Q8-cpu_dynamic,3,85,41.220819985028356
cpu,HIT,model_only,Q8-cpu_dynamic,3,86,40.51483701914549
cpu,HIT,model_only,Q8-cpu_dynamic,3,87,40.83433700725436
cpu,HIT,model_only,Q8-cpu_dynamic,3,88,41.39476199634373
cpu,HIT,model_only,Q8-cpu_dynamic,3,89,41.1177669884637
cpu,HIT,model_only,Q8-cpu_dynamic,3,90,41.14735103212297
cpu,HIT,model_only,Q8-cpu_dynamic,3,91,41.183025983627886
cpu,HIT,model_only,Q8-cpu_dynamic,3,92,41.76298499805853
cpu,HIT,model_only,Q8-cpu_dynamic,3,93,41.26738599734381
cpu,HIT,model_only,Q8-cpu_dynamic,3,94,40.63974297605455
cpu,HIT,model_only,Q8-cpu_dynamic,3,95,40.34247301751748
cpu,HIT,model_only,Q8-cpu_dynamic,3,96,40.28353199828416
cpu,HIT,model_only,Q8-cpu_dynamic,3,97,40.24266899796203
cpu,HIT,model_only,Q8-cpu_dynamic,3,98,40.22081400034949
cpu,HIT,model_only,Q8-cpu_dynamic,3,99,40.35880003357306
cpu,HIT,model_only,Q8-cpu_dynamic,3,100,40.712379035539925
cpu,HIT,model_only,Q8-cpu_dynamic,3,101,42.04869398381561
cpu,HIT,model_only,Q8-cpu_dynamic,3,102,40.66977399634197
cpu,HIT,model_only,Q8-cpu_dynamic,3,103,41.93963197758421
cpu,HIT,model_only,Q8-cpu_dynamic,3,104,41.0950249643065
cpu,HIT,model_only,Q8-cpu_dynamic,3,105,41.24582099029794
cpu,HIT,model_only,Q8-cpu_dynamic,3,106,41.27135605085641
cpu,HIT,model_only,Q8-cpu_dynamic,3,107,41.35068703908473
cpu,HIT,model_only,Q8-cpu_dynamic,3,108,41.280974983237684
cpu,HIT,model_only,Q8-cpu_dynamic,3,109,40.536460001021624
cpu,HIT,model_only,Q8-cpu_dynamic,3,110,41.34420899208635
cpu,HIT,model_only,Q8-cpu_dynamic,3,111,40.75796401593834
cpu,HIT,model_only,Q8-cpu_dynamic,3,112,40.884740999899805
cpu,HIT,model_only,Q8-cpu_dynamic,3,113,41.09880997566506
cpu,HIT,model_only,Q8-cpu_dynamic,3,114,40.99038103595376
cpu,HIT,model_only,Q8-cpu_dynamic,3,115,41.22491698944941
cpu,HIT,model_only,Q8-cpu_dynamic,3,116,41.28240799764171
cpu,HIT,model_only,Q8-cpu_dynamic,3,117,40.80970794893801
cpu,HIT,model_only,Q8-cpu_dynamic,3,118,41.8043970130384
cpu,HIT,model_only,Q8-cpu_dynamic,3,119,40.82636203384027
cpu,HIT,model_only,Q8-cpu_dynamic,3,120,41.12574498867616
cpu,HIT,model_only,Q8-cpu_dynamic,3,121,40.57638195808977
cpu,HIT,model_only,Q8-cpu_dynamic,3,122,39.8775179637596
cpu,HIT,model_only,Q8-cpu_dynamic,3,123,41.49925400270149
cpu,HIT,model_only,Q8-cpu_dynamic,3,124,40.366041008383036
cpu,HIT,model_only,Q8-cpu_dynamic,3,125,42.33112803194672
cpu,HIT,model_only,Q8-cpu_dynamic,3,126,42.150863038841635
cpu,HIT,model_only,Q8-cpu_dynamic,3,127,40.611833974253386
cpu,HIT,model_only,Q8-cpu_dynamic,3,128,40.01777194207534
cpu,HIT,model_only,Q8-cpu_dynamic,3,129,40.175770001951605
cpu,HIT,model_only,Q8-cpu_dynamic,3,130,40.68222001660615
cpu,HIT,model_only,Q8-cpu_dynamic,3,131,41.43544001271948
cpu,HIT,model_only,Q8-cpu_dynamic,3,132,41.02988605154678
cpu,HIT,model_only,Q8-cpu_dynamic,3,133,41.083415038883686
cpu,HIT,model_only,Q8-cpu_dynamic,3,134,41.06320400023833
cpu,HIT,model_only,Q8-cpu_dynamic,3,135,41.02457402041182
cpu,HIT,model_only,Q8-cpu_dynamic,3,136,40.39714898681268
cpu,HIT,model_only,Q8-cpu_dynamic,3,137,41.55958496266976
cpu,HIT,model_only,Q8-cpu_dynamic,3,138,41.30690998863429
cpu,HIT,model_only,Q8-cpu_dynamic,3,139,41.3394519709982
cpu,HIT,model_only,Q8-cpu_dynamic,3,140,41.186819958966225
cpu,HIT,model_only,Q8-cpu_dynamic,3,141,41.851565008983016
cpu,HIT,model_only,Q8-cpu_dynamic,3,142,41.94899497088045
cpu,HIT,model_only,Q8-cpu_dynamic,3,143,40.82416900200769
cpu,HIT,model_only,Q8-cpu_dynamic,3,144,41.26305598765612
cpu,HIT,model_only,Q8-cpu_dynamic,3,145,41.266341984737664
cpu,HIT,model_only,Q8-cpu_dynamic,3,146,41.14666202804074
cpu,HIT,model_only,Q8-cpu_dynamic,3,147,41.064577002543956
cpu,HIT,model_only,Q8-cpu_dynamic,3,148,41.091268009040505
cpu,HIT,model_only,Q8-cpu_dynamic,3,149,41.139939974527806
cpu,HIT,model_only,Q8-cpu_dynamic,3,150,41.42661701189354
cpu,HIT,model_only,Q8-cpu_dynamic,3,151,40.090541006065905
cpu,HIT,model_only,Q8-cpu_dynamic,3,152,40.56972300168127
cpu,HIT,model_only,Q8-cpu_dynamic,3,153,40.16774595947936
cpu,HIT,model_only,Q8-cpu_dynamic,3,154,40.16199900070205
cpu,HIT,model_only,Q8-cpu_dynamic,3,155,40.49539298284799
cpu,HIT,model_only,Q8-cpu_dynamic,3,156,40.37741699721664
cpu,HIT,model_only,Q8-cpu_dynamic,3,157,41.561558027751744
cpu,HIT,model_only,Q8-cpu_dynamic,3,158,40.833078033756465
cpu,HIT,model_only,Q8-cpu_dynamic,3,159,41.069185943342745
cpu,HIT,model_only,Q8-cpu_dynamic,3,160,41.759208019357175
cpu,HIT,model_only,Q8-cpu_dynamic,3,161,41.22367704985663
cpu,HIT,model_only,Q8-cpu_dynamic,3,162,42.389125970657915
cpu,HIT,model_only,Q8-cpu_dynamic,3,163,41.75990697694942
cpu,HIT,model_only,Q8-cpu_dynamic,3,164,41.045735008083284
cpu,HIT,model_only,Q8-cpu_dynamic,3,165,41.1401970195584
cpu,HIT,model_only,Q8-cpu_dynamic,3,166,41.120097041130066
cpu,HIT,model_only,Q8-cpu_dynamic,3,167,40.63692898489535
cpu,HIT,model_only,Q8-cpu_dynamic,3,168,41.7190269799903
cpu,HIT,model_only,Q8-cpu_dynamic,3,169,41.456022998318076
cpu,HIT,model_only,Q8-cpu_dynamic,3,170,40.85267998743802
cpu,HIT,model_only,Q8-cpu_dynamic,3,171,41.5386320091784
cpu,HIT,model_only,Q8-cpu_dynamic,3,172,41.18402599124238
cpu,HIT,model_only,Q8-cpu_dynamic,3,173,40.78178701456636
cpu,HIT,model_only,Q8-cpu_dynamic,3,174,41.25213099177927
cpu,HIT,model_only,Q8-cpu_dynamic,3,175,41.5148509782739
cpu,HIT,model_only,Q8-cpu_dynamic,3,176,40.28104100143537
cpu,HIT,model_only,Q8-cpu_dynamic,3,177,40.91452300781384
cpu,HIT,model_only,Q8-cpu_dynamic,3,178,41.799336031544954
cpu,HIT,model_only,Q8-cpu_dynamic,3,179,41.12518398324028
cpu,HIT,model_only,Q8-cpu_dynamic,3,180,41.885641985572875
cpu,HIT,model_only,Q8-cpu_dynamic,3,181,42.00597299495712
cpu,HIT,model_only,Q8-cpu_dynamic,3,182,40.541980997659266
cpu,HIT,model_only,Q8-cpu_dynamic,3,183,41.34087101556361
cpu,HIT,model_only,Q8-cpu_dynamic,3,184,40.708059968892485
cpu,HIT,model_only,Q8-cpu_dynamic,3,185,41.71303799375892
cpu,HIT,model_only,Q8-cpu_dynamic,3,186,41.27716802759096
cpu,HIT,model_only,Q8-cpu_dynamic,3,187,41.317867988254875
cpu,HIT,model_only,Q8-cpu_dynamic,3,188,40.69439199520275
cpu,HIT,model_only,Q8-cpu_dynamic,3,189,40.151513007003814
cpu,HIT,model_only,Q8-cpu_dynamic,3,190,40.22131097735837
cpu,HIT,model_only,Q8-cpu_dynamic,3,191,40.301138011273
cpu,HIT,model_only,Q8-cpu_dynamic,3,192,40.928644011728466
cpu,HIT,model_only,Q8-cpu_dynamic,3,193,41.249299014452845
cpu,HIT,model_only,Q8-cpu_dynamic,3,194,40.888165996875614
cpu,HIT,model_only,Q8-cpu_dynamic,3,195,41.058504953980446
cpu,HIT,model_only,Q8-cpu_dynamic,3,196,41.14724101964384
cpu,HIT,model_only,Q8-cpu_dynamic,3,197,41.76576598547399
cpu,HIT,model_only,Q8-cpu_dynamic,3,198,41.90840199589729
cpu,HIT,model_only,Q8-cpu_dynamic,3,199,41.34046903345734
cpu,HIT,model_only,Q8-cpu_dynamic,3,200,41.225599008612335
cpu,HIT,model_only,Q8-cpu_dynamic,3,201,41.10999999102205
cpu,HIT,model_only,Q8-cpu_dynamic,3,202,41.47353896405548
cpu,HIT,model_only,Q8-cpu_dynamic,3,203,41.18395404657349
cpu,HIT,model_only,Q8-cpu_dynamic,3,204,40.87549296673387
cpu,HIT,model_only,Q8-cpu_dynamic,3,205,41.4366580080241
cpu,HIT,model_only,Q8-cpu_dynamic,3,206,40.880600980017334
cpu,HIT,model_only,Q8-cpu_dynamic,3,207,41.09443799825385
cpu,HIT,model_only,Q8-cpu_dynamic,3,208,41.95934301242232
cpu,HIT,model_only,Q8-cpu_dynamic,3,209,42.11585904704407
cpu,HIT,model_only,Q8-cpu_dynamic,3,210,42.826947988942266
cpu,HIT,model_only,Q8-cpu_dynamic,3,211,67.06158700399101
cpu,HIT,model_only,Q8-cpu_dynamic,3,212,40.75023398036137
cpu,HIT,model_only,Q8-cpu_dynamic,3,213,40.75418598949909
cpu,HIT,model_only,Q8-cpu_dynamic,3,214,40.85592395858839
cpu,HIT,model_only,Q8-cpu_dynamic,3,215,41.4743889705278
cpu,HIT,model_only,Q8-cpu_dynamic,3,216,41.550613997969776
cpu,HIT,model_only,Q8-cpu_dynamic,3,217,40.94368405640125
cpu,HIT,model_only,Q8-cpu_dynamic,3,218,41.1319819977507
cpu,HIT,model_only,Q8-cpu_dynamic,3,219,41.02779796812683
cpu,HIT,model_only,Q8-cpu_dynamic,3,220,40.31536803813651
cpu,HIT,model_only,Q8-cpu_dynamic,3,221,40.91472097206861
cpu,HIT,model_only,Q8-cpu_dynamic,3,222,41.48051596712321
cpu,HIT,model_only,Q8-cpu_dynamic,3,223,41.21988796396181
cpu,HIT,model_only,Q8-cpu_dynamic,3,224,41.55072895810008
cpu,HIT,model_only,Q8-cpu_dynamic,3,225,40.79202201683074
cpu,HIT,model_only,Q8-cpu_dynamic,3,226,41.50363802909851
cpu,HIT,model_only,Q8-cpu_dynamic,3,227,40.08961300132796
cpu,HIT,model_only,Q8-cpu_dynamic,3,228,41.01265099598095
cpu,HIT,model_only,Q8-cpu_dynamic,3,229,41.05123196495697
cpu,HIT,model_only,Q8-cpu_dynamic,3,230,41.16410802816972
cpu,HIT,model_only,Q8-cpu_dynamic,3,231,41.1546989926137
cpu,HIT,model_only,Q8-cpu_dynamic,3,232,41.26880504190922
cpu,HIT,model_only,Q8-cpu_dynamic,3,233,41.85307398438454
cpu,HIT,model_only,Q8-cpu_dynamic,3,234,40.299699001479894
cpu,HIT,model_only,Q8-cpu_dynamic,3,235,41.13511502509937
cpu,HIT,model_only,Q8-cpu_dynamic,3,236,40.52096599480137
cpu,HIT,model_only,Q8-cpu_dynamic,3,237,41.16169101325795
cpu,HIT,model_only,Q8-cpu_dynamic,3,238,40.1963570038788
cpu,HIT,model_only,Q8-cpu_dynamic,3,239,40.956526005174965
cpu,HIT,model_only,Q8-cpu_dynamic,3,240,40.573678037617356
cpu,HIT,model_only,Q8-cpu_dynamic,3,241,41.541533020790666
cpu,HIT,model_only,Q8-cpu_dynamic,3,242,40.70395097369328
cpu,HIT,model_only,Q8-cpu_dynamic,3,243,41.030042979400605
cpu,HIT,model_only,Q8-cpu_dynamic,3,244,40.337220998480916
cpu,HIT,model_only,Q8-cpu_dynamic,3,245,40.960501006338745
cpu,HIT,model_only,Q8-cpu_dynamic,3,246,41.5927009889856
cpu,HIT,model_only,Q8-cpu_dynamic,3,247,41.30597098264843
cpu,HIT,model_only,Q8-cpu_dynamic,3,248,41.21822502929717
cpu,HIT,model_only,Q8-cpu_dynamic,3,249,41.59846104448661
cpu,HIT,model_only,K1-FP32,3,0,44.81643397593871
cpu,HIT,model_only,K1-FP32,3,1,44.26886298460886
cpu,HIT,model_only,K1-FP32,3,2,42.951086012180895
cpu,HIT,model_only,K1-FP32,3,3,43.071939959190786
cpu,HIT,model_only,K1-FP32,3,4,43.122696049977094
cpu,HIT,model_only,K1-FP32,3,5,43.48832805408165
cpu,HIT,model_only,K1-FP32,3,6,42.497774004004896
cpu,HIT,model_only,K1-FP32,3,7,43.51930599659681
cpu,HIT,model_only,K1-FP32,3,8,43.227256974205375
cpu,HIT,model_only,K1-FP32,3,9,42.92784596327692
cpu,HIT,model_only,K1-FP32,3,10,42.797310976311564
cpu,HIT,model_only,K1-FP32,3,11,42.353966971859336
cpu,HIT,model_only,K1-FP32,3,12,42.0189659926109
cpu,HIT,model_only,K1-FP32,3,13,42.8608640213497
cpu,HIT,model_only,K1-FP32,3,14,42.980947997421026
cpu,HIT,model_only,K1-FP32,3,15,42.82827500719577
cpu,HIT,model_only,K1-FP32,3,16,44.933550991117954
cpu,HIT,model_only,K1-FP32,3,17,42.98435500822961
cpu,HIT,model_only,K1-FP32,3,18,42.29354299604893
cpu,HIT,model_only,K1-FP32,3,19,43.43342699576169
cpu,HIT,model_only,K1-FP32,3,20,42.977462988346815
cpu,HIT,model_only,K1-FP32,3,21,43.1690129917115
cpu,HIT,model_only,K1-FP32,3,22,43.66774298250675
cpu,HIT,model_only,K1-FP32,3,23,43.42473397264257
cpu,HIT,model_only,K1-FP32,3,24,42.84557298524305
cpu,HIT,model_only,K1-FP32,3,25,44.155333016533405
cpu,HIT,model_only,K1-FP32,3,26,42.90109797148034
cpu,HIT,model_only,K1-FP32,3,27,42.30751795694232
cpu,HIT,model_only,K1-FP32,3,28,42.34319494571537
cpu,HIT,model_only,K1-FP32,3,29,44.830226979684085
cpu,HIT,model_only,K1-FP32,3,30,44.80962100205943
cpu,HIT,model_only,K1-FP32,3,31,42.958522972185165
cpu,HIT,model_only,K1-FP32,3,32,45.06200598552823
cpu,HIT,model_only,K1-FP32,3,33,44.7038629790768
cpu,HIT,model_only,K1-FP32,3,34,44.54222897766158
cpu,HIT,model_only,K1-FP32,3,35,44.7969869710505
cpu,HIT,model_only,K1-FP32,3,36,44.416471966542304
cpu,HIT,model_only,K1-FP32,3,37,43.79480000352487
cpu,HIT,model_only,K1-FP32,3,38,43.3778430451639
cpu,HIT,model_only,K1-FP32,3,39,42.68128302646801
cpu,HIT,model_only,K1-FP32,3,40,43.38254895992577
cpu,HIT,model_only,K1-FP32,3,41,42.736510979011655
cpu,HIT,model_only,K1-FP32,3,42,43.14525198424235
cpu,HIT,model_only,K1-FP32,3,43,42.87036904133856
cpu,HIT,model_only,K1-FP32,3,44,43.06210100185126
cpu,HIT,model_only,K1-FP32,3,45,42.675841017626226
cpu,HIT,model_only,K1-FP32,3,46,42.795084009412676
cpu,HIT,model_only,K1-FP32,3,47,42.96035098377615
cpu,HIT,model_only,K1-FP32,3,48,43.40896394569427
cpu,HIT,model_only,K1-FP32,3,49,43.252276023849845
cpu,HIT,model_only,K1-FP32,3,50,42.594505997840315
cpu,HIT,model_only,K1-FP32,3,51,42.41904796799645
cpu,HIT,model_only,K1-FP32,3,52,44.36457500560209
cpu,HIT,model_only,K1-FP32,3,53,43.569709989242256
cpu,HIT,model_only,K1-FP32,3,54,43.48246299196035
cpu,HIT,model_only,K1-FP32,3,55,43.55032497551292
cpu,HIT,model_only,K1-FP32,3,56,43.61516598146409
cpu,HIT,model_only,K1-FP32,3,57,42.35127498395741
cpu,HIT,model_only,K1-FP32,3,58,42.62659698724747
cpu,HIT,model_only,K1-FP32,3,59,42.27391898166388
cpu,HIT,model_only,K1-FP32,3,60,42.86867205519229
cpu,HIT,model_only,K1-FP32,3,61,43.44314296031371
cpu,HIT,model_only,K1-FP32,3,62,43.69203496025875
cpu,HIT,model_only,K1-FP32,3,63,43.09793998254463
cpu,HIT,model_only,K1-FP32,3,64,44.40322995651513
cpu,HIT,model_only,K1-FP32,3,65,41.80023103253916
cpu,HIT,model_only,K1-FP32,3,66,42.89797105593607
cpu,HIT,model_only,K1-FP32,3,67,43.4846929856576
cpu,HIT,model_only,K1-FP32,3,68,42.820217029657215
cpu,HIT,model_only,K1-FP32,3,69,42.58601099718362
cpu,HIT,model_only,K1-FP32,3,70,42.6522140041925
cpu,HIT,model_only,K1-FP32,3,71,42.505187971983105
cpu,HIT,model_only,K1-FP32,3,72,42.609587020706385
cpu,HIT,model_only,K1-FP32,3,73,42.44191601173952
cpu,HIT,model_only,K1-FP32,3,74,42.94895101338625
cpu,HIT,model_only,K1-FP32,3,75,42.11184201994911
cpu,HIT,model_only,K1-FP32,3,76,42.47482598293573
cpu,HIT,model_only,K1-FP32,3,77,43.82889298722148
cpu,HIT,model_only,K1-FP32,3,78,42.64709702692926
cpu,HIT,model_only,K1-FP32,3,79,45.20455200690776
cpu,HIT,model_only,K1-FP32,3,80,44.67991995625198
cpu,HIT,model_only,K1-FP32,3,81,45.0040299911052
cpu,HIT,model_only,K1-FP32,3,82,42.5499799894169
cpu,HIT,model_only,K1-FP32,3,83,43.12935197958723
cpu,HIT,model_only,K1-FP32,3,84,42.98796702641994
cpu,HIT,model_only,K1-FP32,3,85,44.992799987085164
cpu,HIT,model_only,K1-FP32,3,86,42.92753600748256
cpu,HIT,model_only,K1-FP32,3,87,43.1140479631722
cpu,HIT,model_only,K1-FP32,3,88,42.565915966406465
cpu,HIT,model_only,K1-FP32,3,89,42.89392597274855
cpu,HIT,model_only,K1-FP32,3,90,43.41150604886934
cpu,HIT,model_only,K1-FP32,3,91,42.68012201646343
cpu,HIT,model_only,K1-FP32,3,92,43.25286200037226
cpu,HIT,model_only,K1-FP32,3,93,42.88259299937636
cpu,HIT,model_only,K1-FP32,3,94,43.469441996421665
cpu,HIT,model_only,K1-FP32,3,95,42.8262009518221
cpu,HIT,model_only,K1-FP32,3,96,42.88775799795985
cpu,HIT,model_only,K1-FP32,3,97,44.15916500147432
cpu,HIT,model_only,K1-FP32,3,98,45.304924016818404
cpu,HIT,model_only,K1-FP32,3,99,42.91399597423151
cpu,HIT,model_only,K1-FP32,3,100,43.96337800426409
cpu,HIT,model_only,K1-FP32,3,101,42.90093603776768
cpu,HIT,model_only,K1-FP32,3,102,45.42869795113802
cpu,HIT,model_only,K1-FP32,3,103,43.424580013379455
cpu,HIT,model_only,K1-FP32,3,104,44.49045896762982
cpu,HIT,model_only,K1-FP32,3,105,44.78947498137131
cpu,HIT,model_only,K1-FP32,3,106,42.370417970232666
cpu,HIT,model_only,K1-FP32,3,107,41.73731501214206
cpu,HIT,model_only,K1-FP32,3,108,42.305524984840304
cpu,HIT,model_only,K1-FP32,3,109,53.038520039990544
cpu,HIT,model_only,K1-FP32,3,110,43.05867204675451
cpu,HIT,model_only,K1-FP32,3,111,43.9876570017077
cpu,HIT,model_only,K1-FP32,3,112,51.99050100054592
cpu,HIT,model_only,K1-FP32,3,113,44.69483398133889
cpu,HIT,model_only,K1-FP32,3,114,44.07825297676027
cpu,HIT,model_only,K1-FP32,3,115,43.01459604175761
cpu,HIT,model_only,K1-FP32,3,116,42.81834798166528
cpu,HIT,model_only,K1-FP32,3,117,43.074520013760775
cpu,HIT,model_only,K1-FP32,3,118,43.04939502617344
cpu,HIT,model_only,K1-FP32,3,119,43.43455104390159
cpu,HIT,model_only,K1-FP32,3,120,43.091895000543445
cpu,HIT,model_only,K1-FP32,3,121,42.341205989941955
cpu,HIT,model_only,K1-FP32,3,122,42.80130303231999
cpu,HIT,model_only,K1-FP32,3,123,44.83871295815334
cpu,HIT,model_only,K1-FP32,3,124,43.59344800468534
cpu,HIT,model_only,K1-FP32,3,125,43.7025009887293
cpu,HIT,model_only,K1-FP32,3,126,43.19227096857503
cpu,HIT,model_only,K1-FP32,3,127,42.74788702605292
cpu,HIT,model_only,K1-FP32,3,128,43.416803993750364
cpu,HIT,model_only,K1-FP32,3,129,43.08825597399846
cpu,HIT,model_only,K1-FP32,3,130,43.055809976067394
cpu,HIT,model_only,K1-FP32,3,131,42.917745013255626
cpu,HIT,model_only,K1-FP32,3,132,43.36801898898557
cpu,HIT,model_only,K1-FP32,3,133,43.15409599803388
cpu,HIT,model_only,K1-FP32,3,134,42.8546360344626
cpu,HIT,model_only,K1-FP32,3,135,43.27711497899145
cpu,HIT,model_only,K1-FP32,3,136,43.82534394972026
cpu,HIT,model_only,K1-FP32,3,137,51.237651030533016
cpu,HIT,model_only,K1-FP32,3,138,43.84888400090858
cpu,HIT,model_only,K1-FP32,3,139,42.78293898096308
cpu,HIT,model_only,K1-FP32,3,140,42.1194140217267
cpu,HIT,model_only,K1-FP32,3,141,42.269659985322505
cpu,HIT,model_only,K1-FP32,3,142,42.14732500258833
cpu,HIT,model_only,K1-FP32,3,143,41.72295000171289
cpu,HIT,model_only,K1-FP32,3,144,42.425289982929826
cpu,HIT,model_only,K1-FP32,3,145,42.00419504195452
cpu,HIT,model_only,K1-FP32,3,146,44.364408997353166
cpu,HIT,model_only,K1-FP32,3,147,43.990853999275714
cpu,HIT,model_only,K1-FP32,3,148,43.58210903592408
cpu,HIT,model_only,K1-FP32,3,149,42.25115303415805
cpu,HIT,model_only,K1-FP32,3,150,42.63467498822138
cpu,HIT,model_only,K1-FP32,3,151,44.863160990644246
cpu,HIT,model_only,K1-FP32,3,152,43.2688319706358
cpu,HIT,model_only,K1-FP32,3,153,43.03270997479558
cpu,HIT,model_only,K1-FP32,3,154,43.500078027136624
cpu,HIT,model_only,K1-FP32,3,155,42.366617009975016
cpu,HIT,model_only,K1-FP32,3,156,41.28626600140706
cpu,HIT,model_only,K1-FP32,3,157,43.02618699148297
cpu,HIT,model_only,K1-FP32,3,158,43.7691499828361
cpu,HIT,model_only,K1-FP32,3,159,45.7811169908382
cpu,HIT,model_only,K1-FP32,3,160,43.90763404080644
cpu,HIT,model_only,K1-FP32,3,161,43.58688503270969
cpu,HIT,model_only,K1-FP32,3,162,46.33758799172938
cpu,HIT,model_only,K1-FP32,3,163,43.27601898694411
cpu,HIT,model_only,K1-FP32,3,164,44.314751983620226
cpu,HIT,model_only,K1-FP32,3,165,45.58298998745158
cpu,HIT,model_only,K1-FP32,3,166,45.66740000154823
cpu,HIT,model_only,K1-FP32,3,167,44.73145998781547
cpu,HIT,model_only,K1-FP32,3,168,43.52691600797698
cpu,HIT,model_only,K1-FP32,3,169,43.05953497532755
cpu,HIT,model_only,K1-FP32,3,170,43.55465597473085
cpu,HIT,model_only,K1-FP32,3,171,47.32912697363645
cpu,HIT,model_only,K1-FP32,3,172,42.92447300394997
cpu,HIT,model_only,K1-FP32,3,173,44.44256203714758
cpu,HIT,model_only,K1-FP32,3,174,43.187842005863786
cpu,HIT,model_only,K1-FP32,3,175,44.7202930226922
cpu,HIT,model_only,K1-FP32,3,176,43.61347801750526
cpu,HIT,model_only,K1-FP32,3,177,46.4771090191789
cpu,HIT,model_only,K1-FP32,3,178,44.364486006088555
cpu,HIT,model_only,K1-FP32,3,179,42.62537095928565
cpu,HIT,model_only,K1-FP32,3,180,45.059299969580024
cpu,HIT,model_only,K1-FP32,3,181,51.85916903428733
cpu,HIT,model_only,K1-FP32,3,182,44.71221205312759
cpu,HIT,model_only,K1-FP32,3,183,43.42950799036771
cpu,HIT,model_only,K1-FP32,3,184,43.298420030623674
cpu,HIT,model_only,K1-FP32,3,185,43.029462976846844
cpu,HIT,model_only,K1-FP32,3,186,44.795672001782805
cpu,HIT,model_only,K1-FP32,3,187,43.728578952141106
cpu,HIT,model_only,K1-FP32,3,188,47.51365300035104
cpu,HIT,model_only,K1-FP32,3,189,43.13170904060826
cpu,HIT,model_only,K1-FP32,3,190,43.427716998849064
cpu,HIT,model_only,K1-FP32,3,191,43.48941001808271
cpu,HIT,model_only,K1-FP32,3,192,42.79055597726256
cpu,HIT,model_only,K1-FP32,3,193,42.99364396138117
cpu,HIT,model_only,K1-FP32,3,194,43.66184800164774
cpu,HIT,model_only,K1-FP32,3,195,42.94535698136315
cpu,HIT,model_only,K1-FP32,3,196,43.37594599928707
cpu,HIT,model_only,K1-FP32,3,197,43.040434014983475
cpu,HIT,model_only,K1-FP32,3,198,42.97729401150718
cpu,HIT,model_only,K1-FP32,3,199,44.43703801371157
cpu,HIT,model_only,K1-FP32,3,200,42.28477395372465
cpu,HIT,model_only,K1-FP32,3,201,42.907234048470855
cpu,HIT,model_only,K1-FP32,3,202,44.130573980510235
cpu,HIT,model_only,K1-FP32,3,203,43.85680804261938
cpu,HIT,model_only,K1-FP32,3,204,44.22929201973602
cpu,HIT,model_only,K1-FP32,3,205,42.95036097755656
cpu,HIT,model_only,K1-FP32,3,206,43.22832403704524
cpu,HIT,model_only,K1-FP32,3,207,43.004298000596464
cpu,HIT,model_only,K1-FP32,3,208,42.4250090145506
cpu,HIT,model_only,K1-FP32,3,209,41.96171200601384
cpu,HIT,model_only,K1-FP32,3,210,42.18187800142914
cpu,HIT,model_only,K1-FP32,3,211,41.91113798879087
cpu,HIT,model_only,K1-FP32,3,212,42.67246200470254
cpu,HIT,model_only,K1-FP32,3,213,42.211536958348006
cpu,HIT,model_only,K1-FP32,3,214,41.63315496407449
cpu,HIT,model_only,K1-FP32,3,215,44.32993900263682
cpu,HIT,model_only,K1-FP32,3,216,45.807364978827536
cpu,HIT,model_only,K1-FP32,3,217,45.06989801302552
cpu,HIT,model_only,K1-FP32,3,218,51.68060300638899
cpu,HIT,model_only,K1-FP32,3,219,43.427661003079265
cpu,HIT,model_only,K1-FP32,3,220,44.5381099707447
cpu,HIT,model_only,K1-FP32,3,221,51.23015400022268
cpu,HIT,model_only,K1-FP32,3,222,42.84400097094476
cpu,HIT,model_only,K1-FP32,3,223,43.04309602594003
cpu,HIT,model_only,K1-FP32,3,224,42.89914795663208
cpu,HIT,model_only,K1-FP32,3,225,46.268300036899745
cpu,HIT,model_only,K1-FP32,3,226,52.06620797980577
cpu,HIT,model_only,K1-FP32,3,227,44.811856001615524
cpu,HIT,model_only,K1-FP32,3,228,42.863890004809946
cpu,HIT,model_only,K1-FP32,3,229,43.483817018568516
cpu,HIT,model_only,K1-FP32,3,230,43.290408968459815
cpu,HIT,model_only,K1-FP32,3,231,45.29403301421553
cpu,HIT,model_only,K1-FP32,3,232,43.18496503401548
cpu,HIT,model_only,K1-FP32,3,233,43.01790404133499
cpu,HIT,model_only,K1-FP32,3,234,43.09163801372051
cpu,HIT,model_only,K1-FP32,3,235,42.79140796279535
cpu,HIT,model_only,K1-FP32,3,236,43.38012298103422
cpu,HIT,model_only,K1-FP32,3,237,43.112096027471125
cpu,HIT,model_only,K1-FP32,3,238,42.418777011334896
cpu,HIT,model_only,K1-FP32,3,239,43.77774300519377
cpu,HIT,model_only,K1-FP32,3,240,42.85097698448226
cpu,HIT,model_only,K1-FP32,3,241,43.418702960480005
cpu,HIT,model_only,K1-FP32,3,242,46.50591203244403
cpu,HIT,model_only,K1-FP32,3,243,51.97903700172901
cpu,HIT,model_only,K1-FP32,3,244,43.845028965733945
cpu,HIT,model_only,K1-FP32,3,245,42.02680598245934
cpu,HIT,model_only,K1-FP32,3,246,42.33346600085497
cpu,HIT,model_only,K1-FP32,3,247,41.835725016426295
cpu,HIT,model_only,K1-FP32,3,248,42.31070802779868
cpu,HIT,model_only,K1-FP32,3,249,41.9481560238637
cpu,HIT,end_to_end,K1-FP32,0,0,44.79723999975249
cpu,HIT,end_to_end,K1-FP32,0,1,43.219776009209454
cpu,HIT,end_to_end,K1-FP32,0,2,44.4015979883261
cpu,HIT,end_to_end,K1-FP32,0,3,42.92275902116671
cpu,HIT,end_to_end,K1-FP32,0,4,43.78616198664531
cpu,HIT,end_to_end,K1-FP32,0,5,43.851980997715145
cpu,HIT,end_to_end,K1-FP32,0,6,46.607311989646405
cpu,HIT,end_to_end,K1-FP32,0,7,45.83209898555651
cpu,HIT,end_to_end,K1-FP32,0,8,43.78450196236372
cpu,HIT,end_to_end,K1-FP32,0,9,46.022543974686414
cpu,HIT,end_to_end,K1-FP32,0,10,44.46707898750901
cpu,HIT,end_to_end,K1-FP32,0,11,46.42761097056791
cpu,HIT,end_to_end,K1-FP32,0,12,45.69631104823202
cpu,HIT,end_to_end,K1-FP32,0,13,45.849021000321954
cpu,HIT,end_to_end,K1-FP32,0,14,45.48609402263537
cpu,HIT,end_to_end,K1-FP32,0,15,44.35187898343429
cpu,HIT,end_to_end,K1-FP32,0,16,45.03643198404461
cpu,HIT,end_to_end,K1-FP32,0,17,44.00445701321587
cpu,HIT,end_to_end,K1-FP32,0,18,43.79620699910447
cpu,HIT,end_to_end,K1-FP32,0,19,44.30985898943618
cpu,HIT,end_to_end,K1-FP32,0,20,44.21088204253465
cpu,HIT,end_to_end,K1-FP32,0,21,44.44805404637009
cpu,HIT,end_to_end,K1-FP32,0,22,43.26635302277282
cpu,HIT,end_to_end,K1-FP32,0,23,43.72937401058152
cpu,HIT,end_to_end,K1-FP32,0,24,46.96980299195275
cpu,HIT,end_to_end,K1-FP32,0,25,43.30006003146991
cpu,HIT,end_to_end,K1-FP32,0,26,46.914031030610204
cpu,HIT,end_to_end,K1-FP32,0,27,43.18733303807676
cpu,HIT,end_to_end,K1-FP32,0,28,45.39521597325802
cpu,HIT,end_to_end,K1-FP32,0,29,44.852460036054254
cpu,HIT,end_to_end,K1-FP32,0,30,44.39744696719572
cpu,HIT,end_to_end,K1-FP32,0,31,44.582121015992016
cpu,HIT,end_to_end,K1-FP32,0,32,45.109211991075426
cpu,HIT,end_to_end,K1-FP32,0,33,43.44251495786011
cpu,HIT,end_to_end,K1-FP32,0,34,44.69115397660062
cpu,HIT,end_to_end,K1-FP32,0,35,44.04694098047912
cpu,HIT,end_to_end,K1-FP32,0,36,45.009915018454194
cpu,HIT,end_to_end,K1-FP32,0,37,44.1988329985179
cpu,HIT,end_to_end,K1-FP32,0,38,46.22945003211498
cpu,HIT,end_to_end,K1-FP32,0,39,45.811371004674584
cpu,HIT,end_to_end,K1-FP32,0,40,45.74795300140977
cpu,HIT,end_to_end,K1-FP32,0,41,45.64986994955689
cpu,HIT,end_to_end,K1-FP32,0,42,44.726961001288146
cpu,HIT,end_to_end,K1-FP32,0,43,46.215823967941105
cpu,HIT,end_to_end,K1-FP32,0,44,43.1955480016768
cpu,HIT,end_to_end,K1-FP32,0,45,43.05309901246801
cpu,HIT,end_to_end,K1-FP32,0,46,43.934510031249374
cpu,HIT,end_to_end,K1-FP32,0,47,43.92621194710955
cpu,HIT,end_to_end,K1-FP32,0,48,44.03678100788966
cpu,HIT,end_to_end,K1-FP32,0,49,44.595772982575
cpu,HIT,end_to_end,K1-FP32,0,50,46.041627996601164
cpu,HIT,end_to_end,K1-FP32,0,51,45.06246402161196
cpu,HIT,end_to_end,K1-FP32,0,52,43.35546202491969
cpu,HIT,end_to_end,K1-FP32,0,53,43.23860496515408
cpu,HIT,end_to_end,K1-FP32,0,54,44.04604702722281
cpu,HIT,end_to_end,K1-FP32,0,55,44.0555369714275
cpu,HIT,end_to_end,K1-FP32,0,56,43.68721699574962
cpu,HIT,end_to_end,K1-FP32,0,57,43.81953296251595
cpu,HIT,end_to_end,K1-FP32,0,58,45.72773503605276
cpu,HIT,end_to_end,K1-FP32,0,59,44.47236395208165
cpu,HIT,end_to_end,K1-FP32,0,60,44.30914897238836
cpu,HIT,end_to_end,K1-FP32,0,61,44.51969702495262
cpu,HIT,end_to_end,K1-FP32,0,62,44.59021502407268
cpu,HIT,end_to_end,K1-FP32,0,63,44.09427603241056
cpu,HIT,end_to_end,K1-FP32,0,64,45.56450096424669
cpu,HIT,end_to_end,K1-FP32,0,65,44.03166100382805
cpu,HIT,end_to_end,K1-FP32,0,66,44.69542799051851
cpu,HIT,end_to_end,K1-FP32,0,67,44.033582031261176
cpu,HIT,end_to_end,K1-FP32,0,68,44.26561598666012
cpu,HIT,end_to_end,K1-FP32,0,69,46.10934399534017
cpu,HIT,end_to_end,K1-FP32,0,70,44.10975199425593
cpu,HIT,end_to_end,K1-FP32,0,71,44.25338399596512
cpu,HIT,end_to_end,K1-FP32,0,72,43.6667840112932
cpu,HIT,end_to_end,K1-FP32,0,73,44.03143096715212
cpu,HIT,end_to_end,K1-FP32,0,74,43.87153702555224
cpu,HIT,end_to_end,K1-FP32,0,75,44.06298900721595
cpu,HIT,end_to_end,K1-FP32,0,76,44.26707397215068
cpu,HIT,end_to_end,K1-FP32,0,77,44.410918024368584
cpu,HIT,end_to_end,K1-FP32,0,78,46.29728203872219
cpu,HIT,end_to_end,K1-FP32,0,79,43.749572010710835
cpu,HIT,end_to_end,K1-FP32,0,80,43.61381602939218
cpu,HIT,end_to_end,K1-FP32,0,81,46.353449986781925
cpu,HIT,end_to_end,K1-FP32,0,82,44.04096998041496
cpu,HIT,end_to_end,K1-FP32,0,83,46.574468025937676
cpu,HIT,end_to_end,K1-FP32,0,84,44.05911098001525
cpu,HIT,end_to_end,K1-FP32,0,85,46.41365696443245
cpu,HIT,end_to_end,K1-FP32,0,86,45.95628700917587
cpu,HIT,end_to_end,K1-FP32,0,87,43.337872019037604
cpu,HIT,end_to_end,K1-FP32,0,88,43.80719404434785
cpu,HIT,end_to_end,K1-FP32,0,89,43.64864795934409
cpu,HIT,end_to_end,K1-FP32,0,90,44.22222002176568
cpu,HIT,end_to_end,K1-FP32,0,91,43.96160499891266
cpu,HIT,end_to_end,K1-FP32,0,92,43.43807901022956
cpu,HIT,end_to_end,K1-FP32,0,93,43.631618027575314
cpu,HIT,end_to_end,K1-FP32,0,94,43.93030400387943
cpu,HIT,end_to_end,K1-FP32,0,95,44.19916798360646
cpu,HIT,end_to_end,K1-FP32,0,96,45.255225035361946
cpu,HIT,end_to_end,K1-FP32,0,97,46.264111006166786
cpu,HIT,end_to_end,K1-FP32,0,98,43.95738895982504
cpu,HIT,end_to_end,K1-FP32,0,99,44.042769994121045
cpu,HIT,end_to_end,K1-FP32,0,100,43.71649702079594
cpu,HIT,end_to_end,K1-FP32,0,101,46.125898021273315
cpu,HIT,end_to_end,K1-FP32,0,102,44.13546796422452
cpu,HIT,end_to_end,K1-FP32,0,103,44.25515001639724
cpu,HIT,end_to_end,K1-FP32,0,104,44.362099026329815
cpu,HIT,end_to_end,K1-FP32,0,105,46.38149501988664
cpu,HIT,end_to_end,K1-FP32,0,106,45.61262100469321
cpu,HIT,end_to_end,K1-FP32,0,107,45.02887197304517
cpu,HIT,end_to_end,K1-FP32,0,108,42.479783995077014
cpu,HIT,end_to_end,K1-FP32,0,109,44.05046196188778
cpu,HIT,end_to_end,K1-FP32,0,110,43.93944999901578
cpu,HIT,end_to_end,K1-FP32,0,111,43.490337033290416
cpu,HIT,end_to_end,K1-FP32,0,112,44.994042022153735
cpu,HIT,end_to_end,K1-FP32,0,113,44.90024398546666
cpu,HIT,end_to_end,K1-FP32,0,114,43.10979094589129
cpu,HIT,end_to_end,K1-FP32,0,115,43.48644003039226
cpu,HIT,end_to_end,K1-FP32,0,116,43.838319019414485
cpu,HIT,end_to_end,K1-FP32,0,117,43.670429033227265
cpu,HIT,end_to_end,K1-FP32,0,118,43.60182798700407
cpu,HIT,end_to_end,K1-FP32,0,119,43.39544696267694
cpu,HIT,end_to_end,K1-FP32,0,120,43.0662389844656
cpu,HIT,end_to_end,K1-FP32,0,121,43.756136030424386
cpu,HIT,end_to_end,K1-FP32,0,122,43.463195965159684
cpu,HIT,end_to_end,K1-FP32,0,123,44.542533985804766
cpu,HIT,end_to_end,K1-FP32,0,124,44.419840967748314
cpu,HIT,end_to_end,K1-FP32,0,125,43.545534019358456
cpu,HIT,end_to_end,K1-FP32,0,126,44.46739301783964
cpu,HIT,end_to_end,K1-FP32,0,127,46.93629598477855
cpu,HIT,end_to_end,K1-FP32,0,128,46.22933903010562
cpu,HIT,end_to_end,K1-FP32,0,129,46.00728704826906
cpu,HIT,end_to_end,K1-FP32,0,130,44.141008984297514
cpu,HIT,end_to_end,K1-FP32,0,131,46.34008801076561
cpu,HIT,end_to_end,K1-FP32,0,132,43.276028998661786
cpu,HIT,end_to_end,K1-FP32,0,133,44.05675100861117
cpu,HIT,end_to_end,K1-FP32,0,134,47.39852697821334
cpu,HIT,end_to_end,K1-FP32,0,135,43.32231800071895
cpu,HIT,end_to_end,K1-FP32,0,136,43.20393601665273
cpu,HIT,end_to_end,K1-FP32,0,137,42.704517021775246
cpu,HIT,end_to_end,K1-FP32,0,138,42.78404999058694
cpu,HIT,end_to_end,K1-FP32,0,139,44.15145900566131
cpu,HIT,end_to_end,K1-FP32,0,140,44.057798048015684
cpu,HIT,end_to_end,K1-FP32,0,141,43.65613200934604
cpu,HIT,end_to_end,K1-FP32,0,142,43.25229302048683
cpu,HIT,end_to_end,K1-FP32,0,143,42.97714598942548
cpu,HIT,end_to_end,K1-FP32,0,144,43.24420902412385
cpu,HIT,end_to_end,K1-FP32,0,145,44.12557400064543
cpu,HIT,end_to_end,K1-FP32,0,146,43.74269401887432
cpu,HIT,end_to_end,K1-FP32,0,147,44.67191098956391
cpu,HIT,end_to_end,K1-FP32,0,148,44.118960038758814
cpu,HIT,end_to_end,K1-FP32,0,149,44.25156000070274
cpu,HIT,end_to_end,K1-FP32,0,150,43.693933985196054
cpu,HIT,end_to_end,K1-FP32,0,151,44.16972695617005
cpu,HIT,end_to_end,K1-FP32,0,152,43.85923896916211
cpu,HIT,end_to_end,K1-FP32,0,153,43.76451199641451
cpu,HIT,end_to_end,K1-FP32,0,154,44.479601026978344
cpu,HIT,end_to_end,K1-FP32,0,155,44.372571050189435
cpu,HIT,end_to_end,K1-FP32,0,156,45.977858011610806
cpu,HIT,end_to_end,K1-FP32,0,157,46.04114004177973
cpu,HIT,end_to_end,K1-FP32,0,158,43.690531980246305
cpu,HIT,end_to_end,K1-FP32,0,159,44.410738977603614
cpu,HIT,end_to_end,K1-FP32,0,160,43.18223800510168
cpu,HIT,end_to_end,K1-FP32,0,161,42.58750198641792
cpu,HIT,end_to_end,K1-FP32,0,162,43.43928600428626
cpu,HIT,end_to_end,K1-FP32,0,163,43.0842160130851
cpu,HIT,end_to_end,K1-FP32,0,164,43.188829033169895
cpu,HIT,end_to_end,K1-FP32,0,165,44.123381027020514
cpu,HIT,end_to_end,K1-FP32,0,166,44.07419700874016
cpu,HIT,end_to_end,K1-FP32,0,167,43.58908400172368
cpu,HIT,end_to_end,K1-FP32,0,168,44.07743999036029
cpu,HIT,end_to_end,K1-FP32,0,169,44.46574201574549
cpu,HIT,end_to_end,K1-FP32,0,170,44.307747040875256
cpu,HIT,end_to_end,K1-FP32,0,171,44.557852030266076
cpu,HIT,end_to_end,K1-FP32,0,172,43.82264299783856
cpu,HIT,end_to_end,K1-FP32,0,173,43.51790499640629
cpu,HIT,end_to_end,K1-FP32,0,174,44.32844900293276
cpu,HIT,end_to_end,K1-FP32,0,175,44.080167019274086
cpu,HIT,end_to_end,K1-FP32,0,176,44.378578022588044
cpu,HIT,end_to_end,K1-FP32,0,177,44.32706598890945
cpu,HIT,end_to_end,K1-FP32,0,178,44.09107199171558
cpu,HIT,end_to_end,K1-FP32,0,179,46.16779898060486
cpu,HIT,end_to_end,K1-FP32,0,180,45.98758998326957
cpu,HIT,end_to_end,K1-FP32,0,181,43.99611701956019
cpu,HIT,end_to_end,K1-FP32,0,182,44.16339099407196
cpu,HIT,end_to_end,K1-FP32,0,183,46.536248992197216
cpu,HIT,end_to_end,K1-FP32,0,184,43.305676023010164
cpu,HIT,end_to_end,K1-FP32,0,185,43.439242988824844
cpu,HIT,end_to_end,K1-FP32,0,186,43.36425894871354
cpu,HIT,end_to_end,K1-FP32,0,187,43.611027009319514
cpu,HIT,end_to_end,K1-FP32,0,188,42.990634974557906
cpu,HIT,end_to_end,K1-FP32,0,189,43.290385976433754
cpu,HIT,end_to_end,K1-FP32,0,190,43.37607201887295
cpu,HIT,end_to_end,K1-FP32,0,191,44.73008000059053
cpu,HIT,end_to_end,K1-FP32,0,192,46.09904100652784
cpu,HIT,end_to_end,K1-FP32,0,193,43.80021395627409
cpu,HIT,end_to_end,K1-FP32,0,194,44.02395797660574
cpu,HIT,end_to_end,K1-FP32,0,195,44.438544020522386
cpu,HIT,end_to_end,K1-FP32,0,196,43.81531901890412
cpu,HIT,end_to_end,K1-FP32,0,197,43.87699603103101
cpu,HIT,end_to_end,K1-FP32,0,198,46.28003196557984
cpu,HIT,end_to_end,K1-FP32,0,199,45.897777017671615
cpu,HIT,end_to_end,K1-FP32,0,200,43.73372200643644
cpu,HIT,end_to_end,K1-FP32,0,201,45.9425330045633
cpu,HIT,end_to_end,K1-FP32,0,202,44.24135899171233
cpu,HIT,end_to_end,K1-FP32,0,203,46.74610303482041
cpu,HIT,end_to_end,K1-FP32,0,204,43.163872964214534
cpu,HIT,end_to_end,K1-FP32,0,205,44.11896999226883
cpu,HIT,end_to_end,K1-FP32,0,206,46.46804498042911
cpu,HIT,end_to_end,K1-FP32,0,207,43.273691029753536
cpu,HIT,end_to_end,K1-FP32,0,208,46.329351025633514
cpu,HIT,end_to_end,K1-FP32,0,209,45.44981999788433
cpu,HIT,end_to_end,K1-FP32,0,210,45.34612799761817
cpu,HIT,end_to_end,K1-FP32,0,211,43.50065300241113
cpu,HIT,end_to_end,K1-FP32,0,212,44.93811499560252
cpu,HIT,end_to_end,K1-FP32,0,213,44.33885001344606
cpu,HIT,end_to_end,K1-FP32,0,214,42.97439299989492
cpu,HIT,end_to_end,K1-FP32,0,215,44.16930105071515
cpu,HIT,end_to_end,K1-FP32,0,216,43.192860030103475
cpu,HIT,end_to_end,K1-FP32,0,217,43.72106201481074
cpu,HIT,end_to_end,K1-FP32,0,218,44.12220302037895
cpu,HIT,end_to_end,K1-FP32,0,219,44.60156004643068
cpu,HIT,end_to_end,K1-FP32,0,220,44.38604699680582
cpu,HIT,end_to_end,K1-FP32,0,221,44.043541012797505
cpu,HIT,end_to_end,K1-FP32,0,222,43.92902401741594
cpu,HIT,end_to_end,K1-FP32,0,223,43.90282096574083
cpu,HIT,end_to_end,K1-FP32,0,224,44.797072012443095
cpu,HIT,end_to_end,K1-FP32,0,225,46.36261600535363
cpu,HIT,end_to_end,K1-FP32,0,226,43.542888946831226
cpu,HIT,end_to_end,K1-FP32,0,227,44.17447204468772
cpu,HIT,end_to_end,K1-FP32,0,228,43.40508097084239
cpu,HIT,end_to_end,K1-FP32,0,229,42.69084701081738
cpu,HIT,end_to_end,K1-FP32,0,230,43.98023901740089
cpu,HIT,end_to_end,K1-FP32,0,231,43.42670098412782
cpu,HIT,end_to_end,K1-FP32,0,232,43.40398102067411
cpu,HIT,end_to_end,K1-FP32,0,233,44.75638404255733
cpu,HIT,end_to_end,K1-FP32,0,234,45.627478044480085
cpu,HIT,end_to_end,K1-FP32,0,235,42.834902997128665
cpu,HIT,end_to_end,K1-FP32,0,236,43.45750098582357
cpu,HIT,end_to_end,K1-FP32,0,237,43.88024902436882
cpu,HIT,end_to_end,K1-FP32,0,238,44.38355698948726
cpu,HIT,end_to_end,K1-FP32,0,239,43.90541301108897
cpu,HIT,end_to_end,K1-FP32,0,240,46.747129992581904
cpu,HIT,end_to_end,K1-FP32,0,241,45.84339202847332
cpu,HIT,end_to_end,K1-FP32,0,242,44.855818967334926
cpu,HIT,end_to_end,K1-FP32,0,243,43.67484099930152
cpu,HIT,end_to_end,K1-FP32,0,244,43.55882998788729
cpu,HIT,end_to_end,K1-FP32,0,245,43.05122996447608
cpu,HIT,end_to_end,K1-FP32,0,246,44.18219003127888
cpu,HIT,end_to_end,K1-FP32,0,247,44.73425296600908
cpu,HIT,end_to_end,K1-FP32,0,248,45.88468500878662
cpu,HIT,end_to_end,K1-FP32,0,249,43.94272097852081
cpu,HIT,end_to_end,Q8-cpu_dynamic,0,0,41.66226403322071
cpu,HIT,end_to_end,Q8-cpu_dynamic,0,1,41.368576989043504
cpu,HIT,end_to_end,Q8-cpu_dynamic,0,2,40.80148204229772
cpu,HIT,end_to_end,Q8-cpu_dynamic,0,3,40.8682840061374
cpu,HIT,end_to_end,Q8-cpu_dynamic,0,4,40.76173499925062
cpu,HIT,end_to_end,Q8-cpu_dynamic,0,5,40.42675200616941
cpu,HIT,end_to_end,Q8-cpu_dynamic,0,6,40.92835000483319
cpu,HIT,end_to_end,Q8-cpu_dynamic,0,7,40.73150199837983
cpu,HIT,end_to_end,Q8-cpu_dynamic,0,8,40.53950699744746
cpu,HIT,end_to_end,Q8-cpu_dynamic,0,9,41.19323496706784
cpu,HIT,end_to_end,Q8-cpu_dynamic,0,10,41.40210698824376
cpu,HIT,end_to_end,Q8-cpu_dynamic,0,11,41.4517960161902
cpu,HIT,end_to_end,Q8-cpu_dynamic,0,12,40.60443298658356
cpu,HIT,end_to_end,Q8-cpu_dynamic,0,13,41.17848299210891
cpu,HIT,end_to_end,Q8-cpu_dynamic,0,14,41.571060952264816
cpu,HIT,end_to_end,Q8-cpu_dynamic,0,15,41.04265198111534
cpu,HIT,end_to_end,Q8-cpu_dynamic,0,16,41.01269401144236
cpu,HIT,end_to_end,Q8-cpu_dynamic,0,17,40.604064997751266
cpu,HIT,end_to_end,Q8-cpu_dynamic,0,18,41.44023300614208
cpu,HIT,end_to_end,Q8-cpu_dynamic,0,19,40.8646350260824
cpu,HIT,end_to_end,Q8-cpu_dynamic,0,20,41.517065023072064
cpu,HIT,end_to_end,Q8-cpu_dynamic,0,21,41.30892897956073
cpu,HIT,end_to_end,Q8-cpu_dynamic,0,22,40.885480993893
cpu,HIT,end_to_end,Q8-cpu_dynamic,0,23,40.85902700899169
cpu,HIT,end_to_end,Q8-cpu_dynamic,0,24,40.63378198770806
cpu,HIT,end_to_end,Q8-cpu_dynamic,0,25,40.511688974220306
cpu,HIT,end_to_end,Q8-cpu_dynamic,0,26,40.91486695688218
cpu,HIT,end_to_end,Q8-cpu_dynamic,0,27,41.7988799745217
cpu,HIT,end_to_end,Q8-cpu_dynamic,0,28,41.28974996274337
cpu,HIT,end_to_end,Q8-cpu_dynamic,0,29,41.034094989299774
cpu,HIT,end_to_end,Q8-cpu_dynamic,0,30,40.32996902242303
cpu,HIT,end_to_end,Q8-cpu_dynamic,0,31,40.558964014053345
cpu,HIT,end_to_end,Q8-cpu_dynamic,0,32,41.307162027806044
cpu,HIT,end_to_end,Q8-cpu_dynamic,0,33,41.306090017315
cpu,HIT,end_to_end,Q8-cpu_dynamic,0,34,41.365383949596435
cpu,HIT,end_to_end,Q8-cpu_dynamic,0,35,41.32074204972014
cpu,HIT,end_to_end,Q8-cpu_dynamic,0,36,40.81798199331388
cpu,HIT,end_to_end,Q8-cpu_dynamic,0,37,40.24834802839905
cpu,HIT,end_to_end,Q8-cpu_dynamic,0,38,40.89930799091235
cpu,HIT,end_to_end,Q8-cpu_dynamic,0,39,40.587121970020235
cpu,HIT,end_to_end,Q8-cpu_dynamic,0,40,41.609145991969854
cpu,HIT,end_to_end,Q8-cpu_dynamic,0,41,41.06714698718861
cpu,HIT,end_to_end,Q8-cpu_dynamic,0,42,41.31675197277218
cpu,HIT,end_to_end,Q8-cpu_dynamic,0,43,42.219642957206815
cpu,HIT,end_to_end,Q8-cpu_dynamic,0,44,41.92774597322568
cpu,HIT,end_to_end,Q8-cpu_dynamic,0,45,40.976693970151246
cpu,HIT,end_to_end,Q8-cpu_dynamic,0,46,41.36624198872596
cpu,HIT,end_to_end,Q8-cpu_dynamic,0,47,41.49681102717295
cpu,HIT,end_to_end,Q8-cpu_dynamic,0,48,41.68836900498718
cpu,HIT,end_to_end,Q8-cpu_dynamic,0,49,41.15905804792419
cpu,HIT,end_to_end,Q8-cpu_dynamic,0,50,40.686941996682435
cpu,HIT,end_to_end,Q8-cpu_dynamic,0,51,40.47422099392861
cpu,HIT,end_to_end,Q8-cpu_dynamic,0,52,40.93219997594133
cpu,HIT,end_to_end,Q8-cpu_dynamic,0,53,40.712228044867516
cpu,HIT,end_to_end,Q8-cpu_dynamic,0,54,40.934190968982875
cpu,HIT,end_to_end,Q8-cpu_dynamic,0,55,41.12346103647724
cpu,HIT,end_to_end,Q8-cpu_dynamic,0,56,41.604892001487315
cpu,HIT,end_to_end,Q8-cpu_dynamic,0,57,40.64254998229444
cpu,HIT,end_to_end,Q8-cpu_dynamic,0,58,41.12250101752579
cpu,HIT,end_to_end,Q8-cpu_dynamic,0,59,40.90607102261856
cpu,HIT,end_to_end,Q8-cpu_dynamic,0,60,41.4127969997935
cpu,HIT,end_to_end,Q8-cpu_dynamic,0,61,41.49929800769314
cpu,HIT,end_to_end,Q8-cpu_dynamic,0,62,40.81706702709198
cpu,HIT,end_to_end,Q8-cpu_dynamic,0,63,40.42463598307222
cpu,HIT,end_to_end,Q8-cpu_dynamic,0,64,40.40698101744056
cpu,HIT,end_to_end,Q8-cpu_dynamic,0,65,40.322122047655284
cpu,HIT,end_to_end,Q8-cpu_dynamic,0,66,40.97279999405146
cpu,HIT,end_to_end,Q8-cpu_dynamic,0,67,41.228226968087256
cpu,HIT,end_to_end,Q8-cpu_dynamic,0,68,41.895313013810664
cpu,HIT,end_to_end,Q8-cpu_dynamic,0,69,41.39065800700337
cpu,HIT,end_to_end,Q8-cpu_dynamic,0,70,41.44398303469643
cpu,HIT,end_to_end,Q8-cpu_dynamic,0,71,41.37849196558818
cpu,HIT,end_to_end,Q8-cpu_dynamic,0,72,41.30773100769147
cpu,HIT,end_to_end,Q8-cpu_dynamic,0,73,41.19043698301539
cpu,HIT,end_to_end,Q8-cpu_dynamic,0,74,41.82939400197938
cpu,HIT,end_to_end,Q8-cpu_dynamic,0,75,41.918579023331404
cpu,HIT,end_to_end,Q8-cpu_dynamic,0,76,41.20182903716341
cpu,HIT,end_to_end,Q8-cpu_dynamic,0,77,41.13805002998561
cpu,HIT,end_to_end,Q8-cpu_dynamic,0,78,41.28468799171969
cpu,HIT,end_to_end,Q8-cpu_dynamic,0,79,41.28750500967726
cpu,HIT,end_to_end,Q8-cpu_dynamic,0,80,40.766379970591515
cpu,HIT,end_to_end,Q8-cpu_dynamic,0,81,40.97579402150586
cpu,HIT,end_to_end,Q8-cpu_dynamic,0,82,41.35862999828532
cpu,HIT,end_to_end,Q8-cpu_dynamic,0,83,41.32387897698209
cpu,HIT,end_to_end,Q8-cpu_dynamic,0,84,41.48931900272146
cpu,HIT,end_to_end,Q8-cpu_dynamic,0,85,41.43757198471576
cpu,HIT,end_to_end,Q8-cpu_dynamic,0,86,41.36508499504998
cpu,HIT,end_to_end,Q8-cpu_dynamic,0,87,41.71550099272281
cpu,HIT,end_to_end,Q8-cpu_dynamic,0,88,41.41123400768265
cpu,HIT,end_to_end,Q8-cpu_dynamic,0,89,41.28274298273027
cpu,HIT,end_to_end,Q8-cpu_dynamic,0,90,41.36186797404662
cpu,HIT,end_to_end,Q8-cpu_dynamic,0,91,41.28451197175309
cpu,HIT,end_to_end,Q8-cpu_dynamic,0,92,41.52680200058967
cpu,HIT,end_to_end,Q8-cpu_dynamic,0,93,41.598979965783656
cpu,HIT,end_to_end,Q8-cpu_dynamic,0,94,41.06108599808067
cpu,HIT,end_to_end,Q8-cpu_dynamic,0,95,41.326560953166336
cpu,HIT,end_to_end,Q8-cpu_dynamic,0,96,41.11807799199596
cpu,HIT,end_to_end,Q8-cpu_dynamic,0,97,41.08052101219073
cpu,HIT,end_to_end,Q8-cpu_dynamic,0,98,41.87488101888448
cpu,HIT,end_to_end,Q8-cpu_dynamic,0,99,41.098445013631135
cpu,HIT,end_to_end,Q8-cpu_dynamic,0,100,41.42886196495965
cpu,HIT,end_to_end,Q8-cpu_dynamic,0,101,41.28892096923664
cpu,HIT,end_to_end,Q8-cpu_dynamic,0,102,41.50109802139923
cpu,HIT,end_to_end,Q8-cpu_dynamic,0,103,41.456784994807094
cpu,HIT,end_to_end,Q8-cpu_dynamic,0,104,40.80561897717416
cpu,HIT,end_to_end,Q8-cpu_dynamic,0,105,40.56300799129531
cpu,HIT,end_to_end,Q8-cpu_dynamic,0,106,41.743753012269735
cpu,HIT,end_to_end,Q8-cpu_dynamic,0,107,40.89588799979538
cpu,HIT,end_to_end,Q8-cpu_dynamic,0,108,41.27552098361775
cpu,HIT,end_to_end,Q8-cpu_dynamic,0,109,41.18887899676338
cpu,HIT,end_to_end,Q8-cpu_dynamic,0,110,41.16393398726359
cpu,HIT,end_to_end,Q8-cpu_dynamic,0,111,41.92513198358938
cpu,HIT,end_to_end,Q8-cpu_dynamic,0,112,42.123195016756654
cpu,HIT,end_to_end,Q8-cpu_dynamic,0,113,42.240715003572404
cpu,HIT,end_to_end,Q8-cpu_dynamic,0,114,42.03963401960209
cpu,HIT,end_to_end,Q8-cpu_dynamic,0,115,40.948268957436085
cpu,HIT,end_to_end,Q8-cpu_dynamic,0,116,41.50579101406038
cpu,HIT,end_to_end,Q8-cpu_dynamic,0,117,41.65613796794787
cpu,HIT,end_to_end,Q8-cpu_dynamic,0,118,41.068544960580766
cpu,HIT,end_to_end,Q8-cpu_dynamic,0,119,41.71721002785489
cpu,HIT,end_to_end,Q8-cpu_dynamic,0,120,41.44571901997551
cpu,HIT,end_to_end,Q8-cpu_dynamic,0,121,40.55135004455224
cpu,HIT,end_to_end,Q8-cpu_dynamic,0,122,40.72523501235992
cpu,HIT,end_to_end,Q8-cpu_dynamic,0,123,40.88767501525581
cpu,HIT,end_to_end,Q8-cpu_dynamic,0,124,41.536532051395625
cpu,HIT,end_to_end,Q8-cpu_dynamic,0,125,40.707757987547666
cpu,HIT,end_to_end,Q8-cpu_dynamic,0,126,41.492041025776416
cpu,HIT,end_to_end,Q8-cpu_dynamic,0,127,41.90030600875616
cpu,HIT,end_to_end,Q8-cpu_dynamic,0,128,40.92604300240055
cpu,HIT,end_to_end,Q8-cpu_dynamic,0,129,41.75934399245307
cpu,HIT,end_to_end,Q8-cpu_dynamic,0,130,40.78535200096667
cpu,HIT,end_to_end,Q8-cpu_dynamic,0,131,41.253151022829115
cpu,HIT,end_to_end,Q8-cpu_dynamic,0,132,41.46811697864905
cpu,HIT,end_to_end,Q8-cpu_dynamic,0,133,41.99363599764183
cpu,HIT,end_to_end,Q8-cpu_dynamic,0,134,42.014036036562175
cpu,HIT,end_to_end,Q8-cpu_dynamic,0,135,41.981516988016665
cpu,HIT,end_to_end,Q8-cpu_dynamic,0,136,41.76180303329602
cpu,HIT,end_to_end,Q8-cpu_dynamic,0,137,41.04694799752906
cpu,HIT,end_to_end,Q8-cpu_dynamic,0,138,41.64421797031537
cpu,HIT,end_to_end,Q8-cpu_dynamic,0,139,41.119742032606155
cpu,HIT,end_to_end,Q8-cpu_dynamic,0,140,41.57598299207166
cpu,HIT,end_to_end,Q8-cpu_dynamic,0,141,41.70635296031833
cpu,HIT,end_to_end,Q8-cpu_dynamic,0,142,41.28761397441849
cpu,HIT,end_to_end,Q8-cpu_dynamic,0,143,41.38955700909719
cpu,HIT,end_to_end,Q8-cpu_dynamic,0,144,40.848707023542374
cpu,HIT,end_to_end,Q8-cpu_dynamic,0,145,40.871888981200755
cpu,HIT,end_to_end,Q8-cpu_dynamic,0,146,41.2428819690831
cpu,HIT,end_to_end,Q8-cpu_dynamic,0,147,41.46410297835246
cpu,HIT,end_to_end,Q8-cpu_dynamic,0,148,41.27268795855343
cpu,HIT,end_to_end,Q8-cpu_dynamic,0,149,41.33613803423941
cpu,HIT,end_to_end,Q8-cpu_dynamic,0,150,41.74251004587859
cpu,HIT,end_to_end,Q8-cpu_dynamic,0,151,41.46464902441949
cpu,HIT,end_to_end,Q8-cpu_dynamic,0,152,41.535280004609376
cpu,HIT,end_to_end,Q8-cpu_dynamic,0,153,41.26469400944188
cpu,HIT,end_to_end,Q8-cpu_dynamic,0,154,41.14138794830069
cpu,HIT,end_to_end,Q8-cpu_dynamic,0,155,41.618943971116096
cpu,HIT,end_to_end,Q8-cpu_dynamic,0,156,41.36633896268904
cpu,HIT,end_to_end,Q8-cpu_dynamic,0,157,41.38381703523919
cpu,HIT,end_to_end,Q8-cpu_dynamic,0,158,40.7374199712649
cpu,HIT,end_to_end,Q8-cpu_dynamic,0,159,40.51881900522858
cpu,HIT,end_to_end,Q8-cpu_dynamic,0,160,41.04741499759257
cpu,HIT,end_to_end,Q8-cpu_dynamic,0,161,40.91987101128325
cpu,HIT,end_to_end,Q8-cpu_dynamic,0,162,41.37079097563401
cpu,HIT,end_to_end,Q8-cpu_dynamic,0,163,41.336637979839
cpu,HIT,end_to_end,Q8-cpu_dynamic,0,164,41.91281402017921
cpu,HIT,end_to_end,Q8-cpu_dynamic,0,165,42.58919198764488
cpu,HIT,end_to_end,Q8-cpu_dynamic,0,166,41.388514975551516
cpu,HIT,end_to_end,Q8-cpu_dynamic,0,167,41.38951504137367
cpu,HIT,end_to_end,Q8-cpu_dynamic,0,168,40.91108503052965
cpu,HIT,end_to_end,Q8-cpu_dynamic,0,169,41.30684299161658
cpu,HIT,end_to_end,Q8-cpu_dynamic,0,170,41.20976198464632
cpu,HIT,end_to_end,Q8-cpu_dynamic,0,171,40.649675007443875
cpu,HIT,end_to_end,Q8-cpu_dynamic,0,172,40.890180971473455
cpu,HIT,end_to_end,Q8-cpu_dynamic,0,173,40.73214496020228
cpu,HIT,end_to_end,Q8-cpu_dynamic,0,174,41.19051503948867
cpu,HIT,end_to_end,Q8-cpu_dynamic,0,175,41.594788955990225
cpu,HIT,end_to_end,Q8-cpu_dynamic,0,176,41.02767299627885
cpu,HIT,end_to_end,Q8-cpu_dynamic,0,177,41.57671198481694
cpu,HIT,end_to_end,Q8-cpu_dynamic,0,178,41.37989296577871
cpu,HIT,end_to_end,Q8-cpu_dynamic,0,179,41.39877500711009
cpu,HIT,end_to_end,Q8-cpu_dynamic,0,180,40.81120900809765
cpu,HIT,end_to_end,Q8-cpu_dynamic,0,181,40.79697601264343
cpu,HIT,end_to_end,Q8-cpu_dynamic,0,182,41.691744001582265
cpu,HIT,end_to_end,Q8-cpu_dynamic,0,183,41.383394971489906
cpu,HIT,end_to_end,Q8-cpu_dynamic,0,184,41.68049799045548
cpu,HIT,end_to_end,Q8-cpu_dynamic,0,185,41.430675017181784
cpu,HIT,end_to_end,Q8-cpu_dynamic,0,186,67.75115901837125
cpu,HIT,end_to_end,Q8-cpu_dynamic,0,187,41.320961026940495
cpu,HIT,end_to_end,Q8-cpu_dynamic,0,188,41.32516402751207
cpu,HIT,end_to_end,Q8-cpu_dynamic,0,189,41.79246799321845
cpu,HIT,end_to_end,Q8-cpu_dynamic,0,190,41.44881997490302
cpu,HIT,end_to_end,Q8-cpu_dynamic,0,191,41.457217012066394
cpu,HIT,end_to_end,Q8-cpu_dynamic,0,192,41.41362302470952
cpu,HIT,end_to_end,Q8-cpu_dynamic,0,193,41.298126976471394
cpu,HIT,end_to_end,Q8-cpu_dynamic,0,194,41.24320502160117
cpu,HIT,end_to_end,Q8-cpu_dynamic,0,195,41.35181102901697
cpu,HIT,end_to_end,Q8-cpu_dynamic,0,196,41.367217956576496
cpu,HIT,end_to_end,Q8-cpu_dynamic,0,197,41.32971802027896
cpu,HIT,end_to_end,Q8-cpu_dynamic,0,198,41.36572603601962
cpu,HIT,end_to_end,Q8-cpu_dynamic,0,199,42.199592979159206
cpu,HIT,end_to_end,Q8-cpu_dynamic,0,200,41.568845976144075
cpu,HIT,end_to_end,Q8-cpu_dynamic,0,201,40.90177500620484
cpu,HIT,end_to_end,Q8-cpu_dynamic,0,202,41.35883797425777
cpu,HIT,end_to_end,Q8-cpu_dynamic,0,203,41.13408300327137
cpu,HIT,end_to_end,Q8-cpu_dynamic,0,204,41.148679971229285
cpu,HIT,end_to_end,Q8-cpu_dynamic,0,205,41.76977300085127
cpu,HIT,end_to_end,Q8-cpu_dynamic,0,206,41.74410301493481
cpu,HIT,end_to_end,Q8-cpu_dynamic,0,207,41.150385979563
cpu,HIT,end_to_end,Q8-cpu_dynamic,0,208,41.74367297673598
cpu,HIT,end_to_end,Q8-cpu_dynamic,0,209,41.63259599590674
cpu,HIT,end_to_end,Q8-cpu_dynamic,0,210,41.16932599572465
cpu,HIT,end_to_end,Q8-cpu_dynamic,0,211,41.17342398967594
cpu,HIT,end_to_end,Q8-cpu_dynamic,0,212,41.52427503140643
cpu,HIT,end_to_end,Q8-cpu_dynamic,0,213,42.058143008034676
cpu,HIT,end_to_end,Q8-cpu_dynamic,0,214,41.13463201792911
cpu,HIT,end_to_end,Q8-cpu_dynamic,0,215,41.52061999775469
cpu,HIT,end_to_end,Q8-cpu_dynamic,0,216,41.741517023183405
cpu,HIT,end_to_end,Q8-cpu_dynamic,0,217,41.26069898484275
cpu,HIT,end_to_end,Q8-cpu_dynamic,0,218,41.532205999828875
cpu,HIT,end_to_end,Q8-cpu_dynamic,0,219,41.37540597002953
cpu,HIT,end_to_end,Q8-cpu_dynamic,0,220,41.145729017443955
cpu,HIT,end_to_end,Q8-cpu_dynamic,0,221,41.10132099594921
cpu,HIT,end_to_end,Q8-cpu_dynamic,0,222,41.06270399643108
cpu,HIT,end_to_end,Q8-cpu_dynamic,0,223,40.90879496652633
cpu,HIT,end_to_end,Q8-cpu_dynamic,0,224,41.44322295906022
cpu,HIT,end_to_end,Q8-cpu_dynamic,0,225,41.38228198280558
cpu,HIT,end_to_end,Q8-cpu_dynamic,0,226,40.25686997920275
cpu,HIT,end_to_end,Q8-cpu_dynamic,0,227,41.41097899992019
cpu,HIT,end_to_end,Q8-cpu_dynamic,0,228,40.632046991959214
cpu,HIT,end_to_end,Q8-cpu_dynamic,0,229,40.47489899676293
cpu,HIT,end_to_end,Q8-cpu_dynamic,0,230,41.051739011891186
cpu,HIT,end_to_end,Q8-cpu_dynamic,0,231,41.227022011298686
cpu,HIT,end_to_end,Q8-cpu_dynamic,0,232,41.83913499582559
cpu,HIT,end_to_end,Q8-cpu_dynamic,0,233,40.68296396872029
cpu,HIT,end_to_end,Q8-cpu_dynamic,0,234,41.52473999420181
cpu,HIT,end_to_end,Q8-cpu_dynamic,0,235,41.10547504387796
cpu,HIT,end_to_end,Q8-cpu_dynamic,0,236,40.33562197582796
cpu,HIT,end_to_end,Q8-cpu_dynamic,0,237,40.96809803741053
cpu,HIT,end_to_end,Q8-cpu_dynamic,0,238,41.44408699357882
cpu,HIT,end_to_end,Q8-cpu_dynamic,0,239,41.57365905120969
cpu,HIT,end_to_end,Q8-cpu_dynamic,0,240,41.69910401105881
cpu,HIT,end_to_end,Q8-cpu_dynamic,0,241,40.972821007017046
cpu,HIT,end_to_end,Q8-cpu_dynamic,0,242,41.14345199195668
cpu,HIT,end_to_end,Q8-cpu_dynamic,0,243,41.08981596073136
cpu,HIT,end_to_end,Q8-cpu_dynamic,0,244,40.89611698873341
cpu,HIT,end_to_end,Q8-cpu_dynamic,0,245,41.41263698693365
cpu,HIT,end_to_end,Q8-cpu_dynamic,0,246,41.25460598152131
cpu,HIT,end_to_end,Q8-cpu_dynamic,0,247,41.85315198265016
cpu,HIT,end_to_end,Q8-cpu_dynamic,0,248,41.52121295919642
cpu,HIT,end_to_end,Q8-cpu_dynamic,0,249,41.36688500875607
cpu,HIT,end_to_end,Q8-cpu_dynamic,1,0,40.45688401674852
cpu,HIT,end_to_end,Q8-cpu_dynamic,1,1,40.525772026740015
cpu,HIT,end_to_end,Q8-cpu_dynamic,1,2,40.645116998348385
cpu,HIT,end_to_end,Q8-cpu_dynamic,1,3,41.596235998440534
cpu,HIT,end_to_end,Q8-cpu_dynamic,1,4,40.40998994605616
cpu,HIT,end_to_end,Q8-cpu_dynamic,1,5,41.13285295898095
cpu,HIT,end_to_end,Q8-cpu_dynamic,1,6,41.8238959973678
cpu,HIT,end_to_end,Q8-cpu_dynamic,1,7,41.26224003266543
cpu,HIT,end_to_end,Q8-cpu_dynamic,1,8,41.390797996427864
cpu,HIT,end_to_end,Q8-cpu_dynamic,1,9,41.39030602527782
cpu,HIT,end_to_end,Q8-cpu_dynamic,1,10,41.280730976723135
cpu,HIT,end_to_end,Q8-cpu_dynamic,1,11,41.975503030698746
cpu,HIT,end_to_end,Q8-cpu_dynamic,1,12,40.69545300444588
cpu,HIT,end_to_end,Q8-cpu_dynamic,1,13,40.905981964897364
cpu,HIT,end_to_end,Q8-cpu_dynamic,1,14,40.931686002295464
cpu,HIT,end_to_end,Q8-cpu_dynamic,1,15,40.865895978640765
cpu,HIT,end_to_end,Q8-cpu_dynamic,1,16,40.94012500718236
cpu,HIT,end_to_end,Q8-cpu_dynamic,1,17,40.41123599745333
cpu,HIT,end_to_end,Q8-cpu_dynamic,1,18,40.96107598161325
cpu,HIT,end_to_end,Q8-cpu_dynamic,1,19,40.774188993964344
cpu,HIT,end_to_end,Q8-cpu_dynamic,1,20,40.29481299221516
cpu,HIT,end_to_end,Q8-cpu_dynamic,1,21,40.86130199721083
cpu,HIT,end_to_end,Q8-cpu_dynamic,1,22,40.766351972706616
cpu,HIT,end_to_end,Q8-cpu_dynamic,1,23,41.07118200045079
cpu,HIT,end_to_end,Q8-cpu_dynamic,1,24,40.85689602652565
cpu,HIT,end_to_end,Q8-cpu_dynamic,1,25,40.715922019444406
cpu,HIT,end_to_end,Q8-cpu_dynamic,1,26,41.62376798922196
cpu,HIT,end_to_end,Q8-cpu_dynamic,1,27,40.751037013251334
cpu,HIT,end_to_end,Q8-cpu_dynamic,1,28,40.530533995479345
cpu,HIT,end_to_end,Q8-cpu_dynamic,1,29,41.07280797325075
cpu,HIT,end_to_end,Q8-cpu_dynamic,1,30,40.76864797389135
cpu,HIT,end_to_end,Q8-cpu_dynamic,1,31,41.97906400077045
cpu,HIT,end_to_end,Q8-cpu_dynamic,1,32,41.287915024440736
cpu,HIT,end_to_end,Q8-cpu_dynamic,1,33,41.82433197274804
cpu,HIT,end_to_end,Q8-cpu_dynamic,1,34,41.396157001145184
cpu,HIT,end_to_end,Q8-cpu_dynamic,1,35,41.8879310018383
cpu,HIT,end_to_end,Q8-cpu_dynamic,1,36,40.852074045687914
cpu,HIT,end_to_end,Q8-cpu_dynamic,1,37,41.43976903287694
cpu,HIT,end_to_end,Q8-cpu_dynamic,1,38,40.83774599712342
cpu,HIT,end_to_end,Q8-cpu_dynamic,1,39,41.67381301522255
cpu,HIT,end_to_end,Q8-cpu_dynamic,1,40,41.321053984574974
cpu,HIT,end_to_end,Q8-cpu_dynamic,1,41,40.92275397852063
cpu,HIT,end_to_end,Q8-cpu_dynamic,1,42,41.35248501552269
cpu,HIT,end_to_end,Q8-cpu_dynamic,1,43,41.411485988646746
cpu,HIT,end_to_end,Q8-cpu_dynamic,1,44,40.40903697023168
cpu,HIT,end_to_end,Q8-cpu_dynamic,1,45,42.02971898484975
cpu,HIT,end_to_end,Q8-cpu_dynamic,1,46,42.41922602523118
cpu,HIT,end_to_end,Q8-cpu_dynamic,1,47,41.46940400823951
cpu,HIT,end_to_end,Q8-cpu_dynamic,1,48,41.31572297774255
cpu,HIT,end_to_end,Q8-cpu_dynamic,1,49,41.25419200863689
cpu,HIT,end_to_end,Q8-cpu_dynamic,1,50,41.47238895529881
cpu,HIT,end_to_end,Q8-cpu_dynamic,1,51,41.79802199359983
cpu,HIT,end_to_end,Q8-cpu_dynamic,1,52,42.5179930170998
cpu,HIT,end_to_end,Q8-cpu_dynamic,1,53,42.17861400684342
cpu,HIT,end_to_end,Q8-cpu_dynamic,1,54,41.044301993679255
cpu,HIT,end_to_end,Q8-cpu_dynamic,1,55,41.87955503584817
cpu,HIT,end_to_end,Q8-cpu_dynamic,1,56,41.7565600364469
cpu,HIT,end_to_end,Q8-cpu_dynamic,1,57,40.82161595579237
cpu,HIT,end_to_end,Q8-cpu_dynamic,1,58,40.65581498434767
cpu,HIT,end_to_end,Q8-cpu_dynamic,1,59,41.21785401366651
cpu,HIT,end_to_end,Q8-cpu_dynamic,1,60,41.64322797441855
cpu,HIT,end_to_end,Q8-cpu_dynamic,1,61,40.76493298634887
cpu,HIT,end_to_end,Q8-cpu_dynamic,1,62,40.919371007476
cpu,HIT,end_to_end,Q8-cpu_dynamic,1,63,40.80868297023699
cpu,HIT,end_to_end,Q8-cpu_dynamic,1,64,40.33411404816434
cpu,HIT,end_to_end,Q8-cpu_dynamic,1,65,40.89996399125084
cpu,HIT,end_to_end,Q8-cpu_dynamic,1,66,41.32051795022562
cpu,HIT,end_to_end,Q8-cpu_dynamic,1,67,41.226684988942
cpu,HIT,end_to_end,Q8-cpu_dynamic,1,68,41.27520899055526
cpu,HIT,end_to_end,Q8-cpu_dynamic,1,69,41.33381199790165
cpu,HIT,end_to_end,Q8-cpu_dynamic,1,70,41.40142898540944
cpu,HIT,end_to_end,Q8-cpu_dynamic,1,71,41.29928699694574
cpu,HIT,end_to_end,Q8-cpu_dynamic,1,72,41.63453698856756
cpu,HIT,end_to_end,Q8-cpu_dynamic,1,73,41.28954198677093
cpu,HIT,end_to_end,Q8-cpu_dynamic,1,74,41.32973705418408
cpu,HIT,end_to_end,Q8-cpu_dynamic,1,75,41.877188021317124
cpu,HIT,end_to_end,Q8-cpu_dynamic,1,76,41.02163895731792
cpu,HIT,end_to_end,Q8-cpu_dynamic,1,77,41.3151360116899
cpu,HIT,end_to_end,Q8-cpu_dynamic,1,78,41.38085001613945
cpu,HIT,end_to_end,Q8-cpu_dynamic,1,79,41.42256797058508
cpu,HIT,end_to_end,Q8-cpu_dynamic,1,80,41.42131400294602
cpu,HIT,end_to_end,Q8-cpu_dynamic,1,81,41.229921975173056
cpu,HIT,end_to_end,Q8-cpu_dynamic,1,82,41.429961973335594
cpu,HIT,end_to_end,Q8-cpu_dynamic,1,83,41.75347002455965
cpu,HIT,end_to_end,Q8-cpu_dynamic,1,84,41.43635195214301
cpu,HIT,end_to_end,Q8-cpu_dynamic,1,85,41.23370401794091
cpu,HIT,end_to_end,Q8-cpu_dynamic,1,86,40.72168096899986
cpu,HIT,end_to_end,Q8-cpu_dynamic,1,87,40.96786701120436
cpu,HIT,end_to_end,Q8-cpu_dynamic,1,88,41.79846798069775
cpu,HIT,end_to_end,Q8-cpu_dynamic,1,89,41.065338999032974
cpu,HIT,end_to_end,Q8-cpu_dynamic,1,90,42.11894696345553
cpu,HIT,end_to_end,Q8-cpu_dynamic,1,91,40.28328001732007
cpu,HIT,end_to_end,Q8-cpu_dynamic,1,92,40.85026599932462
cpu,HIT,end_to_end,Q8-cpu_dynamic,1,93,41.672636987641454
cpu,HIT,end_to_end,Q8-cpu_dynamic,1,94,40.798337024170905
cpu,HIT,end_to_end,Q8-cpu_dynamic,1,95,40.60967901023105
cpu,HIT,end_to_end,Q8-cpu_dynamic,1,96,41.71732999384403
cpu,HIT,end_to_end,Q8-cpu_dynamic,1,97,41.12229397287592
cpu,HIT,end_to_end,Q8-cpu_dynamic,1,98,41.95352701935917
cpu,HIT,end_to_end,Q8-cpu_dynamic,1,99,41.587827960029244
cpu,HIT,end_to_end,Q8-cpu_dynamic,1,100,41.05059598805383
cpu,HIT,end_to_end,Q8-cpu_dynamic,1,101,41.31410800619051
cpu,HIT,end_to_end,Q8-cpu_dynamic,1,102,41.34142503608018
cpu,HIT,end_to_end,Q8-cpu_dynamic,1,103,40.96921597374603
cpu,HIT,end_to_end,Q8-cpu_dynamic,1,104,41.639908973593265
cpu,HIT,end_to_end,Q8-cpu_dynamic,1,105,41.6310079745017
cpu,HIT,end_to_end,Q8-cpu_dynamic,1,106,40.88873998261988
cpu,HIT,end_to_end,Q8-cpu_dynamic,1,107,41.331435029860586
cpu,HIT,end_to_end,Q8-cpu_dynamic,1,108,41.93288995884359
cpu,HIT,end_to_end,Q8-cpu_dynamic,1,109,41.4907070226036
cpu,HIT,end_to_end,Q8-cpu_dynamic,1,110,41.16611304925755
cpu,HIT,end_to_end,Q8-cpu_dynamic,1,111,41.359440016094595
cpu,HIT,end_to_end,Q8-cpu_dynamic,1,112,40.69139895727858
cpu,HIT,end_to_end,Q8-cpu_dynamic,1,113,40.9771500271745
cpu,HIT,end_to_end,Q8-cpu_dynamic,1,114,42.013035039417446
cpu,HIT,end_to_end,Q8-cpu_dynamic,1,115,41.53130098711699
cpu,HIT,end_to_end,Q8-cpu_dynamic,1,116,41.00318095879629
cpu,HIT,end_to_end,Q8-cpu_dynamic,1,117,41.27764800796285
cpu,HIT,end_to_end,Q8-cpu_dynamic,1,118,41.349478997290134
cpu,HIT,end_to_end,Q8-cpu_dynamic,1,119,40.670141053851694
cpu,HIT,end_to_end,Q8-cpu_dynamic,1,120,41.02993896231055
cpu,HIT,end_to_end,Q8-cpu_dynamic,1,121,40.709914988838136
cpu,HIT,end_to_end,Q8-cpu_dynamic,1,122,40.96954897977412
cpu,HIT,end_to_end,Q8-cpu_dynamic,1,123,40.869218995794654
cpu,HIT,end_to_end,Q8-cpu_dynamic,1,124,40.49356799805537
cpu,HIT,end_to_end,Q8-cpu_dynamic,1,125,41.00494901649654
cpu,HIT,end_to_end,Q8-cpu_dynamic,1,126,40.44418496778235
cpu,HIT,end_to_end,Q8-cpu_dynamic,1,127,40.82617594394833
cpu,HIT,end_to_end,Q8-cpu_dynamic,1,128,41.57723602838814
cpu,HIT,end_to_end,Q8-cpu_dynamic,1,129,41.45209799753502
cpu,HIT,end_to_end,Q8-cpu_dynamic,1,130,41.33427800843492
cpu,HIT,end_to_end,Q8-cpu_dynamic,1,131,41.68653301894665
cpu,HIT,end_to_end,Q8-cpu_dynamic,1,132,40.88757198769599
cpu,HIT,end_to_end,Q8-cpu_dynamic,1,133,41.994593979325145
cpu,HIT,end_to_end,Q8-cpu_dynamic,1,134,41.40811803517863
cpu,HIT,end_to_end,Q8-cpu_dynamic,1,135,41.38240800239146
cpu,HIT,end_to_end,Q8-cpu_dynamic,1,136,40.7522390014492
cpu,HIT,end_to_end,Q8-cpu_dynamic,1,137,41.054361034184694
cpu,HIT,end_to_end,Q8-cpu_dynamic,1,138,41.00596997886896
cpu,HIT,end_to_end,Q8-cpu_dynamic,1,139,41.414363018702716
cpu,HIT,end_to_end,Q8-cpu_dynamic,1,140,41.423132992349565
cpu,HIT,end_to_end,Q8-cpu_dynamic,1,141,41.36789101175964
cpu,HIT,end_to_end,Q8-cpu_dynamic,1,142,40.72874301346019
cpu,HIT,end_to_end,Q8-cpu_dynamic,1,143,40.507798024918884
cpu,HIT,end_to_end,Q8-cpu_dynamic,1,144,41.083710035309196
cpu,HIT,end_to_end,Q8-cpu_dynamic,1,145,40.940869017504156
cpu,HIT,end_to_end,Q8-cpu_dynamic,1,146,41.84912802884355
cpu,HIT,end_to_end,Q8-cpu_dynamic,1,147,41.24378599226475
cpu,HIT,end_to_end,Q8-cpu_dynamic,1,148,41.45885299658403
cpu,HIT,end_to_end,Q8-cpu_dynamic,1,149,40.87041399907321
cpu,HIT,end_to_end,Q8-cpu_dynamic,1,150,40.46439699595794
cpu,HIT,end_to_end,Q8-cpu_dynamic,1,151,40.97310401266441
cpu,HIT,end_to_end,Q8-cpu_dynamic,1,152,41.8896249611862
cpu,HIT,end_to_end,Q8-cpu_dynamic,1,153,40.98330897977576
cpu,HIT,end_to_end,Q8-cpu_dynamic,1,154,41.26534302486107
cpu,HIT,end_to_end,Q8-cpu_dynamic,1,155,41.337773960549384
cpu,HIT,end_to_end,Q8-cpu_dynamic,1,156,41.19767900556326
cpu,HIT,end_to_end,Q8-cpu_dynamic,1,157,41.81172698736191
cpu,HIT,end_to_end,Q8-cpu_dynamic,1,158,40.03059398382902
cpu,HIT,end_to_end,Q8-cpu_dynamic,1,159,40.55756202433258
cpu,HIT,end_to_end,Q8-cpu_dynamic,1,160,40.93579400796443
cpu,HIT,end_to_end,Q8-cpu_dynamic,1,161,41.29135102266446
cpu,HIT,end_to_end,Q8-cpu_dynamic,1,162,41.22388601535931
cpu,HIT,end_to_end,Q8-cpu_dynamic,1,163,41.683788993395865
cpu,HIT,end_to_end,Q8-cpu_dynamic,1,164,41.501389001496136
cpu,HIT,end_to_end,Q8-cpu_dynamic,1,165,40.83212197292596
cpu,HIT,end_to_end,Q8-cpu_dynamic,1,166,41.07890202431008
cpu,HIT,end_to_end,Q8-cpu_dynamic,1,167,40.88940896326676
cpu,HIT,end_to_end,Q8-cpu_dynamic,1,168,41.355875961016864
cpu,HIT,end_to_end,Q8-cpu_dynamic,1,169,40.73028499260545
cpu,HIT,end_to_end,Q8-cpu_dynamic,1,170,40.81823100568727
cpu,HIT,end_to_end,Q8-cpu_dynamic,1,171,41.61958902841434
cpu,HIT,end_to_end,Q8-cpu_dynamic,1,172,40.75377999106422
cpu,HIT,end_to_end,Q8-cpu_dynamic,1,173,40.689143002964556
cpu,HIT,end_to_end,Q8-cpu_dynamic,1,174,41.661010996904224
cpu,HIT,end_to_end,Q8-cpu_dynamic,1,175,41.3367900182493
cpu,HIT,end_to_end,Q8-cpu_dynamic,1,176,40.834051033016294
cpu,HIT,end_to_end,Q8-cpu_dynamic,1,177,41.372164036147296
cpu,HIT,end_to_end,Q8-cpu_dynamic,1,178,40.63406999921426
cpu,HIT,end_to_end,Q8-cpu_dynamic,1,179,41.94247699342668
cpu,HIT,end_to_end,Q8-cpu_dynamic,1,180,42.06988698570058
cpu,HIT,end_to_end,Q8-cpu_dynamic,1,181,42.73592302342877
cpu,HIT,end_to_end,Q8-cpu_dynamic,1,182,42.35203500138596
cpu,HIT,end_to_end,Q8-cpu_dynamic,1,183,41.01478698430583
cpu,HIT,end_to_end,Q8-cpu_dynamic,1,184,41.438532003667206
cpu,HIT,end_to_end,Q8-cpu_dynamic,1,185,41.41259496100247
cpu,HIT,end_to_end,Q8-cpu_dynamic,1,186,40.96832999493927
cpu,HIT,end_to_end,Q8-cpu_dynamic,1,187,41.78608499933034
cpu,HIT,end_to_end,Q8-cpu_dynamic,1,188,40.71386397117749
cpu,HIT,end_to_end,Q8-cpu_dynamic,1,189,40.88239301927388
cpu,HIT,end_to_end,Q8-cpu_dynamic,1,190,41.3538150023669
cpu,HIT,end_to_end,Q8-cpu_dynamic,1,191,41.02925898041576
cpu,HIT,end_to_end,Q8-cpu_dynamic,1,192,41.60901898285374
cpu,HIT,end_to_end,Q8-cpu_dynamic,1,193,41.2629849743098
cpu,HIT,end_to_end,Q8-cpu_dynamic,1,194,40.91750900261104
cpu,HIT,end_to_end,Q8-cpu_dynamic,1,195,41.28157696686685
cpu,HIT,end_to_end,Q8-cpu_dynamic,1,196,40.89448798913509
cpu,HIT,end_to_end,Q8-cpu_dynamic,1,197,41.29381699021906
cpu,HIT,end_to_end,Q8-cpu_dynamic,1,198,42.31418401468545
cpu,HIT,end_to_end,Q8-cpu_dynamic,1,199,41.302562050987035
cpu,HIT,end_to_end,Q8-cpu_dynamic,1,200,41.205389017704874
cpu,HIT,end_to_end,Q8-cpu_dynamic,1,201,41.53364402009174
cpu,HIT,end_to_end,Q8-cpu_dynamic,1,202,41.60275898175314
cpu,HIT,end_to_end,Q8-cpu_dynamic,1,203,40.828022989444435
cpu,HIT,end_to_end,Q8-cpu_dynamic,1,204,41.06273205252364
cpu,HIT,end_to_end,Q8-cpu_dynamic,1,205,40.57781700976193
cpu,HIT,end_to_end,Q8-cpu_dynamic,1,206,41.00760002620518
cpu,HIT,end_to_end,Q8-cpu_dynamic,1,207,41.30153002915904
cpu,HIT,end_to_end,Q8-cpu_dynamic,1,208,40.7073269598186
cpu,HIT,end_to_end,Q8-cpu_dynamic,1,209,41.41763399820775
cpu,HIT,end_to_end,Q8-cpu_dynamic,1,210,41.497492988128215
cpu,HIT,end_to_end,Q8-cpu_dynamic,1,211,41.565081977751106
cpu,HIT,end_to_end,Q8-cpu_dynamic,1,212,41.32470698095858
cpu,HIT,end_to_end,Q8-cpu_dynamic,1,213,41.35715903248638
cpu,HIT,end_to_end,Q8-cpu_dynamic,1,214,41.024792997632176
cpu,HIT,end_to_end,Q8-cpu_dynamic,1,215,41.10681900056079
cpu,HIT,end_to_end,Q8-cpu_dynamic,1,216,41.18008801015094
cpu,HIT,end_to_end,Q8-cpu_dynamic,1,217,41.24950402183458
cpu,HIT,end_to_end,Q8-cpu_dynamic,1,218,41.407453012652695
cpu,HIT,end_to_end,Q8-cpu_dynamic,1,219,41.414224018808454
cpu,HIT,end_to_end,Q8-cpu_dynamic,1,220,40.70562496781349
cpu,HIT,end_to_end,Q8-cpu_dynamic,1,221,40.6018509529531
cpu,HIT,end_to_end,Q8-cpu_dynamic,1,222,40.360632992815226
cpu,HIT,end_to_end,Q8-cpu_dynamic,1,223,40.466320991981775
cpu,HIT,end_to_end,Q8-cpu_dynamic,1,224,41.0666840034537
cpu,HIT,end_to_end,Q8-cpu_dynamic,1,225,41.85387201141566
cpu,HIT,end_to_end,Q8-cpu_dynamic,1,226,41.190879011992365
cpu,HIT,end_to_end,Q8-cpu_dynamic,1,227,40.79007403925061
cpu,HIT,end_to_end,Q8-cpu_dynamic,1,228,40.6244529876858
cpu,HIT,end_to_end,Q8-cpu_dynamic,1,229,41.79451102390885
cpu,HIT,end_to_end,Q8-cpu_dynamic,1,230,41.95207596058026
cpu,HIT,end_to_end,Q8-cpu_dynamic,1,231,41.32196196587756
cpu,HIT,end_to_end,Q8-cpu_dynamic,1,232,40.89199099689722
cpu,HIT,end_to_end,Q8-cpu_dynamic,1,233,41.07336699962616
cpu,HIT,end_to_end,Q8-cpu_dynamic,1,234,41.17616399889812
cpu,HIT,end_to_end,Q8-cpu_dynamic,1,235,41.24207398854196
cpu,HIT,end_to_end,Q8-cpu_dynamic,1,236,41.58240498509258
cpu,HIT,end_to_end,Q8-cpu_dynamic,1,237,41.340939002111554
cpu,HIT,end_to_end,Q8-cpu_dynamic,1,238,40.79131898470223
cpu,HIT,end_to_end,Q8-cpu_dynamic,1,239,41.03360301814973
cpu,HIT,end_to_end,Q8-cpu_dynamic,1,240,40.920638013631105
cpu,HIT,end_to_end,Q8-cpu_dynamic,1,241,41.897090966813266
cpu,HIT,end_to_end,Q8-cpu_dynamic,1,242,41.41629597870633
cpu,HIT,end_to_end,Q8-cpu_dynamic,1,243,41.237514000386
cpu,HIT,end_to_end,Q8-cpu_dynamic,1,244,41.390959988348186
cpu,HIT,end_to_end,Q8-cpu_dynamic,1,245,41.18357499828562
cpu,HIT,end_to_end,Q8-cpu_dynamic,1,246,41.544279956724495
cpu,HIT,end_to_end,Q8-cpu_dynamic,1,247,41.74855799647048
cpu,HIT,end_to_end,Q8-cpu_dynamic,1,248,41.47905099671334
cpu,HIT,end_to_end,Q8-cpu_dynamic,1,249,41.28097102511674
cpu,HIT,end_to_end,K1-FP32,1,0,44.061696040444076
cpu,HIT,end_to_end,K1-FP32,1,1,44.46836898569018
cpu,HIT,end_to_end,K1-FP32,1,2,44.22692599473521
cpu,HIT,end_to_end,K1-FP32,1,3,44.42935000406578
cpu,HIT,end_to_end,K1-FP32,1,4,44.52731797937304
cpu,HIT,end_to_end,K1-FP32,1,5,44.37597404466942
cpu,HIT,end_to_end,K1-FP32,1,6,46.23709397856146
cpu,HIT,end_to_end,K1-FP32,1,7,44.10540801472962
cpu,HIT,end_to_end,K1-FP32,1,8,43.06267999345437
cpu,HIT,end_to_end,K1-FP32,1,9,43.26430696528405
cpu,HIT,end_to_end,K1-FP32,1,10,44.746801955625415
cpu,HIT,end_to_end,K1-FP32,1,11,44.42537797149271
cpu,HIT,end_to_end,K1-FP32,1,12,44.00414298288524
cpu,HIT,end_to_end,K1-FP32,1,13,43.59794297488406
cpu,HIT,end_to_end,K1-FP32,1,14,44.22799200983718
cpu,HIT,end_to_end,K1-FP32,1,15,44.451321999076754
cpu,HIT,end_to_end,K1-FP32,1,16,43.85990503942594
cpu,HIT,end_to_end,K1-FP32,1,17,43.6702820006758
cpu,HIT,end_to_end,K1-FP32,1,18,44.96969998581335
cpu,HIT,end_to_end,K1-FP32,1,19,43.55594899971038
cpu,HIT,end_to_end,K1-FP32,1,20,43.55614399537444
cpu,HIT,end_to_end,K1-FP32,1,21,43.77438098890707
cpu,HIT,end_to_end,K1-FP32,1,22,44.49379403376952
cpu,HIT,end_to_end,K1-FP32,1,23,44.049146003089845
cpu,HIT,end_to_end,K1-FP32,1,24,43.92701300093904
cpu,HIT,end_to_end,K1-FP32,1,25,44.81596197001636
cpu,HIT,end_to_end,K1-FP32,1,26,48.42144402209669
cpu,HIT,end_to_end,K1-FP32,1,27,46.16620799060911
cpu,HIT,end_to_end,K1-FP32,1,28,43.94087800756097
cpu,HIT,end_to_end,K1-FP32,1,29,43.8480629818514
cpu,HIT,end_to_end,K1-FP32,1,30,45.12671200791374
cpu,HIT,end_to_end,K1-FP32,1,31,44.14592799730599
cpu,HIT,end_to_end,K1-FP32,1,32,43.487198010552675
cpu,HIT,end_to_end,K1-FP32,1,33,44.297362968791276
cpu,HIT,end_to_end,K1-FP32,1,34,44.754826987627894
cpu,HIT,end_to_end,K1-FP32,1,35,43.522452004253864
cpu,HIT,end_to_end,K1-FP32,1,36,44.929247989784926
cpu,HIT,end_to_end,K1-FP32,1,37,44.067544979043305
cpu,HIT,end_to_end,K1-FP32,1,38,44.14841200923547
cpu,HIT,end_to_end,K1-FP32,1,39,43.84956299327314
cpu,HIT,end_to_end,K1-FP32,1,40,43.54618297656998
cpu,HIT,end_to_end,K1-FP32,1,41,43.80256397416815
cpu,HIT,end_to_end,K1-FP32,1,42,47.81150503549725
cpu,HIT,end_to_end,K1-FP32,1,43,60.481350985355675
cpu,HIT,end_to_end,K1-FP32,1,44,45.749367971438915
cpu,HIT,end_to_end,K1-FP32,1,45,43.46208903007209
cpu,HIT,end_to_end,K1-FP32,1,46,42.72504197433591
cpu,HIT,end_to_end,K1-FP32,1,47,43.7634369591251
cpu,HIT,end_to_end,K1-FP32,1,48,44.41024997504428
cpu,HIT,end_to_end,K1-FP32,1,49,44.1961910109967
cpu,HIT,end_to_end,K1-FP32,1,50,45.57755996938795
cpu,HIT,end_to_end,K1-FP32,1,51,44.09340396523476
cpu,HIT,end_to_end,K1-FP32,1,52,43.962841969914734
cpu,HIT,end_to_end,K1-FP32,1,53,44.87995203817263
cpu,HIT,end_to_end,K1-FP32,1,54,44.432022026740015
cpu,HIT,end_to_end,K1-FP32,1,55,43.40507404413074
cpu,HIT,end_to_end,K1-FP32,1,56,43.955269968137145
cpu,HIT,end_to_end,K1-FP32,1,57,45.30517099192366
cpu,HIT,end_to_end,K1-FP32,1,58,44.33334997156635
cpu,HIT,end_to_end,K1-FP32,1,59,47.50273399986327
cpu,HIT,end_to_end,K1-FP32,1,60,45.02218798734248
cpu,HIT,end_to_end,K1-FP32,1,61,49.738133035134524
cpu,HIT,end_to_end,K1-FP32,1,62,43.87631599092856
cpu,HIT,end_to_end,K1-FP32,1,63,44.24316302174702
cpu,HIT,end_to_end,K1-FP32,1,64,44.157323020044714
cpu,HIT,end_to_end,K1-FP32,1,65,44.24880800070241
cpu,HIT,end_to_end,K1-FP32,1,66,47.190687037073076
cpu,HIT,end_to_end,K1-FP32,1,67,45.68202601512894
cpu,HIT,end_to_end,K1-FP32,1,68,44.84189400682226
cpu,HIT,end_to_end,K1-FP32,1,69,43.823981017339975
cpu,HIT,end_to_end,K1-FP32,1,70,44.014621002133936
cpu,HIT,end_to_end,K1-FP32,1,71,45.85601604776457
cpu,HIT,end_to_end,K1-FP32,1,72,44.02104701148346
cpu,HIT,end_to_end,K1-FP32,1,73,44.51086500193924
cpu,HIT,end_to_end,K1-FP32,1,74,47.627748048398644
cpu,HIT,end_to_end,K1-FP32,1,75,44.26913702627644
cpu,HIT,end_to_end,K1-FP32,1,76,46.933442004956305
cpu,HIT,end_to_end,K1-FP32,1,77,44.17693102732301
cpu,HIT,end_to_end,K1-FP32,1,78,44.18599797645584
cpu,HIT,end_to_end,K1-FP32,1,79,44.23006495926529
cpu,HIT,end_to_end,K1-FP32,1,80,43.56161499163136
cpu,HIT,end_to_end,K1-FP32,1,81,44.46906200610101
cpu,HIT,end_to_end,K1-FP32,1,82,45.08579900721088
cpu,HIT,end_to_end,K1-FP32,1,83,44.10488100256771
cpu,HIT,end_to_end,K1-FP32,1,84,48.35901199840009
cpu,HIT,end_to_end,K1-FP32,1,85,43.44513698015362
cpu,HIT,end_to_end,K1-FP32,1,86,44.219842995516956
cpu,HIT,end_to_end,K1-FP32,1,87,44.84011000022292
cpu,HIT,end_to_end,K1-FP32,1,88,48.491015972103924
cpu,HIT,end_to_end,K1-FP32,1,89,44.43937499308959
cpu,HIT,end_to_end,K1-FP32,1,90,45.76551599893719
cpu,HIT,end_to_end,K1-FP32,1,91,43.497038015630096
cpu,HIT,end_to_end,K1-FP32,1,92,45.57361302431673
cpu,HIT,end_to_end,K1-FP32,1,93,45.558146957773715
cpu,HIT,end_to_end,K1-FP32,1,94,44.257714005652815
cpu,HIT,end_to_end,K1-FP32,1,95,46.32836097152904
cpu,HIT,end_to_end,K1-FP32,1,96,43.93096501007676
cpu,HIT,end_to_end,K1-FP32,1,97,43.58630900969729
cpu,HIT,end_to_end,K1-FP32,1,98,44.17120601283386
cpu,HIT,end_to_end,K1-FP32,1,99,44.49956101598218
cpu,HIT,end_to_end,K1-FP32,1,100,43.173255980946124
cpu,HIT,end_to_end,K1-FP32,1,101,43.03197201807052
cpu,HIT,end_to_end,K1-FP32,1,102,42.94112999923527
cpu,HIT,end_to_end,K1-FP32,1,103,42.83324896823615
cpu,HIT,end_to_end,K1-FP32,1,104,43.83538902038708
cpu,HIT,end_to_end,K1-FP32,1,105,46.22749803820625
cpu,HIT,end_to_end,K1-FP32,1,106,44.10748300142586
cpu,HIT,end_to_end,K1-FP32,1,107,46.273658983409405
cpu,HIT,end_to_end,K1-FP32,1,108,43.5840820427984
cpu,HIT,end_to_end,K1-FP32,1,109,44.2345860064961
cpu,HIT,end_to_end,K1-FP32,1,110,43.950559047516435
cpu,HIT,end_to_end,K1-FP32,1,111,44.292506005149335
cpu,HIT,end_to_end,K1-FP32,1,112,44.07173697836697
cpu,HIT,end_to_end,K1-FP32,1,113,43.83812000742182
cpu,HIT,end_to_end,K1-FP32,1,114,43.964860029518604
cpu,HIT,end_to_end,K1-FP32,1,115,43.34978200495243
cpu,HIT,end_to_end,K1-FP32,1,116,43.620590993668884
cpu,HIT,end_to_end,K1-FP32,1,117,44.59626897005364
cpu,HIT,end_to_end,K1-FP32,1,118,43.93980099121109
cpu,HIT,end_to_end,K1-FP32,1,119,44.43941201316193
cpu,HIT,end_to_end,K1-FP32,1,120,43.38396800449118
cpu,HIT,end_to_end,K1-FP32,1,121,42.75312495883554
cpu,HIT,end_to_end,K1-FP32,1,122,43.62282995134592
cpu,HIT,end_to_end,K1-FP32,1,123,44.57232297863811
cpu,HIT,end_to_end,K1-FP32,1,124,43.86034997878596
cpu,HIT,end_to_end,K1-FP32,1,125,44.44341902853921
cpu,HIT,end_to_end,K1-FP32,1,126,43.85825403733179
cpu,HIT,end_to_end,K1-FP32,1,127,43.06005605030805
cpu,HIT,end_to_end,K1-FP32,1,128,44.07941899262369
cpu,HIT,end_to_end,K1-FP32,1,129,43.270329013466835
cpu,HIT,end_to_end,K1-FP32,1,130,43.95077296067029
cpu,HIT,end_to_end,K1-FP32,1,131,43.312052031978965
cpu,HIT,end_to_end,K1-FP32,1,132,44.972807983867824
cpu,HIT,end_to_end,K1-FP32,1,133,44.86043500946835
cpu,HIT,end_to_end,K1-FP32,1,134,46.005975047592074
cpu,HIT,end_to_end,K1-FP32,1,135,44.92456797743216
cpu,HIT,end_to_end,K1-FP32,1,136,48.93181298393756
cpu,HIT,end_to_end,K1-FP32,1,137,46.15743499016389
cpu,HIT,end_to_end,K1-FP32,1,138,51.33458902128041
cpu,HIT,end_to_end,K1-FP32,1,139,44.035304978024215
cpu,HIT,end_to_end,K1-FP32,1,140,44.01282104663551
cpu,HIT,end_to_end,K1-FP32,1,141,43.45378099242225
cpu,HIT,end_to_end,K1-FP32,1,142,44.381688989233226
cpu,HIT,end_to_end,K1-FP32,1,143,43.983529962133616
cpu,HIT,end_to_end,K1-FP32,1,144,44.606052979361266
cpu,HIT,end_to_end,K1-FP32,1,145,44.60039804689586
cpu,HIT,end_to_end,K1-FP32,1,146,43.43508603051305
cpu,HIT,end_to_end,K1-FP32,1,147,43.8025810290128
cpu,HIT,end_to_end,K1-FP32,1,148,43.63606695551425
cpu,HIT,end_to_end,K1-FP32,1,149,43.52249298244715
cpu,HIT,end_to_end,K1-FP32,1,150,42.86606999812648
cpu,HIT,end_to_end,K1-FP32,1,151,43.53308002464473
cpu,HIT,end_to_end,K1-FP32,1,152,42.39445005077869
cpu,HIT,end_to_end,K1-FP32,1,153,44.992642011493444
cpu,HIT,end_to_end,K1-FP32,1,154,47.00289503671229
cpu,HIT,end_to_end,K1-FP32,1,155,44.72625203197822
cpu,HIT,end_to_end,K1-FP32,1,156,43.731085024774075
cpu,HIT,end_to_end,K1-FP32,1,157,44.62517099454999
cpu,HIT,end_to_end,K1-FP32,1,158,44.04763295315206
cpu,HIT,end_to_end,K1-FP32,1,159,44.12918398156762
cpu,HIT,end_to_end,K1-FP32,1,160,44.258196954615414
cpu,HIT,end_to_end,K1-FP32,1,161,45.45321804471314
cpu,HIT,end_to_end,K1-FP32,1,162,43.724110000766814
cpu,HIT,end_to_end,K1-FP32,1,163,44.20861095422879
cpu,HIT,end_to_end,K1-FP32,1,164,43.81097905570641
cpu,HIT,end_to_end,K1-FP32,1,165,43.182627006899565
cpu,HIT,end_to_end,K1-FP32,1,166,46.51009297231212
cpu,HIT,end_to_end,K1-FP32,1,167,43.74173900578171
cpu,HIT,end_to_end,K1-FP32,1,168,44.70207798294723
cpu,HIT,end_to_end,K1-FP32,1,169,44.3738890462555
cpu,HIT,end_to_end,K1-FP32,1,170,44.55477901501581
cpu,HIT,end_to_end,K1-FP32,1,171,45.242237974889576
cpu,HIT,end_to_end,K1-FP32,1,172,44.979465019423515
cpu,HIT,end_to_end,K1-FP32,1,173,44.3525739829056
cpu,HIT,end_to_end,K1-FP32,1,174,44.78300199843943
cpu,HIT,end_to_end,K1-FP32,1,175,44.231863983441144
cpu,HIT,end_to_end,K1-FP32,1,176,44.831634033471346
cpu,HIT,end_to_end,K1-FP32,1,177,44.46756700053811
cpu,HIT,end_to_end,K1-FP32,1,178,44.34054100420326
cpu,HIT,end_to_end,K1-FP32,1,179,44.82020001159981
cpu,HIT,end_to_end,K1-FP32,1,180,44.229616003576666
cpu,HIT,end_to_end,K1-FP32,1,181,45.06933700758964
cpu,HIT,end_to_end,K1-FP32,1,182,43.77988900523633
cpu,HIT,end_to_end,K1-FP32,1,183,46.173487964551896
cpu,HIT,end_to_end,K1-FP32,1,184,44.60593097610399
cpu,HIT,end_to_end,K1-FP32,1,185,48.41200297232717
cpu,HIT,end_to_end,K1-FP32,1,186,44.459698954597116
cpu,HIT,end_to_end,K1-FP32,1,187,43.880139011889696
cpu,HIT,end_to_end,K1-FP32,1,188,44.773306988645345
cpu,HIT,end_to_end,K1-FP32,1,189,44.97617395827547
cpu,HIT,end_to_end,K1-FP32,1,190,44.6049640304409
cpu,HIT,end_to_end,K1-FP32,1,191,43.336840986739844
cpu,HIT,end_to_end,K1-FP32,1,192,43.02597098285332
cpu,HIT,end_to_end,K1-FP32,1,193,44.32842199457809
cpu,HIT,end_to_end,K1-FP32,1,194,43.76012203283608
cpu,HIT,end_to_end,K1-FP32,1,195,43.57041005278006
cpu,HIT,end_to_end,K1-FP32,1,196,43.750759039539844
cpu,HIT,end_to_end,K1-FP32,1,197,43.035378970671445
cpu,HIT,end_to_end,K1-FP32,1,198,42.906131013296545
cpu,HIT,end_to_end,K1-FP32,1,199,43.988288030959666
cpu,HIT,end_to_end,K1-FP32,1,200,43.90666802646592
cpu,HIT,end_to_end,K1-FP32,1,201,45.5827210098505
cpu,HIT,end_to_end,K1-FP32,1,202,44.27848098566756
cpu,HIT,end_to_end,K1-FP32,1,203,43.58176200184971
cpu,HIT,end_to_end,K1-FP32,1,204,46.810674015432596
cpu,HIT,end_to_end,K1-FP32,1,205,44.38138997647911
cpu,HIT,end_to_end,K1-FP32,1,206,48.34869800833985
cpu,HIT,end_to_end,K1-FP32,1,207,43.90850104391575
cpu,HIT,end_to_end,K1-FP32,1,208,45.04647298017517
cpu,HIT,end_to_end,K1-FP32,1,209,47.526068054139614
cpu,HIT,end_to_end,K1-FP32,1,210,44.38518499955535
cpu,HIT,end_to_end,K1-FP32,1,211,44.26489898469299
cpu,HIT,end_to_end,K1-FP32,1,212,43.594352959189564
cpu,HIT,end_to_end,K1-FP32,1,213,46.10453901113942
cpu,HIT,end_to_end,K1-FP32,1,214,44.05477800173685
cpu,HIT,end_to_end,K1-FP32,1,215,43.434844992589206
cpu,HIT,end_to_end,K1-FP32,1,216,44.85634301090613
cpu,HIT,end_to_end,K1-FP32,1,217,44.427087996155024
cpu,HIT,end_to_end,K1-FP32,1,218,46.488176041748375
cpu,HIT,end_to_end,K1-FP32,1,219,44.58380397409201
cpu,HIT,end_to_end,K1-FP32,1,220,46.44822597038001
cpu,HIT,end_to_end,K1-FP32,1,221,44.16401602793485
cpu,HIT,end_to_end,K1-FP32,1,222,44.27740600658581
cpu,HIT,end_to_end,K1-FP32,1,223,43.93020196584985
cpu,HIT,end_to_end,K1-FP32,1,224,43.748361989855766
cpu,HIT,end_to_end,K1-FP32,1,225,44.461938028689474
cpu,HIT,end_to_end,K1-FP32,1,226,46.41377797815949
cpu,HIT,end_to_end,K1-FP32,1,227,44.82360603287816
cpu,HIT,end_to_end,K1-FP32,1,228,44.08179299207404
cpu,HIT,end_to_end,K1-FP32,1,229,45.04335502861068
cpu,HIT,end_to_end,K1-FP32,1,230,43.462703994009644
cpu,HIT,end_to_end,K1-FP32,1,231,44.744912011083215
cpu,HIT,end_to_end,K1-FP32,1,232,43.906311970204115
cpu,HIT,end_to_end,K1-FP32,1,233,44.35483296401799
cpu,HIT,end_to_end,K1-FP32,1,234,42.7758659934625
cpu,HIT,end_to_end,K1-FP32,1,235,43.61492599127814
cpu,HIT,end_to_end,K1-FP32,1,236,44.591950019821525
cpu,HIT,end_to_end,K1-FP32,1,237,43.354274006560445
cpu,HIT,end_to_end,K1-FP32,1,238,44.656704005319625
cpu,HIT,end_to_end,K1-FP32,1,239,45.99958099424839
cpu,HIT,end_to_end,K1-FP32,1,240,43.80231100367382
cpu,HIT,end_to_end,K1-FP32,1,241,43.69151999708265
cpu,HIT,end_to_end,K1-FP32,1,242,44.5670560002327
cpu,HIT,end_to_end,K1-FP32,1,243,44.39280403312296
cpu,HIT,end_to_end,K1-FP32,1,244,43.97722502471879
cpu,HIT,end_to_end,K1-FP32,1,245,44.06506702071056
cpu,HIT,end_to_end,K1-FP32,1,246,44.09832996316254
cpu,HIT,end_to_end,K1-FP32,1,247,43.57842495664954
cpu,HIT,end_to_end,K1-FP32,1,248,43.59521495644003
cpu,HIT,end_to_end,K1-FP32,1,249,43.709435034543276
cpu,HIT,end_to_end,K1-FP32,2,0,45.68085202481598
cpu,HIT,end_to_end,K1-FP32,2,1,44.93240703595802
cpu,HIT,end_to_end,K1-FP32,2,2,44.26207399228588
cpu,HIT,end_to_end,K1-FP32,2,3,47.15086403302848
cpu,HIT,end_to_end,K1-FP32,2,4,45.999896014109254
cpu,HIT,end_to_end,K1-FP32,2,5,44.10049202851951
cpu,HIT,end_to_end,K1-FP32,2,6,44.02579698944464
cpu,HIT,end_to_end,K1-FP32,2,7,43.925481964834034
cpu,HIT,end_to_end,K1-FP32,2,8,44.23164395848289
cpu,HIT,end_to_end,K1-FP32,2,9,47.86977096227929
cpu,HIT,end_to_end,K1-FP32,2,10,45.37878098199144
cpu,HIT,end_to_end,K1-FP32,2,11,43.68831403553486
cpu,HIT,end_to_end,K1-FP32,2,12,43.91831799875945
cpu,HIT,end_to_end,K1-FP32,2,13,44.46162097156048
cpu,HIT,end_to_end,K1-FP32,2,14,44.105107022915035
cpu,HIT,end_to_end,K1-FP32,2,15,43.69424202013761
cpu,HIT,end_to_end,K1-FP32,2,16,43.33934001624584
cpu,HIT,end_to_end,K1-FP32,2,17,43.76042197691277
cpu,HIT,end_to_end,K1-FP32,2,18,44.79359701508656
cpu,HIT,end_to_end,K1-FP32,2,19,44.052326993551105
cpu,HIT,end_to_end,K1-FP32,2,20,44.40696496749297
cpu,HIT,end_to_end,K1-FP32,2,21,45.583152037579566
cpu,HIT,end_to_end,K1-FP32,2,22,45.70348601555452
cpu,HIT,end_to_end,K1-FP32,2,23,45.009953959379345
cpu,HIT,end_to_end,K1-FP32,2,24,44.05447101453319
cpu,HIT,end_to_end,K1-FP32,2,25,44.52102002687752
cpu,HIT,end_to_end,K1-FP32,2,26,44.417463010177016
cpu,HIT,end_to_end,K1-FP32,2,27,43.97946398239583
cpu,HIT,end_to_end,K1-FP32,2,28,44.19789899839088
cpu,HIT,end_to_end,K1-FP32,2,29,44.43814296973869
cpu,HIT,end_to_end,K1-FP32,2,30,44.97071297373623
cpu,HIT,end_to_end,K1-FP32,2,31,43.93315396737307
cpu,HIT,end_to_end,K1-FP32,2,32,43.54168602731079
cpu,HIT,end_to_end,K1-FP32,2,33,43.446930998470634
cpu,HIT,end_to_end,K1-FP32,2,34,44.418969948310405
cpu,HIT,end_to_end,K1-FP32,2,35,44.45037600817159
cpu,HIT,end_to_end,K1-FP32,2,36,45.286186039447784
cpu,HIT,end_to_end,K1-FP32,2,37,45.50913401180878
cpu,HIT,end_to_end,K1-FP32,2,38,43.40877401409671
cpu,HIT,end_to_end,K1-FP32,2,39,43.37841604137793
cpu,HIT,end_to_end,K1-FP32,2,40,44.273293984588236
cpu,HIT,end_to_end,K1-FP32,2,41,44.12428702926263
cpu,HIT,end_to_end,K1-FP32,2,42,44.473077985458076
cpu,HIT,end_to_end,K1-FP32,2,43,44.13482401287183
cpu,HIT,end_to_end,K1-FP32,2,44,44.89339800784364
cpu,HIT,end_to_end,K1-FP32,2,45,46.045046008657664
cpu,HIT,end_to_end,K1-FP32,2,46,45.8215189864859
cpu,HIT,end_to_end,K1-FP32,2,47,44.81640498852357
cpu,HIT,end_to_end,K1-FP32,2,48,44.56801601918414
cpu,HIT,end_to_end,K1-FP32,2,49,44.63701701024547
cpu,HIT,end_to_end,K1-FP32,2,50,46.349028998520225
cpu,HIT,end_to_end,K1-FP32,2,51,44.39090401865542
cpu,HIT,end_to_end,K1-FP32,2,52,44.98586500994861
cpu,HIT,end_to_end,K1-FP32,2,53,43.580835044849664
cpu,HIT,end_to_end,K1-FP32,2,54,44.42200198536739
cpu,HIT,end_to_end,K1-FP32,2,55,44.063467998057604
cpu,HIT,end_to_end,K1-FP32,2,56,43.90892997616902
cpu,HIT,end_to_end,K1-FP32,2,57,43.93375100335106
cpu,HIT,end_to_end,K1-FP32,2,58,44.104681990575045
cpu,HIT,end_to_end,K1-FP32,2,59,43.55872800806537
cpu,HIT,end_to_end,K1-FP32,2,60,44.24358799587935
cpu,HIT,end_to_end,K1-FP32,2,61,43.68661600165069
cpu,HIT,end_to_end,K1-FP32,2,62,44.998766970820725
cpu,HIT,end_to_end,K1-FP32,2,63,48.12350100837648
cpu,HIT,end_to_end,K1-FP32,2,64,45.50705099245533
cpu,HIT,end_to_end,K1-FP32,2,65,45.73501000413671
cpu,HIT,end_to_end,K1-FP32,2,66,45.64559803111479
cpu,HIT,end_to_end,K1-FP32,2,67,46.39042401686311
cpu,HIT,end_to_end,K1-FP32,2,68,52.577145979739726
cpu,HIT,end_to_end,K1-FP32,2,69,50.900349975563586
cpu,HIT,end_to_end,K1-FP32,2,70,45.596043986734
cpu,HIT,end_to_end,K1-FP32,2,71,45.87081202771515
cpu,HIT,end_to_end,K1-FP32,2,72,45.548126043286175
cpu,HIT,end_to_end,K1-FP32,2,73,45.7136330078356
cpu,HIT,end_to_end,K1-FP32,2,74,43.97402500035241
cpu,HIT,end_to_end,K1-FP32,2,75,43.12876204494387
cpu,HIT,end_to_end,K1-FP32,2,76,43.37798501364887
cpu,HIT,end_to_end,K1-FP32,2,77,43.135004001669586
cpu,HIT,end_to_end,K1-FP32,2,78,45.295424992218614
cpu,HIT,end_to_end,K1-FP32,2,79,44.106843997724354
cpu,HIT,end_to_end,K1-FP32,2,80,43.53999102022499
cpu,HIT,end_to_end,K1-FP32,2,81,43.802533007692546
cpu,HIT,end_to_end,K1-FP32,2,82,43.98597398540005
cpu,HIT,end_to_end,K1-FP32,2,83,43.94542000954971
cpu,HIT,end_to_end,K1-FP32,2,84,44.144183048047125
cpu,HIT,end_to_end,K1-FP32,2,85,44.66916900128126
cpu,HIT,end_to_end,K1-FP32,2,86,48.4886200283654
cpu,HIT,end_to_end,K1-FP32,2,87,47.82248800620437
cpu,HIT,end_to_end,K1-FP32,2,88,44.52966299140826
cpu,HIT,end_to_end,K1-FP32,2,89,44.16193801444024
cpu,HIT,end_to_end,K1-FP32,2,90,44.842677016276866
cpu,HIT,end_to_end,K1-FP32,2,91,48.5082310042344
cpu,HIT,end_to_end,K1-FP32,2,92,44.782763987313956
cpu,HIT,end_to_end,K1-FP32,2,93,43.924572004470974
cpu,HIT,end_to_end,K1-FP32,2,94,43.90814801445231
cpu,HIT,end_to_end,K1-FP32,2,95,43.82100503426045
cpu,HIT,end_to_end,K1-FP32,2,96,44.124906009528786
cpu,HIT,end_to_end,K1-FP32,2,97,43.744003982283175
cpu,HIT,end_to_end,K1-FP32,2,98,44.675064040347934
cpu,HIT,end_to_end,K1-FP32,2,99,49.01258600875735
cpu,HIT,end_to_end,K1-FP32,2,100,53.17784799262881
cpu,HIT,end_to_end,K1-FP32,2,101,44.24364201258868
cpu,HIT,end_to_end,K1-FP32,2,102,43.180486012715846
cpu,HIT,end_to_end,K1-FP32,2,103,43.934323999565095
cpu,HIT,end_to_end,K1-FP32,2,104,46.60474497359246
cpu,HIT,end_to_end,K1-FP32,2,105,43.99680404458195
cpu,HIT,end_to_end,K1-FP32,2,106,44.066836999263614
cpu,HIT,end_to_end,K1-FP32,2,107,43.16016798838973
cpu,HIT,end_to_end,K1-FP32,2,108,48.231870983727276
cpu,HIT,end_to_end,K1-FP32,2,109,46.655851998366416
cpu,HIT,end_to_end,K1-FP32,2,110,44.26944098668173
cpu,HIT,end_to_end,K1-FP32,2,111,43.05851401295513
cpu,HIT,end_to_end,K1-FP32,2,112,45.76081898994744
cpu,HIT,end_to_end,K1-FP32,2,113,46.352345030754805
cpu,HIT,end_to_end,K1-FP32,2,114,43.2851979858242
cpu,HIT,end_to_end,K1-FP32,2,115,43.74042805284262
cpu,HIT,end_to_end,K1-FP32,2,116,44.12998503539711
cpu,HIT,end_to_end,K1-FP32,2,117,42.99446300137788
cpu,HIT,end_to_end,K1-FP32,2,118,44.13671902148053
cpu,HIT,end_to_end,K1-FP32,2,119,42.8042319836095
cpu,HIT,end_to_end,K1-FP32,2,120,44.01992302155122
cpu,HIT,end_to_end,K1-FP32,2,121,44.004256022162735
cpu,HIT,end_to_end,K1-FP32,2,122,43.654608016368
cpu,HIT,end_to_end,K1-FP32,2,123,43.76075498294085
cpu,HIT,end_to_end,K1-FP32,2,124,43.58699900330976
cpu,HIT,end_to_end,K1-FP32,2,125,44.67388801276684
cpu,HIT,end_to_end,K1-FP32,2,126,42.948128015268594
cpu,HIT,end_to_end,K1-FP32,2,127,44.419171987101436
cpu,HIT,end_to_end,K1-FP32,2,128,43.55267598293722
cpu,HIT,end_to_end,K1-FP32,2,129,43.66863699397072
cpu,HIT,end_to_end,K1-FP32,2,130,43.822754989378154
cpu,HIT,end_to_end,K1-FP32,2,131,44.13483099779114
cpu,HIT,end_to_end,K1-FP32,2,132,43.42620196985081
cpu,HIT,end_to_end,K1-FP32,2,133,43.61330799292773
cpu,HIT,end_to_end,K1-FP32,2,134,43.815631011966616
cpu,HIT,end_to_end,K1-FP32,2,135,45.22873501991853
cpu,HIT,end_to_end,K1-FP32,2,136,45.82049703458324
cpu,HIT,end_to_end,K1-FP32,2,137,44.26679201424122
cpu,HIT,end_to_end,K1-FP32,2,138,43.29285799758509
cpu,HIT,end_to_end,K1-FP32,2,139,44.35591597575694
cpu,HIT,end_to_end,K1-FP32,2,140,44.38668902730569
cpu,HIT,end_to_end,K1-FP32,2,141,46.092937991488725
cpu,HIT,end_to_end,K1-FP32,2,142,43.81556698353961
cpu,HIT,end_to_end,K1-FP32,2,143,46.72993696294725
cpu,HIT,end_to_end,K1-FP32,2,144,43.66426495835185
cpu,HIT,end_to_end,K1-FP32,2,145,45.69389601238072
cpu,HIT,end_to_end,K1-FP32,2,146,44.09041797043756
cpu,HIT,end_to_end,K1-FP32,2,147,44.197801034897566
cpu,HIT,end_to_end,K1-FP32,2,148,43.80489495815709
cpu,HIT,end_to_end,K1-FP32,2,149,46.05120501946658
cpu,HIT,end_to_end,K1-FP32,2,150,44.17886503506452
cpu,HIT,end_to_end,K1-FP32,2,151,46.35852703358978
cpu,HIT,end_to_end,K1-FP32,2,152,43.77483495045453
cpu,HIT,end_to_end,K1-FP32,2,153,47.10936197079718
cpu,HIT,end_to_end,K1-FP32,2,154,45.65465199993923
cpu,HIT,end_to_end,K1-FP32,2,155,43.42823202023283
cpu,HIT,end_to_end,K1-FP32,2,156,44.24229194410145
cpu,HIT,end_to_end,K1-FP32,2,157,43.74456102959812
cpu,HIT,end_to_end,K1-FP32,2,158,43.98691299138591
cpu,HIT,end_to_end,K1-FP32,2,159,44.40588899888098
cpu,HIT,end_to_end,K1-FP32,2,160,44.527527992613614
cpu,HIT,end_to_end,K1-FP32,2,161,46.66851903311908
cpu,HIT,end_to_end,K1-FP32,2,162,45.644945988897234
cpu,HIT,end_to_end,K1-FP32,2,163,50.94360699877143
cpu,HIT,end_to_end,K1-FP32,2,164,44.32807303965092
cpu,HIT,end_to_end,K1-FP32,2,165,44.20395300257951
cpu,HIT,end_to_end,K1-FP32,2,166,44.35969004407525
cpu,HIT,end_to_end,K1-FP32,2,167,43.543145002331585
cpu,HIT,end_to_end,K1-FP32,2,168,43.65903203142807
cpu,HIT,end_to_end,K1-FP32,2,169,44.78324099909514
cpu,HIT,end_to_end,K1-FP32,2,170,43.532965995837
cpu,HIT,end_to_end,K1-FP32,2,171,44.23931601922959
cpu,HIT,end_to_end,K1-FP32,2,172,44.02500099968165
cpu,HIT,end_to_end,K1-FP32,2,173,43.848330969922245
cpu,HIT,end_to_end,K1-FP32,2,174,47.98531101550907
cpu,HIT,end_to_end,K1-FP32,2,175,44.25121803069487
cpu,HIT,end_to_end,K1-FP32,2,176,44.95711496565491
cpu,HIT,end_to_end,K1-FP32,2,177,47.4171019741334
cpu,HIT,end_to_end,K1-FP32,2,178,43.80469396710396
cpu,HIT,end_to_end,K1-FP32,2,179,45.92147999210283
cpu,HIT,end_to_end,K1-FP32,2,180,44.06643100082874
cpu,HIT,end_to_end,K1-FP32,2,181,44.781767996028066
cpu,HIT,end_to_end,K1-FP32,2,182,44.589210010599345
cpu,HIT,end_to_end,K1-FP32,2,183,44.54818996600807
cpu,HIT,end_to_end,K1-FP32,2,184,43.469652999192476
cpu,HIT,end_to_end,K1-FP32,2,185,44.8686089948751
cpu,HIT,end_to_end,K1-FP32,2,186,43.96903299493715
cpu,HIT,end_to_end,K1-FP32,2,187,44.01050496380776
cpu,HIT,end_to_end,K1-FP32,2,188,43.6149489833042
cpu,HIT,end_to_end,K1-FP32,2,189,44.860194029752165
cpu,HIT,end_to_end,K1-FP32,2,190,43.96282299421728
cpu,HIT,end_to_end,K1-FP32,2,191,44.64718600502238
cpu,HIT,end_to_end,K1-FP32,2,192,43.481167987920344
cpu,HIT,end_to_end,K1-FP32,2,193,44.97841402189806
cpu,HIT,end_to_end,K1-FP32,2,194,43.74853998888284
cpu,HIT,end_to_end,K1-FP32,2,195,43.816735967993736
cpu,HIT,end_to_end,K1-FP32,2,196,44.458349992055446
cpu,HIT,end_to_end,K1-FP32,2,197,43.5910010128282
cpu,HIT,end_to_end,K1-FP32,2,198,44.37847901135683
cpu,HIT,end_to_end,K1-FP32,2,199,43.429022014606744
cpu,HIT,end_to_end,K1-FP32,2,200,44.004477036651224
cpu,HIT,end_to_end,K1-FP32,2,201,49.04400103259832
cpu,HIT,end_to_end,K1-FP32,2,202,43.806680012494326
cpu,HIT,end_to_end,K1-FP32,2,203,43.92713203560561
cpu,HIT,end_to_end,K1-FP32,2,204,44.96273398399353
cpu,HIT,end_to_end,K1-FP32,2,205,45.57641700375825
cpu,HIT,end_to_end,K1-FP32,2,206,44.70475000562146
cpu,HIT,end_to_end,K1-FP32,2,207,44.03251502662897
cpu,HIT,end_to_end,K1-FP32,2,208,44.05325296102092
cpu,HIT,end_to_end,K1-FP32,2,209,44.163858983665705
cpu,HIT,end_to_end,K1-FP32,2,210,43.94481296185404
cpu,HIT,end_to_end,K1-FP32,2,211,43.40722202323377
cpu,HIT,end_to_end,K1-FP32,2,212,43.629838968627155
cpu,HIT,end_to_end,K1-FP32,2,213,43.43857796629891
cpu,HIT,end_to_end,K1-FP32,2,214,44.23290502745658
cpu,HIT,end_to_end,K1-FP32,2,215,45.34404102014378
cpu,HIT,end_to_end,K1-FP32,2,216,44.16163795394823
cpu,HIT,end_to_end,K1-FP32,2,217,44.82129303505644
cpu,HIT,end_to_end,K1-FP32,2,218,44.25800597527996
cpu,HIT,end_to_end,K1-FP32,2,219,43.971610022708774
cpu,HIT,end_to_end,K1-FP32,2,220,43.721520982217044
cpu,HIT,end_to_end,K1-FP32,2,221,44.39312999602407
cpu,HIT,end_to_end,K1-FP32,2,222,44.80365797644481
cpu,HIT,end_to_end,K1-FP32,2,223,45.75870797270909
cpu,HIT,end_to_end,K1-FP32,2,224,44.41130597842857
cpu,HIT,end_to_end,K1-FP32,2,225,43.560283025726676
cpu,HIT,end_to_end,K1-FP32,2,226,44.33086700737476
cpu,HIT,end_to_end,K1-FP32,2,227,44.110633025411516
cpu,HIT,end_to_end,K1-FP32,2,228,44.1287939902395
cpu,HIT,end_to_end,K1-FP32,2,229,44.2310759681277
cpu,HIT,end_to_end,K1-FP32,2,230,43.75393298687413
cpu,HIT,end_to_end,K1-FP32,2,231,44.20594603288919
cpu,HIT,end_to_end,K1-FP32,2,232,46.596710046287626
cpu,HIT,end_to_end,K1-FP32,2,233,43.69791102362797
cpu,HIT,end_to_end,K1-FP32,2,234,47.84039600053802
cpu,HIT,end_to_end,K1-FP32,2,235,46.643548004794866
cpu,HIT,end_to_end,K1-FP32,2,236,53.92459704307839
cpu,HIT,end_to_end,K1-FP32,2,237,60.78704696847126
cpu,HIT,end_to_end,K1-FP32,2,238,44.293415965512395
cpu,HIT,end_to_end,K1-FP32,2,239,44.88976299762726
cpu,HIT,end_to_end,K1-FP32,2,240,43.40007103746757
cpu,HIT,end_to_end,K1-FP32,2,241,44.47479697410017
cpu,HIT,end_to_end,K1-FP32,2,242,44.06563000520691
cpu,HIT,end_to_end,K1-FP32,2,243,44.44244399201125
cpu,HIT,end_to_end,K1-FP32,2,244,43.826699955388904
cpu,HIT,end_to_end,K1-FP32,2,245,44.49587198905647
cpu,HIT,end_to_end,K1-FP32,2,246,45.46435602242127
cpu,HIT,end_to_end,K1-FP32,2,247,45.747506024781615
cpu,HIT,end_to_end,K1-FP32,2,248,54.44717698264867
cpu,HIT,end_to_end,K1-FP32,2,249,45.98465299932286
cpu,HIT,end_to_end,Q8-cpu_dynamic,2,0,43.01158699672669
cpu,HIT,end_to_end,Q8-cpu_dynamic,2,1,42.751326982397586
cpu,HIT,end_to_end,Q8-cpu_dynamic,2,2,42.304372997023165
cpu,HIT,end_to_end,Q8-cpu_dynamic,2,3,41.697449050843716
cpu,HIT,end_to_end,Q8-cpu_dynamic,2,4,41.294644004665315
cpu,HIT,end_to_end,Q8-cpu_dynamic,2,5,42.40055999252945
cpu,HIT,end_to_end,Q8-cpu_dynamic,2,6,42.59074397850782
cpu,HIT,end_to_end,Q8-cpu_dynamic,2,7,41.35044495342299
cpu,HIT,end_to_end,Q8-cpu_dynamic,2,8,41.22164903674275
cpu,HIT,end_to_end,Q8-cpu_dynamic,2,9,41.56210902146995
cpu,HIT,end_to_end,Q8-cpu_dynamic,2,10,41.98873502900824
cpu,HIT,end_to_end,Q8-cpu_dynamic,2,11,42.456497030798346
cpu,HIT,end_to_end,Q8-cpu_dynamic,2,12,42.499547998886555
cpu,HIT,end_to_end,Q8-cpu_dynamic,2,13,42.443594022188336
cpu,HIT,end_to_end,Q8-cpu_dynamic,2,14,42.189593019429594
cpu,HIT,end_to_end,Q8-cpu_dynamic,2,15,41.460614011157304
cpu,HIT,end_to_end,Q8-cpu_dynamic,2,16,41.76231304882094
cpu,HIT,end_to_end,Q8-cpu_dynamic,2,17,42.57931699976325
cpu,HIT,end_to_end,Q8-cpu_dynamic,2,18,41.968708974309266
cpu,HIT,end_to_end,Q8-cpu_dynamic,2,19,42.24396601784974
cpu,HIT,end_to_end,Q8-cpu_dynamic,2,20,41.47447703871876
cpu,HIT,end_to_end,Q8-cpu_dynamic,2,21,41.88013798557222
cpu,HIT,end_to_end,Q8-cpu_dynamic,2,22,41.82271898025647
cpu,HIT,end_to_end,Q8-cpu_dynamic,2,23,42.47843200573698
cpu,HIT,end_to_end,Q8-cpu_dynamic,2,24,42.51254897098988
cpu,HIT,end_to_end,Q8-cpu_dynamic,2,25,42.33154602115974
cpu,HIT,end_to_end,Q8-cpu_dynamic,2,26,42.23021102370694
cpu,HIT,end_to_end,Q8-cpu_dynamic,2,27,42.2627889784053
cpu,HIT,end_to_end,Q8-cpu_dynamic,2,28,42.12512500816956
cpu,HIT,end_to_end,Q8-cpu_dynamic,2,29,42.08791797282174
cpu,HIT,end_to_end,Q8-cpu_dynamic,2,30,42.448232998140156
cpu,HIT,end_to_end,Q8-cpu_dynamic,2,31,42.09411999909207
cpu,HIT,end_to_end,Q8-cpu_dynamic,2,32,41.58825502963737
cpu,HIT,end_to_end,Q8-cpu_dynamic,2,33,41.69672203715891
cpu,HIT,end_to_end,Q8-cpu_dynamic,2,34,42.34801803249866
cpu,HIT,end_to_end,Q8-cpu_dynamic,2,35,42.11156797828153
cpu,HIT,end_to_end,Q8-cpu_dynamic,2,36,41.95251502096653
cpu,HIT,end_to_end,Q8-cpu_dynamic,2,37,42.433523980434984
cpu,HIT,end_to_end,Q8-cpu_dynamic,2,38,42.04911703709513
cpu,HIT,end_to_end,Q8-cpu_dynamic,2,39,42.16699197422713
cpu,HIT,end_to_end,Q8-cpu_dynamic,2,40,42.616084043402225
cpu,HIT,end_to_end,Q8-cpu_dynamic,2,41,41.33285902207717
cpu,HIT,end_to_end,Q8-cpu_dynamic,2,42,41.175316961016506
cpu,HIT,end_to_end,Q8-cpu_dynamic,2,43,42.110216978471726
cpu,HIT,end_to_end,Q8-cpu_dynamic,2,44,41.21794999809936
cpu,HIT,end_to_end,Q8-cpu_dynamic,2,45,42.01282799476758
cpu,HIT,end_to_end,Q8-cpu_dynamic,2,46,41.94853198714554
cpu,HIT,end_to_end,Q8-cpu_dynamic,2,47,42.03288198914379
cpu,HIT,end_to_end,Q8-cpu_dynamic,2,48,42.583664995618165
cpu,HIT,end_to_end,Q8-cpu_dynamic,2,49,42.23205096786842
cpu,HIT,end_to_end,Q8-cpu_dynamic,2,50,42.810407001525164
cpu,HIT,end_to_end,Q8-cpu_dynamic,2,51,42.10687294835225
cpu,HIT,end_to_end,Q8-cpu_dynamic,2,52,41.24790901551023
cpu,HIT,end_to_end,Q8-cpu_dynamic,2,53,41.94157000165433
cpu,HIT,end_to_end,Q8-cpu_dynamic,2,54,41.77923599490896
cpu,HIT,end_to_end,Q8-cpu_dynamic,2,55,42.033496021758765
cpu,HIT,end_to_end,Q8-cpu_dynamic,2,56,42.08350699627772
cpu,HIT,end_to_end,Q8-cpu_dynamic,2,57,42.433208029251546
cpu,HIT,end_to_end,Q8-cpu_dynamic,2,58,42.11078799562529
cpu,HIT,end_to_end,Q8-cpu_dynamic,2,59,42.90125198895112
cpu,HIT,end_to_end,Q8-cpu_dynamic,2,60,41.475292993709445
cpu,HIT,end_to_end,Q8-cpu_dynamic,2,61,41.76021000603214
cpu,HIT,end_to_end,Q8-cpu_dynamic,2,62,42.342622007709
cpu,HIT,end_to_end,Q8-cpu_dynamic,2,63,41.802866966463625
cpu,HIT,end_to_end,Q8-cpu_dynamic,2,64,42.09040501154959
cpu,HIT,end_to_end,Q8-cpu_dynamic,2,65,42.58347401628271
cpu,HIT,end_to_end,Q8-cpu_dynamic,2,66,42.16569097479805
cpu,HIT,end_to_end,Q8-cpu_dynamic,2,67,43.30865404335782
cpu,HIT,end_to_end,Q8-cpu_dynamic,2,68,41.586305014789104
cpu,HIT,end_to_end,Q8-cpu_dynamic,2,69,40.24277499411255
cpu,HIT,end_to_end,Q8-cpu_dynamic,2,70,41.225189983379096
cpu,HIT,end_to_end,Q8-cpu_dynamic,2,71,42.28251404128969
cpu,HIT,end_to_end,Q8-cpu_dynamic,2,72,42.21530701033771
cpu,HIT,end_to_end,Q8-cpu_dynamic,2,73,41.65066598216072
cpu,HIT,end_to_end,Q8-cpu_dynamic,2,74,42.53189399605617
cpu,HIT,end_to_end,Q8-cpu_dynamic,2,75,41.224878979846835
cpu,HIT,end_to_end,Q8-cpu_dynamic,2,76,42.062332038767636
cpu,HIT,end_to_end,Q8-cpu_dynamic,2,77,42.425232008099556
cpu,HIT,end_to_end,Q8-cpu_dynamic,2,78,42.159692966379225
cpu,HIT,end_to_end,Q8-cpu_dynamic,2,79,41.13376699388027
cpu,HIT,end_to_end,Q8-cpu_dynamic,2,80,42.32426802627742
cpu,HIT,end_to_end,Q8-cpu_dynamic,2,81,42.37023601308465
cpu,HIT,end_to_end,Q8-cpu_dynamic,2,82,42.37643600208685
cpu,HIT,end_to_end,Q8-cpu_dynamic,2,83,40.950381953734905
cpu,HIT,end_to_end,Q8-cpu_dynamic,2,84,42.39961801795289
cpu,HIT,end_to_end,Q8-cpu_dynamic,2,85,41.155324957799166
cpu,HIT,end_to_end,Q8-cpu_dynamic,2,86,41.12504096701741
cpu,HIT,end_to_end,Q8-cpu_dynamic,2,87,41.1200060043484
cpu,HIT,end_to_end,Q8-cpu_dynamic,2,88,41.68265004409477
cpu,HIT,end_to_end,Q8-cpu_dynamic,2,89,42.24867501761764
cpu,HIT,end_to_end,Q8-cpu_dynamic,2,90,42.24080702988431
cpu,HIT,end_to_end,Q8-cpu_dynamic,2,91,42.97060897806659
cpu,HIT,end_to_end,Q8-cpu_dynamic,2,92,42.669276997912675
cpu,HIT,end_to_end,Q8-cpu_dynamic,2,93,41.83249600464478
cpu,HIT,end_to_end,Q8-cpu_dynamic,2,94,42.7230839850381
cpu,HIT,end_to_end,Q8-cpu_dynamic,2,95,42.81570797320455
cpu,HIT,end_to_end,Q8-cpu_dynamic,2,96,42.305137030780315
cpu,HIT,end_to_end,Q8-cpu_dynamic,2,97,41.98089899728075
cpu,HIT,end_to_end,Q8-cpu_dynamic,2,98,42.40885504987091
cpu,HIT,end_to_end,Q8-cpu_dynamic,2,99,42.149134969804436
cpu,HIT,end_to_end,Q8-cpu_dynamic,2,100,43.0410880362615
cpu,HIT,end_to_end,Q8-cpu_dynamic,2,101,43.26553997816518
cpu,HIT,end_to_end,Q8-cpu_dynamic,2,102,42.68370597856119
cpu,HIT,end_to_end,Q8-cpu_dynamic,2,103,42.270539968740195
cpu,HIT,end_to_end,Q8-cpu_dynamic,2,104,42.40632295841351
cpu,HIT,end_to_end,Q8-cpu_dynamic,2,105,42.3309100442566
cpu,HIT,end_to_end,Q8-cpu_dynamic,2,106,42.06091002561152
cpu,HIT,end_to_end,Q8-cpu_dynamic,2,107,42.045441980008036
cpu,HIT,end_to_end,Q8-cpu_dynamic,2,108,41.86073801247403
cpu,HIT,end_to_end,Q8-cpu_dynamic,2,109,42.59633901529014
cpu,HIT,end_to_end,Q8-cpu_dynamic,2,110,42.01117798220366
cpu,HIT,end_to_end,Q8-cpu_dynamic,2,111,69.35164995957166
cpu,HIT,end_to_end,Q8-cpu_dynamic,2,112,41.82615497848019
cpu,HIT,end_to_end,Q8-cpu_dynamic,2,113,41.037671035155654
cpu,HIT,end_to_end,Q8-cpu_dynamic,2,114,42.35848400276154
cpu,HIT,end_to_end,Q8-cpu_dynamic,2,115,41.64937697350979
cpu,HIT,end_to_end,Q8-cpu_dynamic,2,116,42.49636101303622
cpu,HIT,end_to_end,Q8-cpu_dynamic,2,117,42.40445198956877
cpu,HIT,end_to_end,Q8-cpu_dynamic,2,118,41.93021496757865
cpu,HIT,end_to_end,Q8-cpu_dynamic,2,119,42.596330982632935
cpu,HIT,end_to_end,Q8-cpu_dynamic,2,120,42.18013503123075
cpu,HIT,end_to_end,Q8-cpu_dynamic,2,121,42.28011699160561
cpu,HIT,end_to_end,Q8-cpu_dynamic,2,122,42.54357400350273
cpu,HIT,end_to_end,Q8-cpu_dynamic,2,123,42.0641929958947
cpu,HIT,end_to_end,Q8-cpu_dynamic,2,124,42.705539031885564
cpu,HIT,end_to_end,Q8-cpu_dynamic,2,125,41.42267000861466
cpu,HIT,end_to_end,Q8-cpu_dynamic,2,126,41.17158299777657
cpu,HIT,end_to_end,Q8-cpu_dynamic,2,127,42.31210402213037
cpu,HIT,end_to_end,Q8-cpu_dynamic,2,128,41.92700801650062
cpu,HIT,end_to_end,Q8-cpu_dynamic,2,129,42.26998705416918
cpu,HIT,end_to_end,Q8-cpu_dynamic,2,130,42.2971110092476
cpu,HIT,end_to_end,Q8-cpu_dynamic,2,131,41.89467302057892
cpu,HIT,end_to_end,Q8-cpu_dynamic,2,132,42.52131999237463
cpu,HIT,end_to_end,Q8-cpu_dynamic,2,133,42.570235033053905
cpu,HIT,end_to_end,Q8-cpu_dynamic,2,134,41.60886601312086
cpu,HIT,end_to_end,Q8-cpu_dynamic,2,135,41.276382049545646
cpu,HIT,end_to_end,Q8-cpu_dynamic,2,136,42.26747201755643
cpu,HIT,end_to_end,Q8-cpu_dynamic,2,137,42.30914800427854
cpu,HIT,end_to_end,Q8-cpu_dynamic,2,138,41.91681195516139
cpu,HIT,end_to_end,Q8-cpu_dynamic,2,139,40.832574013620615
cpu,HIT,end_to_end,Q8-cpu_dynamic,2,140,41.68506199494004
cpu,HIT,end_to_end,Q8-cpu_dynamic,2,141,41.94385401206091
cpu,HIT,end_to_end,Q8-cpu_dynamic,2,142,42.24511998472735
cpu,HIT,end_to_end,Q8-cpu_dynamic,2,143,42.9609109996818
cpu,HIT,end_to_end,Q8-cpu_dynamic,2,144,42.260145011823624
cpu,HIT,end_to_end,Q8-cpu_dynamic,2,145,42.77743102284148
cpu,HIT,end_to_end,Q8-cpu_dynamic,2,146,42.056259990204126
cpu,HIT,end_to_end,Q8-cpu_dynamic,2,147,42.54423000384122
cpu,HIT,end_to_end,Q8-cpu_dynamic,2,148,41.66751599404961
cpu,HIT,end_to_end,Q8-cpu_dynamic,2,149,40.90644500683993
cpu,HIT,end_to_end,Q8-cpu_dynamic,2,150,42.431369016412646
cpu,HIT,end_to_end,Q8-cpu_dynamic,2,151,41.778345010243356
cpu,HIT,end_to_end,Q8-cpu_dynamic,2,152,41.29909002222121
cpu,HIT,end_to_end,Q8-cpu_dynamic,2,153,40.94675596570596
cpu,HIT,end_to_end,Q8-cpu_dynamic,2,154,42.22664498956874
cpu,HIT,end_to_end,Q8-cpu_dynamic,2,155,41.6268459521234
cpu,HIT,end_to_end,Q8-cpu_dynamic,2,156,42.835227970499545
cpu,HIT,end_to_end,Q8-cpu_dynamic,2,157,41.88415902899578
cpu,HIT,end_to_end,Q8-cpu_dynamic,2,158,41.970654972828925
cpu,HIT,end_to_end,Q8-cpu_dynamic,2,159,42.39692899864167
cpu,HIT,end_to_end,Q8-cpu_dynamic,2,160,41.81655700085685
cpu,HIT,end_to_end,Q8-cpu_dynamic,2,161,41.276273026596755
cpu,HIT,end_to_end,Q8-cpu_dynamic,2,162,41.534839023370296
cpu,HIT,end_to_end,Q8-cpu_dynamic,2,163,41.325022000819445
cpu,HIT,end_to_end,Q8-cpu_dynamic,2,164,40.781382005661726
cpu,HIT,end_to_end,Q8-cpu_dynamic,2,165,42.03417099779472
cpu,HIT,end_to_end,Q8-cpu_dynamic,2,166,42.580520967021585
cpu,HIT,end_to_end,Q8-cpu_dynamic,2,167,41.8632379733026
cpu,HIT,end_to_end,Q8-cpu_dynamic,2,168,41.89232602948323
cpu,HIT,end_to_end,Q8-cpu_dynamic,2,169,41.51965503115207
cpu,HIT,end_to_end,Q8-cpu_dynamic,2,170,41.99436795897782
cpu,HIT,end_to_end,Q8-cpu_dynamic,2,171,42.09877800894901
cpu,HIT,end_to_end,Q8-cpu_dynamic,2,172,42.08663199096918
cpu,HIT,end_to_end,Q8-cpu_dynamic,2,173,41.804948006756604
cpu,HIT,end_to_end,Q8-cpu_dynamic,2,174,42.379610997159034
cpu,HIT,end_to_end,Q8-cpu_dynamic,2,175,41.83754400582984
cpu,HIT,end_to_end,Q8-cpu_dynamic,2,176,41.23896098462865
cpu,HIT,end_to_end,Q8-cpu_dynamic,2,177,41.45268595311791
cpu,HIT,end_to_end,Q8-cpu_dynamic,2,178,43.01128099905327
cpu,HIT,end_to_end,Q8-cpu_dynamic,2,179,42.50495496671647
cpu,HIT,end_to_end,Q8-cpu_dynamic,2,180,42.343089007772505
cpu,HIT,end_to_end,Q8-cpu_dynamic,2,181,42.24173701368272
cpu,HIT,end_to_end,Q8-cpu_dynamic,2,182,41.22965800343081
cpu,HIT,end_to_end,Q8-cpu_dynamic,2,183,41.2710519740358
cpu,HIT,end_to_end,Q8-cpu_dynamic,2,184,41.23617400182411
cpu,HIT,end_to_end,Q8-cpu_dynamic,2,185,42.45962796267122
cpu,HIT,end_to_end,Q8-cpu_dynamic,2,186,42.6256749778986
cpu,HIT,end_to_end,Q8-cpu_dynamic,2,187,42.22850198857486
cpu,HIT,end_to_end,Q8-cpu_dynamic,2,188,42.5596660352312
cpu,HIT,end_to_end,Q8-cpu_dynamic,2,189,41.89979599323124
cpu,HIT,end_to_end,Q8-cpu_dynamic,2,190,42.56707901367918
cpu,HIT,end_to_end,Q8-cpu_dynamic,2,191,41.737751045729965
cpu,HIT,end_to_end,Q8-cpu_dynamic,2,192,42.72482398664579
cpu,HIT,end_to_end,Q8-cpu_dynamic,2,193,42.20216698013246
cpu,HIT,end_to_end,Q8-cpu_dynamic,2,194,42.97034698538482
cpu,HIT,end_to_end,Q8-cpu_dynamic,2,195,42.05001099035144
cpu,HIT,end_to_end,Q8-cpu_dynamic,2,196,42.919452011119574
cpu,HIT,end_to_end,Q8-cpu_dynamic,2,197,41.18549596751109
cpu,HIT,end_to_end,Q8-cpu_dynamic,2,198,41.61867802031338
cpu,HIT,end_to_end,Q8-cpu_dynamic,2,199,41.99085000436753
cpu,HIT,end_to_end,Q8-cpu_dynamic,2,200,41.14302800735459
cpu,HIT,end_to_end,Q8-cpu_dynamic,2,201,40.62406299635768
cpu,HIT,end_to_end,Q8-cpu_dynamic,2,202,42.22015099367127
cpu,HIT,end_to_end,Q8-cpu_dynamic,2,203,42.231778032146394
cpu,HIT,end_to_end,Q8-cpu_dynamic,2,204,41.87166999327019
cpu,HIT,end_to_end,Q8-cpu_dynamic,2,205,42.69134398782626
cpu,HIT,end_to_end,Q8-cpu_dynamic,2,206,41.334015026222914
cpu,HIT,end_to_end,Q8-cpu_dynamic,2,207,42.07582800881937
cpu,HIT,end_to_end,Q8-cpu_dynamic,2,208,42.027077986858785
cpu,HIT,end_to_end,Q8-cpu_dynamic,2,209,41.96025099372491
cpu,HIT,end_to_end,Q8-cpu_dynamic,2,210,41.54629498953
cpu,HIT,end_to_end,Q8-cpu_dynamic,2,211,42.207379010505974
cpu,HIT,end_to_end,Q8-cpu_dynamic,2,212,42.23982599796727
cpu,HIT,end_to_end,Q8-cpu_dynamic,2,213,41.29619995364919
cpu,HIT,end_to_end,Q8-cpu_dynamic,2,214,41.05859994888306
cpu,HIT,end_to_end,Q8-cpu_dynamic,2,215,41.760782012715936
cpu,HIT,end_to_end,Q8-cpu_dynamic,2,216,42.53636999055743
cpu,HIT,end_to_end,Q8-cpu_dynamic,2,217,42.0591959846206
cpu,HIT,end_to_end,Q8-cpu_dynamic,2,218,42.711513000540435
cpu,HIT,end_to_end,Q8-cpu_dynamic,2,219,42.00776299694553
cpu,HIT,end_to_end,Q8-cpu_dynamic,2,220,42.35222196439281
cpu,HIT,end_to_end,Q8-cpu_dynamic,2,221,41.16283799521625
cpu,HIT,end_to_end,Q8-cpu_dynamic,2,222,42.302517977077514
cpu,HIT,end_to_end,Q8-cpu_dynamic,2,223,42.256199987605214
cpu,HIT,end_to_end,Q8-cpu_dynamic,2,224,41.98042402276769
cpu,HIT,end_to_end,Q8-cpu_dynamic,2,225,42.16462100157514
cpu,HIT,end_to_end,Q8-cpu_dynamic,2,226,42.271533980965614
cpu,HIT,end_to_end,Q8-cpu_dynamic,2,227,41.31153295747936
cpu,HIT,end_to_end,Q8-cpu_dynamic,2,228,41.29558597924188
cpu,HIT,end_to_end,Q8-cpu_dynamic,2,229,42.238365043886006
cpu,HIT,end_to_end,Q8-cpu_dynamic,2,230,41.10869998112321
cpu,HIT,end_to_end,Q8-cpu_dynamic,2,231,41.83293000096455
cpu,HIT,end_to_end,Q8-cpu_dynamic,2,232,41.73174704192206
cpu,HIT,end_to_end,Q8-cpu_dynamic,2,233,42.36244299681857
cpu,HIT,end_to_end,Q8-cpu_dynamic,2,234,41.58284200821072
cpu,HIT,end_to_end,Q8-cpu_dynamic,2,235,42.898986022919416
cpu,HIT,end_to_end,Q8-cpu_dynamic,2,236,42.21712099388242
cpu,HIT,end_to_end,Q8-cpu_dynamic,2,237,42.04292700160295
cpu,HIT,end_to_end,Q8-cpu_dynamic,2,238,41.527112014591694
cpu,HIT,end_to_end,Q8-cpu_dynamic,2,239,41.482008004095405
cpu,HIT,end_to_end,Q8-cpu_dynamic,2,240,42.42126800818369
cpu,HIT,end_to_end,Q8-cpu_dynamic,2,241,42.323926056269556
cpu,HIT,end_to_end,Q8-cpu_dynamic,2,242,42.26596298394725
cpu,HIT,end_to_end,Q8-cpu_dynamic,2,243,42.299930995795876
cpu,HIT,end_to_end,Q8-cpu_dynamic,2,244,42.513404972851276
cpu,HIT,end_to_end,Q8-cpu_dynamic,2,245,41.3237779866904
cpu,HIT,end_to_end,Q8-cpu_dynamic,2,246,41.99072200572118
cpu,HIT,end_to_end,Q8-cpu_dynamic,2,247,42.26671997457743
cpu,HIT,end_to_end,Q8-cpu_dynamic,2,248,42.07020398462191
cpu,HIT,end_to_end,Q8-cpu_dynamic,2,249,41.554152965545654
cpu,HIT,end_to_end,Q8-cpu_dynamic,3,0,41.247841028962284
cpu,HIT,end_to_end,Q8-cpu_dynamic,3,1,41.37094202451408
cpu,HIT,end_to_end,Q8-cpu_dynamic,3,2,41.61848995136097
cpu,HIT,end_to_end,Q8-cpu_dynamic,3,3,42.197620030492544
cpu,HIT,end_to_end,Q8-cpu_dynamic,3,4,42.06041700672358
cpu,HIT,end_to_end,Q8-cpu_dynamic,3,5,41.82466201018542
cpu,HIT,end_to_end,Q8-cpu_dynamic,3,6,41.32769501302391
cpu,HIT,end_to_end,Q8-cpu_dynamic,3,7,41.89750802470371
cpu,HIT,end_to_end,Q8-cpu_dynamic,3,8,40.84241500822827
cpu,HIT,end_to_end,Q8-cpu_dynamic,3,9,42.05206100596115
cpu,HIT,end_to_end,Q8-cpu_dynamic,3,10,42.3411859665066
cpu,HIT,end_to_end,Q8-cpu_dynamic,3,11,41.88391799107194
cpu,HIT,end_to_end,Q8-cpu_dynamic,3,12,42.925301007926464
cpu,HIT,end_to_end,Q8-cpu_dynamic,3,13,41.480664047412574
cpu,HIT,end_to_end,Q8-cpu_dynamic,3,14,41.365145007148385
cpu,HIT,end_to_end,Q8-cpu_dynamic,3,15,41.90173599636182
cpu,HIT,end_to_end,Q8-cpu_dynamic,3,16,41.70951101696119
cpu,HIT,end_to_end,Q8-cpu_dynamic,3,17,41.43236903473735
cpu,HIT,end_to_end,Q8-cpu_dynamic,3,18,41.55092698056251
cpu,HIT,end_to_end,Q8-cpu_dynamic,3,19,41.45141801564023
cpu,HIT,end_to_end,Q8-cpu_dynamic,3,20,41.273302980698645
cpu,HIT,end_to_end,Q8-cpu_dynamic,3,21,41.444163012783974
cpu,HIT,end_to_end,Q8-cpu_dynamic,3,22,41.20115999830887
cpu,HIT,end_to_end,Q8-cpu_dynamic,3,23,41.4691919577308
cpu,HIT,end_to_end,Q8-cpu_dynamic,3,24,40.8269310137257
cpu,HIT,end_to_end,Q8-cpu_dynamic,3,25,41.85851197689772
cpu,HIT,end_to_end,Q8-cpu_dynamic,3,26,42.19831200316548
cpu,HIT,end_to_end,Q8-cpu_dynamic,3,27,41.76502401242033
cpu,HIT,end_to_end,Q8-cpu_dynamic,3,28,42.381320032291114
cpu,HIT,end_to_end,Q8-cpu_dynamic,3,29,41.91186500247568
cpu,HIT,end_to_end,Q8-cpu_dynamic,3,30,42.7954540355131
cpu,HIT,end_to_end,Q8-cpu_dynamic,3,31,42.5017949892208
cpu,HIT,end_to_end,Q8-cpu_dynamic,3,32,42.06920199794695
cpu,HIT,end_to_end,Q8-cpu_dynamic,3,33,42.16972796712071
cpu,HIT,end_to_end,Q8-cpu_dynamic,3,34,42.605243041180074
cpu,HIT,end_to_end,Q8-cpu_dynamic,3,35,41.91610298585147
cpu,HIT,end_to_end,Q8-cpu_dynamic,3,36,42.37952100811526
cpu,HIT,end_to_end,Q8-cpu_dynamic,3,37,42.50961099751294
cpu,HIT,end_to_end,Q8-cpu_dynamic,3,38,42.2642010380514
cpu,HIT,end_to_end,Q8-cpu_dynamic,3,39,42.178665986284614
cpu,HIT,end_to_end,Q8-cpu_dynamic,3,40,42.041443986818194
cpu,HIT,end_to_end,Q8-cpu_dynamic,3,41,42.343054024968296
cpu,HIT,end_to_end,Q8-cpu_dynamic,3,42,42.59301000274718
cpu,HIT,end_to_end,Q8-cpu_dynamic,3,43,42.20501199597493
cpu,HIT,end_to_end,Q8-cpu_dynamic,3,44,42.37907996866852
cpu,HIT,end_to_end,Q8-cpu_dynamic,3,45,41.51388700120151
cpu,HIT,end_to_end,Q8-cpu_dynamic,3,46,41.86238499823958
cpu,HIT,end_to_end,Q8-cpu_dynamic,3,47,41.79024702170864
cpu,HIT,end_to_end,Q8-cpu_dynamic,3,48,40.95295799197629
cpu,HIT,end_to_end,Q8-cpu_dynamic,3,49,41.34790296666324
cpu,HIT,end_to_end,Q8-cpu_dynamic,3,50,40.928967006038874
cpu,HIT,end_to_end,Q8-cpu_dynamic,3,51,41.95011698175222
cpu,HIT,end_to_end,Q8-cpu_dynamic,3,52,42.08098701201379
cpu,HIT,end_to_end,Q8-cpu_dynamic,3,53,42.65029198722914
cpu,HIT,end_to_end,Q8-cpu_dynamic,3,54,42.19461802858859
cpu,HIT,end_to_end,Q8-cpu_dynamic,3,55,42.843072034884244
cpu,HIT,end_to_end,Q8-cpu_dynamic,3,56,42.613323021214455
cpu,HIT,end_to_end,Q8-cpu_dynamic,3,57,41.57235397724435
cpu,HIT,end_to_end,Q8-cpu_dynamic,3,58,40.778908994980156
cpu,HIT,end_to_end,Q8-cpu_dynamic,3,59,41.28295596456155
cpu,HIT,end_to_end,Q8-cpu_dynamic,3,60,41.830739995930344
cpu,HIT,end_to_end,Q8-cpu_dynamic,3,61,41.98620101669803
cpu,HIT,end_to_end,Q8-cpu_dynamic,3,62,41.88039503060281
cpu,HIT,end_to_end,Q8-cpu_dynamic,3,63,41.080146038439125
cpu,HIT,end_to_end,Q8-cpu_dynamic,3,64,42.1428139670752
cpu,HIT,end_to_end,Q8-cpu_dynamic,3,65,41.803753993008286
cpu,HIT,end_to_end,Q8-cpu_dynamic,3,66,42.21640800824389
cpu,HIT,end_to_end,Q8-cpu_dynamic,3,67,41.679717018269
cpu,HIT,end_to_end,Q8-cpu_dynamic,3,68,41.6898459661752
cpu,HIT,end_to_end,Q8-cpu_dynamic,3,69,42.27273998549208
cpu,HIT,end_to_end,Q8-cpu_dynamic,3,70,42.18346002744511
cpu,HIT,end_to_end,Q8-cpu_dynamic,3,71,42.238069989252836
cpu,HIT,end_to_end,Q8-cpu_dynamic,3,72,41.813755000475794
cpu,HIT,end_to_end,Q8-cpu_dynamic,3,73,42.52774897031486
cpu,HIT,end_to_end,Q8-cpu_dynamic,3,74,41.80119500961155
cpu,HIT,end_to_end,Q8-cpu_dynamic,3,75,42.31074301060289
cpu,HIT,end_to_end,Q8-cpu_dynamic,3,76,42.20139200333506
cpu,HIT,end_to_end,Q8-cpu_dynamic,3,77,42.26435400778428
cpu,HIT,end_to_end,Q8-cpu_dynamic,3,78,42.529823957011104
cpu,HIT,end_to_end,Q8-cpu_dynamic,3,79,41.6571149835363
cpu,HIT,end_to_end,Q8-cpu_dynamic,3,80,42.74968896061182
cpu,HIT,end_to_end,Q8-cpu_dynamic,3,81,42.18346701236442
cpu,HIT,end_to_end,Q8-cpu_dynamic,3,82,42.17596002854407
cpu,HIT,end_to_end,Q8-cpu_dynamic,3,83,42.80891903908923
cpu,HIT,end_to_end,Q8-cpu_dynamic,3,84,42.029906006064266
cpu,HIT,end_to_end,Q8-cpu_dynamic,3,85,42.20403800718486
cpu,HIT,end_to_end,Q8-cpu_dynamic,3,86,41.77245299797505
cpu,HIT,end_to_end,Q8-cpu_dynamic,3,87,41.26957699190825
cpu,HIT,end_to_end,Q8-cpu_dynamic,3,88,42.345302004832774
cpu,HIT,end_to_end,Q8-cpu_dynamic,3,89,42.5366050330922
cpu,HIT,end_to_end,Q8-cpu_dynamic,3,90,41.58715601079166
cpu,HIT,end_to_end,Q8-cpu_dynamic,3,91,42.081666993908584
cpu,HIT,end_to_end,Q8-cpu_dynamic,3,92,41.84920701663941
cpu,HIT,end_to_end,Q8-cpu_dynamic,3,93,41.17943096207455
cpu,HIT,end_to_end,Q8-cpu_dynamic,3,94,40.59198702452704
cpu,HIT,end_to_end,Q8-cpu_dynamic,3,95,42.13226301362738
cpu,HIT,end_to_end,Q8-cpu_dynamic,3,96,42.49206802342087
cpu,HIT,end_to_end,Q8-cpu_dynamic,3,97,41.58128297422081
cpu,HIT,end_to_end,Q8-cpu_dynamic,3,98,42.70385397830978
cpu,HIT,end_to_end,Q8-cpu_dynamic,3,99,41.59482097020373
cpu,HIT,end_to_end,Q8-cpu_dynamic,3,100,42.875371989794075
cpu,HIT,end_to_end,Q8-cpu_dynamic,3,101,42.71333897486329
cpu,HIT,end_to_end,Q8-cpu_dynamic,3,102,42.66833502333611
cpu,HIT,end_to_end,Q8-cpu_dynamic,3,103,41.306653001811355
cpu,HIT,end_to_end,Q8-cpu_dynamic,3,104,41.54138796729967
cpu,HIT,end_to_end,Q8-cpu_dynamic,3,105,40.92883801786229
cpu,HIT,end_to_end,Q8-cpu_dynamic,3,106,41.31572396727279
cpu,HIT,end_to_end,Q8-cpu_dynamic,3,107,41.567790030967444
cpu,HIT,end_to_end,Q8-cpu_dynamic,3,108,41.23124299803749
cpu,HIT,end_to_end,Q8-cpu_dynamic,3,109,41.26237996388227
cpu,HIT,end_to_end,Q8-cpu_dynamic,3,110,41.82543099159375
cpu,HIT,end_to_end,Q8-cpu_dynamic,3,111,42.007567011751235
cpu,HIT,end_to_end,Q8-cpu_dynamic,3,112,41.642656025942415
cpu,HIT,end_to_end,Q8-cpu_dynamic,3,113,41.63574700942263
cpu,HIT,end_to_end,Q8-cpu_dynamic,3,114,41.9275340391323
cpu,HIT,end_to_end,Q8-cpu_dynamic,3,115,41.69392405310646
cpu,HIT,end_to_end,Q8-cpu_dynamic,3,116,42.12546901544556
cpu,HIT,end_to_end,Q8-cpu_dynamic,3,117,42.21215605502948
cpu,HIT,end_to_end,Q8-cpu_dynamic,3,118,42.44887502864003
cpu,HIT,end_to_end,Q8-cpu_dynamic,3,119,42.65346395550296
cpu,HIT,end_to_end,Q8-cpu_dynamic,3,120,42.4673140514642
cpu,HIT,end_to_end,Q8-cpu_dynamic,3,121,42.2837280202657
cpu,HIT,end_to_end,Q8-cpu_dynamic,3,122,42.243289994075894
cpu,HIT,end_to_end,Q8-cpu_dynamic,3,123,42.32763999607414
cpu,HIT,end_to_end,Q8-cpu_dynamic,3,124,41.620652948040515
cpu,HIT,end_to_end,Q8-cpu_dynamic,3,125,42.04749898053706
cpu,HIT,end_to_end,Q8-cpu_dynamic,3,126,42.491153988521546
cpu,HIT,end_to_end,Q8-cpu_dynamic,3,127,41.71786201186478
cpu,HIT,end_to_end,Q8-cpu_dynamic,3,128,42.037940002046525
cpu,HIT,end_to_end,Q8-cpu_dynamic,3,129,42.770475964061916
cpu,HIT,end_to_end,Q8-cpu_dynamic,3,130,41.80381202604622
cpu,HIT,end_to_end,Q8-cpu_dynamic,3,131,41.613056033384055
cpu,HIT,end_to_end,Q8-cpu_dynamic,3,132,41.82277497602627
cpu,HIT,end_to_end,Q8-cpu_dynamic,3,133,41.47036903304979
cpu,HIT,end_to_end,Q8-cpu_dynamic,3,134,41.3393639610149
cpu,HIT,end_to_end,Q8-cpu_dynamic,3,135,40.95073201460764
cpu,HIT,end_to_end,Q8-cpu_dynamic,3,136,41.2779439939186
cpu,HIT,end_to_end,Q8-cpu_dynamic,3,137,41.201465006452054
cpu,HIT,end_to_end,Q8-cpu_dynamic,3,138,41.72987199854106
cpu,HIT,end_to_end,Q8-cpu_dynamic,3,139,42.31083701597527
cpu,HIT,end_to_end,Q8-cpu_dynamic,3,140,42.5603769836016
cpu,HIT,end_to_end,Q8-cpu_dynamic,3,141,41.60358401713893
cpu,HIT,end_to_end,Q8-cpu_dynamic,3,142,40.848768956493586
cpu,HIT,end_to_end,Q8-cpu_dynamic,3,143,41.68009199202061
cpu,HIT,end_to_end,Q8-cpu_dynamic,3,144,41.7590819997713
cpu,HIT,end_to_end,Q8-cpu_dynamic,3,145,42.47278399998322
cpu,HIT,end_to_end,Q8-cpu_dynamic,3,146,42.51161904539913
cpu,HIT,end_to_end,Q8-cpu_dynamic,3,147,41.91486298805103
cpu,HIT,end_to_end,Q8-cpu_dynamic,3,148,41.43821104662493
cpu,HIT,end_to_end,Q8-cpu_dynamic,3,149,42.06855199299753
cpu,HIT,end_to_end,Q8-cpu_dynamic,3,150,42.73009399184957
cpu,HIT,end_to_end,Q8-cpu_dynamic,3,151,41.029891988728195
cpu,HIT,end_to_end,Q8-cpu_dynamic,3,152,42.4040500074625
cpu,HIT,end_to_end,Q8-cpu_dynamic,3,153,42.25326597224921
cpu,HIT,end_to_end,Q8-cpu_dynamic,3,154,41.896186012309045
cpu,HIT,end_to_end,Q8-cpu_dynamic,3,155,41.588231979403645
cpu,HIT,end_to_end,Q8-cpu_dynamic,3,156,41.484293004032224
cpu,HIT,end_to_end,Q8-cpu_dynamic,3,157,41.629725019447505
cpu,HIT,end_to_end,Q8-cpu_dynamic,3,158,41.63136996794492
cpu,HIT,end_to_end,Q8-cpu_dynamic,3,159,42.03627002425492
cpu,HIT,end_to_end,Q8-cpu_dynamic,3,160,42.61977598071098
cpu,HIT,end_to_end,Q8-cpu_dynamic,3,161,41.637148009613156
cpu,HIT,end_to_end,Q8-cpu_dynamic,3,162,42.13655402418226
cpu,HIT,end_to_end,Q8-cpu_dynamic,3,163,41.83174099307507
cpu,HIT,end_to_end,Q8-cpu_dynamic,3,164,41.95290902862325
cpu,HIT,end_to_end,Q8-cpu_dynamic,3,165,41.65955103235319
cpu,HIT,end_to_end,Q8-cpu_dynamic,3,166,41.295384988188744
cpu,HIT,end_to_end,Q8-cpu_dynamic,3,167,41.74079903168604
cpu,HIT,end_to_end,Q8-cpu_dynamic,3,168,42.02137200627476
cpu,HIT,end_to_end,Q8-cpu_dynamic,3,169,41.89984395634383
cpu,HIT,end_to_end,Q8-cpu_dynamic,3,170,41.28881503129378
cpu,HIT,end_to_end,Q8-cpu_dynamic,3,171,41.26334999455139
cpu,HIT,end_to_end,Q8-cpu_dynamic,3,172,41.18112300056964
cpu,HIT,end_to_end,Q8-cpu_dynamic,3,173,41.95133299799636
cpu,HIT,end_to_end,Q8-cpu_dynamic,3,174,42.07375302212313
cpu,HIT,end_to_end,Q8-cpu_dynamic,3,175,42.50774101819843
cpu,HIT,end_to_end,Q8-cpu_dynamic,3,176,41.64294700603932
cpu,HIT,end_to_end,Q8-cpu_dynamic,3,177,41.70148796401918
cpu,HIT,end_to_end,Q8-cpu_dynamic,3,178,42.24482201971114
cpu,HIT,end_to_end,Q8-cpu_dynamic,3,179,42.23064798861742
cpu,HIT,end_to_end,Q8-cpu_dynamic,3,180,42.253402003552765
cpu,HIT,end_to_end,Q8-cpu_dynamic,3,181,41.305362014099956
cpu,HIT,end_to_end,Q8-cpu_dynamic,3,182,42.286313022486866
cpu,HIT,end_to_end,Q8-cpu_dynamic,3,183,42.149758024606854
cpu,HIT,end_to_end,Q8-cpu_dynamic,3,184,42.299366963561624
cpu,HIT,end_to_end,Q8-cpu_dynamic,3,185,41.6734799509868
cpu,HIT,end_to_end,Q8-cpu_dynamic,3,186,42.21964499447495
cpu,HIT,end_to_end,Q8-cpu_dynamic,3,187,41.862131969537586
cpu,HIT,end_to_end,Q8-cpu_dynamic,3,188,42.20758000155911
cpu,HIT,end_to_end,Q8-cpu_dynamic,3,189,42.43476904230192
cpu,HIT,end_to_end,Q8-cpu_dynamic,3,190,43.041947996243834
cpu,HIT,end_to_end,Q8-cpu_dynamic,3,191,42.65585099346936
cpu,HIT,end_to_end,Q8-cpu_dynamic,3,192,41.4199439692311
cpu,HIT,end_to_end,Q8-cpu_dynamic,3,193,41.49832297116518
cpu,HIT,end_to_end,Q8-cpu_dynamic,3,194,42.098263977095485
cpu,HIT,end_to_end,Q8-cpu_dynamic,3,195,42.098934995010495
cpu,HIT,end_to_end,Q8-cpu_dynamic,3,196,42.47502196813002
cpu,HIT,end_to_end,Q8-cpu_dynamic,3,197,41.98547499254346
cpu,HIT,end_to_end,Q8-cpu_dynamic,3,198,42.856043961364776
cpu,HIT,end_to_end,Q8-cpu_dynamic,3,199,41.89851600676775
cpu,HIT,end_to_end,Q8-cpu_dynamic,3,200,41.9833580381237
cpu,HIT,end_to_end,Q8-cpu_dynamic,3,201,41.129088029265404
cpu,HIT,end_to_end,Q8-cpu_dynamic,3,202,41.46019497420639
cpu,HIT,end_to_end,Q8-cpu_dynamic,3,203,41.242389008402824
cpu,HIT,end_to_end,Q8-cpu_dynamic,3,204,40.91829899698496
cpu,HIT,end_to_end,Q8-cpu_dynamic,3,205,42.04523499356583
cpu,HIT,end_to_end,Q8-cpu_dynamic,3,206,41.07993101933971
cpu,HIT,end_to_end,Q8-cpu_dynamic,3,207,41.35407198918983
cpu,HIT,end_to_end,Q8-cpu_dynamic,3,208,40.81029799999669
cpu,HIT,end_to_end,Q8-cpu_dynamic,3,209,41.60586599027738
cpu,HIT,end_to_end,Q8-cpu_dynamic,3,210,42.002981004770845
cpu,HIT,end_to_end,Q8-cpu_dynamic,3,211,42.31035400880501
cpu,HIT,end_to_end,Q8-cpu_dynamic,3,212,41.57875897362828
cpu,HIT,end_to_end,Q8-cpu_dynamic,3,213,41.10119596589357
cpu,HIT,end_to_end,Q8-cpu_dynamic,3,214,41.272978996858
cpu,HIT,end_to_end,Q8-cpu_dynamic,3,215,40.96872097579762
cpu,HIT,end_to_end,Q8-cpu_dynamic,3,216,41.109199984930456
cpu,HIT,end_to_end,Q8-cpu_dynamic,3,217,41.492588992696255
cpu,HIT,end_to_end,Q8-cpu_dynamic,3,218,41.037456947378814
cpu,HIT,end_to_end,Q8-cpu_dynamic,3,219,40.73523497208953
cpu,HIT,end_to_end,Q8-cpu_dynamic,3,220,41.21752397622913
cpu,HIT,end_to_end,Q8-cpu_dynamic,3,221,42.09730797447264
cpu,HIT,end_to_end,Q8-cpu_dynamic,3,222,41.809876973275095
cpu,HIT,end_to_end,Q8-cpu_dynamic,3,223,41.57000896520913
cpu,HIT,end_to_end,Q8-cpu_dynamic,3,224,41.66114499093965
cpu,HIT,end_to_end,Q8-cpu_dynamic,3,225,40.766897960565984
cpu,HIT,end_to_end,Q8-cpu_dynamic,3,226,41.250475973356515
cpu,HIT,end_to_end,Q8-cpu_dynamic,3,227,41.58853198168799
cpu,HIT,end_to_end,Q8-cpu_dynamic,3,228,41.1499539623037
cpu,HIT,end_to_end,Q8-cpu_dynamic,3,229,41.90271900733933
cpu,HIT,end_to_end,Q8-cpu_dynamic,3,230,42.14393603615463
cpu,HIT,end_to_end,Q8-cpu_dynamic,3,231,41.93940898403525
cpu,HIT,end_to_end,Q8-cpu_dynamic,3,232,41.64309398038313
cpu,HIT,end_to_end,Q8-cpu_dynamic,3,233,41.10848600976169
cpu,HIT,end_to_end,Q8-cpu_dynamic,3,234,40.78129195841029
cpu,HIT,end_to_end,Q8-cpu_dynamic,3,235,42.18149004736915
cpu,HIT,end_to_end,Q8-cpu_dynamic,3,236,41.05318698566407
cpu,HIT,end_to_end,Q8-cpu_dynamic,3,237,40.796930028591305
cpu,HIT,end_to_end,Q8-cpu_dynamic,3,238,41.837822005618364
cpu,HIT,end_to_end,Q8-cpu_dynamic,3,239,41.70589696150273
cpu,HIT,end_to_end,Q8-cpu_dynamic,3,240,41.91890900256112
cpu,HIT,end_to_end,Q8-cpu_dynamic,3,241,42.05984703730792
cpu,HIT,end_to_end,Q8-cpu_dynamic,3,242,42.088982998393476
cpu,HIT,end_to_end,Q8-cpu_dynamic,3,243,41.99831001460552
cpu,HIT,end_to_end,Q8-cpu_dynamic,3,244,41.623744007665664
cpu,HIT,end_to_end,Q8-cpu_dynamic,3,245,41.60656000021845
cpu,HIT,end_to_end,Q8-cpu_dynamic,3,246,42.38286300096661
cpu,HIT,end_to_end,Q8-cpu_dynamic,3,247,42.39580302964896
cpu,HIT,end_to_end,Q8-cpu_dynamic,3,248,42.11443098029122
cpu,HIT,end_to_end,Q8-cpu_dynamic,3,249,42.37912001553923
cpu,HIT,end_to_end,K1-FP32,3,0,44.76077400613576
cpu,HIT,end_to_end,K1-FP32,3,1,43.81054098485038
cpu,HIT,end_to_end,K1-FP32,3,2,43.19998400751501
cpu,HIT,end_to_end,K1-FP32,3,3,43.65749703720212
cpu,HIT,end_to_end,K1-FP32,3,4,43.15416101599112
cpu,HIT,end_to_end,K1-FP32,3,5,43.34178299177438
cpu,HIT,end_to_end,K1-FP32,3,6,43.32993895513937
cpu,HIT,end_to_end,K1-FP32,3,7,44.535261986311525
cpu,HIT,end_to_end,K1-FP32,3,8,43.94232900813222
cpu,HIT,end_to_end,K1-FP32,3,9,44.64400000870228
cpu,HIT,end_to_end,K1-FP32,3,10,44.880302040837705
cpu,HIT,end_to_end,K1-FP32,3,11,44.07689900835976
cpu,HIT,end_to_end,K1-FP32,3,12,44.96244702022523
cpu,HIT,end_to_end,K1-FP32,3,13,44.00357598206028
cpu,HIT,end_to_end,K1-FP32,3,14,44.05922896694392
cpu,HIT,end_to_end,K1-FP32,3,15,42.98858402762562
cpu,HIT,end_to_end,K1-FP32,3,16,44.559068977832794
cpu,HIT,end_to_end,K1-FP32,3,17,44.50996097875759
cpu,HIT,end_to_end,K1-FP32,3,18,44.14341802475974
cpu,HIT,end_to_end,K1-FP32,3,19,44.69083598814905
cpu,HIT,end_to_end,K1-FP32,3,20,44.731864996720105
cpu,HIT,end_to_end,K1-FP32,3,21,43.81529096281156
cpu,HIT,end_to_end,K1-FP32,3,22,43.980635004118085
cpu,HIT,end_to_end,K1-FP32,3,23,44.371029012836516
cpu,HIT,end_to_end,K1-FP32,3,24,44.22929201973602
cpu,HIT,end_to_end,K1-FP32,3,25,43.260231032036245
cpu,HIT,end_to_end,K1-FP32,3,26,44.51690398855135
cpu,HIT,end_to_end,K1-FP32,3,27,44.336162973195314
cpu,HIT,end_to_end,K1-FP32,3,28,44.20618002768606
cpu,HIT,end_to_end,K1-FP32,3,29,44.42345100687817
cpu,HIT,end_to_end,K1-FP32,3,30,43.36632398189977
cpu,HIT,end_to_end,K1-FP32,3,31,43.6047000112012
cpu,HIT,end_to_end,K1-FP32,3,32,43.650734005495906
cpu,HIT,end_to_end,K1-FP32,3,33,45.15006998553872
cpu,HIT,end_to_end,K1-FP32,3,34,44.216510956175625
cpu,HIT,end_to_end,K1-FP32,3,35,45.08730198722333
cpu,HIT,end_to_end,K1-FP32,3,36,43.993544997647405
cpu,HIT,end_to_end,K1-FP32,3,37,43.821464001666754
cpu,HIT,end_to_end,K1-FP32,3,38,44.790860963985324
cpu,HIT,end_to_end,K1-FP32,3,39,43.61498699290678
cpu,HIT,end_to_end,K1-FP32,3,40,44.101174047682434
cpu,HIT,end_to_end,K1-FP32,3,41,45.478204963728786
cpu,HIT,end_to_end,K1-FP32,3,42,43.8354040379636
cpu,HIT,end_to_end,K1-FP32,3,43,44.24509598175064
cpu,HIT,end_to_end,K1-FP32,3,44,44.89607998402789
cpu,HIT,end_to_end,K1-FP32,3,45,44.349186995532364
cpu,HIT,end_to_end,K1-FP32,3,46,44.10569299943745
cpu,HIT,end_to_end,K1-FP32,3,47,44.22504099784419
cpu,HIT,end_to_end,K1-FP32,3,48,44.75859203375876
cpu,HIT,end_to_end,K1-FP32,3,49,44.27377204410732
cpu,HIT,end_to_end,K1-FP32,3,50,45.22714001359418
cpu,HIT,end_to_end,K1-FP32,3,51,44.696244003716856
cpu,HIT,end_to_end,K1-FP32,3,52,44.118536985479295
cpu,HIT,end_to_end,K1-FP32,3,53,43.97438798332587
cpu,HIT,end_to_end,K1-FP32,3,54,44.40506297396496
cpu,HIT,end_to_end,K1-FP32,3,55,43.87281503295526
cpu,HIT,end_to_end,K1-FP32,3,56,44.3717300076969
cpu,HIT,end_to_end,K1-FP32,3,57,43.353756016585976
cpu,HIT,end_to_end,K1-FP32,3,58,44.65698904823512
cpu,HIT,end_to_end,K1-FP32,3,59,43.814837001264095
cpu,HIT,end_to_end,K1-FP32,3,60,44.00775698013604
cpu,HIT,end_to_end,K1-FP32,3,61,45.16280995449051
cpu,HIT,end_to_end,K1-FP32,3,62,43.08948601828888
cpu,HIT,end_to_end,K1-FP32,3,63,43.69895003037527
cpu,HIT,end_to_end,K1-FP32,3,64,44.56345899961889
cpu,HIT,end_to_end,K1-FP32,3,65,44.54469500342384
cpu,HIT,end_to_end,K1-FP32,3,66,44.88011501962319
cpu,HIT,end_to_end,K1-FP32,3,67,44.07210397766903
cpu,HIT,end_to_end,K1-FP32,3,68,44.26895501092076
cpu,HIT,end_to_end,K1-FP32,3,69,44.72621699096635
cpu,HIT,end_to_end,K1-FP32,3,70,45.0061890296638
cpu,HIT,end_to_end,K1-FP32,3,71,44.37429900281131
cpu,HIT,end_to_end,K1-FP32,3,72,44.051930017303675
cpu,HIT,end_to_end,K1-FP32,3,73,44.44435297045857
cpu,HIT,end_to_end,K1-FP32,3,74,44.81486702570692
cpu,HIT,end_to_end,K1-FP32,3,75,43.81530894897878
cpu,HIT,end_to_end,K1-FP32,3,76,45.04959302721545
cpu,HIT,end_to_end,K1-FP32,3,77,44.21573696890846
cpu,HIT,end_to_end,K1-FP32,3,78,43.703723000362515
cpu,HIT,end_to_end,K1-FP32,3,79,45.50673998892307
cpu,HIT,end_to_end,K1-FP32,3,80,43.188577983528376
cpu,HIT,end_to_end,K1-FP32,3,81,45.0489450013265
cpu,HIT,end_to_end,K1-FP32,3,82,43.02578396163881
cpu,HIT,end_to_end,K1-FP32,3,83,43.586627987679094
cpu,HIT,end_to_end,K1-FP32,3,84,43.816302029881626
cpu,HIT,end_to_end,K1-FP32,3,85,43.332585017196834
cpu,HIT,end_to_end,K1-FP32,3,86,44.75099599221721
cpu,HIT,end_to_end,K1-FP32,3,87,44.041484012268484
cpu,HIT,end_to_end,K1-FP32,3,88,43.988041987176985
cpu,HIT,end_to_end,K1-FP32,3,89,42.90830797981471
cpu,HIT,end_to_end,K1-FP32,3,90,44.6537229581736
cpu,HIT,end_to_end,K1-FP32,3,91,44.4314029882662
cpu,HIT,end_to_end,K1-FP32,3,92,44.351843011099845
cpu,HIT,end_to_end,K1-FP32,3,93,44.59430801216513
cpu,HIT,end_to_end,K1-FP32,3,94,44.00096298195422
cpu,HIT,end_to_end,K1-FP32,3,95,43.9702530275099
cpu,HIT,end_to_end,K1-FP32,3,96,44.2093430319801
cpu,HIT,end_to_end,K1-FP32,3,97,43.86743000941351
cpu,HIT,end_to_end,K1-FP32,3,98,43.97314798552543
cpu,HIT,end_to_end,K1-FP32,3,99,44.025033013895154
cpu,HIT,end_to_end,K1-FP32,3,100,43.897353985812515
cpu,HIT,end_to_end,K1-FP32,3,101,43.16968499915674
cpu,HIT,end_to_end,K1-FP32,3,102,42.9390849894844
cpu,HIT,end_to_end,K1-FP32,3,103,43.374030967243016
cpu,HIT,end_to_end,K1-FP32,3,104,43.76841499470174
cpu,HIT,end_to_end,K1-FP32,3,105,44.20326498802751
cpu,HIT,end_to_end,K1-FP32,3,106,43.3506440022029
cpu,HIT,end_to_end,K1-FP32,3,107,43.73178700916469
cpu,HIT,end_to_end,K1-FP32,3,108,44.73302297992632
cpu,HIT,end_to_end,K1-FP32,3,109,46.4069529552944
cpu,HIT,end_to_end,K1-FP32,3,110,45.387707999907434
cpu,HIT,end_to_end,K1-FP32,3,111,45.323124970309436
cpu,HIT,end_to_end,K1-FP32,3,112,45.14973395271227
cpu,HIT,end_to_end,K1-FP32,3,113,44.05436897650361
cpu,HIT,end_to_end,K1-FP32,3,114,44.40915904706344
cpu,HIT,end_to_end,K1-FP32,3,115,45.29596900101751
cpu,HIT,end_to_end,K1-FP32,3,116,44.342176988720894
cpu,HIT,end_to_end,K1-FP32,3,117,44.083259999752045
cpu,HIT,end_to_end,K1-FP32,3,118,43.35303296102211
cpu,HIT,end_to_end,K1-FP32,3,119,44.40854798303917
cpu,HIT,end_to_end,K1-FP32,3,120,45.107148005627096
cpu,HIT,end_to_end,K1-FP32,3,121,43.78482495667413
cpu,HIT,end_to_end,K1-FP32,3,122,45.357079012319446
cpu,HIT,end_to_end,K1-FP32,3,123,43.720973015297204
cpu,HIT,end_to_end,K1-FP32,3,124,44.77065399987623
cpu,HIT,end_to_end,K1-FP32,3,125,44.78175297845155
cpu,HIT,end_to_end,K1-FP32,3,126,44.97261700453237
cpu,HIT,end_to_end,K1-FP32,3,127,43.14866801723838
cpu,HIT,end_to_end,K1-FP32,3,128,42.926549969706684
cpu,HIT,end_to_end,K1-FP32,3,129,43.59042702708393
cpu,HIT,end_to_end,K1-FP32,3,130,43.72838599374518
cpu,HIT,end_to_end,K1-FP32,3,131,44.81381498044357
cpu,HIT,end_to_end,K1-FP32,3,132,43.521889951080084
cpu,HIT,end_to_end,K1-FP32,3,133,43.56881196144968
cpu,HIT,end_to_end,K1-FP32,3,134,43.89412800082937
cpu,HIT,end_to_end,K1-FP32,3,135,43.97449200041592
cpu,HIT,end_to_end,K1-FP32,3,136,45.13152700383216
cpu,HIT,end_to_end,K1-FP32,3,137,43.66536496672779
cpu,HIT,end_to_end,K1-FP32,3,138,44.07542198896408
cpu,HIT,end_to_end,K1-FP32,3,139,44.185927021317184
cpu,HIT,end_to_end,K1-FP32,3,140,45.61390198068693
cpu,HIT,end_to_end,K1-FP32,3,141,42.97774098813534
cpu,HIT,end_to_end,K1-FP32,3,142,45.298580022063106
cpu,HIT,end_to_end,K1-FP32,3,143,45.2725850045681
cpu,HIT,end_to_end,K1-FP32,3,144,43.17400901345536
cpu,HIT,end_to_end,K1-FP32,3,145,45.19071098184213
cpu,HIT,end_to_end,K1-FP32,3,146,44.050975993741304
cpu,HIT,end_to_end,K1-FP32,3,147,44.63149100774899
cpu,HIT,end_to_end,K1-FP32,3,148,43.95619104616344
cpu,HIT,end_to_end,K1-FP32,3,149,44.839695969130844
cpu,HIT,end_to_end,K1-FP32,3,150,44.462287973146886
cpu,HIT,end_to_end,K1-FP32,3,151,44.39219000050798
cpu,HIT,end_to_end,K1-FP32,3,152,43.727696989662945
cpu,HIT,end_to_end,K1-FP32,3,153,44.961830019019544
cpu,HIT,end_to_end,K1-FP32,3,154,45.41728500043973
cpu,HIT,end_to_end,K1-FP32,3,155,44.93832401931286
cpu,HIT,end_to_end,K1-FP32,3,156,43.795447039883584
cpu,HIT,end_to_end,K1-FP32,3,157,44.53700903104618
cpu,HIT,end_to_end,K1-FP32,3,158,45.15446803998202
cpu,HIT,end_to_end,K1-FP32,3,159,43.69794501690194
cpu,HIT,end_to_end,K1-FP32,3,160,44.44913094630465
cpu,HIT,end_to_end,K1-FP32,3,161,42.69431403372437
cpu,HIT,end_to_end,K1-FP32,3,162,42.82693797722459
cpu,HIT,end_to_end,K1-FP32,3,163,43.33233501529321
cpu,HIT,end_to_end,K1-FP32,3,164,42.96879901085049
cpu,HIT,end_to_end,K1-FP32,3,165,44.53765699872747
cpu,HIT,end_to_end,K1-FP32,3,166,44.769778032787144
cpu,HIT,end_to_end,K1-FP32,3,167,43.744365975726396
cpu,HIT,end_to_end,K1-FP32,3,168,45.14824697980657
cpu,HIT,end_to_end,K1-FP32,3,169,43.80529798800126
cpu,HIT,end_to_end,K1-FP32,3,170,44.08176499418914
cpu,HIT,end_to_end,K1-FP32,3,171,43.932563974522054
cpu,HIT,end_to_end,K1-FP32,3,172,43.67097601061687
cpu,HIT,end_to_end,K1-FP32,3,173,44.21413200907409
cpu,HIT,end_to_end,K1-FP32,3,174,44.04456197516993
cpu,HIT,end_to_end,K1-FP32,3,175,44.84180099098012
cpu,HIT,end_to_end,K1-FP32,3,176,43.74007700243965
cpu,HIT,end_to_end,K1-FP32,3,177,45.83564802305773
cpu,HIT,end_to_end,K1-FP32,3,178,43.683837982825935
cpu,HIT,end_to_end,K1-FP32,3,179,45.36016896599904
cpu,HIT,end_to_end,K1-FP32,3,180,44.629641983192414
cpu,HIT,end_to_end,K1-FP32,3,181,44.53134600771591
cpu,HIT,end_to_end,K1-FP32,3,182,43.929448002018034
cpu,HIT,end_to_end,K1-FP32,3,183,44.99228298664093
cpu,HIT,end_to_end,K1-FP32,3,184,44.59644196322188
cpu,HIT,end_to_end,K1-FP32,3,185,43.800274026580155
cpu,HIT,end_to_end,K1-FP32,3,186,43.96025202004239
cpu,HIT,end_to_end,K1-FP32,3,187,44.54782098764554
cpu,HIT,end_to_end,K1-FP32,3,188,44.61281397379935
cpu,HIT,end_to_end,K1-FP32,3,189,43.67049998836592
cpu,HIT,end_to_end,K1-FP32,3,190,45.213248988147825
cpu,HIT,end_to_end,K1-FP32,3,191,43.613603978883475
cpu,HIT,end_to_end,K1-FP32,3,192,43.73283399036154
cpu,HIT,end_to_end,K1-FP32,3,193,43.85406000073999
cpu,HIT,end_to_end,K1-FP32,3,194,44.03427097713575
cpu,HIT,end_to_end,K1-FP32,3,195,44.39120797906071
cpu,HIT,end_to_end,K1-FP32,3,196,43.710833007935435
cpu,HIT,end_to_end,K1-FP32,3,197,44.25493400776759
cpu,HIT,end_to_end,K1-FP32,3,198,44.61227002320811
cpu,HIT,end_to_end,K1-FP32,3,199,43.95802697399631
cpu,HIT,end_to_end,K1-FP32,3,200,44.117116020061076
cpu,HIT,end_to_end,K1-FP32,3,201,45.15791300218552
cpu,HIT,end_to_end,K1-FP32,3,202,42.833540006540716
cpu,HIT,end_to_end,K1-FP32,3,203,44.71343901241198
cpu,HIT,end_to_end,K1-FP32,3,204,44.258505979087204
cpu,HIT,end_to_end,K1-FP32,3,205,45.40483403252438
cpu,HIT,end_to_end,K1-FP32,3,206,43.01189602119848
cpu,HIT,end_to_end,K1-FP32,3,207,44.00522500509396
cpu,HIT,end_to_end,K1-FP32,3,208,43.405042961239815
cpu,HIT,end_to_end,K1-FP32,3,209,44.24827900948003
cpu,HIT,end_to_end,K1-FP32,3,210,43.95253799157217
cpu,HIT,end_to_end,K1-FP32,3,211,44.27587101235986
cpu,HIT,end_to_end,K1-FP32,3,212,44.63439399842173
cpu,HIT,end_to_end,K1-FP32,3,213,45.231627009343356
cpu,HIT,end_to_end,K1-FP32,3,214,42.98381495755166
cpu,HIT,end_to_end,K1-FP32,3,215,43.44446799950674
cpu,HIT,end_to_end,K1-FP32,3,216,43.79160201642662
cpu,HIT,end_to_end,K1-FP32,3,217,45.19743099808693
cpu,HIT,end_to_end,K1-FP32,3,218,44.109736976679415
cpu,HIT,end_to_end,K1-FP32,3,219,43.30510296858847
cpu,HIT,end_to_end,K1-FP32,3,220,44.40197203075513
cpu,HIT,end_to_end,K1-FP32,3,221,43.17739699035883
cpu,HIT,end_to_end,K1-FP32,3,222,43.54882804909721
cpu,HIT,end_to_end,K1-FP32,3,223,43.81465399637818
cpu,HIT,end_to_end,K1-FP32,3,224,43.72993699507788
cpu,HIT,end_to_end,K1-FP32,3,225,43.5266470303759
cpu,HIT,end_to_end,K1-FP32,3,226,44.98979996424168
cpu,HIT,end_to_end,K1-FP32,3,227,43.887365027330816
cpu,HIT,end_to_end,K1-FP32,3,228,44.109923008363694
cpu,HIT,end_to_end,K1-FP32,3,229,45.38394196424633
cpu,HIT,end_to_end,K1-FP32,3,230,43.22726302780211
cpu,HIT,end_to_end,K1-FP32,3,231,44.02834002394229
cpu,HIT,end_to_end,K1-FP32,3,232,45.16304301796481
cpu,HIT,end_to_end,K1-FP32,3,233,43.17563900258392
cpu,HIT,end_to_end,K1-FP32,3,234,43.156206025741994
cpu,HIT,end_to_end,K1-FP32,3,235,44.34149799635634
cpu,HIT,end_to_end,K1-FP32,3,236,43.84723899420351
cpu,HIT,end_to_end,K1-FP32,3,237,44.73890096414834
cpu,HIT,end_to_end,K1-FP32,3,238,44.56791398115456
cpu,HIT,end_to_end,K1-FP32,3,239,44.66402798425406
cpu,HIT,end_to_end,K1-FP32,3,240,43.23970596306026
cpu,HIT,end_to_end,K1-FP32,3,241,43.24589599855244
cpu,HIT,end_to_end,K1-FP32,3,242,44.83419202733785
cpu,HIT,end_to_end,K1-FP32,3,243,44.0470949979499
cpu,HIT,end_to_end,K1-FP32,3,244,44.38443901017308
cpu,HIT,end_to_end,K1-FP32,3,245,45.17015296733007
cpu,HIT,end_to_end,K1-FP32,3,246,43.393119995016605
cpu,HIT,end_to_end,K1-FP32,3,247,44.32165500475094
cpu,HIT,end_to_end,K1-FP32,3,248,44.542638992425054
cpu,HIT,end_to_end,K1-FP32,3,249,44.21065398491919
cpu,MAFAULDA,model_only,K1-FP32,0,0,113.4660430252552
cpu,MAFAULDA,model_only,K1-FP32,0,1,113.10147400945425
cpu,MAFAULDA,model_only,K1-FP32,0,2,111.52046103961766
cpu,MAFAULDA,model_only,K1-FP32,0,3,111.08519899426028
cpu,MAFAULDA,model_only,K1-FP32,0,4,111.34517204482108
cpu,MAFAULDA,model_only,K1-FP32,0,5,111.94660200271755
cpu,MAFAULDA,model_only,K1-FP32,0,6,111.04481702204794
cpu,MAFAULDA,model_only,K1-FP32,0,7,112.17486095847562
cpu,MAFAULDA,model_only,K1-FP32,0,8,113.03258797852322
cpu,MAFAULDA,model_only,K1-FP32,0,9,110.89782696217299
cpu,MAFAULDA,model_only,K1-FP32,0,10,114.80377800762653
cpu,MAFAULDA,model_only,K1-FP32,0,11,112.25159600144252
cpu,MAFAULDA,model_only,K1-FP32,0,12,112.90964198997244
cpu,MAFAULDA,model_only,K1-FP32,0,13,113.19516698131338
cpu,MAFAULDA,model_only,K1-FP32,0,14,112.78439400484785
cpu,MAFAULDA,model_only,K1-FP32,0,15,112.9174159723334
cpu,MAFAULDA,model_only,K1-FP32,0,16,113.18624101113528
cpu,MAFAULDA,model_only,K1-FP32,0,17,112.96922998735681
cpu,MAFAULDA,model_only,K1-FP32,0,18,112.38916998263448
cpu,MAFAULDA,model_only,K1-FP32,0,19,113.48676303168759
cpu,MAFAULDA,model_only,K1-FP32,0,20,112.62346303556114
cpu,MAFAULDA,model_only,K1-FP32,0,21,113.00603102426976
cpu,MAFAULDA,model_only,K1-FP32,0,22,113.1582020316273
cpu,MAFAULDA,model_only,K1-FP32,0,23,112.2532970039174
cpu,MAFAULDA,model_only,K1-FP32,0,24,113.1208689766936
cpu,MAFAULDA,model_only,K1-FP32,0,25,113.09397197328508
cpu,MAFAULDA,model_only,K1-FP32,0,26,113.74643398448825
cpu,MAFAULDA,model_only,K1-FP32,0,27,113.51260700030252
cpu,MAFAULDA,model_only,K1-FP32,0,28,112.48003604123369
cpu,MAFAULDA,model_only,K1-FP32,0,29,113.22750302497298
cpu,MAFAULDA,model_only,K1-FP32,0,30,113.19533101050183
cpu,MAFAULDA,model_only,K1-FP32,0,31,112.9778049653396
cpu,MAFAULDA,model_only,K1-FP32,0,32,113.21788700297475
cpu,MAFAULDA,model_only,K1-FP32,0,33,111.1995599931106
cpu,MAFAULDA,model_only,K1-FP32,0,34,101.3333440059796
cpu,MAFAULDA,model_only,K1-FP32,0,35,113.331881002523
cpu,MAFAULDA,model_only,K1-FP32,0,36,113.4770669741556
cpu,MAFAULDA,model_only,K1-FP32,0,37,113.39882697211578
cpu,MAFAULDA,model_only,K1-FP32,0,38,113.10250801034272
cpu,MAFAULDA,model_only,K1-FP32,0,39,112.88747098296881
cpu,MAFAULDA,model_only,K1-FP32,0,40,111.99050903087482
cpu,MAFAULDA,model_only,K1-FP32,0,41,113.27617603819817
cpu,MAFAULDA,model_only,K1-FP32,0,42,113.22691797977313
cpu,MAFAULDA,model_only,K1-FP32,0,43,112.10349196335301
cpu,MAFAULDA,model_only,K1-FP32,0,44,113.10975498054177
cpu,MAFAULDA,model_only,K1-FP32,0,45,113.80454996833578
cpu,MAFAULDA,model_only,K1-FP32,0,46,113.0002880236134
cpu,MAFAULDA,model_only,K1-FP32,0,47,112.98974696546793
cpu,MAFAULDA,model_only,K1-FP32,0,48,112.31104395119473
cpu,MAFAULDA,model_only,K1-FP32,0,49,112.1664009988308
cpu,MAFAULDA,model_only,K1-FP32,0,50,114.56156900385395
cpu,MAFAULDA,model_only,K1-FP32,0,51,113.59747900860384
cpu,MAFAULDA,model_only,K1-FP32,0,52,112.16705798869953
cpu,MAFAULDA,model_only,K1-FP32,0,53,113.34506899584085
cpu,MAFAULDA,model_only,K1-FP32,0,54,113.52596001233906
cpu,MAFAULDA,model_only,K1-FP32,0,55,113.34978701779619
cpu,MAFAULDA,model_only,K1-FP32,0,56,112.35994298476726
cpu,MAFAULDA,model_only,K1-FP32,0,57,112.15872096363455
cpu,MAFAULDA,model_only,K1-FP32,0,58,113.10211499221623
cpu,MAFAULDA,model_only,K1-FP32,0,59,113.03945304825902
cpu,MAFAULDA,model_only,K1-FP32,0,60,113.20657801115885
cpu,MAFAULDA,model_only,K1-FP32,0,61,113.31308900844306
cpu,MAFAULDA,model_only,K1-FP32,0,62,112.34899301780388
cpu,MAFAULDA,model_only,K1-FP32,0,63,113.25953900814056
cpu,MAFAULDA,model_only,K1-FP32,0,64,112.69933200674132
cpu,MAFAULDA,model_only,K1-FP32,0,65,113.02299000089988
cpu,MAFAULDA,model_only,K1-FP32,0,66,111.85348097933456
cpu,MAFAULDA,model_only,K1-FP32,0,67,113.11552801635116
cpu,MAFAULDA,model_only,K1-FP32,0,68,113.45159902703017
cpu,MAFAULDA,model_only,K1-FP32,0,69,112.21565102459863
cpu,MAFAULDA,model_only,K1-FP32,0,70,112.59150999831036
cpu,MAFAULDA,model_only,K1-FP32,0,71,113.58089599525556
cpu,MAFAULDA,model_only,K1-FP32,0,72,112.54429101245478
cpu,MAFAULDA,model_only,K1-FP32,0,73,112.94627498136833
cpu,MAFAULDA,model_only,K1-FP32,0,74,112.24529898026958
cpu,MAFAULDA,model_only,K1-FP32,0,75,112.28918499546126
cpu,MAFAULDA,model_only,K1-FP32,0,76,113.11972496332601
cpu,MAFAULDA,model_only,K1-FP32,0,77,113.77417697804049
cpu,MAFAULDA,model_only,K1-FP32,0,78,113.27045795042068
cpu,MAFAULDA,model_only,K1-FP32,0,79,112.27695399429649
cpu,MAFAULDA,model_only,K1-FP32,0,80,112.93834901880473
cpu,MAFAULDA,model_only,K1-FP32,0,81,112.40973597159609
cpu,MAFAULDA,model_only,K1-FP32,0,82,113.06864803191274
cpu,MAFAULDA,model_only,K1-FP32,0,83,112.17239400139078
cpu,MAFAULDA,model_only,K1-FP32,0,84,112.12606797926128
cpu,MAFAULDA,model_only,K1-FP32,0,85,113.22955798823386
cpu,MAFAULDA,model_only,K1-FP32,0,86,140.6827760511078
cpu,MAFAULDA,model_only,K1-FP32,0,87,112.27201495785266
cpu,MAFAULDA,model_only,K1-FP32,0,88,110.3196429903619
cpu,MAFAULDA,model_only,K1-FP32,0,89,103.67625101935118
cpu,MAFAULDA,model_only,K1-FP32,0,90,113.62188699422404
cpu,MAFAULDA,model_only,K1-FP32,0,91,112.54733696114272
cpu,MAFAULDA,model_only,K1-FP32,0,92,113.17170097026974
cpu,MAFAULDA,model_only,K1-FP32,0,93,113.22295997524634
cpu,MAFAULDA,model_only,K1-FP32,0,94,112.13669698918238
cpu,MAFAULDA,model_only,K1-FP32,0,95,113.25337801827118
cpu,MAFAULDA,model_only,K1-FP32,0,96,112.06571495858952
cpu,MAFAULDA,model_only,K1-FP32,0,97,112.46003996348009
cpu,MAFAULDA,model_only,K1-FP32,0,98,113.74407197581604
cpu,MAFAULDA,model_only,K1-FP32,0,99,112.17709397897124
cpu,MAFAULDA,model_only,K1-FP32,0,100,111.85132001992315
cpu,MAFAULDA,model_only,K1-FP32,0,101,113.25597600080073
cpu,MAFAULDA,model_only,K1-FP32,0,102,113.24730300111696
cpu,MAFAULDA,model_only,K1-FP32,0,103,113.12744399765506
cpu,MAFAULDA,model_only,K1-FP32,0,104,113.15367696806788
cpu,MAFAULDA,model_only,K1-FP32,0,105,112.07224003737792
cpu,MAFAULDA,model_only,K1-FP32,0,106,112.27257701102644
cpu,MAFAULDA,model_only,K1-FP32,0,107,113.02092298865318
cpu,MAFAULDA,model_only,K1-FP32,0,108,112.96107701491565
cpu,MAFAULDA,model_only,K1-FP32,0,109,112.3742539784871
cpu,MAFAULDA,model_only,K1-FP32,0,110,112.19400796107948
cpu,MAFAULDA,model_only,K1-FP32,0,111,112.26314399391413
cpu,MAFAULDA,model_only,K1-FP32,0,112,113.31837199395522
cpu,MAFAULDA,model_only,K1-FP32,0,113,112.27512697223574
cpu,MAFAULDA,model_only,K1-FP32,0,114,112.28079302236438
cpu,MAFAULDA,model_only,K1-FP32,0,115,113.89619699912146
cpu,MAFAULDA,model_only,K1-FP32,0,116,113.2680070004426
cpu,MAFAULDA,model_only,K1-FP32,0,117,113.04585600737482
cpu,MAFAULDA,model_only,K1-FP32,0,118,113.17431199131534
cpu,MAFAULDA,model_only,K1-FP32,0,119,112.01580299530178
cpu,MAFAULDA,model_only,K1-FP32,0,120,113.28002403024584
cpu,MAFAULDA,model_only,K1-FP32,0,121,112.10337799275294
cpu,MAFAULDA,model_only,K1-FP32,0,122,113.5710240341723
cpu,MAFAULDA,model_only,K1-FP32,0,123,112.24306497024372
cpu,MAFAULDA,model_only,K1-FP32,0,124,112.64520598342642
cpu,MAFAULDA,model_only,K1-FP32,0,125,112.23484098445624
cpu,MAFAULDA,model_only,K1-FP32,0,126,113.40255400864407
cpu,MAFAULDA,model_only,K1-FP32,0,127,110.90149998199195
cpu,MAFAULDA,model_only,K1-FP32,0,128,115.20650499733165
cpu,MAFAULDA,model_only,K1-FP32,0,129,112.1898689889349
cpu,MAFAULDA,model_only,K1-FP32,0,130,112.17034299625084
cpu,MAFAULDA,model_only,K1-FP32,0,131,113.19927900331095
cpu,MAFAULDA,model_only,K1-FP32,0,132,112.9834019811824
cpu,MAFAULDA,model_only,K1-FP32,0,133,112.46476200176403
cpu,MAFAULDA,model_only,K1-FP32,0,134,111.64383898722008
cpu,MAFAULDA,model_only,K1-FP32,0,135,111.51208000956103
cpu,MAFAULDA,model_only,K1-FP32,0,136,111.33311700541526
cpu,MAFAULDA,model_only,K1-FP32,0,137,116.6854799957946
cpu,MAFAULDA,model_only,K1-FP32,0,138,112.77112801326439
cpu,MAFAULDA,model_only,K1-FP32,0,139,110.84664100781083
cpu,MAFAULDA,model_only,K1-FP32,0,140,100.62842699699104
cpu,MAFAULDA,model_only,K1-FP32,0,141,99.8758640489541
cpu,MAFAULDA,model_only,K1-FP32,0,142,115.31313799787313
cpu,MAFAULDA,model_only,K1-FP32,0,143,112.06805700203404
cpu,MAFAULDA,model_only,K1-FP32,0,144,113.06472698925063
cpu,MAFAULDA,model_only,K1-FP32,0,145,112.67199600115418
cpu,MAFAULDA,model_only,K1-FP32,0,146,111.7267610388808
cpu,MAFAULDA,model_only,K1-FP32,0,147,112.62292799074203
cpu,MAFAULDA,model_only,K1-FP32,0,148,111.95435095578432
cpu,MAFAULDA,model_only,K1-FP32,0,149,112.788308004383
cpu,MAFAULDA,model_only,K1-FP32,0,150,113.06911404244602
cpu,MAFAULDA,model_only,K1-FP32,0,151,113.14679600764066
cpu,MAFAULDA,model_only,K1-FP32,0,152,113.00447501707822
cpu,MAFAULDA,model_only,K1-FP32,0,153,113.12741599977016
cpu,MAFAULDA,model_only,K1-FP32,0,154,112.25658201146871
cpu,MAFAULDA,model_only,K1-FP32,0,155,112.56908305222169
cpu,MAFAULDA,model_only,K1-FP32,0,156,112.25429800106212
cpu,MAFAULDA,model_only,K1-FP32,0,157,112.07718803780153
cpu,MAFAULDA,model_only,K1-FP32,0,158,111.80622497340664
cpu,MAFAULDA,model_only,K1-FP32,0,159,112.12166299810633
cpu,MAFAULDA,model_only,K1-FP32,0,160,112.39873798331246
cpu,MAFAULDA,model_only,K1-FP32,0,161,111.26460798550397
cpu,MAFAULDA,model_only,K1-FP32,0,162,111.19590199086815
cpu,MAFAULDA,model_only,K1-FP32,0,163,112.06955398665741
cpu,MAFAULDA,model_only,K1-FP32,0,164,110.90920201968402
cpu,MAFAULDA,model_only,K1-FP32,0,165,112.03685897635296
cpu,MAFAULDA,model_only,K1-FP32,0,166,111.03486397769302
cpu,MAFAULDA,model_only,K1-FP32,0,167,111.90689000068232
cpu,MAFAULDA,model_only,K1-FP32,0,168,111.00331996567547
cpu,MAFAULDA,model_only,K1-FP32,0,169,111.185125017073
cpu,MAFAULDA,model_only,K1-FP32,0,170,110.99797900533304
cpu,MAFAULDA,model_only,K1-FP32,0,171,111.8292459868826
cpu,MAFAULDA,model_only,K1-FP32,0,172,111.7387959966436
cpu,MAFAULDA,model_only,K1-FP32,0,173,113.14792500343174
cpu,MAFAULDA,model_only,K1-FP32,0,174,113.05047199130058
cpu,MAFAULDA,model_only,K1-FP32,0,175,112.04737599473447
cpu,MAFAULDA,model_only,K1-FP32,0,176,111.95929901441559
cpu,MAFAULDA,model_only,K1-FP32,0,177,112.06415400374681
cpu,MAFAULDA,model_only,K1-FP32,0,178,112.91131901089102
cpu,MAFAULDA,model_only,K1-FP32,0,179,113.9781610108912
cpu,MAFAULDA,model_only,K1-FP32,0,180,111.99584102723747
cpu,MAFAULDA,model_only,K1-FP32,0,181,111.88805004348978
cpu,MAFAULDA,model_only,K1-FP32,0,182,112.03791195293888
cpu,MAFAULDA,model_only,K1-FP32,0,183,113.0261310026981
cpu,MAFAULDA,model_only,K1-FP32,0,184,112.84368502674624
cpu,MAFAULDA,model_only,K1-FP32,0,185,110.67931895377114
cpu,MAFAULDA,model_only,K1-FP32,0,186,111.9408659869805
cpu,MAFAULDA,model_only,K1-FP32,0,187,112.66668001189828
cpu,MAFAULDA,model_only,K1-FP32,0,188,112.10098100127652
cpu,MAFAULDA,model_only,K1-FP32,0,189,113.08504198677838
cpu,MAFAULDA,model_only,K1-FP32,0,190,112.02353902626783
cpu,MAFAULDA,model_only,K1-FP32,0,191,112.92824300471693
cpu,MAFAULDA,model_only,K1-FP32,0,192,112.142832018435
cpu,MAFAULDA,model_only,K1-FP32,0,193,113.41863899724558
cpu,MAFAULDA,model_only,K1-FP32,0,194,113.06707095354795
cpu,MAFAULDA,model_only,K1-FP32,0,195,112.26356803672388
cpu,MAFAULDA,model_only,K1-FP32,0,196,113.37185499724
cpu,MAFAULDA,model_only,K1-FP32,0,197,113.40535496128723
cpu,MAFAULDA,model_only,K1-FP32,0,198,112.30406101094559
cpu,MAFAULDA,model_only,K1-FP32,0,199,110.18330801744014
cpu,MAFAULDA,model_only,K1-FP32,0,200,114.98872999800369
cpu,MAFAULDA,model_only,K1-FP32,0,201,110.93401699326932
cpu,MAFAULDA,model_only,K1-FP32,0,202,113.23845398146659
cpu,MAFAULDA,model_only,K1-FP32,0,203,112.95413301559165
cpu,MAFAULDA,model_only,K1-FP32,0,204,113.96408802829683
cpu,MAFAULDA,model_only,K1-FP32,0,205,113.73846500646323
cpu,MAFAULDA,model_only,K1-FP32,0,206,112.2846050420776
cpu,MAFAULDA,model_only,K1-FP32,0,207,112.78708302415907
cpu,MAFAULDA,model_only,K1-FP32,0,208,112.30815603630617
cpu,MAFAULDA,model_only,K1-FP32,0,209,113.04747097892687
cpu,MAFAULDA,model_only,K1-FP32,0,210,113.25564497383311
cpu,MAFAULDA,model_only,K1-FP32,0,211,112.20367503119633
cpu,MAFAULDA,model_only,K1-FP32,0,212,112.05689498456195
cpu,MAFAULDA,model_only,K1-FP32,0,213,112.60697903344408
cpu,MAFAULDA,model_only,K1-FP32,0,214,110.05184799432755
cpu,MAFAULDA,model_only,K1-FP32,0,215,114.34855998959392
cpu,MAFAULDA,model_only,K1-FP32,0,216,111.86920403270051
cpu,MAFAULDA,model_only,K1-FP32,0,217,112.01847699703649
cpu,MAFAULDA,model_only,K1-FP32,0,218,112.08210297627375
cpu,MAFAULDA,model_only,K1-FP32,0,219,111.88753403257579
cpu,MAFAULDA,model_only,K1-FP32,0,220,113.00686601316556
cpu,MAFAULDA,model_only,K1-FP32,0,221,111.64483102038503
cpu,MAFAULDA,model_only,K1-FP32,0,222,112.46143496828154
cpu,MAFAULDA,model_only,K1-FP32,0,223,113.4160709916614
cpu,MAFAULDA,model_only,K1-FP32,0,224,111.57702497439459
cpu,MAFAULDA,model_only,K1-FP32,0,225,102.81267401296645
cpu,MAFAULDA,model_only,K1-FP32,0,226,113.1101360078901
cpu,MAFAULDA,model_only,K1-FP32,0,227,113.24385099578649
cpu,MAFAULDA,model_only,K1-FP32,0,228,112.04622901277617
cpu,MAFAULDA,model_only,K1-FP32,0,229,114.03734498890117
cpu,MAFAULDA,model_only,K1-FP32,0,230,112.34545899787918
cpu,MAFAULDA,model_only,K1-FP32,0,231,112.59600700577721
cpu,MAFAULDA,model_only,K1-FP32,0,232,113.12150000594556
cpu,MAFAULDA,model_only,K1-FP32,0,233,113.39066398795694
cpu,MAFAULDA,model_only,K1-FP32,0,234,112.85614804364741
cpu,MAFAULDA,model_only,K1-FP32,0,235,112.02866199892014
cpu,MAFAULDA,model_only,K1-FP32,0,236,111.91194201819599
cpu,MAFAULDA,model_only,K1-FP32,0,237,113.27842297032475
cpu,MAFAULDA,model_only,K1-FP32,0,238,113.05386596359313
cpu,MAFAULDA,model_only,K1-FP32,0,239,112.81113303266466
cpu,MAFAULDA,model_only,K1-FP32,0,240,112.18861601082608
cpu,MAFAULDA,model_only,K1-FP32,0,241,112.69089498091489
cpu,MAFAULDA,model_only,K1-FP32,0,242,112.81546100508422
cpu,MAFAULDA,model_only,K1-FP32,0,243,111.94910097401589
cpu,MAFAULDA,model_only,K1-FP32,0,244,111.95817397674546
cpu,MAFAULDA,model_only,K1-FP32,0,245,112.10037401178852
cpu,MAFAULDA,model_only,K1-FP32,0,246,113.30129503039643
cpu,MAFAULDA,model_only,K1-FP32,0,247,113.22597600519657
cpu,MAFAULDA,model_only,K1-FP32,0,248,112.01159696793184
cpu,MAFAULDA,model_only,K1-FP32,0,249,112.84897697623819
cpu,MAFAULDA,model_only,Q8-cpu_dynamic,0,0,107.42717800894752
cpu,MAFAULDA,model_only,Q8-cpu_dynamic,0,1,107.42909397231415
cpu,MAFAULDA,model_only,Q8-cpu_dynamic,0,2,105.7126289815642
cpu,MAFAULDA,model_only,Q8-cpu_dynamic,0,3,105.28979200171307
cpu,MAFAULDA,model_only,Q8-cpu_dynamic,0,4,95.56217503268272
cpu,MAFAULDA,model_only,Q8-cpu_dynamic,0,5,108.13761397730559
cpu,MAFAULDA,model_only,Q8-cpu_dynamic,0,6,106.73253604909405
cpu,MAFAULDA,model_only,Q8-cpu_dynamic,0,7,106.6130250110291
cpu,MAFAULDA,model_only,Q8-cpu_dynamic,0,8,106.84749396750703
cpu,MAFAULDA,model_only,Q8-cpu_dynamic,0,9,107.40595898823813
cpu,MAFAULDA,model_only,Q8-cpu_dynamic,0,10,107.44584596250206
cpu,MAFAULDA,model_only,Q8-cpu_dynamic,0,11,106.71788401668891
cpu,MAFAULDA,model_only,Q8-cpu_dynamic,0,12,106.83950100792572
cpu,MAFAULDA,model_only,Q8-cpu_dynamic,0,13,106.9348850287497
cpu,MAFAULDA,model_only,Q8-cpu_dynamic,0,14,106.87376401619986
cpu,MAFAULDA,model_only,Q8-cpu_dynamic,0,15,106.7102060187608
cpu,MAFAULDA,model_only,Q8-cpu_dynamic,0,16,106.620668026153
cpu,MAFAULDA,model_only,Q8-cpu_dynamic,0,17,106.9297919748351
cpu,MAFAULDA,model_only,Q8-cpu_dynamic,0,18,106.96845996426418
cpu,MAFAULDA,model_only,Q8-cpu_dynamic,0,19,107.39103303058073
cpu,MAFAULDA,model_only,Q8-cpu_dynamic,0,20,107.34092502389103
cpu,MAFAULDA,model_only,Q8-cpu_dynamic,0,21,106.74318094970658
cpu,MAFAULDA,model_only,Q8-cpu_dynamic,0,22,105.85076996358112
cpu,MAFAULDA,model_only,Q8-cpu_dynamic,0,23,106.7583829862997
cpu,MAFAULDA,model_only,Q8-cpu_dynamic,0,24,107.00686002383009
cpu,MAFAULDA,model_only,Q8-cpu_dynamic,0,25,106.76511301426217
cpu,MAFAULDA,model_only,Q8-cpu_dynamic,0,26,106.65383702144027
cpu,MAFAULDA,model_only,Q8-cpu_dynamic,0,27,107.04906797036529
cpu,MAFAULDA,model_only,Q8-cpu_dynamic,0,28,106.76812898600474
cpu,MAFAULDA,model_only,Q8-cpu_dynamic,0,29,106.24700400512666
cpu,MAFAULDA,model_only,Q8-cpu_dynamic,0,30,105.02047801855952
cpu,MAFAULDA,model_only,Q8-cpu_dynamic,0,31,95.93840298475698
cpu,MAFAULDA,model_only,Q8-cpu_dynamic,0,32,100.11400596704334
cpu,MAFAULDA,model_only,Q8-cpu_dynamic,0,33,107.23016096744686
cpu,MAFAULDA,model_only,Q8-cpu_dynamic,0,34,106.87912499997765
cpu,MAFAULDA,model_only,Q8-cpu_dynamic,0,35,106.70148098142818
cpu,MAFAULDA,model_only,Q8-cpu_dynamic,0,36,105.97097501158714
cpu,MAFAULDA,model_only,Q8-cpu_dynamic,0,37,105.97861401038244
cpu,MAFAULDA,model_only,Q8-cpu_dynamic,0,38,106.77446605404839
cpu,MAFAULDA,model_only,Q8-cpu_dynamic,0,39,107.49446001136675
cpu,MAFAULDA,model_only,Q8-cpu_dynamic,0,40,106.92092898534611
cpu,MAFAULDA,model_only,Q8-cpu_dynamic,0,41,105.06540501955897
cpu,MAFAULDA,model_only,Q8-cpu_dynamic,0,42,95.86050099460408
cpu,MAFAULDA,model_only,Q8-cpu_dynamic,0,43,103.81982801482081
cpu,MAFAULDA,model_only,Q8-cpu_dynamic,0,44,105.58895202120766
cpu,MAFAULDA,model_only,Q8-cpu_dynamic,0,45,96.26934595871717
cpu,MAFAULDA,model_only,Q8-cpu_dynamic,0,46,96.94443497573957
cpu,MAFAULDA,model_only,Q8-cpu_dynamic,0,47,98.98138896096498
cpu,MAFAULDA,model_only,Q8-cpu_dynamic,0,48,107.0548029965721
cpu,MAFAULDA,model_only,Q8-cpu_dynamic,0,49,106.8239490268752
cpu,MAFAULDA,model_only,Q8-cpu_dynamic,0,50,106.13518801983446
cpu,MAFAULDA,model_only,Q8-cpu_dynamic,0,51,106.76147899357602
cpu,MAFAULDA,model_only,Q8-cpu_dynamic,0,52,106.89944197656587
cpu,MAFAULDA,model_only,Q8-cpu_dynamic,0,53,106.92729899892583
cpu,MAFAULDA,model_only,Q8-cpu_dynamic,0,54,106.20401299092919
cpu,MAFAULDA,model_only,Q8-cpu_dynamic,0,55,106.899444013834
cpu,MAFAULDA,model_only,Q8-cpu_dynamic,0,56,106.28171998541802
cpu,MAFAULDA,model_only,Q8-cpu_dynamic,0,57,105.87300098268315
cpu,MAFAULDA,model_only,Q8-cpu_dynamic,0,58,107.17914899578318
cpu,MAFAULDA,model_only,Q8-cpu_dynamic,0,59,106.90517199691385
cpu,MAFAULDA,model_only,Q8-cpu_dynamic,0,60,106.76339297788218
cpu,MAFAULDA,model_only,Q8-cpu_dynamic,0,61,106.70301399659365
cpu,MAFAULDA,model_only,Q8-cpu_dynamic,0,62,106.77163599757478
cpu,MAFAULDA,model_only,Q8-cpu_dynamic,0,63,106.67018499225378
cpu,MAFAULDA,model_only,Q8-cpu_dynamic,0,64,106.86428897315636
cpu,MAFAULDA,model_only,Q8-cpu_dynamic,0,65,104.77317299228162
cpu,MAFAULDA,model_only,Q8-cpu_dynamic,0,66,98.23142096865922
cpu,MAFAULDA,model_only,Q8-cpu_dynamic,0,67,107.45392000535503
cpu,MAFAULDA,model_only,Q8-cpu_dynamic,0,68,105.71526596322656
cpu,MAFAULDA,model_only,Q8-cpu_dynamic,0,69,106.77089000819251
cpu,MAFAULDA,model_only,Q8-cpu_dynamic,0,70,105.85281305247918
cpu,MAFAULDA,model_only,Q8-cpu_dynamic,0,71,107.01388795860112
cpu,MAFAULDA,model_only,Q8-cpu_dynamic,0,72,107.54366999026388
cpu,MAFAULDA,model_only,Q8-cpu_dynamic,0,73,106.77301901159808
cpu,MAFAULDA,model_only,Q8-cpu_dynamic,0,74,106.99825402116403
cpu,MAFAULDA,model_only,Q8-cpu_dynamic,0,75,107.12192300707102
cpu,MAFAULDA,model_only,Q8-cpu_dynamic,0,76,106.59047198714688
cpu,MAFAULDA,model_only,Q8-cpu_dynamic,0,77,106.88355599995703
cpu,MAFAULDA,model_only,Q8-cpu_dynamic,0,78,106.79643700132146
cpu,MAFAULDA,model_only,Q8-cpu_dynamic,0,79,106.73447302542627
cpu,MAFAULDA,model_only,Q8-cpu_dynamic,0,80,106.84029397089034
cpu,MAFAULDA,model_only,Q8-cpu_dynamic,0,81,106.82657995494083
cpu,MAFAULDA,model_only,Q8-cpu_dynamic,0,82,105.3151169908233
cpu,MAFAULDA,model_only,Q8-cpu_dynamic,0,83,109.04021497117355
cpu,MAFAULDA,model_only,Q8-cpu_dynamic,0,84,107.09424398373812
cpu,MAFAULDA,model_only,Q8-cpu_dynamic,0,85,107.28999297134578
cpu,MAFAULDA,model_only,Q8-cpu_dynamic,0,86,107.20743902493268
cpu,MAFAULDA,model_only,Q8-cpu_dynamic,0,87,106.77885502809659
cpu,MAFAULDA,model_only,Q8-cpu_dynamic,0,88,105.78449396416545
cpu,MAFAULDA,model_only,Q8-cpu_dynamic,0,89,106.83193698059767
cpu,MAFAULDA,model_only,Q8-cpu_dynamic,0,90,106.7313120001927
cpu,MAFAULDA,model_only,Q8-cpu_dynamic,0,91,106.7973020253703
cpu,MAFAULDA,model_only,Q8-cpu_dynamic,0,92,106.012404023204
cpu,MAFAULDA,model_only,Q8-cpu_dynamic,0,93,106.83544498169795
cpu,MAFAULDA,model_only,Q8-cpu_dynamic,0,94,107.32635401654989
cpu,MAFAULDA,model_only,Q8-cpu_dynamic,0,95,107.18372801784426
cpu,MAFAULDA,model_only,Q8-cpu_dynamic,0,96,107.40759701002389
cpu,MAFAULDA,model_only,Q8-cpu_dynamic,0,97,107.04415495274588
cpu,MAFAULDA,model_only,Q8-cpu_dynamic,0,98,106.6302370163612
cpu,MAFAULDA,model_only,Q8-cpu_dynamic,0,99,106.82755301240832
cpu,MAFAULDA,model_only,Q8-cpu_dynamic,0,100,106.77760798716918
cpu,MAFAULDA,model_only,Q8-cpu_dynamic,0,101,106.15153500111774
cpu,MAFAULDA,model_only,Q8-cpu_dynamic,0,102,105.09061894845217
cpu,MAFAULDA,model_only,Q8-cpu_dynamic,0,103,97.17212797841057
cpu,MAFAULDA,model_only,Q8-cpu_dynamic,0,104,107.40142298163846
cpu,MAFAULDA,model_only,Q8-cpu_dynamic,0,105,107.04355599591509
cpu,MAFAULDA,model_only,Q8-cpu_dynamic,0,106,106.68117698514834
cpu,MAFAULDA,model_only,Q8-cpu_dynamic,0,107,106.84106801636517
cpu,MAFAULDA,model_only,Q8-cpu_dynamic,0,108,106.96901800110936
cpu,MAFAULDA,model_only,Q8-cpu_dynamic,0,109,106.80912504903972
cpu,MAFAULDA,model_only,Q8-cpu_dynamic,0,110,106.96177097270265
cpu,MAFAULDA,model_only,Q8-cpu_dynamic,0,111,105.52985896356404
cpu,MAFAULDA,model_only,Q8-cpu_dynamic,0,112,107.54013201221824
cpu,MAFAULDA,model_only,Q8-cpu_dynamic,0,113,106.67545802425593
cpu,MAFAULDA,model_only,Q8-cpu_dynamic,0,114,107.6944830128923
cpu,MAFAULDA,model_only,Q8-cpu_dynamic,0,115,106.70955502428114
cpu,MAFAULDA,model_only,Q8-cpu_dynamic,0,116,106.5931820194237
cpu,MAFAULDA,model_only,Q8-cpu_dynamic,0,117,106.67524498421699
cpu,MAFAULDA,model_only,Q8-cpu_dynamic,0,118,106.74628202104941
cpu,MAFAULDA,model_only,Q8-cpu_dynamic,0,119,106.9842730066739
cpu,MAFAULDA,model_only,Q8-cpu_dynamic,0,120,105.59025703696534
cpu,MAFAULDA,model_only,Q8-cpu_dynamic,0,121,106.75998701481149
cpu,MAFAULDA,model_only,Q8-cpu_dynamic,0,122,107.34289494575933
cpu,MAFAULDA,model_only,Q8-cpu_dynamic,0,123,106.71950300456956
cpu,MAFAULDA,model_only,Q8-cpu_dynamic,0,124,107.10387799190357
cpu,MAFAULDA,model_only,Q8-cpu_dynamic,0,125,105.77672196086496
cpu,MAFAULDA,model_only,Q8-cpu_dynamic,0,126,106.8216489511542
cpu,MAFAULDA,model_only,Q8-cpu_dynamic,0,127,106.74317099619657
cpu,MAFAULDA,model_only,Q8-cpu_dynamic,0,128,107.03465400729328
cpu,MAFAULDA,model_only,Q8-cpu_dynamic,0,129,106.65095003787428
cpu,MAFAULDA,model_only,Q8-cpu_dynamic,0,130,106.77584999939427
cpu,MAFAULDA,model_only,Q8-cpu_dynamic,0,131,107.25158598506823
cpu,MAFAULDA,model_only,Q8-cpu_dynamic,0,132,106.9787879823707
cpu,MAFAULDA,model_only,Q8-cpu_dynamic,0,133,107.843370991759
cpu,MAFAULDA,model_only,Q8-cpu_dynamic,0,134,105.90270295506343
cpu,MAFAULDA,model_only,Q8-cpu_dynamic,0,135,106.78344796178862
cpu,MAFAULDA,model_only,Q8-cpu_dynamic,0,136,106.02839000057429
cpu,MAFAULDA,model_only,Q8-cpu_dynamic,0,137,105.78273999271914
cpu,MAFAULDA,model_only,Q8-cpu_dynamic,0,138,106.90097400220111
cpu,MAFAULDA,model_only,Q8-cpu_dynamic,0,139,106.80061299353838
cpu,MAFAULDA,model_only,Q8-cpu_dynamic,0,140,108.81119297118858
cpu,MAFAULDA,model_only,Q8-cpu_dynamic,0,141,106.73885402502492
cpu,MAFAULDA,model_only,Q8-cpu_dynamic,0,142,106.90282296855003
cpu,MAFAULDA,model_only,Q8-cpu_dynamic,0,143,106.92603403003886
cpu,MAFAULDA,model_only,Q8-cpu_dynamic,0,144,106.82790802093223
cpu,MAFAULDA,model_only,Q8-cpu_dynamic,0,145,106.96552804438397
cpu,MAFAULDA,model_only,Q8-cpu_dynamic,0,146,106.91447503631935
cpu,MAFAULDA,model_only,Q8-cpu_dynamic,0,147,105.98025604849681
cpu,MAFAULDA,model_only,Q8-cpu_dynamic,0,148,107.13177901925519
cpu,MAFAULDA,model_only,Q8-cpu_dynamic,0,149,105.58075801236555
cpu,MAFAULDA,model_only,Q8-cpu_dynamic,0,150,109.53352600336075
cpu,MAFAULDA,model_only,Q8-cpu_dynamic,0,151,106.94927797885612
cpu,MAFAULDA,model_only,Q8-cpu_dynamic,0,152,107.29571199044585
cpu,MAFAULDA,model_only,Q8-cpu_dynamic,0,153,106.98833403876051
cpu,MAFAULDA,model_only,Q8-cpu_dynamic,0,154,105.7851780205965
cpu,MAFAULDA,model_only,Q8-cpu_dynamic,0,155,106.91021900856867
cpu,MAFAULDA,model_only,Q8-cpu_dynamic,0,156,106.85857298085466
cpu,MAFAULDA,model_only,Q8-cpu_dynamic,0,157,106.84449999826029
cpu,MAFAULDA,model_only,Q8-cpu_dynamic,0,158,106.85398703208193
cpu,MAFAULDA,model_only,Q8-cpu_dynamic,0,159,106.89538199221715
cpu,MAFAULDA,model_only,Q8-cpu_dynamic,0,160,107.05558001063764
cpu,MAFAULDA,model_only,Q8-cpu_dynamic,0,161,107.57155000464991
cpu,MAFAULDA,model_only,Q8-cpu_dynamic,0,162,105.7918579899706
cpu,MAFAULDA,model_only,Q8-cpu_dynamic,0,163,105.82001402508467
cpu,MAFAULDA,model_only,Q8-cpu_dynamic,0,164,106.71412001829594
cpu,MAFAULDA,model_only,Q8-cpu_dynamic,0,165,107.01894300291315
cpu,MAFAULDA,model_only,Q8-cpu_dynamic,0,166,106.83515999699011
cpu,MAFAULDA,model_only,Q8-cpu_dynamic,0,167,107.44693997548893
cpu,MAFAULDA,model_only,Q8-cpu_dynamic,0,168,106.5661339671351
cpu,MAFAULDA,model_only,Q8-cpu_dynamic,0,169,106.26721801236272
cpu,MAFAULDA,model_only,Q8-cpu_dynamic,0,170,106.4155439962633
cpu,MAFAULDA,model_only,Q8-cpu_dynamic,0,171,105.22171697812155
cpu,MAFAULDA,model_only,Q8-cpu_dynamic,0,172,104.40734098665416
cpu,MAFAULDA,model_only,Q8-cpu_dynamic,0,173,108.15493599511683
cpu,MAFAULDA,model_only,Q8-cpu_dynamic,0,174,106.24434502096847
cpu,MAFAULDA,model_only,Q8-cpu_dynamic,0,175,106.00947600323707
cpu,MAFAULDA,model_only,Q8-cpu_dynamic,0,176,105.69820902310312
cpu,MAFAULDA,model_only,Q8-cpu_dynamic,0,177,105.2937859785743
cpu,MAFAULDA,model_only,Q8-cpu_dynamic,0,178,106.30132199730724
cpu,MAFAULDA,model_only,Q8-cpu_dynamic,0,179,106.66964697884396
cpu,MAFAULDA,model_only,Q8-cpu_dynamic,0,180,106.25948500819504
cpu,MAFAULDA,model_only,Q8-cpu_dynamic,0,181,107.3749500210397
cpu,MAFAULDA,model_only,Q8-cpu_dynamic,0,182,106.10046796500683
cpu,MAFAULDA,model_only,Q8-cpu_dynamic,0,183,106.07343399897218
cpu,MAFAULDA,model_only,Q8-cpu_dynamic,0,184,105.4119219770655
cpu,MAFAULDA,model_only,Q8-cpu_dynamic,0,185,105.95726600149646
cpu,MAFAULDA,model_only,Q8-cpu_dynamic,0,186,106.17211298085749
cpu,MAFAULDA,model_only,Q8-cpu_dynamic,0,187,106.51288699591532
cpu,MAFAULDA,model_only,Q8-cpu_dynamic,0,188,106.19206598494202
cpu,MAFAULDA,model_only,Q8-cpu_dynamic,0,189,106.27353901509196
cpu,MAFAULDA,model_only,Q8-cpu_dynamic,0,190,106.25511698890477
cpu,MAFAULDA,model_only,Q8-cpu_dynamic,0,191,106.18557297857478
cpu,MAFAULDA,model_only,Q8-cpu_dynamic,0,192,105.06913904100657
cpu,MAFAULDA,model_only,Q8-cpu_dynamic,0,193,107.49049100559205
cpu,MAFAULDA,model_only,Q8-cpu_dynamic,0,194,106.42950801411644
cpu,MAFAULDA,model_only,Q8-cpu_dynamic,0,195,106.8777100299485
cpu,MAFAULDA,model_only,Q8-cpu_dynamic,0,196,105.17876001540571
cpu,MAFAULDA,model_only,Q8-cpu_dynamic,0,197,103.95167698152363
cpu,MAFAULDA,model_only,Q8-cpu_dynamic,0,198,108.58625202672556
cpu,MAFAULDA,model_only,Q8-cpu_dynamic,0,199,106.8799479980953
cpu,MAFAULDA,model_only,Q8-cpu_dynamic,0,200,106.12045199377462
cpu,MAFAULDA,model_only,Q8-cpu_dynamic,0,201,105.28166504809633
cpu,MAFAULDA,model_only,Q8-cpu_dynamic,0,202,106.34038195712492
cpu,MAFAULDA,model_only,Q8-cpu_dynamic,0,203,106.28197499318048
cpu,MAFAULDA,model_only,Q8-cpu_dynamic,0,204,105.44068994931877
cpu,MAFAULDA,model_only,Q8-cpu_dynamic,0,205,106.07969900593162
cpu,MAFAULDA,model_only,Q8-cpu_dynamic,0,206,106.5844859695062
cpu,MAFAULDA,model_only,Q8-cpu_dynamic,0,207,106.37186001986265
cpu,MAFAULDA,model_only,Q8-cpu_dynamic,0,208,107.21821401966736
cpu,MAFAULDA,model_only,Q8-cpu_dynamic,0,209,106.71909799566492
cpu,MAFAULDA,model_only,Q8-cpu_dynamic,0,210,106.26901796786115
cpu,MAFAULDA,model_only,Q8-cpu_dynamic,0,211,106.18267295649275
cpu,MAFAULDA,model_only,Q8-cpu_dynamic,0,212,106.15449998294935
cpu,MAFAULDA,model_only,Q8-cpu_dynamic,0,213,106.24663502676412
cpu,MAFAULDA,model_only,Q8-cpu_dynamic,0,214,105.43355299159884
cpu,MAFAULDA,model_only,Q8-cpu_dynamic,0,215,106.01112397853285
cpu,MAFAULDA,model_only,Q8-cpu_dynamic,0,216,106.75542696844786
cpu,MAFAULDA,model_only,Q8-cpu_dynamic,0,217,106.35982599342242
cpu,MAFAULDA,model_only,Q8-cpu_dynamic,0,218,104.71947200130671
cpu,MAFAULDA,model_only,Q8-cpu_dynamic,0,219,96.58964799018577
cpu,MAFAULDA,model_only,Q8-cpu_dynamic,0,220,106.6845579771325
cpu,MAFAULDA,model_only,Q8-cpu_dynamic,0,221,106.36851500021294
cpu,MAFAULDA,model_only,Q8-cpu_dynamic,0,222,106.52310797013342
cpu,MAFAULDA,model_only,Q8-cpu_dynamic,0,223,106.67334805475548
cpu,MAFAULDA,model_only,Q8-cpu_dynamic,0,224,106.18972801603377
cpu,MAFAULDA,model_only,Q8-cpu_dynamic,0,225,106.8787060212344
cpu,MAFAULDA,model_only,Q8-cpu_dynamic,0,226,106.289885006845
cpu,MAFAULDA,model_only,Q8-cpu_dynamic,0,227,106.67343396926299
cpu,MAFAULDA,model_only,Q8-cpu_dynamic,0,228,106.78822197951376
cpu,MAFAULDA,model_only,Q8-cpu_dynamic,0,229,106.27806099364534
cpu,MAFAULDA,model_only,Q8-cpu_dynamic,0,230,106.20973003096879
cpu,MAFAULDA,model_only,Q8-cpu_dynamic,0,231,106.3185099628754
cpu,MAFAULDA,model_only,Q8-cpu_dynamic,0,232,106.46633297437802
cpu,MAFAULDA,model_only,Q8-cpu_dynamic,0,233,106.27093102084473
cpu,MAFAULDA,model_only,Q8-cpu_dynamic,0,234,106.35084297973663
cpu,MAFAULDA,model_only,Q8-cpu_dynamic,0,235,106.79581604199484
cpu,MAFAULDA,model_only,Q8-cpu_dynamic,0,236,106.4191340119578
cpu,MAFAULDA,model_only,Q8-cpu_dynamic,0,237,106.6926890052855
cpu,MAFAULDA,model_only,Q8-cpu_dynamic,0,238,106.35035001905635
cpu,MAFAULDA,model_only,Q8-cpu_dynamic,0,239,106.43103503389284
cpu,MAFAULDA,model_only,Q8-cpu_dynamic,0,240,106.41185799613595
cpu,MAFAULDA,model_only,Q8-cpu_dynamic,0,241,106.37156502343714
cpu,MAFAULDA,model_only,Q8-cpu_dynamic,0,242,106.52044997550547
cpu,MAFAULDA,model_only,Q8-cpu_dynamic,0,243,106.53843800537288
cpu,MAFAULDA,model_only,Q8-cpu_dynamic,0,244,106.71357699902728
cpu,MAFAULDA,model_only,Q8-cpu_dynamic,0,245,106.2487349845469
cpu,MAFAULDA,model_only,Q8-cpu_dynamic,0,246,106.96400899905711
cpu,MAFAULDA,model_only,Q8-cpu_dynamic,0,247,106.28935298882425
cpu,MAFAULDA,model_only,Q8-cpu_dynamic,0,248,106.43462900770828
cpu,MAFAULDA,model_only,Q8-cpu_dynamic,0,249,106.36854299809784
cpu,MAFAULDA,model_only,Q8-cpu_dynamic,1,0,106.35311901569366
cpu,MAFAULDA,model_only,Q8-cpu_dynamic,1,1,106.5945120062679
cpu,MAFAULDA,model_only,Q8-cpu_dynamic,1,2,104.69569603446871
cpu,MAFAULDA,model_only,Q8-cpu_dynamic,1,3,95.66794300917536
cpu,MAFAULDA,model_only,Q8-cpu_dynamic,1,4,108.91026601893827
cpu,MAFAULDA,model_only,Q8-cpu_dynamic,1,5,105.21129198605195
cpu,MAFAULDA,model_only,Q8-cpu_dynamic,1,6,108.65167499287054
cpu,MAFAULDA,model_only,Q8-cpu_dynamic,1,7,106.33336001774296
cpu,MAFAULDA,model_only,Q8-cpu_dynamic,1,8,106.51534999487922
cpu,MAFAULDA,model_only,Q8-cpu_dynamic,1,9,106.62788199260831
cpu,MAFAULDA,model_only,Q8-cpu_dynamic,1,10,106.61728103877977
cpu,MAFAULDA,model_only,Q8-cpu_dynamic,1,11,106.43290204461664
cpu,MAFAULDA,model_only,Q8-cpu_dynamic,1,12,106.57788801472634
cpu,MAFAULDA,model_only,Q8-cpu_dynamic,1,13,105.7605649693869
cpu,MAFAULDA,model_only,Q8-cpu_dynamic,1,14,106.44410195527598
cpu,MAFAULDA,model_only,Q8-cpu_dynamic,1,15,105.81051401095465
cpu,MAFAULDA,model_only,Q8-cpu_dynamic,1,16,107.46595298405737
cpu,MAFAULDA,model_only,Q8-cpu_dynamic,1,17,106.49429203476757
cpu,MAFAULDA,model_only,Q8-cpu_dynamic,1,18,105.522160010878
cpu,MAFAULDA,model_only,Q8-cpu_dynamic,1,19,106.65122797945514
cpu,MAFAULDA,model_only,Q8-cpu_dynamic,1,20,106.48217395646498
cpu,MAFAULDA,model_only,Q8-cpu_dynamic,1,21,106.36698501184583
cpu,MAFAULDA,model_only,Q8-cpu_dynamic,1,22,106.93339700810611
cpu,MAFAULDA,model_only,Q8-cpu_dynamic,1,23,108.80389099474996
cpu,MAFAULDA,model_only,Q8-cpu_dynamic,1,24,107.12506796699017
cpu,MAFAULDA,model_only,Q8-cpu_dynamic,1,25,106.67570400983095
cpu,MAFAULDA,model_only,Q8-cpu_dynamic,1,26,105.86815502028912
cpu,MAFAULDA,model_only,Q8-cpu_dynamic,1,27,105.7357260142453
cpu,MAFAULDA,model_only,Q8-cpu_dynamic,1,28,106.83780402177945
cpu,MAFAULDA,model_only,Q8-cpu_dynamic,1,29,106.96090798592195
cpu,MAFAULDA,model_only,Q8-cpu_dynamic,1,30,106.83872498339042
cpu,MAFAULDA,model_only,Q8-cpu_dynamic,1,31,106.96322500007227
cpu,MAFAULDA,model_only,Q8-cpu_dynamic,1,32,107.35896101687104
cpu,MAFAULDA,model_only,Q8-cpu_dynamic,1,33,106.11050704028457
cpu,MAFAULDA,model_only,Q8-cpu_dynamic,1,34,106.96439299499616
cpu,MAFAULDA,model_only,Q8-cpu_dynamic,1,35,106.89676698530093
cpu,MAFAULDA,model_only,Q8-cpu_dynamic,1,36,105.65916798077524
cpu,MAFAULDA,model_only,Q8-cpu_dynamic,1,37,106.52240901254117
cpu,MAFAULDA,model_only,Q8-cpu_dynamic,1,38,106.68291902402416
cpu,MAFAULDA,model_only,Q8-cpu_dynamic,1,39,106.68356798123568
cpu,MAFAULDA,model_only,Q8-cpu_dynamic,1,40,107.71246999502182
cpu,MAFAULDA,model_only,Q8-cpu_dynamic,1,41,106.9520510500297
cpu,MAFAULDA,model_only,Q8-cpu_dynamic,1,42,106.77482502069324
cpu,MAFAULDA,model_only,Q8-cpu_dynamic,1,43,106.82319296756759
cpu,MAFAULDA,model_only,Q8-cpu_dynamic,1,44,107.05733299255371
cpu,MAFAULDA,model_only,Q8-cpu_dynamic,1,45,106.92556801950559
cpu,MAFAULDA,model_only,Q8-cpu_dynamic,1,46,106.90382501343265
cpu,MAFAULDA,model_only,Q8-cpu_dynamic,1,47,106.9857610273175
cpu,MAFAULDA,model_only,Q8-cpu_dynamic,1,48,106.73301602946594
cpu,MAFAULDA,model_only,Q8-cpu_dynamic,1,49,105.21387099288404
cpu,MAFAULDA,model_only,Q8-cpu_dynamic,1,50,97.64195699244738
cpu,MAFAULDA,model_only,Q8-cpu_dynamic,1,51,105.8869970147498
cpu,MAFAULDA,model_only,Q8-cpu_dynamic,1,52,107.24611202022061
cpu,MAFAULDA,model_only,Q8-cpu_dynamic,1,53,105.75705801602453
cpu,MAFAULDA,model_only,Q8-cpu_dynamic,1,54,105.85557000013068
cpu,MAFAULDA,model_only,Q8-cpu_dynamic,1,55,106.45972698694095
cpu,MAFAULDA,model_only,Q8-cpu_dynamic,1,56,106.732630985789
cpu,MAFAULDA,model_only,Q8-cpu_dynamic,1,57,106.68462800094858
cpu,MAFAULDA,model_only,Q8-cpu_dynamic,1,58,106.63697501877323
cpu,MAFAULDA,model_only,Q8-cpu_dynamic,1,59,106.7176329670474
cpu,MAFAULDA,model_only,Q8-cpu_dynamic,1,60,109.3887870083563
cpu,MAFAULDA,model_only,Q8-cpu_dynamic,1,61,107.10706800455227
cpu,MAFAULDA,model_only,Q8-cpu_dynamic,1,62,105.48397898674011
cpu,MAFAULDA,model_only,Q8-cpu_dynamic,1,63,105.77102599199861
cpu,MAFAULDA,model_only,Q8-cpu_dynamic,1,64,104.52953103231266
cpu,MAFAULDA,model_only,Q8-cpu_dynamic,1,65,105.3756900364533
cpu,MAFAULDA,model_only,Q8-cpu_dynamic,1,66,105.58171098819003
cpu,MAFAULDA,model_only,Q8-cpu_dynamic,1,67,105.30167998513207
cpu,MAFAULDA,model_only,Q8-cpu_dynamic,1,68,105.37042398937047
cpu,MAFAULDA,model_only,Q8-cpu_dynamic,1,69,106.04580299695954
cpu,MAFAULDA,model_only,Q8-cpu_dynamic,1,70,104.48218998499215
cpu,MAFAULDA,model_only,Q8-cpu_dynamic,1,71,106.34202696383
cpu,MAFAULDA,model_only,Q8-cpu_dynamic,1,72,106.03746300330386
cpu,MAFAULDA,model_only,Q8-cpu_dynamic,1,73,105.62045499682426
cpu,MAFAULDA,model_only,Q8-cpu_dynamic,1,74,105.54203402716666
cpu,MAFAULDA,model_only,Q8-cpu_dynamic,1,75,105.73628899874166
cpu,MAFAULDA,model_only,Q8-cpu_dynamic,1,76,105.54994700942189
cpu,MAFAULDA,model_only,Q8-cpu_dynamic,1,77,105.70669296430424
cpu,MAFAULDA,model_only,Q8-cpu_dynamic,1,78,106.91821802174672
cpu,MAFAULDA,model_only,Q8-cpu_dynamic,1,79,106.30036500515416
cpu,MAFAULDA,model_only,Q8-cpu_dynamic,1,80,105.67394696408883
cpu,MAFAULDA,model_only,Q8-cpu_dynamic,1,81,105.91819899855182
cpu,MAFAULDA,model_only,Q8-cpu_dynamic,1,82,105.97942501772195
cpu,MAFAULDA,model_only,Q8-cpu_dynamic,1,83,105.59103597188368
cpu,MAFAULDA,model_only,Q8-cpu_dynamic,1,84,105.70455697597936
cpu,MAFAULDA,model_only,Q8-cpu_dynamic,1,85,105.7513440027833
cpu,MAFAULDA,model_only,Q8-cpu_dynamic,1,86,106.24706203816459
cpu,MAFAULDA,model_only,Q8-cpu_dynamic,1,87,105.77189998002723
cpu,MAFAULDA,model_only,Q8-cpu_dynamic,1,88,105.84795399336144
cpu,MAFAULDA,model_only,Q8-cpu_dynamic,1,89,105.77452497091144
cpu,MAFAULDA,model_only,Q8-cpu_dynamic,1,90,105.79422197770327
cpu,MAFAULDA,model_only,Q8-cpu_dynamic,1,91,104.99779001111165
cpu,MAFAULDA,model_only,Q8-cpu_dynamic,1,92,104.63962802896276
cpu,MAFAULDA,model_only,Q8-cpu_dynamic,1,93,104.89600000437349
cpu,MAFAULDA,model_only,Q8-cpu_dynamic,1,94,105.57305603288114
cpu,MAFAULDA,model_only,Q8-cpu_dynamic,1,95,105.65541300456971
cpu,MAFAULDA,model_only,Q8-cpu_dynamic,1,96,104.81106000952423
cpu,MAFAULDA,model_only,Q8-cpu_dynamic,1,97,105.55000498425215
cpu,MAFAULDA,model_only,Q8-cpu_dynamic,1,98,106.77912196842954
cpu,MAFAULDA,model_only,Q8-cpu_dynamic,1,99,106.20135097997263
cpu,MAFAULDA,model_only,Q8-cpu_dynamic,1,100,105.71907297708094
cpu,MAFAULDA,model_only,Q8-cpu_dynamic,1,101,106.06955201365054
cpu,MAFAULDA,model_only,Q8-cpu_dynamic,1,102,104.74723397055641
cpu,MAFAULDA,model_only,Q8-cpu_dynamic,1,103,105.6992809753865
cpu,MAFAULDA,model_only,Q8-cpu_dynamic,1,104,106.19637399213389
cpu,MAFAULDA,model_only,Q8-cpu_dynamic,1,105,105.39775097277015
cpu,MAFAULDA,model_only,Q8-cpu_dynamic,1,106,105.85724504198879
cpu,MAFAULDA,model_only,Q8-cpu_dynamic,1,107,106.7676119855605
cpu,MAFAULDA,model_only,Q8-cpu_dynamic,1,108,105.84566096076742
cpu,MAFAULDA,model_only,Q8-cpu_dynamic,1,109,105.39564897771925
cpu,MAFAULDA,model_only,Q8-cpu_dynamic,1,110,106.12044099252671
cpu,MAFAULDA,model_only,Q8-cpu_dynamic,1,111,105.77615100191906
cpu,MAFAULDA,model_only,Q8-cpu_dynamic,1,112,105.90022697579116
cpu,MAFAULDA,model_only,Q8-cpu_dynamic,1,113,105.75920896371827
cpu,MAFAULDA,model_only,Q8-cpu_dynamic,1,114,104.94336299598217
cpu,MAFAULDA,model_only,Q8-cpu_dynamic,1,115,105.92732700752094
cpu,MAFAULDA,model_only,Q8-cpu_dynamic,1,116,105.77852500136942
cpu,MAFAULDA,model_only,Q8-cpu_dynamic,1,117,106.53459100285545
cpu,MAFAULDA,model_only,Q8-cpu_dynamic,1,118,106.45401600049809
cpu,MAFAULDA,model_only,Q8-cpu_dynamic,1,119,106.62882798351347
cpu,MAFAULDA,model_only,Q8-cpu_dynamic,1,120,106.01810604566708
cpu,MAFAULDA,model_only,Q8-cpu_dynamic,1,121,106.30576295079663
cpu,MAFAULDA,model_only,Q8-cpu_dynamic,1,122,106.30482598207891
cpu,MAFAULDA,model_only,Q8-cpu_dynamic,1,123,106.17698403075337
cpu,MAFAULDA,model_only,Q8-cpu_dynamic,1,124,106.22911399696022
cpu,MAFAULDA,model_only,Q8-cpu_dynamic,1,125,106.2087959726341
cpu,MAFAULDA,model_only,Q8-cpu_dynamic,1,126,106.61939199781045
cpu,MAFAULDA,model_only,Q8-cpu_dynamic,1,127,104.9390560365282
cpu,MAFAULDA,model_only,Q8-cpu_dynamic,1,128,105.95625400310382
cpu,MAFAULDA,model_only,Q8-cpu_dynamic,1,129,106.11146199516952
cpu,MAFAULDA,model_only,Q8-cpu_dynamic,1,130,104.42239203257486
cpu,MAFAULDA,model_only,Q8-cpu_dynamic,1,131,96.64117504144087
cpu,MAFAULDA,model_only,Q8-cpu_dynamic,1,132,106.49403999559581
cpu,MAFAULDA,model_only,Q8-cpu_dynamic,1,133,105.91782297706231
cpu,MAFAULDA,model_only,Q8-cpu_dynamic,1,134,105.9468659805134
cpu,MAFAULDA,model_only,Q8-cpu_dynamic,1,135,106.0814950033091
cpu,MAFAULDA,model_only,Q8-cpu_dynamic,1,136,104.79698400013149
cpu,MAFAULDA,model_only,Q8-cpu_dynamic,1,137,97.84669801592827
cpu,MAFAULDA,model_only,Q8-cpu_dynamic,1,138,105.980243999511
cpu,MAFAULDA,model_only,Q8-cpu_dynamic,1,139,106.18536901893094
cpu,MAFAULDA,model_only,Q8-cpu_dynamic,1,140,106.16248199949041
cpu,MAFAULDA,model_only,Q8-cpu_dynamic,1,141,106.03507701307535
cpu,MAFAULDA,model_only,Q8-cpu_dynamic,1,142,105.13650003122166
cpu,MAFAULDA,model_only,Q8-cpu_dynamic,1,143,105.99984897999093
cpu,MAFAULDA,model_only,Q8-cpu_dynamic,1,144,106.15348198916763
cpu,MAFAULDA,model_only,Q8-cpu_dynamic,1,145,106.53350898064673
cpu,MAFAULDA,model_only,Q8-cpu_dynamic,1,146,105.99558701505885
cpu,MAFAULDA,model_only,Q8-cpu_dynamic,1,147,107.34032595064491
cpu,MAFAULDA,model_only,Q8-cpu_dynamic,1,148,106.16885405033827
cpu,MAFAULDA,model_only,Q8-cpu_dynamic,1,149,106.06923798331991
cpu,MAFAULDA,model_only,Q8-cpu_dynamic,1,150,106.16380098508671
cpu,MAFAULDA,model_only,Q8-cpu_dynamic,1,151,106.26692499499768
cpu,MAFAULDA,model_only,Q8-cpu_dynamic,1,152,106.16632498567924
cpu,MAFAULDA,model_only,Q8-cpu_dynamic,1,153,106.0453460086137
cpu,MAFAULDA,model_only,Q8-cpu_dynamic,1,154,106.33508098544553
cpu,MAFAULDA,model_only,Q8-cpu_dynamic,1,155,106.28362698480487
cpu,MAFAULDA,model_only,Q8-cpu_dynamic,1,156,106.30824399413541
cpu,MAFAULDA,model_only,Q8-cpu_dynamic,1,157,106.03644698858261
cpu,MAFAULDA,model_only,Q8-cpu_dynamic,1,158,104.64874503668398
cpu,MAFAULDA,model_only,Q8-cpu_dynamic,1,159,96.82100400095806
cpu,MAFAULDA,model_only,Q8-cpu_dynamic,1,160,106.74090799875557
cpu,MAFAULDA,model_only,Q8-cpu_dynamic,1,161,106.40078701544553
cpu,MAFAULDA,model_only,Q8-cpu_dynamic,1,162,105.43046100065112
cpu,MAFAULDA,model_only,Q8-cpu_dynamic,1,163,105.26151501107961
cpu,MAFAULDA,model_only,Q8-cpu_dynamic,1,164,106.43801698461175
cpu,MAFAULDA,model_only,Q8-cpu_dynamic,1,165,107.34650300582871
cpu,MAFAULDA,model_only,Q8-cpu_dynamic,1,166,106.56296199886128
cpu,MAFAULDA,model_only,Q8-cpu_dynamic,1,167,106.43253097077832
cpu,MAFAULDA,model_only,Q8-cpu_dynamic,1,168,106.31113999988884
cpu,MAFAULDA,model_only,Q8-cpu_dynamic,1,169,106.36900196550414
cpu,MAFAULDA,model_only,Q8-cpu_dynamic,1,170,106.18183499900624
cpu,MAFAULDA,model_only,Q8-cpu_dynamic,1,171,106.15149099612609
cpu,MAFAULDA,model_only,Q8-cpu_dynamic,1,172,106.25018901191652
cpu,MAFAULDA,model_only,Q8-cpu_dynamic,1,173,106.82079102844
cpu,MAFAULDA,model_only,Q8-cpu_dynamic,1,174,106.37595294974744
cpu,MAFAULDA,model_only,Q8-cpu_dynamic,1,175,106.2009860179387
cpu,MAFAULDA,model_only,Q8-cpu_dynamic,1,176,105.40426301304251
cpu,MAFAULDA,model_only,Q8-cpu_dynamic,1,177,106.25261900713667
cpu,MAFAULDA,model_only,Q8-cpu_dynamic,1,178,106.40207101823762
cpu,MAFAULDA,model_only,Q8-cpu_dynamic,1,179,104.99203199287876
cpu,MAFAULDA,model_only,Q8-cpu_dynamic,1,180,96.57573699951172
cpu,MAFAULDA,model_only,Q8-cpu_dynamic,1,181,106.75550595624372
cpu,MAFAULDA,model_only,Q8-cpu_dynamic,1,182,106.7761589656584
cpu,MAFAULDA,model_only,Q8-cpu_dynamic,1,183,106.61597503349185
cpu,MAFAULDA,model_only,Q8-cpu_dynamic,1,184,106.32491897558793
cpu,MAFAULDA,model_only,Q8-cpu_dynamic,1,185,106.47159500513226
cpu,MAFAULDA,model_only,Q8-cpu_dynamic,1,186,106.59234202466905
cpu,MAFAULDA,model_only,Q8-cpu_dynamic,1,187,106.17247299524024
cpu,MAFAULDA,model_only,Q8-cpu_dynamic,1,188,106.33487498853356
cpu,MAFAULDA,model_only,Q8-cpu_dynamic,1,189,106.39340098714456
cpu,MAFAULDA,model_only,Q8-cpu_dynamic,1,190,106.0489519732073
cpu,MAFAULDA,model_only,Q8-cpu_dynamic,1,191,106.2479839893058
cpu,MAFAULDA,model_only,Q8-cpu_dynamic,1,192,104.56806403817609
cpu,MAFAULDA,model_only,Q8-cpu_dynamic,1,193,106.30560701247305
cpu,MAFAULDA,model_only,Q8-cpu_dynamic,1,194,106.8234319682233
cpu,MAFAULDA,model_only,Q8-cpu_dynamic,1,195,106.19263601256534
cpu,MAFAULDA,model_only,Q8-cpu_dynamic,1,196,104.98314502183348
cpu,MAFAULDA,model_only,Q8-cpu_dynamic,1,197,95.0630420120433
cpu,MAFAULDA,model_only,Q8-cpu_dynamic,1,198,108.55842503951862
cpu,MAFAULDA,model_only,Q8-cpu_dynamic,1,199,106.24404496047646
cpu,MAFAULDA,model_only,Q8-cpu_dynamic,1,200,105.27117300080135
cpu,MAFAULDA,model_only,Q8-cpu_dynamic,1,201,106.42735596047714
cpu,MAFAULDA,model_only,Q8-cpu_dynamic,1,202,106.48883698740974
cpu,MAFAULDA,model_only,Q8-cpu_dynamic,1,203,106.33231000974774
cpu,MAFAULDA,model_only,Q8-cpu_dynamic,1,204,106.33640404557809
cpu,MAFAULDA,model_only,Q8-cpu_dynamic,1,205,106.39717598678544
cpu,MAFAULDA,model_only,Q8-cpu_dynamic,1,206,106.18634195998311
cpu,MAFAULDA,model_only,Q8-cpu_dynamic,1,207,106.39786499086767
cpu,MAFAULDA,model_only,Q8-cpu_dynamic,1,208,106.26547603169456
cpu,MAFAULDA,model_only,Q8-cpu_dynamic,1,209,106.42150399507955
cpu,MAFAULDA,model_only,Q8-cpu_dynamic,1,210,105.264552985318
cpu,MAFAULDA,model_only,Q8-cpu_dynamic,1,211,106.34830396156758
cpu,MAFAULDA,model_only,Q8-cpu_dynamic,1,212,106.7937429761514
cpu,MAFAULDA,model_only,Q8-cpu_dynamic,1,213,106.78758396534249
cpu,MAFAULDA,model_only,Q8-cpu_dynamic,1,214,106.33243998745456
cpu,MAFAULDA,model_only,Q8-cpu_dynamic,1,215,106.3559940084815
cpu,MAFAULDA,model_only,Q8-cpu_dynamic,1,216,104.10869703628123
cpu,MAFAULDA,model_only,Q8-cpu_dynamic,1,217,108.63180400338024
cpu,MAFAULDA,model_only,Q8-cpu_dynamic,1,218,106.48974101059139
cpu,MAFAULDA,model_only,Q8-cpu_dynamic,1,219,106.53433302650228
cpu,MAFAULDA,model_only,Q8-cpu_dynamic,1,220,106.37739097001031
cpu,MAFAULDA,model_only,Q8-cpu_dynamic,1,221,106.98394902283326
cpu,MAFAULDA,model_only,Q8-cpu_dynamic,1,222,106.47114703897387
cpu,MAFAULDA,model_only,Q8-cpu_dynamic,1,223,106.65826895274222
cpu,MAFAULDA,model_only,Q8-cpu_dynamic,1,224,106.42099799588323
cpu,MAFAULDA,model_only,Q8-cpu_dynamic,1,225,106.22497100848705
cpu,MAFAULDA,model_only,Q8-cpu_dynamic,1,226,106.20866803219542
cpu,MAFAULDA,model_only,Q8-cpu_dynamic,1,227,106.40095896087587
cpu,MAFAULDA,model_only,Q8-cpu_dynamic,1,228,104.05408497899771
cpu,MAFAULDA,model_only,Q8-cpu_dynamic,1,229,96.56036901287735
cpu,MAFAULDA,model_only,Q8-cpu_dynamic,1,230,100.07164004491642
cpu,MAFAULDA,model_only,Q8-cpu_dynamic,1,231,106.7718340200372
cpu,MAFAULDA,model_only,Q8-cpu_dynamic,1,232,106.31658497732133
cpu,MAFAULDA,model_only,Q8-cpu_dynamic,1,233,107.50551801174879
cpu,MAFAULDA,model_only,Q8-cpu_dynamic,1,234,106.73290601698682
cpu,MAFAULDA,model_only,Q8-cpu_dynamic,1,235,106.65129200788215
cpu,MAFAULDA,model_only,Q8-cpu_dynamic,1,236,106.37771000619978
cpu,MAFAULDA,model_only,Q8-cpu_dynamic,1,237,106.52167501393706
cpu,MAFAULDA,model_only,Q8-cpu_dynamic,1,238,106.27889796160161
cpu,MAFAULDA,model_only,Q8-cpu_dynamic,1,239,107.00714000267908
cpu,MAFAULDA,model_only,Q8-cpu_dynamic,1,240,107.416505983565
cpu,MAFAULDA,model_only,Q8-cpu_dynamic,1,241,106.94964398862794
cpu,MAFAULDA,model_only,Q8-cpu_dynamic,1,242,106.47943697404116
cpu,MAFAULDA,model_only,Q8-cpu_dynamic,1,243,106.49524099426344
cpu,MAFAULDA,model_only,Q8-cpu_dynamic,1,244,106.47299495758489
cpu,MAFAULDA,model_only,Q8-cpu_dynamic,1,245,104.7836949583143
cpu,MAFAULDA,model_only,Q8-cpu_dynamic,1,246,96.99927701149136
cpu,MAFAULDA,model_only,Q8-cpu_dynamic,1,247,107.0511699654162
cpu,MAFAULDA,model_only,Q8-cpu_dynamic,1,248,106.63411900168285
cpu,MAFAULDA,model_only,Q8-cpu_dynamic,1,249,107.05015301937237
cpu,MAFAULDA,model_only,K1-FP32,1,0,111.7244019987993
cpu,MAFAULDA,model_only,K1-FP32,1,1,111.41215998213738
cpu,MAFAULDA,model_only,K1-FP32,1,2,111.66591802611947
cpu,MAFAULDA,model_only,K1-FP32,1,3,111.4742829813622
cpu,MAFAULDA,model_only,K1-FP32,1,4,111.51389102451503
cpu,MAFAULDA,model_only,K1-FP32,1,5,111.62623000564054
cpu,MAFAULDA,model_only,K1-FP32,1,6,111.6413000272587
cpu,MAFAULDA,model_only,K1-FP32,1,7,111.9901179918088
cpu,MAFAULDA,model_only,K1-FP32,1,8,112.36170999472961
cpu,MAFAULDA,model_only,K1-FP32,1,9,111.90721701132134
cpu,MAFAULDA,model_only,K1-FP32,1,10,113.07384399697185
cpu,MAFAULDA,model_only,K1-FP32,1,11,112.63979802606627
cpu,MAFAULDA,model_only,K1-FP32,1,12,111.43051297403872
cpu,MAFAULDA,model_only,K1-FP32,1,13,111.4398009958677
cpu,MAFAULDA,model_only,K1-FP32,1,14,111.96501896483824
cpu,MAFAULDA,model_only,K1-FP32,1,15,111.59890197450295
cpu,MAFAULDA,model_only,K1-FP32,1,16,114.04726101318374
cpu,MAFAULDA,model_only,K1-FP32,1,17,111.92882899194956
cpu,MAFAULDA,model_only,K1-FP32,1,18,112.64122504508123
cpu,MAFAULDA,model_only,K1-FP32,1,19,112.62708896538243
cpu,MAFAULDA,model_only,K1-FP32,1,20,111.88397702062503
cpu,MAFAULDA,model_only,K1-FP32,1,21,112.78339300770313
cpu,MAFAULDA,model_only,K1-FP32,1,22,111.77760898135602
cpu,MAFAULDA,model_only,K1-FP32,1,23,111.7819239734672
cpu,MAFAULDA,model_only,K1-FP32,1,24,111.70377896632999
cpu,MAFAULDA,model_only,K1-FP32,1,25,111.84809694532305
cpu,MAFAULDA,model_only,K1-FP32,1,26,112.87962802452967
cpu,MAFAULDA,model_only,K1-FP32,1,27,111.70662596123293
cpu,MAFAULDA,model_only,K1-FP32,1,28,111.59320903243497
cpu,MAFAULDA,model_only,K1-FP32,1,29,111.90138896927238
cpu,MAFAULDA,model_only,K1-FP32,1,30,111.72767804237083
cpu,MAFAULDA,model_only,K1-FP32,1,31,111.6732030059211
cpu,MAFAULDA,model_only,K1-FP32,1,32,111.84661503648385
cpu,MAFAULDA,model_only,K1-FP32,1,33,111.55188601696864
cpu,MAFAULDA,model_only,K1-FP32,1,34,112.74652002612129
cpu,MAFAULDA,model_only,K1-FP32,1,35,112.44481196627021
cpu,MAFAULDA,model_only,K1-FP32,1,36,112.95428400626406
cpu,MAFAULDA,model_only,K1-FP32,1,37,111.49158701300621
cpu,MAFAULDA,model_only,K1-FP32,1,38,112.47102700872347
cpu,MAFAULDA,model_only,K1-FP32,1,39,112.5100270146504
cpu,MAFAULDA,model_only,K1-FP32,1,40,111.9095140020363
cpu,MAFAULDA,model_only,K1-FP32,1,41,111.67844402370974
cpu,MAFAULDA,model_only,K1-FP32,1,42,111.51829699520022
cpu,MAFAULDA,model_only,K1-FP32,1,43,112.82086797291413
cpu,MAFAULDA,model_only,K1-FP32,1,44,112.77312296442688
cpu,MAFAULDA,model_only,K1-FP32,1,45,111.6706519969739
cpu,MAFAULDA,model_only,K1-FP32,1,46,111.83045600773767
cpu,MAFAULDA,model_only,K1-FP32,1,47,112.54364298656583
cpu,MAFAULDA,model_only,K1-FP32,1,48,112.54898097831756
cpu,MAFAULDA,model_only,K1-FP32,1,49,111.07806896325201
cpu,MAFAULDA,model_only,K1-FP32,1,50,111.22006498044357
cpu,MAFAULDA,model_only,K1-FP32,1,51,111.51890800101683
cpu,MAFAULDA,model_only,K1-FP32,1,52,111.61060997983441
cpu,MAFAULDA,model_only,K1-FP32,1,53,112.12257301667705
cpu,MAFAULDA,model_only,K1-FP32,1,54,112.90913500124589
cpu,MAFAULDA,model_only,K1-FP32,1,55,111.64959002053365
cpu,MAFAULDA,model_only,K1-FP32,1,56,111.87210498610511
cpu,MAFAULDA,model_only,K1-FP32,1,57,111.7097710375674
cpu,MAFAULDA,model_only,K1-FP32,1,58,111.74424597993493
cpu,MAFAULDA,model_only,K1-FP32,1,59,111.86146194813773
cpu,MAFAULDA,model_only,K1-FP32,1,60,111.71324597671628
cpu,MAFAULDA,model_only,K1-FP32,1,61,111.42230097902939
cpu,MAFAULDA,model_only,K1-FP32,1,62,112.52732499269769
cpu,MAFAULDA,model_only,K1-FP32,1,63,111.71317199477926
cpu,MAFAULDA,model_only,K1-FP32,1,64,111.58804304432124
cpu,MAFAULDA,model_only,K1-FP32,1,65,111.94938700646162
cpu,MAFAULDA,model_only,K1-FP32,1,66,111.72482697293162
cpu,MAFAULDA,model_only,K1-FP32,1,67,111.70280899386853
cpu,MAFAULDA,model_only,K1-FP32,1,68,112.68441297579557
cpu,MAFAULDA,model_only,K1-FP32,1,69,111.550792993512
cpu,MAFAULDA,model_only,K1-FP32,1,70,111.91568698268384
cpu,MAFAULDA,model_only,K1-FP32,1,71,112.79342696070671
cpu,MAFAULDA,model_only,K1-FP32,1,72,112.65192000428215
cpu,MAFAULDA,model_only,K1-FP32,1,73,111.9424210046418
cpu,MAFAULDA,model_only,K1-FP32,1,74,111.71925201779231
cpu,MAFAULDA,model_only,K1-FP32,1,75,112.89919202681631
cpu,MAFAULDA,model_only,K1-FP32,1,76,113.70553501183167
cpu,MAFAULDA,model_only,K1-FP32,1,77,111.89779301639646
cpu,MAFAULDA,model_only,K1-FP32,1,78,111.77212797338143
cpu,MAFAULDA,model_only,K1-FP32,1,79,113.50631498498842
cpu,MAFAULDA,model_only,K1-FP32,1,80,112.54233302315697
cpu,MAFAULDA,model_only,K1-FP32,1,81,112.22195398295298
cpu,MAFAULDA,model_only,K1-FP32,1,82,111.58312298357487
cpu,MAFAULDA,model_only,K1-FP32,1,83,111.65226099546999
cpu,MAFAULDA,model_only,K1-FP32,1,84,112.81482799677178
cpu,MAFAULDA,model_only,K1-FP32,1,85,112.94841504422948
cpu,MAFAULDA,model_only,K1-FP32,1,86,111.6924099624157
cpu,MAFAULDA,model_only,K1-FP32,1,87,111.56744899926707
cpu,MAFAULDA,model_only,K1-FP32,1,88,113.00105199916288
cpu,MAFAULDA,model_only,K1-FP32,1,89,111.70245602261275
cpu,MAFAULDA,model_only,K1-FP32,1,90,111.66159098502249
cpu,MAFAULDA,model_only,K1-FP32,1,91,111.72107805032283
cpu,MAFAULDA,model_only,K1-FP32,1,92,111.6869369870983
cpu,MAFAULDA,model_only,K1-FP32,1,93,111.82807799195871
cpu,MAFAULDA,model_only,K1-FP32,1,94,111.84157500974834
cpu,MAFAULDA,model_only,K1-FP32,1,95,110.85090000415221
cpu,MAFAULDA,model_only,K1-FP32,1,96,112.19945101765916
cpu,MAFAULDA,model_only,K1-FP32,1,97,112.2079620254226
cpu,MAFAULDA,model_only,K1-FP32,1,98,112.8084670053795
cpu,MAFAULDA,model_only,K1-FP32,1,99,111.5581089979969
cpu,MAFAULDA,model_only,K1-FP32,1,100,111.55172099824995
cpu,MAFAULDA,model_only,K1-FP32,1,101,112.01668996363878
cpu,MAFAULDA,model_only,K1-FP32,1,102,111.85891495551914
cpu,MAFAULDA,model_only,K1-FP32,1,103,111.6084210225381
cpu,MAFAULDA,model_only,K1-FP32,1,104,111.57469800673425
cpu,MAFAULDA,model_only,K1-FP32,1,105,111.83466098736972
cpu,MAFAULDA,model_only,K1-FP32,1,106,113.00427198875695
cpu,MAFAULDA,model_only,K1-FP32,1,107,112.75355803081766
cpu,MAFAULDA,model_only,K1-FP32,1,108,111.60993599332869
cpu,MAFAULDA,model_only,K1-FP32,1,109,112.67300095641986
cpu,MAFAULDA,model_only,K1-FP32,1,110,112.7939639845863
cpu,MAFAULDA,model_only,K1-FP32,1,111,111.8696199846454
cpu,MAFAULDA,model_only,K1-FP32,1,112,111.84775701258332
cpu,MAFAULDA,model_only,K1-FP32,1,113,112.0339630288072
cpu,MAFAULDA,model_only,K1-FP32,1,114,113.16020501544699
cpu,MAFAULDA,model_only,K1-FP32,1,115,112.21080500399694
cpu,MAFAULDA,model_only,K1-FP32,1,116,112.5657320371829
cpu,MAFAULDA,model_only,K1-FP32,1,117,111.84514896012843
cpu,MAFAULDA,model_only,K1-FP32,1,118,111.6484819795005
cpu,MAFAULDA,model_only,K1-FP32,1,119,111.65533401072025
cpu,MAFAULDA,model_only,K1-FP32,1,120,111.01208202308044
cpu,MAFAULDA,model_only,K1-FP32,1,121,112.71150497486815
cpu,MAFAULDA,model_only,K1-FP32,1,122,112.41733498172835
cpu,MAFAULDA,model_only,K1-FP32,1,123,112.50763799762353
cpu,MAFAULDA,model_only,K1-FP32,1,124,112.08773899124935
cpu,MAFAULDA,model_only,K1-FP32,1,125,112.55488998722285
cpu,MAFAULDA,model_only,K1-FP32,1,126,113.14367200247943
cpu,MAFAULDA,model_only,K1-FP32,1,127,111.53198196552694
cpu,MAFAULDA,model_only,K1-FP32,1,128,111.8303129915148
cpu,MAFAULDA,model_only,K1-FP32,1,129,112.91815497679636
cpu,MAFAULDA,model_only,K1-FP32,1,130,113.27293299837038
cpu,MAFAULDA,model_only,K1-FP32,1,131,112.80933301895857
cpu,MAFAULDA,model_only,K1-FP32,1,132,112.07237798953429
cpu,MAFAULDA,model_only,K1-FP32,1,133,112.06043598940596
cpu,MAFAULDA,model_only,K1-FP32,1,134,112.83370800083503
cpu,MAFAULDA,model_only,K1-FP32,1,135,112.7594819990918
cpu,MAFAULDA,model_only,K1-FP32,1,136,111.62603297270834
cpu,MAFAULDA,model_only,K1-FP32,1,137,113.18181396927685
cpu,MAFAULDA,model_only,K1-FP32,1,138,111.53958097565919
cpu,MAFAULDA,model_only,K1-FP32,1,139,111.90622299909592
cpu,MAFAULDA,model_only,K1-FP32,1,140,112.7886840258725
cpu,MAFAULDA,model_only,K1-FP32,1,141,111.94107600022107
cpu,MAFAULDA,model_only,K1-FP32,1,142,112.08518600324169
cpu,MAFAULDA,model_only,K1-FP32,1,143,112.38770699128509
cpu,MAFAULDA,model_only,K1-FP32,1,144,111.13978299545124
cpu,MAFAULDA,model_only,K1-FP32,1,145,110.78474199166521
cpu,MAFAULDA,model_only,K1-FP32,1,146,112.99721000250429
cpu,MAFAULDA,model_only,K1-FP32,1,147,111.46750900661573
cpu,MAFAULDA,model_only,K1-FP32,1,148,111.0726100159809
cpu,MAFAULDA,model_only,K1-FP32,1,149,111.07042501680553
cpu,MAFAULDA,model_only,K1-FP32,1,150,113.20281698135659
cpu,MAFAULDA,model_only,K1-FP32,1,151,112.52139700809494
cpu,MAFAULDA,model_only,K1-FP32,1,152,112.8701510024257
cpu,MAFAULDA,model_only,K1-FP32,1,153,111.62155302008614
cpu,MAFAULDA,model_only,K1-FP32,1,154,110.7180459657684
cpu,MAFAULDA,model_only,K1-FP32,1,155,111.25493596773595
cpu,MAFAULDA,model_only,K1-FP32,1,156,110.92614597873762
cpu,MAFAULDA,model_only,K1-FP32,1,157,111.93463404197246
cpu,MAFAULDA,model_only,K1-FP32,1,158,112.08966898266226
cpu,MAFAULDA,model_only,K1-FP32,1,159,113.0767100257799
cpu,MAFAULDA,model_only,K1-FP32,1,160,113.34865598473698
cpu,MAFAULDA,model_only,K1-FP32,1,161,111.68850702233613
cpu,MAFAULDA,model_only,K1-FP32,1,162,111.94997403072193
cpu,MAFAULDA,model_only,K1-FP32,1,163,113.10867394786328
cpu,MAFAULDA,model_only,K1-FP32,1,164,112.98684601206332
cpu,MAFAULDA,model_only,K1-FP32,1,165,113.02740796236321
cpu,MAFAULDA,model_only,K1-FP32,1,166,113.02054498810321
cpu,MAFAULDA,model_only,K1-FP32,1,167,113.28721104655415
cpu,MAFAULDA,model_only,K1-FP32,1,168,112.03463398851454
cpu,MAFAULDA,model_only,K1-FP32,1,169,112.33045603148639
cpu,MAFAULDA,model_only,K1-FP32,1,170,113.67082799552009
cpu,MAFAULDA,model_only,K1-FP32,1,171,111.98879999574274
cpu,MAFAULDA,model_only,K1-FP32,1,172,112.1026820037514
cpu,MAFAULDA,model_only,K1-FP32,1,173,112.01106599764898
cpu,MAFAULDA,model_only,K1-FP32,1,174,111.96206999011338
cpu,MAFAULDA,model_only,K1-FP32,1,175,113.04840102093294
cpu,MAFAULDA,model_only,K1-FP32,1,176,112.0020710513927
cpu,MAFAULDA,model_only,K1-FP32,1,177,112.44258296210319
cpu,MAFAULDA,model_only,K1-FP32,1,178,112.16095101553947
cpu,MAFAULDA,model_only,K1-FP32,1,179,112.19660501228645
cpu,MAFAULDA,model_only,K1-FP32,1,180,111.89014499541372
cpu,MAFAULDA,model_only,K1-FP32,1,181,112.24322201451287
cpu,MAFAULDA,model_only,K1-FP32,1,182,112.32524196384475
cpu,MAFAULDA,model_only,K1-FP32,1,183,113.62063500564545
cpu,MAFAULDA,model_only,K1-FP32,1,184,112.23704199073836
cpu,MAFAULDA,model_only,K1-FP32,1,185,112.10027401102707
cpu,MAFAULDA,model_only,K1-FP32,1,186,113.02346596494317
cpu,MAFAULDA,model_only,K1-FP32,1,187,112.35215200576931
cpu,MAFAULDA,model_only,K1-FP32,1,188,112.70723905181512
cpu,MAFAULDA,model_only,K1-FP32,1,189,113.36985701927915
cpu,MAFAULDA,model_only,K1-FP32,1,190,112.60853300336748
cpu,MAFAULDA,model_only,K1-FP32,1,191,112.37057397374883
cpu,MAFAULDA,model_only,K1-FP32,1,192,112.38668899750337
cpu,MAFAULDA,model_only,K1-FP32,1,193,112.42549802409485
cpu,MAFAULDA,model_only,K1-FP32,1,194,112.40406194701791
cpu,MAFAULDA,model_only,K1-FP32,1,195,115.39884394733235
cpu,MAFAULDA,model_only,K1-FP32,1,196,112.34136001439765
cpu,MAFAULDA,model_only,K1-FP32,1,197,113.54774603387341
cpu,MAFAULDA,model_only,K1-FP32,1,198,113.38023096323013
cpu,MAFAULDA,model_only,K1-FP32,1,199,112.74753499310464
cpu,MAFAULDA,model_only,K1-FP32,1,200,112.85500100348145
cpu,MAFAULDA,model_only,K1-FP32,1,201,112.60738497367129
cpu,MAFAULDA,model_only,K1-FP32,1,202,112.88996902294457
cpu,MAFAULDA,model_only,K1-FP32,1,203,113.21457201847807
cpu,MAFAULDA,model_only,K1-FP32,1,204,112.87247599102557
cpu,MAFAULDA,model_only,K1-FP32,1,205,112.59415704989806
cpu,MAFAULDA,model_only,K1-FP32,1,206,112.7338309888728
cpu,MAFAULDA,model_only,K1-FP32,1,207,112.80705803073943
cpu,MAFAULDA,model_only,K1-FP32,1,208,113.96293295547366
cpu,MAFAULDA,model_only,K1-FP32,1,209,113.69967297650874
cpu,MAFAULDA,model_only,K1-FP32,1,210,113.6729409918189
cpu,MAFAULDA,model_only,K1-FP32,1,211,112.84591199364513
cpu,MAFAULDA,model_only,K1-FP32,1,212,113.78889001207426
cpu,MAFAULDA,model_only,K1-FP32,1,213,112.95862699626014
cpu,MAFAULDA,model_only,K1-FP32,1,214,111.78753100102767
cpu,MAFAULDA,model_only,K1-FP32,1,215,112.88510699523613
cpu,MAFAULDA,model_only,K1-FP32,1,216,112.51533596077934
cpu,MAFAULDA,model_only,K1-FP32,1,217,112.88642894942313
cpu,MAFAULDA,model_only,K1-FP32,1,218,113.17779601085931
cpu,MAFAULDA,model_only,K1-FP32,1,219,113.10208804206923
cpu,MAFAULDA,model_only,K1-FP32,1,220,113.07152599329129
cpu,MAFAULDA,model_only,K1-FP32,1,221,112.97374602872878
cpu,MAFAULDA,model_only,K1-FP32,1,222,113.61766897607595
cpu,MAFAULDA,model_only,K1-FP32,1,223,113.40188601752743
cpu,MAFAULDA,model_only,K1-FP32,1,224,114.38619904220104
cpu,MAFAULDA,model_only,K1-FP32,1,225,113.98789298254997
cpu,MAFAULDA,model_only,K1-FP32,1,226,113.00844402285293
cpu,MAFAULDA,model_only,K1-FP32,1,227,113.73719602124766
cpu,MAFAULDA,model_only,K1-FP32,1,228,112.45408200193197
cpu,MAFAULDA,model_only,K1-FP32,1,229,112.01042297761887
cpu,MAFAULDA,model_only,K1-FP32,1,230,112.13850200874731
cpu,MAFAULDA,model_only,K1-FP32,1,231,112.54245298914611
cpu,MAFAULDA,model_only,K1-FP32,1,232,112.7690599532798
cpu,MAFAULDA,model_only,K1-FP32,1,233,113.18396800197661
cpu,MAFAULDA,model_only,K1-FP32,1,234,111.7644629557617
cpu,MAFAULDA,model_only,K1-FP32,1,235,112.75994399329647
cpu,MAFAULDA,model_only,K1-FP32,1,236,112.20180901000276
cpu,MAFAULDA,model_only,K1-FP32,1,237,112.48234298545867
cpu,MAFAULDA,model_only,K1-FP32,1,238,113.395169028081
cpu,MAFAULDA,model_only,K1-FP32,1,239,113.93389804288745
cpu,MAFAULDA,model_only,K1-FP32,1,240,112.06672998378053
cpu,MAFAULDA,model_only,K1-FP32,1,241,113.5896880296059
cpu,MAFAULDA,model_only,K1-FP32,1,242,112.24739998579025
cpu,MAFAULDA,model_only,K1-FP32,1,243,113.30474604619667
cpu,MAFAULDA,model_only,K1-FP32,1,244,113.21742902509868
cpu,MAFAULDA,model_only,K1-FP32,1,245,113.13665797933936
cpu,MAFAULDA,model_only,K1-FP32,1,246,113.39284497080371
cpu,MAFAULDA,model_only,K1-FP32,1,247,113.41833299957216
cpu,MAFAULDA,model_only,K1-FP32,1,248,113.37191198254004
cpu,MAFAULDA,model_only,K1-FP32,1,249,114.36888203024864
cpu,MAFAULDA,model_only,K1-FP32,2,0,112.41788603365421
cpu,MAFAULDA,model_only,K1-FP32,2,1,113.24399098521098
cpu,MAFAULDA,model_only,K1-FP32,2,2,113.4896440198645
cpu,MAFAULDA,model_only,K1-FP32,2,3,113.19487600121647
cpu,MAFAULDA,model_only,K1-FP32,2,4,113.57813497306779
cpu,MAFAULDA,model_only,K1-FP32,2,5,114.44828897947446
cpu,MAFAULDA,model_only,K1-FP32,2,6,114.72026497358456
cpu,MAFAULDA,model_only,K1-FP32,2,7,115.1705370284617
cpu,MAFAULDA,model_only,K1-FP32,2,8,115.68273598095402
cpu,MAFAULDA,model_only,K1-FP32,2,9,113.81433700444177
cpu,MAFAULDA,model_only,K1-FP32,2,10,113.1432710099034
cpu,MAFAULDA,model_only,K1-FP32,2,11,140.82932699238881
cpu,MAFAULDA,model_only,K1-FP32,2,12,113.19280002498999
cpu,MAFAULDA,model_only,K1-FP32,2,13,114.26056094933301
cpu,MAFAULDA,model_only,K1-FP32,2,14,113.07815101463348
cpu,MAFAULDA,model_only,K1-FP32,2,15,114.19866402866319
cpu,MAFAULDA,model_only,K1-FP32,2,16,114.62909798137844
cpu,MAFAULDA,model_only,K1-FP32,2,17,112.99962899647653
cpu,MAFAULDA,model_only,K1-FP32,2,18,113.23811498004943
cpu,MAFAULDA,model_only,K1-FP32,2,19,114.06482802703977
cpu,MAFAULDA,model_only,K1-FP32,2,20,114.9798920378089
cpu,MAFAULDA,model_only,K1-FP32,2,21,114.35833899304271
cpu,MAFAULDA,model_only,K1-FP32,2,22,113.49646101007238
cpu,MAFAULDA,model_only,K1-FP32,2,23,113.31885296385735
cpu,MAFAULDA,model_only,K1-FP32,2,24,113.93481696723029
cpu,MAFAULDA,model_only,K1-FP32,2,25,114.17625396279618
cpu,MAFAULDA,model_only,K1-FP32,2,26,113.77868801355362
cpu,MAFAULDA,model_only,K1-FP32,2,27,112.7844299771823
cpu,MAFAULDA,model_only,K1-FP32,2,28,113.20683901431039
cpu,MAFAULDA,model_only,K1-FP32,2,29,112.6779749756679
cpu,MAFAULDA,model_only,K1-FP32,2,30,114.01922901859507
cpu,MAFAULDA,model_only,K1-FP32,2,31,113.19632199592888
cpu,MAFAULDA,model_only,K1-FP32,2,32,113.40058199129999
cpu,MAFAULDA,model_only,K1-FP32,2,33,111.7457160144113
cpu,MAFAULDA,model_only,K1-FP32,2,34,116.4977719890885
cpu,MAFAULDA,model_only,K1-FP32,2,35,113.24035900179297
cpu,MAFAULDA,model_only,K1-FP32,2,36,112.07810102496296
cpu,MAFAULDA,model_only,K1-FP32,2,37,114.65461098123342
cpu,MAFAULDA,model_only,K1-FP32,2,38,114.85513503430411
cpu,MAFAULDA,model_only,K1-FP32,2,39,113.73929301043972
cpu,MAFAULDA,model_only,K1-FP32,2,40,113.12482500215992
cpu,MAFAULDA,model_only,K1-FP32,2,41,114.69421803485602
cpu,MAFAULDA,model_only,K1-FP32,2,42,115.46050704782829
cpu,MAFAULDA,model_only,K1-FP32,2,43,113.19791298592463
cpu,MAFAULDA,model_only,K1-FP32,2,44,114.00631902506575
cpu,MAFAULDA,model_only,K1-FP32,2,45,114.2894719960168
cpu,MAFAULDA,model_only,K1-FP32,2,46,113.70886000804603
cpu,MAFAULDA,model_only,K1-FP32,2,47,113.57937299180776
cpu,MAFAULDA,model_only,K1-FP32,2,48,113.69210603879765
cpu,MAFAULDA,model_only,K1-FP32,2,49,115.06617499981076
cpu,MAFAULDA,model_only,K1-FP32,2,50,113.74396400060505
cpu,MAFAULDA,model_only,K1-FP32,2,51,113.60664101084694
cpu,MAFAULDA,model_only,K1-FP32,2,52,114.73545699846
cpu,MAFAULDA,model_only,K1-FP32,2,53,113.92158200033009
cpu,MAFAULDA,model_only,K1-FP32,2,54,114.45450998144224
cpu,MAFAULDA,model_only,K1-FP32,2,55,114.76223199861124
cpu,MAFAULDA,model_only,K1-FP32,2,56,113.82851097732782
cpu,MAFAULDA,model_only,K1-FP32,2,57,113.78483398584649
cpu,MAFAULDA,model_only,K1-FP32,2,58,113.71232598321512
cpu,MAFAULDA,model_only,K1-FP32,2,59,113.9052829821594
cpu,MAFAULDA,model_only,K1-FP32,2,60,113.95439499756321
cpu,MAFAULDA,model_only,K1-FP32,2,61,113.30379301216453
cpu,MAFAULDA,model_only,K1-FP32,2,62,113.6497120023705
cpu,MAFAULDA,model_only,K1-FP32,2,63,113.5390330455266
cpu,MAFAULDA,model_only,K1-FP32,2,64,113.79954300355166
cpu,MAFAULDA,model_only,K1-FP32,2,65,114.61212200811133
cpu,MAFAULDA,model_only,K1-FP32,2,66,114.88967697368935
cpu,MAFAULDA,model_only,K1-FP32,2,67,113.57300903182477
cpu,MAFAULDA,model_only,K1-FP32,2,68,113.92786499345675
cpu,MAFAULDA,model_only,K1-FP32,2,69,115.69944699294865
cpu,MAFAULDA,model_only,K1-FP32,2,70,118.24941204395145
cpu,MAFAULDA,model_only,K1-FP32,2,71,113.85833099484444
cpu,MAFAULDA,model_only,K1-FP32,2,72,114.72765996586531
cpu,MAFAULDA,model_only,K1-FP32,2,73,115.11619400698692
cpu,MAFAULDA,model_only,K1-FP32,2,74,113.9479810371995
cpu,MAFAULDA,model_only,K1-FP32,2,75,113.78563899779692
cpu,MAFAULDA,model_only,K1-FP32,2,76,113.75617596786469
cpu,MAFAULDA,model_only,K1-FP32,2,77,114.81696600094438
cpu,MAFAULDA,model_only,K1-FP32,2,78,113.9223609934561
cpu,MAFAULDA,model_only,K1-FP32,2,79,113.94887196365744
cpu,MAFAULDA,model_only,K1-FP32,2,80,114.74188504507765
cpu,MAFAULDA,model_only,K1-FP32,2,81,115.37410999881104
cpu,MAFAULDA,model_only,K1-FP32,2,82,113.97267499705777
cpu,MAFAULDA,model_only,K1-FP32,2,83,113.77471598098055
cpu,MAFAULDA,model_only,K1-FP32,2,84,113.91594499582425
cpu,MAFAULDA,model_only,K1-FP32,2,85,114.71580702345818
cpu,MAFAULDA,model_only,K1-FP32,2,86,114.19588600983843
cpu,MAFAULDA,model_only,K1-FP32,2,87,113.69767098221928
cpu,MAFAULDA,model_only,K1-FP32,2,88,113.59044298296794
cpu,MAFAULDA,model_only,K1-FP32,2,89,114.08543802099302
cpu,MAFAULDA,model_only,K1-FP32,2,90,114.04704296728596
cpu,MAFAULDA,model_only,K1-FP32,2,91,114.24105701735243
cpu,MAFAULDA,model_only,K1-FP32,2,92,113.8556920341216
cpu,MAFAULDA,model_only,K1-FP32,2,93,114.83624100219458
cpu,MAFAULDA,model_only,K1-FP32,2,94,114.47206098819152
cpu,MAFAULDA,model_only,K1-FP32,2,95,114.36421901453286
cpu,MAFAULDA,model_only,K1-FP32,2,96,115.43727800017223
cpu,MAFAULDA,model_only,K1-FP32,2,97,114.64843596331775
cpu,MAFAULDA,model_only,K1-FP32,2,98,113.96399204386398
cpu,MAFAULDA,model_only,K1-FP32,2,99,114.16272900532931
cpu,MAFAULDA,model_only,K1-FP32,2,100,114.27778599318117
cpu,MAFAULDA,model_only,K1-FP32,2,101,115.36504997638986
cpu,MAFAULDA,model_only,K1-FP32,2,102,115.13903201557696
cpu,MAFAULDA,model_only,K1-FP32,2,103,115.47951499233022
cpu,MAFAULDA,model_only,K1-FP32,2,104,114.22649899031967
cpu,MAFAULDA,model_only,K1-FP32,2,105,114.43552101263776
cpu,MAFAULDA,model_only,K1-FP32,2,106,115.17498100874946
cpu,MAFAULDA,model_only,K1-FP32,2,107,114.37411699444056
cpu,MAFAULDA,model_only,K1-FP32,2,108,115.50218798220158
cpu,MAFAULDA,model_only,K1-FP32,2,109,111.79828300373629
cpu,MAFAULDA,model_only,K1-FP32,2,110,111.40588601119816
cpu,MAFAULDA,model_only,K1-FP32,2,111,110.42015597922727
cpu,MAFAULDA,model_only,K1-FP32,2,112,111.76934494869784
cpu,MAFAULDA,model_only,K1-FP32,2,113,111.5564460051246
cpu,MAFAULDA,model_only,K1-FP32,2,114,110.37017800845206
cpu,MAFAULDA,model_only,K1-FP32,2,115,112.83647600794211
cpu,MAFAULDA,model_only,K1-FP32,2,116,110.47172296093777
cpu,MAFAULDA,model_only,K1-FP32,2,117,111.83882295154035
cpu,MAFAULDA,model_only,K1-FP32,2,118,110.46527203870937
cpu,MAFAULDA,model_only,K1-FP32,2,119,110.41447398019955
cpu,MAFAULDA,model_only,K1-FP32,2,120,111.441265034955
cpu,MAFAULDA,model_only,K1-FP32,2,121,111.15116701694205
cpu,MAFAULDA,model_only,K1-FP32,2,122,100.46762501588091
cpu,MAFAULDA,model_only,K1-FP32,2,123,111.1317080212757
cpu,MAFAULDA,model_only,K1-FP32,2,124,112.01379197882488
cpu,MAFAULDA,model_only,K1-FP32,2,125,111.91686702659354
cpu,MAFAULDA,model_only,K1-FP32,2,126,110.92673300299793
cpu,MAFAULDA,model_only,K1-FP32,2,127,111.1876789946109
cpu,MAFAULDA,model_only,K1-FP32,2,128,111.22801300371066
cpu,MAFAULDA,model_only,K1-FP32,2,129,111.20833997847512
cpu,MAFAULDA,model_only,K1-FP32,2,130,110.18924001837149
cpu,MAFAULDA,model_only,K1-FP32,2,131,100.9566819993779
cpu,MAFAULDA,model_only,K1-FP32,2,132,111.5637490293011
cpu,MAFAULDA,model_only,K1-FP32,2,133,111.78936797659844
cpu,MAFAULDA,model_only,K1-FP32,2,134,111.44306103233248
cpu,MAFAULDA,model_only,K1-FP32,2,135,112.25747299613431
cpu,MAFAULDA,model_only,K1-FP32,2,136,111.17255600402132
cpu,MAFAULDA,model_only,K1-FP32,2,137,110.4939539800398
cpu,MAFAULDA,model_only,K1-FP32,2,138,98.43533299863338
cpu,MAFAULDA,model_only,K1-FP32,2,139,101.93281498504803
cpu,MAFAULDA,model_only,K1-FP32,2,140,105.82685901317745
cpu,MAFAULDA,model_only,K1-FP32,2,141,105.51165702054277
cpu,MAFAULDA,model_only,K1-FP32,2,142,102.75959299178794
cpu,MAFAULDA,model_only,K1-FP32,2,143,104.52877799980342
cpu,MAFAULDA,model_only,K1-FP32,2,144,103.6658410448581
cpu,MAFAULDA,model_only,K1-FP32,2,145,101.50046698981896
cpu,MAFAULDA,model_only,K1-FP32,2,146,100.09378800168633
cpu,MAFAULDA,model_only,K1-FP32,2,147,103.59698301181197
cpu,MAFAULDA,model_only,K1-FP32,2,148,114.12703798850998
cpu,MAFAULDA,model_only,K1-FP32,2,149,113.88012598035857
cpu,MAFAULDA,model_only,K1-FP32,2,150,114.65973599115387
cpu,MAFAULDA,model_only,K1-FP32,2,151,114.11630094517022
cpu,MAFAULDA,model_only,K1-FP32,2,152,113.45232103485614
cpu,MAFAULDA,model_only,K1-FP32,2,153,114.86307001905516
cpu,MAFAULDA,model_only,K1-FP32,2,154,115.23304297588766
cpu,MAFAULDA,model_only,K1-FP32,2,155,113.63079497823492
cpu,MAFAULDA,model_only,K1-FP32,2,156,114.09921204904094
cpu,MAFAULDA,model_only,K1-FP32,2,157,114.63046295102686
cpu,MAFAULDA,model_only,K1-FP32,2,158,114.49679196812212
cpu,MAFAULDA,model_only,K1-FP32,2,159,113.72370197204873
cpu,MAFAULDA,model_only,K1-FP32,2,160,114.85217401059344
cpu,MAFAULDA,model_only,K1-FP32,2,161,114.60122198332101
cpu,MAFAULDA,model_only,K1-FP32,2,162,113.86834300355986
cpu,MAFAULDA,model_only,K1-FP32,2,163,113.58901404310018
cpu,MAFAULDA,model_only,K1-FP32,2,164,113.65531099727377
cpu,MAFAULDA,model_only,K1-FP32,2,165,113.92200796399266
cpu,MAFAULDA,model_only,K1-FP32,2,166,115.64982001436874
cpu,MAFAULDA,model_only,K1-FP32,2,167,114.87805598881096
cpu,MAFAULDA,model_only,K1-FP32,2,168,113.52919699857011
cpu,MAFAULDA,model_only,K1-FP32,2,169,113.63685299875215
cpu,MAFAULDA,model_only,K1-FP32,2,170,114.67477702535689
cpu,MAFAULDA,model_only,K1-FP32,2,171,114.91701396880671
cpu,MAFAULDA,model_only,K1-FP32,2,172,113.80561598343775
cpu,MAFAULDA,model_only,K1-FP32,2,173,113.8264819746837
cpu,MAFAULDA,model_only,K1-FP32,2,174,113.83108596783131
cpu,MAFAULDA,model_only,K1-FP32,2,175,114.49402297148481
cpu,MAFAULDA,model_only,K1-FP32,2,176,114.7326419595629
cpu,MAFAULDA,model_only,K1-FP32,2,177,113.54535503778607
cpu,MAFAULDA,model_only,K1-FP32,2,178,114.63000898947939
cpu,MAFAULDA,model_only,K1-FP32,2,179,114.61265198886395
cpu,MAFAULDA,model_only,K1-FP32,2,180,115.12110999319702
cpu,MAFAULDA,model_only,K1-FP32,2,181,113.79725497681648
cpu,MAFAULDA,model_only,K1-FP32,2,182,113.72489703353494
cpu,MAFAULDA,model_only,K1-FP32,2,183,114.91187399951741
cpu,MAFAULDA,model_only,K1-FP32,2,184,115.57932797586545
cpu,MAFAULDA,model_only,K1-FP32,2,185,115.00799399800599
cpu,MAFAULDA,model_only,K1-FP32,2,186,114.37535798177123
cpu,MAFAULDA,model_only,K1-FP32,2,187,113.73265302972868
cpu,MAFAULDA,model_only,K1-FP32,2,188,113.65413095336407
cpu,MAFAULDA,model_only,K1-FP32,2,189,114.36373798642308
cpu,MAFAULDA,model_only,K1-FP32,2,190,113.71006997069344
cpu,MAFAULDA,model_only,K1-FP32,2,191,113.8951990287751
cpu,MAFAULDA,model_only,K1-FP32,2,192,114.75985700963065
cpu,MAFAULDA,model_only,K1-FP32,2,193,115.37431500619277
cpu,MAFAULDA,model_only,K1-FP32,2,194,114.69465302070603
cpu,MAFAULDA,model_only,K1-FP32,2,195,113.76231099711731
cpu,MAFAULDA,model_only,K1-FP32,2,196,114.66636799741536
cpu,MAFAULDA,model_only,K1-FP32,2,197,114.91458996897563
cpu,MAFAULDA,model_only,K1-FP32,2,198,114.13087998516858
cpu,MAFAULDA,model_only,K1-FP32,2,199,114.06802397686988
cpu,MAFAULDA,model_only,K1-FP32,2,200,115.15657498966902
cpu,MAFAULDA,model_only,K1-FP32,2,201,115.70372799178585
cpu,MAFAULDA,model_only,K1-FP32,2,202,115.04206899553537
cpu,MAFAULDA,model_only,K1-FP32,2,203,115.16096303239465
cpu,MAFAULDA,model_only,K1-FP32,2,204,113.89570502797142
cpu,MAFAULDA,model_only,K1-FP32,2,205,114.87590498290956
cpu,MAFAULDA,model_only,K1-FP32,2,206,114.34560402994975
cpu,MAFAULDA,model_only,K1-FP32,2,207,115.51074997987598
cpu,MAFAULDA,model_only,K1-FP32,2,208,113.87039598776028
cpu,MAFAULDA,model_only,K1-FP32,2,209,114.96797204017639
cpu,MAFAULDA,model_only,K1-FP32,2,210,114.26590103656054
cpu,MAFAULDA,model_only,K1-FP32,2,211,115.16418599057943
cpu,MAFAULDA,model_only,K1-FP32,2,212,113.77226398326457
cpu,MAFAULDA,model_only,K1-FP32,2,213,114.93624304421246
cpu,MAFAULDA,model_only,K1-FP32,2,214,115.75124296359718
cpu,MAFAULDA,model_only,K1-FP32,2,215,114.13035303121433
cpu,MAFAULDA,model_only,K1-FP32,2,216,115.1621540193446
cpu,MAFAULDA,model_only,K1-FP32,2,217,114.15930301882327
cpu,MAFAULDA,model_only,K1-FP32,2,218,116.312240017578
cpu,MAFAULDA,model_only,K1-FP32,2,219,116.98776099365205
cpu,MAFAULDA,model_only,K1-FP32,2,220,113.20528300711885
cpu,MAFAULDA,model_only,K1-FP32,2,221,113.58471499988809
cpu,MAFAULDA,model_only,K1-FP32,2,222,113.6514869867824
cpu,MAFAULDA,model_only,K1-FP32,2,223,113.27103502117097
cpu,MAFAULDA,model_only,K1-FP32,2,224,114.33446197770536
cpu,MAFAULDA,model_only,K1-FP32,2,225,113.19224000908434
cpu,MAFAULDA,model_only,K1-FP32,2,226,113.84472000645474
cpu,MAFAULDA,model_only,K1-FP32,2,227,113.13399398932233
cpu,MAFAULDA,model_only,K1-FP32,2,228,113.51907404605299
cpu,MAFAULDA,model_only,K1-FP32,2,229,113.77890896983445
cpu,MAFAULDA,model_only,K1-FP32,2,230,113.61666698940098
cpu,MAFAULDA,model_only,K1-FP32,2,231,112.69431200344115
cpu,MAFAULDA,model_only,K1-FP32,2,232,112.9793570144102
cpu,MAFAULDA,model_only,K1-FP32,2,233,113.4564759558998
cpu,MAFAULDA,model_only,K1-FP32,2,234,112.89125704206526
cpu,MAFAULDA,model_only,K1-FP32,2,235,114.10073901060969
cpu,MAFAULDA,model_only,K1-FP32,2,236,113.64615999627858
cpu,MAFAULDA,model_only,K1-FP32,2,237,114.4051180453971
cpu,MAFAULDA,model_only,K1-FP32,2,238,114.32073102332652
cpu,MAFAULDA,model_only,K1-FP32,2,239,113.24281000997871
cpu,MAFAULDA,model_only,K1-FP32,2,240,114.01709995698184
cpu,MAFAULDA,model_only,K1-FP32,2,241,113.11404994921759
cpu,MAFAULDA,model_only,K1-FP32,2,242,113.25046501588076
cpu,MAFAULDA,model_only,K1-FP32,2,243,114.18196698650718
cpu,MAFAULDA,model_only,K1-FP32,2,244,113.15546702826396
cpu,MAFAULDA,model_only,K1-FP32,2,245,113.48901299061254
cpu,MAFAULDA,model_only,K1-FP32,2,246,114.69323898199946
cpu,MAFAULDA,model_only,K1-FP32,2,247,113.59712202101946
cpu,MAFAULDA,model_only,K1-FP32,2,248,114.06573699787259
cpu,MAFAULDA,model_only,K1-FP32,2,249,113.11767302686349
cpu,MAFAULDA,model_only,Q8-cpu_dynamic,2,0,108.45426301239058
cpu,MAFAULDA,model_only,Q8-cpu_dynamic,2,1,107.66876896377653
cpu,MAFAULDA,model_only,Q8-cpu_dynamic,2,2,106.70085798483342
cpu,MAFAULDA,model_only,Q8-cpu_dynamic,2,3,107.77729097753763
cpu,MAFAULDA,model_only,Q8-cpu_dynamic,2,4,107.98626602627337
cpu,MAFAULDA,model_only,Q8-cpu_dynamic,2,5,107.87344200070947
cpu,MAFAULDA,model_only,Q8-cpu_dynamic,2,6,108.067957975436
cpu,MAFAULDA,model_only,Q8-cpu_dynamic,2,7,107.84455400425941
cpu,MAFAULDA,model_only,Q8-cpu_dynamic,2,8,107.96520602889359
cpu,MAFAULDA,model_only,Q8-cpu_dynamic,2,9,106.70700197806582
cpu,MAFAULDA,model_only,Q8-cpu_dynamic,2,10,108.12331398483366
cpu,MAFAULDA,model_only,Q8-cpu_dynamic,2,11,107.91071795392781
cpu,MAFAULDA,model_only,Q8-cpu_dynamic,2,12,107.64239897252992
cpu,MAFAULDA,model_only,Q8-cpu_dynamic,2,13,107.73871798301116
cpu,MAFAULDA,model_only,Q8-cpu_dynamic,2,14,108.50278602447361
cpu,MAFAULDA,model_only,Q8-cpu_dynamic,2,15,107.7061669784598
cpu,MAFAULDA,model_only,Q8-cpu_dynamic,2,16,107.67205699812621
cpu,MAFAULDA,model_only,Q8-cpu_dynamic,2,17,107.58501198142767
cpu,MAFAULDA,model_only,Q8-cpu_dynamic,2,18,107.65525698661804
cpu,MAFAULDA,model_only,Q8-cpu_dynamic,2,19,107.94521099887788
cpu,MAFAULDA,model_only,Q8-cpu_dynamic,2,20,107.51585697289556
cpu,MAFAULDA,model_only,Q8-cpu_dynamic,2,21,107.70990600576624
cpu,MAFAULDA,model_only,Q8-cpu_dynamic,2,22,106.84136202326044
cpu,MAFAULDA,model_only,Q8-cpu_dynamic,2,23,107.6586630078964
cpu,MAFAULDA,model_only,Q8-cpu_dynamic,2,24,108.02214499562979
cpu,MAFAULDA,model_only,Q8-cpu_dynamic,2,25,108.29786799149588
cpu,MAFAULDA,model_only,Q8-cpu_dynamic,2,26,107.49160300474614
cpu,MAFAULDA,model_only,Q8-cpu_dynamic,2,27,107.56946698529646
cpu,MAFAULDA,model_only,Q8-cpu_dynamic,2,28,107.99694299930707
cpu,MAFAULDA,model_only,Q8-cpu_dynamic,2,29,107.6514390297234
cpu,MAFAULDA,model_only,Q8-cpu_dynamic,2,30,107.71494003711268
cpu,MAFAULDA,model_only,Q8-cpu_dynamic,2,31,108.00050297984853
cpu,MAFAULDA,model_only,Q8-cpu_dynamic,2,32,106.18517600232735
cpu,MAFAULDA,model_only,Q8-cpu_dynamic,2,33,98.42065500561148
cpu,MAFAULDA,model_only,Q8-cpu_dynamic,2,34,108.39234001468867
cpu,MAFAULDA,model_only,Q8-cpu_dynamic,2,35,107.5991049874574
cpu,MAFAULDA,model_only,Q8-cpu_dynamic,2,36,107.44268202688545
cpu,MAFAULDA,model_only,Q8-cpu_dynamic,2,37,107.32030204962939
cpu,MAFAULDA,model_only,Q8-cpu_dynamic,2,38,107.9537559999153
cpu,MAFAULDA,model_only,Q8-cpu_dynamic,2,39,107.74006100837141
cpu,MAFAULDA,model_only,Q8-cpu_dynamic,2,40,107.82886302331463
cpu,MAFAULDA,model_only,Q8-cpu_dynamic,2,41,106.9272099994123
cpu,MAFAULDA,model_only,Q8-cpu_dynamic,2,42,108.33132197149098
cpu,MAFAULDA,model_only,Q8-cpu_dynamic,2,43,108.0313179991208
cpu,MAFAULDA,model_only,Q8-cpu_dynamic,2,44,108.22398500749841
cpu,MAFAULDA,model_only,Q8-cpu_dynamic,2,45,107.5342430267483
cpu,MAFAULDA,model_only,Q8-cpu_dynamic,2,46,107.71294101141393
cpu,MAFAULDA,model_only,Q8-cpu_dynamic,2,47,107.93393198400736
cpu,MAFAULDA,model_only,Q8-cpu_dynamic,2,48,106.73341300571337
cpu,MAFAULDA,model_only,Q8-cpu_dynamic,2,49,108.91231003915891
cpu,MAFAULDA,model_only,Q8-cpu_dynamic,2,50,108.22090902365744
cpu,MAFAULDA,model_only,Q8-cpu_dynamic,2,51,108.42627799138427
cpu,MAFAULDA,model_only,Q8-cpu_dynamic,2,52,107.62943601002917
cpu,MAFAULDA,model_only,Q8-cpu_dynamic,2,53,107.74011799367145
cpu,MAFAULDA,model_only,Q8-cpu_dynamic,2,54,106.63203400326893
cpu,MAFAULDA,model_only,Q8-cpu_dynamic,2,55,107.72258101496845
cpu,MAFAULDA,model_only,Q8-cpu_dynamic,2,56,107.93843999272212
cpu,MAFAULDA,model_only,Q8-cpu_dynamic,2,57,107.65095299575478
cpu,MAFAULDA,model_only,Q8-cpu_dynamic,2,58,107.4721339973621
cpu,MAFAULDA,model_only,Q8-cpu_dynamic,2,59,108.29547001048923
cpu,MAFAULDA,model_only,Q8-cpu_dynamic,2,60,107.79962898232043
cpu,MAFAULDA,model_only,Q8-cpu_dynamic,2,61,107.42765298346058
cpu,MAFAULDA,model_only,Q8-cpu_dynamic,2,62,107.74577304255217
cpu,MAFAULDA,model_only,Q8-cpu_dynamic,2,63,107.74841299280524
cpu,MAFAULDA,model_only,Q8-cpu_dynamic,2,64,107.62274503940716
cpu,MAFAULDA,model_only,Q8-cpu_dynamic,2,65,107.4672699905932
cpu,MAFAULDA,model_only,Q8-cpu_dynamic,2,66,107.9508539987728
cpu,MAFAULDA,model_only,Q8-cpu_dynamic,2,67,107.56509797647595
cpu,MAFAULDA,model_only,Q8-cpu_dynamic,2,68,107.83312900457531
cpu,MAFAULDA,model_only,Q8-cpu_dynamic,2,69,108.35523897549137
cpu,MAFAULDA,model_only,Q8-cpu_dynamic,2,70,107.78502299217507
cpu,MAFAULDA,model_only,Q8-cpu_dynamic,2,71,107.17771697090939
cpu,MAFAULDA,model_only,Q8-cpu_dynamic,2,72,108.20596298435703
cpu,MAFAULDA,model_only,Q8-cpu_dynamic,2,73,107.82849497627467
cpu,MAFAULDA,model_only,Q8-cpu_dynamic,2,74,107.78613900765777
cpu,MAFAULDA,model_only,Q8-cpu_dynamic,2,75,107.92287002550438
cpu,MAFAULDA,model_only,Q8-cpu_dynamic,2,76,106.164856988471
cpu,MAFAULDA,model_only,Q8-cpu_dynamic,2,77,97.8937330073677
cpu,MAFAULDA,model_only,Q8-cpu_dynamic,2,78,107.8031369834207
cpu,MAFAULDA,model_only,Q8-cpu_dynamic,2,79,107.83879103837535
cpu,MAFAULDA,model_only,Q8-cpu_dynamic,2,80,107.86166100297123
cpu,MAFAULDA,model_only,Q8-cpu_dynamic,2,81,107.92711703106761
cpu,MAFAULDA,model_only,Q8-cpu_dynamic,2,82,107.68464696593583
cpu,MAFAULDA,model_only,Q8-cpu_dynamic,2,83,107.72730701137334
cpu,MAFAULDA,model_only,Q8-cpu_dynamic,2,84,107.92830603895709
cpu,MAFAULDA,model_only,Q8-cpu_dynamic,2,85,107.66255500493571
cpu,MAFAULDA,model_only,Q8-cpu_dynamic,2,86,107.76582401013002
cpu,MAFAULDA,model_only,Q8-cpu_dynamic,2,87,106.97454900946468
cpu,MAFAULDA,model_only,Q8-cpu_dynamic,2,88,107.07995697157457
cpu,MAFAULDA,model_only,Q8-cpu_dynamic,2,89,107.82452701823786
cpu,MAFAULDA,model_only,Q8-cpu_dynamic,2,90,107.8792359912768
cpu,MAFAULDA,model_only,Q8-cpu_dynamic,2,91,107.76882898062468
cpu,MAFAULDA,model_only,Q8-cpu_dynamic,2,92,107.70988801959902
cpu,MAFAULDA,model_only,Q8-cpu_dynamic,2,93,106.30349296843633
cpu,MAFAULDA,model_only,Q8-cpu_dynamic,2,94,98.24902500258759
cpu,MAFAULDA,model_only,Q8-cpu_dynamic,2,95,108.53469202993438
cpu,MAFAULDA,model_only,Q8-cpu_dynamic,2,96,107.8001310233958
cpu,MAFAULDA,model_only,Q8-cpu_dynamic,2,97,108.43945399392396
cpu,MAFAULDA,model_only,Q8-cpu_dynamic,2,98,107.7050999738276
cpu,MAFAULDA,model_only,Q8-cpu_dynamic,2,99,107.71821299567819
cpu,MAFAULDA,model_only,Q8-cpu_dynamic,2,100,107.69999102922156
cpu,MAFAULDA,model_only,Q8-cpu_dynamic,2,101,108.129499014467
cpu,MAFAULDA,model_only,Q8-cpu_dynamic,2,102,107.64583898708224
cpu,MAFAULDA,model_only,Q8-cpu_dynamic,2,103,108.00532199209556
cpu,MAFAULDA,model_only,Q8-cpu_dynamic,2,104,107.81182796927169
cpu,MAFAULDA,model_only,Q8-cpu_dynamic,2,105,106.81164299603552
cpu,MAFAULDA,model_only,Q8-cpu_dynamic,2,106,106.47191799944267
cpu,MAFAULDA,model_only,Q8-cpu_dynamic,2,107,108.24810096528381
cpu,MAFAULDA,model_only,Q8-cpu_dynamic,2,108,107.94982098741457
cpu,MAFAULDA,model_only,Q8-cpu_dynamic,2,109,107.6200749957934
cpu,MAFAULDA,model_only,Q8-cpu_dynamic,2,110,107.10757505148649
cpu,MAFAULDA,model_only,Q8-cpu_dynamic,2,111,106.67636600555852
cpu,MAFAULDA,model_only,Q8-cpu_dynamic,2,112,107.92220500297844
cpu,MAFAULDA,model_only,Q8-cpu_dynamic,2,113,107.72202798398212
cpu,MAFAULDA,model_only,Q8-cpu_dynamic,2,114,107.67267103074118
cpu,MAFAULDA,model_only,Q8-cpu_dynamic,2,115,107.84875397803262
cpu,MAFAULDA,model_only,Q8-cpu_dynamic,2,116,107.98492794856429
cpu,MAFAULDA,model_only,Q8-cpu_dynamic,2,117,107.56955499527976
cpu,MAFAULDA,model_only,Q8-cpu_dynamic,2,118,107.06205799942836
cpu,MAFAULDA,model_only,Q8-cpu_dynamic,2,119,98.15697296289727
cpu,MAFAULDA,model_only,Q8-cpu_dynamic,2,120,108.08151599485427
cpu,MAFAULDA,model_only,Q8-cpu_dynamic,2,121,107.72100498434156
cpu,MAFAULDA,model_only,Q8-cpu_dynamic,2,122,108.00433001713827
cpu,MAFAULDA,model_only,Q8-cpu_dynamic,2,123,107.73979499936104
cpu,MAFAULDA,model_only,Q8-cpu_dynamic,2,124,107.98788600368425
cpu,MAFAULDA,model_only,Q8-cpu_dynamic,2,125,108.16656600218266
cpu,MAFAULDA,model_only,Q8-cpu_dynamic,2,126,107.74717398453504
cpu,MAFAULDA,model_only,Q8-cpu_dynamic,2,127,107.71243600174785
cpu,MAFAULDA,model_only,Q8-cpu_dynamic,2,128,108.00163605017588
cpu,MAFAULDA,model_only,Q8-cpu_dynamic,2,129,107.55769099341705
cpu,MAFAULDA,model_only,Q8-cpu_dynamic,2,130,107.83412697492167
cpu,MAFAULDA,model_only,Q8-cpu_dynamic,2,131,107.8877099789679
cpu,MAFAULDA,model_only,Q8-cpu_dynamic,2,132,107.73800098104402
cpu,MAFAULDA,model_only,Q8-cpu_dynamic,2,133,106.7578429938294
cpu,MAFAULDA,model_only,Q8-cpu_dynamic,2,134,107.9978960333392
cpu,MAFAULDA,model_only,Q8-cpu_dynamic,2,135,108.22850704425946
cpu,MAFAULDA,model_only,Q8-cpu_dynamic,2,136,107.02931397827342
cpu,MAFAULDA,model_only,Q8-cpu_dynamic,2,137,107.875187008176
cpu,MAFAULDA,model_only,Q8-cpu_dynamic,2,138,107.30693902587518
cpu,MAFAULDA,model_only,Q8-cpu_dynamic,2,139,107.75759298121557
cpu,MAFAULDA,model_only,Q8-cpu_dynamic,2,140,107.55402297945693
cpu,MAFAULDA,model_only,Q8-cpu_dynamic,2,141,107.90564102353528
cpu,MAFAULDA,model_only,Q8-cpu_dynamic,2,142,107.63987799873576
cpu,MAFAULDA,model_only,Q8-cpu_dynamic,2,143,107.73161501856521
cpu,MAFAULDA,model_only,Q8-cpu_dynamic,2,144,109.4062149641104
cpu,MAFAULDA,model_only,Q8-cpu_dynamic,2,145,109.2483300017193
cpu,MAFAULDA,model_only,Q8-cpu_dynamic,2,146,106.45671398378909
cpu,MAFAULDA,model_only,Q8-cpu_dynamic,2,147,105.6325410027057
cpu,MAFAULDA,model_only,Q8-cpu_dynamic,2,148,106.1822900082916
cpu,MAFAULDA,model_only,Q8-cpu_dynamic,2,149,106.51582101127133
cpu,MAFAULDA,model_only,Q8-cpu_dynamic,2,150,106.66156298248097
cpu,MAFAULDA,model_only,Q8-cpu_dynamic,2,151,106.46768799051642
cpu,MAFAULDA,model_only,Q8-cpu_dynamic,2,152,106.49183200439438
cpu,MAFAULDA,model_only,Q8-cpu_dynamic,2,153,106.74226400442421
cpu,MAFAULDA,model_only,Q8-cpu_dynamic,2,154,106.33442300604656
cpu,MAFAULDA,model_only,Q8-cpu_dynamic,2,155,106.56205500708893
cpu,MAFAULDA,model_only,Q8-cpu_dynamic,2,156,106.47113900631666
cpu,MAFAULDA,model_only,Q8-cpu_dynamic,2,157,106.33171099470928
cpu,MAFAULDA,model_only,Q8-cpu_dynamic,2,158,106.3727600267157
cpu,MAFAULDA,model_only,Q8-cpu_dynamic,2,159,106.3104509958066
cpu,MAFAULDA,model_only,Q8-cpu_dynamic,2,160,106.47275199880823
cpu,MAFAULDA,model_only,Q8-cpu_dynamic,2,161,106.27887403825298
cpu,MAFAULDA,model_only,Q8-cpu_dynamic,2,162,106.31369100883603
cpu,MAFAULDA,model_only,Q8-cpu_dynamic,2,163,106.80989403044805
cpu,MAFAULDA,model_only,Q8-cpu_dynamic,2,164,105.40538100758567
cpu,MAFAULDA,model_only,Q8-cpu_dynamic,2,165,106.62414500257
cpu,MAFAULDA,model_only,Q8-cpu_dynamic,2,166,106.32923798402771
cpu,MAFAULDA,model_only,Q8-cpu_dynamic,2,167,104.70911802258343
cpu,MAFAULDA,model_only,Q8-cpu_dynamic,2,168,96.84388199821115
cpu,MAFAULDA,model_only,Q8-cpu_dynamic,2,169,106.50272603379562
cpu,MAFAULDA,model_only,Q8-cpu_dynamic,2,170,105.98858795128763
cpu,MAFAULDA,model_only,Q8-cpu_dynamic,2,171,106.34481196757406
cpu,MAFAULDA,model_only,Q8-cpu_dynamic,2,172,106.9156660232693
cpu,MAFAULDA,model_only,Q8-cpu_dynamic,2,173,106.44803202012554
cpu,MAFAULDA,model_only,Q8-cpu_dynamic,2,174,106.4279479905963
cpu,MAFAULDA,model_only,Q8-cpu_dynamic,2,175,106.31111898692325
cpu,MAFAULDA,model_only,Q8-cpu_dynamic,2,176,106.30114102968946
cpu,MAFAULDA,model_only,Q8-cpu_dynamic,2,177,106.31839500274509
cpu,MAFAULDA,model_only,Q8-cpu_dynamic,2,178,106.6602700157091
cpu,MAFAULDA,model_only,Q8-cpu_dynamic,2,179,106.44535097526386
cpu,MAFAULDA,model_only,Q8-cpu_dynamic,2,180,104.8807900515385
cpu,MAFAULDA,model_only,Q8-cpu_dynamic,2,181,108.70364698348567
cpu,MAFAULDA,model_only,Q8-cpu_dynamic,2,182,107.1138969855383
cpu,MAFAULDA,model_only,Q8-cpu_dynamic,2,183,106.85762797947973
cpu,MAFAULDA,model_only,Q8-cpu_dynamic,2,184,106.24360898509622
cpu,MAFAULDA,model_only,Q8-cpu_dynamic,2,185,105.43028695974499
cpu,MAFAULDA,model_only,Q8-cpu_dynamic,2,186,106.34571296395734
cpu,MAFAULDA,model_only,Q8-cpu_dynamic,2,187,105.79647804843262
cpu,MAFAULDA,model_only,Q8-cpu_dynamic,2,188,106.88589001074433
cpu,MAFAULDA,model_only,Q8-cpu_dynamic,2,189,106.57963500125334
cpu,MAFAULDA,model_only,Q8-cpu_dynamic,2,190,106.65063402848318
cpu,MAFAULDA,model_only,Q8-cpu_dynamic,2,191,106.71700298553333
cpu,MAFAULDA,model_only,Q8-cpu_dynamic,2,192,106.48635297548026
cpu,MAFAULDA,model_only,Q8-cpu_dynamic,2,193,106.61366599379107
cpu,MAFAULDA,model_only,Q8-cpu_dynamic,2,194,106.7427399684675
cpu,MAFAULDA,model_only,Q8-cpu_dynamic,2,195,106.39162396546453
cpu,MAFAULDA,model_only,Q8-cpu_dynamic,2,196,106.57530900789425
cpu,MAFAULDA,model_only,Q8-cpu_dynamic,2,197,106.58949601929635
cpu,MAFAULDA,model_only,Q8-cpu_dynamic,2,198,105.45062099117786
cpu,MAFAULDA,model_only,Q8-cpu_dynamic,2,199,106.58349900040776
cpu,MAFAULDA,model_only,Q8-cpu_dynamic,2,200,106.9107530056499
cpu,MAFAULDA,model_only,Q8-cpu_dynamic,2,201,106.6864879685454
cpu,MAFAULDA,model_only,Q8-cpu_dynamic,2,202,106.50138498749584
cpu,MAFAULDA,model_only,Q8-cpu_dynamic,2,203,107.13522299192846
cpu,MAFAULDA,model_only,Q8-cpu_dynamic,2,204,105.40680401027203
cpu,MAFAULDA,model_only,Q8-cpu_dynamic,2,205,106.48228600621223
cpu,MAFAULDA,model_only,Q8-cpu_dynamic,2,206,106.7016520537436
cpu,MAFAULDA,model_only,Q8-cpu_dynamic,2,207,106.58719501225278
cpu,MAFAULDA,model_only,Q8-cpu_dynamic,2,208,106.57895798794925
cpu,MAFAULDA,model_only,Q8-cpu_dynamic,2,209,105.45642202487215
cpu,MAFAULDA,model_only,Q8-cpu_dynamic,2,210,107.02807398047298
cpu,MAFAULDA,model_only,Q8-cpu_dynamic,2,211,105.15754303196445
cpu,MAFAULDA,model_only,Q8-cpu_dynamic,2,212,106.8111049826257
cpu,MAFAULDA,model_only,Q8-cpu_dynamic,2,213,107.4407990090549
cpu,MAFAULDA,model_only,Q8-cpu_dynamic,2,214,106.52619501342997
cpu,MAFAULDA,model_only,Q8-cpu_dynamic,2,215,106.54194798553362
cpu,MAFAULDA,model_only,Q8-cpu_dynamic,2,216,106.6190890269354
cpu,MAFAULDA,model_only,Q8-cpu_dynamic,2,217,104.80168199865147
cpu,MAFAULDA,model_only,Q8-cpu_dynamic,2,218,95.21277900785208
cpu,MAFAULDA,model_only,Q8-cpu_dynamic,2,219,95.17140302341431
cpu,MAFAULDA,model_only,Q8-cpu_dynamic,2,220,96.31209302460775
cpu,MAFAULDA,model_only,Q8-cpu_dynamic,2,221,95.61927698086947
cpu,MAFAULDA,model_only,Q8-cpu_dynamic,2,222,95.52066103788093
cpu,MAFAULDA,model_only,Q8-cpu_dynamic,2,223,95.3105780063197
cpu,MAFAULDA,model_only,Q8-cpu_dynamic,2,224,95.02883901586756
cpu,MAFAULDA,model_only,Q8-cpu_dynamic,2,225,94.80185696156695
cpu,MAFAULDA,model_only,Q8-cpu_dynamic,2,226,95.33092495985329
cpu,MAFAULDA,model_only,Q8-cpu_dynamic,2,227,95.99536005407572
cpu,MAFAULDA,model_only,Q8-cpu_dynamic,2,228,95.38819699082524
cpu,MAFAULDA,model_only,Q8-cpu_dynamic,2,229,95.72794695850462
cpu,MAFAULDA,model_only,Q8-cpu_dynamic,2,230,95.75545700499788
cpu,MAFAULDA,model_only,Q8-cpu_dynamic,2,231,96.2585230008699
cpu,MAFAULDA,model_only,Q8-cpu_dynamic,2,232,95.79652902903035
cpu,MAFAULDA,model_only,Q8-cpu_dynamic,2,233,95.46936000697315
cpu,MAFAULDA,model_only,Q8-cpu_dynamic,2,234,95.06165998755023
cpu,MAFAULDA,model_only,Q8-cpu_dynamic,2,235,95.46801901888102
cpu,MAFAULDA,model_only,Q8-cpu_dynamic,2,236,95.46649898402393
cpu,MAFAULDA,model_only,Q8-cpu_dynamic,2,237,95.20832705311477
cpu,MAFAULDA,model_only,Q8-cpu_dynamic,2,238,95.94512998592108
cpu,MAFAULDA,model_only,Q8-cpu_dynamic,2,239,95.47400899464265
cpu,MAFAULDA,model_only,Q8-cpu_dynamic,2,240,97.12123300414532
cpu,MAFAULDA,model_only,Q8-cpu_dynamic,2,241,95.2983710449189
cpu,MAFAULDA,model_only,Q8-cpu_dynamic,2,242,95.33735300647095
cpu,MAFAULDA,model_only,Q8-cpu_dynamic,2,243,96.75747499568388
cpu,MAFAULDA,model_only,Q8-cpu_dynamic,2,244,95.47349601052701
cpu,MAFAULDA,model_only,Q8-cpu_dynamic,2,245,95.50029301317409
cpu,MAFAULDA,model_only,Q8-cpu_dynamic,2,246,95.48792196437716
cpu,MAFAULDA,model_only,Q8-cpu_dynamic,2,247,95.73335899040103
cpu,MAFAULDA,model_only,Q8-cpu_dynamic,2,248,95.48683802131563
cpu,MAFAULDA,model_only,Q8-cpu_dynamic,2,249,95.59852600796148
cpu,MAFAULDA,model_only,Q8-cpu_dynamic,3,0,95.17568803858012
cpu,MAFAULDA,model_only,Q8-cpu_dynamic,3,1,96.69988899258897
cpu,MAFAULDA,model_only,Q8-cpu_dynamic,3,2,95.45921004610136
cpu,MAFAULDA,model_only,Q8-cpu_dynamic,3,3,95.64513998338953
cpu,MAFAULDA,model_only,Q8-cpu_dynamic,3,4,95.84071603603661
cpu,MAFAULDA,model_only,Q8-cpu_dynamic,3,5,95.3668060246855
cpu,MAFAULDA,model_only,Q8-cpu_dynamic,3,6,95.84086498944089
cpu,MAFAULDA,model_only,Q8-cpu_dynamic,3,7,95.32420599134639
cpu,MAFAULDA,model_only,Q8-cpu_dynamic,3,8,95.38938401965424
cpu,MAFAULDA,model_only,Q8-cpu_dynamic,3,9,95.65750398905948
cpu,MAFAULDA,model_only,Q8-cpu_dynamic,3,10,95.38023604545742
cpu,MAFAULDA,model_only,Q8-cpu_dynamic,3,11,95.90573899913579
cpu,MAFAULDA,model_only,Q8-cpu_dynamic,3,12,95.64994799438864
cpu,MAFAULDA,model_only,Q8-cpu_dynamic,3,13,95.7336500287056
cpu,MAFAULDA,model_only,Q8-cpu_dynamic,3,14,95.76097800163552
cpu,MAFAULDA,model_only,Q8-cpu_dynamic,3,15,96.80423297686502
cpu,MAFAULDA,model_only,Q8-cpu_dynamic,3,16,107.39485803060234
cpu,MAFAULDA,model_only,Q8-cpu_dynamic,3,17,106.78462096257135
cpu,MAFAULDA,model_only,Q8-cpu_dynamic,3,18,106.89206095412374
cpu,MAFAULDA,model_only,Q8-cpu_dynamic,3,19,106.87203198904172
cpu,MAFAULDA,model_only,Q8-cpu_dynamic,3,20,107.18845902010798
cpu,MAFAULDA,model_only,Q8-cpu_dynamic,3,21,107.23064700141549
cpu,MAFAULDA,model_only,Q8-cpu_dynamic,3,22,106.93662596167997
cpu,MAFAULDA,model_only,Q8-cpu_dynamic,3,23,107.50548099167645
cpu,MAFAULDA,model_only,Q8-cpu_dynamic,3,24,107.08951600827277
cpu,MAFAULDA,model_only,Q8-cpu_dynamic,3,25,106.93662601988763
cpu,MAFAULDA,model_only,Q8-cpu_dynamic,3,26,107.24046599352732
cpu,MAFAULDA,model_only,Q8-cpu_dynamic,3,27,107.28596698027104
cpu,MAFAULDA,model_only,Q8-cpu_dynamic,3,28,106.13758600084111
cpu,MAFAULDA,model_only,Q8-cpu_dynamic,3,29,107.23095200955868
cpu,MAFAULDA,model_only,Q8-cpu_dynamic,3,30,107.66648198477924
cpu,MAFAULDA,model_only,Q8-cpu_dynamic,3,31,104.44372001802549
cpu,MAFAULDA,model_only,Q8-cpu_dynamic,3,32,98.54174603242427
cpu,MAFAULDA,model_only,Q8-cpu_dynamic,3,33,107.36531496513635
cpu,MAFAULDA,model_only,Q8-cpu_dynamic,3,34,107.3985060211271
cpu,MAFAULDA,model_only,Q8-cpu_dynamic,3,35,107.16181597672403
cpu,MAFAULDA,model_only,Q8-cpu_dynamic,3,36,106.97286698268726
cpu,MAFAULDA,model_only,Q8-cpu_dynamic,3,37,107.1795699535869
cpu,MAFAULDA,model_only,Q8-cpu_dynamic,3,38,106.34658997878432
cpu,MAFAULDA,model_only,Q8-cpu_dynamic,3,39,108.12160198111087
cpu,MAFAULDA,model_only,Q8-cpu_dynamic,3,40,107.38079901784658
cpu,MAFAULDA,model_only,Q8-cpu_dynamic,3,41,106.97124601574615
cpu,MAFAULDA,model_only,Q8-cpu_dynamic,3,42,107.36988502321765
cpu,MAFAULDA,model_only,Q8-cpu_dynamic,3,43,107.30982199311256
cpu,MAFAULDA,model_only,Q8-cpu_dynamic,3,44,105.33984197536483
cpu,MAFAULDA,model_only,Q8-cpu_dynamic,3,45,97.90065902052447
cpu,MAFAULDA,model_only,Q8-cpu_dynamic,3,46,107.81845398014411
cpu,MAFAULDA,model_only,Q8-cpu_dynamic,3,47,107.27780498564243
cpu,MAFAULDA,model_only,Q8-cpu_dynamic,3,48,106.8443909753114
cpu,MAFAULDA,model_only,Q8-cpu_dynamic,3,49,106.43122700275853
cpu,MAFAULDA,model_only,Q8-cpu_dynamic,3,50,107.03825700329617
cpu,MAFAULDA,model_only,Q8-cpu_dynamic,3,51,107.31892596231773
cpu,MAFAULDA,model_only,Q8-cpu_dynamic,3,52,107.03484201803803
cpu,MAFAULDA,model_only,Q8-cpu_dynamic,3,53,106.91235301783308
cpu,MAFAULDA,model_only,Q8-cpu_dynamic,3,54,107.12765099015087
cpu,MAFAULDA,model_only,Q8-cpu_dynamic,3,55,106.9982600165531
cpu,MAFAULDA,model_only,Q8-cpu_dynamic,3,56,107.69266600254923
cpu,MAFAULDA,model_only,Q8-cpu_dynamic,3,57,106.99523001676425
cpu,MAFAULDA,model_only,Q8-cpu_dynamic,3,58,107.21859300974756
cpu,MAFAULDA,model_only,Q8-cpu_dynamic,3,59,105.97641096683219
cpu,MAFAULDA,model_only,Q8-cpu_dynamic,3,60,97.22387499641627
cpu,MAFAULDA,model_only,Q8-cpu_dynamic,3,61,107.58953500771895
cpu,MAFAULDA,model_only,Q8-cpu_dynamic,3,62,107.66738903475925
cpu,MAFAULDA,model_only,Q8-cpu_dynamic,3,63,106.23212502105162
cpu,MAFAULDA,model_only,Q8-cpu_dynamic,3,64,106.37725400738418
cpu,MAFAULDA,model_only,Q8-cpu_dynamic,3,65,107.40643000463024
cpu,MAFAULDA,model_only,Q8-cpu_dynamic,3,66,107.38778201630339
cpu,MAFAULDA,model_only,Q8-cpu_dynamic,3,67,107.24859102629125
cpu,MAFAULDA,model_only,Q8-cpu_dynamic,3,68,106.4334359834902
cpu,MAFAULDA,model_only,Q8-cpu_dynamic,3,69,106.17308202199638
cpu,MAFAULDA,model_only,Q8-cpu_dynamic,3,70,107.33957000775263
cpu,MAFAULDA,model_only,Q8-cpu_dynamic,3,71,107.15696500847116
cpu,MAFAULDA,model_only,Q8-cpu_dynamic,3,72,107.07843001000583
cpu,MAFAULDA,model_only,Q8-cpu_dynamic,3,73,107.1686620125547
cpu,MAFAULDA,model_only,Q8-cpu_dynamic,3,74,105.60739901848137
cpu,MAFAULDA,model_only,Q8-cpu_dynamic,3,75,97.6184619939886
cpu,MAFAULDA,model_only,Q8-cpu_dynamic,3,76,106.84619803214446
cpu,MAFAULDA,model_only,Q8-cpu_dynamic,3,77,107.7182759763673
cpu,MAFAULDA,model_only,Q8-cpu_dynamic,3,78,107.19530703499913
cpu,MAFAULDA,model_only,Q8-cpu_dynamic,3,79,107.33505501411855
cpu,MAFAULDA,model_only,Q8-cpu_dynamic,3,80,107.44971904205158
cpu,MAFAULDA,model_only,Q8-cpu_dynamic,3,81,107.42994502652436
cpu,MAFAULDA,model_only,Q8-cpu_dynamic,3,82,107.40270599490032
cpu,MAFAULDA,model_only,Q8-cpu_dynamic,3,83,107.5046889600344
cpu,MAFAULDA,model_only,Q8-cpu_dynamic,3,84,107.54338698461652
cpu,MAFAULDA,model_only,Q8-cpu_dynamic,3,85,107.54859197186306
cpu,MAFAULDA,model_only,Q8-cpu_dynamic,3,86,107.33678698306903
cpu,MAFAULDA,model_only,Q8-cpu_dynamic,3,87,107.82702796859667
cpu,MAFAULDA,model_only,Q8-cpu_dynamic,3,88,107.53798804944381
cpu,MAFAULDA,model_only,Q8-cpu_dynamic,3,89,106.42420098884031
cpu,MAFAULDA,model_only,Q8-cpu_dynamic,3,90,106.42585501773283
cpu,MAFAULDA,model_only,Q8-cpu_dynamic,3,91,107.42478299653158
cpu,MAFAULDA,model_only,Q8-cpu_dynamic,3,92,108.47917199134827
cpu,MAFAULDA,model_only,Q8-cpu_dynamic,3,93,107.40034200716764
cpu,MAFAULDA,model_only,Q8-cpu_dynamic,3,94,107.52313397824764
cpu,MAFAULDA,model_only,Q8-cpu_dynamic,3,95,107.56257100729272
cpu,MAFAULDA,model_only,Q8-cpu_dynamic,3,96,107.6349699869752
cpu,MAFAULDA,model_only,Q8-cpu_dynamic,3,97,107.43816400645301
cpu,MAFAULDA,model_only,Q8-cpu_dynamic,3,98,108.17028000019491
cpu,MAFAULDA,model_only,Q8-cpu_dynamic,3,99,106.70386999845505
cpu,MAFAULDA,model_only,Q8-cpu_dynamic,3,100,106.38817003928125
cpu,MAFAULDA,model_only,Q8-cpu_dynamic,3,101,107.67387197120115
cpu,MAFAULDA,model_only,Q8-cpu_dynamic,3,102,107.5854409718886
cpu,MAFAULDA,model_only,Q8-cpu_dynamic,3,103,108.17073500948027
cpu,MAFAULDA,model_only,Q8-cpu_dynamic,3,104,106.72072198940441
cpu,MAFAULDA,model_only,Q8-cpu_dynamic,3,105,108.06728800525889
cpu,MAFAULDA,model_only,Q8-cpu_dynamic,3,106,107.8675520257093
cpu,MAFAULDA,model_only,Q8-cpu_dynamic,3,107,107.62098303530365
cpu,MAFAULDA,model_only,Q8-cpu_dynamic,3,108,108.09687100118026
cpu,MAFAULDA,model_only,Q8-cpu_dynamic,3,109,107.49999800464138
cpu,MAFAULDA,model_only,Q8-cpu_dynamic,3,110,106.33180104196072
cpu,MAFAULDA,model_only,Q8-cpu_dynamic,3,111,109.1728899627924
cpu,MAFAULDA,model_only,Q8-cpu_dynamic,3,112,107.78996103908867
cpu,MAFAULDA,model_only,Q8-cpu_dynamic,3,113,107.53504699096084
cpu,MAFAULDA,model_only,Q8-cpu_dynamic,3,114,108.19392005214468
cpu,MAFAULDA,model_only,Q8-cpu_dynamic,3,115,107.12621104903519
cpu,MAFAULDA,model_only,Q8-cpu_dynamic,3,116,107.38980199676007
cpu,MAFAULDA,model_only,Q8-cpu_dynamic,3,117,107.90164500940591
cpu,MAFAULDA,model_only,Q8-cpu_dynamic,3,118,106.02109302999452
cpu,MAFAULDA,model_only,Q8-cpu_dynamic,3,119,97.57753001758829
cpu,MAFAULDA,model_only,Q8-cpu_dynamic,3,120,105.95779895083979
cpu,MAFAULDA,model_only,Q8-cpu_dynamic,3,121,95.85117700044066
cpu,MAFAULDA,model_only,Q8-cpu_dynamic,3,122,95.62292997725308
cpu,MAFAULDA,model_only,Q8-cpu_dynamic,3,123,96.31760697811842
cpu,MAFAULDA,model_only,Q8-cpu_dynamic,3,124,95.37201299099252
cpu,MAFAULDA,model_only,Q8-cpu_dynamic,3,125,97.01508801663294
cpu,MAFAULDA,model_only,Q8-cpu_dynamic,3,126,96.79872897686437
cpu,MAFAULDA,model_only,Q8-cpu_dynamic,3,127,99.32689997367561
cpu,MAFAULDA,model_only,Q8-cpu_dynamic,3,128,96.65509301703423
cpu,MAFAULDA,model_only,Q8-cpu_dynamic,3,129,95.16390203498304
cpu,MAFAULDA,model_only,Q8-cpu_dynamic,3,130,96.51644102996215
cpu,MAFAULDA,model_only,Q8-cpu_dynamic,3,131,95.7998699741438
cpu,MAFAULDA,model_only,Q8-cpu_dynamic,3,132,96.13929101033136
cpu,MAFAULDA,model_only,Q8-cpu_dynamic,3,133,95.84340103901923
cpu,MAFAULDA,model_only,Q8-cpu_dynamic,3,134,95.97475396003574
cpu,MAFAULDA,model_only,Q8-cpu_dynamic,3,135,96.47934598615393
cpu,MAFAULDA,model_only,Q8-cpu_dynamic,3,136,95.87604604894295
cpu,MAFAULDA,model_only,Q8-cpu_dynamic,3,137,95.90944100636989
cpu,MAFAULDA,model_only,Q8-cpu_dynamic,3,138,96.61964199040085
cpu,MAFAULDA,model_only,Q8-cpu_dynamic,3,139,96.19778400519863
cpu,MAFAULDA,model_only,Q8-cpu_dynamic,3,140,95.92323401011527
cpu,MAFAULDA,model_only,Q8-cpu_dynamic,3,141,95.63681401778013
cpu,MAFAULDA,model_only,Q8-cpu_dynamic,3,142,96.2574589648284
cpu,MAFAULDA,model_only,Q8-cpu_dynamic,3,143,95.98134702537209
cpu,MAFAULDA,model_only,Q8-cpu_dynamic,3,144,96.18769201915711
cpu,MAFAULDA,model_only,Q8-cpu_dynamic,3,145,96.5276809874922
cpu,MAFAULDA,model_only,Q8-cpu_dynamic,3,146,95.98933800589293
cpu,MAFAULDA,model_only,Q8-cpu_dynamic,3,147,95.50669899908826
cpu,MAFAULDA,model_only,Q8-cpu_dynamic,3,148,96.66073200060055
cpu,MAFAULDA,model_only,Q8-cpu_dynamic,3,149,96.23273299075663
cpu,MAFAULDA,model_only,Q8-cpu_dynamic,3,150,96.80111898342147
cpu,MAFAULDA,model_only,Q8-cpu_dynamic,3,151,96.5510590467602
cpu,MAFAULDA,model_only,Q8-cpu_dynamic,3,152,95.95815499778837
cpu,MAFAULDA,model_only,Q8-cpu_dynamic,3,153,96.57778701512143
cpu,MAFAULDA,model_only,Q8-cpu_dynamic,3,154,96.00680897710845
cpu,MAFAULDA,model_only,Q8-cpu_dynamic,3,155,96.30943200318143
cpu,MAFAULDA,model_only,Q8-cpu_dynamic,3,156,96.84651298448443
cpu,MAFAULDA,model_only,Q8-cpu_dynamic,3,157,96.04880900587887
cpu,MAFAULDA,model_only,Q8-cpu_dynamic,3,158,96.01903497241437
cpu,MAFAULDA,model_only,Q8-cpu_dynamic,3,159,96.32491000229493
cpu,MAFAULDA,model_only,Q8-cpu_dynamic,3,160,95.88322800118476
cpu,MAFAULDA,model_only,Q8-cpu_dynamic,3,161,95.34592600539327
cpu,MAFAULDA,model_only,Q8-cpu_dynamic,3,162,96.51132900035009
cpu,MAFAULDA,model_only,Q8-cpu_dynamic,3,163,95.47914296854287
cpu,MAFAULDA,model_only,Q8-cpu_dynamic,3,164,95.74898896971717
cpu,MAFAULDA,model_only,Q8-cpu_dynamic,3,165,96.73009300604463
cpu,MAFAULDA,model_only,Q8-cpu_dynamic,3,166,96.28757304744795
cpu,MAFAULDA,model_only,Q8-cpu_dynamic,3,167,98.02347200457007
cpu,MAFAULDA,model_only,Q8-cpu_dynamic,3,168,108.97438001120463
cpu,MAFAULDA,model_only,Q8-cpu_dynamic,3,169,108.58605097746477
cpu,MAFAULDA,model_only,Q8-cpu_dynamic,3,170,108.00658498192206
cpu,MAFAULDA,model_only,Q8-cpu_dynamic,3,171,108.19599201204255
cpu,MAFAULDA,model_only,Q8-cpu_dynamic,3,172,108.5508429678157
cpu,MAFAULDA,model_only,Q8-cpu_dynamic,3,173,108.57945901807398
cpu,MAFAULDA,model_only,Q8-cpu_dynamic,3,174,107.15333401458338
cpu,MAFAULDA,model_only,Q8-cpu_dynamic,3,175,107.84917697310448
cpu,MAFAULDA,model_only,Q8-cpu_dynamic,3,176,108.53517998475581
cpu,MAFAULDA,model_only,Q8-cpu_dynamic,3,177,108.62193803768605
cpu,MAFAULDA,model_only,Q8-cpu_dynamic,3,178,108.75224403571337
cpu,MAFAULDA,model_only,Q8-cpu_dynamic,3,179,108.47734299022704
cpu,MAFAULDA,model_only,Q8-cpu_dynamic,3,180,107.33725200407207
cpu,MAFAULDA,model_only,Q8-cpu_dynamic,3,181,108.10177802341059
cpu,MAFAULDA,model_only,Q8-cpu_dynamic,3,182,108.38016396155581
cpu,MAFAULDA,model_only,Q8-cpu_dynamic,3,183,108.53529296582565
cpu,MAFAULDA,model_only,Q8-cpu_dynamic,3,184,108.43530402053148
cpu,MAFAULDA,model_only,Q8-cpu_dynamic,3,185,111.80858500301838
cpu,MAFAULDA,model_only,Q8-cpu_dynamic,3,186,108.61150902928784
cpu,MAFAULDA,model_only,Q8-cpu_dynamic,3,187,108.50257897982374
cpu,MAFAULDA,model_only,Q8-cpu_dynamic,3,188,108.24148199753836
cpu,MAFAULDA,model_only,Q8-cpu_dynamic,3,189,107.3460400220938
cpu,MAFAULDA,model_only,Q8-cpu_dynamic,3,190,108.45017799874768
cpu,MAFAULDA,model_only,Q8-cpu_dynamic,3,191,108.50025899708271
cpu,MAFAULDA,model_only,Q8-cpu_dynamic,3,192,111.08162102755159
cpu,MAFAULDA,model_only,Q8-cpu_dynamic,3,193,108.71581599349156
cpu,MAFAULDA,model_only,Q8-cpu_dynamic,3,194,108.62495802575722
cpu,MAFAULDA,model_only,Q8-cpu_dynamic,3,195,106.48369800765067
cpu,MAFAULDA,model_only,Q8-cpu_dynamic,3,196,108.2815449917689
cpu,MAFAULDA,model_only,Q8-cpu_dynamic,3,197,108.56081498786807
cpu,MAFAULDA,model_only,Q8-cpu_dynamic,3,198,108.43080701306462
cpu,MAFAULDA,model_only,Q8-cpu_dynamic,3,199,107.48318099649623
cpu,MAFAULDA,model_only,Q8-cpu_dynamic,3,200,108.4106609923765
cpu,MAFAULDA,model_only,Q8-cpu_dynamic,3,201,108.74066303949803
cpu,MAFAULDA,model_only,Q8-cpu_dynamic,3,202,108.36587805533782
cpu,MAFAULDA,model_only,Q8-cpu_dynamic,3,203,108.51402801927179
cpu,MAFAULDA,model_only,Q8-cpu_dynamic,3,204,106.37232102453709
cpu,MAFAULDA,model_only,Q8-cpu_dynamic,3,205,97.71096700569615
cpu,MAFAULDA,model_only,Q8-cpu_dynamic,3,206,108.82254102034494
cpu,MAFAULDA,model_only,Q8-cpu_dynamic,3,207,108.2586589618586
cpu,MAFAULDA,model_only,Q8-cpu_dynamic,3,208,108.66148700006306
cpu,MAFAULDA,model_only,Q8-cpu_dynamic,3,209,108.53656602557749
cpu,MAFAULDA,model_only,Q8-cpu_dynamic,3,210,108.69301401544362
cpu,MAFAULDA,model_only,Q8-cpu_dynamic,3,211,107.42508800467476
cpu,MAFAULDA,model_only,Q8-cpu_dynamic,3,212,108.83733397349715
cpu,MAFAULDA,model_only,Q8-cpu_dynamic,3,213,106.7658009706065
cpu,MAFAULDA,model_only,Q8-cpu_dynamic,3,214,96.1292390129529
cpu,MAFAULDA,model_only,Q8-cpu_dynamic,3,215,101.85049998108298
cpu,MAFAULDA,model_only,Q8-cpu_dynamic,3,216,108.99907100247219
cpu,MAFAULDA,model_only,Q8-cpu_dynamic,3,217,107.44719300419092
cpu,MAFAULDA,model_only,Q8-cpu_dynamic,3,218,108.35559299448505
cpu,MAFAULDA,model_only,Q8-cpu_dynamic,3,219,108.42661396600306
cpu,MAFAULDA,model_only,Q8-cpu_dynamic,3,220,107.72203002125025
cpu,MAFAULDA,model_only,Q8-cpu_dynamic,3,221,108.28974901232868
cpu,MAFAULDA,model_only,Q8-cpu_dynamic,3,222,108.90656197443604
cpu,MAFAULDA,model_only,Q8-cpu_dynamic,3,223,108.76962804468349
cpu,MAFAULDA,model_only,Q8-cpu_dynamic,3,224,108.78514900105074
cpu,MAFAULDA,model_only,Q8-cpu_dynamic,3,225,108.69026696309447
cpu,MAFAULDA,model_only,Q8-cpu_dynamic,3,226,108.41365397209302
cpu,MAFAULDA,model_only,Q8-cpu_dynamic,3,227,108.21061598835513
cpu,MAFAULDA,model_only,Q8-cpu_dynamic,3,228,108.6641539586708
cpu,MAFAULDA,model_only,Q8-cpu_dynamic,3,229,108.80576999625191
cpu,MAFAULDA,model_only,Q8-cpu_dynamic,3,230,108.75948099419475
cpu,MAFAULDA,model_only,Q8-cpu_dynamic,3,231,109.43156701978296
cpu,MAFAULDA,model_only,Q8-cpu_dynamic,3,232,108.29481499968097
cpu,MAFAULDA,model_only,Q8-cpu_dynamic,3,233,108.65383403142914
cpu,MAFAULDA,model_only,Q8-cpu_dynamic,3,234,107.83118900144473
cpu,MAFAULDA,model_only,Q8-cpu_dynamic,3,235,108.40413201367483
cpu,MAFAULDA,model_only,Q8-cpu_dynamic,3,236,107.10658301832154
cpu,MAFAULDA,model_only,Q8-cpu_dynamic,3,237,97.86991699365899
cpu,MAFAULDA,model_only,Q8-cpu_dynamic,3,238,109.64822198729962
cpu,MAFAULDA,model_only,Q8-cpu_dynamic,3,239,108.7202180060558
cpu,MAFAULDA,model_only,Q8-cpu_dynamic,3,240,109.36168901389465
cpu,MAFAULDA,model_only,Q8-cpu_dynamic,3,241,108.76204102532938
cpu,MAFAULDA,model_only,Q8-cpu_dynamic,3,242,108.65004500374198
cpu,MAFAULDA,model_only,Q8-cpu_dynamic,3,243,107.960095978342
cpu,MAFAULDA,model_only,Q8-cpu_dynamic,3,244,108.62807102967054
cpu,MAFAULDA,model_only,Q8-cpu_dynamic,3,245,108.82276698248461
cpu,MAFAULDA,model_only,Q8-cpu_dynamic,3,246,108.89292799402028
cpu,MAFAULDA,model_only,Q8-cpu_dynamic,3,247,109.09695597365499
cpu,MAFAULDA,model_only,Q8-cpu_dynamic,3,248,108.69188397191465
cpu,MAFAULDA,model_only,Q8-cpu_dynamic,3,249,107.90133400587365
cpu,MAFAULDA,model_only,K1-FP32,3,0,115.22426101146266
cpu,MAFAULDA,model_only,K1-FP32,3,1,114.13889797404408
cpu,MAFAULDA,model_only,K1-FP32,3,2,115.16813799971715
cpu,MAFAULDA,model_only,K1-FP32,3,3,115.31543103046715
cpu,MAFAULDA,model_only,K1-FP32,3,4,114.27542101591825
cpu,MAFAULDA,model_only,K1-FP32,3,5,115.11465796502307
cpu,MAFAULDA,model_only,K1-FP32,3,6,115.50320399692282
cpu,MAFAULDA,model_only,K1-FP32,3,7,115.34303094958887
cpu,MAFAULDA,model_only,K1-FP32,3,8,115.8793069771491
cpu,MAFAULDA,model_only,K1-FP32,3,9,114.33004401624203
cpu,MAFAULDA,model_only,K1-FP32,3,10,114.20769401593134
cpu,MAFAULDA,model_only,K1-FP32,3,11,115.12583802687004
cpu,MAFAULDA,model_only,K1-FP32,3,12,115.27870502322912
cpu,MAFAULDA,model_only,K1-FP32,3,13,115.37098500411958
cpu,MAFAULDA,model_only,K1-FP32,3,14,115.24240899598226
cpu,MAFAULDA,model_only,K1-FP32,3,15,115.68194901337847
cpu,MAFAULDA,model_only,K1-FP32,3,16,113.79836703417823
cpu,MAFAULDA,model_only,K1-FP32,3,17,114.5619279704988
cpu,MAFAULDA,model_only,K1-FP32,3,18,114.24662597710267
cpu,MAFAULDA,model_only,K1-FP32,3,19,114.36317104380578
cpu,MAFAULDA,model_only,K1-FP32,3,20,115.2331319754012
cpu,MAFAULDA,model_only,K1-FP32,3,21,114.2559940344654
cpu,MAFAULDA,model_only,K1-FP32,3,22,115.08570902515203
cpu,MAFAULDA,model_only,K1-FP32,3,23,114.17972599156201
cpu,MAFAULDA,model_only,K1-FP32,3,24,115.62749702716246
cpu,MAFAULDA,model_only,K1-FP32,3,25,114.38557895598933
cpu,MAFAULDA,model_only,K1-FP32,3,26,114.40531798871234
cpu,MAFAULDA,model_only,K1-FP32,3,27,114.34399301651865
cpu,MAFAULDA,model_only,K1-FP32,3,28,114.37873402610421
cpu,MAFAULDA,model_only,K1-FP32,3,29,114.63308898964897
cpu,MAFAULDA,model_only,K1-FP32,3,30,115.44552200939506
cpu,MAFAULDA,model_only,K1-FP32,3,31,114.55507099162787
cpu,MAFAULDA,model_only,K1-FP32,3,32,114.81310299132019
cpu,MAFAULDA,model_only,K1-FP32,3,33,114.61997899459675
cpu,MAFAULDA,model_only,K1-FP32,3,34,114.90270600188524
cpu,MAFAULDA,model_only,K1-FP32,3,35,116.24884000048041
cpu,MAFAULDA,model_only,K1-FP32,3,36,114.68298803083599
cpu,MAFAULDA,model_only,K1-FP32,3,37,115.83862395491451
cpu,MAFAULDA,model_only,K1-FP32,3,38,114.50856097508222
cpu,MAFAULDA,model_only,K1-FP32,3,39,114.64255198370665
cpu,MAFAULDA,model_only,K1-FP32,3,40,114.40699099330232
cpu,MAFAULDA,model_only,K1-FP32,3,41,114.54838799545541
cpu,MAFAULDA,model_only,K1-FP32,3,42,114.43495901767164
cpu,MAFAULDA,model_only,K1-FP32,3,43,116.01539701223373
cpu,MAFAULDA,model_only,K1-FP32,3,44,115.42497901245952
cpu,MAFAULDA,model_only,K1-FP32,3,45,114.81967300642282
cpu,MAFAULDA,model_only,K1-FP32,3,46,116.77270603831857
cpu,MAFAULDA,model_only,K1-FP32,3,47,115.35356100648642
cpu,MAFAULDA,model_only,K1-FP32,3,48,114.72439597127959
cpu,MAFAULDA,model_only,K1-FP32,3,49,115.587359003257
cpu,MAFAULDA,model_only,K1-FP32,3,50,114.72292401595041
cpu,MAFAULDA,model_only,K1-FP32,3,51,114.07524102833122
cpu,MAFAULDA,model_only,K1-FP32,3,52,115.82108895527199
cpu,MAFAULDA,model_only,K1-FP32,3,53,116.03636702056974
cpu,MAFAULDA,model_only,K1-FP32,3,54,114.74265297874808
cpu,MAFAULDA,model_only,K1-FP32,3,55,114.44225901504979
cpu,MAFAULDA,model_only,K1-FP32,3,56,114.30017603561282
cpu,MAFAULDA,model_only,K1-FP32,3,57,115.43477000668645
cpu,MAFAULDA,model_only,K1-FP32,3,58,115.4894270002842
cpu,MAFAULDA,model_only,K1-FP32,3,59,114.9580409983173
cpu,MAFAULDA,model_only,K1-FP32,3,60,114.13833202095702
cpu,MAFAULDA,model_only,K1-FP32,3,61,114.29118202067912
cpu,MAFAULDA,model_only,K1-FP32,3,62,115.82951800664887
cpu,MAFAULDA,model_only,K1-FP32,3,63,115.37102900911123
cpu,MAFAULDA,model_only,K1-FP32,3,64,114.20790699776262
cpu,MAFAULDA,model_only,K1-FP32,3,65,114.05444098636508
cpu,MAFAULDA,model_only,K1-FP32,3,66,114.38854096923023
cpu,MAFAULDA,model_only,K1-FP32,3,67,114.50738797429949
cpu,MAFAULDA,model_only,K1-FP32,3,68,114.87976799253374
cpu,MAFAULDA,model_only,K1-FP32,3,69,116.1270429729484
cpu,MAFAULDA,model_only,K1-FP32,3,70,114.00432500522584
cpu,MAFAULDA,model_only,K1-FP32,3,71,115.56353000923991
cpu,MAFAULDA,model_only,K1-FP32,3,72,114.11352502182126
cpu,MAFAULDA,model_only,K1-FP32,3,73,114.20899198856205
cpu,MAFAULDA,model_only,K1-FP32,3,74,115.49819295760244
cpu,MAFAULDA,model_only,K1-FP32,3,75,115.28936895774677
cpu,MAFAULDA,model_only,K1-FP32,3,76,114.4251319929026
cpu,MAFAULDA,model_only,K1-FP32,3,77,115.72454404085875
cpu,MAFAULDA,model_only,K1-FP32,3,78,115.57346401968971
cpu,MAFAULDA,model_only,K1-FP32,3,79,114.28639304358512
cpu,MAFAULDA,model_only,K1-FP32,3,80,114.36675197910517
cpu,MAFAULDA,model_only,K1-FP32,3,81,113.26178797753528
cpu,MAFAULDA,model_only,K1-FP32,3,82,115.05088699050248
cpu,MAFAULDA,model_only,K1-FP32,3,83,115.56287598796189
cpu,MAFAULDA,model_only,K1-FP32,3,84,115.25696399621665
cpu,MAFAULDA,model_only,K1-FP32,3,85,114.48288796236739
cpu,MAFAULDA,model_only,K1-FP32,3,86,114.81125198770314
cpu,MAFAULDA,model_only,K1-FP32,3,87,115.78378698322922
cpu,MAFAULDA,model_only,K1-FP32,3,88,114.16407203068957
cpu,MAFAULDA,model_only,K1-FP32,3,89,114.69007103005424
cpu,MAFAULDA,model_only,K1-FP32,3,90,114.46144001092762
cpu,MAFAULDA,model_only,K1-FP32,3,91,115.29015999985859
cpu,MAFAULDA,model_only,K1-FP32,3,92,114.2821530229412
cpu,MAFAULDA,model_only,K1-FP32,3,93,115.51190004684031
cpu,MAFAULDA,model_only,K1-FP32,3,94,114.71916601294652
cpu,MAFAULDA,model_only,K1-FP32,3,95,114.89734298083931
cpu,MAFAULDA,model_only,K1-FP32,3,96,113.99437399813905
cpu,MAFAULDA,model_only,K1-FP32,3,97,114.49778900714591
cpu,MAFAULDA,model_only,K1-FP32,3,98,115.38202100200579
cpu,MAFAULDA,model_only,K1-FP32,3,99,115.16129499068484
cpu,MAFAULDA,model_only,K1-FP32,3,100,114.22558297635987
cpu,MAFAULDA,model_only,K1-FP32,3,101,115.15458399662748
cpu,MAFAULDA,model_only,K1-FP32,3,102,114.71564398379996
cpu,MAFAULDA,model_only,K1-FP32,3,103,114.16215199278668
cpu,MAFAULDA,model_only,K1-FP32,3,104,115.87528901873156
cpu,MAFAULDA,model_only,K1-FP32,3,105,114.38709800131619
cpu,MAFAULDA,model_only,K1-FP32,3,106,114.57636795239523
cpu,MAFAULDA,model_only,K1-FP32,3,107,115.5237519997172
cpu,MAFAULDA,model_only,K1-FP32,3,108,114.38772705150768
cpu,MAFAULDA,model_only,K1-FP32,3,109,114.4506600103341
cpu,MAFAULDA,model_only,K1-FP32,3,110,114.50013500871137
cpu,MAFAULDA,model_only,K1-FP32,3,111,115.96160795306787
cpu,MAFAULDA,model_only,K1-FP32,3,112,115.57218903908506
cpu,MAFAULDA,model_only,K1-FP32,3,113,116.13088799640536
cpu,MAFAULDA,model_only,K1-FP32,3,114,115.71067298064008
cpu,MAFAULDA,model_only,K1-FP32,3,115,114.33707701507956
cpu,MAFAULDA,model_only,K1-FP32,3,116,114.32236700784415
cpu,MAFAULDA,model_only,K1-FP32,3,117,115.51894195144996
cpu,MAFAULDA,model_only,K1-FP32,3,118,115.4809040017426
cpu,MAFAULDA,model_only,K1-FP32,3,119,115.83164799958467
cpu,MAFAULDA,model_only,K1-FP32,3,120,115.88654696242884
cpu,MAFAULDA,model_only,K1-FP32,3,121,116.70845601474866
cpu,MAFAULDA,model_only,K1-FP32,3,122,114.16659399401397
cpu,MAFAULDA,model_only,K1-FP32,3,123,115.40281400084496
cpu,MAFAULDA,model_only,K1-FP32,3,124,114.2735870089382
cpu,MAFAULDA,model_only,K1-FP32,3,125,114.2281040083617
cpu,MAFAULDA,model_only,K1-FP32,3,126,114.29104302078485
cpu,MAFAULDA,model_only,K1-FP32,3,127,114.19735697563738
cpu,MAFAULDA,model_only,K1-FP32,3,128,114.19517901958898
cpu,MAFAULDA,model_only,K1-FP32,3,129,114.12856297101825
cpu,MAFAULDA,model_only,K1-FP32,3,130,116.31502100499347
cpu,MAFAULDA,model_only,K1-FP32,3,131,115.37498701363802
cpu,MAFAULDA,model_only,K1-FP32,3,132,115.64806097885594
cpu,MAFAULDA,model_only,K1-FP32,3,133,114.53046801034361
cpu,MAFAULDA,model_only,K1-FP32,3,134,115.44378899270669
cpu,MAFAULDA,model_only,K1-FP32,3,135,114.77179499343038
cpu,MAFAULDA,model_only,K1-FP32,3,136,114.1550790052861
cpu,MAFAULDA,model_only,K1-FP32,3,137,115.56560802273452
cpu,MAFAULDA,model_only,K1-FP32,3,138,115.56524800835177
cpu,MAFAULDA,model_only,K1-FP32,3,139,115.59898598352447
cpu,MAFAULDA,model_only,K1-FP32,3,140,114.33143599424511
cpu,MAFAULDA,model_only,K1-FP32,3,141,116.65661801816896
cpu,MAFAULDA,model_only,K1-FP32,3,142,114.25752303330228
cpu,MAFAULDA,model_only,K1-FP32,3,143,114.2445330042392
cpu,MAFAULDA,model_only,K1-FP32,3,144,114.05526899034157
cpu,MAFAULDA,model_only,K1-FP32,3,145,114.36306103132665
cpu,MAFAULDA,model_only,K1-FP32,3,146,115.82449998240918
cpu,MAFAULDA,model_only,K1-FP32,3,147,114.44059398490936
cpu,MAFAULDA,model_only,K1-FP32,3,148,116.33519496535882
cpu,MAFAULDA,model_only,K1-FP32,3,149,117.13641101960093
cpu,MAFAULDA,model_only,K1-FP32,3,150,119.46334800450131
cpu,MAFAULDA,model_only,K1-FP32,3,151,113.41337201884016
cpu,MAFAULDA,model_only,K1-FP32,3,152,110.53806799463928
cpu,MAFAULDA,model_only,K1-FP32,3,153,101.374264981132
cpu,MAFAULDA,model_only,K1-FP32,3,154,112.51836398150772
cpu,MAFAULDA,model_only,K1-FP32,3,155,112.85061301896349
cpu,MAFAULDA,model_only,K1-FP32,3,156,112.72377299610525
cpu,MAFAULDA,model_only,K1-FP32,3,157,112.38058999879286
cpu,MAFAULDA,model_only,K1-FP32,3,158,111.5344000281766
cpu,MAFAULDA,model_only,K1-FP32,3,159,112.1966409846209
cpu,MAFAULDA,model_only,K1-FP32,3,160,112.59382602293044
cpu,MAFAULDA,model_only,K1-FP32,3,161,111.03284399723634
cpu,MAFAULDA,model_only,K1-FP32,3,162,111.46736500086263
cpu,MAFAULDA,model_only,K1-FP32,3,163,112.1965330094099
cpu,MAFAULDA,model_only,K1-FP32,3,164,111.55119602335617
cpu,MAFAULDA,model_only,K1-FP32,3,165,112.99800098640844
cpu,MAFAULDA,model_only,K1-FP32,3,166,111.78696400020272
cpu,MAFAULDA,model_only,K1-FP32,3,167,112.06219700397924
cpu,MAFAULDA,model_only,K1-FP32,3,168,112.84803500166163
cpu,MAFAULDA,model_only,K1-FP32,3,169,112.60608298471197
cpu,MAFAULDA,model_only,K1-FP32,3,170,112.69213701598346
cpu,MAFAULDA,model_only,K1-FP32,3,171,112.71478101843968
cpu,MAFAULDA,model_only,K1-FP32,3,172,111.76496796542779
cpu,MAFAULDA,model_only,K1-FP32,3,173,112.95166600029916
cpu,MAFAULDA,model_only,K1-FP32,3,174,113.75548999058083
cpu,MAFAULDA,model_only,K1-FP32,3,175,111.75959999673069
cpu,MAFAULDA,model_only,K1-FP32,3,176,112.8545009996742
cpu,MAFAULDA,model_only,K1-FP32,3,177,112.67815600149333
cpu,MAFAULDA,model_only,K1-FP32,3,178,111.05105001479387
cpu,MAFAULDA,model_only,K1-FP32,3,179,102.11490298388526
cpu,MAFAULDA,model_only,K1-FP32,3,180,113.38339699432254
cpu,MAFAULDA,model_only,K1-FP32,3,181,113.04949800251052
cpu,MAFAULDA,model_only,K1-FP32,3,182,112.64967196621001
cpu,MAFAULDA,model_only,K1-FP32,3,183,112.56446497282013
cpu,MAFAULDA,model_only,K1-FP32,3,184,113.16992004867643
cpu,MAFAULDA,model_only,K1-FP32,3,185,113.32446400774643
cpu,MAFAULDA,model_only,K1-FP32,3,186,139.282509975601
cpu,MAFAULDA,model_only,K1-FP32,3,187,113.13014099141583
cpu,MAFAULDA,model_only,K1-FP32,3,188,113.63247397821397
cpu,MAFAULDA,model_only,K1-FP32,3,189,112.5548139680177
cpu,MAFAULDA,model_only,K1-FP32,3,190,113.72914002276957
cpu,MAFAULDA,model_only,K1-FP32,3,191,113.88890200760216
cpu,MAFAULDA,model_only,K1-FP32,3,192,114.15038001723588
cpu,MAFAULDA,model_only,K1-FP32,3,193,114.19770796783268
cpu,MAFAULDA,model_only,K1-FP32,3,194,111.74296395620331
cpu,MAFAULDA,model_only,K1-FP32,3,195,101.47939599119127
cpu,MAFAULDA,model_only,K1-FP32,3,196,113.18618897348642
cpu,MAFAULDA,model_only,K1-FP32,3,197,111.9316240074113
cpu,MAFAULDA,model_only,K1-FP32,3,198,115.20314699737355
cpu,MAFAULDA,model_only,K1-FP32,3,199,114.00526302168146
cpu,MAFAULDA,model_only,K1-FP32,3,200,113.94679005024955
cpu,MAFAULDA,model_only,K1-FP32,3,201,113.12622600235045
cpu,MAFAULDA,model_only,K1-FP32,3,202,112.78866301290691
cpu,MAFAULDA,model_only,K1-FP32,3,203,113.84149797959253
cpu,MAFAULDA,model_only,K1-FP32,3,204,112.74418397806585
cpu,MAFAULDA,model_only,K1-FP32,3,205,112.6963309943676
cpu,MAFAULDA,model_only,K1-FP32,3,206,112.93325101723894
cpu,MAFAULDA,model_only,K1-FP32,3,207,112.77666199021041
cpu,MAFAULDA,model_only,K1-FP32,3,208,113.18143003154546
cpu,MAFAULDA,model_only,K1-FP32,3,209,113.53061097906902
cpu,MAFAULDA,model_only,K1-FP32,3,210,113.59529802575707
cpu,MAFAULDA,model_only,K1-FP32,3,211,114.00959896855056
cpu,MAFAULDA,model_only,K1-FP32,3,212,113.18882898194715
cpu,MAFAULDA,model_only,K1-FP32,3,213,114.13989902939647
cpu,MAFAULDA,model_only,K1-FP32,3,214,113.97597001632676
cpu,MAFAULDA,model_only,K1-FP32,3,215,112.87198000354692
cpu,MAFAULDA,model_only,K1-FP32,3,216,113.84697601897642
cpu,MAFAULDA,model_only,K1-FP32,3,217,113.44144697068259
cpu,MAFAULDA,model_only,K1-FP32,3,218,114.32914395118132
cpu,MAFAULDA,model_only,K1-FP32,3,219,114.03141397750005
cpu,MAFAULDA,model_only,K1-FP32,3,220,113.03498002234846
cpu,MAFAULDA,model_only,K1-FP32,3,221,114.28221804089844
cpu,MAFAULDA,model_only,K1-FP32,3,222,113.32457000389695
cpu,MAFAULDA,model_only,K1-FP32,3,223,115.0073409662582
cpu,MAFAULDA,model_only,K1-FP32,3,224,113.27960301423445
cpu,MAFAULDA,model_only,K1-FP32,3,225,113.58102195663378
cpu,MAFAULDA,model_only,K1-FP32,3,226,113.43726800987497
cpu,MAFAULDA,model_only,K1-FP32,3,227,114.24985999474302
cpu,MAFAULDA,model_only,K1-FP32,3,228,113.97674097679555
cpu,MAFAULDA,model_only,K1-FP32,3,229,112.9301639739424
cpu,MAFAULDA,model_only,K1-FP32,3,230,113.92250098288059
cpu,MAFAULDA,model_only,K1-FP32,3,231,113.96709602558985
cpu,MAFAULDA,model_only,K1-FP32,3,232,114.142014994286
cpu,MAFAULDA,model_only,K1-FP32,3,233,113.13234298722818
cpu,MAFAULDA,model_only,K1-FP32,3,234,113.24066901579499
cpu,MAFAULDA,model_only,K1-FP32,3,235,114.37351396307349
cpu,MAFAULDA,model_only,K1-FP32,3,236,113.27106796670705
cpu,MAFAULDA,model_only,K1-FP32,3,237,113.50402800599113
cpu,MAFAULDA,model_only,K1-FP32,3,238,113.22694801492617
cpu,MAFAULDA,model_only,K1-FP32,3,239,113.87576599372551
cpu,MAFAULDA,model_only,K1-FP32,3,240,113.16568800248206
cpu,MAFAULDA,model_only,K1-FP32,3,241,113.24839299777523
cpu,MAFAULDA,model_only,K1-FP32,3,242,114.20799698680639
cpu,MAFAULDA,model_only,K1-FP32,3,243,113.5660510044545
cpu,MAFAULDA,model_only,K1-FP32,3,244,114.39276003511623
cpu,MAFAULDA,model_only,K1-FP32,3,245,113.57811599737033
cpu,MAFAULDA,model_only,K1-FP32,3,246,114.4061369705014
cpu,MAFAULDA,model_only,K1-FP32,3,247,114.56481699133292
cpu,MAFAULDA,model_only,K1-FP32,3,248,114.21556695131585
cpu,MAFAULDA,model_only,K1-FP32,3,249,114.23443502280861
cpu,MAFAULDA,end_to_end,K1-FP32,0,0,115.96389999613166
cpu,MAFAULDA,end_to_end,K1-FP32,0,1,116.73660902306437
cpu,MAFAULDA,end_to_end,K1-FP32,0,2,117.64266900718212
cpu,MAFAULDA,end_to_end,K1-FP32,0,3,114.83156599570066
cpu,MAFAULDA,end_to_end,K1-FP32,0,4,104.56756898202002
cpu,MAFAULDA,end_to_end,K1-FP32,0,5,116.66869401233271
cpu,MAFAULDA,end_to_end,K1-FP32,0,6,116.31820496404544
cpu,MAFAULDA,end_to_end,K1-FP32,0,7,116.36579199694097
cpu,MAFAULDA,end_to_end,K1-FP32,0,8,116.82960402686149
cpu,MAFAULDA,end_to_end,K1-FP32,0,9,116.79425503825769
cpu,MAFAULDA,end_to_end,K1-FP32,0,10,116.76511995028704
cpu,MAFAULDA,end_to_end,K1-FP32,0,11,116.52353400131688
cpu,MAFAULDA,end_to_end,K1-FP32,0,12,116.72133899992332
cpu,MAFAULDA,end_to_end,K1-FP32,0,13,116.32543400628492
cpu,MAFAULDA,end_to_end,K1-FP32,0,14,116.80296604754403
cpu,MAFAULDA,end_to_end,K1-FP32,0,15,116.73850496299565
cpu,MAFAULDA,end_to_end,K1-FP32,0,16,117.24943201988935
cpu,MAFAULDA,end_to_end,K1-FP32,0,17,117.73064901353791
cpu,MAFAULDA,end_to_end,K1-FP32,0,18,118.83825395489112
cpu,MAFAULDA,end_to_end,K1-FP32,0,19,115.53036601981148
cpu,MAFAULDA,end_to_end,K1-FP32,0,20,116.39368697069585
cpu,MAFAULDA,end_to_end,K1-FP32,0,21,116.53724702773616
cpu,MAFAULDA,end_to_end,K1-FP32,0,22,116.65692098904401
cpu,MAFAULDA,end_to_end,K1-FP32,0,23,115.84057001164183
cpu,MAFAULDA,end_to_end,K1-FP32,0,24,116.35140900034457
cpu,MAFAULDA,end_to_end,K1-FP32,0,25,116.79994099540636
cpu,MAFAULDA,end_to_end,K1-FP32,0,26,116.91258597420529
cpu,MAFAULDA,end_to_end,K1-FP32,0,27,116.81768100243062
cpu,MAFAULDA,end_to_end,K1-FP32,0,28,116.53121100971475
cpu,MAFAULDA,end_to_end,K1-FP32,0,29,116.75694299628958
cpu,MAFAULDA,end_to_end,K1-FP32,0,30,116.51421705028042
cpu,MAFAULDA,end_to_end,K1-FP32,0,31,116.26063397852704
cpu,MAFAULDA,end_to_end,K1-FP32,0,32,116.50808801641688
cpu,MAFAULDA,end_to_end,K1-FP32,0,33,116.85831600334495
cpu,MAFAULDA,end_to_end,K1-FP32,0,34,116.86366202775389
cpu,MAFAULDA,end_to_end,K1-FP32,0,35,116.06182996183634
cpu,MAFAULDA,end_to_end,K1-FP32,0,36,116.87446699943393
cpu,MAFAULDA,end_to_end,K1-FP32,0,37,117.67766100820154
cpu,MAFAULDA,end_to_end,K1-FP32,0,38,117.21720302011818
cpu,MAFAULDA,end_to_end,K1-FP32,0,39,117.0710870064795
cpu,MAFAULDA,end_to_end,K1-FP32,0,40,116.64080596528947
cpu,MAFAULDA,end_to_end,K1-FP32,0,41,117.04365100013092
cpu,MAFAULDA,end_to_end,K1-FP32,0,42,117.09220800548792
cpu,MAFAULDA,end_to_end,K1-FP32,0,43,117.12771200109273
cpu,MAFAULDA,end_to_end,K1-FP32,0,44,115.88991194730625
cpu,MAFAULDA,end_to_end,K1-FP32,0,45,117.2882710234262
cpu,MAFAULDA,end_to_end,K1-FP32,0,46,115.09279697202146
cpu,MAFAULDA,end_to_end,K1-FP32,0,47,115.05857296288013
cpu,MAFAULDA,end_to_end,K1-FP32,0,48,114.9936500005424
cpu,MAFAULDA,end_to_end,K1-FP32,0,49,115.0393930147402
cpu,MAFAULDA,end_to_end,K1-FP32,0,50,115.18659302964807
cpu,MAFAULDA,end_to_end,K1-FP32,0,51,115.38448400096968
cpu,MAFAULDA,end_to_end,K1-FP32,0,52,115.36947201238945
cpu,MAFAULDA,end_to_end,K1-FP32,0,53,115.47327501466498
cpu,MAFAULDA,end_to_end,K1-FP32,0,54,116.04198499117047
cpu,MAFAULDA,end_to_end,K1-FP32,0,55,115.04943598993123
cpu,MAFAULDA,end_to_end,K1-FP32,0,56,114.00154698640108
cpu,MAFAULDA,end_to_end,K1-FP32,0,57,114.09535398706794
cpu,MAFAULDA,end_to_end,K1-FP32,0,58,114.82945899479091
cpu,MAFAULDA,end_to_end,K1-FP32,0,59,115.59590400429443
cpu,MAFAULDA,end_to_end,K1-FP32,0,60,114.72413595765829
cpu,MAFAULDA,end_to_end,K1-FP32,0,61,115.02264998853207
cpu,MAFAULDA,end_to_end,K1-FP32,0,62,115.01872900407761
cpu,MAFAULDA,end_to_end,K1-FP32,0,63,114.73048600601032
cpu,MAFAULDA,end_to_end,K1-FP32,0,64,114.98524498892948
cpu,MAFAULDA,end_to_end,K1-FP32,0,65,114.95917296269909
cpu,MAFAULDA,end_to_end,K1-FP32,0,66,115.00569200143218
cpu,MAFAULDA,end_to_end,K1-FP32,0,67,114.32307300856337
cpu,MAFAULDA,end_to_end,K1-FP32,0,68,115.87362899444997
cpu,MAFAULDA,end_to_end,K1-FP32,0,69,115.71724095847458
cpu,MAFAULDA,end_to_end,K1-FP32,0,70,114.92129199905321
cpu,MAFAULDA,end_to_end,K1-FP32,0,71,115.06921204272658
cpu,MAFAULDA,end_to_end,K1-FP32,0,72,114.75119402166456
cpu,MAFAULDA,end_to_end,K1-FP32,0,73,115.02315400866792
cpu,MAFAULDA,end_to_end,K1-FP32,0,74,114.88328501582146
cpu,MAFAULDA,end_to_end,K1-FP32,0,75,114.87209296319634
cpu,MAFAULDA,end_to_end,K1-FP32,0,76,115.10293802712113
cpu,MAFAULDA,end_to_end,K1-FP32,0,77,115.29713496565819
cpu,MAFAULDA,end_to_end,K1-FP32,0,78,115.25620496831834
cpu,MAFAULDA,end_to_end,K1-FP32,0,79,114.99606497818604
cpu,MAFAULDA,end_to_end,K1-FP32,0,80,114.93295000400394
cpu,MAFAULDA,end_to_end,K1-FP32,0,81,115.26210198644549
cpu,MAFAULDA,end_to_end,K1-FP32,0,82,114.84777898294851
cpu,MAFAULDA,end_to_end,K1-FP32,0,83,115.05894595757127
cpu,MAFAULDA,end_to_end,K1-FP32,0,84,114.80118503095582
cpu,MAFAULDA,end_to_end,K1-FP32,0,85,115.01288303406909
cpu,MAFAULDA,end_to_end,K1-FP32,0,86,115.15436804620549
cpu,MAFAULDA,end_to_end,K1-FP32,0,87,115.27887597912923
cpu,MAFAULDA,end_to_end,K1-FP32,0,88,115.13601703336462
cpu,MAFAULDA,end_to_end,K1-FP32,0,89,115.21319102030247
cpu,MAFAULDA,end_to_end,K1-FP32,0,90,114.94460998801515
cpu,MAFAULDA,end_to_end,K1-FP32,0,91,114.96055300813168
cpu,MAFAULDA,end_to_end,K1-FP32,0,92,114.86760794650763
cpu,MAFAULDA,end_to_end,K1-FP32,0,93,114.10274199442938
cpu,MAFAULDA,end_to_end,K1-FP32,0,94,115.21357198944315
cpu,MAFAULDA,end_to_end,K1-FP32,0,95,115.86108297342435
cpu,MAFAULDA,end_to_end,K1-FP32,0,96,115.2398560079746
cpu,MAFAULDA,end_to_end,K1-FP32,0,97,113.99237299337983
cpu,MAFAULDA,end_to_end,K1-FP32,0,98,114.88712200662121
cpu,MAFAULDA,end_to_end,K1-FP32,0,99,114.96776703279465
cpu,MAFAULDA,end_to_end,K1-FP32,0,100,115.03413302125409
cpu,MAFAULDA,end_to_end,K1-FP32,0,101,115.15188199700788
cpu,MAFAULDA,end_to_end,K1-FP32,0,102,114.99646201264113
cpu,MAFAULDA,end_to_end,K1-FP32,0,103,115.107074030675
cpu,MAFAULDA,end_to_end,K1-FP32,0,104,115.53789500612766
cpu,MAFAULDA,end_to_end,K1-FP32,0,105,115.3056210023351
cpu,MAFAULDA,end_to_end,K1-FP32,0,106,114.1196220414713
cpu,MAFAULDA,end_to_end,K1-FP32,0,107,115.43502798303962
cpu,MAFAULDA,end_to_end,K1-FP32,0,108,114.96431496925652
cpu,MAFAULDA,end_to_end,K1-FP32,0,109,115.10546802310273
cpu,MAFAULDA,end_to_end,K1-FP32,0,110,114.96057698968798
cpu,MAFAULDA,end_to_end,K1-FP32,0,111,115.1312249712646
cpu,MAFAULDA,end_to_end,K1-FP32,0,112,115.57462502969429
cpu,MAFAULDA,end_to_end,K1-FP32,0,113,115.63066602684557
cpu,MAFAULDA,end_to_end,K1-FP32,0,114,115.05329998908564
cpu,MAFAULDA,end_to_end,K1-FP32,0,115,115.27163302525878
cpu,MAFAULDA,end_to_end,K1-FP32,0,116,115.12945301365107
cpu,MAFAULDA,end_to_end,K1-FP32,0,117,114.9514620192349
cpu,MAFAULDA,end_to_end,K1-FP32,0,118,114.94670202955604
cpu,MAFAULDA,end_to_end,K1-FP32,0,119,115.10694900061935
cpu,MAFAULDA,end_to_end,K1-FP32,0,120,114.5620410097763
cpu,MAFAULDA,end_to_end,K1-FP32,0,121,115.92466203728691
cpu,MAFAULDA,end_to_end,K1-FP32,0,122,115.1881369878538
cpu,MAFAULDA,end_to_end,K1-FP32,0,123,115.16583198681474
cpu,MAFAULDA,end_to_end,K1-FP32,0,124,115.20421999739483
cpu,MAFAULDA,end_to_end,K1-FP32,0,125,115.494770987425
cpu,MAFAULDA,end_to_end,K1-FP32,0,126,115.06224301410839
cpu,MAFAULDA,end_to_end,K1-FP32,0,127,115.19605695502833
cpu,MAFAULDA,end_to_end,K1-FP32,0,128,115.04318000515923
cpu,MAFAULDA,end_to_end,K1-FP32,0,129,115.18533300841227
cpu,MAFAULDA,end_to_end,K1-FP32,0,130,114.70368603477255
cpu,MAFAULDA,end_to_end,K1-FP32,0,131,114.96205301955342
cpu,MAFAULDA,end_to_end,K1-FP32,0,132,115.26665202109143
cpu,MAFAULDA,end_to_end,K1-FP32,0,133,115.12332601705566
cpu,MAFAULDA,end_to_end,K1-FP32,0,134,112.89619497256353
cpu,MAFAULDA,end_to_end,K1-FP32,0,135,104.64137099916115
cpu,MAFAULDA,end_to_end,K1-FP32,0,136,115.23340799612924
cpu,MAFAULDA,end_to_end,K1-FP32,0,137,115.25473598157987
cpu,MAFAULDA,end_to_end,K1-FP32,0,138,115.44149200199172
cpu,MAFAULDA,end_to_end,K1-FP32,0,139,114.67988201184198
cpu,MAFAULDA,end_to_end,K1-FP32,0,140,115.62033399241045
cpu,MAFAULDA,end_to_end,K1-FP32,0,141,115.49505102448165
cpu,MAFAULDA,end_to_end,K1-FP32,0,142,115.2543380158022
cpu,MAFAULDA,end_to_end,K1-FP32,0,143,116.47204705514014
cpu,MAFAULDA,end_to_end,K1-FP32,0,144,115.21885299589485
cpu,MAFAULDA,end_to_end,K1-FP32,0,145,115.42305402690545
cpu,MAFAULDA,end_to_end,K1-FP32,0,146,115.42450997512788
cpu,MAFAULDA,end_to_end,K1-FP32,0,147,116.5061829960905
cpu,MAFAULDA,end_to_end,K1-FP32,0,148,115.53851095959544
cpu,MAFAULDA,end_to_end,K1-FP32,0,149,114.77366904728115
cpu,MAFAULDA,end_to_end,K1-FP32,0,150,115.23433297406882
cpu,MAFAULDA,end_to_end,K1-FP32,0,151,115.37873704219237
cpu,MAFAULDA,end_to_end,K1-FP32,0,152,115.80113996751606
cpu,MAFAULDA,end_to_end,K1-FP32,0,153,115.59143499471247
cpu,MAFAULDA,end_to_end,K1-FP32,0,154,114.39115594839677
cpu,MAFAULDA,end_to_end,K1-FP32,0,155,115.76477100607008
cpu,MAFAULDA,end_to_end,K1-FP32,0,156,116.42877099802718
cpu,MAFAULDA,end_to_end,K1-FP32,0,157,115.50501699093729
cpu,MAFAULDA,end_to_end,K1-FP32,0,158,115.80885003786534
cpu,MAFAULDA,end_to_end,K1-FP32,0,159,115.5965729849413
cpu,MAFAULDA,end_to_end,K1-FP32,0,160,115.69090001285076
cpu,MAFAULDA,end_to_end,K1-FP32,0,161,115.78546394594014
cpu,MAFAULDA,end_to_end,K1-FP32,0,162,115.78063800698146
cpu,MAFAULDA,end_to_end,K1-FP32,0,163,115.90915697161108
cpu,MAFAULDA,end_to_end,K1-FP32,0,164,115.89406401617453
cpu,MAFAULDA,end_to_end,K1-FP32,0,165,116.44482496194541
cpu,MAFAULDA,end_to_end,K1-FP32,0,166,115.71371997706592
cpu,MAFAULDA,end_to_end,K1-FP32,0,167,115.7313110306859
cpu,MAFAULDA,end_to_end,K1-FP32,0,168,116.19717598659918
cpu,MAFAULDA,end_to_end,K1-FP32,0,169,115.81982503412291
cpu,MAFAULDA,end_to_end,K1-FP32,0,170,113.7486599618569
cpu,MAFAULDA,end_to_end,K1-FP32,0,171,104.41139101749286
cpu,MAFAULDA,end_to_end,K1-FP32,0,172,115.91972800670192
cpu,MAFAULDA,end_to_end,K1-FP32,0,173,116.36687599821016
cpu,MAFAULDA,end_to_end,K1-FP32,0,174,115.22293899906799
cpu,MAFAULDA,end_to_end,K1-FP32,0,175,115.84499495802447
cpu,MAFAULDA,end_to_end,K1-FP32,0,176,116.13009800203145
cpu,MAFAULDA,end_to_end,K1-FP32,0,177,115.63023703638464
cpu,MAFAULDA,end_to_end,K1-FP32,0,178,115.7531610224396
cpu,MAFAULDA,end_to_end,K1-FP32,0,179,114.66878501232713
cpu,MAFAULDA,end_to_end,K1-FP32,0,180,116.05931801022962
cpu,MAFAULDA,end_to_end,K1-FP32,0,181,115.84524501813576
cpu,MAFAULDA,end_to_end,K1-FP32,0,182,116.33182596415281
cpu,MAFAULDA,end_to_end,K1-FP32,0,183,116.08560499735177
cpu,MAFAULDA,end_to_end,K1-FP32,0,184,116.24496197327971
cpu,MAFAULDA,end_to_end,K1-FP32,0,185,115.6468489789404
cpu,MAFAULDA,end_to_end,K1-FP32,0,186,115.87357701500878
cpu,MAFAULDA,end_to_end,K1-FP32,0,187,114.83097198652104
cpu,MAFAULDA,end_to_end,K1-FP32,0,188,115.52820401266217
cpu,MAFAULDA,end_to_end,K1-FP32,0,189,115.75189203722402
cpu,MAFAULDA,end_to_end,K1-FP32,0,190,115.75703899143264
cpu,MAFAULDA,end_to_end,K1-FP32,0,191,119.3783599883318
cpu,MAFAULDA,end_to_end,K1-FP32,0,192,114.70104404725134
cpu,MAFAULDA,end_to_end,K1-FP32,0,193,115.63469597604126
cpu,MAFAULDA,end_to_end,K1-FP32,0,194,115.65473902737722
cpu,MAFAULDA,end_to_end,K1-FP32,0,195,114.6308280294761
cpu,MAFAULDA,end_to_end,K1-FP32,0,196,115.82142900442705
cpu,MAFAULDA,end_to_end,K1-FP32,0,197,115.78461999306455
cpu,MAFAULDA,end_to_end,K1-FP32,0,198,116.16537295049056
cpu,MAFAULDA,end_to_end,K1-FP32,0,199,116.86457303585485
cpu,MAFAULDA,end_to_end,K1-FP32,0,200,116.38716299785301
cpu,MAFAULDA,end_to_end,K1-FP32,0,201,113.97868703352287
cpu,MAFAULDA,end_to_end,K1-FP32,0,202,104.811240977142
cpu,MAFAULDA,end_to_end,K1-FP32,0,203,116.23168596997857
cpu,MAFAULDA,end_to_end,K1-FP32,0,204,115.7817339990288
cpu,MAFAULDA,end_to_end,K1-FP32,0,205,115.70667801424861
cpu,MAFAULDA,end_to_end,K1-FP32,0,206,115.99960195599124
cpu,MAFAULDA,end_to_end,K1-FP32,0,207,116.29749700659886
cpu,MAFAULDA,end_to_end,K1-FP32,0,208,116.47408601129428
cpu,MAFAULDA,end_to_end,K1-FP32,0,209,115.3018229524605
cpu,MAFAULDA,end_to_end,K1-FP32,0,210,116.10457400092855
cpu,MAFAULDA,end_to_end,K1-FP32,0,211,116.23340396909043
cpu,MAFAULDA,end_to_end,K1-FP32,0,212,117.11116798687726
cpu,MAFAULDA,end_to_end,K1-FP32,0,213,116.59504799172282
cpu,MAFAULDA,end_to_end,K1-FP32,0,214,116.3337139878422
cpu,MAFAULDA,end_to_end,K1-FP32,0,215,116.42605299130082
cpu,MAFAULDA,end_to_end,K1-FP32,0,216,116.63544597104192
cpu,MAFAULDA,end_to_end,K1-FP32,0,217,116.99247499927878
cpu,MAFAULDA,end_to_end,K1-FP32,0,218,116.2163820117712
cpu,MAFAULDA,end_to_end,K1-FP32,0,219,116.19882500963286
cpu,MAFAULDA,end_to_end,K1-FP32,0,220,115.97762303426862
cpu,MAFAULDA,end_to_end,K1-FP32,0,221,115.94885098747909
cpu,MAFAULDA,end_to_end,K1-FP32,0,222,115.78822101000696
cpu,MAFAULDA,end_to_end,K1-FP32,0,223,115.94120605150238
cpu,MAFAULDA,end_to_end,K1-FP32,0,224,115.92014302732423
cpu,MAFAULDA,end_to_end,K1-FP32,0,225,116.46189901512116
cpu,MAFAULDA,end_to_end,K1-FP32,0,226,114.06519496813416
cpu,MAFAULDA,end_to_end,K1-FP32,0,227,119.28849498508498
cpu,MAFAULDA,end_to_end,K1-FP32,0,228,115.77130196383223
cpu,MAFAULDA,end_to_end,K1-FP32,0,229,115.81506702350453
cpu,MAFAULDA,end_to_end,K1-FP32,0,230,116.33239599177614
cpu,MAFAULDA,end_to_end,K1-FP32,0,231,117.0762549736537
cpu,MAFAULDA,end_to_end,K1-FP32,0,232,116.5374520351179
cpu,MAFAULDA,end_to_end,K1-FP32,0,233,116.3781929644756
cpu,MAFAULDA,end_to_end,K1-FP32,0,234,117.47200298123062
cpu,MAFAULDA,end_to_end,K1-FP32,0,235,116.11805099528283
cpu,MAFAULDA,end_to_end,K1-FP32,0,236,116.51272897142917
cpu,MAFAULDA,end_to_end,K1-FP32,0,237,116.44170404179022
cpu,MAFAULDA,end_to_end,K1-FP32,0,238,116.11127498326823
cpu,MAFAULDA,end_to_end,K1-FP32,0,239,115.96067098435014
cpu,MAFAULDA,end_to_end,K1-FP32,0,240,116.04701000032946
cpu,MAFAULDA,end_to_end,K1-FP32,0,241,116.09038099413738
cpu,MAFAULDA,end_to_end,K1-FP32,0,242,116.12010997487232
cpu,MAFAULDA,end_to_end,K1-FP32,0,243,116.90388998249546
cpu,MAFAULDA,end_to_end,K1-FP32,0,244,116.6295509901829
cpu,MAFAULDA,end_to_end,K1-FP32,0,245,116.47019896190614
cpu,MAFAULDA,end_to_end,K1-FP32,0,246,116.33703502593562
cpu,MAFAULDA,end_to_end,K1-FP32,0,247,116.1137439776212
cpu,MAFAULDA,end_to_end,K1-FP32,0,248,116.18437396828085
cpu,MAFAULDA,end_to_end,K1-FP32,0,249,116.40144797274843
cpu,MAFAULDA,end_to_end,Q8-cpu_dynamic,0,0,110.6673990143463
cpu,MAFAULDA,end_to_end,Q8-cpu_dynamic,0,1,110.12627999298275
cpu,MAFAULDA,end_to_end,Q8-cpu_dynamic,0,2,109.7750379703939
cpu,MAFAULDA,end_to_end,Q8-cpu_dynamic,0,3,109.91333395941183
cpu,MAFAULDA,end_to_end,Q8-cpu_dynamic,0,4,109.75768999196589
cpu,MAFAULDA,end_to_end,Q8-cpu_dynamic,0,5,110.11260602390394
cpu,MAFAULDA,end_to_end,Q8-cpu_dynamic,0,6,109.79027597932145
cpu,MAFAULDA,end_to_end,Q8-cpu_dynamic,0,7,110.03390100086108
cpu,MAFAULDA,end_to_end,Q8-cpu_dynamic,0,8,109.77886302862316
cpu,MAFAULDA,end_to_end,Q8-cpu_dynamic,0,9,108.8739869883284
cpu,MAFAULDA,end_to_end,Q8-cpu_dynamic,0,10,110.6510889949277
cpu,MAFAULDA,end_to_end,Q8-cpu_dynamic,0,11,108.66321198409423
cpu,MAFAULDA,end_to_end,Q8-cpu_dynamic,0,12,108.72272402048111
cpu,MAFAULDA,end_to_end,Q8-cpu_dynamic,0,13,109.59954001009464
cpu,MAFAULDA,end_to_end,Q8-cpu_dynamic,0,14,108.56265196343884
cpu,MAFAULDA,end_to_end,Q8-cpu_dynamic,0,15,109.80176803423092
cpu,MAFAULDA,end_to_end,Q8-cpu_dynamic,0,16,108.58727298909798
cpu,MAFAULDA,end_to_end,Q8-cpu_dynamic,0,17,109.63717201957479
cpu,MAFAULDA,end_to_end,Q8-cpu_dynamic,0,18,109.93467003572732
cpu,MAFAULDA,end_to_end,Q8-cpu_dynamic,0,19,110.23629800183699
cpu,MAFAULDA,end_to_end,Q8-cpu_dynamic,0,20,110.19661102909595
cpu,MAFAULDA,end_to_end,Q8-cpu_dynamic,0,21,109.17007195530459
cpu,MAFAULDA,end_to_end,Q8-cpu_dynamic,0,22,109.88216695841402
cpu,MAFAULDA,end_to_end,Q8-cpu_dynamic,0,23,109.70468597952276
cpu,MAFAULDA,end_to_end,Q8-cpu_dynamic,0,24,107.91262297425419
cpu,MAFAULDA,end_to_end,Q8-cpu_dynamic,0,25,97.75655099656433
cpu,MAFAULDA,end_to_end,Q8-cpu_dynamic,0,26,97.89233101764694
cpu,MAFAULDA,end_to_end,Q8-cpu_dynamic,0,27,97.94005495496094
cpu,MAFAULDA,end_to_end,Q8-cpu_dynamic,0,28,100.10393802076578
cpu,MAFAULDA,end_to_end,Q8-cpu_dynamic,0,29,111.30882299039513
cpu,MAFAULDA,end_to_end,Q8-cpu_dynamic,0,30,109.64602895546705
cpu,MAFAULDA,end_to_end,Q8-cpu_dynamic,0,31,109.83346897410229
cpu,MAFAULDA,end_to_end,Q8-cpu_dynamic,0,32,108.37641300167888
cpu,MAFAULDA,end_to_end,Q8-cpu_dynamic,0,33,109.605326957535
cpu,MAFAULDA,end_to_end,Q8-cpu_dynamic,0,34,108.45644999062642
cpu,MAFAULDA,end_to_end,Q8-cpu_dynamic,0,35,109.60497503401712
cpu,MAFAULDA,end_to_end,Q8-cpu_dynamic,0,36,109.54971803585067
cpu,MAFAULDA,end_to_end,Q8-cpu_dynamic,0,37,108.8763769948855
cpu,MAFAULDA,end_to_end,Q8-cpu_dynamic,0,38,108.71255298843607
cpu,MAFAULDA,end_to_end,Q8-cpu_dynamic,0,39,112.26454004645348
cpu,MAFAULDA,end_to_end,Q8-cpu_dynamic,0,40,109.66665396699682
cpu,MAFAULDA,end_to_end,Q8-cpu_dynamic,0,41,109.60418201284483
cpu,MAFAULDA,end_to_end,Q8-cpu_dynamic,0,42,109.49117300333455
cpu,MAFAULDA,end_to_end,Q8-cpu_dynamic,0,43,109.5620520063676
cpu,MAFAULDA,end_to_end,Q8-cpu_dynamic,0,44,109.58271799609065
cpu,MAFAULDA,end_to_end,Q8-cpu_dynamic,0,45,109.43469195626676
cpu,MAFAULDA,end_to_end,Q8-cpu_dynamic,0,46,109.54896395560354
cpu,MAFAULDA,end_to_end,Q8-cpu_dynamic,0,47,109.95421698316932
cpu,MAFAULDA,end_to_end,Q8-cpu_dynamic,0,48,109.4156030449085
cpu,MAFAULDA,end_to_end,Q8-cpu_dynamic,0,49,109.75947900442407
cpu,MAFAULDA,end_to_end,Q8-cpu_dynamic,0,50,109.89937704289332
cpu,MAFAULDA,end_to_end,Q8-cpu_dynamic,0,51,109.41816301783547
cpu,MAFAULDA,end_to_end,Q8-cpu_dynamic,0,52,99.59311998682097
cpu,MAFAULDA,end_to_end,Q8-cpu_dynamic,0,53,110.26757099898532
cpu,MAFAULDA,end_to_end,Q8-cpu_dynamic,0,54,109.62077497970313
cpu,MAFAULDA,end_to_end,Q8-cpu_dynamic,0,55,109.92052499204874
cpu,MAFAULDA,end_to_end,Q8-cpu_dynamic,0,56,110.55798101006076
cpu,MAFAULDA,end_to_end,Q8-cpu_dynamic,0,57,110.00388098182157
cpu,MAFAULDA,end_to_end,Q8-cpu_dynamic,0,58,109.56218797946349
cpu,MAFAULDA,end_to_end,Q8-cpu_dynamic,0,59,109.31588796665892
cpu,MAFAULDA,end_to_end,Q8-cpu_dynamic,0,60,109.58771797595546
cpu,MAFAULDA,end_to_end,Q8-cpu_dynamic,0,61,109.37874898081645
cpu,MAFAULDA,end_to_end,Q8-cpu_dynamic,0,62,109.40099798608571
cpu,MAFAULDA,end_to_end,Q8-cpu_dynamic,0,63,109.53186498954892
cpu,MAFAULDA,end_to_end,Q8-cpu_dynamic,0,64,109.75127998972312
cpu,MAFAULDA,end_to_end,Q8-cpu_dynamic,0,65,109.4092940329574
cpu,MAFAULDA,end_to_end,Q8-cpu_dynamic,0,66,110.02365703461692
cpu,MAFAULDA,end_to_end,Q8-cpu_dynamic,0,67,110.15881004277617
cpu,MAFAULDA,end_to_end,Q8-cpu_dynamic,0,68,108.9591890340671
cpu,MAFAULDA,end_to_end,Q8-cpu_dynamic,0,69,109.56730099860579
cpu,MAFAULDA,end_to_end,Q8-cpu_dynamic,0,70,108.61959302565083
cpu,MAFAULDA,end_to_end,Q8-cpu_dynamic,0,71,109.64216501452029
cpu,MAFAULDA,end_to_end,Q8-cpu_dynamic,0,72,109.44530204869807
cpu,MAFAULDA,end_to_end,Q8-cpu_dynamic,0,73,109.72725396277383
cpu,MAFAULDA,end_to_end,Q8-cpu_dynamic,0,74,111.48240900365636
cpu,MAFAULDA,end_to_end,Q8-cpu_dynamic,0,75,110.29951000818983
cpu,MAFAULDA,end_to_end,Q8-cpu_dynamic,0,76,109.86157396109775
cpu,MAFAULDA,end_to_end,Q8-cpu_dynamic,0,77,109.6269569825381
cpu,MAFAULDA,end_to_end,Q8-cpu_dynamic,0,78,109.6189510426484
cpu,MAFAULDA,end_to_end,Q8-cpu_dynamic,0,79,109.65431499062106
cpu,MAFAULDA,end_to_end,Q8-cpu_dynamic,0,80,109.76153099909425
cpu,MAFAULDA,end_to_end,Q8-cpu_dynamic,0,81,107.9070910345763
cpu,MAFAULDA,end_to_end,Q8-cpu_dynamic,0,82,99.58335995906964
cpu,MAFAULDA,end_to_end,Q8-cpu_dynamic,0,83,110.05788599140942
cpu,MAFAULDA,end_to_end,Q8-cpu_dynamic,0,84,110.1405739900656
cpu,MAFAULDA,end_to_end,Q8-cpu_dynamic,0,85,109.58391800522804
cpu,MAFAULDA,end_to_end,Q8-cpu_dynamic,0,86,109.7425670013763
cpu,MAFAULDA,end_to_end,Q8-cpu_dynamic,0,87,109.35811197850853
cpu,MAFAULDA,end_to_end,Q8-cpu_dynamic,0,88,109.48005301179364
cpu,MAFAULDA,end_to_end,Q8-cpu_dynamic,0,89,109.68636500183493
cpu,MAFAULDA,end_to_end,Q8-cpu_dynamic,0,90,108.6908649886027
cpu,MAFAULDA,end_to_end,Q8-cpu_dynamic,0,91,109.63552299654111
cpu,MAFAULDA,end_to_end,Q8-cpu_dynamic,0,92,109.93312497157604
cpu,MAFAULDA,end_to_end,Q8-cpu_dynamic,0,93,110.16320495400578
cpu,MAFAULDA,end_to_end,Q8-cpu_dynamic,0,94,109.62738102534786
cpu,MAFAULDA,end_to_end,Q8-cpu_dynamic,0,95,109.5512259635143
cpu,MAFAULDA,end_to_end,Q8-cpu_dynamic,0,96,108.5650350432843
cpu,MAFAULDA,end_to_end,Q8-cpu_dynamic,0,97,111.13645602017641
cpu,MAFAULDA,end_to_end,Q8-cpu_dynamic,0,98,109.77545497007668
cpu,MAFAULDA,end_to_end,Q8-cpu_dynamic,0,99,108.55962196364999
cpu,MAFAULDA,end_to_end,Q8-cpu_dynamic,0,100,109.45389699190855
cpu,MAFAULDA,end_to_end,Q8-cpu_dynamic,0,101,109.83634897274897
cpu,MAFAULDA,end_to_end,Q8-cpu_dynamic,0,102,109.89998001605272
cpu,MAFAULDA,end_to_end,Q8-cpu_dynamic,0,103,110.15492503065616
cpu,MAFAULDA,end_to_end,Q8-cpu_dynamic,0,104,109.67760300263762
cpu,MAFAULDA,end_to_end,Q8-cpu_dynamic,0,105,109.00405800202861
cpu,MAFAULDA,end_to_end,Q8-cpu_dynamic,0,106,109.5404649968259
cpu,MAFAULDA,end_to_end,Q8-cpu_dynamic,0,107,109.66662497958168
cpu,MAFAULDA,end_to_end,Q8-cpu_dynamic,0,108,108.08633302804083
cpu,MAFAULDA,end_to_end,Q8-cpu_dynamic,0,109,112.26625496055931
cpu,MAFAULDA,end_to_end,Q8-cpu_dynamic,0,110,109.98936399118975
cpu,MAFAULDA,end_to_end,Q8-cpu_dynamic,0,111,109.12034299690276
cpu,MAFAULDA,end_to_end,Q8-cpu_dynamic,0,112,110.40195100940764
cpu,MAFAULDA,end_to_end,Q8-cpu_dynamic,0,113,111.17210099473596
cpu,MAFAULDA,end_to_end,Q8-cpu_dynamic,0,114,109.81920902850106
cpu,MAFAULDA,end_to_end,Q8-cpu_dynamic,0,115,108.81831200094894
cpu,MAFAULDA,end_to_end,Q8-cpu_dynamic,0,116,109.88902201643214
cpu,MAFAULDA,end_to_end,Q8-cpu_dynamic,0,117,108.1837079836987
cpu,MAFAULDA,end_to_end,Q8-cpu_dynamic,0,118,99.59523496218026
cpu,MAFAULDA,end_to_end,Q8-cpu_dynamic,0,119,110.32759200315922
cpu,MAFAULDA,end_to_end,Q8-cpu_dynamic,0,120,110.12876499444246
cpu,MAFAULDA,end_to_end,Q8-cpu_dynamic,0,121,110.93452101340517
cpu,MAFAULDA,end_to_end,Q8-cpu_dynamic,0,122,109.81538501800969
cpu,MAFAULDA,end_to_end,Q8-cpu_dynamic,0,123,109.90788898197934
cpu,MAFAULDA,end_to_end,Q8-cpu_dynamic,0,124,109.92138896835968
cpu,MAFAULDA,end_to_end,Q8-cpu_dynamic,0,125,109.83482899609953
cpu,MAFAULDA,end_to_end,Q8-cpu_dynamic,0,126,109.85404497478157
cpu,MAFAULDA,end_to_end,Q8-cpu_dynamic,0,127,109.7765970043838
cpu,MAFAULDA,end_to_end,Q8-cpu_dynamic,0,128,109.6966810291633
cpu,MAFAULDA,end_to_end,Q8-cpu_dynamic,0,129,109.11607701564208
cpu,MAFAULDA,end_to_end,Q8-cpu_dynamic,0,130,110.86441500810906
cpu,MAFAULDA,end_to_end,Q8-cpu_dynamic,0,131,110.21423601778224
cpu,MAFAULDA,end_to_end,Q8-cpu_dynamic,0,132,109.8893010057509
cpu,MAFAULDA,end_to_end,Q8-cpu_dynamic,0,133,109.96941098710522
cpu,MAFAULDA,end_to_end,Q8-cpu_dynamic,0,134,109.76886400021613
cpu,MAFAULDA,end_to_end,Q8-cpu_dynamic,0,135,109.84680999536067
cpu,MAFAULDA,end_to_end,Q8-cpu_dynamic,0,136,108.91783598344773
cpu,MAFAULDA,end_to_end,Q8-cpu_dynamic,0,137,109.7086209920235
cpu,MAFAULDA,end_to_end,Q8-cpu_dynamic,0,138,109.43812597543001
cpu,MAFAULDA,end_to_end,Q8-cpu_dynamic,0,139,110.4022009531036
cpu,MAFAULDA,end_to_end,Q8-cpu_dynamic,0,140,108.813309983816
cpu,MAFAULDA,end_to_end,Q8-cpu_dynamic,0,141,109.74070802330971
cpu,MAFAULDA,end_to_end,Q8-cpu_dynamic,0,142,110.29737000353634
cpu,MAFAULDA,end_to_end,Q8-cpu_dynamic,0,143,110.0492010009475
cpu,MAFAULDA,end_to_end,Q8-cpu_dynamic,0,144,109.83089200453833
cpu,MAFAULDA,end_to_end,Q8-cpu_dynamic,0,145,109.69373700208962
cpu,MAFAULDA,end_to_end,Q8-cpu_dynamic,0,146,109.70043297857046
cpu,MAFAULDA,end_to_end,Q8-cpu_dynamic,0,147,110.12902500806376
cpu,MAFAULDA,end_to_end,Q8-cpu_dynamic,0,148,108.45122899627313
cpu,MAFAULDA,end_to_end,Q8-cpu_dynamic,0,149,99.78657902684063
cpu,MAFAULDA,end_to_end,Q8-cpu_dynamic,0,150,110.90444802539423
cpu,MAFAULDA,end_to_end,Q8-cpu_dynamic,0,151,109.56492595141754
cpu,MAFAULDA,end_to_end,Q8-cpu_dynamic,0,152,109.66581094544381
cpu,MAFAULDA,end_to_end,Q8-cpu_dynamic,0,153,109.50580594362691
cpu,MAFAULDA,end_to_end,Q8-cpu_dynamic,0,154,109.68865401810035
cpu,MAFAULDA,end_to_end,Q8-cpu_dynamic,0,155,109.71728299045935
cpu,MAFAULDA,end_to_end,Q8-cpu_dynamic,0,156,109.54580001998693
cpu,MAFAULDA,end_to_end,Q8-cpu_dynamic,0,157,108.81302802590653
cpu,MAFAULDA,end_to_end,Q8-cpu_dynamic,0,158,110.34034501062706
cpu,MAFAULDA,end_to_end,Q8-cpu_dynamic,0,159,110.03174399957061
cpu,MAFAULDA,end_to_end,Q8-cpu_dynamic,0,160,109.74902799353004
cpu,MAFAULDA,end_to_end,Q8-cpu_dynamic,0,161,108.28150901943445
cpu,MAFAULDA,end_to_end,Q8-cpu_dynamic,0,162,112.444578029681
cpu,MAFAULDA,end_to_end,Q8-cpu_dynamic,0,163,109.01804204331711
cpu,MAFAULDA,end_to_end,Q8-cpu_dynamic,0,164,109.92045502644032
cpu,MAFAULDA,end_to_end,Q8-cpu_dynamic,0,165,109.933003957849
cpu,MAFAULDA,end_to_end,Q8-cpu_dynamic,0,166,110.03916198387742
cpu,MAFAULDA,end_to_end,Q8-cpu_dynamic,0,167,109.88061199896038
cpu,MAFAULDA,end_to_end,Q8-cpu_dynamic,0,168,109.986370021943
cpu,MAFAULDA,end_to_end,Q8-cpu_dynamic,0,169,109.8567059962079
cpu,MAFAULDA,end_to_end,Q8-cpu_dynamic,0,170,109.62584899971262
cpu,MAFAULDA,end_to_end,Q8-cpu_dynamic,0,171,109.61963498266414
cpu,MAFAULDA,end_to_end,Q8-cpu_dynamic,0,172,107.96603205380961
cpu,MAFAULDA,end_to_end,Q8-cpu_dynamic,0,173,97.05331100849435
cpu,MAFAULDA,end_to_end,Q8-cpu_dynamic,0,174,100.56313901441172
cpu,MAFAULDA,end_to_end,Q8-cpu_dynamic,0,175,111.01788497762755
cpu,MAFAULDA,end_to_end,Q8-cpu_dynamic,0,176,109.67948602046818
cpu,MAFAULDA,end_to_end,Q8-cpu_dynamic,0,177,109.70487003214657
cpu,MAFAULDA,end_to_end,Q8-cpu_dynamic,0,178,109.6950700157322
cpu,MAFAULDA,end_to_end,Q8-cpu_dynamic,0,179,109.58938603289425
cpu,MAFAULDA,end_to_end,Q8-cpu_dynamic,0,180,108.47526497673243
cpu,MAFAULDA,end_to_end,Q8-cpu_dynamic,0,181,109.01755304075778
cpu,MAFAULDA,end_to_end,Q8-cpu_dynamic,0,182,109.46035099914297
cpu,MAFAULDA,end_to_end,Q8-cpu_dynamic,0,183,109.80165103683248
cpu,MAFAULDA,end_to_end,Q8-cpu_dynamic,0,184,110.11706897988915
cpu,MAFAULDA,end_to_end,Q8-cpu_dynamic,0,185,109.95511204237118
cpu,MAFAULDA,end_to_end,Q8-cpu_dynamic,0,186,109.99961500056088
cpu,MAFAULDA,end_to_end,Q8-cpu_dynamic,0,187,111.87178100226447
cpu,MAFAULDA,end_to_end,Q8-cpu_dynamic,0,188,108.96268801297992
cpu,MAFAULDA,end_to_end,Q8-cpu_dynamic,0,189,109.62685995036736
cpu,MAFAULDA,end_to_end,Q8-cpu_dynamic,0,190,109.58238801686093
cpu,MAFAULDA,end_to_end,Q8-cpu_dynamic,0,191,109.76577701512724
cpu,MAFAULDA,end_to_end,Q8-cpu_dynamic,0,192,109.84532203292474
cpu,MAFAULDA,end_to_end,Q8-cpu_dynamic,0,193,108.81983797298744
cpu,MAFAULDA,end_to_end,Q8-cpu_dynamic,0,194,110.34294200362638
cpu,MAFAULDA,end_to_end,Q8-cpu_dynamic,0,195,109.85353699652478
cpu,MAFAULDA,end_to_end,Q8-cpu_dynamic,0,196,109.69670297345147
cpu,MAFAULDA,end_to_end,Q8-cpu_dynamic,0,197,108.74698701081797
cpu,MAFAULDA,end_to_end,Q8-cpu_dynamic,0,198,109.48669398203492
cpu,MAFAULDA,end_to_end,Q8-cpu_dynamic,0,199,109.86330098239705
cpu,MAFAULDA,end_to_end,Q8-cpu_dynamic,0,200,109.85555098159239
cpu,MAFAULDA,end_to_end,Q8-cpu_dynamic,0,201,108.97843295242637
cpu,MAFAULDA,end_to_end,Q8-cpu_dynamic,0,202,109.61106495233253
cpu,MAFAULDA,end_to_end,Q8-cpu_dynamic,0,203,109.84394303523004
cpu,MAFAULDA,end_to_end,Q8-cpu_dynamic,0,204,110.18902499927208
cpu,MAFAULDA,end_to_end,Q8-cpu_dynamic,0,205,109.73724303767085
cpu,MAFAULDA,end_to_end,Q8-cpu_dynamic,0,206,109.71393599174917
cpu,MAFAULDA,end_to_end,Q8-cpu_dynamic,0,207,109.71331101609394
cpu,MAFAULDA,end_to_end,Q8-cpu_dynamic,0,208,108.69999596616253
cpu,MAFAULDA,end_to_end,Q8-cpu_dynamic,0,209,109.78755995165557
cpu,MAFAULDA,end_to_end,Q8-cpu_dynamic,0,210,109.68279995722696
cpu,MAFAULDA,end_to_end,Q8-cpu_dynamic,0,211,109.85680401790887
cpu,MAFAULDA,end_to_end,Q8-cpu_dynamic,0,212,110.17866898328066
cpu,MAFAULDA,end_to_end,Q8-cpu_dynamic,0,213,110.49579101381823
cpu,MAFAULDA,end_to_end,Q8-cpu_dynamic,0,214,109.86986401258036
cpu,MAFAULDA,end_to_end,Q8-cpu_dynamic,0,215,110.1221099961549
cpu,MAFAULDA,end_to_end,Q8-cpu_dynamic,0,216,109.91209698840976
cpu,MAFAULDA,end_to_end,Q8-cpu_dynamic,0,217,109.96779601555318
cpu,MAFAULDA,end_to_end,Q8-cpu_dynamic,0,218,109.84487400855869
cpu,MAFAULDA,end_to_end,Q8-cpu_dynamic,0,219,109.69265399035066
cpu,MAFAULDA,end_to_end,Q8-cpu_dynamic,0,220,109.57634099759161
cpu,MAFAULDA,end_to_end,Q8-cpu_dynamic,0,221,107.29284497210756
cpu,MAFAULDA,end_to_end,Q8-cpu_dynamic,0,222,108.18305402062833
cpu,MAFAULDA,end_to_end,Q8-cpu_dynamic,0,223,108.18750399630517
cpu,MAFAULDA,end_to_end,Q8-cpu_dynamic,0,224,106.40947602223605
cpu,MAFAULDA,end_to_end,Q8-cpu_dynamic,0,225,110.48937396844849
cpu,MAFAULDA,end_to_end,Q8-cpu_dynamic,0,226,108.34597301436588
cpu,MAFAULDA,end_to_end,Q8-cpu_dynamic,0,227,108.39552996912971
cpu,MAFAULDA,end_to_end,Q8-cpu_dynamic,0,228,107.92146297171712
cpu,MAFAULDA,end_to_end,Q8-cpu_dynamic,0,229,108.3381759817712
cpu,MAFAULDA,end_to_end,Q8-cpu_dynamic,0,230,108.24708000291139
cpu,MAFAULDA,end_to_end,Q8-cpu_dynamic,0,231,108.15852001542225
cpu,MAFAULDA,end_to_end,Q8-cpu_dynamic,0,232,108.42429898912087
cpu,MAFAULDA,end_to_end,Q8-cpu_dynamic,0,233,108.4835939691402
cpu,MAFAULDA,end_to_end,Q8-cpu_dynamic,0,234,108.52140904171392
cpu,MAFAULDA,end_to_end,Q8-cpu_dynamic,0,235,107.9054800211452
cpu,MAFAULDA,end_to_end,Q8-cpu_dynamic,0,236,107.87075100233778
cpu,MAFAULDA,end_to_end,Q8-cpu_dynamic,0,237,107.88149002473801
cpu,MAFAULDA,end_to_end,Q8-cpu_dynamic,0,238,108.33363799611107
cpu,MAFAULDA,end_to_end,Q8-cpu_dynamic,0,239,107.70652699284256
cpu,MAFAULDA,end_to_end,Q8-cpu_dynamic,0,240,108.91291202278808
cpu,MAFAULDA,end_to_end,Q8-cpu_dynamic,0,241,108.25104202376679
cpu,MAFAULDA,end_to_end,Q8-cpu_dynamic,0,242,106.49930901126936
cpu,MAFAULDA,end_to_end,Q8-cpu_dynamic,0,243,103.112509008497
cpu,MAFAULDA,end_to_end,Q8-cpu_dynamic,0,244,108.01637696567923
cpu,MAFAULDA,end_to_end,Q8-cpu_dynamic,0,245,107.99117799615487
cpu,MAFAULDA,end_to_end,Q8-cpu_dynamic,0,246,108.23151300428435
cpu,MAFAULDA,end_to_end,Q8-cpu_dynamic,0,247,108.16079901997
cpu,MAFAULDA,end_to_end,Q8-cpu_dynamic,0,248,106.97468102443963
cpu,MAFAULDA,end_to_end,Q8-cpu_dynamic,0,249,98.98995596449822
cpu,MAFAULDA,end_to_end,Q8-cpu_dynamic,1,0,109.06331602018327
cpu,MAFAULDA,end_to_end,Q8-cpu_dynamic,1,1,108.24402299476787
cpu,MAFAULDA,end_to_end,Q8-cpu_dynamic,1,2,112.58968303445727
cpu,MAFAULDA,end_to_end,Q8-cpu_dynamic,1,3,108.33341197576374
cpu,MAFAULDA,end_to_end,Q8-cpu_dynamic,1,4,108.17246697843075
cpu,MAFAULDA,end_to_end,Q8-cpu_dynamic,1,5,108.13935502665117
cpu,MAFAULDA,end_to_end,Q8-cpu_dynamic,1,6,106.68602399528027
cpu,MAFAULDA,end_to_end,Q8-cpu_dynamic,1,7,97.24979603197426
cpu,MAFAULDA,end_to_end,Q8-cpu_dynamic,1,8,97.47262898599729
cpu,MAFAULDA,end_to_end,Q8-cpu_dynamic,1,9,97.25148795405403
cpu,MAFAULDA,end_to_end,Q8-cpu_dynamic,1,10,96.55347699299455
cpu,MAFAULDA,end_to_end,Q8-cpu_dynamic,1,11,97.71243599243462
cpu,MAFAULDA,end_to_end,Q8-cpu_dynamic,1,12,97.58054197300225
cpu,MAFAULDA,end_to_end,Q8-cpu_dynamic,1,13,97.09517902228981
cpu,MAFAULDA,end_to_end,Q8-cpu_dynamic,1,14,97.15063299518079
cpu,MAFAULDA,end_to_end,Q8-cpu_dynamic,1,15,97.0740860211663
cpu,MAFAULDA,end_to_end,Q8-cpu_dynamic,1,16,96.1436650250107
cpu,MAFAULDA,end_to_end,Q8-cpu_dynamic,1,17,97.40511100972071
cpu,MAFAULDA,end_to_end,Q8-cpu_dynamic,1,18,97.4857400287874
cpu,MAFAULDA,end_to_end,Q8-cpu_dynamic,1,19,97.6083449786529
cpu,MAFAULDA,end_to_end,Q8-cpu_dynamic,1,20,99.32943404419348
cpu,MAFAULDA,end_to_end,Q8-cpu_dynamic,1,21,109.42329600220546
cpu,MAFAULDA,end_to_end,Q8-cpu_dynamic,1,22,108.85561601025984
cpu,MAFAULDA,end_to_end,Q8-cpu_dynamic,1,23,109.02785701910034
cpu,MAFAULDA,end_to_end,Q8-cpu_dynamic,1,24,106.21820500819013
cpu,MAFAULDA,end_to_end,Q8-cpu_dynamic,1,25,110.20774801727384
cpu,MAFAULDA,end_to_end,Q8-cpu_dynamic,1,26,108.86257898528129
cpu,MAFAULDA,end_to_end,Q8-cpu_dynamic,1,27,107.50897898105904
cpu,MAFAULDA,end_to_end,Q8-cpu_dynamic,1,28,97.45925600873306
cpu,MAFAULDA,end_to_end,Q8-cpu_dynamic,1,29,97.52980200573802
cpu,MAFAULDA,end_to_end,Q8-cpu_dynamic,1,30,97.34947298420593
cpu,MAFAULDA,end_to_end,Q8-cpu_dynamic,1,31,97.30688598938286
cpu,MAFAULDA,end_to_end,Q8-cpu_dynamic,1,32,97.71771403029561
cpu,MAFAULDA,end_to_end,Q8-cpu_dynamic,1,33,98.5924470005557
cpu,MAFAULDA,end_to_end,Q8-cpu_dynamic,1,34,96.69919504085556
cpu,MAFAULDA,end_to_end,Q8-cpu_dynamic,1,35,97.95811300864443
cpu,MAFAULDA,end_to_end,Q8-cpu_dynamic,1,36,97.37070399569348
cpu,MAFAULDA,end_to_end,Q8-cpu_dynamic,1,37,97.472523979377
cpu,MAFAULDA,end_to_end,Q8-cpu_dynamic,1,38,97.10472397273406
cpu,MAFAULDA,end_to_end,Q8-cpu_dynamic,1,39,97.47124603018165
cpu,MAFAULDA,end_to_end,Q8-cpu_dynamic,1,40,97.52735099755228
cpu,MAFAULDA,end_to_end,Q8-cpu_dynamic,1,41,97.56554401246831
cpu,MAFAULDA,end_to_end,Q8-cpu_dynamic,1,42,97.33847301686183
cpu,MAFAULDA,end_to_end,Q8-cpu_dynamic,1,43,97.96395001467317
cpu,MAFAULDA,end_to_end,Q8-cpu_dynamic,1,44,97.43199497461319
cpu,MAFAULDA,end_to_end,Q8-cpu_dynamic,1,45,96.75370797049254
cpu,MAFAULDA,end_to_end,Q8-cpu_dynamic,1,46,98.10636704787612
cpu,MAFAULDA,end_to_end,Q8-cpu_dynamic,1,47,97.75811800500378
cpu,MAFAULDA,end_to_end,Q8-cpu_dynamic,1,48,97.82058600103483
cpu,MAFAULDA,end_to_end,Q8-cpu_dynamic,1,49,97.42047596955672
cpu,MAFAULDA,end_to_end,Q8-cpu_dynamic,1,50,98.32217002985999
cpu,MAFAULDA,end_to_end,Q8-cpu_dynamic,1,51,97.64190099667758
cpu,MAFAULDA,end_to_end,Q8-cpu_dynamic,1,52,97.26685303030536
cpu,MAFAULDA,end_to_end,Q8-cpu_dynamic,1,53,97.5245070294477
cpu,MAFAULDA,end_to_end,Q8-cpu_dynamic,1,54,96.79941000649706
cpu,MAFAULDA,end_to_end,Q8-cpu_dynamic,1,55,97.3779860069044
cpu,MAFAULDA,end_to_end,Q8-cpu_dynamic,1,56,97.99956897040829
cpu,MAFAULDA,end_to_end,Q8-cpu_dynamic,1,57,96.56487999018282
cpu,MAFAULDA,end_to_end,Q8-cpu_dynamic,1,58,97.57376497145742
cpu,MAFAULDA,end_to_end,Q8-cpu_dynamic,1,59,98.43356697820127
cpu,MAFAULDA,end_to_end,Q8-cpu_dynamic,1,60,98.50351297063753
cpu,MAFAULDA,end_to_end,Q8-cpu_dynamic,1,61,97.69983298610896
cpu,MAFAULDA,end_to_end,Q8-cpu_dynamic,1,62,97.46222599642351
cpu,MAFAULDA,end_to_end,Q8-cpu_dynamic,1,63,97.50017302576452
cpu,MAFAULDA,end_to_end,Q8-cpu_dynamic,1,64,97.53576398361474
cpu,MAFAULDA,end_to_end,Q8-cpu_dynamic,1,65,97.38290100358427
cpu,MAFAULDA,end_to_end,Q8-cpu_dynamic,1,66,96.92231100052595
cpu,MAFAULDA,end_to_end,Q8-cpu_dynamic,1,67,97.98373997909948
cpu,MAFAULDA,end_to_end,Q8-cpu_dynamic,1,68,97.99205203307793
cpu,MAFAULDA,end_to_end,Q8-cpu_dynamic,1,69,97.71861898479983
cpu,MAFAULDA,end_to_end,Q8-cpu_dynamic,1,70,97.88748598657548
cpu,MAFAULDA,end_to_end,Q8-cpu_dynamic,1,71,97.4512750399299
cpu,MAFAULDA,end_to_end,Q8-cpu_dynamic,1,72,98.4665600117296
cpu,MAFAULDA,end_to_end,Q8-cpu_dynamic,1,73,98.04536896990612
cpu,MAFAULDA,end_to_end,Q8-cpu_dynamic,1,74,97.48270898126066
cpu,MAFAULDA,end_to_end,Q8-cpu_dynamic,1,75,97.45654702419415
cpu,MAFAULDA,end_to_end,Q8-cpu_dynamic,1,76,97.50121901743114
cpu,MAFAULDA,end_to_end,Q8-cpu_dynamic,1,77,97.41762303747237
cpu,MAFAULDA,end_to_end,Q8-cpu_dynamic,1,78,97.9170529753901
cpu,MAFAULDA,end_to_end,Q8-cpu_dynamic,1,79,98.06994599057361
cpu,MAFAULDA,end_to_end,Q8-cpu_dynamic,1,80,97.47716999845579
cpu,MAFAULDA,end_to_end,Q8-cpu_dynamic,1,81,98.0100380256772
cpu,MAFAULDA,end_to_end,Q8-cpu_dynamic,1,82,98.61575701506808
cpu,MAFAULDA,end_to_end,Q8-cpu_dynamic,1,83,107.55142400739715
cpu,MAFAULDA,end_to_end,Q8-cpu_dynamic,1,84,111.89765896415338
cpu,MAFAULDA,end_to_end,Q8-cpu_dynamic,1,85,109.74123701453209
cpu,MAFAULDA,end_to_end,Q8-cpu_dynamic,1,86,108.75623603351414
cpu,MAFAULDA,end_to_end,Q8-cpu_dynamic,1,87,109.7277490189299
cpu,MAFAULDA,end_to_end,Q8-cpu_dynamic,1,88,109.8558219964616
cpu,MAFAULDA,end_to_end,Q8-cpu_dynamic,1,89,108.49125304957852
cpu,MAFAULDA,end_to_end,Q8-cpu_dynamic,1,90,112.66137997154146
cpu,MAFAULDA,end_to_end,Q8-cpu_dynamic,1,91,109.87653798656538
cpu,MAFAULDA,end_to_end,Q8-cpu_dynamic,1,92,109.73793297307566
cpu,MAFAULDA,end_to_end,Q8-cpu_dynamic,1,93,109.70909398747608
cpu,MAFAULDA,end_to_end,Q8-cpu_dynamic,1,94,109.71540998434648
cpu,MAFAULDA,end_to_end,Q8-cpu_dynamic,1,95,109.56852399976924
cpu,MAFAULDA,end_to_end,Q8-cpu_dynamic,1,96,109.65422500157729
cpu,MAFAULDA,end_to_end,Q8-cpu_dynamic,1,97,110.28661899035797
cpu,MAFAULDA,end_to_end,Q8-cpu_dynamic,1,98,110.22709403187037
cpu,MAFAULDA,end_to_end,Q8-cpu_dynamic,1,99,110.48629099968821
cpu,MAFAULDA,end_to_end,Q8-cpu_dynamic,1,100,109.78171700844541
cpu,MAFAULDA,end_to_end,Q8-cpu_dynamic,1,101,109.58252398995683
cpu,MAFAULDA,end_to_end,Q8-cpu_dynamic,1,102,109.62229897268116
cpu,MAFAULDA,end_to_end,Q8-cpu_dynamic,1,103,109.66791398823261
cpu,MAFAULDA,end_to_end,Q8-cpu_dynamic,1,104,109.89162302576005
cpu,MAFAULDA,end_to_end,Q8-cpu_dynamic,1,105,109.98275299789384
cpu,MAFAULDA,end_to_end,Q8-cpu_dynamic,1,106,108.98984799860045
cpu,MAFAULDA,end_to_end,Q8-cpu_dynamic,1,107,110.15466501703486
cpu,MAFAULDA,end_to_end,Q8-cpu_dynamic,1,108,110.13654799899086
cpu,MAFAULDA,end_to_end,Q8-cpu_dynamic,1,109,109.8917760537006
cpu,MAFAULDA,end_to_end,Q8-cpu_dynamic,1,110,109.63237500982359
cpu,MAFAULDA,end_to_end,Q8-cpu_dynamic,1,111,109.86588901141658
cpu,MAFAULDA,end_to_end,Q8-cpu_dynamic,1,112,109.64440699899569
cpu,MAFAULDA,end_to_end,Q8-cpu_dynamic,1,113,109.74975401768461
cpu,MAFAULDA,end_to_end,Q8-cpu_dynamic,1,114,109.68455800320953
cpu,MAFAULDA,end_to_end,Q8-cpu_dynamic,1,115,109.66415301663801
cpu,MAFAULDA,end_to_end,Q8-cpu_dynamic,1,116,109.92740700021386
cpu,MAFAULDA,end_to_end,Q8-cpu_dynamic,1,117,109.89842598792166
cpu,MAFAULDA,end_to_end,Q8-cpu_dynamic,1,118,109.64189900550991
cpu,MAFAULDA,end_to_end,Q8-cpu_dynamic,1,119,109.820309036877
cpu,MAFAULDA,end_to_end,Q8-cpu_dynamic,1,120,109.60302001331002
cpu,MAFAULDA,end_to_end,Q8-cpu_dynamic,1,121,110.25378102203831
cpu,MAFAULDA,end_to_end,Q8-cpu_dynamic,1,122,110.4439509799704
cpu,MAFAULDA,end_to_end,Q8-cpu_dynamic,1,123,108.81366999819875
cpu,MAFAULDA,end_to_end,Q8-cpu_dynamic,1,124,109.91508100414649
cpu,MAFAULDA,end_to_end,Q8-cpu_dynamic,1,125,110.23586097871885
cpu,MAFAULDA,end_to_end,Q8-cpu_dynamic,1,126,108.40322205331177
cpu,MAFAULDA,end_to_end,Q8-cpu_dynamic,1,127,112.6215229742229
cpu,MAFAULDA,end_to_end,Q8-cpu_dynamic,1,128,109.95712800649926
cpu,MAFAULDA,end_to_end,Q8-cpu_dynamic,1,129,109.17998099466786
cpu,MAFAULDA,end_to_end,Q8-cpu_dynamic,1,130,108.88359101954848
cpu,MAFAULDA,end_to_end,Q8-cpu_dynamic,1,131,110.00702198361978
cpu,MAFAULDA,end_to_end,Q8-cpu_dynamic,1,132,110.81464198650792
cpu,MAFAULDA,end_to_end,Q8-cpu_dynamic,1,133,110.04263098584488
cpu,MAFAULDA,end_to_end,Q8-cpu_dynamic,1,134,110.12825596844777
cpu,MAFAULDA,end_to_end,Q8-cpu_dynamic,1,135,110.19335099263117
cpu,MAFAULDA,end_to_end,Q8-cpu_dynamic,1,136,110.38356303470209
cpu,MAFAULDA,end_to_end,Q8-cpu_dynamic,1,137,108.17505500745028
cpu,MAFAULDA,end_to_end,Q8-cpu_dynamic,1,138,109.92067301413044
cpu,MAFAULDA,end_to_end,Q8-cpu_dynamic,1,139,98.7192009924911
cpu,MAFAULDA,end_to_end,Q8-cpu_dynamic,1,140,100.98368098260835
cpu,MAFAULDA,end_to_end,Q8-cpu_dynamic,1,141,110.16794398892671
cpu,MAFAULDA,end_to_end,Q8-cpu_dynamic,1,142,110.4550120071508
cpu,MAFAULDA,end_to_end,Q8-cpu_dynamic,1,143,110.28248397633433
cpu,MAFAULDA,end_to_end,Q8-cpu_dynamic,1,144,108.37950499262661
cpu,MAFAULDA,end_to_end,Q8-cpu_dynamic,1,145,111.1917330417782
cpu,MAFAULDA,end_to_end,Q8-cpu_dynamic,1,146,110.33368395874277
cpu,MAFAULDA,end_to_end,Q8-cpu_dynamic,1,147,109.9224120262079
cpu,MAFAULDA,end_to_end,Q8-cpu_dynamic,1,148,108.88131702085957
cpu,MAFAULDA,end_to_end,Q8-cpu_dynamic,1,149,109.66585099231452
cpu,MAFAULDA,end_to_end,Q8-cpu_dynamic,1,150,109.67971704667434
cpu,MAFAULDA,end_to_end,Q8-cpu_dynamic,1,151,108.01050602458417
cpu,MAFAULDA,end_to_end,Q8-cpu_dynamic,1,152,99.6077400050126
cpu,MAFAULDA,end_to_end,Q8-cpu_dynamic,1,153,111.08708300162107
cpu,MAFAULDA,end_to_end,Q8-cpu_dynamic,1,154,110.09257903788239
cpu,MAFAULDA,end_to_end,Q8-cpu_dynamic,1,155,110.54013902321458
cpu,MAFAULDA,end_to_end,Q8-cpu_dynamic,1,156,110.41568900691345
cpu,MAFAULDA,end_to_end,Q8-cpu_dynamic,1,157,109.92149700177833
cpu,MAFAULDA,end_to_end,Q8-cpu_dynamic,1,158,109.81229098979384
cpu,MAFAULDA,end_to_end,Q8-cpu_dynamic,1,159,110.01029500039294
cpu,MAFAULDA,end_to_end,Q8-cpu_dynamic,1,160,109.96873996919021
cpu,MAFAULDA,end_to_end,Q8-cpu_dynamic,1,161,136.98660401860252
cpu,MAFAULDA,end_to_end,Q8-cpu_dynamic,1,162,110.4340460151434
cpu,MAFAULDA,end_to_end,Q8-cpu_dynamic,1,163,110.34113599453121
cpu,MAFAULDA,end_to_end,Q8-cpu_dynamic,1,164,110.22915097419173
cpu,MAFAULDA,end_to_end,Q8-cpu_dynamic,1,165,109.97649503406137
cpu,MAFAULDA,end_to_end,Q8-cpu_dynamic,1,166,109.93624100228772
cpu,MAFAULDA,end_to_end,Q8-cpu_dynamic,1,167,109.8159389803186
cpu,MAFAULDA,end_to_end,Q8-cpu_dynamic,1,168,110.05925998324528
cpu,MAFAULDA,end_to_end,Q8-cpu_dynamic,1,169,110.55320798186585
cpu,MAFAULDA,end_to_end,Q8-cpu_dynamic,1,170,110.60841800644994
cpu,MAFAULDA,end_to_end,Q8-cpu_dynamic,1,171,110.68100697593763
cpu,MAFAULDA,end_to_end,Q8-cpu_dynamic,1,172,109.8804259672761
cpu,MAFAULDA,end_to_end,Q8-cpu_dynamic,1,173,110.27817300055176
cpu,MAFAULDA,end_to_end,Q8-cpu_dynamic,1,174,110.42699497193098
cpu,MAFAULDA,end_to_end,Q8-cpu_dynamic,1,175,109.22306100837886
cpu,MAFAULDA,end_to_end,Q8-cpu_dynamic,1,176,109.93989103008062
cpu,MAFAULDA,end_to_end,Q8-cpu_dynamic,1,177,110.09512603050098
cpu,MAFAULDA,end_to_end,Q8-cpu_dynamic,1,178,110.04788096761331
cpu,MAFAULDA,end_to_end,Q8-cpu_dynamic,1,179,110.52791000111029
cpu,MAFAULDA,end_to_end,Q8-cpu_dynamic,1,180,110.63470598310232
cpu,MAFAULDA,end_to_end,Q8-cpu_dynamic,1,181,110.31193897360936
cpu,MAFAULDA,end_to_end,Q8-cpu_dynamic,1,182,109.91837899200618
cpu,MAFAULDA,end_to_end,Q8-cpu_dynamic,1,183,108.95843303296715
cpu,MAFAULDA,end_to_end,Q8-cpu_dynamic,1,184,110.00525596318766
cpu,MAFAULDA,end_to_end,Q8-cpu_dynamic,1,185,110.16864399425685
cpu,MAFAULDA,end_to_end,Q8-cpu_dynamic,1,186,110.38556299172342
cpu,MAFAULDA,end_to_end,Q8-cpu_dynamic,1,187,110.18717696424574
cpu,MAFAULDA,end_to_end,Q8-cpu_dynamic,1,188,108.95437700673938
cpu,MAFAULDA,end_to_end,Q8-cpu_dynamic,1,189,110.29285902623087
cpu,MAFAULDA,end_to_end,Q8-cpu_dynamic,1,190,110.55259103886783
cpu,MAFAULDA,end_to_end,Q8-cpu_dynamic,1,191,110.26536498684436
cpu,MAFAULDA,end_to_end,Q8-cpu_dynamic,1,192,110.40440603392199
cpu,MAFAULDA,end_to_end,Q8-cpu_dynamic,1,193,110.21056695608422
cpu,MAFAULDA,end_to_end,Q8-cpu_dynamic,1,194,108.98848104989156
cpu,MAFAULDA,end_to_end,Q8-cpu_dynamic,1,195,110.63357297098264
cpu,MAFAULDA,end_to_end,Q8-cpu_dynamic,1,196,109.5853800070472
cpu,MAFAULDA,end_to_end,Q8-cpu_dynamic,1,197,110.37531198235229
cpu,MAFAULDA,end_to_end,Q8-cpu_dynamic,1,198,110.35678902408108
cpu,MAFAULDA,end_to_end,Q8-cpu_dynamic,1,199,110.48774403752759
cpu,MAFAULDA,end_to_end,Q8-cpu_dynamic,1,200,110.07885698927566
cpu,MAFAULDA,end_to_end,Q8-cpu_dynamic,1,201,109.98582100728527
cpu,MAFAULDA,end_to_end,Q8-cpu_dynamic,1,202,109.00116700213403
cpu,MAFAULDA,end_to_end,Q8-cpu_dynamic,1,203,109.94008701527491
cpu,MAFAULDA,end_to_end,Q8-cpu_dynamic,1,204,110.0199400098063
cpu,MAFAULDA,end_to_end,Q8-cpu_dynamic,1,205,109.69715198734775
cpu,MAFAULDA,end_to_end,Q8-cpu_dynamic,1,206,109.31664804229513
cpu,MAFAULDA,end_to_end,Q8-cpu_dynamic,1,207,110.15569395385683
cpu,MAFAULDA,end_to_end,Q8-cpu_dynamic,1,208,109.33698498411104
cpu,MAFAULDA,end_to_end,Q8-cpu_dynamic,1,209,110.37645902251825
cpu,MAFAULDA,end_to_end,Q8-cpu_dynamic,1,210,110.2125010220334
cpu,MAFAULDA,end_to_end,Q8-cpu_dynamic,1,211,110.1660780259408
cpu,MAFAULDA,end_to_end,Q8-cpu_dynamic,1,212,110.30334501992911
cpu,MAFAULDA,end_to_end,Q8-cpu_dynamic,1,213,110.26723199756816
cpu,MAFAULDA,end_to_end,Q8-cpu_dynamic,1,214,110.49830500269309
cpu,MAFAULDA,end_to_end,Q8-cpu_dynamic,1,215,110.74125400045887
cpu,MAFAULDA,end_to_end,Q8-cpu_dynamic,1,216,110.59532198123634
cpu,MAFAULDA,end_to_end,Q8-cpu_dynamic,1,217,110.38556497078389
cpu,MAFAULDA,end_to_end,Q8-cpu_dynamic,1,218,110.53316801553592
cpu,MAFAULDA,end_to_end,Q8-cpu_dynamic,1,219,109.78175402851775
cpu,MAFAULDA,end_to_end,Q8-cpu_dynamic,1,220,110.70973100140691
cpu,MAFAULDA,end_to_end,Q8-cpu_dynamic,1,221,110.18948804121464
cpu,MAFAULDA,end_to_end,Q8-cpu_dynamic,1,222,110.43688701465726
cpu,MAFAULDA,end_to_end,Q8-cpu_dynamic,1,223,110.29163503553718
cpu,MAFAULDA,end_to_end,Q8-cpu_dynamic,1,224,110.49419798655435
cpu,MAFAULDA,end_to_end,Q8-cpu_dynamic,1,225,110.97624199464917
cpu,MAFAULDA,end_to_end,Q8-cpu_dynamic,1,226,110.82693398930132
cpu,MAFAULDA,end_to_end,Q8-cpu_dynamic,1,227,111.01291800150648
cpu,MAFAULDA,end_to_end,Q8-cpu_dynamic,1,228,110.38837203523144
cpu,MAFAULDA,end_to_end,Q8-cpu_dynamic,1,229,110.31166202155873
cpu,MAFAULDA,end_to_end,Q8-cpu_dynamic,1,230,110.35773798357695
cpu,MAFAULDA,end_to_end,Q8-cpu_dynamic,1,231,110.44825101271272
cpu,MAFAULDA,end_to_end,Q8-cpu_dynamic,1,232,108.50528301671147
cpu,MAFAULDA,end_to_end,Q8-cpu_dynamic,1,233,113.48026595078409
cpu,MAFAULDA,end_to_end,Q8-cpu_dynamic,1,234,110.6371299829334
cpu,MAFAULDA,end_to_end,Q8-cpu_dynamic,1,235,110.38651101989672
cpu,MAFAULDA,end_to_end,Q8-cpu_dynamic,1,236,110.85463297786191
cpu,MAFAULDA,end_to_end,Q8-cpu_dynamic,1,237,110.2734450250864
cpu,MAFAULDA,end_to_end,Q8-cpu_dynamic,1,238,109.06422301195562
cpu,MAFAULDA,end_to_end,Q8-cpu_dynamic,1,239,110.14807701576501
cpu,MAFAULDA,end_to_end,Q8-cpu_dynamic,1,240,110.01825996208936
cpu,MAFAULDA,end_to_end,Q8-cpu_dynamic,1,241,110.48296699300408
cpu,MAFAULDA,end_to_end,Q8-cpu_dynamic,1,242,110.77551601920277
cpu,MAFAULDA,end_to_end,Q8-cpu_dynamic,1,243,110.61328602954745
cpu,MAFAULDA,end_to_end,Q8-cpu_dynamic,1,244,111.39292601728812
cpu,MAFAULDA,end_to_end,Q8-cpu_dynamic,1,245,110.53758894558996
cpu,MAFAULDA,end_to_end,Q8-cpu_dynamic,1,246,110.29337003128603
cpu,MAFAULDA,end_to_end,Q8-cpu_dynamic,1,247,110.32103700563312
cpu,MAFAULDA,end_to_end,Q8-cpu_dynamic,1,248,110.2316280012019
cpu,MAFAULDA,end_to_end,Q8-cpu_dynamic,1,249,110.07478897226974
cpu,MAFAULDA,end_to_end,K1-FP32,1,0,117.17526701977476
cpu,MAFAULDA,end_to_end,K1-FP32,1,1,117.7543830126524
cpu,MAFAULDA,end_to_end,K1-FP32,1,2,117.10827000206336
cpu,MAFAULDA,end_to_end,K1-FP32,1,3,117.25764500442892
cpu,MAFAULDA,end_to_end,K1-FP32,1,4,117.59608000284061
cpu,MAFAULDA,end_to_end,K1-FP32,1,5,117.12712096050382
cpu,MAFAULDA,end_to_end,K1-FP32,1,6,117.06303601386026
cpu,MAFAULDA,end_to_end,K1-FP32,1,7,117.4681989941746
cpu,MAFAULDA,end_to_end,K1-FP32,1,8,117.26779700256884
cpu,MAFAULDA,end_to_end,K1-FP32,1,9,117.13866400532424
cpu,MAFAULDA,end_to_end,K1-FP32,1,10,116.95875995792449
cpu,MAFAULDA,end_to_end,K1-FP32,1,11,116.57994502456859
cpu,MAFAULDA,end_to_end,K1-FP32,1,12,117.48109199106693
cpu,MAFAULDA,end_to_end,K1-FP32,1,13,117.25639598444104
cpu,MAFAULDA,end_to_end,K1-FP32,1,14,117.37536499276757
cpu,MAFAULDA,end_to_end,K1-FP32,1,15,117.8974470240064
cpu,MAFAULDA,end_to_end,K1-FP32,1,16,117.14537197258323
cpu,MAFAULDA,end_to_end,K1-FP32,1,17,117.02796799363568
cpu,MAFAULDA,end_to_end,K1-FP32,1,18,117.4247509916313
cpu,MAFAULDA,end_to_end,K1-FP32,1,19,117.56968998815864
cpu,MAFAULDA,end_to_end,K1-FP32,1,20,117.19103902578354
cpu,MAFAULDA,end_to_end,K1-FP32,1,21,117.74038296425715
cpu,MAFAULDA,end_to_end,K1-FP32,1,22,116.98712699580938
cpu,MAFAULDA,end_to_end,K1-FP32,1,23,117.35673504881561
cpu,MAFAULDA,end_to_end,K1-FP32,1,24,117.35357600264251
cpu,MAFAULDA,end_to_end,K1-FP32,1,25,117.31062596663833
cpu,MAFAULDA,end_to_end,K1-FP32,1,26,117.11206298787147
cpu,MAFAULDA,end_to_end,K1-FP32,1,27,117.41650296607986
cpu,MAFAULDA,end_to_end,K1-FP32,1,28,117.98489600187168
cpu,MAFAULDA,end_to_end,K1-FP32,1,29,117.62739397818223
cpu,MAFAULDA,end_to_end,K1-FP32,1,30,116.2567840074189
cpu,MAFAULDA,end_to_end,K1-FP32,1,31,117.2583459992893
cpu,MAFAULDA,end_to_end,K1-FP32,1,32,117.42183403111994
cpu,MAFAULDA,end_to_end,K1-FP32,1,33,117.03795701032504
cpu,MAFAULDA,end_to_end,K1-FP32,1,34,117.48319095931947
cpu,MAFAULDA,end_to_end,K1-FP32,1,35,117.40334704518318
cpu,MAFAULDA,end_to_end,K1-FP32,1,36,117.39725200459361
cpu,MAFAULDA,end_to_end,K1-FP32,1,37,117.38287500338629
cpu,MAFAULDA,end_to_end,K1-FP32,1,38,117.1511709690094
cpu,MAFAULDA,end_to_end,K1-FP32,1,39,116.35569197824225
cpu,MAFAULDA,end_to_end,K1-FP32,1,40,117.18474997906014
cpu,MAFAULDA,end_to_end,K1-FP32,1,41,117.25198099156842
cpu,MAFAULDA,end_to_end,K1-FP32,1,42,117.44495801394805
cpu,MAFAULDA,end_to_end,K1-FP32,1,43,117.39812500309199
cpu,MAFAULDA,end_to_end,K1-FP32,1,44,117.39727295935154
cpu,MAFAULDA,end_to_end,K1-FP32,1,45,117.542402993422
cpu,MAFAULDA,end_to_end,K1-FP32,1,46,117.19637201167643
cpu,MAFAULDA,end_to_end,K1-FP32,1,47,118.1317149894312
cpu,MAFAULDA,end_to_end,K1-FP32,1,48,117.8595979581587
cpu,MAFAULDA,end_to_end,K1-FP32,1,49,117.75793100241572
cpu,MAFAULDA,end_to_end,K1-FP32,1,50,117.1086669783108
cpu,MAFAULDA,end_to_end,K1-FP32,1,51,117.61664500227198
cpu,MAFAULDA,end_to_end,K1-FP32,1,52,117.6421029958874
cpu,MAFAULDA,end_to_end,K1-FP32,1,53,117.82542004948482
cpu,MAFAULDA,end_to_end,K1-FP32,1,54,117.14789096731693
cpu,MAFAULDA,end_to_end,K1-FP32,1,55,117.88444995181635
cpu,MAFAULDA,end_to_end,K1-FP32,1,56,117.28809803025797
cpu,MAFAULDA,end_to_end,K1-FP32,1,57,118.73337195720524
cpu,MAFAULDA,end_to_end,K1-FP32,1,58,116.20542302262038
cpu,MAFAULDA,end_to_end,K1-FP32,1,59,117.27752402657643
cpu,MAFAULDA,end_to_end,K1-FP32,1,60,117.35764698823914
cpu,MAFAULDA,end_to_end,K1-FP32,1,61,117.25893802940845
cpu,MAFAULDA,end_to_end,K1-FP32,1,62,117.36736603779718
cpu,MAFAULDA,end_to_end,K1-FP32,1,63,117.94136499520391
cpu,MAFAULDA,end_to_end,K1-FP32,1,64,116.87521502608433
cpu,MAFAULDA,end_to_end,K1-FP32,1,65,116.80001701461151
cpu,MAFAULDA,end_to_end,K1-FP32,1,66,117.20059398794547
cpu,MAFAULDA,end_to_end,K1-FP32,1,67,117.37948900554329
cpu,MAFAULDA,end_to_end,K1-FP32,1,68,117.24358599167317
cpu,MAFAULDA,end_to_end,K1-FP32,1,69,117.57731199031696
cpu,MAFAULDA,end_to_end,K1-FP32,1,70,118.0267829913646
cpu,MAFAULDA,end_to_end,K1-FP32,1,71,118.10335703194141
cpu,MAFAULDA,end_to_end,K1-FP32,1,72,117.75471200235188
cpu,MAFAULDA,end_to_end,K1-FP32,1,73,117.27909604087472
cpu,MAFAULDA,end_to_end,K1-FP32,1,74,117.0122180483304
cpu,MAFAULDA,end_to_end,K1-FP32,1,75,116.89564702101052
cpu,MAFAULDA,end_to_end,K1-FP32,1,76,117.33450903557241
cpu,MAFAULDA,end_to_end,K1-FP32,1,77,117.83194402232766
cpu,MAFAULDA,end_to_end,K1-FP32,1,78,117.24227102240548
cpu,MAFAULDA,end_to_end,K1-FP32,1,79,117.71610903088003
cpu,MAFAULDA,end_to_end,K1-FP32,1,80,117.25705902790651
cpu,MAFAULDA,end_to_end,K1-FP32,1,81,117.49162402702495
cpu,MAFAULDA,end_to_end,K1-FP32,1,82,117.9914100212045
cpu,MAFAULDA,end_to_end,K1-FP32,1,83,117.23487201379612
cpu,MAFAULDA,end_to_end,K1-FP32,1,84,117.49999801395461
cpu,MAFAULDA,end_to_end,K1-FP32,1,85,117.71304195281118
cpu,MAFAULDA,end_to_end,K1-FP32,1,86,117.75279801804572
cpu,MAFAULDA,end_to_end,K1-FP32,1,87,117.5766039523296
cpu,MAFAULDA,end_to_end,K1-FP32,1,88,117.61219502659515
cpu,MAFAULDA,end_to_end,K1-FP32,1,89,117.848115041852
cpu,MAFAULDA,end_to_end,K1-FP32,1,90,117.2505309805274
cpu,MAFAULDA,end_to_end,K1-FP32,1,91,117.37652798183262
cpu,MAFAULDA,end_to_end,K1-FP32,1,92,117.05816898029298
cpu,MAFAULDA,end_to_end,K1-FP32,1,93,117.48561402782798
cpu,MAFAULDA,end_to_end,K1-FP32,1,94,117.71473399130628
cpu,MAFAULDA,end_to_end,K1-FP32,1,95,117.48619697755203
cpu,MAFAULDA,end_to_end,K1-FP32,1,96,117.74746997980401
cpu,MAFAULDA,end_to_end,K1-FP32,1,97,117.79299401678145
cpu,MAFAULDA,end_to_end,K1-FP32,1,98,117.30149999493733
cpu,MAFAULDA,end_to_end,K1-FP32,1,99,117.44541703956202
cpu,MAFAULDA,end_to_end,K1-FP32,1,100,117.89038497954607
cpu,MAFAULDA,end_to_end,K1-FP32,1,101,114.53574901679531
cpu,MAFAULDA,end_to_end,K1-FP32,1,102,103.09765697456896
cpu,MAFAULDA,end_to_end,K1-FP32,1,103,104.68229895923287
cpu,MAFAULDA,end_to_end,K1-FP32,1,104,104.14732299977913
cpu,MAFAULDA,end_to_end,K1-FP32,1,105,104.08989700954407
cpu,MAFAULDA,end_to_end,K1-FP32,1,106,103.84594299830496
cpu,MAFAULDA,end_to_end,K1-FP32,1,107,103.59494801377878
cpu,MAFAULDA,end_to_end,K1-FP32,1,108,103.49409701302648
cpu,MAFAULDA,end_to_end,K1-FP32,1,109,103.47563098184764
cpu,MAFAULDA,end_to_end,K1-FP32,1,110,103.45366300316527
cpu,MAFAULDA,end_to_end,K1-FP32,1,111,105.42845696909353
cpu,MAFAULDA,end_to_end,K1-FP32,1,112,114.8403330007568
cpu,MAFAULDA,end_to_end,K1-FP32,1,113,118.7589280307293
cpu,MAFAULDA,end_to_end,K1-FP32,1,114,117.20481398515403
cpu,MAFAULDA,end_to_end,K1-FP32,1,115,117.28161398787051
cpu,MAFAULDA,end_to_end,K1-FP32,1,116,117.15157702565193
cpu,MAFAULDA,end_to_end,K1-FP32,1,117,115.12536200461909
cpu,MAFAULDA,end_to_end,K1-FP32,1,118,119.9230519705452
cpu,MAFAULDA,end_to_end,K1-FP32,1,119,117.01028799870983
cpu,MAFAULDA,end_to_end,K1-FP32,1,120,117.0910419896245
cpu,MAFAULDA,end_to_end,K1-FP32,1,121,117.51913599437103
cpu,MAFAULDA,end_to_end,K1-FP32,1,122,116.48169596446678
cpu,MAFAULDA,end_to_end,K1-FP32,1,123,117.53469100221992
cpu,MAFAULDA,end_to_end,K1-FP32,1,124,117.49420600244775
cpu,MAFAULDA,end_to_end,K1-FP32,1,125,117.65188403660432
cpu,MAFAULDA,end_to_end,K1-FP32,1,126,117.03262402443215
cpu,MAFAULDA,end_to_end,K1-FP32,1,127,117.0208280091174
cpu,MAFAULDA,end_to_end,K1-FP32,1,128,117.02816002070904
cpu,MAFAULDA,end_to_end,K1-FP32,1,129,117.14552599005401
cpu,MAFAULDA,end_to_end,K1-FP32,1,130,117.40376200759783
cpu,MAFAULDA,end_to_end,K1-FP32,1,131,117.95904400059953
cpu,MAFAULDA,end_to_end,K1-FP32,1,132,117.50122898956761
cpu,MAFAULDA,end_to_end,K1-FP32,1,133,117.54994699731469
cpu,MAFAULDA,end_to_end,K1-FP32,1,134,121.00431701401249
cpu,MAFAULDA,end_to_end,K1-FP32,1,135,116.84345098910853
cpu,MAFAULDA,end_to_end,K1-FP32,1,136,116.17854802170768
cpu,MAFAULDA,end_to_end,K1-FP32,1,137,117.37113102572039
cpu,MAFAULDA,end_to_end,K1-FP32,1,138,117.30080901179463
cpu,MAFAULDA,end_to_end,K1-FP32,1,139,117.84264899324626
cpu,MAFAULDA,end_to_end,K1-FP32,1,140,117.9671169957146
cpu,MAFAULDA,end_to_end,K1-FP32,1,141,117.22901900066063
cpu,MAFAULDA,end_to_end,K1-FP32,1,142,116.53952702181414
cpu,MAFAULDA,end_to_end,K1-FP32,1,143,116.2053780280985
cpu,MAFAULDA,end_to_end,K1-FP32,1,144,117.5713450065814
cpu,MAFAULDA,end_to_end,K1-FP32,1,145,117.41030600387603
cpu,MAFAULDA,end_to_end,K1-FP32,1,146,115.42563000693917
cpu,MAFAULDA,end_to_end,K1-FP32,1,147,117.49596503796056
cpu,MAFAULDA,end_to_end,K1-FP32,1,148,118.19397803628817
cpu,MAFAULDA,end_to_end,K1-FP32,1,149,117.39877099171281
cpu,MAFAULDA,end_to_end,K1-FP32,1,150,117.60557099478319
cpu,MAFAULDA,end_to_end,K1-FP32,1,151,117.50213103368878
cpu,MAFAULDA,end_to_end,K1-FP32,1,152,116.4588609826751
cpu,MAFAULDA,end_to_end,K1-FP32,1,153,120.39145297603682
cpu,MAFAULDA,end_to_end,K1-FP32,1,154,117.62918496970087
cpu,MAFAULDA,end_to_end,K1-FP32,1,155,117.5570979830809
cpu,MAFAULDA,end_to_end,K1-FP32,1,156,117.74492601398379
cpu,MAFAULDA,end_to_end,K1-FP32,1,157,117.90474399458617
cpu,MAFAULDA,end_to_end,K1-FP32,1,158,115.7262830529362
cpu,MAFAULDA,end_to_end,K1-FP32,1,159,105.42568401433527
cpu,MAFAULDA,end_to_end,K1-FP32,1,160,117.48767201788723
cpu,MAFAULDA,end_to_end,K1-FP32,1,161,117.1951640280895
cpu,MAFAULDA,end_to_end,K1-FP32,1,162,117.32875503366813
cpu,MAFAULDA,end_to_end,K1-FP32,1,163,117.33800201909617
cpu,MAFAULDA,end_to_end,K1-FP32,1,164,117.48405400430784
cpu,MAFAULDA,end_to_end,K1-FP32,1,165,118.17799200071022
cpu,MAFAULDA,end_to_end,K1-FP32,1,166,118.32853499799967
cpu,MAFAULDA,end_to_end,K1-FP32,1,167,116.9995290110819
cpu,MAFAULDA,end_to_end,K1-FP32,1,168,117.59846500353888
cpu,MAFAULDA,end_to_end,K1-FP32,1,169,117.50870698597282
cpu,MAFAULDA,end_to_end,K1-FP32,1,170,117.2969900071621
cpu,MAFAULDA,end_to_end,K1-FP32,1,171,117.22666199784726
cpu,MAFAULDA,end_to_end,K1-FP32,1,172,116.8329649954103
cpu,MAFAULDA,end_to_end,K1-FP32,1,173,117.6877969992347
cpu,MAFAULDA,end_to_end,K1-FP32,1,174,117.32075101463124
cpu,MAFAULDA,end_to_end,K1-FP32,1,175,117.4077820032835
cpu,MAFAULDA,end_to_end,K1-FP32,1,176,118.06679202709347
cpu,MAFAULDA,end_to_end,K1-FP32,1,177,117.34232498565689
cpu,MAFAULDA,end_to_end,K1-FP32,1,178,117.45585798053071
cpu,MAFAULDA,end_to_end,K1-FP32,1,179,117.27731698192656
cpu,MAFAULDA,end_to_end,K1-FP32,1,180,117.38169594900683
cpu,MAFAULDA,end_to_end,K1-FP32,1,181,117.10942996433005
cpu,MAFAULDA,end_to_end,K1-FP32,1,182,117.56712303031236
cpu,MAFAULDA,end_to_end,K1-FP32,1,183,117.18877695966512
cpu,MAFAULDA,end_to_end,K1-FP32,1,184,117.30150098446757
cpu,MAFAULDA,end_to_end,K1-FP32,1,185,117.40456701954827
cpu,MAFAULDA,end_to_end,K1-FP32,1,186,117.53382498864084
cpu,MAFAULDA,end_to_end,K1-FP32,1,187,116.91296397475526
cpu,MAFAULDA,end_to_end,K1-FP32,1,188,117.1356969862245
cpu,MAFAULDA,end_to_end,K1-FP32,1,189,117.17884097015485
cpu,MAFAULDA,end_to_end,K1-FP32,1,190,117.64971999218687
cpu,MAFAULDA,end_to_end,K1-FP32,1,191,117.87568300496787
cpu,MAFAULDA,end_to_end,K1-FP32,1,192,117.45365697424859
cpu,MAFAULDA,end_to_end,K1-FP32,1,193,117.55957896821201
cpu,MAFAULDA,end_to_end,K1-FP32,1,194,117.09970701485872
cpu,MAFAULDA,end_to_end,K1-FP32,1,195,117.16239101951942
cpu,MAFAULDA,end_to_end,K1-FP32,1,196,116.25767999794334
cpu,MAFAULDA,end_to_end,K1-FP32,1,197,117.21973703242838
cpu,MAFAULDA,end_to_end,K1-FP32,1,198,116.19996395893395
cpu,MAFAULDA,end_to_end,K1-FP32,1,199,117.61043901788071
cpu,MAFAULDA,end_to_end,K1-FP32,1,200,117.23240301944315
cpu,MAFAULDA,end_to_end,K1-FP32,1,201,117.50610201852396
cpu,MAFAULDA,end_to_end,K1-FP32,1,202,116.99027701979503
cpu,MAFAULDA,end_to_end,K1-FP32,1,203,116.88400898128748
cpu,MAFAULDA,end_to_end,K1-FP32,1,204,117.54427501000464
cpu,MAFAULDA,end_to_end,K1-FP32,1,205,117.47024196665734
cpu,MAFAULDA,end_to_end,K1-FP32,1,206,117.84300999715924
cpu,MAFAULDA,end_to_end,K1-FP32,1,207,117.79897700762376
cpu,MAFAULDA,end_to_end,K1-FP32,1,208,117.70439200336114
cpu,MAFAULDA,end_to_end,K1-FP32,1,209,117.3643030342646
cpu,MAFAULDA,end_to_end,K1-FP32,1,210,117.64994898112491
cpu,MAFAULDA,end_to_end,K1-FP32,1,211,117.27570596849546
cpu,MAFAULDA,end_to_end,K1-FP32,1,212,116.05135601712391
cpu,MAFAULDA,end_to_end,K1-FP32,1,213,117.40503099281341
cpu,MAFAULDA,end_to_end,K1-FP32,1,214,116.77793000126258
cpu,MAFAULDA,end_to_end,K1-FP32,1,215,117.17448604758829
cpu,MAFAULDA,end_to_end,K1-FP32,1,216,117.9572599940002
cpu,MAFAULDA,end_to_end,K1-FP32,1,217,117.1812399988994
cpu,MAFAULDA,end_to_end,K1-FP32,1,218,117.16125695966184
cpu,MAFAULDA,end_to_end,K1-FP32,1,219,117.53647902514786
cpu,MAFAULDA,end_to_end,K1-FP32,1,220,117.09356098435819
cpu,MAFAULDA,end_to_end,K1-FP32,1,221,117.22945800283924
cpu,MAFAULDA,end_to_end,K1-FP32,1,222,117.05853597959504
cpu,MAFAULDA,end_to_end,K1-FP32,1,223,117.26240703137591
cpu,MAFAULDA,end_to_end,K1-FP32,1,224,116.44328699912876
cpu,MAFAULDA,end_to_end,K1-FP32,1,225,116.08468199847266
cpu,MAFAULDA,end_to_end,K1-FP32,1,226,117.43744899285957
cpu,MAFAULDA,end_to_end,K1-FP32,1,227,117.63221304863691
cpu,MAFAULDA,end_to_end,K1-FP32,1,228,117.30220197932795
cpu,MAFAULDA,end_to_end,K1-FP32,1,229,117.5518169766292
cpu,MAFAULDA,end_to_end,K1-FP32,1,230,117.42549296468496
cpu,MAFAULDA,end_to_end,K1-FP32,1,231,117.09126800997183
cpu,MAFAULDA,end_to_end,K1-FP32,1,232,117.42907704319805
cpu,MAFAULDA,end_to_end,K1-FP32,1,233,118.04251500871032
cpu,MAFAULDA,end_to_end,K1-FP32,1,234,117.71378898993134
cpu,MAFAULDA,end_to_end,K1-FP32,1,235,117.07267601741478
cpu,MAFAULDA,end_to_end,K1-FP32,1,236,117.51809302950278
cpu,MAFAULDA,end_to_end,K1-FP32,1,237,117.64992499956861
cpu,MAFAULDA,end_to_end,K1-FP32,1,238,117.47420800384134
cpu,MAFAULDA,end_to_end,K1-FP32,1,239,117.82219499582425
cpu,MAFAULDA,end_to_end,K1-FP32,1,240,117.58287000702694
cpu,MAFAULDA,end_to_end,K1-FP32,1,241,117.80287098372355
cpu,MAFAULDA,end_to_end,K1-FP32,1,242,117.40568897221237
cpu,MAFAULDA,end_to_end,K1-FP32,1,243,117.62908403761685
cpu,MAFAULDA,end_to_end,K1-FP32,1,244,117.44164704577997
cpu,MAFAULDA,end_to_end,K1-FP32,1,245,117.400199000258
cpu,MAFAULDA,end_to_end,K1-FP32,1,246,115.97275803796947
cpu,MAFAULDA,end_to_end,K1-FP32,1,247,117.45015799533576
cpu,MAFAULDA,end_to_end,K1-FP32,1,248,117.21999099245295
cpu,MAFAULDA,end_to_end,K1-FP32,1,249,116.3506869925186
cpu,MAFAULDA,end_to_end,K1-FP32,2,0,117.30545700993389
cpu,MAFAULDA,end_to_end,K1-FP32,2,1,117.48300702311099
cpu,MAFAULDA,end_to_end,K1-FP32,2,2,117.18992196256295
cpu,MAFAULDA,end_to_end,K1-FP32,2,3,117.29129700688645
cpu,MAFAULDA,end_to_end,K1-FP32,2,4,117.38002503989264
cpu,MAFAULDA,end_to_end,K1-FP32,2,5,117.17290402157232
cpu,MAFAULDA,end_to_end,K1-FP32,2,6,116.75767198903486
cpu,MAFAULDA,end_to_end,K1-FP32,2,7,116.50611099321395
cpu,MAFAULDA,end_to_end,K1-FP32,2,8,115.97574001643807
cpu,MAFAULDA,end_to_end,K1-FP32,2,9,117.55062302108854
cpu,MAFAULDA,end_to_end,K1-FP32,2,10,117.0102700125426
cpu,MAFAULDA,end_to_end,K1-FP32,2,11,117.56677296943963
cpu,MAFAULDA,end_to_end,K1-FP32,2,12,118.05804696632549
cpu,MAFAULDA,end_to_end,K1-FP32,2,13,117.54850699799135
cpu,MAFAULDA,end_to_end,K1-FP32,2,14,117.35362600302324
cpu,MAFAULDA,end_to_end,K1-FP32,2,15,117.18735797330737
cpu,MAFAULDA,end_to_end,K1-FP32,2,16,117.7163040265441
cpu,MAFAULDA,end_to_end,K1-FP32,2,17,117.862701008562
cpu,MAFAULDA,end_to_end,K1-FP32,2,18,118.35263599641621
cpu,MAFAULDA,end_to_end,K1-FP32,2,19,117.58343200199306
cpu,MAFAULDA,end_to_end,K1-FP32,2,20,117.40556900622323
cpu,MAFAULDA,end_to_end,K1-FP32,2,21,117.37934994744137
cpu,MAFAULDA,end_to_end,K1-FP32,2,22,118.08291601482779
cpu,MAFAULDA,end_to_end,K1-FP32,2,23,116.98704300215468
cpu,MAFAULDA,end_to_end,K1-FP32,2,24,117.11497395299375
cpu,MAFAULDA,end_to_end,K1-FP32,2,25,117.63207399053499
cpu,MAFAULDA,end_to_end,K1-FP32,2,26,117.52719397190958
cpu,MAFAULDA,end_to_end,K1-FP32,2,27,117.31203400995582
cpu,MAFAULDA,end_to_end,K1-FP32,2,28,117.40694800391793
cpu,MAFAULDA,end_to_end,K1-FP32,2,29,117.2939160023816
cpu,MAFAULDA,end_to_end,K1-FP32,2,30,117.16412100940943
cpu,MAFAULDA,end_to_end,K1-FP32,2,31,117.36106098396704
cpu,MAFAULDA,end_to_end,K1-FP32,2,32,117.18631099211052
cpu,MAFAULDA,end_to_end,K1-FP32,2,33,116.31552001927048
cpu,MAFAULDA,end_to_end,K1-FP32,2,34,117.42902302648872
cpu,MAFAULDA,end_to_end,K1-FP32,2,35,118.20901598548517
cpu,MAFAULDA,end_to_end,K1-FP32,2,36,117.81003401847556
cpu,MAFAULDA,end_to_end,K1-FP32,2,37,117.27267201058567
cpu,MAFAULDA,end_to_end,K1-FP32,2,38,119.05416200170293
cpu,MAFAULDA,end_to_end,K1-FP32,2,39,117.07703000865877
cpu,MAFAULDA,end_to_end,K1-FP32,2,40,117.23239696584642
cpu,MAFAULDA,end_to_end,K1-FP32,2,41,117.32045601820573
cpu,MAFAULDA,end_to_end,K1-FP32,2,42,117.2310360125266
cpu,MAFAULDA,end_to_end,K1-FP32,2,43,117.46542202308774
cpu,MAFAULDA,end_to_end,K1-FP32,2,44,117.37976904259995
cpu,MAFAULDA,end_to_end,K1-FP32,2,45,117.46631900314242
cpu,MAFAULDA,end_to_end,K1-FP32,2,46,115.32973602879792
cpu,MAFAULDA,end_to_end,K1-FP32,2,47,116.79612600710243
cpu,MAFAULDA,end_to_end,K1-FP32,2,48,117.03818198293447
cpu,MAFAULDA,end_to_end,K1-FP32,2,49,117.24014603532851
cpu,MAFAULDA,end_to_end,K1-FP32,2,50,117.465668998193
cpu,MAFAULDA,end_to_end,K1-FP32,2,51,117.75214900262654
cpu,MAFAULDA,end_to_end,K1-FP32,2,52,117.54918802762404
cpu,MAFAULDA,end_to_end,K1-FP32,2,53,117.56635701749474
cpu,MAFAULDA,end_to_end,K1-FP32,2,54,117.77911201352254
cpu,MAFAULDA,end_to_end,K1-FP32,2,55,117.22222197568044
cpu,MAFAULDA,end_to_end,K1-FP32,2,56,117.17474000761285
cpu,MAFAULDA,end_to_end,K1-FP32,2,57,117.21367301652208
cpu,MAFAULDA,end_to_end,K1-FP32,2,58,117.05484800040722
cpu,MAFAULDA,end_to_end,K1-FP32,2,59,116.41633795807138
cpu,MAFAULDA,end_to_end,K1-FP32,2,60,116.5062360232696
cpu,MAFAULDA,end_to_end,K1-FP32,2,61,117.08781903143972
cpu,MAFAULDA,end_to_end,K1-FP32,2,62,117.09296295884997
cpu,MAFAULDA,end_to_end,K1-FP32,2,63,117.00436100363731
cpu,MAFAULDA,end_to_end,K1-FP32,2,64,117.52163397613913
cpu,MAFAULDA,end_to_end,K1-FP32,2,65,117.16624500695616
cpu,MAFAULDA,end_to_end,K1-FP32,2,66,117.04756697872654
cpu,MAFAULDA,end_to_end,K1-FP32,2,67,116.82952003320679
cpu,MAFAULDA,end_to_end,K1-FP32,2,68,117.31628299457952
cpu,MAFAULDA,end_to_end,K1-FP32,2,69,117.0700269867666
cpu,MAFAULDA,end_to_end,K1-FP32,2,70,117.16956301825121
cpu,MAFAULDA,end_to_end,K1-FP32,2,71,116.67125497478992
cpu,MAFAULDA,end_to_end,K1-FP32,2,72,117.37983202328905
cpu,MAFAULDA,end_to_end,K1-FP32,2,73,117.41973098833114
cpu,MAFAULDA,end_to_end,K1-FP32,2,74,116.92522297380492
cpu,MAFAULDA,end_to_end,K1-FP32,2,75,116.80647701723501
cpu,MAFAULDA,end_to_end,K1-FP32,2,76,117.27939499542117
cpu,MAFAULDA,end_to_end,K1-FP32,2,77,119.7785739786923
cpu,MAFAULDA,end_to_end,K1-FP32,2,78,117.55573697155342
cpu,MAFAULDA,end_to_end,K1-FP32,2,79,116.76446202909574
cpu,MAFAULDA,end_to_end,K1-FP32,2,80,117.43263999233022
cpu,MAFAULDA,end_to_end,K1-FP32,2,81,117.0560009777546
cpu,MAFAULDA,end_to_end,K1-FP32,2,82,116.899624990765
cpu,MAFAULDA,end_to_end,K1-FP32,2,83,116.38660199241713
cpu,MAFAULDA,end_to_end,K1-FP32,2,84,116.82592600118369
cpu,MAFAULDA,end_to_end,K1-FP32,2,85,117.76745098177344
cpu,MAFAULDA,end_to_end,K1-FP32,2,86,117.31934401905164
cpu,MAFAULDA,end_to_end,K1-FP32,2,87,118.84500697487965
cpu,MAFAULDA,end_to_end,K1-FP32,2,88,116.89131299499422
cpu,MAFAULDA,end_to_end,K1-FP32,2,89,117.19468398950994
cpu,MAFAULDA,end_to_end,K1-FP32,2,90,116.94100900785998
cpu,MAFAULDA,end_to_end,K1-FP32,2,91,116.9148389599286
cpu,MAFAULDA,end_to_end,K1-FP32,2,92,114.71598199568689
cpu,MAFAULDA,end_to_end,K1-FP32,2,93,104.16198900202289
cpu,MAFAULDA,end_to_end,K1-FP32,2,94,117.84492997685447
cpu,MAFAULDA,end_to_end,K1-FP32,2,95,117.13981500361115
cpu,MAFAULDA,end_to_end,K1-FP32,2,96,116.92488903645426
cpu,MAFAULDA,end_to_end,K1-FP32,2,97,116.29238101886585
cpu,MAFAULDA,end_to_end,K1-FP32,2,98,115.95345800742507
cpu,MAFAULDA,end_to_end,K1-FP32,2,99,117.18683398794383
cpu,MAFAULDA,end_to_end,K1-FP32,2,100,117.16264695860445
cpu,MAFAULDA,end_to_end,K1-FP32,2,101,117.3502110177651
cpu,MAFAULDA,end_to_end,K1-FP32,2,102,117.54497099900618
cpu,MAFAULDA,end_to_end,K1-FP32,2,103,117.38399602472782
cpu,MAFAULDA,end_to_end,K1-FP32,2,104,117.4615710042417
cpu,MAFAULDA,end_to_end,K1-FP32,2,105,117.22515599103644
cpu,MAFAULDA,end_to_end,K1-FP32,2,106,117.5291400286369
cpu,MAFAULDA,end_to_end,K1-FP32,2,107,118.14989702543244
cpu,MAFAULDA,end_to_end,K1-FP32,2,108,116.94313504267484
cpu,MAFAULDA,end_to_end,K1-FP32,2,109,117.50425602076575
cpu,MAFAULDA,end_to_end,K1-FP32,2,110,117.24809597944841
cpu,MAFAULDA,end_to_end,K1-FP32,2,111,117.11699597071856
cpu,MAFAULDA,end_to_end,K1-FP32,2,112,117.56482301279902
cpu,MAFAULDA,end_to_end,K1-FP32,2,113,116.11513898242265
cpu,MAFAULDA,end_to_end,K1-FP32,2,114,117.1220819815062
cpu,MAFAULDA,end_to_end,K1-FP32,2,115,116.99890496674925
cpu,MAFAULDA,end_to_end,K1-FP32,2,116,117.19437805004418
cpu,MAFAULDA,end_to_end,K1-FP32,2,117,116.7755339993164
cpu,MAFAULDA,end_to_end,K1-FP32,2,118,116.70649598818272
cpu,MAFAULDA,end_to_end,K1-FP32,2,119,116.96583701996133
cpu,MAFAULDA,end_to_end,K1-FP32,2,120,117.78740299632773
cpu,MAFAULDA,end_to_end,K1-FP32,2,121,117.29399597970769
cpu,MAFAULDA,end_to_end,K1-FP32,2,122,116.99872004101053
cpu,MAFAULDA,end_to_end,K1-FP32,2,123,116.692096053157
cpu,MAFAULDA,end_to_end,K1-FP32,2,124,115.90625200187787
cpu,MAFAULDA,end_to_end,K1-FP32,2,125,117.08800203632563
cpu,MAFAULDA,end_to_end,K1-FP32,2,126,117.23224597517401
cpu,MAFAULDA,end_to_end,K1-FP32,2,127,117.81402199994773
cpu,MAFAULDA,end_to_end,K1-FP32,2,128,117.18900303822011
cpu,MAFAULDA,end_to_end,K1-FP32,2,129,117.50597995705903
cpu,MAFAULDA,end_to_end,K1-FP32,2,130,117.25312704220414
cpu,MAFAULDA,end_to_end,K1-FP32,2,131,117.1974969911389
cpu,MAFAULDA,end_to_end,K1-FP32,2,132,117.12454498047009
cpu,MAFAULDA,end_to_end,K1-FP32,2,133,117.3729519941844
cpu,MAFAULDA,end_to_end,K1-FP32,2,134,117.3113560071215
cpu,MAFAULDA,end_to_end,K1-FP32,2,135,116.33339000400156
cpu,MAFAULDA,end_to_end,K1-FP32,2,136,117.35818302258849
cpu,MAFAULDA,end_to_end,K1-FP32,2,137,117.52456502290443
cpu,MAFAULDA,end_to_end,K1-FP32,2,138,117.10314999800175
cpu,MAFAULDA,end_to_end,K1-FP32,2,139,117.56554001476616
cpu,MAFAULDA,end_to_end,K1-FP32,2,140,117.54139902768657
cpu,MAFAULDA,end_to_end,K1-FP32,2,141,117.23351199179888
cpu,MAFAULDA,end_to_end,K1-FP32,2,142,117.22544598160312
cpu,MAFAULDA,end_to_end,K1-FP32,2,143,117.3588139936328
cpu,MAFAULDA,end_to_end,K1-FP32,2,144,117.30412900215015
cpu,MAFAULDA,end_to_end,K1-FP32,2,145,117.28822300210595
cpu,MAFAULDA,end_to_end,K1-FP32,2,146,116.16155196679756
cpu,MAFAULDA,end_to_end,K1-FP32,2,147,117.3416210222058
cpu,MAFAULDA,end_to_end,K1-FP32,2,148,117.28452402167022
cpu,MAFAULDA,end_to_end,K1-FP32,2,149,116.8719960260205
cpu,MAFAULDA,end_to_end,K1-FP32,2,150,117.7254380309023
cpu,MAFAULDA,end_to_end,K1-FP32,2,151,117.20605596201494
cpu,MAFAULDA,end_to_end,K1-FP32,2,152,117.35602701082826
cpu,MAFAULDA,end_to_end,K1-FP32,2,153,116.89048301195726
cpu,MAFAULDA,end_to_end,K1-FP32,2,154,117.81467404216528
cpu,MAFAULDA,end_to_end,K1-FP32,2,155,117.19324899604544
cpu,MAFAULDA,end_to_end,K1-FP32,2,156,117.17008496634662
cpu,MAFAULDA,end_to_end,K1-FP32,2,157,117.48230800731108
cpu,MAFAULDA,end_to_end,K1-FP32,2,158,117.22938000457361
cpu,MAFAULDA,end_to_end,K1-FP32,2,159,116.98675702791661
cpu,MAFAULDA,end_to_end,K1-FP32,2,160,116.92534398753196
cpu,MAFAULDA,end_to_end,K1-FP32,2,161,117.15206602821127
cpu,MAFAULDA,end_to_end,K1-FP32,2,162,117.33819701476023
cpu,MAFAULDA,end_to_end,K1-FP32,2,163,117.18021403066814
cpu,MAFAULDA,end_to_end,K1-FP32,2,164,117.30451497714967
cpu,MAFAULDA,end_to_end,K1-FP32,2,165,117.59433499537408
cpu,MAFAULDA,end_to_end,K1-FP32,2,166,117.18855600338429
cpu,MAFAULDA,end_to_end,K1-FP32,2,167,116.89033196307719
cpu,MAFAULDA,end_to_end,K1-FP32,2,168,116.973161988426
cpu,MAFAULDA,end_to_end,K1-FP32,2,169,116.79950397228822
cpu,MAFAULDA,end_to_end,K1-FP32,2,170,117.26215499220416
cpu,MAFAULDA,end_to_end,K1-FP32,2,171,117.81429103575647
cpu,MAFAULDA,end_to_end,K1-FP32,2,172,117.0123599586077
cpu,MAFAULDA,end_to_end,K1-FP32,2,173,117.39082704298198
cpu,MAFAULDA,end_to_end,K1-FP32,2,174,117.27366904960945
cpu,MAFAULDA,end_to_end,K1-FP32,2,175,116.40369199449196
cpu,MAFAULDA,end_to_end,K1-FP32,2,176,117.08290997194126
cpu,MAFAULDA,end_to_end,K1-FP32,2,177,117.12913197698072
cpu,MAFAULDA,end_to_end,K1-FP32,2,178,116.89443700015545
cpu,MAFAULDA,end_to_end,K1-FP32,2,179,117.53582098754123
cpu,MAFAULDA,end_to_end,K1-FP32,2,180,117.47373297112063
cpu,MAFAULDA,end_to_end,K1-FP32,2,181,118.96081001032144
cpu,MAFAULDA,end_to_end,K1-FP32,2,182,117.3580990289338
cpu,MAFAULDA,end_to_end,K1-FP32,2,183,117.25138098699972
cpu,MAFAULDA,end_to_end,K1-FP32,2,184,116.26630800310522
cpu,MAFAULDA,end_to_end,K1-FP32,2,185,116.13457801286131
cpu,MAFAULDA,end_to_end,K1-FP32,2,186,116.25046603148803
cpu,MAFAULDA,end_to_end,K1-FP32,2,187,117.66223597805947
cpu,MAFAULDA,end_to_end,K1-FP32,2,188,118.59662900678813
cpu,MAFAULDA,end_to_end,K1-FP32,2,189,117.33844503760338
cpu,MAFAULDA,end_to_end,K1-FP32,2,190,117.28664499241859
cpu,MAFAULDA,end_to_end,K1-FP32,2,191,117.16720700496808
cpu,MAFAULDA,end_to_end,K1-FP32,2,192,117.43629304692149
cpu,MAFAULDA,end_to_end,K1-FP32,2,193,117.59122699731961
cpu,MAFAULDA,end_to_end,K1-FP32,2,194,117.19788698246703
cpu,MAFAULDA,end_to_end,K1-FP32,2,195,117.34932102262974
cpu,MAFAULDA,end_to_end,K1-FP32,2,196,117.77692200848833
cpu,MAFAULDA,end_to_end,K1-FP32,2,197,117.36962501890957
cpu,MAFAULDA,end_to_end,K1-FP32,2,198,118.3580820215866
cpu,MAFAULDA,end_to_end,K1-FP32,2,199,117.35077400226146
cpu,MAFAULDA,end_to_end,K1-FP32,2,200,117.53432301338762
cpu,MAFAULDA,end_to_end,K1-FP32,2,201,117.42424499243498
cpu,MAFAULDA,end_to_end,K1-FP32,2,202,117.10756801767275
cpu,MAFAULDA,end_to_end,K1-FP32,2,203,117.0096549903974
cpu,MAFAULDA,end_to_end,K1-FP32,2,204,117.34631197759882
cpu,MAFAULDA,end_to_end,K1-FP32,2,205,115.35066005308181
cpu,MAFAULDA,end_to_end,K1-FP32,2,206,102.60500299045816
cpu,MAFAULDA,end_to_end,K1-FP32,2,207,119.91276300977916
cpu,MAFAULDA,end_to_end,K1-FP32,2,208,117.0277310302481
cpu,MAFAULDA,end_to_end,K1-FP32,2,209,117.28819605195895
cpu,MAFAULDA,end_to_end,K1-FP32,2,210,117.01930401613936
cpu,MAFAULDA,end_to_end,K1-FP32,2,211,117.3941069864668
cpu,MAFAULDA,end_to_end,K1-FP32,2,212,117.05843399977311
cpu,MAFAULDA,end_to_end,K1-FP32,2,213,117.20844695810229
cpu,MAFAULDA,end_to_end,K1-FP32,2,214,117.54503002157435
cpu,MAFAULDA,end_to_end,K1-FP32,2,215,116.31422198843211
cpu,MAFAULDA,end_to_end,K1-FP32,2,216,117.02779901679605
cpu,MAFAULDA,end_to_end,K1-FP32,2,217,117.34516697470099
cpu,MAFAULDA,end_to_end,K1-FP32,2,218,117.46504402253777
cpu,MAFAULDA,end_to_end,K1-FP32,2,219,117.10329900961369
cpu,MAFAULDA,end_to_end,K1-FP32,2,220,116.80721800075844
cpu,MAFAULDA,end_to_end,K1-FP32,2,221,117.23987804725766
cpu,MAFAULDA,end_to_end,K1-FP32,2,222,117.46985296485946
cpu,MAFAULDA,end_to_end,K1-FP32,2,223,117.90345900226384
cpu,MAFAULDA,end_to_end,K1-FP32,2,224,116.9635480036959
cpu,MAFAULDA,end_to_end,K1-FP32,2,225,116.96179100545123
cpu,MAFAULDA,end_to_end,K1-FP32,2,226,117.28707497240975
cpu,MAFAULDA,end_to_end,K1-FP32,2,227,117.39064496941864
cpu,MAFAULDA,end_to_end,K1-FP32,2,228,117.07702401326969
cpu,MAFAULDA,end_to_end,K1-FP32,2,229,117.10518598556519
cpu,MAFAULDA,end_to_end,K1-FP32,2,230,117.40304803242907
cpu,MAFAULDA,end_to_end,K1-FP32,2,231,116.30203702952713
cpu,MAFAULDA,end_to_end,K1-FP32,2,232,117.27184802293777
cpu,MAFAULDA,end_to_end,K1-FP32,2,233,117.15893301879987
cpu,MAFAULDA,end_to_end,K1-FP32,2,234,117.18451196793467
cpu,MAFAULDA,end_to_end,K1-FP32,2,235,117.38793598487973
cpu,MAFAULDA,end_to_end,K1-FP32,2,236,117.68722295528278
cpu,MAFAULDA,end_to_end,K1-FP32,2,237,117.29313002433628
cpu,MAFAULDA,end_to_end,K1-FP32,2,238,116.43486301181838
cpu,MAFAULDA,end_to_end,K1-FP32,2,239,116.8536230106838
cpu,MAFAULDA,end_to_end,K1-FP32,2,240,117.54880601074547
cpu,MAFAULDA,end_to_end,K1-FP32,2,241,117.04987596021965
cpu,MAFAULDA,end_to_end,K1-FP32,2,242,116.91535502905026
cpu,MAFAULDA,end_to_end,K1-FP32,2,243,117.06357001094148
cpu,MAFAULDA,end_to_end,K1-FP32,2,244,117.07015795400366
cpu,MAFAULDA,end_to_end,K1-FP32,2,245,116.73794902162626
cpu,MAFAULDA,end_to_end,K1-FP32,2,246,116.82077299337834
cpu,MAFAULDA,end_to_end,K1-FP32,2,247,117.31533001875505
cpu,MAFAULDA,end_to_end,K1-FP32,2,248,117.42766597308218
cpu,MAFAULDA,end_to_end,K1-FP32,2,249,117.38008703105152
cpu,MAFAULDA,end_to_end,Q8-cpu_dynamic,2,0,111.42550100339577
cpu,MAFAULDA,end_to_end,Q8-cpu_dynamic,2,1,110.13860197272152
cpu,MAFAULDA,end_to_end,Q8-cpu_dynamic,2,2,110.30896299052984
cpu,MAFAULDA,end_to_end,Q8-cpu_dynamic,2,3,109.25319301895797
cpu,MAFAULDA,end_to_end,Q8-cpu_dynamic,2,4,110.12398998718709
cpu,MAFAULDA,end_to_end,Q8-cpu_dynamic,2,5,110.33321602735668
cpu,MAFAULDA,end_to_end,Q8-cpu_dynamic,2,6,111.60101997666061
cpu,MAFAULDA,end_to_end,Q8-cpu_dynamic,2,7,110.56759301573038
cpu,MAFAULDA,end_to_end,Q8-cpu_dynamic,2,8,111.68792197713628
cpu,MAFAULDA,end_to_end,Q8-cpu_dynamic,2,9,110.35772901959717
cpu,MAFAULDA,end_to_end,Q8-cpu_dynamic,2,10,110.35642400383949
cpu,MAFAULDA,end_to_end,Q8-cpu_dynamic,2,11,110.56115798419341
cpu,MAFAULDA,end_to_end,Q8-cpu_dynamic,2,12,110.2005519787781
cpu,MAFAULDA,end_to_end,Q8-cpu_dynamic,2,13,109.9799380172044
cpu,MAFAULDA,end_to_end,Q8-cpu_dynamic,2,14,110.3947309893556
cpu,MAFAULDA,end_to_end,Q8-cpu_dynamic,2,15,110.37769698305055
cpu,MAFAULDA,end_to_end,Q8-cpu_dynamic,2,16,109.03748194687068
cpu,MAFAULDA,end_to_end,Q8-cpu_dynamic,2,17,112.99369501648471
cpu,MAFAULDA,end_to_end,Q8-cpu_dynamic,2,18,110.4207289754413
cpu,MAFAULDA,end_to_end,Q8-cpu_dynamic,2,19,110.22223602049053
cpu,MAFAULDA,end_to_end,Q8-cpu_dynamic,2,20,111.58044298645109
cpu,MAFAULDA,end_to_end,Q8-cpu_dynamic,2,21,110.57119799079373
cpu,MAFAULDA,end_to_end,Q8-cpu_dynamic,2,22,110.07097800029442
cpu,MAFAULDA,end_to_end,Q8-cpu_dynamic,2,23,110.10015296051279
cpu,MAFAULDA,end_to_end,Q8-cpu_dynamic,2,24,110.28748704120517
cpu,MAFAULDA,end_to_end,Q8-cpu_dynamic,2,25,110.51779403351247
cpu,MAFAULDA,end_to_end,Q8-cpu_dynamic,2,26,110.30144098913297
cpu,MAFAULDA,end_to_end,Q8-cpu_dynamic,2,27,110.57105998042971
cpu,MAFAULDA,end_to_end,Q8-cpu_dynamic,2,28,110.46195402741432
cpu,MAFAULDA,end_to_end,Q8-cpu_dynamic,2,29,110.56171101517975
cpu,MAFAULDA,end_to_end,Q8-cpu_dynamic,2,30,110.98661896539852
cpu,MAFAULDA,end_to_end,Q8-cpu_dynamic,2,31,110.2239569881931
cpu,MAFAULDA,end_to_end,Q8-cpu_dynamic,2,32,110.23012304212898
cpu,MAFAULDA,end_to_end,Q8-cpu_dynamic,2,33,110.2430839673616
cpu,MAFAULDA,end_to_end,Q8-cpu_dynamic,2,34,110.74041400570422
cpu,MAFAULDA,end_to_end,Q8-cpu_dynamic,2,35,110.13554100645706
cpu,MAFAULDA,end_to_end,Q8-cpu_dynamic,2,36,109.02657400583848
cpu,MAFAULDA,end_to_end,Q8-cpu_dynamic,2,37,113.03147103171796
cpu,MAFAULDA,end_to_end,Q8-cpu_dynamic,2,38,109.4715379877016
cpu,MAFAULDA,end_to_end,Q8-cpu_dynamic,2,39,109.24214299302548
cpu,MAFAULDA,end_to_end,Q8-cpu_dynamic,2,40,110.61878001783043
cpu,MAFAULDA,end_to_end,Q8-cpu_dynamic,2,41,109.12340198410675
cpu,MAFAULDA,end_to_end,Q8-cpu_dynamic,2,42,110.51521095214412
cpu,MAFAULDA,end_to_end,Q8-cpu_dynamic,2,43,109.8641530261375
cpu,MAFAULDA,end_to_end,Q8-cpu_dynamic,2,44,109.9307710537687
cpu,MAFAULDA,end_to_end,Q8-cpu_dynamic,2,45,110.08200299693272
cpu,MAFAULDA,end_to_end,Q8-cpu_dynamic,2,46,110.46877794433385
cpu,MAFAULDA,end_to_end,Q8-cpu_dynamic,2,47,110.45534699223936
cpu,MAFAULDA,end_to_end,Q8-cpu_dynamic,2,48,110.64942297525704
cpu,MAFAULDA,end_to_end,Q8-cpu_dynamic,2,49,110.23647600086406
cpu,MAFAULDA,end_to_end,Q8-cpu_dynamic,2,50,108.67465299088508
cpu,MAFAULDA,end_to_end,Q8-cpu_dynamic,2,51,113.35720401257277
cpu,MAFAULDA,end_to_end,Q8-cpu_dynamic,2,52,110.76966498512775
cpu,MAFAULDA,end_to_end,Q8-cpu_dynamic,2,53,110.48714601201937
cpu,MAFAULDA,end_to_end,Q8-cpu_dynamic,2,54,110.19027297152206
cpu,MAFAULDA,end_to_end,Q8-cpu_dynamic,2,55,108.07554301572964
cpu,MAFAULDA,end_to_end,Q8-cpu_dynamic,2,56,112.90994298178703
cpu,MAFAULDA,end_to_end,Q8-cpu_dynamic,2,57,110.15046399552375
cpu,MAFAULDA,end_to_end,Q8-cpu_dynamic,2,58,108.59154403442517
cpu,MAFAULDA,end_to_end,Q8-cpu_dynamic,2,59,99.70094298478216
cpu,MAFAULDA,end_to_end,Q8-cpu_dynamic,2,60,110.9408910269849
cpu,MAFAULDA,end_to_end,Q8-cpu_dynamic,2,61,110.83255097037181
cpu,MAFAULDA,end_to_end,Q8-cpu_dynamic,2,62,110.78356497455388
cpu,MAFAULDA,end_to_end,Q8-cpu_dynamic,2,63,110.43546500150114
cpu,MAFAULDA,end_to_end,Q8-cpu_dynamic,2,64,110.77247996581718
cpu,MAFAULDA,end_to_end,Q8-cpu_dynamic,2,65,109.7956610028632
cpu,MAFAULDA,end_to_end,Q8-cpu_dynamic,2,66,110.24894699221477
cpu,MAFAULDA,end_to_end,Q8-cpu_dynamic,2,67,110.28999497648329
cpu,MAFAULDA,end_to_end,Q8-cpu_dynamic,2,68,110.58345896890387
cpu,MAFAULDA,end_to_end,Q8-cpu_dynamic,2,69,111.21891502989456
cpu,MAFAULDA,end_to_end,Q8-cpu_dynamic,2,70,111.22121399967
cpu,MAFAULDA,end_to_end,Q8-cpu_dynamic,2,71,110.70707702310756
cpu,MAFAULDA,end_to_end,Q8-cpu_dynamic,2,72,110.4591180337593
cpu,MAFAULDA,end_to_end,Q8-cpu_dynamic,2,73,110.44754303293303
cpu,MAFAULDA,end_to_end,Q8-cpu_dynamic,2,74,108.92016399884596
cpu,MAFAULDA,end_to_end,Q8-cpu_dynamic,2,75,111.23182595474645
cpu,MAFAULDA,end_to_end,Q8-cpu_dynamic,2,76,110.77334801666439
cpu,MAFAULDA,end_to_end,Q8-cpu_dynamic,2,77,110.26174802100286
cpu,MAFAULDA,end_to_end,Q8-cpu_dynamic,2,78,110.37717398721725
cpu,MAFAULDA,end_to_end,Q8-cpu_dynamic,2,79,110.60467798961326
cpu,MAFAULDA,end_to_end,Q8-cpu_dynamic,2,80,110.3823070297949
cpu,MAFAULDA,end_to_end,Q8-cpu_dynamic,2,81,110.51934299757704
cpu,MAFAULDA,end_to_end,Q8-cpu_dynamic,2,82,110.81483995076269
cpu,MAFAULDA,end_to_end,Q8-cpu_dynamic,2,83,110.52838602336124
cpu,MAFAULDA,end_to_end,Q8-cpu_dynamic,2,84,110.83205096656457
cpu,MAFAULDA,end_to_end,Q8-cpu_dynamic,2,85,110.48519902396947
cpu,MAFAULDA,end_to_end,Q8-cpu_dynamic,2,86,110.56600697338581
cpu,MAFAULDA,end_to_end,Q8-cpu_dynamic,2,87,110.78674695454538
cpu,MAFAULDA,end_to_end,Q8-cpu_dynamic,2,88,110.27934297453612
cpu,MAFAULDA,end_to_end,Q8-cpu_dynamic,2,89,110.488889971748
cpu,MAFAULDA,end_to_end,Q8-cpu_dynamic,2,90,110.9567090170458
cpu,MAFAULDA,end_to_end,Q8-cpu_dynamic,2,91,111.52838700218126
cpu,MAFAULDA,end_to_end,Q8-cpu_dynamic,2,92,110.85696698864922
cpu,MAFAULDA,end_to_end,Q8-cpu_dynamic,2,93,110.58904603123665
cpu,MAFAULDA,end_to_end,Q8-cpu_dynamic,2,94,110.53479398833588
cpu,MAFAULDA,end_to_end,Q8-cpu_dynamic,2,95,108.81523601710796
cpu,MAFAULDA,end_to_end,Q8-cpu_dynamic,2,96,105.38900701794773
cpu,MAFAULDA,end_to_end,Q8-cpu_dynamic,2,97,111.18513101246208
cpu,MAFAULDA,end_to_end,Q8-cpu_dynamic,2,98,110.56527897017077
cpu,MAFAULDA,end_to_end,Q8-cpu_dynamic,2,99,110.15066003892571
cpu,MAFAULDA,end_to_end,Q8-cpu_dynamic,2,100,109.36742497142404
cpu,MAFAULDA,end_to_end,Q8-cpu_dynamic,2,101,110.33486598171294
cpu,MAFAULDA,end_to_end,Q8-cpu_dynamic,2,102,110.38289201678708
cpu,MAFAULDA,end_to_end,Q8-cpu_dynamic,2,103,110.22854904877022
cpu,MAFAULDA,end_to_end,Q8-cpu_dynamic,2,104,110.41884700534865
cpu,MAFAULDA,end_to_end,Q8-cpu_dynamic,2,105,110.56477599777281
cpu,MAFAULDA,end_to_end,Q8-cpu_dynamic,2,106,110.58293096721172
cpu,MAFAULDA,end_to_end,Q8-cpu_dynamic,2,107,110.5472240014933
cpu,MAFAULDA,end_to_end,Q8-cpu_dynamic,2,108,110.50264799268916
cpu,MAFAULDA,end_to_end,Q8-cpu_dynamic,2,109,110.44833296909928
cpu,MAFAULDA,end_to_end,Q8-cpu_dynamic,2,110,110.7719229767099
cpu,MAFAULDA,end_to_end,Q8-cpu_dynamic,2,111,110.59797299094498
cpu,MAFAULDA,end_to_end,Q8-cpu_dynamic,2,112,110.43503799010068
cpu,MAFAULDA,end_to_end,Q8-cpu_dynamic,2,113,111.37108597904444
cpu,MAFAULDA,end_to_end,Q8-cpu_dynamic,2,114,109.27377000916749
cpu,MAFAULDA,end_to_end,Q8-cpu_dynamic,2,115,110.6636970071122
cpu,MAFAULDA,end_to_end,Q8-cpu_dynamic,2,116,110.89013598393649
cpu,MAFAULDA,end_to_end,Q8-cpu_dynamic,2,117,110.86206196341664
cpu,MAFAULDA,end_to_end,Q8-cpu_dynamic,2,118,110.86252599488944
cpu,MAFAULDA,end_to_end,Q8-cpu_dynamic,2,119,110.56135699618608
cpu,MAFAULDA,end_to_end,Q8-cpu_dynamic,2,120,109.32665900327265
cpu,MAFAULDA,end_to_end,Q8-cpu_dynamic,2,121,111.03705398272723
cpu,MAFAULDA,end_to_end,Q8-cpu_dynamic,2,122,110.20867602201179
cpu,MAFAULDA,end_to_end,Q8-cpu_dynamic,2,123,110.27015000581741
cpu,MAFAULDA,end_to_end,Q8-cpu_dynamic,2,124,111.30489903734997
cpu,MAFAULDA,end_to_end,Q8-cpu_dynamic,2,125,110.75487197376788
cpu,MAFAULDA,end_to_end,Q8-cpu_dynamic,2,126,109.1539179906249
cpu,MAFAULDA,end_to_end,Q8-cpu_dynamic,2,127,110.15028296969831
cpu,MAFAULDA,end_to_end,Q8-cpu_dynamic,2,128,110.24972301675007
cpu,MAFAULDA,end_to_end,Q8-cpu_dynamic,2,129,109.32718304684386
cpu,MAFAULDA,end_to_end,Q8-cpu_dynamic,2,130,109.35904900543392
cpu,MAFAULDA,end_to_end,Q8-cpu_dynamic,2,131,110.12293002568185
cpu,MAFAULDA,end_to_end,Q8-cpu_dynamic,2,132,110.29923404566944
cpu,MAFAULDA,end_to_end,Q8-cpu_dynamic,2,133,110.20975298015401
cpu,MAFAULDA,end_to_end,Q8-cpu_dynamic,2,134,110.62452202895656
cpu,MAFAULDA,end_to_end,Q8-cpu_dynamic,2,135,110.79325404716656
cpu,MAFAULDA,end_to_end,Q8-cpu_dynamic,2,136,110.44494499219581
cpu,MAFAULDA,end_to_end,Q8-cpu_dynamic,2,137,110.21891899872571
cpu,MAFAULDA,end_to_end,Q8-cpu_dynamic,2,138,110.72051397059113
cpu,MAFAULDA,end_to_end,Q8-cpu_dynamic,2,139,110.24678801186383
cpu,MAFAULDA,end_to_end,Q8-cpu_dynamic,2,140,110.81106297206134
cpu,MAFAULDA,end_to_end,Q8-cpu_dynamic,2,141,110.52562901750207
cpu,MAFAULDA,end_to_end,Q8-cpu_dynamic,2,142,110.65971100470051
cpu,MAFAULDA,end_to_end,Q8-cpu_dynamic,2,143,110.5320830247365
cpu,MAFAULDA,end_to_end,Q8-cpu_dynamic,2,144,110.07553298259154
cpu,MAFAULDA,end_to_end,Q8-cpu_dynamic,2,145,110.67947297124192
cpu,MAFAULDA,end_to_end,Q8-cpu_dynamic,2,146,107.68224095227197
cpu,MAFAULDA,end_to_end,Q8-cpu_dynamic,2,147,113.06381097529083
cpu,MAFAULDA,end_to_end,Q8-cpu_dynamic,2,148,110.18678202526644
cpu,MAFAULDA,end_to_end,Q8-cpu_dynamic,2,149,110.18817801959813
cpu,MAFAULDA,end_to_end,Q8-cpu_dynamic,2,150,109.5234610256739
cpu,MAFAULDA,end_to_end,Q8-cpu_dynamic,2,151,110.12163601117209
cpu,MAFAULDA,end_to_end,Q8-cpu_dynamic,2,152,110.73542799567804
cpu,MAFAULDA,end_to_end,Q8-cpu_dynamic,2,153,109.16794498916715
cpu,MAFAULDA,end_to_end,Q8-cpu_dynamic,2,154,109.41993002779782
cpu,MAFAULDA,end_to_end,Q8-cpu_dynamic,2,155,109.10129401599988
cpu,MAFAULDA,end_to_end,Q8-cpu_dynamic,2,156,110.68931198678911
cpu,MAFAULDA,end_to_end,Q8-cpu_dynamic,2,157,110.78088404610753
cpu,MAFAULDA,end_to_end,Q8-cpu_dynamic,2,158,110.21119198994711
cpu,MAFAULDA,end_to_end,Q8-cpu_dynamic,2,159,109.42407004768029
cpu,MAFAULDA,end_to_end,Q8-cpu_dynamic,2,160,110.44152500107884
cpu,MAFAULDA,end_to_end,Q8-cpu_dynamic,2,161,110.8129090280272
cpu,MAFAULDA,end_to_end,Q8-cpu_dynamic,2,162,110.43249897193164
cpu,MAFAULDA,end_to_end,Q8-cpu_dynamic,2,163,110.46273197280243
cpu,MAFAULDA,end_to_end,Q8-cpu_dynamic,2,164,110.48396897967905
cpu,MAFAULDA,end_to_end,Q8-cpu_dynamic,2,165,110.47734599560499
cpu,MAFAULDA,end_to_end,Q8-cpu_dynamic,2,166,111.41230398789048
cpu,MAFAULDA,end_to_end,Q8-cpu_dynamic,2,167,110.26742198737338
cpu,MAFAULDA,end_to_end,Q8-cpu_dynamic,2,168,110.17841094871983
cpu,MAFAULDA,end_to_end,Q8-cpu_dynamic,2,169,110.38891703356057
cpu,MAFAULDA,end_to_end,Q8-cpu_dynamic,2,170,109.56759797409177
cpu,MAFAULDA,end_to_end,Q8-cpu_dynamic,2,171,110.15774600673467
cpu,MAFAULDA,end_to_end,Q8-cpu_dynamic,2,172,110.54372903890908
cpu,MAFAULDA,end_to_end,Q8-cpu_dynamic,2,173,110.35570496460423
cpu,MAFAULDA,end_to_end,Q8-cpu_dynamic,2,174,108.84564800653607
cpu,MAFAULDA,end_to_end,Q8-cpu_dynamic,2,175,113.28969796886668
cpu,MAFAULDA,end_to_end,Q8-cpu_dynamic,2,176,110.51239602966234
cpu,MAFAULDA,end_to_end,Q8-cpu_dynamic,2,177,110.32913299277425
cpu,MAFAULDA,end_to_end,Q8-cpu_dynamic,2,178,109.13153202272952
cpu,MAFAULDA,end_to_end,Q8-cpu_dynamic,2,179,99.29760900558904
cpu,MAFAULDA,end_to_end,Q8-cpu_dynamic,2,180,111.27710697473958
cpu,MAFAULDA,end_to_end,Q8-cpu_dynamic,2,181,110.28783698566258
cpu,MAFAULDA,end_to_end,Q8-cpu_dynamic,2,182,110.38058099802583
cpu,MAFAULDA,end_to_end,Q8-cpu_dynamic,2,183,110.22437497740611
cpu,MAFAULDA,end_to_end,Q8-cpu_dynamic,2,184,110.5856149806641
cpu,MAFAULDA,end_to_end,Q8-cpu_dynamic,2,185,110.16056698281318
cpu,MAFAULDA,end_to_end,Q8-cpu_dynamic,2,186,110.1802879711613
cpu,MAFAULDA,end_to_end,Q8-cpu_dynamic,2,187,110.20607501268387
cpu,MAFAULDA,end_to_end,Q8-cpu_dynamic,2,188,110.47120799776167
cpu,MAFAULDA,end_to_end,Q8-cpu_dynamic,2,189,111.03508697124198
cpu,MAFAULDA,end_to_end,Q8-cpu_dynamic,2,190,112.20377200515941
cpu,MAFAULDA,end_to_end,Q8-cpu_dynamic,2,191,110.12031300924718
cpu,MAFAULDA,end_to_end,Q8-cpu_dynamic,2,192,110.31668103532866
cpu,MAFAULDA,end_to_end,Q8-cpu_dynamic,2,193,110.37828400731087
cpu,MAFAULDA,end_to_end,Q8-cpu_dynamic,2,194,110.34568201284856
cpu,MAFAULDA,end_to_end,Q8-cpu_dynamic,2,195,109.24305801745504
cpu,MAFAULDA,end_to_end,Q8-cpu_dynamic,2,196,110.20177998580039
cpu,MAFAULDA,end_to_end,Q8-cpu_dynamic,2,197,110.83577200770378
cpu,MAFAULDA,end_to_end,Q8-cpu_dynamic,2,198,110.91276799561456
cpu,MAFAULDA,end_to_end,Q8-cpu_dynamic,2,199,110.26076902635396
cpu,MAFAULDA,end_to_end,Q8-cpu_dynamic,2,200,110.60123902279884
cpu,MAFAULDA,end_to_end,Q8-cpu_dynamic,2,201,110.38364097476006
cpu,MAFAULDA,end_to_end,Q8-cpu_dynamic,2,202,110.51375500392169
cpu,MAFAULDA,end_to_end,Q8-cpu_dynamic,2,203,110.37439794745296
cpu,MAFAULDA,end_to_end,Q8-cpu_dynamic,2,204,109.17426500236616
cpu,MAFAULDA,end_to_end,Q8-cpu_dynamic,2,205,110.35280796932057
cpu,MAFAULDA,end_to_end,Q8-cpu_dynamic,2,206,111.95247899740934
cpu,MAFAULDA,end_to_end,Q8-cpu_dynamic,2,207,111.90790502587333
cpu,MAFAULDA,end_to_end,Q8-cpu_dynamic,2,208,110.86907400749624
cpu,MAFAULDA,end_to_end,Q8-cpu_dynamic,2,209,110.25716597214341
cpu,MAFAULDA,end_to_end,Q8-cpu_dynamic,2,210,110.40444602258503
cpu,MAFAULDA,end_to_end,Q8-cpu_dynamic,2,211,110.22063298150897
cpu,MAFAULDA,end_to_end,Q8-cpu_dynamic,2,212,110.48599297646433
cpu,MAFAULDA,end_to_end,Q8-cpu_dynamic,2,213,108.44164801528677
cpu,MAFAULDA,end_to_end,Q8-cpu_dynamic,2,214,100.99209996405989
cpu,MAFAULDA,end_to_end,Q8-cpu_dynamic,2,215,111.38860404025763
cpu,MAFAULDA,end_to_end,Q8-cpu_dynamic,2,216,110.64065003301948
cpu,MAFAULDA,end_to_end,Q8-cpu_dynamic,2,217,110.65088299801573
cpu,MAFAULDA,end_to_end,Q8-cpu_dynamic,2,218,110.56369199650362
cpu,MAFAULDA,end_to_end,Q8-cpu_dynamic,2,219,110.49292999086902
cpu,MAFAULDA,end_to_end,Q8-cpu_dynamic,2,220,110.69282202515751
cpu,MAFAULDA,end_to_end,Q8-cpu_dynamic,2,221,110.66152702551335
cpu,MAFAULDA,end_to_end,Q8-cpu_dynamic,2,222,110.38767296122387
cpu,MAFAULDA,end_to_end,Q8-cpu_dynamic,2,223,110.46568304300308
cpu,MAFAULDA,end_to_end,Q8-cpu_dynamic,2,224,110.56256701704115
cpu,MAFAULDA,end_to_end,Q8-cpu_dynamic,2,225,110.81613303394988
cpu,MAFAULDA,end_to_end,Q8-cpu_dynamic,2,226,110.52222602302209
cpu,MAFAULDA,end_to_end,Q8-cpu_dynamic,2,227,110.17639504279941
cpu,MAFAULDA,end_to_end,Q8-cpu_dynamic,2,228,110.39509100373834
cpu,MAFAULDA,end_to_end,Q8-cpu_dynamic,2,229,110.52175797522068
cpu,MAFAULDA,end_to_end,Q8-cpu_dynamic,2,230,110.46757799340412
cpu,MAFAULDA,end_to_end,Q8-cpu_dynamic,2,231,110.1536019705236
cpu,MAFAULDA,end_to_end,Q8-cpu_dynamic,2,232,110.30558997299522
cpu,MAFAULDA,end_to_end,Q8-cpu_dynamic,2,233,110.71499896934256
cpu,MAFAULDA,end_to_end,Q8-cpu_dynamic,2,234,110.46710901428014
cpu,MAFAULDA,end_to_end,Q8-cpu_dynamic,2,235,110.35238899057731
cpu,MAFAULDA,end_to_end,Q8-cpu_dynamic,2,236,110.33453396521509
cpu,MAFAULDA,end_to_end,Q8-cpu_dynamic,2,237,110.5911829508841
cpu,MAFAULDA,end_to_end,Q8-cpu_dynamic,2,238,110.65216298447922
cpu,MAFAULDA,end_to_end,Q8-cpu_dynamic,2,239,110.66967301303521
cpu,MAFAULDA,end_to_end,Q8-cpu_dynamic,2,240,110.14949402306229
cpu,MAFAULDA,end_to_end,Q8-cpu_dynamic,2,241,110.44992401730269
cpu,MAFAULDA,end_to_end,Q8-cpu_dynamic,2,242,110.82796199480072
cpu,MAFAULDA,end_to_end,Q8-cpu_dynamic,2,243,111.07825097860768
cpu,MAFAULDA,end_to_end,Q8-cpu_dynamic,2,244,110.57502601761371
cpu,MAFAULDA,end_to_end,Q8-cpu_dynamic,2,245,110.782697040122
cpu,MAFAULDA,end_to_end,Q8-cpu_dynamic,2,246,110.74784898664802
cpu,MAFAULDA,end_to_end,Q8-cpu_dynamic,2,247,110.78074900433421
cpu,MAFAULDA,end_to_end,Q8-cpu_dynamic,2,248,110.70850404212251
cpu,MAFAULDA,end_to_end,Q8-cpu_dynamic,2,249,110.3845380130224
cpu,MAFAULDA,end_to_end,Q8-cpu_dynamic,3,0,110.385003965348
cpu,MAFAULDA,end_to_end,Q8-cpu_dynamic,3,1,110.4460769565776
cpu,MAFAULDA,end_to_end,Q8-cpu_dynamic,3,2,110.72425200836733
cpu,MAFAULDA,end_to_end,Q8-cpu_dynamic,3,3,109.42147299647331
cpu,MAFAULDA,end_to_end,Q8-cpu_dynamic,3,4,110.35400000400841
cpu,MAFAULDA,end_to_end,Q8-cpu_dynamic,3,5,110.65891903126612
cpu,MAFAULDA,end_to_end,Q8-cpu_dynamic,3,6,110.58701295405626
cpu,MAFAULDA,end_to_end,Q8-cpu_dynamic,3,7,111.10846197698265
cpu,MAFAULDA,end_to_end,Q8-cpu_dynamic,3,8,110.8751290012151
cpu,MAFAULDA,end_to_end,Q8-cpu_dynamic,3,9,109.74107502261177
cpu,MAFAULDA,end_to_end,Q8-cpu_dynamic,3,10,110.64909701235592
cpu,MAFAULDA,end_to_end,Q8-cpu_dynamic,3,11,110.66029401263222
cpu,MAFAULDA,end_to_end,Q8-cpu_dynamic,3,12,108.88291097944602
cpu,MAFAULDA,end_to_end,Q8-cpu_dynamic,3,13,111.84787203092128
cpu,MAFAULDA,end_to_end,Q8-cpu_dynamic,3,14,110.17260397784412
cpu,MAFAULDA,end_to_end,Q8-cpu_dynamic,3,15,110.45413702959195
cpu,MAFAULDA,end_to_end,Q8-cpu_dynamic,3,16,110.36638100631535
cpu,MAFAULDA,end_to_end,Q8-cpu_dynamic,3,17,110.3104809881188
cpu,MAFAULDA,end_to_end,Q8-cpu_dynamic,3,18,110.28789100237191
cpu,MAFAULDA,end_to_end,Q8-cpu_dynamic,3,19,110.5856709764339
cpu,MAFAULDA,end_to_end,Q8-cpu_dynamic,3,20,110.61496898764744
cpu,MAFAULDA,end_to_end,Q8-cpu_dynamic,3,21,110.29977299040183
cpu,MAFAULDA,end_to_end,Q8-cpu_dynamic,3,22,110.43823097134009
cpu,MAFAULDA,end_to_end,Q8-cpu_dynamic,3,23,110.39882199838758
cpu,MAFAULDA,end_to_end,Q8-cpu_dynamic,3,24,110.21437600720674
cpu,MAFAULDA,end_to_end,Q8-cpu_dynamic,3,25,110.46838702168316
cpu,MAFAULDA,end_to_end,Q8-cpu_dynamic,3,26,110.28338398318738
cpu,MAFAULDA,end_to_end,Q8-cpu_dynamic,3,27,110.66693800967187
cpu,MAFAULDA,end_to_end,Q8-cpu_dynamic,3,28,110.49543198896572
cpu,MAFAULDA,end_to_end,Q8-cpu_dynamic,3,29,111.15648405393586
cpu,MAFAULDA,end_to_end,Q8-cpu_dynamic,3,30,110.69451598450541
cpu,MAFAULDA,end_to_end,Q8-cpu_dynamic,3,31,110.73427001247182
cpu,MAFAULDA,end_to_end,Q8-cpu_dynamic,3,32,110.28037697542459
cpu,MAFAULDA,end_to_end,Q8-cpu_dynamic,3,33,109.81840401655063
cpu,MAFAULDA,end_to_end,Q8-cpu_dynamic,3,34,110.6573980068788
cpu,MAFAULDA,end_to_end,Q8-cpu_dynamic,3,35,109.54486404079944
cpu,MAFAULDA,end_to_end,Q8-cpu_dynamic,3,36,110.43557501398027
cpu,MAFAULDA,end_to_end,Q8-cpu_dynamic,3,37,109.57282403251156
cpu,MAFAULDA,end_to_end,Q8-cpu_dynamic,3,38,110.82294897641987
cpu,MAFAULDA,end_to_end,Q8-cpu_dynamic,3,39,110.48976698657498
cpu,MAFAULDA,end_to_end,Q8-cpu_dynamic,3,40,110.69659795612097
cpu,MAFAULDA,end_to_end,Q8-cpu_dynamic,3,41,110.48388597555459
cpu,MAFAULDA,end_to_end,Q8-cpu_dynamic,3,42,109.28766703000292
cpu,MAFAULDA,end_to_end,Q8-cpu_dynamic,3,43,110.85715395165607
cpu,MAFAULDA,end_to_end,Q8-cpu_dynamic,3,44,110.97411101218313
cpu,MAFAULDA,end_to_end,Q8-cpu_dynamic,3,45,110.38577801082283
cpu,MAFAULDA,end_to_end,Q8-cpu_dynamic,3,46,110.37864198442549
cpu,MAFAULDA,end_to_end,Q8-cpu_dynamic,3,47,110.72992801200598
cpu,MAFAULDA,end_to_end,Q8-cpu_dynamic,3,48,110.90333299944177
cpu,MAFAULDA,end_to_end,Q8-cpu_dynamic,3,49,111.53372999979183
cpu,MAFAULDA,end_to_end,Q8-cpu_dynamic,3,50,110.0669430452399
cpu,MAFAULDA,end_to_end,Q8-cpu_dynamic,3,51,110.1364410133101
cpu,MAFAULDA,end_to_end,Q8-cpu_dynamic,3,52,110.9209069982171
cpu,MAFAULDA,end_to_end,Q8-cpu_dynamic,3,53,111.66035896167159
cpu,MAFAULDA,end_to_end,Q8-cpu_dynamic,3,54,110.51197699271142
cpu,MAFAULDA,end_to_end,Q8-cpu_dynamic,3,55,110.52434402517974
cpu,MAFAULDA,end_to_end,Q8-cpu_dynamic,3,56,111.79828603053465
cpu,MAFAULDA,end_to_end,Q8-cpu_dynamic,3,57,110.36535003222525
cpu,MAFAULDA,end_to_end,Q8-cpu_dynamic,3,58,108.84781903587282
cpu,MAFAULDA,end_to_end,Q8-cpu_dynamic,3,59,99.67021702323109
cpu,MAFAULDA,end_to_end,Q8-cpu_dynamic,3,60,109.84071000711992
cpu,MAFAULDA,end_to_end,Q8-cpu_dynamic,3,61,110.70058197947219
cpu,MAFAULDA,end_to_end,Q8-cpu_dynamic,3,62,109.34471397195011
cpu,MAFAULDA,end_to_end,Q8-cpu_dynamic,3,63,110.40738102747127
cpu,MAFAULDA,end_to_end,Q8-cpu_dynamic,3,64,110.30011996626854
cpu,MAFAULDA,end_to_end,Q8-cpu_dynamic,3,65,110.49021896906197
cpu,MAFAULDA,end_to_end,Q8-cpu_dynamic,3,66,110.42590299621224
cpu,MAFAULDA,end_to_end,Q8-cpu_dynamic,3,67,110.77732197009027
cpu,MAFAULDA,end_to_end,Q8-cpu_dynamic,3,68,110.5155530385673
cpu,MAFAULDA,end_to_end,Q8-cpu_dynamic,3,69,109.96027395594865
cpu,MAFAULDA,end_to_end,Q8-cpu_dynamic,3,70,114.33889297768474
cpu,MAFAULDA,end_to_end,Q8-cpu_dynamic,3,71,110.79533002339303
cpu,MAFAULDA,end_to_end,Q8-cpu_dynamic,3,72,110.68694503046572
cpu,MAFAULDA,end_to_end,Q8-cpu_dynamic,3,73,110.57178600458428
cpu,MAFAULDA,end_to_end,Q8-cpu_dynamic,3,74,110.94237997895107
cpu,MAFAULDA,end_to_end,Q8-cpu_dynamic,3,75,110.41661404306069
cpu,MAFAULDA,end_to_end,Q8-cpu_dynamic,3,76,110.50938902189955
cpu,MAFAULDA,end_to_end,Q8-cpu_dynamic,3,77,110.77224201289937
cpu,MAFAULDA,end_to_end,Q8-cpu_dynamic,3,78,110.31746899243444
cpu,MAFAULDA,end_to_end,Q8-cpu_dynamic,3,79,110.69729295559227
cpu,MAFAULDA,end_to_end,Q8-cpu_dynamic,3,80,110.57783494470641
cpu,MAFAULDA,end_to_end,Q8-cpu_dynamic,3,81,110.47780001536012
cpu,MAFAULDA,end_to_end,Q8-cpu_dynamic,3,82,110.59538897825405
cpu,MAFAULDA,end_to_end,Q8-cpu_dynamic,3,83,110.33733503427356
cpu,MAFAULDA,end_to_end,Q8-cpu_dynamic,3,84,110.96068000188097
cpu,MAFAULDA,end_to_end,Q8-cpu_dynamic,3,85,107.66947298543528
cpu,MAFAULDA,end_to_end,Q8-cpu_dynamic,3,86,128.58816399239004
cpu,MAFAULDA,end_to_end,Q8-cpu_dynamic,3,87,111.02285998640582
cpu,MAFAULDA,end_to_end,Q8-cpu_dynamic,3,88,108.8361680158414
cpu,MAFAULDA,end_to_end,Q8-cpu_dynamic,3,89,98.62563398201019
cpu,MAFAULDA,end_to_end,Q8-cpu_dynamic,3,90,100.55443400051445
cpu,MAFAULDA,end_to_end,Q8-cpu_dynamic,3,91,110.45789101626724
cpu,MAFAULDA,end_to_end,Q8-cpu_dynamic,3,92,110.69829697953537
cpu,MAFAULDA,end_to_end,Q8-cpu_dynamic,3,93,110.85398396244273
cpu,MAFAULDA,end_to_end,Q8-cpu_dynamic,3,94,110.28070998145267
cpu,MAFAULDA,end_to_end,Q8-cpu_dynamic,3,95,110.3988200193271
cpu,MAFAULDA,end_to_end,Q8-cpu_dynamic,3,96,108.61693997867405
cpu,MAFAULDA,end_to_end,Q8-cpu_dynamic,3,97,112.6905310084112
cpu,MAFAULDA,end_to_end,Q8-cpu_dynamic,3,98,112.0503309648484
cpu,MAFAULDA,end_to_end,Q8-cpu_dynamic,3,99,110.11217697523534
cpu,MAFAULDA,end_to_end,Q8-cpu_dynamic,3,100,110.26496498379856
cpu,MAFAULDA,end_to_end,Q8-cpu_dynamic,3,101,110.4467689874582
cpu,MAFAULDA,end_to_end,Q8-cpu_dynamic,3,102,111.00365599850193
cpu,MAFAULDA,end_to_end,Q8-cpu_dynamic,3,103,108.59958099899814
cpu,MAFAULDA,end_to_end,Q8-cpu_dynamic,3,104,97.89250598987564
cpu,MAFAULDA,end_to_end,Q8-cpu_dynamic,3,105,99.95703696040437
cpu,MAFAULDA,end_to_end,Q8-cpu_dynamic,3,106,111.18984100176021
cpu,MAFAULDA,end_to_end,Q8-cpu_dynamic,3,107,111.07062600785866
cpu,MAFAULDA,end_to_end,Q8-cpu_dynamic,3,108,110.76244502328336
cpu,MAFAULDA,end_to_end,Q8-cpu_dynamic,3,109,111.4042810513638
cpu,MAFAULDA,end_to_end,Q8-cpu_dynamic,3,110,111.76037299446762
cpu,MAFAULDA,end_to_end,Q8-cpu_dynamic,3,111,110.58470502030104
cpu,MAFAULDA,end_to_end,Q8-cpu_dynamic,3,112,110.62826996203512
cpu,MAFAULDA,end_to_end,Q8-cpu_dynamic,3,113,110.63862801529467
cpu,MAFAULDA,end_to_end,Q8-cpu_dynamic,3,114,110.52209296030924
cpu,MAFAULDA,end_to_end,Q8-cpu_dynamic,3,115,109.29442499764264
cpu,MAFAULDA,end_to_end,Q8-cpu_dynamic,3,116,110.51737301750109
cpu,MAFAULDA,end_to_end,Q8-cpu_dynamic,3,117,110.36789102945477
cpu,MAFAULDA,end_to_end,Q8-cpu_dynamic,3,118,110.53264897782356
cpu,MAFAULDA,end_to_end,Q8-cpu_dynamic,3,119,110.43469799915329
cpu,MAFAULDA,end_to_end,Q8-cpu_dynamic,3,120,110.72441999567673
cpu,MAFAULDA,end_to_end,Q8-cpu_dynamic,3,121,110.31620699213818
cpu,MAFAULDA,end_to_end,Q8-cpu_dynamic,3,122,111.00706801516935
cpu,MAFAULDA,end_to_end,Q8-cpu_dynamic,3,123,110.47262902138755
cpu,MAFAULDA,end_to_end,Q8-cpu_dynamic,3,124,109.22023799503222
cpu,MAFAULDA,end_to_end,Q8-cpu_dynamic,3,125,113.82656201021746
cpu,MAFAULDA,end_to_end,Q8-cpu_dynamic,3,126,111.35422997176647
cpu,MAFAULDA,end_to_end,Q8-cpu_dynamic,3,127,110.77193601522595
cpu,MAFAULDA,end_to_end,Q8-cpu_dynamic,3,128,111.10191396437585
cpu,MAFAULDA,end_to_end,Q8-cpu_dynamic,3,129,111.00468499353155
cpu,MAFAULDA,end_to_end,Q8-cpu_dynamic,3,130,110.45371898217127
cpu,MAFAULDA,end_to_end,Q8-cpu_dynamic,3,131,110.7085999683477
cpu,MAFAULDA,end_to_end,Q8-cpu_dynamic,3,132,110.51149596460164
cpu,MAFAULDA,end_to_end,Q8-cpu_dynamic,3,133,110.43857602635399
cpu,MAFAULDA,end_to_end,Q8-cpu_dynamic,3,134,110.83688598591834
cpu,MAFAULDA,end_to_end,Q8-cpu_dynamic,3,135,110.36065605003387
cpu,MAFAULDA,end_to_end,Q8-cpu_dynamic,3,136,110.36329698981717
cpu,MAFAULDA,end_to_end,Q8-cpu_dynamic,3,137,110.45586003456265
cpu,MAFAULDA,end_to_end,Q8-cpu_dynamic,3,138,111.3560629892163
cpu,MAFAULDA,end_to_end,Q8-cpu_dynamic,3,139,110.9757840167731
cpu,MAFAULDA,end_to_end,Q8-cpu_dynamic,3,140,110.43127096490934
cpu,MAFAULDA,end_to_end,Q8-cpu_dynamic,3,141,109.2317050206475
cpu,MAFAULDA,end_to_end,Q8-cpu_dynamic,3,142,110.62022199621424
cpu,MAFAULDA,end_to_end,Q8-cpu_dynamic,3,143,111.03303398704156
cpu,MAFAULDA,end_to_end,Q8-cpu_dynamic,3,144,110.44410400791094
cpu,MAFAULDA,end_to_end,Q8-cpu_dynamic,3,145,110.72407598840073
cpu,MAFAULDA,end_to_end,Q8-cpu_dynamic,3,146,110.83572899224237
cpu,MAFAULDA,end_to_end,Q8-cpu_dynamic,3,147,110.87226198287681
cpu,MAFAULDA,end_to_end,Q8-cpu_dynamic,3,148,110.40543502895162
cpu,MAFAULDA,end_to_end,Q8-cpu_dynamic,3,149,109.70375302713364
cpu,MAFAULDA,end_to_end,Q8-cpu_dynamic,3,150,108.50534500787035
cpu,MAFAULDA,end_to_end,Q8-cpu_dynamic,3,151,112.41173796588555
cpu,MAFAULDA,end_to_end,Q8-cpu_dynamic,3,152,107.99630300607532
cpu,MAFAULDA,end_to_end,Q8-cpu_dynamic,3,153,113.24639100348577
cpu,MAFAULDA,end_to_end,Q8-cpu_dynamic,3,154,111.55932897236198
cpu,MAFAULDA,end_to_end,Q8-cpu_dynamic,3,155,111.42734601162374
cpu,MAFAULDA,end_to_end,Q8-cpu_dynamic,3,156,111.60084401490167
cpu,MAFAULDA,end_to_end,Q8-cpu_dynamic,3,157,111.65986495325342
cpu,MAFAULDA,end_to_end,Q8-cpu_dynamic,3,158,111.57644697232172
cpu,MAFAULDA,end_to_end,Q8-cpu_dynamic,3,159,111.11377400811762
cpu,MAFAULDA,end_to_end,Q8-cpu_dynamic,3,160,110.80835398752242
cpu,MAFAULDA,end_to_end,Q8-cpu_dynamic,3,161,109.51055499026552
cpu,MAFAULDA,end_to_end,Q8-cpu_dynamic,3,162,113.41388197615743
cpu,MAFAULDA,end_to_end,Q8-cpu_dynamic,3,163,111.2691979506053
cpu,MAFAULDA,end_to_end,Q8-cpu_dynamic,3,164,111.12511798273772
cpu,MAFAULDA,end_to_end,Q8-cpu_dynamic,3,165,110.40648899506778
cpu,MAFAULDA,end_to_end,Q8-cpu_dynamic,3,166,109.97607896570116
cpu,MAFAULDA,end_to_end,Q8-cpu_dynamic,3,167,110.17946200445294
cpu,MAFAULDA,end_to_end,Q8-cpu_dynamic,3,168,110.35049299243838
cpu,MAFAULDA,end_to_end,Q8-cpu_dynamic,3,169,110.34145497251302
cpu,MAFAULDA,end_to_end,Q8-cpu_dynamic,3,170,110.37068901350722
cpu,MAFAULDA,end_to_end,Q8-cpu_dynamic,3,171,110.09132099570706
cpu,MAFAULDA,end_to_end,Q8-cpu_dynamic,3,172,110.31805898528546
cpu,MAFAULDA,end_to_end,Q8-cpu_dynamic,3,173,110.605769965332
cpu,MAFAULDA,end_to_end,Q8-cpu_dynamic,3,174,110.664441017434
cpu,MAFAULDA,end_to_end,Q8-cpu_dynamic,3,175,110.55538099026307
cpu,MAFAULDA,end_to_end,Q8-cpu_dynamic,3,176,110.29403901193291
cpu,MAFAULDA,end_to_end,Q8-cpu_dynamic,3,177,109.28348201559857
cpu,MAFAULDA,end_to_end,Q8-cpu_dynamic,3,178,110.35662103677168
cpu,MAFAULDA,end_to_end,Q8-cpu_dynamic,3,179,110.43397302273661
cpu,MAFAULDA,end_to_end,Q8-cpu_dynamic,3,180,110.62157899141312
cpu,MAFAULDA,end_to_end,Q8-cpu_dynamic,3,181,110.28939101379365
cpu,MAFAULDA,end_to_end,Q8-cpu_dynamic,3,182,110.66863598534837
cpu,MAFAULDA,end_to_end,Q8-cpu_dynamic,3,183,110.44216901063919
cpu,MAFAULDA,end_to_end,Q8-cpu_dynamic,3,184,110.38416397059336
cpu,MAFAULDA,end_to_end,Q8-cpu_dynamic,3,185,110.23598001338542
cpu,MAFAULDA,end_to_end,Q8-cpu_dynamic,3,186,110.3636110201478
cpu,MAFAULDA,end_to_end,Q8-cpu_dynamic,3,187,110.12864904478192
cpu,MAFAULDA,end_to_end,Q8-cpu_dynamic,3,188,110.74127099709585
cpu,MAFAULDA,end_to_end,Q8-cpu_dynamic,3,189,110.35600304603577
cpu,MAFAULDA,end_to_end,Q8-cpu_dynamic,3,190,109.96885399799794
cpu,MAFAULDA,end_to_end,Q8-cpu_dynamic,3,191,110.3016390115954
cpu,MAFAULDA,end_to_end,Q8-cpu_dynamic,3,192,110.49055401235819
cpu,MAFAULDA,end_to_end,Q8-cpu_dynamic,3,193,110.38792302133515
cpu,MAFAULDA,end_to_end,Q8-cpu_dynamic,3,194,110.22859596414492
cpu,MAFAULDA,end_to_end,Q8-cpu_dynamic,3,195,110.15868303366005
cpu,MAFAULDA,end_to_end,Q8-cpu_dynamic,3,196,109.24093198264018
cpu,MAFAULDA,end_to_end,Q8-cpu_dynamic,3,197,110.27548497077078
cpu,MAFAULDA,end_to_end,Q8-cpu_dynamic,3,198,110.60335300862789
cpu,MAFAULDA,end_to_end,Q8-cpu_dynamic,3,199,110.54196301847696
cpu,MAFAULDA,end_to_end,Q8-cpu_dynamic,3,200,109.16546295629814
cpu,MAFAULDA,end_to_end,Q8-cpu_dynamic,3,201,99.91791797801852
cpu,MAFAULDA,end_to_end,Q8-cpu_dynamic,3,202,110.9837350086309
cpu,MAFAULDA,end_to_end,Q8-cpu_dynamic,3,203,108.57205599313602
cpu,MAFAULDA,end_to_end,Q8-cpu_dynamic,3,204,100.4074210068211
cpu,MAFAULDA,end_to_end,Q8-cpu_dynamic,3,205,110.86279398296028
cpu,MAFAULDA,end_to_end,Q8-cpu_dynamic,3,206,110.12620298424736
cpu,MAFAULDA,end_to_end,Q8-cpu_dynamic,3,207,110.54466402856633
cpu,MAFAULDA,end_to_end,Q8-cpu_dynamic,3,208,110.32961495220661
cpu,MAFAULDA,end_to_end,Q8-cpu_dynamic,3,209,110.59262597700581
cpu,MAFAULDA,end_to_end,Q8-cpu_dynamic,3,210,109.1722350101918
cpu,MAFAULDA,end_to_end,Q8-cpu_dynamic,3,211,103.74866495840251
cpu,MAFAULDA,end_to_end,Q8-cpu_dynamic,3,212,112.90203197859228
cpu,MAFAULDA,end_to_end,Q8-cpu_dynamic,3,213,109.23391400137916
cpu,MAFAULDA,end_to_end,Q8-cpu_dynamic,3,214,110.26935098925605
cpu,MAFAULDA,end_to_end,Q8-cpu_dynamic,3,215,108.42453100485727
cpu,MAFAULDA,end_to_end,Q8-cpu_dynamic,3,216,112.94208001345396
cpu,MAFAULDA,end_to_end,Q8-cpu_dynamic,3,217,109.43536000559106
cpu,MAFAULDA,end_to_end,Q8-cpu_dynamic,3,218,110.11536401929334
cpu,MAFAULDA,end_to_end,Q8-cpu_dynamic,3,219,110.70516699692234
cpu,MAFAULDA,end_to_end,Q8-cpu_dynamic,3,220,110.76002201298252
cpu,MAFAULDA,end_to_end,Q8-cpu_dynamic,3,221,110.51352601498365
cpu,MAFAULDA,end_to_end,Q8-cpu_dynamic,3,222,110.42664799606428
cpu,MAFAULDA,end_to_end,Q8-cpu_dynamic,3,223,110.20534799899906
cpu,MAFAULDA,end_to_end,Q8-cpu_dynamic,3,224,110.22276798030362
cpu,MAFAULDA,end_to_end,Q8-cpu_dynamic,3,225,110.62924301950261
cpu,MAFAULDA,end_to_end,Q8-cpu_dynamic,3,226,110.18042400246486
cpu,MAFAULDA,end_to_end,Q8-cpu_dynamic,3,227,110.74057401856408
cpu,MAFAULDA,end_to_end,Q8-cpu_dynamic,3,228,111.06685898266733
cpu,MAFAULDA,end_to_end,Q8-cpu_dynamic,3,229,110.61867699027061
cpu,MAFAULDA,end_to_end,Q8-cpu_dynamic,3,230,110.06670002825558
cpu,MAFAULDA,end_to_end,Q8-cpu_dynamic,3,231,110.17195601016283
cpu,MAFAULDA,end_to_end,Q8-cpu_dynamic,3,232,110.17162498319522
cpu,MAFAULDA,end_to_end,Q8-cpu_dynamic,3,233,108.44190401257947
cpu,MAFAULDA,end_to_end,Q8-cpu_dynamic,3,234,114.53066696412861
cpu,MAFAULDA,end_to_end,Q8-cpu_dynamic,3,235,110.24975799955428
cpu,MAFAULDA,end_to_end,Q8-cpu_dynamic,3,236,109.09676202572882
cpu,MAFAULDA,end_to_end,Q8-cpu_dynamic,3,237,108.88766404241323
cpu,MAFAULDA,end_to_end,Q8-cpu_dynamic,3,238,100.23295198334381
cpu,MAFAULDA,end_to_end,Q8-cpu_dynamic,3,239,110.85902602644637
cpu,MAFAULDA,end_to_end,Q8-cpu_dynamic,3,240,110.44086999027058
cpu,MAFAULDA,end_to_end,Q8-cpu_dynamic,3,241,110.09890801506117
cpu,MAFAULDA,end_to_end,Q8-cpu_dynamic,3,242,110.32709100982174
cpu,MAFAULDA,end_to_end,Q8-cpu_dynamic,3,243,108.56495698681101
cpu,MAFAULDA,end_to_end,Q8-cpu_dynamic,3,244,112.88346402579919
cpu,MAFAULDA,end_to_end,Q8-cpu_dynamic,3,245,110.45818496495485
cpu,MAFAULDA,end_to_end,Q8-cpu_dynamic,3,246,110.34060298698023
cpu,MAFAULDA,end_to_end,Q8-cpu_dynamic,3,247,108.71052800212055
cpu,MAFAULDA,end_to_end,Q8-cpu_dynamic,3,248,99.98965804697946
cpu,MAFAULDA,end_to_end,Q8-cpu_dynamic,3,249,111.09977797605097
cpu,MAFAULDA,end_to_end,K1-FP32,3,0,116.46318802377209
cpu,MAFAULDA,end_to_end,K1-FP32,3,1,116.84707901440561
cpu,MAFAULDA,end_to_end,K1-FP32,3,2,116.65672401431948
cpu,MAFAULDA,end_to_end,K1-FP32,3,3,116.43684195587412
cpu,MAFAULDA,end_to_end,K1-FP32,3,4,116.82140198536217
cpu,MAFAULDA,end_to_end,K1-FP32,3,5,117.83906898926944
cpu,MAFAULDA,end_to_end,K1-FP32,3,6,116.99798499466851
cpu,MAFAULDA,end_to_end,K1-FP32,3,7,117.4194139894098
cpu,MAFAULDA,end_to_end,K1-FP32,3,8,116.91676697228104
cpu,MAFAULDA,end_to_end,K1-FP32,3,9,117.09786299616098
cpu,MAFAULDA,end_to_end,K1-FP32,3,10,116.8082730146125
cpu,MAFAULDA,end_to_end,K1-FP32,3,11,117.13811702793464
cpu,MAFAULDA,end_to_end,K1-FP32,3,12,117.00944695621729
cpu,MAFAULDA,end_to_end,K1-FP32,3,13,116.7528840014711
cpu,MAFAULDA,end_to_end,K1-FP32,3,14,116.87518801772967
cpu,MAFAULDA,end_to_end,K1-FP32,3,15,116.2883079960011
cpu,MAFAULDA,end_to_end,K1-FP32,3,16,116.0565490135923
cpu,MAFAULDA,end_to_end,K1-FP32,3,17,114.9833929957822
cpu,MAFAULDA,end_to_end,K1-FP32,3,18,116.20311602018774
cpu,MAFAULDA,end_to_end,K1-FP32,3,19,116.06715398374945
cpu,MAFAULDA,end_to_end,K1-FP32,3,20,116.40867800451815
cpu,MAFAULDA,end_to_end,K1-FP32,3,21,115.9713200177066
cpu,MAFAULDA,end_to_end,K1-FP32,3,22,117.3760259989649
cpu,MAFAULDA,end_to_end,K1-FP32,3,23,117.50876100268215
cpu,MAFAULDA,end_to_end,K1-FP32,3,24,116.67141097132117
cpu,MAFAULDA,end_to_end,K1-FP32,3,25,117.1809840016067
cpu,MAFAULDA,end_to_end,K1-FP32,3,26,116.80038896156475
cpu,MAFAULDA,end_to_end,K1-FP32,3,27,116.91679595969617
cpu,MAFAULDA,end_to_end,K1-FP32,3,28,117.73946997709572
cpu,MAFAULDA,end_to_end,K1-FP32,3,29,116.66139599401504
cpu,MAFAULDA,end_to_end,K1-FP32,3,30,116.68529099551961
cpu,MAFAULDA,end_to_end,K1-FP32,3,31,117.03506502090022
cpu,MAFAULDA,end_to_end,K1-FP32,3,32,117.32906301040202
cpu,MAFAULDA,end_to_end,K1-FP32,3,33,115.93317304505035
cpu,MAFAULDA,end_to_end,K1-FP32,3,34,116.78999796276912
cpu,MAFAULDA,end_to_end,K1-FP32,3,35,116.93314905278385
cpu,MAFAULDA,end_to_end,K1-FP32,3,36,116.84435396455228
cpu,MAFAULDA,end_to_end,K1-FP32,3,37,117.00198601465672
cpu,MAFAULDA,end_to_end,K1-FP32,3,38,116.9354310259223
cpu,MAFAULDA,end_to_end,K1-FP32,3,39,117.60737997246906
cpu,MAFAULDA,end_to_end,K1-FP32,3,40,117.12966696359217
cpu,MAFAULDA,end_to_end,K1-FP32,3,41,117.32437898172066
cpu,MAFAULDA,end_to_end,K1-FP32,3,42,116.97987600928172
cpu,MAFAULDA,end_to_end,K1-FP32,3,43,116.93725199438632
cpu,MAFAULDA,end_to_end,K1-FP32,3,44,116.91082100151107
cpu,MAFAULDA,end_to_end,K1-FP32,3,45,117.40481399465352
cpu,MAFAULDA,end_to_end,K1-FP32,3,46,116.3239519810304
cpu,MAFAULDA,end_to_end,K1-FP32,3,47,116.92513903835788
cpu,MAFAULDA,end_to_end,K1-FP32,3,48,117.11611598730087
cpu,MAFAULDA,end_to_end,K1-FP32,3,49,116.99218297144398
cpu,MAFAULDA,end_to_end,K1-FP32,3,50,118.12449799617752
cpu,MAFAULDA,end_to_end,K1-FP32,3,51,116.97445501340553
cpu,MAFAULDA,end_to_end,K1-FP32,3,52,116.74058402422816
cpu,MAFAULDA,end_to_end,K1-FP32,3,53,116.85724195558578
cpu,MAFAULDA,end_to_end,K1-FP32,3,54,117.49831901397556
cpu,MAFAULDA,end_to_end,K1-FP32,3,55,116.7755450005643
cpu,MAFAULDA,end_to_end,K1-FP32,3,56,117.59668501326814
cpu,MAFAULDA,end_to_end,K1-FP32,3,57,117.26726801134646
cpu,MAFAULDA,end_to_end,K1-FP32,3,58,117.37734399503097
cpu,MAFAULDA,end_to_end,K1-FP32,3,59,117.04951000865549
cpu,MAFAULDA,end_to_end,K1-FP32,3,60,117.46879300335422
cpu,MAFAULDA,end_to_end,K1-FP32,3,61,118.36053797742352
cpu,MAFAULDA,end_to_end,K1-FP32,3,62,116.32047599414364
cpu,MAFAULDA,end_to_end,K1-FP32,3,63,117.33043595449999
cpu,MAFAULDA,end_to_end,K1-FP32,3,64,117.18951200600713
cpu,MAFAULDA,end_to_end,K1-FP32,3,65,117.12566000642255
cpu,MAFAULDA,end_to_end,K1-FP32,3,66,116.5642729611136
cpu,MAFAULDA,end_to_end,K1-FP32,3,67,117.50216700602323
cpu,MAFAULDA,end_to_end,K1-FP32,3,68,115.88197498349473
cpu,MAFAULDA,end_to_end,K1-FP32,3,69,117.04053496941924
cpu,MAFAULDA,end_to_end,K1-FP32,3,70,118.00513503840193
cpu,MAFAULDA,end_to_end,K1-FP32,3,71,117.92084603803232
cpu,MAFAULDA,end_to_end,K1-FP32,3,72,117.25543800275773
cpu,MAFAULDA,end_to_end,K1-FP32,3,73,118.85065300157294
cpu,MAFAULDA,end_to_end,K1-FP32,3,74,117.49537999276072
cpu,MAFAULDA,end_to_end,K1-FP32,3,75,117.41102102678269
cpu,MAFAULDA,end_to_end,K1-FP32,3,76,117.19926801742986
cpu,MAFAULDA,end_to_end,K1-FP32,3,77,116.99062498519197
cpu,MAFAULDA,end_to_end,K1-FP32,3,78,116.90704897046089
cpu,MAFAULDA,end_to_end,K1-FP32,3,79,116.80274695390835
cpu,MAFAULDA,end_to_end,K1-FP32,3,80,116.16924399277195
cpu,MAFAULDA,end_to_end,K1-FP32,3,81,117.089327017311
cpu,MAFAULDA,end_to_end,K1-FP32,3,82,117.24156700074673
cpu,MAFAULDA,end_to_end,K1-FP32,3,83,117.28630500147119
cpu,MAFAULDA,end_to_end,K1-FP32,3,84,115.93680898658931
cpu,MAFAULDA,end_to_end,K1-FP32,3,85,116.80347699439153
cpu,MAFAULDA,end_to_end,K1-FP32,3,86,116.99636100092903
cpu,MAFAULDA,end_to_end,K1-FP32,3,87,117.11285298224539
cpu,MAFAULDA,end_to_end,K1-FP32,3,88,117.24377499194816
cpu,MAFAULDA,end_to_end,K1-FP32,3,89,117.01609595911577
cpu,MAFAULDA,end_to_end,K1-FP32,3,90,117.24907899042591
cpu,MAFAULDA,end_to_end,K1-FP32,3,91,116.80073698516935
cpu,MAFAULDA,end_to_end,K1-FP32,3,92,116.16103397682309
cpu,MAFAULDA,end_to_end,K1-FP32,3,93,116.79932900005952
cpu,MAFAULDA,end_to_end,K1-FP32,3,94,116.06699094409123
cpu,MAFAULDA,end_to_end,K1-FP32,3,95,116.81190499803051
cpu,MAFAULDA,end_to_end,K1-FP32,3,96,116.83327396167442
cpu,MAFAULDA,end_to_end,K1-FP32,3,97,116.90462601836771
cpu,MAFAULDA,end_to_end,K1-FP32,3,98,116.96545104496181
cpu,MAFAULDA,end_to_end,K1-FP32,3,99,117.52556398278102
cpu,MAFAULDA,end_to_end,K1-FP32,3,100,117.36832599854097
cpu,MAFAULDA,end_to_end,K1-FP32,3,101,117.02966096345335
cpu,MAFAULDA,end_to_end,K1-FP32,3,102,117.29878600453958
cpu,MAFAULDA,end_to_end,K1-FP32,3,103,117.06456396495923
cpu,MAFAULDA,end_to_end,K1-FP32,3,104,117.16141895158216
cpu,MAFAULDA,end_to_end,K1-FP32,3,105,115.90654199244455
cpu,MAFAULDA,end_to_end,K1-FP32,3,106,117.10182996466756
cpu,MAFAULDA,end_to_end,K1-FP32,3,107,117.25009698420763
cpu,MAFAULDA,end_to_end,K1-FP32,3,108,118.57100803172216
cpu,MAFAULDA,end_to_end,K1-FP32,3,109,117.23081598756835
cpu,MAFAULDA,end_to_end,K1-FP32,3,110,116.28730199299753
cpu,MAFAULDA,end_to_end,K1-FP32,3,111,116.80923600215465
cpu,MAFAULDA,end_to_end,K1-FP32,3,112,117.09065601462498
cpu,MAFAULDA,end_to_end,K1-FP32,3,113,117.5747630186379
cpu,MAFAULDA,end_to_end,K1-FP32,3,114,117.096706002485
cpu,MAFAULDA,end_to_end,K1-FP32,3,115,117.08055500639603
cpu,MAFAULDA,end_to_end,K1-FP32,3,116,117.78328398941085
cpu,MAFAULDA,end_to_end,K1-FP32,3,117,117.12184199132025
cpu,MAFAULDA,end_to_end,K1-FP32,3,118,113.89723600586876
cpu,MAFAULDA,end_to_end,K1-FP32,3,119,113.90443402342498
cpu,MAFAULDA,end_to_end,K1-FP32,3,120,113.74126700684428
cpu,MAFAULDA,end_to_end,K1-FP32,3,121,114.03714097104967
cpu,MAFAULDA,end_to_end,K1-FP32,3,122,113.37894998723641
cpu,MAFAULDA,end_to_end,K1-FP32,3,123,113.97787899477407
cpu,MAFAULDA,end_to_end,K1-FP32,3,124,113.88767801690847
cpu,MAFAULDA,end_to_end,K1-FP32,3,125,114.08986698370427
cpu,MAFAULDA,end_to_end,K1-FP32,3,126,114.16333302622661
cpu,MAFAULDA,end_to_end,K1-FP32,3,127,114.25143299857154
cpu,MAFAULDA,end_to_end,K1-FP32,3,128,114.01514004683122
cpu,MAFAULDA,end_to_end,K1-FP32,3,129,113.9103330206126
cpu,MAFAULDA,end_to_end,K1-FP32,3,130,113.84105199249461
cpu,MAFAULDA,end_to_end,K1-FP32,3,131,113.63803001586348
cpu,MAFAULDA,end_to_end,K1-FP32,3,132,114.02669601375237
cpu,MAFAULDA,end_to_end,K1-FP32,3,133,113.94535098224878
cpu,MAFAULDA,end_to_end,K1-FP32,3,134,114.12972904508933
cpu,MAFAULDA,end_to_end,K1-FP32,3,135,113.38520998833701
cpu,MAFAULDA,end_to_end,K1-FP32,3,136,113.91484399791807
cpu,MAFAULDA,end_to_end,K1-FP32,3,137,114.0441739698872
cpu,MAFAULDA,end_to_end,K1-FP32,3,138,113.9767220010981
cpu,MAFAULDA,end_to_end,K1-FP32,3,139,113.30148100387305
cpu,MAFAULDA,end_to_end,K1-FP32,3,140,114.17910200543702
cpu,MAFAULDA,end_to_end,K1-FP32,3,141,113.94403694430366
cpu,MAFAULDA,end_to_end,K1-FP32,3,142,114.12769398884848
cpu,MAFAULDA,end_to_end,K1-FP32,3,143,114.2328159767203
cpu,MAFAULDA,end_to_end,K1-FP32,3,144,113.8628909830004
cpu,MAFAULDA,end_to_end,K1-FP32,3,145,114.40940602915362
cpu,MAFAULDA,end_to_end,K1-FP32,3,146,114.22986898105592
cpu,MAFAULDA,end_to_end,K1-FP32,3,147,114.35514996992424
cpu,MAFAULDA,end_to_end,K1-FP32,3,148,114.36539399437606
cpu,MAFAULDA,end_to_end,K1-FP32,3,149,114.5837900112383
cpu,MAFAULDA,end_to_end,K1-FP32,3,150,114.03405596502125
cpu,MAFAULDA,end_to_end,K1-FP32,3,151,114.1940540401265
cpu,MAFAULDA,end_to_end,K1-FP32,3,152,114.55911997472867
cpu,MAFAULDA,end_to_end,K1-FP32,3,153,114.39008900197223
cpu,MAFAULDA,end_to_end,K1-FP32,3,154,114.3997089820914
cpu,MAFAULDA,end_to_end,K1-FP32,3,155,114.1831330023706
cpu,MAFAULDA,end_to_end,K1-FP32,3,156,114.17590198107064
cpu,MAFAULDA,end_to_end,K1-FP32,3,157,114.63667498901486
cpu,MAFAULDA,end_to_end,K1-FP32,3,158,114.37412101076916
cpu,MAFAULDA,end_to_end,K1-FP32,3,159,114.47401903569698
cpu,MAFAULDA,end_to_end,K1-FP32,3,160,114.75020699435845
cpu,MAFAULDA,end_to_end,K1-FP32,3,161,114.47248404147103
cpu,MAFAULDA,end_to_end,K1-FP32,3,162,114.35304401675239
cpu,MAFAULDA,end_to_end,K1-FP32,3,163,114.33863401180133
cpu,MAFAULDA,end_to_end,K1-FP32,3,164,114.53704402083531
cpu,MAFAULDA,end_to_end,K1-FP32,3,165,114.39735197927803
cpu,MAFAULDA,end_to_end,K1-FP32,3,166,114.3075290019624
cpu,MAFAULDA,end_to_end,K1-FP32,3,167,113.6254119919613
cpu,MAFAULDA,end_to_end,K1-FP32,3,168,113.95573598565534
cpu,MAFAULDA,end_to_end,K1-FP32,3,169,114.39601395977661
cpu,MAFAULDA,end_to_end,K1-FP32,3,170,115.08126300759614
cpu,MAFAULDA,end_to_end,K1-FP32,3,171,114.37452997779474
cpu,MAFAULDA,end_to_end,K1-FP32,3,172,114.46979700122029
cpu,MAFAULDA,end_to_end,K1-FP32,3,173,114.12683397065848
cpu,MAFAULDA,end_to_end,K1-FP32,3,174,115.24489795556292
cpu,MAFAULDA,end_to_end,K1-FP32,3,175,114.09062996972352
cpu,MAFAULDA,end_to_end,K1-FP32,3,176,114.47719699935988
cpu,MAFAULDA,end_to_end,K1-FP32,3,177,114.85076602548361
cpu,MAFAULDA,end_to_end,K1-FP32,3,178,114.93906599935144
cpu,MAFAULDA,end_to_end,K1-FP32,3,179,114.55570702673867
cpu,MAFAULDA,end_to_end,K1-FP32,3,180,115.86442199768499
cpu,MAFAULDA,end_to_end,K1-FP32,3,181,114.53425895888358
cpu,MAFAULDA,end_to_end,K1-FP32,3,182,114.71794999670237
cpu,MAFAULDA,end_to_end,K1-FP32,3,183,114.79820701060817
cpu,MAFAULDA,end_to_end,K1-FP32,3,184,115.12986902380362
cpu,MAFAULDA,end_to_end,K1-FP32,3,185,115.09122001007199
cpu,MAFAULDA,end_to_end,K1-FP32,3,186,115.29434699332342
cpu,MAFAULDA,end_to_end,K1-FP32,3,187,115.28860998805612
cpu,MAFAULDA,end_to_end,K1-FP32,3,188,115.11246400186792
cpu,MAFAULDA,end_to_end,K1-FP32,3,189,114.9216810008511
cpu,MAFAULDA,end_to_end,K1-FP32,3,190,114.52676099725068
cpu,MAFAULDA,end_to_end,K1-FP32,3,191,114.97403599787503
cpu,MAFAULDA,end_to_end,K1-FP32,3,192,114.86755800433457
cpu,MAFAULDA,end_to_end,K1-FP32,3,193,115.1930849882774
cpu,MAFAULDA,end_to_end,K1-FP32,3,194,115.28445599833503
cpu,MAFAULDA,end_to_end,K1-FP32,3,195,115.16771599417552
cpu,MAFAULDA,end_to_end,K1-FP32,3,196,115.1432259939611
cpu,MAFAULDA,end_to_end,K1-FP32,3,197,114.64599904138595
cpu,MAFAULDA,end_to_end,K1-FP32,3,198,114.78056199848652
cpu,MAFAULDA,end_to_end,K1-FP32,3,199,113.9845959842205
cpu,MAFAULDA,end_to_end,K1-FP32,3,200,115.11400801828131
cpu,MAFAULDA,end_to_end,K1-FP32,3,201,115.34060898702592
cpu,MAFAULDA,end_to_end,K1-FP32,3,202,115.25590700330213
cpu,MAFAULDA,end_to_end,K1-FP32,3,203,115.49367196857929
cpu,MAFAULDA,end_to_end,K1-FP32,3,204,114.52495597768575
cpu,MAFAULDA,end_to_end,K1-FP32,3,205,114.72475697519258
cpu,MAFAULDA,end_to_end,K1-FP32,3,206,114.84896496403962
cpu,MAFAULDA,end_to_end,K1-FP32,3,207,114.8087769979611
cpu,MAFAULDA,end_to_end,K1-FP32,3,208,114.75183203583583
cpu,MAFAULDA,end_to_end,K1-FP32,3,209,114.71138597698882
cpu,MAFAULDA,end_to_end,K1-FP32,3,210,115.07136700674891
cpu,MAFAULDA,end_to_end,K1-FP32,3,211,114.88847399596125
cpu,MAFAULDA,end_to_end,K1-FP32,3,212,115.23513501742855
cpu,MAFAULDA,end_to_end,K1-FP32,3,213,114.99147501308471
cpu,MAFAULDA,end_to_end,K1-FP32,3,214,115.06656697019935
cpu,MAFAULDA,end_to_end,K1-FP32,3,215,114.64500398142263
cpu,MAFAULDA,end_to_end,K1-FP32,3,216,115.12462300015613
cpu,MAFAULDA,end_to_end,K1-FP32,3,217,114.83272002078593
cpu,MAFAULDA,end_to_end,K1-FP32,3,218,115.02185399876907
cpu,MAFAULDA,end_to_end,K1-FP32,3,219,114.74870902020484
cpu,MAFAULDA,end_to_end,K1-FP32,3,220,115.19281298387796
cpu,MAFAULDA,end_to_end,K1-FP32,3,221,115.41554902214557
cpu,MAFAULDA,end_to_end,K1-FP32,3,222,115.44014699757099
cpu,MAFAULDA,end_to_end,K1-FP32,3,223,116.10891704913229
cpu,MAFAULDA,end_to_end,K1-FP32,3,224,114.25427300855517
cpu,MAFAULDA,end_to_end,K1-FP32,3,225,114.8681630147621
cpu,MAFAULDA,end_to_end,K1-FP32,3,226,115.18120398977771
cpu,MAFAULDA,end_to_end,K1-FP32,3,227,114.49108802480623
cpu,MAFAULDA,end_to_end,K1-FP32,3,228,115.50900497240946
cpu,MAFAULDA,end_to_end,K1-FP32,3,229,115.5646350234747
cpu,MAFAULDA,end_to_end,K1-FP32,3,230,113.5676940320991
cpu,MAFAULDA,end_to_end,K1-FP32,3,231,101.78103600628674
cpu,MAFAULDA,end_to_end,K1-FP32,3,232,102.54164499929175
cpu,MAFAULDA,end_to_end,K1-FP32,3,233,102.81973599921912
cpu,MAFAULDA,end_to_end,K1-FP32,3,234,102.78974199900404
cpu,MAFAULDA,end_to_end,K1-FP32,3,235,102.57331602042541
cpu,MAFAULDA,end_to_end,K1-FP32,3,236,102.78740100329742
cpu,MAFAULDA,end_to_end,K1-FP32,3,237,102.65250399243087
cpu,MAFAULDA,end_to_end,K1-FP32,3,238,102.78080200077966
cpu,MAFAULDA,end_to_end,K1-FP32,3,239,103.11150702182204
cpu,MAFAULDA,end_to_end,K1-FP32,3,240,103.05899102240801
cpu,MAFAULDA,end_to_end,K1-FP32,3,241,102.7577740023844
cpu,MAFAULDA,end_to_end,K1-FP32,3,242,102.5908769806847
cpu,MAFAULDA,end_to_end,K1-FP32,3,243,101.48811497492716
cpu,MAFAULDA,end_to_end,K1-FP32,3,244,102.688406012021
cpu,MAFAULDA,end_to_end,K1-FP32,3,245,101.90400702413172
cpu,MAFAULDA,end_to_end,K1-FP32,3,246,102.19226201297715
cpu,MAFAULDA,end_to_end,K1-FP32,3,247,102.82328200992197
cpu,MAFAULDA,end_to_end,K1-FP32,3,248,101.53328400338069
cpu,MAFAULDA,end_to_end,K1-FP32,3,249,103.10461302287877
