device,dataset,scope,family,inference_mode,round,iteration,latency_ms
cpu,CWRU,model_only,Full-S1,True,0,0,20.30293399002403
cpu,CWRU,model_only,Full-S1,True,0,1,20.069406018592417
cpu,CWRU,model_only,Full-S1,True,0,2,19.852550991345197
cpu,CWRU,model_only,Full-S1,True,0,3,19.831715966574848
cpu,CWRU,model_only,Full-S1,True,0,4,19.78030300233513
cpu,CWRU,model_only,Full-S1,True,0,5,19.716472015716136
cpu,CWRU,model_only,Full-S1,True,0,6,19.926268025301397
cpu,CWRU,model_only,Full-S1,True,0,7,19.77563602849841
cpu,CWRU,model_only,Full-S1,True,0,8,20.449297968298197
cpu,CWRU,model_only,Full-S1,True,0,9,21.13557100528851
cpu,CWRU,model_only,Full-S1,True,0,10,21.502037008758634
cpu,CWRU,model_only,Full-S1,True,0,11,20.717761013656855
cpu,CWRU,model_only,Full-S1,True,0,12,20.285876002162695
cpu,CWRU,model_only,Full-S1,True,0,13,20.370504003949463
cpu,CWRU,model_only,Full-S1,True,0,14,19.899443024769425
cpu,CWRU,model_only,Full-S1,True,0,15,20.02433896996081
cpu,CWRU,model_only,Full-S1,True,0,16,20.036378991790116
cpu,CWRU,model_only,Full-S1,True,0,17,19.873222976457328
cpu,CWRU,model_only,Full-S1,True,0,18,19.831022014841437
cpu,CWRU,model_only,Full-S1,True,0,19,19.814301980659366
cpu,CWRU,model_only,Full-S1,True,0,20,19.727885955944657
cpu,CWRU,model_only,Full-S1,True,0,21,19.739064970053732
cpu,CWRU,model_only,Full-S1,True,0,22,19.792643026448786
cpu,CWRU,model_only,Full-S1,True,0,23,19.73781402921304
cpu,CWRU,model_only,Full-S1,True,0,24,19.768661994021386
cpu,CWRU,model_only,Full-S1,True,0,25,19.79188498808071
cpu,CWRU,model_only,Full-S1,True,0,26,19.732718006707728
cpu,CWRU,model_only,Full-S1,True,0,27,19.75673803826794
cpu,CWRU,model_only,Full-S1,True,0,28,19.731910026166588
cpu,CWRU,model_only,Full-S1,True,0,29,19.955778028815985
cpu,CWRU,model_only,Full-S1,True,0,30,19.761304021812975
cpu,CWRU,model_only,Full-S1,True,0,31,19.787971046753228
cpu,CWRU,model_only,Full-S1,True,0,32,19.690482004079968
cpu,CWRU,model_only,Full-S1,True,0,33,19.82758700614795
cpu,CWRU,model_only,Full-S1,True,0,34,19.76111700059846
cpu,CWRU,model_only,Full-S1,True,0,35,19.892693031579256
cpu,CWRU,model_only,Full-S1,True,0,36,19.762656011153013
cpu,CWRU,model_only,Full-S1,True,0,37,19.675810995977372
cpu,CWRU,model_only,Full-S1,True,0,38,19.702091987710446
cpu,CWRU,model_only,Full-S1,True,0,39,19.6578610339202
cpu,CWRU,model_only,Full-S1,True,0,40,19.80696397367865
cpu,CWRU,model_only,Full-S1,True,0,41,19.771166960708797
cpu,CWRU,model_only,Full-S1,True,0,42,19.98257596278563
cpu,CWRU,model_only,Full-S1,True,0,43,19.73509299568832
cpu,CWRU,model_only,Full-S1,True,0,44,20.375314983539283
cpu,CWRU,model_only,Full-S1,True,0,45,20.34377196105197
cpu,CWRU,model_only,Full-S1,True,0,46,19.962713995482773
cpu,CWRU,model_only,Full-S1,True,0,47,20.095802028663456
cpu,CWRU,model_only,Full-S1,True,0,48,19.808101991657168
cpu,CWRU,model_only,Full-S1,True,0,49,19.737792026717216
cpu,CWRU,model_only,Full-S1,True,0,50,20.482662017457187
cpu,CWRU,model_only,Full-S1,True,0,51,20.006637030746788
cpu,CWRU,model_only,Full-S1,True,0,52,19.83547495910898
cpu,CWRU,model_only,Full-S1,True,0,53,19.6979739703238
cpu,CWRU,model_only,Full-S1,True,0,54,19.749847997445613
cpu,CWRU,model_only,Full-S1,True,0,55,19.79347795713693
cpu,CWRU,model_only,Full-S1,True,0,56,19.943846971727908
cpu,CWRU,model_only,Full-S1,True,0,57,19.779578025918454
cpu,CWRU,model_only,Full-S1,True,0,58,19.755735993385315
cpu,CWRU,model_only,Full-S1,True,0,59,19.708870036993176
cpu,CWRU,model_only,Full-S1,True,0,60,19.721759017556906
cpu,CWRU,model_only,Full-S1,True,0,61,19.819258013740182
cpu,CWRU,model_only,Full-S1,True,0,62,19.740805961191654
cpu,CWRU,model_only,Full-S1,True,0,63,19.877618993632495
cpu,CWRU,model_only,Full-S1,True,0,64,19.776250002905726
cpu,CWRU,model_only,Full-S1,True,0,65,19.75525595480576
cpu,CWRU,model_only,Full-S1,True,0,66,19.7391280089505
cpu,CWRU,model_only,Full-S1,True,0,67,20.108537981286645
cpu,CWRU,model_only,Full-S1,True,0,68,19.969285000115633
cpu,CWRU,model_only,Full-S1,True,0,69,19.80266295140609
cpu,CWRU,model_only,Full-S1,True,0,70,19.75352200679481
cpu,CWRU,model_only,Full-S1,True,0,71,20.104508032090962
cpu,CWRU,model_only,Full-S1,True,0,72,19.975177012383938
cpu,CWRU,model_only,Full-S1,True,0,73,20.004163030534983
cpu,CWRU,model_only,Full-S1,True,0,74,19.919648009818047
cpu,CWRU,model_only,Full-S1,True,0,75,19.777018984314054
cpu,CWRU,model_only,Full-S1,True,0,76,19.912448013201356
cpu,CWRU,model_only,Full-S1,True,0,77,19.74345196504146
cpu,CWRU,model_only,Full-S1,True,0,78,19.72112897783518
cpu,CWRU,model_only,Full-S1,True,0,79,19.785606011282653
cpu,CWRU,model_only,Full-S1,True,0,80,19.76526598446071
cpu,CWRU,model_only,Full-S1,True,0,81,19.753705011680722
cpu,CWRU,model_only,Full-S1,True,0,82,19.775069958996028
cpu,CWRU,model_only,Full-S1,True,0,83,19.671104033477604
cpu,CWRU,model_only,Full-S1,True,0,84,19.839482032693923
cpu,CWRU,model_only,Full-S1,True,0,85,19.896353012882173
cpu,CWRU,model_only,Full-S1,True,0,86,19.91272997111082
cpu,CWRU,model_only,Full-S1,True,0,87,19.882738997694105
cpu,CWRU,model_only,Full-S1,True,0,88,19.822211004793644
cpu,CWRU,model_only,Full-S1,True,0,89,19.731439999304712
cpu,CWRU,model_only,Full-S1,True,0,90,19.804266979917884
cpu,CWRU,model_only,Full-S1,True,0,91,19.74428299581632
cpu,CWRU,model_only,Full-S1,True,0,92,19.744091026950628
cpu,CWRU,model_only,Full-S1,True,0,93,19.742585020139813
cpu,CWRU,model_only,Full-S1,True,0,94,20.87287401081994
cpu,CWRU,model_only,Full-S1,True,0,95,21.41890296479687
cpu,CWRU,model_only,Full-S1,True,0,96,20.18218400189653
cpu,CWRU,model_only,Full-S1,True,0,97,20.35662595881149
cpu,CWRU,model_only,Full-S1,True,0,98,19.82421800494194
cpu,CWRU,model_only,Full-S1,True,0,99,19.797830027528107
cpu,CWRU,model_only,Full-S1,True,0,100,19.920054997783154
cpu,CWRU,model_only,Full-S1,True,0,101,20.51412098808214
cpu,CWRU,model_only,Full-S1,True,0,102,19.831577024888247
cpu,CWRU,model_only,Full-S1,True,0,103,19.807846983894706
cpu,CWRU,model_only,Full-S1,True,0,104,19.764632976148278
cpu,CWRU,model_only,Full-S1,True,0,105,19.726262951735407
cpu,CWRU,model_only,Full-S1,True,0,106,19.752370018977672
cpu,CWRU,model_only,Full-S1,True,0,107,19.69732198631391
cpu,CWRU,model_only,Full-S1,True,0,108,19.84656904824078
cpu,CWRU,model_only,Full-S1,True,0,109,19.77733598323539
cpu,CWRU,model_only,Full-S1,True,0,110,19.76537104928866
cpu,CWRU,model_only,Full-S1,True,0,111,19.808368990197778
cpu,CWRU,model_only,Full-S1,True,0,112,19.741899974178523
cpu,CWRU,model_only,Full-S1,True,0,113,19.79469700017944
cpu,CWRU,model_only,Full-S1,True,0,114,19.797660992480814
cpu,CWRU,model_only,Full-S1,True,0,115,19.727345963474363
cpu,CWRU,model_only,Full-S1,True,0,116,19.71972902538255
cpu,CWRU,model_only,Full-S1,True,0,117,19.77139199152589
cpu,CWRU,model_only,Full-S1,True,0,118,19.7058969642967
cpu,CWRU,model_only,Full-S1,True,0,119,19.75168497301638
cpu,CWRU,model_only,Full-S1,True,0,120,19.781982991844416
cpu,CWRU,model_only,Full-S1,True,0,121,19.817030988633633
cpu,CWRU,model_only,Full-S1,True,0,122,19.776000001002103
cpu,CWRU,model_only,Full-S1,True,0,123,19.760989991482347
cpu,CWRU,model_only,Full-S1,True,0,124,19.74708802299574
cpu,CWRU,model_only,Full-S1,True,0,125,19.780078961048275
cpu,CWRU,model_only,Full-S1,True,0,126,19.82448104536161
cpu,CWRU,model_only,Full-S1,True,0,127,19.744994991924614
cpu,CWRU,model_only,Full-S1,True,0,128,19.758120994083583
cpu,CWRU,model_only,Full-S1,True,0,129,19.794180989265442
cpu,CWRU,model_only,Full-S1,True,0,130,19.691349007189274
cpu,CWRU,model_only,Full-S1,True,0,131,19.775797030888498
cpu,CWRU,model_only,Full-S1,True,0,132,19.784962001722306
cpu,CWRU,model_only,Full-S1,True,0,133,19.696770992595702
cpu,CWRU,model_only,Full-S1,True,0,134,19.755782035645097
cpu,CWRU,model_only,Full-S1,True,0,135,19.726865051779896
cpu,CWRU,model_only,Full-S1,True,0,136,19.950151967350394
cpu,CWRU,model_only,Full-S1,True,0,137,19.741511961910874
cpu,CWRU,model_only,Full-S1,True,0,138,19.784973992500454
cpu,CWRU,model_only,Full-S1,True,0,139,19.78420396335423
cpu,CWRU,model_only,Full-S1,True,0,140,19.738011003937572
cpu,CWRU,model_only,Full-S1,True,0,141,19.80480400379747
cpu,CWRU,model_only,Full-S1,True,0,142,19.816180982161313
cpu,CWRU,model_only,Full-S1,True,0,143,19.777477951720357
cpu,CWRU,model_only,Full-S1,True,0,144,19.991996989119798
cpu,CWRU,model_only,Full-S1,True,0,145,20.25019796565175
cpu,CWRU,model_only,Full-S1,True,0,146,20.079337991774082
cpu,CWRU,model_only,Full-S1,True,0,147,19.996037997771055
cpu,CWRU,model_only,Full-S1,True,0,148,19.83746199402958
cpu,CWRU,model_only,Full-S1,True,0,149,19.774726999457926
cpu,CWRU,model_only,Full-S1,True,0,150,19.86624300479889
cpu,CWRU,model_only,Full-S1,True,0,151,20.122715970501304
cpu,CWRU,model_only,Full-S1,True,0,152,19.774441025219858
cpu,CWRU,model_only,Full-S1,True,0,153,19.7743609896861
cpu,CWRU,model_only,Full-S1,True,0,154,19.932726980187
cpu,CWRU,model_only,Full-S1,True,0,155,19.7547179996036
cpu,CWRU,model_only,Full-S1,True,0,156,19.73638398339972
cpu,CWRU,model_only,Full-S1,True,0,157,19.744186953175813
cpu,CWRU,model_only,Full-S1,True,0,158,19.855219055898488
cpu,CWRU,model_only,Full-S1,True,0,159,19.873782992362976
cpu,CWRU,model_only,Full-S1,True,0,160,19.78502399288118
cpu,CWRU,model_only,Full-S1,True,0,161,19.781465991400182
cpu,CWRU,model_only,Full-S1,True,0,162,19.803125003818423
cpu,CWRU,model_only,Full-S1,True,0,163,19.740335003007203
cpu,CWRU,model_only,Full-S1,True,0,164,19.74152203183621
cpu,CWRU,model_only,Full-S1,True,0,165,19.975239993073046
cpu,CWRU,model_only,Full-S1,True,0,166,19.78529099142179
cpu,CWRU,model_only,Full-S1,True,0,167,19.729986030142754
cpu,CWRU,model_only,Full-S1,True,0,168,19.75684496574104
cpu,CWRU,model_only,Full-S1,True,0,169,19.716377020813525
cpu,CWRU,model_only,Full-S1,True,0,170,19.769478996749967
cpu,CWRU,model_only,Full-S1,True,0,171,19.77876399178058
cpu,CWRU,model_only,Full-S1,True,0,172,19.708255014847964
cpu,CWRU,model_only,Full-S1,True,0,173,19.917420984711498
cpu,CWRU,model_only,Full-S1,True,0,174,19.790874037425965
cpu,CWRU,model_only,Full-S1,True,0,175,19.746506994124502
cpu,CWRU,model_only,Full-S1,True,0,176,19.918937992770225
cpu,CWRU,model_only,Full-S1,True,0,177,19.859939988236874
cpu,CWRU,model_only,Full-S1,True,0,178,19.779800029937178
cpu,CWRU,model_only,Full-S1,True,0,179,19.741222029551864
cpu,CWRU,model_only,Full-S1,True,0,180,19.7267759940587
cpu,CWRU,model_only,Full-S1,True,0,181,19.74013401195407
cpu,CWRU,model_only,Full-S1,True,0,182,19.731548032723367
cpu,CWRU,model_only,Full-S1,True,0,183,19.720109994523227
cpu,CWRU,model_only,Full-S1,True,0,184,19.72788100829348
cpu,CWRU,model_only,Full-S1,True,0,185,19.8830229928717
cpu,CWRU,model_only,Full-S1,True,0,186,19.77037504548207
cpu,CWRU,model_only,Full-S1,True,0,187,19.778615969698876
cpu,CWRU,model_only,Full-S1,True,0,188,19.856632978189737
cpu,CWRU,model_only,Full-S1,True,0,189,19.907419045921415
cpu,CWRU,model_only,Full-S1,True,0,190,19.756674009840935
cpu,CWRU,model_only,Full-S1,True,0,191,19.718350027687848
cpu,CWRU,model_only,Full-S1,True,0,192,19.852738012559712
cpu,CWRU,model_only,Full-S1,True,0,193,19.886104972101748
cpu,CWRU,model_only,Full-S1,True,0,194,19.73878499120474
cpu,CWRU,model_only,Full-S1,True,0,195,20.241393998730928
cpu,CWRU,model_only,Full-S1,True,0,196,19.8862649849616
cpu,CWRU,model_only,Full-S1,True,0,197,19.903119013179094
cpu,CWRU,model_only,Full-S1,True,0,198,19.974088005255908
cpu,CWRU,model_only,Full-S1,True,0,199,19.784206000622362
cpu,CWRU,model_only,Full-S1,True,0,200,19.771846011281013
cpu,CWRU,model_only,Full-S1,True,0,201,19.849471980705857
cpu,CWRU,model_only,Full-S1,True,0,202,19.940505037084222
cpu,CWRU,model_only,Full-S1,True,0,203,19.778465968556702
cpu,CWRU,model_only,Full-S1,True,0,204,19.89320502616465
cpu,CWRU,model_only,Full-S1,True,0,205,19.754131964873523
cpu,CWRU,model_only,Full-S1,True,0,206,19.68963199760765
cpu,CWRU,model_only,Full-S1,True,0,207,19.815048959571868
cpu,CWRU,model_only,Full-S1,True,0,208,19.771570980083197
cpu,CWRU,model_only,Full-S1,True,0,209,19.911421986762434
cpu,CWRU,model_only,Full-S1,True,0,210,19.857577979564667
cpu,CWRU,model_only,Full-S1,True,0,211,19.72286804812029
cpu,CWRU,model_only,Full-S1,True,0,212,19.736631016712636
cpu,CWRU,model_only,Full-S1,True,0,213,19.777008041273803
cpu,CWRU,model_only,Full-S1,True,0,214,19.745786034036428
cpu,CWRU,model_only,Full-S1,True,0,215,19.97388299787417
cpu,CWRU,model_only,Full-S1,True,0,216,19.892058975528926
cpu,CWRU,model_only,Full-S1,True,0,217,19.787459983490407
cpu,CWRU,model_only,Full-S1,True,0,218,19.785622018389404
cpu,CWRU,model_only,Full-S1,True,0,219,19.792270031757653
cpu,CWRU,model_only,Full-S1,True,0,220,19.786758988630027
cpu,CWRU,model_only,Full-S1,True,0,221,19.729036022908986
cpu,CWRU,model_only,Full-S1,True,0,222,19.843299000058323
cpu,CWRU,model_only,Full-S1,True,0,223,19.79991898406297
cpu,CWRU,model_only,Full-S1,True,0,224,19.70246504060924
cpu,CWRU,model_only,Full-S1,True,0,225,19.825078023131937
cpu,CWRU,model_only,Full-S1,True,0,226,19.692593021318316
cpu,CWRU,model_only,Full-S1,True,0,227,19.935905002057552
cpu,CWRU,model_only,Full-S1,True,0,228,19.77969496510923
cpu,CWRU,model_only,Full-S1,True,0,229,19.82227701228112
cpu,CWRU,model_only,Full-S1,True,0,230,19.736172980628908
cpu,CWRU,model_only,Full-S1,True,0,231,19.730200991034508
cpu,CWRU,model_only,Full-S1,True,0,232,20.10247902944684
cpu,CWRU,model_only,Full-S1,True,0,233,19.900251005310565
cpu,CWRU,model_only,Full-S1,True,0,234,19.797069020569324
cpu,CWRU,model_only,Full-S1,True,0,235,19.917410041671246
cpu,CWRU,model_only,Full-S1,True,0,236,19.798933004494756
cpu,CWRU,model_only,Full-S1,True,0,237,19.736742950044572
cpu,CWRU,model_only,Full-S1,True,0,238,19.877423997968435
cpu,CWRU,model_only,Full-S1,True,0,239,19.906732020899653
cpu,CWRU,model_only,Full-S1,True,0,240,19.8598179849796
cpu,CWRU,model_only,Full-S1,True,0,241,19.78804502869025
cpu,CWRU,model_only,Full-S1,True,0,242,19.79712100001052
cpu,CWRU,model_only,Full-S1,True,0,243,19.870457996148616
cpu,CWRU,model_only,Full-S1,True,0,244,19.86313401721418
cpu,CWRU,model_only,Full-S1,True,0,245,20.339688984677196
cpu,CWRU,model_only,Full-S1,True,0,246,20.07015101844445
cpu,CWRU,model_only,Full-S1,True,0,247,19.899912003893405
cpu,CWRU,model_only,Full-S1,True,0,248,19.81346501270309
cpu,CWRU,model_only,Full-S1,True,0,249,19.890689000021666
cpu,CWRU,model_only,K1,True,0,0,10.743073944468051
cpu,CWRU,model_only,K1,True,0,1,10.672359028831124
cpu,CWRU,model_only,K1,True,0,2,10.594608029350638
cpu,CWRU,model_only,K1,True,0,3,10.644468013197184
cpu,CWRU,model_only,K1,True,0,4,10.574776970315725
cpu,CWRU,model_only,K1,True,0,5,10.7390460325405
cpu,CWRU,model_only,K1,True,0,6,10.516214009840041
cpu,CWRU,model_only,K1,True,0,7,10.4693109751679
cpu,CWRU,model_only,K1,True,0,8,10.671855008695275
cpu,CWRU,model_only,K1,True,0,9,10.58149803429842
cpu,CWRU,model_only,K1,True,0,10,10.504767997190356
cpu,CWRU,model_only,K1,True,0,11,10.528839018661529
cpu,CWRU,model_only,K1,True,0,12,10.510731022804976
cpu,CWRU,model_only,K1,True,0,13,10.506422026082873
cpu,CWRU,model_only,K1,True,0,14,10.55919798091054
cpu,CWRU,model_only,K1,True,0,15,10.52635902306065
cpu,CWRU,model_only,K1,True,0,16,10.478109994437546
cpu,CWRU,model_only,K1,True,0,17,10.530035011470318
cpu,CWRU,model_only,K1,True,0,18,10.489997977856547
cpu,CWRU,model_only,K1,True,0,19,10.502814955543727
cpu,CWRU,model_only,K1,True,0,20,10.573264968115836
cpu,CWRU,model_only,K1,True,0,21,10.532588989008218
cpu,CWRU,model_only,K1,True,0,22,10.49040595535189
cpu,CWRU,model_only,K1,True,0,23,10.527267004363239
cpu,CWRU,model_only,K1,True,0,24,10.514194960705936
cpu,CWRU,model_only,K1,True,0,25,10.550439008511603
cpu,CWRU,model_only,K1,True,0,26,10.528646991588175
cpu,CWRU,model_only,K1,True,0,27,10.528941988013685
cpu,CWRU,model_only,K1,True,0,28,10.489729000255466
cpu,CWRU,model_only,K1,True,0,29,10.507151018828154
cpu,CWRU,model_only,K1,True,0,30,10.65703498898074
cpu,CWRU,model_only,K1,True,0,31,10.662076994776726
cpu,CWRU,model_only,K1,True,0,32,10.552608000580221
cpu,CWRU,model_only,K1,True,0,33,10.543311946094036
cpu,CWRU,model_only,K1,True,0,34,10.497845010831952
cpu,CWRU,model_only,K1,True,0,35,10.481121018528938
cpu,CWRU,model_only,K1,True,0,36,10.543890995904803
cpu,CWRU,model_only,K1,True,0,37,10.529797000344843
cpu,CWRU,model_only,K1,True,0,38,10.504478996153921
cpu,CWRU,model_only,K1,True,0,39,10.49706496996805
cpu,CWRU,model_only,K1,True,0,40,10.493404988665134
cpu,CWRU,model_only,K1,True,0,41,10.518582013901323
cpu,CWRU,model_only,K1,True,0,42,10.595688014291227
cpu,CWRU,model_only,K1,True,0,43,10.532465006690472
cpu,CWRU,model_only,K1,True,0,44,10.498427029233426
cpu,CWRU,model_only,K1,True,0,45,10.508713021408767
cpu,CWRU,model_only,K1,True,0,46,10.520933952648193
cpu,CWRU,model_only,K1,True,0,47,10.486739978659898
cpu,CWRU,model_only,K1,True,0,48,10.588015022221953
cpu,CWRU,model_only,K1,True,0,49,10.501115000806749
cpu,CWRU,model_only,K1,True,0,50,10.480133001692593
cpu,CWRU,model_only,K1,True,0,51,10.769205982796848
cpu,CWRU,model_only,K1,True,0,52,10.571781022008508
cpu,CWRU,model_only,K1,True,0,53,10.538337053731084
cpu,CWRU,model_only,K1,True,0,54,10.482649027835578
cpu,CWRU,model_only,K1,True,0,55,10.486307961400598
cpu,CWRU,model_only,K1,True,0,56,10.499821975827217
cpu,CWRU,model_only,K1,True,0,57,10.542082018218935
cpu,CWRU,model_only,K1,True,0,58,10.529123013839126
cpu,CWRU,model_only,K1,True,0,59,10.521048970986158
cpu,CWRU,model_only,K1,True,0,60,10.511211003176868
cpu,CWRU,model_only,K1,True,0,61,10.494540038052946
cpu,CWRU,model_only,K1,True,0,62,10.50671300617978
cpu,CWRU,model_only,K1,True,0,63,10.582643968518823
cpu,CWRU,model_only,K1,True,0,64,10.560324997641146
cpu,CWRU,model_only,K1,True,0,65,10.486338986083865
cpu,CWRU,model_only,K1,True,0,66,10.550958046223968
cpu,CWRU,model_only,K1,True,0,67,10.547784972004592
cpu,CWRU,model_only,K1,True,0,68,10.49710001097992
cpu,CWRU,model_only,K1,True,0,69,10.470748995430768
cpu,CWRU,model_only,K1,True,0,70,10.541011986788362
cpu,CWRU,model_only,K1,True,0,71,10.524164012167603
cpu,CWRU,model_only,K1,True,0,72,10.559036978520453
cpu,CWRU,model_only,K1,True,0,73,10.560208989772946
cpu,CWRU,model_only,K1,True,0,74,10.519649018533528
cpu,CWRU,model_only,K1,True,0,75,10.547893994953483
cpu,CWRU,model_only,K1,True,0,76,10.63276402419433
cpu,CWRU,model_only,K1,True,0,77,10.491636989172548
cpu,CWRU,model_only,K1,True,0,78,10.546983045060188
cpu,CWRU,model_only,K1,True,0,79,10.491547000128776
cpu,CWRU,model_only,K1,True,0,80,10.522748052608222
cpu,CWRU,model_only,K1,True,0,81,10.591842990834266
cpu,CWRU,model_only,K1,True,0,82,10.523479955736548
cpu,CWRU,model_only,K1,True,0,83,10.548071004450321
cpu,CWRU,model_only,K1,True,0,84,10.567358986008912
cpu,CWRU,model_only,K1,True,0,85,10.668418020941317
cpu,CWRU,model_only,K1,True,0,86,10.786651982925832
cpu,CWRU,model_only,K1,True,0,87,10.818031965754926
cpu,CWRU,model_only,K1,True,0,88,10.558914043940604
cpu,CWRU,model_only,K1,True,0,89,10.54416102124378
cpu,CWRU,model_only,K1,True,0,90,10.498943971469998
cpu,CWRU,model_only,K1,True,0,91,10.487706982530653
cpu,CWRU,model_only,K1,True,0,92,10.541755997110158
cpu,CWRU,model_only,K1,True,0,93,10.521635005716234
cpu,CWRU,model_only,K1,True,0,94,10.688139009289443
cpu,CWRU,model_only,K1,True,0,95,10.5145979905501
cpu,CWRU,model_only,K1,True,0,96,10.545145021751523
cpu,CWRU,model_only,K1,True,0,97,10.602065012790263
cpu,CWRU,model_only,K1,True,0,98,11.179040011484176
cpu,CWRU,model_only,K1,True,0,99,10.735790012404323
cpu,CWRU,model_only,K1,True,0,100,10.797239956445992
cpu,CWRU,model_only,K1,True,0,101,10.57244895491749
cpu,CWRU,model_only,K1,True,0,102,10.489362990483642
cpu,CWRU,model_only,K1,True,0,103,10.504902980756015
cpu,CWRU,model_only,K1,True,0,104,10.503911005798727
cpu,CWRU,model_only,K1,True,0,105,10.514196008443832
cpu,CWRU,model_only,K1,True,0,106,10.625554947182536
cpu,CWRU,model_only,K1,True,0,107,10.61328302603215
cpu,CWRU,model_only,K1,True,0,108,10.514613008126616
cpu,CWRU,model_only,K1,True,0,109,10.567728022579104
cpu,CWRU,model_only,K1,True,0,110,10.499233030714095
cpu,CWRU,model_only,K1,True,0,111,10.520109033677727
cpu,CWRU,model_only,K1,True,0,112,10.485203994903713
cpu,CWRU,model_only,K1,True,0,113,10.517332004383206
cpu,CWRU,model_only,K1,True,0,114,10.560617025475949
cpu,CWRU,model_only,K1,True,0,115,10.562152019701898
cpu,CWRU,model_only,K1,True,0,116,10.51426399499178
cpu,CWRU,model_only,K1,True,0,117,10.512588021811098
cpu,CWRU,model_only,K1,True,0,118,10.5367960059084
cpu,CWRU,model_only,K1,True,0,119,10.500602016691118
cpu,CWRU,model_only,K1,True,0,120,10.586892953142524
cpu,CWRU,model_only,K1,True,0,121,10.512392967939377
cpu,CWRU,model_only,K1,True,0,122,10.522230004426092
cpu,CWRU,model_only,K1,True,0,123,10.493404988665134
cpu,CWRU,model_only,K1,True,0,124,10.584186005871743
cpu,CWRU,model_only,K1,True,0,125,10.500951029825956
cpu,CWRU,model_only,K1,True,0,126,10.499841999262571
cpu,CWRU,model_only,K1,True,0,127,10.60887100175023
cpu,CWRU,model_only,K1,True,0,128,10.529645951464772
cpu,CWRU,model_only,K1,True,0,129,10.513424989767373
cpu,CWRU,model_only,K1,True,0,130,10.541861993260682
cpu,CWRU,model_only,K1,True,0,131,10.636967024765909
cpu,CWRU,model_only,K1,True,0,132,10.527612001169473
cpu,CWRU,model_only,K1,True,0,133,10.534291970543563
cpu,CWRU,model_only,K1,True,0,134,10.516439971979707
cpu,CWRU,model_only,K1,True,0,135,10.51212300080806
cpu,CWRU,model_only,K1,True,0,136,10.581478010863066
cpu,CWRU,model_only,K1,True,0,137,10.55787195218727
cpu,CWRU,model_only,K1,True,0,138,10.51509496755898
cpu,CWRU,model_only,K1,True,0,139,10.521869990043342
cpu,CWRU,model_only,K1,True,0,140,10.527306993026286
cpu,CWRU,model_only,K1,True,0,141,10.51270798780024
cpu,CWRU,model_only,K1,True,0,142,10.479362041223794
cpu,CWRU,model_only,K1,True,0,143,10.504617996048182
cpu,CWRU,model_only,K1,True,0,144,10.52553195040673
cpu,CWRU,model_only,K1,True,0,145,10.505315964110196
cpu,CWRU,model_only,K1,True,0,146,10.532343003433198
cpu,CWRU,model_only,K1,True,0,147,10.493738984223455
cpu,CWRU,model_only,K1,True,0,148,10.615609993692487
cpu,CWRU,model_only,K1,True,0,149,10.517649992834777
cpu,CWRU,model_only,K1,True,0,150,10.516202019061893
cpu,CWRU,model_only,K1,True,0,151,10.504284990020096
cpu,CWRU,model_only,K1,True,0,152,10.515630012378097
cpu,CWRU,model_only,K1,True,0,153,10.498579009436071
cpu,CWRU,model_only,K1,True,0,154,10.52547199651599
cpu,CWRU,model_only,K1,True,0,155,10.525515011977404
cpu,CWRU,model_only,K1,True,0,156,10.480125027243048
cpu,CWRU,model_only,K1,True,0,157,10.537884023506194
cpu,CWRU,model_only,K1,True,0,158,10.476085997652262
cpu,CWRU,model_only,K1,True,0,159,10.526964033488184
cpu,CWRU,model_only,K1,True,0,160,10.514412948396057
cpu,CWRU,model_only,K1,True,0,161,10.475496004801244
cpu,CWRU,model_only,K1,True,0,162,10.52013598382473
cpu,CWRU,model_only,K1,True,0,163,10.528394021093845
cpu,CWRU,model_only,K1,True,0,164,10.545814002398401
cpu,CWRU,model_only,K1,True,0,165,10.513573011849076
cpu,CWRU,model_only,K1,True,0,166,10.509882005862892
cpu,CWRU,model_only,K1,True,0,167,10.52936800988391
cpu,CWRU,model_only,K1,True,0,168,10.510955995414406
cpu,CWRU,model_only,K1,True,0,169,10.488837026059628
cpu,CWRU,model_only,K1,True,0,170,10.615964012686163
cpu,CWRU,model_only,K1,True,0,171,10.540288989432156
cpu,CWRU,model_only,K1,True,0,172,10.523865988943726
cpu,CWRU,model_only,K1,True,0,173,10.52699499996379
cpu,CWRU,model_only,K1,True,0,174,10.518333001527935
cpu,CWRU,model_only,K1,True,0,175,10.540513030719012
cpu,CWRU,model_only,K1,True,0,176,10.528014041483402
cpu,CWRU,model_only,K1,True,0,177,10.496344009879977
cpu,CWRU,model_only,K1,True,0,178,10.504767997190356
cpu,CWRU,model_only,K1,True,0,179,10.56754495948553
cpu,CWRU,model_only,K1,True,0,180,10.542037955019623
cpu,CWRU,model_only,K1,True,0,181,10.90326497796923
cpu,CWRU,model_only,K1,True,0,182,11.267872003372759
cpu,CWRU,model_only,K1,True,0,183,11.015643016435206
cpu,CWRU,model_only,K1,True,0,184,10.581035981886089
cpu,CWRU,model_only,K1,True,0,185,10.559464048128575
cpu,CWRU,model_only,K1,True,0,186,10.499886004254222
cpu,CWRU,model_only,K1,True,0,187,10.531010979320854
cpu,CWRU,model_only,K1,True,0,188,10.505203972570598
cpu,CWRU,model_only,K1,True,0,189,10.489144013263285
cpu,CWRU,model_only,K1,True,0,190,10.5018739704974
cpu,CWRU,model_only,K1,True,0,191,10.708211979363114
cpu,CWRU,model_only,K1,True,0,192,10.575830994639546
cpu,CWRU,model_only,K1,True,0,193,10.515601024962962
cpu,CWRU,model_only,K1,True,0,194,10.515665984712541
cpu,CWRU,model_only,K1,True,0,195,10.675425990484655
cpu,CWRU,model_only,K1,True,0,196,10.54803200531751
cpu,CWRU,model_only,K1,True,0,197,10.52900799550116
cpu,CWRU,model_only,K1,True,0,198,10.547747951932251
cpu,CWRU,model_only,K1,True,0,199,10.499656025785953
cpu,CWRU,model_only,K1,True,0,200,10.560631984844804
cpu,CWRU,model_only,K1,True,0,201,10.505880985874683
cpu,CWRU,model_only,K1,True,0,202,10.548130027018487
cpu,CWRU,model_only,K1,True,0,203,10.512822947930545
cpu,CWRU,model_only,K1,True,0,204,10.509497951716185
cpu,CWRU,model_only,K1,True,0,205,10.52667194744572
cpu,CWRU,model_only,K1,True,0,206,10.523552948143333
cpu,CWRU,model_only,K1,True,0,207,10.5198830133304
cpu,CWRU,model_only,K1,True,0,208,10.483038960956037
cpu,CWRU,model_only,K1,True,0,209,10.577599983662367
cpu,CWRU,model_only,K1,True,0,210,10.54375700186938
cpu,CWRU,model_only,K1,True,0,211,10.502121993340552
cpu,CWRU,model_only,K1,True,0,212,10.5427679955028
cpu,CWRU,model_only,K1,True,0,213,10.544319986365736
cpu,CWRU,model_only,K1,True,0,214,10.55773301050067
cpu,CWRU,model_only,K1,True,0,215,10.526867001317441
cpu,CWRU,model_only,K1,True,0,216,10.531787993386388
cpu,CWRU,model_only,K1,True,0,217,10.524915007408708
cpu,CWRU,model_only,K1,True,0,218,10.492058005183935
cpu,CWRU,model_only,K1,True,0,219,10.507166967727244
cpu,CWRU,model_only,K1,True,0,220,10.528104030527174
cpu,CWRU,model_only,K1,True,0,221,10.615134029649198
cpu,CWRU,model_only,K1,True,0,222,10.660364001523703
cpu,CWRU,model_only,K1,True,0,223,10.53432299522683
cpu,CWRU,model_only,K1,True,0,224,10.526269034016877
cpu,CWRU,model_only,K1,True,0,225,10.520406009163707
cpu,CWRU,model_only,K1,True,0,226,10.540626011788845
cpu,CWRU,model_only,K1,True,0,227,10.459428012836725
cpu,CWRU,model_only,K1,True,0,228,10.5078230262734
cpu,CWRU,model_only,K1,True,0,229,10.50561002921313
cpu,CWRU,model_only,K1,True,0,230,10.501278971787542
cpu,CWRU,model_only,K1,True,0,231,10.551073995884508
cpu,CWRU,model_only,K1,True,0,232,10.7385260052979
cpu,CWRU,model_only,K1,True,0,233,10.506760969292372
cpu,CWRU,model_only,K1,True,0,234,10.512601002119482
cpu,CWRU,model_only,K1,True,0,235,10.544318007305264
cpu,CWRU,model_only,K1,True,0,236,10.516012029256672
cpu,CWRU,model_only,K1,True,0,237,10.503690980840474
cpu,CWRU,model_only,K1,True,0,238,10.4856810066849
cpu,CWRU,model_only,K1,True,0,239,10.513561021070927
cpu,CWRU,model_only,K1,True,0,240,10.534857981838286
cpu,CWRU,model_only,K1,True,0,241,10.492565983440727
cpu,CWRU,model_only,K1,True,0,242,10.497825045604259
cpu,CWRU,model_only,K1,True,0,243,10.557678004261106
cpu,CWRU,model_only,K1,True,0,244,10.552839026786387
cpu,CWRU,model_only,K1,True,0,245,10.538469010498375
cpu,CWRU,model_only,K1,True,0,246,10.51109895342961
cpu,CWRU,model_only,K1,True,0,247,10.53410698659718
cpu,CWRU,model_only,K1,True,0,248,10.506803984753788
cpu,CWRU,model_only,K1,True,0,249,10.530058003496379
cpu,CWRU,model_only,K1,True,1,0,10.51127299433574
cpu,CWRU,model_only,K1,True,1,1,10.512463981285691
cpu,CWRU,model_only,K1,True,1,2,10.546136007178575
cpu,CWRU,model_only,K1,True,1,3,10.492135013919324
cpu,CWRU,model_only,K1,True,1,4,10.55986899882555
cpu,CWRU,model_only,K1,True,1,5,10.521349031478167
cpu,CWRU,model_only,K1,True,1,6,10.53046400193125
cpu,CWRU,model_only,K1,True,1,7,10.50790399312973
cpu,CWRU,model_only,K1,True,1,8,10.508600971661508
cpu,CWRU,model_only,K1,True,1,9,10.509715997613966
cpu,CWRU,model_only,K1,True,1,10,10.525343008339405
cpu,CWRU,model_only,K1,True,1,11,10.525130957830697
cpu,CWRU,model_only,K1,True,1,12,10.508843988645822
cpu,CWRU,model_only,K1,True,1,13,10.510858963243663
cpu,CWRU,model_only,K1,True,1,14,10.604406998027116
cpu,CWRU,model_only,K1,True,1,15,10.984678054228425
cpu,CWRU,model_only,K1,True,1,16,11.000905011314899
cpu,CWRU,model_only,K1,True,1,17,11.199837957974523
cpu,CWRU,model_only,K1,True,1,18,11.15663896780461
cpu,CWRU,model_only,K1,True,1,19,10.79709897749126
cpu,CWRU,model_only,K1,True,1,20,10.70118200732395
cpu,CWRU,model_only,K1,True,1,21,10.587962984573096
cpu,CWRU,model_only,K1,True,1,22,10.585693991743028
cpu,CWRU,model_only,K1,True,1,23,10.685466055292636
cpu,CWRU,model_only,K1,True,1,24,10.544317017775029
cpu,CWRU,model_only,K1,True,1,25,10.529474006034434
cpu,CWRU,model_only,K1,True,1,26,11.14986400352791
cpu,CWRU,model_only,K1,True,1,27,10.804785997606814
cpu,CWRU,model_only,K1,True,1,28,10.591637983452529
cpu,CWRU,model_only,K1,True,1,29,10.574897052720189
cpu,CWRU,model_only,K1,True,1,30,10.716462973505259
cpu,CWRU,model_only,K1,True,1,31,10.574407991953194
cpu,CWRU,model_only,K1,True,1,32,10.516475012991577
cpu,CWRU,model_only,K1,True,1,33,10.496927017811686
cpu,CWRU,model_only,K1,True,1,34,10.530764993745834
cpu,CWRU,model_only,K1,True,1,35,10.502327000722289
cpu,CWRU,model_only,K1,True,1,36,10.698997997678816
cpu,CWRU,model_only,K1,True,1,37,10.56773099116981
cpu,CWRU,model_only,K1,True,1,38,10.51664404803887
cpu,CWRU,model_only,K1,True,1,39,10.667961032595485
cpu,CWRU,model_only,K1,True,1,40,10.673698969185352
cpu,CWRU,model_only,K1,True,1,41,10.534783999901265
cpu,CWRU,model_only,K1,True,1,42,10.51475602434948
cpu,CWRU,model_only,K1,True,1,43,10.558854963164777
cpu,CWRU,model_only,K1,True,1,44,10.546321980655193
cpu,CWRU,model_only,K1,True,1,45,10.63811604399234
cpu,CWRU,model_only,K1,True,1,46,10.495112976059318
cpu,CWRU,model_only,K1,True,1,47,10.50898601533845
cpu,CWRU,model_only,K1,True,1,48,10.557008034083992
cpu,CWRU,model_only,K1,True,1,49,10.507365048397332
cpu,CWRU,model_only,K1,True,1,50,10.498470044694841
cpu,CWRU,model_only,K1,True,1,51,10.515747009776533
cpu,CWRU,model_only,K1,True,1,52,10.48134604934603
cpu,CWRU,model_only,K1,True,1,53,10.503505007363856
cpu,CWRU,model_only,K1,True,1,54,10.47480502165854
cpu,CWRU,model_only,K1,True,1,55,10.545697994530201
cpu,CWRU,model_only,K1,True,1,56,10.534764965996146
cpu,CWRU,model_only,K1,True,1,57,10.524031007662416
cpu,CWRU,model_only,K1,True,1,58,10.548922989983112
cpu,CWRU,model_only,K1,True,1,59,10.540437011513859
cpu,CWRU,model_only,K1,True,1,60,10.53994899848476
cpu,CWRU,model_only,K1,True,1,61,10.524224024266005
cpu,CWRU,model_only,K1,True,1,62,10.515396017581224
cpu,CWRU,model_only,K1,True,1,63,10.540693008806556
cpu,CWRU,model_only,K1,True,1,64,10.527834005188197
cpu,CWRU,model_only,K1,True,1,65,10.517122049350291
cpu,CWRU,model_only,K1,True,1,66,10.580919042695314
cpu,CWRU,model_only,K1,True,1,67,10.547362035140395
cpu,CWRU,model_only,K1,True,1,68,10.585008014459163
cpu,CWRU,model_only,K1,True,1,69,10.509047016967088
cpu,CWRU,model_only,K1,True,1,70,10.522352997213602
cpu,CWRU,model_only,K1,True,1,71,10.500191012397408
cpu,CWRU,model_only,K1,True,1,72,10.514976980630308
cpu,CWRU,model_only,K1,True,1,73,10.5616360087879
cpu,CWRU,model_only,K1,True,1,74,10.49073797184974
cpu,CWRU,model_only,K1,True,1,75,10.499545955099165
cpu,CWRU,model_only,K1,True,1,76,10.448063956573606
cpu,CWRU,model_only,K1,True,1,77,10.507870989385992
cpu,CWRU,model_only,K1,True,1,78,10.584951960481703
cpu,CWRU,model_only,K1,True,1,79,10.501517972443253
cpu,CWRU,model_only,K1,True,1,80,10.59378799982369
cpu,CWRU,model_only,K1,True,1,81,10.518333001527935
cpu,CWRU,model_only,K1,True,1,82,10.479950986336917
cpu,CWRU,model_only,K1,True,1,83,10.518356983084232
cpu,CWRU,model_only,K1,True,1,84,10.498663992621005
cpu,CWRU,model_only,K1,True,1,85,10.531540960073471
cpu,CWRU,model_only,K1,True,1,86,10.494880960322917
cpu,CWRU,model_only,K1,True,1,87,10.54276997456327
cpu,CWRU,model_only,K1,True,1,88,10.53750200662762
cpu,CWRU,model_only,K1,True,1,89,10.52568800514564
cpu,CWRU,model_only,K1,True,1,90,10.52796997828409
cpu,CWRU,model_only,K1,True,1,91,10.50250802654773
cpu,CWRU,model_only,K1,True,1,92,10.827147052623332
cpu,CWRU,model_only,K1,True,1,93,10.554004984442145
cpu,CWRU,model_only,K1,True,1,94,10.50550298532471
cpu,CWRU,model_only,K1,True,1,95,10.525428981054574
cpu,CWRU,model_only,K1,True,1,96,10.539829032495618
cpu,CWRU,model_only,K1,True,1,97,10.501140030100942
cpu,CWRU,model_only,K1,True,1,98,10.506052989512682
cpu,CWRU,model_only,K1,True,1,99,10.536224988754839
cpu,CWRU,model_only,K1,True,1,100,10.52629598416388
cpu,CWRU,model_only,K1,True,1,101,10.550511011388153
cpu,CWRU,model_only,K1,True,1,102,10.737475007772446
cpu,CWRU,model_only,K1,True,1,103,10.569744976237416
cpu,CWRU,model_only,K1,True,1,104,10.50194603158161
cpu,CWRU,model_only,K1,True,1,105,10.546767967753112
cpu,CWRU,model_only,K1,True,1,106,10.585570998955518
cpu,CWRU,model_only,K1,True,1,107,10.486117971595377
cpu,CWRU,model_only,K1,True,1,108,10.524371988140047
cpu,CWRU,model_only,K1,True,1,109,10.611723992042243
cpu,CWRU,model_only,K1,True,1,110,10.552502993959934
cpu,CWRU,model_only,K1,True,1,111,10.496584989596158
cpu,CWRU,model_only,K1,True,1,112,10.541963041760027
cpu,CWRU,model_only,K1,True,1,113,10.535581037402153
cpu,CWRU,model_only,K1,True,1,114,10.528028011322021
cpu,CWRU,model_only,K1,True,1,115,10.511801985558122
cpu,CWRU,model_only,K1,True,1,116,10.495319031178951
cpu,CWRU,model_only,K1,True,1,117,10.548355989158154
cpu,CWRU,model_only,K1,True,1,118,10.548821999691427
cpu,CWRU,model_only,K1,True,1,119,10.534577013459057
cpu,CWRU,model_only,K1,True,1,120,10.6254150159657
cpu,CWRU,model_only,K1,True,1,121,10.912099038250744
cpu,CWRU,model_only,K1,True,1,122,10.621958994306624
cpu,CWRU,model_only,K1,True,1,123,10.594088991638273
cpu,CWRU,model_only,K1,True,1,124,10.506110033020377
cpu,CWRU,model_only,K1,True,1,125,10.512924985960126
cpu,CWRU,model_only,K1,True,1,126,10.503396042622626
cpu,CWRU,model_only,K1,True,1,127,10.542976029682904
cpu,CWRU,model_only,K1,True,1,128,10.494065994862467
cpu,CWRU,model_only,K1,True,1,129,10.502422985155135
cpu,CWRU,model_only,K1,True,1,130,10.606500960420817
cpu,CWRU,model_only,K1,True,1,131,10.518677008803934
cpu,CWRU,model_only,K1,True,1,132,10.53011795738712
cpu,CWRU,model_only,K1,True,1,133,10.511140979360789
cpu,CWRU,model_only,K1,True,1,134,10.520100011490285
cpu,CWRU,model_only,K1,True,1,135,10.686126013752073
cpu,CWRU,model_only,K1,True,1,136,10.502073972020298
cpu,CWRU,model_only,K1,True,1,137,10.528638027608395
cpu,CWRU,model_only,K1,True,1,138,10.501823970116675
cpu,CWRU,model_only,K1,True,1,139,10.532030020840466
cpu,CWRU,model_only,K1,True,1,140,10.514831985346973
cpu,CWRU,model_only,K1,True,1,141,10.572170955128968
cpu,CWRU,model_only,K1,True,1,142,10.570574959274381
cpu,CWRU,model_only,K1,True,1,143,10.636746999807656
cpu,CWRU,model_only,K1,True,1,144,10.54341800045222
cpu,CWRU,model_only,K1,True,1,145,10.531092004384845
cpu,CWRU,model_only,K1,True,1,146,10.502146964427084
cpu,CWRU,model_only,K1,True,1,147,10.546492994762957
cpu,CWRU,model_only,K1,True,1,148,10.53233101265505
cpu,CWRU,model_only,K1,True,1,149,10.525582008995116
cpu,CWRU,model_only,K1,True,1,150,10.511591040994972
cpu,CWRU,model_only,K1,True,1,151,10.497083014342934
cpu,CWRU,model_only,K1,True,1,152,10.578111978247762
cpu,CWRU,model_only,K1,True,1,153,10.621263994835317
cpu,CWRU,model_only,K1,True,1,154,10.707979963626713
cpu,CWRU,model_only,K1,True,1,155,11.274182994384319
cpu,CWRU,model_only,K1,True,1,156,11.543544998858124
cpu,CWRU,model_only,K1,True,1,157,11.584005027543753
cpu,CWRU,model_only,K1,True,1,158,11.458572989795357
cpu,CWRU,model_only,K1,True,1,159,11.586887005250901
cpu,CWRU,model_only,K1,True,1,160,11.511569959111512
cpu,CWRU,model_only,K1,True,1,161,11.04287599446252
cpu,CWRU,model_only,K1,True,1,162,10.842001007404178
cpu,CWRU,model_only,K1,True,1,163,10.608332988340408
cpu,CWRU,model_only,K1,True,1,164,10.552712017670274
cpu,CWRU,model_only,K1,True,1,165,10.587149008642882
cpu,CWRU,model_only,K1,True,1,166,10.545769997406751
cpu,CWRU,model_only,K1,True,1,167,10.561559989582747
cpu,CWRU,model_only,K1,True,1,168,10.724583000410348
cpu,CWRU,model_only,K1,True,1,169,10.768517036922276
cpu,CWRU,model_only,K1,True,1,170,11.18594902800396
cpu,CWRU,model_only,K1,True,1,171,10.688930982723832
cpu,CWRU,model_only,K1,True,1,172,10.64767298521474
cpu,CWRU,model_only,K1,True,1,173,10.504183010198176
cpu,CWRU,model_only,K1,True,1,174,10.55367902154103
cpu,CWRU,model_only,K1,True,1,175,10.517284972593188
cpu,CWRU,model_only,K1,True,1,176,10.53649204550311
cpu,CWRU,model_only,K1,True,1,177,10.536309971939772
cpu,CWRU,model_only,K1,True,1,178,10.528424987569451
cpu,CWRU,model_only,K1,True,1,179,10.564994008745998
cpu,CWRU,model_only,K1,True,1,180,10.521944030188024
cpu,CWRU,model_only,K1,True,1,181,10.504872014280409
cpu,CWRU,model_only,K1,True,1,182,10.554874956142157
cpu,CWRU,model_only,K1,True,1,183,10.650519980117679
cpu,CWRU,model_only,K1,True,1,184,10.586664022412151
cpu,CWRU,model_only,K1,True,1,185,10.539268958382308
cpu,CWRU,model_only,K1,True,1,186,10.53381897509098
cpu,CWRU,model_only,K1,True,1,187,10.502455988898873
cpu,CWRU,model_only,K1,True,1,188,10.525114019401371
cpu,CWRU,model_only,K1,True,1,189,10.521969001274556
cpu,CWRU,model_only,K1,True,1,190,10.66750701284036
cpu,CWRU,model_only,K1,True,1,191,10.60473098186776
cpu,CWRU,model_only,K1,True,1,192,10.728157008998096
cpu,CWRU,model_only,K1,True,1,193,10.57949400274083
cpu,CWRU,model_only,K1,True,1,194,10.525160992983729
cpu,CWRU,model_only,K1,True,1,195,10.645375004969537
cpu,CWRU,model_only,K1,True,1,196,10.513596003875136
cpu,CWRU,model_only,K1,True,1,197,10.490774002391845
cpu,CWRU,model_only,K1,True,1,198,10.513201006688178
cpu,CWRU,model_only,K1,True,1,199,10.534217988606542
cpu,CWRU,model_only,K1,True,1,200,10.495660011656582
cpu,CWRU,model_only,K1,True,1,201,10.53652202244848
cpu,CWRU,model_only,K1,True,1,202,10.49999997485429
cpu,CWRU,model_only,K1,True,1,203,10.531498992349952
cpu,CWRU,model_only,K1,True,1,204,10.58670796919614
cpu,CWRU,model_only,K1,True,1,205,10.538202011957765
cpu,CWRU,model_only,K1,True,1,206,10.536756017245352
cpu,CWRU,model_only,K1,True,1,207,10.579086025245488
cpu,CWRU,model_only,K1,True,1,208,10.508366976864636
cpu,CWRU,model_only,K1,True,1,209,10.504224977921695
cpu,CWRU,model_only,K1,True,1,210,10.513924004044384
cpu,CWRU,model_only,K1,True,1,211,10.490862012375146
cpu,CWRU,model_only,K1,True,1,212,10.507958999369293
cpu,CWRU,model_only,K1,True,1,213,10.56965603493154
cpu,CWRU,model_only,K1,True,1,214,10.75647200923413
cpu,CWRU,model_only,K1,True,1,215,11.405935045331717
cpu,CWRU,model_only,K1,True,1,216,10.687796981073916
cpu,CWRU,model_only,K1,True,1,217,10.670636023860425
cpu,CWRU,model_only,K1,True,1,218,10.58324403129518
cpu,CWRU,model_only,K1,True,1,219,10.639926011208445
cpu,CWRU,model_only,K1,True,1,220,10.549507976975292
cpu,CWRU,model_only,K1,True,1,221,10.522003984078765
cpu,CWRU,model_only,K1,True,1,222,10.509077983442694
cpu,CWRU,model_only,K1,True,1,223,10.517854010686278
cpu,CWRU,model_only,K1,True,1,224,10.500229021999985
cpu,CWRU,model_only,K1,True,1,225,10.68476599175483
cpu,CWRU,model_only,K1,True,1,226,10.612424986902624
cpu,CWRU,model_only,K1,True,1,227,10.53238398162648
cpu,CWRU,model_only,K1,True,1,228,10.680473991669714
cpu,CWRU,model_only,K1,True,1,229,10.651685995981097
cpu,CWRU,model_only,K1,True,1,230,10.611712001264095
cpu,CWRU,model_only,K1,True,1,231,10.517930029891431
cpu,CWRU,model_only,K1,True,1,232,10.52765198983252
cpu,CWRU,model_only,K1,True,1,233,10.49586501903832
cpu,CWRU,model_only,K1,True,1,234,10.49061497906223
cpu,CWRU,model_only,K1,True,1,235,10.661859007086605
cpu,CWRU,model_only,K1,True,1,236,10.550195001997054
cpu,CWRU,model_only,K1,True,1,237,11.912035988643765
cpu,CWRU,model_only,K1,True,1,238,10.793590045068413
cpu,CWRU,model_only,K1,True,1,239,10.551141982432455
cpu,CWRU,model_only,K1,True,1,240,10.529581981245428
cpu,CWRU,model_only,K1,True,1,241,10.51155902678147
cpu,CWRU,model_only,K1,True,1,242,10.493180016055703
cpu,CWRU,model_only,K1,True,1,243,10.492242989130318
cpu,CWRU,model_only,K1,True,1,244,10.528174985665828
cpu,CWRU,model_only,K1,True,1,245,10.499700030777603
cpu,CWRU,model_only,K1,True,1,246,10.543946002144367
cpu,CWRU,model_only,K1,True,1,247,10.63335599610582
cpu,CWRU,model_only,K1,True,1,248,10.522519005462527
cpu,CWRU,model_only,K1,True,1,249,10.500609001610428
cpu,CWRU,model_only,Full-S1,True,1,0,20.01295902300626
cpu,CWRU,model_only,Full-S1,True,1,1,19.974238006398082
cpu,CWRU,model_only,Full-S1,True,1,2,19.86522297374904
cpu,CWRU,model_only,Full-S1,True,1,3,19.947160966694355
cpu,CWRU,model_only,Full-S1,True,1,4,19.843260990455747
cpu,CWRU,model_only,Full-S1,True,1,5,19.819925946649164
cpu,CWRU,model_only,Full-S1,True,1,6,19.765768956858665
cpu,CWRU,model_only,Full-S1,True,1,7,19.717512011993676
cpu,CWRU,model_only,Full-S1,True,1,8,19.796388980466872
cpu,CWRU,model_only,Full-S1,True,1,9,19.82049399521202
cpu,CWRU,model_only,Full-S1,True,1,10,19.856406026519835
cpu,CWRU,model_only,Full-S1,True,1,11,19.77600099053234
cpu,CWRU,model_only,Full-S1,True,1,12,19.749866041820496
cpu,CWRU,model_only,Full-S1,True,1,13,19.708107982296497
cpu,CWRU,model_only,Full-S1,True,1,14,19.936954020522535
cpu,CWRU,model_only,Full-S1,True,1,15,20.13305202126503
cpu,CWRU,model_only,Full-S1,True,1,16,19.870230986271054
cpu,CWRU,model_only,Full-S1,True,1,17,19.779908994678408
cpu,CWRU,model_only,Full-S1,True,1,18,19.81386000989005
cpu,CWRU,model_only,Full-S1,True,1,19,19.79146699886769
cpu,CWRU,model_only,Full-S1,True,1,20,20.25771397165954
cpu,CWRU,model_only,Full-S1,True,1,21,20.068079989869148
cpu,CWRU,model_only,Full-S1,True,1,22,19.893090007826686
cpu,CWRU,model_only,Full-S1,True,1,23,19.796800042968243
cpu,CWRU,model_only,Full-S1,True,1,24,19.82018700800836
cpu,CWRU,model_only,Full-S1,True,1,25,19.80520796496421
cpu,CWRU,model_only,Full-S1,True,1,26,19.8698669555597
cpu,CWRU,model_only,Full-S1,True,1,27,19.83122603269294
cpu,CWRU,model_only,Full-S1,True,1,28,19.85538296867162
cpu,CWRU,model_only,Full-S1,True,1,29,19.7797300061211
cpu,CWRU,model_only,Full-S1,True,1,30,19.831353041809052
cpu,CWRU,model_only,Full-S1,True,1,31,21.75892802188173
cpu,CWRU,model_only,Full-S1,True,1,32,21.98081003734842
cpu,CWRU,model_only,Full-S1,True,1,33,21.528804034460336
cpu,CWRU,model_only,Full-S1,True,1,34,20.251542970072478
cpu,CWRU,model_only,Full-S1,True,1,35,20.022833021357656
cpu,CWRU,model_only,Full-S1,True,1,36,20.12340200599283
cpu,CWRU,model_only,Full-S1,True,1,37,20.50646295538172
cpu,CWRU,model_only,Full-S1,True,1,38,20.480551989749074
cpu,CWRU,model_only,Full-S1,True,1,39,20.399316970724612
cpu,CWRU,model_only,Full-S1,True,1,40,19.933003990445286
cpu,CWRU,model_only,Full-S1,True,1,41,19.81643500039354
cpu,CWRU,model_only,Full-S1,True,1,42,19.916957011446357
cpu,CWRU,model_only,Full-S1,True,1,43,20.09539701975882
cpu,CWRU,model_only,Full-S1,True,1,44,19.86322901211679
cpu,CWRU,model_only,Full-S1,True,1,45,19.904346961993724
cpu,CWRU,model_only,Full-S1,True,1,46,19.831391982734203
cpu,CWRU,model_only,Full-S1,True,1,47,19.74699698621407
cpu,CWRU,model_only,Full-S1,True,1,48,19.926362030673772
cpu,CWRU,model_only,Full-S1,True,1,49,19.826774019747972
cpu,CWRU,model_only,Full-S1,True,1,50,19.81860102387145
cpu,CWRU,model_only,Full-S1,True,1,51,19.82690702425316
cpu,CWRU,model_only,Full-S1,True,1,52,19.797323970124125
cpu,CWRU,model_only,Full-S1,True,1,53,19.863883964717388
cpu,CWRU,model_only,Full-S1,True,1,54,19.967417989391834
cpu,CWRU,model_only,Full-S1,True,1,55,19.84018099028617
cpu,CWRU,model_only,Full-S1,True,1,56,19.82632599538192
cpu,CWRU,model_only,Full-S1,True,1,57,19.84524796716869
cpu,CWRU,model_only,Full-S1,True,1,58,19.830044999253005
cpu,CWRU,model_only,Full-S1,True,1,59,19.930144015233964
cpu,CWRU,model_only,Full-S1,True,1,60,19.84420296503231
cpu,CWRU,model_only,Full-S1,True,1,61,19.76640202337876
cpu,CWRU,model_only,Full-S1,True,1,62,19.74539499497041
cpu,CWRU,model_only,Full-S1,True,1,63,19.830546982120723
cpu,CWRU,model_only,Full-S1,True,1,64,19.839100015815347
cpu,CWRU,model_only,Full-S1,True,1,65,19.8253559647128
cpu,CWRU,model_only,Full-S1,True,1,66,19.789549987763166
cpu,CWRU,model_only,Full-S1,True,1,67,19.771550956647843
cpu,CWRU,model_only,Full-S1,True,1,68,19.82285501435399
cpu,CWRU,model_only,Full-S1,True,1,69,19.844575028400868
cpu,CWRU,model_only,Full-S1,True,1,70,19.809296005405486
cpu,CWRU,model_only,Full-S1,True,1,71,19.859040970914066
cpu,CWRU,model_only,Full-S1,True,1,72,19.76626500254497
cpu,CWRU,model_only,Full-S1,True,1,73,19.758715003263205
cpu,CWRU,model_only,Full-S1,True,1,74,19.777722016442567
cpu,CWRU,model_only,Full-S1,True,1,75,19.834544975310564
cpu,CWRU,model_only,Full-S1,True,1,76,19.765036995522678
cpu,CWRU,model_only,Full-S1,True,1,77,19.832818012218922
cpu,CWRU,model_only,Full-S1,True,1,78,19.75569099886343
cpu,CWRU,model_only,Full-S1,True,1,79,19.80455103330314
cpu,CWRU,model_only,Full-S1,True,1,80,19.793831976130605
cpu,CWRU,model_only,Full-S1,True,1,81,20.08657099213451
cpu,CWRU,model_only,Full-S1,True,1,82,20.46969096409157
cpu,CWRU,model_only,Full-S1,True,1,83,20.092508988454938
cpu,CWRU,model_only,Full-S1,True,1,84,19.8867850122042
cpu,CWRU,model_only,Full-S1,True,1,85,19.818135944660753
cpu,CWRU,model_only,Full-S1,True,1,86,19.797305983956903
cpu,CWRU,model_only,Full-S1,True,1,87,20.116094034165144
cpu,CWRU,model_only,Full-S1,True,1,88,19.895117031410336
cpu,CWRU,model_only,Full-S1,True,1,89,19.84393800375983
cpu,CWRU,model_only,Full-S1,True,1,90,19.77696397807449
cpu,CWRU,model_only,Full-S1,True,1,91,19.769957987591624
cpu,CWRU,model_only,Full-S1,True,1,92,19.76592803839594
cpu,CWRU,model_only,Full-S1,True,1,93,19.957196025643498
cpu,CWRU,model_only,Full-S1,True,1,94,20.00329503789544
cpu,CWRU,model_only,Full-S1,True,1,95,19.976068986579776
cpu,CWRU,model_only,Full-S1,True,1,96,19.76594200823456
cpu,CWRU,model_only,Full-S1,True,1,97,19.79277899954468
cpu,CWRU,model_only,Full-S1,True,1,98,19.84739600447938
cpu,CWRU,model_only,Full-S1,True,1,99,19.817174004856497
cpu,CWRU,model_only,Full-S1,True,1,100,19.80598602676764
cpu,CWRU,model_only,Full-S1,True,1,101,19.77523503592238
cpu,CWRU,model_only,Full-S1,True,1,102,19.777146982960403
cpu,CWRU,model_only,Full-S1,True,1,103,19.841566972900182
cpu,CWRU,model_only,Full-S1,True,1,104,19.776922999881208
cpu,CWRU,model_only,Full-S1,True,1,105,19.955192983616143
cpu,CWRU,model_only,Full-S1,True,1,106,19.92438599700108
cpu,CWRU,model_only,Full-S1,True,1,107,19.777075038291514
cpu,CWRU,model_only,Full-S1,True,1,108,19.83077102340758
cpu,CWRU,model_only,Full-S1,True,1,109,19.795542990323156
cpu,CWRU,model_only,Full-S1,True,1,110,19.829522003419697
cpu,CWRU,model_only,Full-S1,True,1,111,19.77194898063317
cpu,CWRU,model_only,Full-S1,True,1,112,19.77360900491476
cpu,CWRU,model_only,Full-S1,True,1,113,19.792478007730097
cpu,CWRU,model_only,Full-S1,True,1,114,19.798573048319668
cpu,CWRU,model_only,Full-S1,True,1,115,19.856586994137615
cpu,CWRU,model_only,Full-S1,True,1,116,19.822260946966708
cpu,CWRU,model_only,Full-S1,True,1,117,19.778062996920198
cpu,CWRU,model_only,Full-S1,True,1,118,19.824742048513144
cpu,CWRU,model_only,Full-S1,True,1,119,19.829362048767507
cpu,CWRU,model_only,Full-S1,True,1,120,19.77502804948017
cpu,CWRU,model_only,Full-S1,True,1,121,20.08310897508636
cpu,CWRU,model_only,Full-S1,True,1,122,20.081978989765048
cpu,CWRU,model_only,Full-S1,True,1,123,19.77172598708421
cpu,CWRU,model_only,Full-S1,True,1,124,19.87416303018108
cpu,CWRU,model_only,Full-S1,True,1,125,19.799334986601025
cpu,CWRU,model_only,Full-S1,True,1,126,19.75958701223135
cpu,CWRU,model_only,Full-S1,True,1,127,19.838855019770563
cpu,CWRU,model_only,Full-S1,True,1,128,19.813402963336557
cpu,CWRU,model_only,Full-S1,True,1,129,19.822340982500464
cpu,CWRU,model_only,Full-S1,True,1,130,19.895755976904184
cpu,CWRU,model_only,Full-S1,True,1,131,20.024745957925916
cpu,CWRU,model_only,Full-S1,True,1,132,20.155392005108297
cpu,CWRU,model_only,Full-S1,True,1,133,19.946101994719356
cpu,CWRU,model_only,Full-S1,True,1,134,19.833093974739313
cpu,CWRU,model_only,Full-S1,True,1,135,19.74751998204738
cpu,CWRU,model_only,Full-S1,True,1,136,19.87879298394546
cpu,CWRU,model_only,Full-S1,True,1,137,19.854293030221015
cpu,CWRU,model_only,Full-S1,True,1,138,19.795486994553357
cpu,CWRU,model_only,Full-S1,True,1,139,20.071501028724015
cpu,CWRU,model_only,Full-S1,True,1,140,20.051971019711345
cpu,CWRU,model_only,Full-S1,True,1,141,19.7952080052346
cpu,CWRU,model_only,Full-S1,True,1,142,19.820124958641827
cpu,CWRU,model_only,Full-S1,True,1,143,19.77480895584449
cpu,CWRU,model_only,Full-S1,True,1,144,19.904184970073402
cpu,CWRU,model_only,Full-S1,True,1,145,19.84095002990216
cpu,CWRU,model_only,Full-S1,True,1,146,19.717528019100428
cpu,CWRU,model_only,Full-S1,True,1,147,19.86464799847454
cpu,CWRU,model_only,Full-S1,True,1,148,19.82589205726981
cpu,CWRU,model_only,Full-S1,True,1,149,19.862162007484585
cpu,CWRU,model_only,Full-S1,True,1,150,19.82052600942552
cpu,CWRU,model_only,Full-S1,True,1,151,19.804323033895344
cpu,CWRU,model_only,Full-S1,True,1,152,19.77982500102371
cpu,CWRU,model_only,Full-S1,True,1,153,19.78887402219698
cpu,CWRU,model_only,Full-S1,True,1,154,19.79311602190137
cpu,CWRU,model_only,Full-S1,True,1,155,19.933381001465023
cpu,CWRU,model_only,Full-S1,True,1,156,19.826173956971616
cpu,CWRU,model_only,Full-S1,True,1,157,19.84186697518453
cpu,CWRU,model_only,Full-S1,True,1,158,19.758321985136718
cpu,CWRU,model_only,Full-S1,True,1,159,19.760030030738562
cpu,CWRU,model_only,Full-S1,True,1,160,19.757261034101248
cpu,CWRU,model_only,Full-S1,True,1,161,19.86558100907132
cpu,CWRU,model_only,Full-S1,True,1,162,19.811934034805745
cpu,CWRU,model_only,Full-S1,True,1,163,19.787033961620182
cpu,CWRU,model_only,Full-S1,True,1,164,19.764933036640286
cpu,CWRU,model_only,Full-S1,True,1,165,19.743810989893973
cpu,CWRU,model_only,Full-S1,True,1,166,19.902959000319242
cpu,CWRU,model_only,Full-S1,True,1,167,19.76390596246347
cpu,CWRU,model_only,Full-S1,True,1,168,19.776383007410914
cpu,CWRU,model_only,Full-S1,True,1,169,19.800135982222855
cpu,CWRU,model_only,Full-S1,True,1,170,19.77684802841395
cpu,CWRU,model_only,Full-S1,True,1,171,19.831060024444014
cpu,CWRU,model_only,Full-S1,True,1,172,19.763095013331622
cpu,CWRU,model_only,Full-S1,True,1,173,20.00831498298794
cpu,CWRU,model_only,Full-S1,True,1,174,19.81147099286318
cpu,CWRU,model_only,Full-S1,True,1,175,20.96194599289447
cpu,CWRU,model_only,Full-S1,True,1,176,21.603826025966555
cpu,CWRU,model_only,Full-S1,True,1,177,21.775269007775933
cpu,CWRU,model_only,Full-S1,True,1,178,21.042262960691005
cpu,CWRU,model_only,Full-S1,True,1,179,20.57569700991735
cpu,CWRU,model_only,Full-S1,True,1,180,20.154062018264085
cpu,CWRU,model_only,Full-S1,True,1,181,20.118410990107805
cpu,CWRU,model_only,Full-S1,True,1,182,21.10589697258547
cpu,CWRU,model_only,Full-S1,True,1,183,20.714459009468555
cpu,CWRU,model_only,Full-S1,True,1,184,20.115789026021957
cpu,CWRU,model_only,Full-S1,True,1,185,19.82587098609656
cpu,CWRU,model_only,Full-S1,True,1,186,19.772319006733596
cpu,CWRU,model_only,Full-S1,True,1,187,20.138443040195853
cpu,CWRU,model_only,Full-S1,True,1,188,20.007334009278566
cpu,CWRU,model_only,Full-S1,True,1,189,20.028220023959875
cpu,CWRU,model_only,Full-S1,True,1,190,19.996994000393897
cpu,CWRU,model_only,Full-S1,True,1,191,19.819945970084518
cpu,CWRU,model_only,Full-S1,True,1,192,19.803044968284667
cpu,CWRU,model_only,Full-S1,True,1,193,19.756887981202453
cpu,CWRU,model_only,Full-S1,True,1,194,19.800375041086227
cpu,CWRU,model_only,Full-S1,True,1,195,19.907871959730983
cpu,CWRU,model_only,Full-S1,True,1,196,19.772904983256012
cpu,CWRU,model_only,Full-S1,True,1,197,19.757313013542444
cpu,CWRU,model_only,Full-S1,True,1,198,19.808678014669567
cpu,CWRU,model_only,Full-S1,True,1,199,19.853200006764382
cpu,CWRU,model_only,Full-S1,True,1,200,19.90199403371662
cpu,CWRU,model_only,Full-S1,True,1,201,19.742184958886355
cpu,CWRU,model_only,Full-S1,True,1,202,19.736354995984584
cpu,CWRU,model_only,Full-S1,True,1,203,19.775650987867266
cpu,CWRU,model_only,Full-S1,True,1,204,19.75972601212561
cpu,CWRU,model_only,Full-S1,True,1,205,19.751982006710023
cpu,CWRU,model_only,Full-S1,True,1,206,19.918175996281207
cpu,CWRU,model_only,Full-S1,True,1,207,19.952406000811607
cpu,CWRU,model_only,Full-S1,True,1,208,20.137341984082013
cpu,CWRU,model_only,Full-S1,True,1,209,19.873446028213948
cpu,CWRU,model_only,Full-S1,True,1,210,19.77825100766495
cpu,CWRU,model_only,Full-S1,True,1,211,19.804743002168834
cpu,CWRU,model_only,Full-S1,True,1,212,19.795647996943444
cpu,CWRU,model_only,Full-S1,True,1,213,19.72929498879239
cpu,CWRU,model_only,Full-S1,True,1,214,19.855043035931885
cpu,CWRU,model_only,Full-S1,True,1,215,19.730710017029196
cpu,CWRU,model_only,Full-S1,True,1,216,19.787615980021656
cpu,CWRU,model_only,Full-S1,True,1,217,19.80260299751535
cpu,CWRU,model_only,Full-S1,True,1,218,19.75086296442896
cpu,CWRU,model_only,Full-S1,True,1,219,20.417672989424318
cpu,CWRU,model_only,Full-S1,True,1,220,19.874108023941517
cpu,CWRU,model_only,Full-S1,True,1,221,19.78943997528404
cpu,CWRU,model_only,Full-S1,True,1,222,20.009275001939386
cpu,CWRU,model_only,Full-S1,True,1,223,19.827936019282788
cpu,CWRU,model_only,Full-S1,True,1,224,20.01961600035429
cpu,CWRU,model_only,Full-S1,True,1,225,19.7558929794468
cpu,CWRU,model_only,Full-S1,True,1,226,19.773476000409573
cpu,CWRU,model_only,Full-S1,True,1,227,19.754482025746256
cpu,CWRU,model_only,Full-S1,True,1,228,19.80416796868667
cpu,CWRU,model_only,Full-S1,True,1,229,19.84252402326092
cpu,CWRU,model_only,Full-S1,True,1,230,19.755688961595297
cpu,CWRU,model_only,Full-S1,True,1,231,19.758120004553348
cpu,CWRU,model_only,Full-S1,True,1,232,20.2696860069409
cpu,CWRU,model_only,Full-S1,True,1,233,19.882590975612402
cpu,CWRU,model_only,Full-S1,True,1,234,19.959900993853807
cpu,CWRU,model_only,Full-S1,True,1,235,19.855448976159096
cpu,CWRU,model_only,Full-S1,True,1,236,19.77563602849841
cpu,CWRU,model_only,Full-S1,True,1,237,19.772956031374633
cpu,CWRU,model_only,Full-S1,True,1,238,19.785992975812405
cpu,CWRU,model_only,Full-S1,True,1,239,19.72548000048846
cpu,CWRU,model_only,Full-S1,True,1,240,20.053329993970692
cpu,CWRU,model_only,Full-S1,True,1,241,19.931930990424007
cpu,CWRU,model_only,Full-S1,True,1,242,19.821932015474886
cpu,CWRU,model_only,Full-S1,True,1,243,19.784539006650448
cpu,CWRU,model_only,Full-S1,True,1,244,19.73490900127217
cpu,CWRU,model_only,Full-S1,True,1,245,19.854961952660233
cpu,CWRU,model_only,Full-S1,True,1,246,20.3424789942801
cpu,CWRU,model_only,Full-S1,True,1,247,20.18817898351699
cpu,CWRU,model_only,Full-S1,True,1,248,19.870070973411202
cpu,CWRU,model_only,Full-S1,True,1,249,19.814044993836433
cpu,CWRU,model_only,Full-S1,True,2,0,19.85205797245726
cpu,CWRU,model_only,Full-S1,True,2,1,20.112097961828113
cpu,CWRU,model_only,Full-S1,True,2,2,20.12795303016901
cpu,CWRU,model_only,Full-S1,True,2,3,19.897542020771652
cpu,CWRU,model_only,Full-S1,True,2,4,19.86922899959609
cpu,CWRU,model_only,Full-S1,True,2,5,19.80730699142441
cpu,CWRU,model_only,Full-S1,True,2,6,19.814362982288003
cpu,CWRU,model_only,Full-S1,True,2,7,20.533686969429255
cpu,CWRU,model_only,Full-S1,True,2,8,20.073012041393667
cpu,CWRU,model_only,Full-S1,True,2,9,19.99472500756383
cpu,CWRU,model_only,Full-S1,True,2,10,19.844648020807654
cpu,CWRU,model_only,Full-S1,True,2,11,19.778258982114494
cpu,CWRU,model_only,Full-S1,True,2,12,19.98621301027015
cpu,CWRU,model_only,Full-S1,True,2,13,20.02558601088822
cpu,CWRU,model_only,Full-S1,True,2,14,19.827690033707768
cpu,CWRU,model_only,Full-S1,True,2,15,19.77308897767216
cpu,CWRU,model_only,Full-S1,True,2,16,19.84232198446989
cpu,CWRU,model_only,Full-S1,True,2,17,19.801481976173818
cpu,CWRU,model_only,Full-S1,True,2,18,19.779995025601238
cpu,CWRU,model_only,Full-S1,True,2,19,19.85707797575742
cpu,CWRU,model_only,Full-S1,True,2,20,19.788030011113733
cpu,CWRU,model_only,Full-S1,True,2,21,20.05295699927956
cpu,CWRU,model_only,Full-S1,True,2,22,20.087848999537528
cpu,CWRU,model_only,Full-S1,True,2,23,19.97299602953717
cpu,CWRU,model_only,Full-S1,True,2,24,19.882447028066963
cpu,CWRU,model_only,Full-S1,True,2,25,20.266462001018226
cpu,CWRU,model_only,Full-S1,True,2,26,19.813069025985897
cpu,CWRU,model_only,Full-S1,True,2,27,19.81346803950146
cpu,CWRU,model_only,Full-S1,True,2,28,19.8157990234904
cpu,CWRU,model_only,Full-S1,True,2,29,19.95191298192367
cpu,CWRU,model_only,Full-S1,True,2,30,19.815901992842555
cpu,CWRU,model_only,Full-S1,True,2,31,19.750885956455022
cpu,CWRU,model_only,Full-S1,True,2,32,20.675672974903136
cpu,CWRU,model_only,Full-S1,True,2,33,20.009497995488346
cpu,CWRU,model_only,Full-S1,True,2,34,20.216950040776283
cpu,CWRU,model_only,Full-S1,True,2,35,19.93544597644359
cpu,CWRU,model_only,Full-S1,True,2,36,19.78749397676438
cpu,CWRU,model_only,Full-S1,True,2,37,19.86958901397884
cpu,CWRU,model_only,Full-S1,True,2,38,19.973114016465843
cpu,CWRU,model_only,Full-S1,True,2,39,19.8157150298357
cpu,CWRU,model_only,Full-S1,True,2,40,20.03435796359554
cpu,CWRU,model_only,Full-S1,True,2,41,20.3721440047957
cpu,CWRU,model_only,Full-S1,True,2,42,19.915730983484536
cpu,CWRU,model_only,Full-S1,True,2,43,19.901639025192708
cpu,CWRU,model_only,Full-S1,True,2,44,19.852105993777514
cpu,CWRU,model_only,Full-S1,True,2,45,19.961134006734937
cpu,CWRU,model_only,Full-S1,True,2,46,19.95268202153966
cpu,CWRU,model_only,Full-S1,True,2,47,19.81224596966058
cpu,CWRU,model_only,Full-S1,True,2,48,19.838683016132563
cpu,CWRU,model_only,Full-S1,True,2,49,20.009047992061824
cpu,CWRU,model_only,Full-S1,True,2,50,19.88439098931849
cpu,CWRU,model_only,Full-S1,True,2,51,20.0829750392586
cpu,CWRU,model_only,Full-S1,True,2,52,20.061717019416392
cpu,CWRU,model_only,Full-S1,True,2,53,19.852888013701886
cpu,CWRU,model_only,Full-S1,True,2,54,19.913488009478897
cpu,CWRU,model_only,Full-S1,True,2,55,19.824517017696053
cpu,CWRU,model_only,Full-S1,True,2,56,19.861556007526815
cpu,CWRU,model_only,Full-S1,True,2,57,19.941897015087306
cpu,CWRU,model_only,Full-S1,True,2,58,19.81478597735986
cpu,CWRU,model_only,Full-S1,True,2,59,19.811838981695473
cpu,CWRU,model_only,Full-S1,True,2,60,19.85484198667109
cpu,CWRU,model_only,Full-S1,True,2,61,19.78305197553709
cpu,CWRU,model_only,Full-S1,True,2,62,19.998044008389115
cpu,CWRU,model_only,Full-S1,True,2,63,19.86578298965469
cpu,CWRU,model_only,Full-S1,True,2,64,19.882848020642996
cpu,CWRU,model_only,Full-S1,True,2,65,19.846679002512246
cpu,CWRU,model_only,Full-S1,True,2,66,19.816489948425442
cpu,CWRU,model_only,Full-S1,True,2,67,19.855841004755348
cpu,CWRU,model_only,Full-S1,True,2,68,19.84887197613716
cpu,CWRU,model_only,Full-S1,True,2,69,19.83829599339515
cpu,CWRU,model_only,Full-S1,True,2,70,19.818191998638213
cpu,CWRU,model_only,Full-S1,True,2,71,19.837327010463923
cpu,CWRU,model_only,Full-S1,True,2,72,19.789759011473507
cpu,CWRU,model_only,Full-S1,True,2,73,20.10457997675985
cpu,CWRU,model_only,Full-S1,True,2,74,20.01037198351696
cpu,CWRU,model_only,Full-S1,True,2,75,19.825925992336124
cpu,CWRU,model_only,Full-S1,True,2,76,19.79392598150298
cpu,CWRU,model_only,Full-S1,True,2,77,20.016352005768567
cpu,CWRU,model_only,Full-S1,True,2,78,19.84024199191481
cpu,CWRU,model_only,Full-S1,True,2,79,20.032075990457088
cpu,CWRU,model_only,Full-S1,True,2,80,20.20823903148994
cpu,CWRU,model_only,Full-S1,True,2,81,19.89874994615093
cpu,CWRU,model_only,Full-S1,True,2,82,20.409131015185267
cpu,CWRU,model_only,Full-S1,True,2,83,20.145727961789817
cpu,CWRU,model_only,Full-S1,True,2,84,19.942493992857635
cpu,CWRU,model_only,Full-S1,True,2,85,20.025915000587702
cpu,CWRU,model_only,Full-S1,True,2,86,19.826820003800094
cpu,CWRU,model_only,Full-S1,True,2,87,19.84660601010546
cpu,CWRU,model_only,Full-S1,True,2,88,19.860542030073702
cpu,CWRU,model_only,Full-S1,True,2,89,19.87113297218457
cpu,CWRU,model_only,Full-S1,True,2,90,20.03043598961085
cpu,CWRU,model_only,Full-S1,True,2,91,20.033181994222105
cpu,CWRU,model_only,Full-S1,True,2,92,19.85626498935744
cpu,CWRU,model_only,Full-S1,True,2,93,19.803407951258123
cpu,CWRU,model_only,Full-S1,True,2,94,19.81625601183623
cpu,CWRU,model_only,Full-S1,True,2,95,20.033607026562095
cpu,CWRU,model_only,Full-S1,True,2,96,20.123647002037615
cpu,CWRU,model_only,Full-S1,True,2,97,20.005177007988095
cpu,CWRU,model_only,Full-S1,True,2,98,19.804056035354733
cpu,CWRU,model_only,Full-S1,True,2,99,20.16744198044762
cpu,CWRU,model_only,Full-S1,True,2,100,19.903225998859853
cpu,CWRU,model_only,Full-S1,True,2,101,19.961855956353247
cpu,CWRU,model_only,Full-S1,True,2,102,20.046546997036785
cpu,CWRU,model_only,Full-S1,True,2,103,19.993101013824344
cpu,CWRU,model_only,Full-S1,True,2,104,19.997053954284638
cpu,CWRU,model_only,Full-S1,True,2,105,19.952168979216367
cpu,CWRU,model_only,Full-S1,True,2,106,19.919092010241002
cpu,CWRU,model_only,Full-S1,True,2,107,19.961437035817653
cpu,CWRU,model_only,Full-S1,True,2,108,19.939485006034374
cpu,CWRU,model_only,Full-S1,True,2,109,19.89202096592635
cpu,CWRU,model_only,Full-S1,True,2,110,19.866905990056694
cpu,CWRU,model_only,Full-S1,True,2,111,19.789653015322983
cpu,CWRU,model_only,Full-S1,True,2,112,19.96618794510141
cpu,CWRU,model_only,Full-S1,True,2,113,19.832530000712723
cpu,CWRU,model_only,Full-S1,True,2,114,20.889369014184922
cpu,CWRU,model_only,Full-S1,True,2,115,21.791290026158094
cpu,CWRU,model_only,Full-S1,True,2,116,21.659302001353353
cpu,CWRU,model_only,Full-S1,True,2,117,20.536043972242624
cpu,CWRU,model_only,Full-S1,True,2,118,20.21824597613886
cpu,CWRU,model_only,Full-S1,True,2,119,20.039198047015816
cpu,CWRU,model_only,Full-S1,True,2,120,20.09385998826474
cpu,CWRU,model_only,Full-S1,True,2,121,20.10343800066039
cpu,CWRU,model_only,Full-S1,True,2,122,19.954037037678063
cpu,CWRU,model_only,Full-S1,True,2,123,19.86886700615287
cpu,CWRU,model_only,Full-S1,True,2,124,19.9930930393748
cpu,CWRU,model_only,Full-S1,True,2,125,19.917062018066645
cpu,CWRU,model_only,Full-S1,True,2,126,19.803060975391418
cpu,CWRU,model_only,Full-S1,True,2,127,19.830134056974202
cpu,CWRU,model_only,Full-S1,True,2,128,19.83484800439328
cpu,CWRU,model_only,Full-S1,True,2,129,19.863024004735053
cpu,CWRU,model_only,Full-S1,True,2,130,19.8842910467647
cpu,CWRU,model_only,Full-S1,True,2,131,19.815482024569064
cpu,CWRU,model_only,Full-S1,True,2,132,20.800377009436488
cpu,CWRU,model_only,Full-S1,True,2,133,20.47730196500197
cpu,CWRU,model_only,Full-S1,True,2,134,20.05101297982037
cpu,CWRU,model_only,Full-S1,True,2,135,19.966530962847173
cpu,CWRU,model_only,Full-S1,True,2,136,19.888184033334255
cpu,CWRU,model_only,Full-S1,True,2,137,19.86471301643178
cpu,CWRU,model_only,Full-S1,True,2,138,20.075704029295594
cpu,CWRU,model_only,Full-S1,True,2,139,19.893463992048055
cpu,CWRU,model_only,Full-S1,True,2,140,20.1243840274401
cpu,CWRU,model_only,Full-S1,True,2,141,20.159103034529835
cpu,CWRU,model_only,Full-S1,True,2,142,19.90172703517601
cpu,CWRU,model_only,Full-S1,True,2,143,19.813078979495913
cpu,CWRU,model_only,Full-S1,True,2,144,19.85897298436612
cpu,CWRU,model_only,Full-S1,True,2,145,19.783557974733412
cpu,CWRU,model_only,Full-S1,True,2,146,19.962826976552606
cpu,CWRU,model_only,Full-S1,True,2,147,19.844722002744675
cpu,CWRU,model_only,Full-S1,True,2,148,19.768237019889057
cpu,CWRU,model_only,Full-S1,True,2,149,19.840135995764285
cpu,CWRU,model_only,Full-S1,True,2,150,19.847474992275238
cpu,CWRU,model_only,Full-S1,True,2,151,19.936856988351792
cpu,CWRU,model_only,Full-S1,True,2,152,19.92912101559341
cpu,CWRU,model_only,Full-S1,True,2,153,19.83837701845914
cpu,CWRU,model_only,Full-S1,True,2,154,19.820738991256803
cpu,CWRU,model_only,Full-S1,True,2,155,19.86927102552727
cpu,CWRU,model_only,Full-S1,True,2,156,19.76986596127972
cpu,CWRU,model_only,Full-S1,True,2,157,20.000951015390456
cpu,CWRU,model_only,Full-S1,True,2,158,19.823439011815935
cpu,CWRU,model_only,Full-S1,True,2,159,19.80465103406459
cpu,CWRU,model_only,Full-S1,True,2,160,19.820524961687624
cpu,CWRU,model_only,Full-S1,True,2,161,19.772005965933204
cpu,CWRU,model_only,Full-S1,True,2,162,19.813886960037053
cpu,CWRU,model_only,Full-S1,True,2,163,19.870641990564764
cpu,CWRU,model_only,Full-S1,True,2,164,19.805381016340107
cpu,CWRU,model_only,Full-S1,True,2,165,19.794483028817922
cpu,CWRU,model_only,Full-S1,True,2,166,19.89363500615582
cpu,CWRU,model_only,Full-S1,True,2,167,19.855659978929907
cpu,CWRU,model_only,Full-S1,True,2,168,19.817092979792506
cpu,CWRU,model_only,Full-S1,True,2,169,19.873229961376637
cpu,CWRU,model_only,Full-S1,True,2,170,19.804985029622912
cpu,CWRU,model_only,Full-S1,True,2,171,19.872560049407184
cpu,CWRU,model_only,Full-S1,True,2,172,19.900436978787184
cpu,CWRU,model_only,Full-S1,True,2,173,19.883255008608103
cpu,CWRU,model_only,Full-S1,True,2,174,19.884039007592946
cpu,CWRU,model_only,Full-S1,True,2,175,19.812026002909988
cpu,CWRU,model_only,Full-S1,True,2,176,19.901280000340194
cpu,CWRU,model_only,Full-S1,True,2,177,19.826618023216724
cpu,CWRU,model_only,Full-S1,True,2,178,19.82363499701023
cpu,CWRU,model_only,Full-S1,True,2,179,19.86762700835243
cpu,CWRU,model_only,Full-S1,True,2,180,20.022590004373342
cpu,CWRU,model_only,Full-S1,True,2,181,19.84098501270637
cpu,CWRU,model_only,Full-S1,True,2,182,20.266996987629682
cpu,CWRU,model_only,Full-S1,True,2,183,19.98044503852725
cpu,CWRU,model_only,Full-S1,True,2,184,19.88736301427707
cpu,CWRU,model_only,Full-S1,True,2,185,19.85666004475206
cpu,CWRU,model_only,Full-S1,True,2,186,19.932214985601604
cpu,CWRU,model_only,Full-S1,True,2,187,19.82632401632145
cpu,CWRU,model_only,Full-S1,True,2,188,19.800961017608643
cpu,CWRU,model_only,Full-S1,True,2,189,19.796371983829886
cpu,CWRU,model_only,Full-S1,True,2,190,19.800901995040476
cpu,CWRU,model_only,Full-S1,True,2,191,19.840995024424046
cpu,CWRU,model_only,Full-S1,True,2,192,20.454546029213816
cpu,CWRU,model_only,Full-S1,True,2,193,20.12234297581017
cpu,CWRU,model_only,Full-S1,True,2,194,19.878267019521445
cpu,CWRU,model_only,Full-S1,True,2,195,19.858275016304106
cpu,CWRU,model_only,Full-S1,True,2,196,19.82072799000889
cpu,CWRU,model_only,Full-S1,True,2,197,20.23874403676018
cpu,CWRU,model_only,Full-S1,True,2,198,19.969469984062016
cpu,CWRU,model_only,Full-S1,True,2,199,19.890667987056077
cpu,CWRU,model_only,Full-S1,True,2,200,19.851571996696293
cpu,CWRU,model_only,Full-S1,True,2,201,19.75113496882841
cpu,CWRU,model_only,Full-S1,True,2,202,19.760146038606763
cpu,CWRU,model_only,Full-S1,True,2,203,19.942859013099223
cpu,CWRU,model_only,Full-S1,True,2,204,19.854716025292873
cpu,CWRU,model_only,Full-S1,True,2,205,19.858416984789073
cpu,CWRU,model_only,Full-S1,True,2,206,19.817224994767457
cpu,CWRU,model_only,Full-S1,True,2,207,20.078117959201336
cpu,CWRU,model_only,Full-S1,True,2,208,20.349160011392087
cpu,CWRU,model_only,Full-S1,True,2,209,20.056020992342383
cpu,CWRU,model_only,Full-S1,True,2,210,19.899352977517992
cpu,CWRU,model_only,Full-S1,True,2,211,19.881009007804096
cpu,CWRU,model_only,Full-S1,True,2,212,19.769569975323975
cpu,CWRU,model_only,Full-S1,True,2,213,19.862032029777765
cpu,CWRU,model_only,Full-S1,True,2,214,19.9287660070695
cpu,CWRU,model_only,Full-S1,True,2,215,19.799416011665016
cpu,CWRU,model_only,Full-S1,True,2,216,19.81488795718178
cpu,CWRU,model_only,Full-S1,True,2,217,19.85863602021709
cpu,CWRU,model_only,Full-S1,True,2,218,19.83619696693495
cpu,CWRU,model_only,Full-S1,True,2,219,19.845781032927334
cpu,CWRU,model_only,Full-S1,True,2,220,20.098921027965844
cpu,CWRU,model_only,Full-S1,True,2,221,20.8385789883323
cpu,CWRU,model_only,Full-S1,True,2,222,19.86656099325046
cpu,CWRU,model_only,Full-S1,True,2,223,19.831810030154884
cpu,CWRU,model_only,Full-S1,True,2,224,19.862735993228853
cpu,CWRU,model_only,Full-S1,True,2,225,19.83135298360139
cpu,CWRU,model_only,Full-S1,True,2,226,19.97430803021416
cpu,CWRU,model_only,Full-S1,True,2,227,19.882042019162327
cpu,CWRU,model_only,Full-S1,True,2,228,19.899925973732024
cpu,CWRU,model_only,Full-S1,True,2,229,19.8217430151999
cpu,CWRU,model_only,Full-S1,True,2,230,19.94281099177897
cpu,CWRU,model_only,Full-S1,True,2,231,19.944042956922203
cpu,CWRU,model_only,Full-S1,True,2,232,20.13109903782606
cpu,CWRU,model_only,Full-S1,True,2,233,20.330567029304802
cpu,CWRU,model_only,Full-S1,True,2,234,20.169341994915158
cpu,CWRU,model_only,Full-S1,True,2,235,19.930682028643787
cpu,CWRU,model_only,Full-S1,True,2,236,19.9183450313285
cpu,CWRU,model_only,Full-S1,True,2,237,19.989370019175112
cpu,CWRU,model_only,Full-S1,True,2,238,19.967305997852236
cpu,CWRU,model_only,Full-S1,True,2,239,19.92922800127417
cpu,CWRU,model_only,Full-S1,True,2,240,19.859186024405062
cpu,CWRU,model_only,Full-S1,True,2,241,19.83915502205491
cpu,CWRU,model_only,Full-S1,True,2,242,20.114963001105934
cpu,CWRU,model_only,Full-S1,True,2,243,19.822469970677048
cpu,CWRU,model_only,Full-S1,True,2,244,19.830723002087325
cpu,CWRU,model_only,Full-S1,True,2,245,19.848933967296034
cpu,CWRU,model_only,Full-S1,True,2,246,19.87306197406724
cpu,CWRU,model_only,Full-S1,True,2,247,19.94105102494359
cpu,CWRU,model_only,Full-S1,True,2,248,19.959983008448035
cpu,CWRU,model_only,Full-S1,True,2,249,20.256431016605347
cpu,CWRU,model_only,K1,True,2,0,11.172704980708659
cpu,CWRU,model_only,K1,True,2,1,10.801239986903965
cpu,CWRU,model_only,K1,True,2,2,10.630950971972197
cpu,CWRU,model_only,K1,True,2,3,10.59602398891002
cpu,CWRU,model_only,K1,True,2,4,10.551384009886533
cpu,CWRU,model_only,K1,True,2,5,10.533381020650268
cpu,CWRU,model_only,K1,True,2,6,10.787798033561558
cpu,CWRU,model_only,K1,True,2,7,10.63976704608649
cpu,CWRU,model_only,K1,True,2,8,10.556924971751869
cpu,CWRU,model_only,K1,True,2,9,10.579167981632054
cpu,CWRU,model_only,K1,True,2,10,10.628590011037886
cpu,CWRU,model_only,K1,True,2,11,10.600225999951363
cpu,CWRU,model_only,K1,True,2,12,10.593267972581089
cpu,CWRU,model_only,K1,True,2,13,11.675445013679564
cpu,CWRU,model_only,K1,True,2,14,10.886687028687447
cpu,CWRU,model_only,K1,True,2,15,10.641289001796395
cpu,CWRU,model_only,K1,True,2,16,10.593439044896513
cpu,CWRU,model_only,K1,True,2,17,10.586350981611758
cpu,CWRU,model_only,K1,True,2,18,10.603919043205678
cpu,CWRU,model_only,K1,True,2,19,10.615431005135179
cpu,CWRU,model_only,K1,True,2,20,10.57792198844254
cpu,CWRU,model_only,K1,True,2,21,10.605218005366623
cpu,CWRU,model_only,K1,True,2,22,10.613643971737474
cpu,CWRU,model_only,K1,True,2,23,10.55214402731508
cpu,CWRU,model_only,K1,True,2,24,10.56324498495087
cpu,CWRU,model_only,K1,True,2,25,10.563631018158048
cpu,CWRU,model_only,K1,True,2,26,10.541316005401313
cpu,CWRU,model_only,K1,True,2,27,10.591955971904099
cpu,CWRU,model_only,K1,True,2,28,10.598684020806104
cpu,CWRU,model_only,K1,True,2,29,10.524331009946764
cpu,CWRU,model_only,K1,True,2,30,10.612583020702004
cpu,CWRU,model_only,K1,True,2,31,10.57168300030753
cpu,CWRU,model_only,K1,True,2,32,10.538998991250992
cpu,CWRU,model_only,K1,True,2,33,10.557693021837622
cpu,CWRU,model_only,K1,True,2,34,10.53950097411871
cpu,CWRU,model_only,K1,True,2,35,10.568091995082796
cpu,CWRU,model_only,K1,True,2,36,10.62098698457703
cpu,CWRU,model_only,K1,True,2,37,10.578917048405856
cpu,CWRU,model_only,K1,True,2,38,10.552579013165087
cpu,CWRU,model_only,K1,True,2,39,10.645564005244523
cpu,CWRU,model_only,K1,True,2,40,10.671367985196412
cpu,CWRU,model_only,K1,True,2,41,10.630659002345055
cpu,CWRU,model_only,K1,True,2,42,10.599005036056042
cpu,CWRU,model_only,K1,True,2,43,10.557598026935011
cpu,CWRU,model_only,K1,True,2,44,10.722973034717143
cpu,CWRU,model_only,K1,True,2,45,10.627805953845382
cpu,CWRU,model_only,K1,True,2,46,10.66910900408402
cpu,CWRU,model_only,K1,True,2,47,10.600882000289857
cpu,CWRU,model_only,K1,True,2,48,10.64885698724538
cpu,CWRU,model_only,K1,True,2,49,10.581199021544307
cpu,CWRU,model_only,K1,True,2,50,10.58654097141698
cpu,CWRU,model_only,K1,True,2,51,10.549442027695477
cpu,CWRU,model_only,K1,True,2,52,10.539654991589487
cpu,CWRU,model_only,K1,True,2,53,10.535962996073067
cpu,CWRU,model_only,K1,True,2,54,10.619612003210932
cpu,CWRU,model_only,K1,True,2,55,10.539982002228498
cpu,CWRU,model_only,K1,True,2,56,10.516383044887334
cpu,CWRU,model_only,K1,True,2,57,10.565178992692381
cpu,CWRU,model_only,K1,True,2,58,10.581162991002202
cpu,CWRU,model_only,K1,True,2,59,10.540785966441035
cpu,CWRU,model_only,K1,True,2,60,10.660372965503484
cpu,CWRU,model_only,K1,True,2,61,10.80028701107949
cpu,CWRU,model_only,K1,True,2,62,10.826468002051115
cpu,CWRU,model_only,K1,True,2,63,10.632138000801206
cpu,CWRU,model_only,K1,True,2,64,10.551437037065625
cpu,CWRU,model_only,K1,True,2,65,10.532064945437014
cpu,CWRU,model_only,K1,True,2,66,10.687647038139403
cpu,CWRU,model_only,K1,True,2,67,11.476848972961307
cpu,CWRU,model_only,K1,True,2,68,11.369840998668224
cpu,CWRU,model_only,K1,True,2,69,11.292591982055455
cpu,CWRU,model_only,K1,True,2,70,10.75688999844715
cpu,CWRU,model_only,K1,True,2,71,10.616448009386659
cpu,CWRU,model_only,K1,True,2,72,10.667445021681488
cpu,CWRU,model_only,K1,True,2,73,10.554597014561296
cpu,CWRU,model_only,K1,True,2,74,10.586863034404814
cpu,CWRU,model_only,K1,True,2,75,10.579402965959162
cpu,CWRU,model_only,K1,True,2,76,10.512885986827314
cpu,CWRU,model_only,K1,True,2,77,10.59003098635003
cpu,CWRU,model_only,K1,True,2,78,10.616973973810673
cpu,CWRU,model_only,K1,True,2,79,10.62215695856139
cpu,CWRU,model_only,K1,True,2,80,10.535654961131513
cpu,CWRU,model_only,K1,True,2,81,10.65427903085947
cpu,CWRU,model_only,K1,True,2,82,10.668909992091358
cpu,CWRU,model_only,K1,True,2,83,10.535809036809951
cpu,CWRU,model_only,K1,True,2,84,10.604559036437422
cpu,CWRU,model_only,K1,True,2,85,11.159775021951646
cpu,CWRU,model_only,K1,True,2,86,11.368617007974535
cpu,CWRU,model_only,K1,True,2,87,11.737521039322019
cpu,CWRU,model_only,K1,True,2,88,11.799378029536456
cpu,CWRU,model_only,K1,True,2,89,11.746675008907914
cpu,CWRU,model_only,K1,True,2,90,11.408441001549363
cpu,CWRU,model_only,K1,True,2,91,10.943903995212168
cpu,CWRU,model_only,K1,True,2,92,10.76407398795709
cpu,CWRU,model_only,K1,True,2,93,10.63890301156789
cpu,CWRU,model_only,K1,True,2,94,10.928014002274722
cpu,CWRU,model_only,K1,True,2,95,11.248027964029461
cpu,CWRU,model_only,K1,True,2,96,11.219749052543193
cpu,CWRU,model_only,K1,True,2,97,11.19227398885414
cpu,CWRU,model_only,K1,True,2,98,10.876165004447103
cpu,CWRU,model_only,K1,True,2,99,10.533192020375282
cpu,CWRU,model_only,K1,True,2,100,10.664622008334845
cpu,CWRU,model_only,K1,True,2,101,10.582496994175017
cpu,CWRU,model_only,K1,True,2,102,10.588539007585496
cpu,CWRU,model_only,K1,True,2,103,10.599067027214915
cpu,CWRU,model_only,K1,True,2,104,10.621289955452085
cpu,CWRU,model_only,K1,True,2,105,10.510110994800925
cpu,CWRU,model_only,K1,True,2,106,10.530353989452124
cpu,CWRU,model_only,K1,True,2,107,10.587897966615856
cpu,CWRU,model_only,K1,True,2,108,10.583936993498355
cpu,CWRU,model_only,K1,True,2,109,10.587753960862756
cpu,CWRU,model_only,K1,True,2,110,10.590986988972872
cpu,CWRU,model_only,K1,True,2,111,10.57374698575586
cpu,CWRU,model_only,K1,True,2,112,10.709868976846337
cpu,CWRU,model_only,K1,True,2,113,10.620840010233223
cpu,CWRU,model_only,K1,True,2,114,10.537591006141156
cpu,CWRU,model_only,K1,True,2,115,10.626575036440045
cpu,CWRU,model_only,K1,True,2,116,10.519881965592504
cpu,CWRU,model_only,K1,True,2,117,10.564341966528445
cpu,CWRU,model_only,K1,True,2,118,10.515396017581224
cpu,CWRU,model_only,K1,True,2,119,10.5394939891994
cpu,CWRU,model_only,K1,True,2,120,10.526643018238246
cpu,CWRU,model_only,K1,True,2,121,10.573451989330351
cpu,CWRU,model_only,K1,True,2,122,10.584842006210238
cpu,CWRU,model_only,K1,True,2,123,10.527157981414348
cpu,CWRU,model_only,K1,True,2,124,10.546285018790513
cpu,CWRU,model_only,K1,True,2,125,10.588146978989244
cpu,CWRU,model_only,K1,True,2,126,10.5102329980582
cpu,CWRU,model_only,K1,True,2,127,10.579281020909548
cpu,CWRU,model_only,K1,True,2,128,10.543590993620455
cpu,CWRU,model_only,K1,True,2,129,10.566797980573028
cpu,CWRU,model_only,K1,True,2,130,10.523258009925485
cpu,CWRU,model_only,K1,True,2,131,10.545041994191706
cpu,CWRU,model_only,K1,True,2,132,10.64143399707973
cpu,CWRU,model_only,K1,True,2,133,10.721169994212687
cpu,CWRU,model_only,K1,True,2,134,10.5714249657467
cpu,CWRU,model_only,K1,True,2,135,10.640899010468274
cpu,CWRU,model_only,K1,True,2,136,10.575026972219348
cpu,CWRU,model_only,K1,True,2,137,10.550285980571061
cpu,CWRU,model_only,K1,True,2,138,10.554734035395086
cpu,CWRU,model_only,K1,True,2,139,10.639114014338702
cpu,CWRU,model_only,K1,True,2,140,10.53130702348426
cpu,CWRU,model_only,K1,True,2,141,10.545802011620253
cpu,CWRU,model_only,K1,True,2,142,10.686787019949406
cpu,CWRU,model_only,K1,True,2,143,10.552069987170398
cpu,CWRU,model_only,K1,True,2,144,10.596448031719774
cpu,CWRU,model_only,K1,True,2,145,10.59873797930777
cpu,CWRU,model_only,K1,True,2,146,10.533246968407184
cpu,CWRU,model_only,K1,True,2,147,10.549606988206506
cpu,CWRU,model_only,K1,True,2,148,10.589037963654846
cpu,CWRU,model_only,K1,True,2,149,10.519061994273216
cpu,CWRU,model_only,K1,True,2,150,10.583753988612443
cpu,CWRU,model_only,K1,True,2,151,10.565445001702756
cpu,CWRU,model_only,K1,True,2,152,10.53599501028657
cpu,CWRU,model_only,K1,True,2,153,10.566385986749083
cpu,CWRU,model_only,K1,True,2,154,10.592942999210209
cpu,CWRU,model_only,K1,True,2,155,11.146606993861496
cpu,CWRU,model_only,K1,True,2,156,11.071138025727123
cpu,CWRU,model_only,K1,True,2,157,10.734958981629461
cpu,CWRU,model_only,K1,True,2,158,10.615799983497709
cpu,CWRU,model_only,K1,True,2,159,10.53850498283282
cpu,CWRU,model_only,K1,True,2,160,10.565342963673174
cpu,CWRU,model_only,K1,True,2,161,10.607251024339348
cpu,CWRU,model_only,K1,True,2,162,10.601395973935723
cpu,CWRU,model_only,K1,True,2,163,10.561173956375569
cpu,CWRU,model_only,K1,True,2,164,10.74962894199416
cpu,CWRU,model_only,K1,True,2,165,10.583846014924347
cpu,CWRU,model_only,K1,True,2,166,10.782591009046882
cpu,CWRU,model_only,K1,True,2,167,10.527894017286599
cpu,CWRU,model_only,K1,True,2,168,10.55005902890116
cpu,CWRU,model_only,K1,True,2,169,10.574667016044259
cpu,CWRU,model_only,K1,True,2,170,10.565541044343263
cpu,CWRU,model_only,K1,True,2,171,10.743185004685074
cpu,CWRU,model_only,K1,True,2,172,10.542015021201223
cpu,CWRU,model_only,K1,True,2,173,10.79477503662929
cpu,CWRU,model_only,K1,True,2,174,10.674908000510186
cpu,CWRU,model_only,K1,True,2,175,10.61228901380673
cpu,CWRU,model_only,K1,True,2,176,10.562907962594181
cpu,CWRU,model_only,K1,True,2,177,10.590635007247329
cpu,CWRU,model_only,K1,True,2,178,10.554382984992117
cpu,CWRU,model_only,K1,True,2,179,10.510937951039523
cpu,CWRU,model_only,K1,True,2,180,10.501559998374432
cpu,CWRU,model_only,K1,True,2,181,10.529255028814077
cpu,CWRU,model_only,K1,True,2,182,10.511150991078466
cpu,CWRU,model_only,K1,True,2,183,10.583662951830775
cpu,CWRU,model_only,K1,True,2,184,10.568608005996794
cpu,CWRU,model_only,K1,True,2,185,10.652419994585216
cpu,CWRU,model_only,K1,True,2,186,10.590788966510445
cpu,CWRU,model_only,K1,True,2,187,10.6252430123277
cpu,CWRU,model_only,K1,True,2,188,10.578122979495674
cpu,CWRU,model_only,K1,True,2,189,10.581984010059386
cpu,CWRU,model_only,K1,True,2,190,10.511483007576317
cpu,CWRU,model_only,K1,True,2,191,10.517426999285817
cpu,CWRU,model_only,K1,True,2,192,10.602088004816324
cpu,CWRU,model_only,K1,True,2,193,10.582107002846897
cpu,CWRU,model_only,K1,True,2,194,10.658720042556524
cpu,CWRU,model_only,K1,True,2,195,10.630310978740454
cpu,CWRU,model_only,K1,True,2,196,10.594335966743529
cpu,CWRU,model_only,K1,True,2,197,10.58610196923837
cpu,CWRU,model_only,K1,True,2,198,10.565864969976246
cpu,CWRU,model_only,K1,True,2,199,10.573239007499069
cpu,CWRU,model_only,K1,True,2,200,10.575799969956279
cpu,CWRU,model_only,K1,True,2,201,10.563126008491963
cpu,CWRU,model_only,K1,True,2,202,10.584172967355698
cpu,CWRU,model_only,K1,True,2,203,10.505927028134465
cpu,CWRU,model_only,K1,True,2,204,10.56810503359884
cpu,CWRU,model_only,K1,True,2,205,10.567957011517137
cpu,CWRU,model_only,K1,True,2,206,10.730476991739124
cpu,CWRU,model_only,K1,True,2,207,10.631472046952695
cpu,CWRU,model_only,K1,True,2,208,10.598357999697328
cpu,CWRU,model_only,K1,True,2,209,10.551145009230822
cpu,CWRU,model_only,K1,True,2,210,10.558034002315253
cpu,CWRU,model_only,K1,True,2,211,10.538428032305092
cpu,CWRU,model_only,K1,True,2,212,10.5178719968535
cpu,CWRU,model_only,K1,True,2,213,10.537421971093863
cpu,CWRU,model_only,K1,True,2,214,10.56766603142023
cpu,CWRU,model_only,K1,True,2,215,10.579451045487076
cpu,CWRU,model_only,K1,True,2,216,10.756891046185046
cpu,CWRU,model_only,K1,True,2,217,10.540786024648696
cpu,CWRU,model_only,K1,True,2,218,10.539634968154132
cpu,CWRU,model_only,K1,True,2,219,10.524056968279183
cpu,CWRU,model_only,K1,True,2,220,10.532816988416016
cpu,CWRU,model_only,K1,True,2,221,10.570409998763353
cpu,CWRU,model_only,K1,True,2,222,10.50866802688688
cpu,CWRU,model_only,K1,True,2,223,10.564785043243319
cpu,CWRU,model_only,K1,True,2,224,10.548402031417936
cpu,CWRU,model_only,K1,True,2,225,10.552704974543303
cpu,CWRU,model_only,K1,True,2,226,10.525310994125903
cpu,CWRU,model_only,K1,True,2,227,10.543404961936176
cpu,CWRU,model_only,K1,True,2,228,10.612539015710354
cpu,CWRU,model_only,K1,True,2,229,10.558995010796934
cpu,CWRU,model_only,K1,True,2,230,10.768987995106727
cpu,CWRU,model_only,K1,True,2,231,10.855205007828772
cpu,CWRU,model_only,K1,True,2,232,10.53832401521504
cpu,CWRU,model_only,K1,True,2,233,10.57882298482582
cpu,CWRU,model_only,K1,True,2,234,10.532159998547286
cpu,CWRU,model_only,K1,True,2,235,10.524986020755023
cpu,CWRU,model_only,K1,True,2,236,10.531464009545743
cpu,CWRU,model_only,K1,True,2,237,10.752586997114122
cpu,CWRU,model_only,K1,True,2,238,10.561113012954593
cpu,CWRU,model_only,K1,True,2,239,10.588795004878193
cpu,CWRU,model_only,K1,True,2,240,10.917492967564613
cpu,CWRU,model_only,K1,True,2,241,10.717346973251551
cpu,CWRU,model_only,K1,True,2,242,10.629218013491482
cpu,CWRU,model_only,K1,True,2,243,10.602230031508952
cpu,CWRU,model_only,K1,True,2,244,10.57589502306655
cpu,CWRU,model_only,K1,True,2,245,10.521021962631494
cpu,CWRU,model_only,K1,True,2,246,10.58696600375697
cpu,CWRU,model_only,K1,True,2,247,10.567505029030144
cpu,CWRU,model_only,K1,True,2,248,10.520698968321085
cpu,CWRU,model_only,K1,True,2,249,11.19246199959889
cpu,CWRU,model_only,K1,True,3,0,10.780428012367338
cpu,CWRU,model_only,K1,True,3,1,10.598730004858226
cpu,CWRU,model_only,K1,True,3,2,10.900175024289638
cpu,CWRU,model_only,K1,True,3,3,10.540888994000852
cpu,CWRU,model_only,K1,True,3,4,10.565790988039225
cpu,CWRU,model_only,K1,True,3,5,10.56814199546352
cpu,CWRU,model_only,K1,True,3,6,10.508637002203614
cpu,CWRU,model_only,K1,True,3,7,10.57621103245765
cpu,CWRU,model_only,K1,True,3,8,10.763911006506532
cpu,CWRU,model_only,K1,True,3,9,10.633475030772388
cpu,CWRU,model_only,K1,True,3,10,10.58197399834171
cpu,CWRU,model_only,K1,True,3,11,10.577137989457697
cpu,CWRU,model_only,K1,True,3,12,10.531569016166031
cpu,CWRU,model_only,K1,True,3,13,10.540847957599908
cpu,CWRU,model_only,K1,True,3,14,10.549573984462768
cpu,CWRU,model_only,K1,True,3,15,10.53327601402998
cpu,CWRU,model_only,K1,True,3,16,10.598150023724884
cpu,CWRU,model_only,K1,True,3,17,10.520743962842971
cpu,CWRU,model_only,K1,True,3,18,10.747712978627533
cpu,CWRU,model_only,K1,True,3,19,10.477891017217189
cpu,CWRU,model_only,K1,True,3,20,10.706839035265148
cpu,CWRU,model_only,K1,True,3,21,10.702339000999928
cpu,CWRU,model_only,K1,True,3,22,11.031766014639288
cpu,CWRU,model_only,K1,True,3,23,10.730123962275684
cpu,CWRU,model_only,K1,True,3,24,10.631521989125758
cpu,CWRU,model_only,K1,True,3,25,10.54035103879869
cpu,CWRU,model_only,K1,True,3,26,10.548354999627918
cpu,CWRU,model_only,K1,True,3,27,10.564748023170978
cpu,CWRU,model_only,K1,True,3,28,10.558886977378279
cpu,CWRU,model_only,K1,True,3,29,10.581260023172945
cpu,CWRU,model_only,K1,True,3,30,10.534044995438308
cpu,CWRU,model_only,K1,True,3,31,10.578062967397273
cpu,CWRU,model_only,K1,True,3,32,10.585197014734149
cpu,CWRU,model_only,K1,True,3,33,10.50411001779139
cpu,CWRU,model_only,K1,True,3,34,10.505441983696073
cpu,CWRU,model_only,K1,True,3,35,10.54386398755014
cpu,CWRU,model_only,K1,True,3,36,10.483090998604894
cpu,CWRU,model_only,K1,True,3,37,10.563245974481106
cpu,CWRU,model_only,K1,True,3,38,10.544639022555202
cpu,CWRU,model_only,K1,True,3,39,10.55861497297883
cpu,CWRU,model_only,K1,True,3,40,10.562189971096814
cpu,CWRU,model_only,K1,True,3,41,10.685871995519847
cpu,CWRU,model_only,K1,True,3,42,10.585083975456655
cpu,CWRU,model_only,K1,True,3,43,10.57823799783364
cpu,CWRU,model_only,K1,True,3,44,10.529700957704335
cpu,CWRU,model_only,K1,True,3,45,10.546545963734388
cpu,CWRU,model_only,K1,True,3,46,10.504898033104837
cpu,CWRU,model_only,K1,True,3,47,10.667180002201349
cpu,CWRU,model_only,K1,True,3,48,10.567461955361068
cpu,CWRU,model_only,K1,True,3,49,10.528103040996939
cpu,CWRU,model_only,K1,True,3,50,10.782048047985882
cpu,CWRU,model_only,K1,True,3,51,11.425317963585258
cpu,CWRU,model_only,K1,True,3,52,11.57879998208955
cpu,CWRU,model_only,K1,True,3,53,11.611838999669999
cpu,CWRU,model_only,K1,True,3,54,11.615485011134297
cpu,CWRU,model_only,K1,True,3,55,11.574715957976878
cpu,CWRU,model_only,K1,True,3,56,11.193104030098766
cpu,CWRU,model_only,K1,True,3,57,10.782263008877635
cpu,CWRU,model_only,K1,True,3,58,10.727769986260682
cpu,CWRU,model_only,K1,True,3,59,10.567200952209532
cpu,CWRU,model_only,K1,True,3,60,10.587950993794948
cpu,CWRU,model_only,K1,True,3,61,10.58786897920072
cpu,CWRU,model_only,K1,True,3,62,10.744313010945916
cpu,CWRU,model_only,K1,True,3,63,10.7975960127078
cpu,CWRU,model_only,K1,True,3,64,10.613683960400522
cpu,CWRU,model_only,K1,True,3,65,10.573058971203864
cpu,CWRU,model_only,K1,True,3,66,10.58384997304529
cpu,CWRU,model_only,K1,True,3,67,10.574814979918301
cpu,CWRU,model_only,K1,True,3,68,10.547354992013425
cpu,CWRU,model_only,K1,True,3,69,10.565022996161133
cpu,CWRU,model_only,K1,True,3,70,10.524688987061381
cpu,CWRU,model_only,K1,True,3,71,10.738720011431724
cpu,CWRU,model_only,K1,True,3,72,10.584720002952963
cpu,CWRU,model_only,K1,True,3,73,10.606037976685911
cpu,CWRU,model_only,K1,True,3,74,10.568869998678565
cpu,CWRU,model_only,K1,True,3,75,10.559706017374992
cpu,CWRU,model_only,K1,True,3,76,10.559100017417222
cpu,CWRU,model_only,K1,True,3,77,10.519034054595977
cpu,CWRU,model_only,K1,True,3,78,10.490351996850222
cpu,CWRU,model_only,K1,True,3,79,10.511875967495143
cpu,CWRU,model_only,K1,True,3,80,10.536026966292411
cpu,CWRU,model_only,K1,True,3,81,10.533550987020135
cpu,CWRU,model_only,K1,True,3,82,10.573512990958989
cpu,CWRU,model_only,K1,True,3,83,10.594799008686095
cpu,CWRU,model_only,K1,True,3,84,10.527317994274199
cpu,CWRU,model_only,K1,True,3,85,10.510192019864917
cpu,CWRU,model_only,K1,True,3,86,10.541003022808582
cpu,CWRU,model_only,K1,True,3,87,10.515349043998867
cpu,CWRU,model_only,K1,True,3,88,10.507719998713583
cpu,CWRU,model_only,K1,True,3,89,10.538940958213061
cpu,CWRU,model_only,K1,True,3,90,10.522263997700065
cpu,CWRU,model_only,K1,True,3,91,10.560024995356798
cpu,CWRU,model_only,K1,True,3,92,10.613379999995232
cpu,CWRU,model_only,K1,True,3,93,11.432202998548746
cpu,CWRU,model_only,K1,True,3,94,11.405520024709404
cpu,CWRU,model_only,K1,True,3,95,11.206899012904614
cpu,CWRU,model_only,K1,True,3,96,10.744658997282386
cpu,CWRU,model_only,K1,True,3,97,10.526799014769495
cpu,CWRU,model_only,K1,True,3,98,10.556785971857607
cpu,CWRU,model_only,K1,True,3,99,10.562894982285798
cpu,CWRU,model_only,K1,True,3,100,10.575634019915015
cpu,CWRU,model_only,K1,True,3,101,10.566523997113109
cpu,CWRU,model_only,K1,True,3,102,10.556995985098183
cpu,CWRU,model_only,K1,True,3,103,10.759552998933941
cpu,CWRU,model_only,K1,True,3,104,10.69632195867598
cpu,CWRU,model_only,K1,True,3,105,10.56571101071313
cpu,CWRU,model_only,K1,True,3,106,10.537492053117603
cpu,CWRU,model_only,K1,True,3,107,10.574029001872987
cpu,CWRU,model_only,K1,True,3,108,10.552677034866065
cpu,CWRU,model_only,K1,True,3,109,10.560836992226541
cpu,CWRU,model_only,K1,True,3,110,10.655179037712514
cpu,CWRU,model_only,K1,True,3,111,10.521440010052174
cpu,CWRU,model_only,K1,True,3,112,10.757689946331084
cpu,CWRU,model_only,K1,True,3,113,10.764513979665935
cpu,CWRU,model_only,K1,True,3,114,10.577037057373673
cpu,CWRU,model_only,K1,True,3,115,10.530668019782752
cpu,CWRU,model_only,K1,True,3,116,10.559935995843261
cpu,CWRU,model_only,K1,True,3,117,10.515731002669781
cpu,CWRU,model_only,K1,True,3,118,10.573939944151789
cpu,CWRU,model_only,K1,True,3,119,10.626349016092718
cpu,CWRU,model_only,K1,True,3,120,10.577130946330726
cpu,CWRU,model_only,K1,True,3,121,10.528008977416903
cpu,CWRU,model_only,K1,True,3,122,10.583139024674892
cpu,CWRU,model_only,K1,True,3,123,10.558525042142719
cpu,CWRU,model_only,K1,True,3,124,10.57215197943151
cpu,CWRU,model_only,K1,True,3,125,10.556467983406037
cpu,CWRU,model_only,K1,True,3,126,10.546912963036448
cpu,CWRU,model_only,K1,True,3,127,10.535408975556493
cpu,CWRU,model_only,K1,True,3,128,10.597290005534887
cpu,CWRU,model_only,K1,True,3,129,10.554939042776823
cpu,CWRU,model_only,K1,True,3,130,10.56922401767224
cpu,CWRU,model_only,K1,True,3,131,10.5582179967314
cpu,CWRU,model_only,K1,True,3,132,10.526623984333128
cpu,CWRU,model_only,K1,True,3,133,10.565856005996466
cpu,CWRU,model_only,K1,True,3,134,10.663164022844285
cpu,CWRU,model_only,K1,True,3,135,10.627961019054055
cpu,CWRU,model_only,K1,True,3,136,10.597811022307724
cpu,CWRU,model_only,K1,True,3,137,10.514056019019336
cpu,CWRU,model_only,K1,True,3,138,10.525754012633115
cpu,CWRU,model_only,K1,True,3,139,10.571572987828404
cpu,CWRU,model_only,K1,True,3,140,10.568714002147317
cpu,CWRU,model_only,K1,True,3,141,10.567451012320817
cpu,CWRU,model_only,K1,True,3,142,10.482887970283628
cpu,CWRU,model_only,K1,True,3,143,10.598671971820295
cpu,CWRU,model_only,K1,True,3,144,10.554564010817558
cpu,CWRU,model_only,K1,True,3,145,10.508598992601037
cpu,CWRU,model_only,K1,True,3,146,10.568469006102532
cpu,CWRU,model_only,K1,True,3,147,10.626667994074523
cpu,CWRU,model_only,K1,True,3,148,10.543294018134475
cpu,CWRU,model_only,K1,True,3,149,10.52356098080054
cpu,CWRU,model_only,K1,True,3,150,10.513262008316815
cpu,CWRU,model_only,K1,True,3,151,10.548223974183202
cpu,CWRU,model_only,K1,True,3,152,10.581992042716593
cpu,CWRU,model_only,K1,True,3,153,10.563370015006512
cpu,CWRU,model_only,K1,True,3,154,10.558842972386628
cpu,CWRU,model_only,K1,True,3,155,10.492515983060002
cpu,CWRU,model_only,K1,True,3,156,10.592146019916981
cpu,CWRU,model_only,K1,True,3,157,10.505337966606021
cpu,CWRU,model_only,K1,True,3,158,10.563186020590365
cpu,CWRU,model_only,K1,True,3,159,10.615709004923701
cpu,CWRU,model_only,K1,True,3,160,10.506502003408968
cpu,CWRU,model_only,K1,True,3,161,10.499644035007805
cpu,CWRU,model_only,K1,True,3,162,10.591223021037877
cpu,CWRU,model_only,K1,True,3,163,10.510995984077454
cpu,CWRU,model_only,K1,True,3,164,10.754462971817702
cpu,CWRU,model_only,K1,True,3,165,10.832070023752749
cpu,CWRU,model_only,K1,True,3,166,11.112990963738412
cpu,CWRU,model_only,K1,True,3,167,11.108842969406396
cpu,CWRU,model_only,K1,True,3,168,10.635847982484847
cpu,CWRU,model_only,K1,True,3,169,10.596145992167294
cpu,CWRU,model_only,K1,True,3,170,10.671446972992271
cpu,CWRU,model_only,K1,True,3,171,10.612557001877576
cpu,CWRU,model_only,K1,True,3,172,10.54228696739301
cpu,CWRU,model_only,K1,True,3,173,10.542244999669492
cpu,CWRU,model_only,K1,True,3,174,10.57137898169458
cpu,CWRU,model_only,K1,True,3,175,10.543931042775512
cpu,CWRU,model_only,K1,True,3,176,10.562337003648281
cpu,CWRU,model_only,K1,True,3,177,10.553724016062915
cpu,CWRU,model_only,K1,True,3,178,10.572600003797561
cpu,CWRU,model_only,K1,True,3,179,10.555492015555501
cpu,CWRU,model_only,K1,True,3,180,10.531393985729665
cpu,CWRU,model_only,K1,True,3,181,10.55277098203078
cpu,CWRU,model_only,K1,True,3,182,10.557652974966913
cpu,CWRU,model_only,K1,True,3,183,10.511318978387862
cpu,CWRU,model_only,K1,True,3,184,10.648892959579825
cpu,CWRU,model_only,K1,True,3,185,10.529755963943899
cpu,CWRU,model_only,K1,True,3,186,10.57258405489847
cpu,CWRU,model_only,K1,True,3,187,10.81384700955823
cpu,CWRU,model_only,K1,True,3,188,10.57701202807948
cpu,CWRU,model_only,K1,True,3,189,10.821849980857223
cpu,CWRU,model_only,K1,True,3,190,10.53866499569267
cpu,CWRU,model_only,K1,True,3,191,10.58769499650225
cpu,CWRU,model_only,K1,True,3,192,10.552032967098057
cpu,CWRU,model_only,K1,True,3,193,10.508992010727525
cpu,CWRU,model_only,K1,True,3,194,10.560938972048461
cpu,CWRU,model_only,K1,True,3,195,10.522845026571304
cpu,CWRU,model_only,K1,True,3,196,10.515186993870884
cpu,CWRU,model_only,K1,True,3,197,10.599368019029498
cpu,CWRU,model_only,K1,True,3,198,10.766382969450206
cpu,CWRU,model_only,K1,True,3,199,10.665547975804657
cpu,CWRU,model_only,K1,True,3,200,10.543051001150161
cpu,CWRU,model_only,K1,True,3,201,10.55471901781857
cpu,CWRU,model_only,K1,True,3,202,10.892645979765803
cpu,CWRU,model_only,K1,True,3,203,10.895596002228558
cpu,CWRU,model_only,K1,True,3,204,10.603855014778674
cpu,CWRU,model_only,K1,True,3,205,10.511555999983102
cpu,CWRU,model_only,K1,True,3,206,10.578785964753479
cpu,CWRU,model_only,K1,True,3,207,10.712364979553968
cpu,CWRU,model_only,K1,True,3,208,10.555516986642033
cpu,CWRU,model_only,K1,True,3,209,10.596329986583441
cpu,CWRU,model_only,K1,True,3,210,10.544291988480836
cpu,CWRU,model_only,K1,True,3,211,10.535162989981472
cpu,CWRU,model_only,K1,True,3,212,10.542063973844051
cpu,CWRU,model_only,K1,True,3,213,10.56379801593721
cpu,CWRU,model_only,K1,True,3,214,10.59069501934573
cpu,CWRU,model_only,K1,True,3,215,10.556975961662829
cpu,CWRU,model_only,K1,True,3,216,10.550458973739296
cpu,CWRU,model_only,K1,True,3,217,10.560357011854649
cpu,CWRU,model_only,K1,True,3,218,10.55828301468864
cpu,CWRU,model_only,K1,True,3,219,10.581984999589622
cpu,CWRU,model_only,K1,True,3,220,10.531503008678555
cpu,CWRU,model_only,K1,True,3,221,10.570704995188862
cpu,CWRU,model_only,K1,True,3,222,10.57547703385353
cpu,CWRU,model_only,K1,True,3,223,10.523206030484289
cpu,CWRU,model_only,K1,True,3,224,10.641024971846491
cpu,CWRU,model_only,K1,True,3,225,10.630520002450794
cpu,CWRU,model_only,K1,True,3,226,10.563971009105444
cpu,CWRU,model_only,K1,True,3,227,10.61228197067976
cpu,CWRU,model_only,K1,True,3,228,10.514552996028215
cpu,CWRU,model_only,K1,True,3,229,10.638588981237262
cpu,CWRU,model_only,K1,True,3,230,10.59556199470535
cpu,CWRU,model_only,K1,True,3,231,10.559948976151645
cpu,CWRU,model_only,K1,True,3,232,10.568244033493102
cpu,CWRU,model_only,K1,True,3,233,10.58939000358805
cpu,CWRU,model_only,K1,True,3,234,10.551512008532882
cpu,CWRU,model_only,K1,True,3,235,10.621857014484704
cpu,CWRU,model_only,K1,True,3,236,10.576934029813856
cpu,CWRU,model_only,K1,True,3,237,10.558275040239096
cpu,CWRU,model_only,K1,True,3,238,10.536145011428744
cpu,CWRU,model_only,K1,True,3,239,10.576104978099465
cpu,CWRU,model_only,K1,True,3,240,10.560630005784333
cpu,CWRU,model_only,K1,True,3,241,10.60871296795085
cpu,CWRU,model_only,K1,True,3,242,10.551339015364647
cpu,CWRU,model_only,K1,True,3,243,10.52490301663056
cpu,CWRU,model_only,K1,True,3,244,10.525987017899752
cpu,CWRU,model_only,K1,True,3,245,10.467756015714258
cpu,CWRU,model_only,K1,True,3,246,10.556161985732615
cpu,CWRU,model_only,K1,True,3,247,10.583023016806692
cpu,CWRU,model_only,K1,True,3,248,10.670714022126049
cpu,CWRU,model_only,K1,True,3,249,10.71363699156791
cpu,CWRU,model_only,Full-S1,True,3,0,20.381456008180976
cpu,CWRU,model_only,Full-S1,True,3,1,19.968316017184407
cpu,CWRU,model_only,Full-S1,True,3,2,19.898159021977335
cpu,CWRU,model_only,Full-S1,True,3,3,19.79205198585987
cpu,CWRU,model_only,Full-S1,True,3,4,19.85789299942553
cpu,CWRU,model_only,Full-S1,True,3,5,19.732960034161806
cpu,CWRU,model_only,Full-S1,True,3,6,20.11655201204121
cpu,CWRU,model_only,Full-S1,True,3,7,19.935467978939414
cpu,CWRU,model_only,Full-S1,True,3,8,19.769803970120847
cpu,CWRU,model_only,Full-S1,True,3,9,19.855480990372598
cpu,CWRU,model_only,Full-S1,True,3,10,19.80560796801001
cpu,CWRU,model_only,Full-S1,True,3,11,19.84828303102404
cpu,CWRU,model_only,Full-S1,True,3,12,19.846760958898813
cpu,CWRU,model_only,Full-S1,True,3,13,19.832074001897126
cpu,CWRU,model_only,Full-S1,True,3,14,19.789039972238243
cpu,CWRU,model_only,Full-S1,True,3,15,19.762134994380176
cpu,CWRU,model_only,Full-S1,True,3,16,19.791192025877535
cpu,CWRU,model_only,Full-S1,True,3,17,20.383629016578197
cpu,CWRU,model_only,Full-S1,True,3,18,23.057834012433887
cpu,CWRU,model_only,Full-S1,True,3,19,21.730716980528086
cpu,CWRU,model_only,Full-S1,True,3,20,21.128849999513477
cpu,CWRU,model_only,Full-S1,True,3,21,20.074482017662376
cpu,CWRU,model_only,Full-S1,True,3,22,20.399309985805303
cpu,CWRU,model_only,Full-S1,True,3,23,20.155566977337003
cpu,CWRU,model_only,Full-S1,True,3,24,19.989421998616308
cpu,CWRU,model_only,Full-S1,True,3,25,20.04993800073862
cpu,CWRU,model_only,Full-S1,True,3,26,20.114900020416826
cpu,CWRU,model_only,Full-S1,True,3,27,20.297427021432668
cpu,CWRU,model_only,Full-S1,True,3,28,19.88130802055821
cpu,CWRU,model_only,Full-S1,True,3,29,19.894866039976478
cpu,CWRU,model_only,Full-S1,True,3,30,19.83424194622785
cpu,CWRU,model_only,Full-S1,True,3,31,19.753849017433822
cpu,CWRU,model_only,Full-S1,True,3,32,19.771002989728004
cpu,CWRU,model_only,Full-S1,True,3,33,19.799596979282796
cpu,CWRU,model_only,Full-S1,True,3,34,19.85933299874887
cpu,CWRU,model_only,Full-S1,True,3,35,19.79527698131278
cpu,CWRU,model_only,Full-S1,True,3,36,19.767055986449122
cpu,CWRU,model_only,Full-S1,True,3,37,19.766288984101266
cpu,CWRU,model_only,Full-S1,True,3,38,19.825971976388246
cpu,CWRU,model_only,Full-S1,True,3,39,19.759882998187095
cpu,CWRU,model_only,Full-S1,True,3,40,19.841812958475202
cpu,CWRU,model_only,Full-S1,True,3,41,19.867040973622352
cpu,CWRU,model_only,Full-S1,True,3,42,19.857523031532764
cpu,CWRU,model_only,Full-S1,True,3,43,19.773278036154807
cpu,CWRU,model_only,Full-S1,True,3,44,19.820713030640036
cpu,CWRU,model_only,Full-S1,True,3,45,19.82151996344328
cpu,CWRU,model_only,Full-S1,True,3,46,19.83511302387342
cpu,CWRU,model_only,Full-S1,True,3,47,19.822506001219153
cpu,CWRU,model_only,Full-S1,True,3,48,19.833919999655336
cpu,CWRU,model_only,Full-S1,True,3,49,19.79373604990542
cpu,CWRU,model_only,Full-S1,True,3,50,19.827462965622544
cpu,CWRU,model_only,Full-S1,True,3,51,19.80344601906836
cpu,CWRU,model_only,Full-S1,True,3,52,19.808562996331602
cpu,CWRU,model_only,Full-S1,True,3,53,19.789940037298948
cpu,CWRU,model_only,Full-S1,True,3,54,19.93308903183788
cpu,CWRU,model_only,Full-S1,True,3,55,19.816208980046213
cpu,CWRU,model_only,Full-S1,True,3,56,19.891983014531434
cpu,CWRU,model_only,Full-S1,True,3,57,19.859944994095713
cpu,CWRU,model_only,Full-S1,True,3,58,19.748368009459227
cpu,CWRU,model_only,Full-S1,True,3,59,19.736423040740192
cpu,CWRU,model_only,Full-S1,True,3,60,19.804609997663647
cpu,CWRU,model_only,Full-S1,True,3,61,19.8070959886536
cpu,CWRU,model_only,Full-S1,True,3,62,19.81946697924286
cpu,CWRU,model_only,Full-S1,True,3,63,19.777765963226557
cpu,CWRU,model_only,Full-S1,True,3,64,19.817769003566355
cpu,CWRU,model_only,Full-S1,True,3,65,19.754282024223357
cpu,CWRU,model_only,Full-S1,True,3,66,19.834259001072496
cpu,CWRU,model_only,Full-S1,True,3,67,20.415133971255273
cpu,CWRU,model_only,Full-S1,True,3,68,20.037412992678583
cpu,CWRU,model_only,Full-S1,True,3,69,19.93446098640561
cpu,CWRU,model_only,Full-S1,True,3,70,19.821018038783222
cpu,CWRU,model_only,Full-S1,True,3,71,19.75743699586019
cpu,CWRU,model_only,Full-S1,True,3,72,19.79057799326256
cpu,CWRU,model_only,Full-S1,True,3,73,19.870708987582475
cpu,CWRU,model_only,Full-S1,True,3,74,19.90877598291263
cpu,CWRU,model_only,Full-S1,True,3,75,19.787931989412755
cpu,CWRU,model_only,Full-S1,True,3,76,19.770095008425415
cpu,CWRU,model_only,Full-S1,True,3,77,20.17636498203501
cpu,CWRU,model_only,Full-S1,True,3,78,21.091389004141092
cpu,CWRU,model_only,Full-S1,True,3,79,21.47379401139915
cpu,CWRU,model_only,Full-S1,True,3,80,21.908163034822792
cpu,CWRU,model_only,Full-S1,True,3,81,21.725888014771044
cpu,CWRU,model_only,Full-S1,True,3,82,20.612345018889755
cpu,CWRU,model_only,Full-S1,True,3,83,20.060490001924336
cpu,CWRU,model_only,Full-S1,True,3,84,19.905267981812358
cpu,CWRU,model_only,Full-S1,True,3,85,20.3176669892855
cpu,CWRU,model_only,Full-S1,True,3,86,19.938135985285044
cpu,CWRU,model_only,Full-S1,True,3,87,19.81923502171412
cpu,CWRU,model_only,Full-S1,True,3,88,19.784271018579602
cpu,CWRU,model_only,Full-S1,True,3,89,19.866464019287378
cpu,CWRU,model_only,Full-S1,True,3,90,19.836451043374836
cpu,CWRU,model_only,Full-S1,True,3,91,19.815315026789904
cpu,CWRU,model_only,Full-S1,True,3,92,19.817839027382433
cpu,CWRU,model_only,Full-S1,True,3,93,19.79501300957054
cpu,CWRU,model_only,Full-S1,True,3,94,19.798292021732777
cpu,CWRU,model_only,Full-S1,True,3,95,19.73640697542578
cpu,CWRU,model_only,Full-S1,True,3,96,20.088343997485936
cpu,CWRU,model_only,Full-S1,True,3,97,19.875887024682015
cpu,CWRU,model_only,Full-S1,True,3,98,19.813265011180192
cpu,CWRU,model_only,Full-S1,True,3,99,19.96257103746757
cpu,CWRU,model_only,Full-S1,True,3,100,19.76504601771012
cpu,CWRU,model_only,Full-S1,True,3,101,19.858207961078733
cpu,CWRU,model_only,Full-S1,True,3,102,19.830161007121205
cpu,CWRU,model_only,Full-S1,True,3,103,19.767770019825548
cpu,CWRU,model_only,Full-S1,True,3,104,19.7952080052346
cpu,CWRU,model_only,Full-S1,True,3,105,19.76552401902154
cpu,CWRU,model_only,Full-S1,True,3,106,19.792495004367083
cpu,CWRU,model_only,Full-S1,True,3,107,19.842532987240702
cpu,CWRU,model_only,Full-S1,True,3,108,19.82683700043708
cpu,CWRU,model_only,Full-S1,True,3,109,19.79128399398178
cpu,CWRU,model_only,Full-S1,True,3,110,19.801659043878317
cpu,CWRU,model_only,Full-S1,True,3,111,19.791290047578514
cpu,CWRU,model_only,Full-S1,True,3,112,19.971518020611256
cpu,CWRU,model_only,Full-S1,True,3,113,19.872566044796258
cpu,CWRU,model_only,Full-S1,True,3,114,19.793786050286144
cpu,CWRU,model_only,Full-S1,True,3,115,19.780449045356363
cpu,CWRU,model_only,Full-S1,True,3,116,20.01605898840353
cpu,CWRU,model_only,Full-S1,True,3,117,20.5554100102745
cpu,CWRU,model_only,Full-S1,True,3,118,20.02532599726692
cpu,CWRU,model_only,Full-S1,True,3,119,20.168007991742343
cpu,CWRU,model_only,Full-S1,True,3,120,19.85096395947039
cpu,CWRU,model_only,Full-S1,True,3,121,19.908301008399576
cpu,CWRU,model_only,Full-S1,True,3,122,19.955794035922736
cpu,CWRU,model_only,Full-S1,True,3,123,19.924876978620887
cpu,CWRU,model_only,Full-S1,True,3,124,20.175967016257346
cpu,CWRU,model_only,Full-S1,True,3,125,19.824971037451178
cpu,CWRU,model_only,Full-S1,True,3,126,19.938661018386483
cpu,CWRU,model_only,Full-S1,True,3,127,19.919405051041394
cpu,CWRU,model_only,Full-S1,True,3,128,19.961397047154605
cpu,CWRU,model_only,Full-S1,True,3,129,19.89266398595646
cpu,CWRU,model_only,Full-S1,True,3,130,19.794558989815414
cpu,CWRU,model_only,Full-S1,True,3,131,19.81919299578294
cpu,CWRU,model_only,Full-S1,True,3,132,19.772527972236276
cpu,CWRU,model_only,Full-S1,True,3,133,19.759386021178216
cpu,CWRU,model_only,Full-S1,True,3,134,19.79247503913939
cpu,CWRU,model_only,Full-S1,True,3,135,19.876232952810824
cpu,CWRU,model_only,Full-S1,True,3,136,19.842597015667707
cpu,CWRU,model_only,Full-S1,True,3,137,19.804314011707902
cpu,CWRU,model_only,Full-S1,True,3,138,19.769420032389462
cpu,CWRU,model_only,Full-S1,True,3,139,19.735743990167975
cpu,CWRU,model_only,Full-S1,True,3,140,19.95992398587987
cpu,CWRU,model_only,Full-S1,True,3,141,19.78455699281767
cpu,CWRU,model_only,Full-S1,True,3,142,19.79529397794977
cpu,CWRU,model_only,Full-S1,True,3,143,19.785743963439018
cpu,CWRU,model_only,Full-S1,True,3,144,19.740748044569045
cpu,CWRU,model_only,Full-S1,True,3,145,19.697582989465445
cpu,CWRU,model_only,Full-S1,True,3,146,20.254582981579006
cpu,CWRU,model_only,Full-S1,True,3,147,19.972915994003415
cpu,CWRU,model_only,Full-S1,True,3,148,19.832925987429917
cpu,CWRU,model_only,Full-S1,True,3,149,19.74469900596887
cpu,CWRU,model_only,Full-S1,True,3,150,19.929544010665268
cpu,CWRU,model_only,Full-S1,True,3,151,20.163100969512016
cpu,CWRU,model_only,Full-S1,True,3,152,19.988077983725816
cpu,CWRU,model_only,Full-S1,True,3,153,19.848793046548963
cpu,CWRU,model_only,Full-S1,True,3,154,19.805012037977576
cpu,CWRU,model_only,Full-S1,True,3,155,19.774509011767805
cpu,CWRU,model_only,Full-S1,True,3,156,19.75567702902481
cpu,CWRU,model_only,Full-S1,True,3,157,19.800664042122662
cpu,CWRU,model_only,Full-S1,True,3,158,20.107292977627367
cpu,CWRU,model_only,Full-S1,True,3,159,19.815342966467142
cpu,CWRU,model_only,Full-S1,True,3,160,19.93929798481986
cpu,CWRU,model_only,Full-S1,True,3,161,20.521493977867067
cpu,CWRU,model_only,Full-S1,True,3,162,20.052785985171795
cpu,CWRU,model_only,Full-S1,True,3,163,19.969759974628687
cpu,CWRU,model_only,Full-S1,True,3,164,19.842326000798494
cpu,CWRU,model_only,Full-S1,True,3,165,19.885036046616733
cpu,CWRU,model_only,Full-S1,True,3,166,19.8623210308142
cpu,CWRU,model_only,Full-S1,True,3,167,20.481566025409847
cpu,CWRU,model_only,Full-S1,True,3,168,20.140217966400087
cpu,CWRU,model_only,Full-S1,True,3,169,20.170672971289605
cpu,CWRU,model_only,Full-S1,True,3,170,19.900990009773523
cpu,CWRU,model_only,Full-S1,True,3,171,19.936177995987236
cpu,CWRU,model_only,Full-S1,True,3,172,19.864200963638723
cpu,CWRU,model_only,Full-S1,True,3,173,19.8313370347023
cpu,CWRU,model_only,Full-S1,True,3,174,19.938855955842882
cpu,CWRU,model_only,Full-S1,True,3,175,19.860961998347193
cpu,CWRU,model_only,Full-S1,True,3,176,19.877346989233047
cpu,CWRU,model_only,Full-S1,True,3,177,19.890338007826358
cpu,CWRU,model_only,Full-S1,True,3,178,19.988181011285633
cpu,CWRU,model_only,Full-S1,True,3,179,19.83102603117004
cpu,CWRU,model_only,Full-S1,True,3,180,20.029328006785363
cpu,CWRU,model_only,Full-S1,True,3,181,19.85653699375689
cpu,CWRU,model_only,Full-S1,True,3,182,19.813847029581666
cpu,CWRU,model_only,Full-S1,True,3,183,19.81276902370155
cpu,CWRU,model_only,Full-S1,True,3,184,19.780983973760158
cpu,CWRU,model_only,Full-S1,True,3,185,19.953351991716772
cpu,CWRU,model_only,Full-S1,True,3,186,19.840441003907472
cpu,CWRU,model_only,Full-S1,True,3,187,19.840972032397985
cpu,CWRU,model_only,Full-S1,True,3,188,19.830828008707613
cpu,CWRU,model_only,Full-S1,True,3,189,19.822016009129584
cpu,CWRU,model_only,Full-S1,True,3,190,19.761196977924556
cpu,CWRU,model_only,Full-S1,True,3,191,19.830480974633247
cpu,CWRU,model_only,Full-S1,True,3,192,19.831585988868028
cpu,CWRU,model_only,Full-S1,True,3,193,19.81342601357028
cpu,CWRU,model_only,Full-S1,True,3,194,19.811982987448573
cpu,CWRU,model_only,Full-S1,True,3,195,19.81991797219962
cpu,CWRU,model_only,Full-S1,True,3,196,19.92924901423976
cpu,CWRU,model_only,Full-S1,True,3,197,19.956206961069256
cpu,CWRU,model_only,Full-S1,True,3,198,19.816000014543533
cpu,CWRU,model_only,Full-S1,True,3,199,19.7771200328134
cpu,CWRU,model_only,Full-S1,True,3,200,19.74571298342198
cpu,CWRU,model_only,Full-S1,True,3,201,19.769467995502055
cpu,CWRU,model_only,Full-S1,True,3,202,19.852844008710235
cpu,CWRU,model_only,Full-S1,True,3,203,19.824707007501274
cpu,CWRU,model_only,Full-S1,True,3,204,19.817513995803893
cpu,CWRU,model_only,Full-S1,True,3,205,20.032809989061207
cpu,CWRU,model_only,Full-S1,True,3,206,19.936194003093988
cpu,CWRU,model_only,Full-S1,True,3,207,19.879117025993764
cpu,CWRU,model_only,Full-S1,True,3,208,20.026178972329944
cpu,CWRU,model_only,Full-S1,True,3,209,19.834824022836983
cpu,CWRU,model_only,Full-S1,True,3,210,19.874777004588395
cpu,CWRU,model_only,Full-S1,True,3,211,19.842331996187568
cpu,CWRU,model_only,Full-S1,True,3,212,19.75582295563072
cpu,CWRU,model_only,Full-S1,True,3,213,19.85069300280884
cpu,CWRU,model_only,Full-S1,True,3,214,19.854981976095587
cpu,CWRU,model_only,Full-S1,True,3,215,19.845139991957694
cpu,CWRU,model_only,Full-S1,True,3,216,19.817844033241272
cpu,CWRU,model_only,Full-S1,True,3,217,20.30402299715206
cpu,CWRU,model_only,Full-S1,True,3,218,19.949687004555017
cpu,CWRU,model_only,Full-S1,True,3,219,20.104110008105636
cpu,CWRU,model_only,Full-S1,True,3,220,19.890359020791948
cpu,CWRU,model_only,Full-S1,True,3,221,19.889673974830657
cpu,CWRU,model_only,Full-S1,True,3,222,19.88087099744007
cpu,CWRU,model_only,Full-S1,True,3,223,19.84333904692903
cpu,CWRU,model_only,Full-S1,True,3,224,19.844045978970826
cpu,CWRU,model_only,Full-S1,True,3,225,19.812278042081743
cpu,CWRU,model_only,Full-S1,True,3,226,19.968398963101208
cpu,CWRU,model_only,Full-S1,True,3,227,20.18513297662139
cpu,CWRU,model_only,Full-S1,True,3,228,20.02786099910736
cpu,CWRU,model_only,Full-S1,True,3,229,19.813646038528532
cpu,CWRU,model_only,Full-S1,True,3,230,19.871765049174428
cpu,CWRU,model_only,Full-S1,True,3,231,19.86129197757691
cpu,CWRU,model_only,Full-S1,True,3,232,19.804050971288234
cpu,CWRU,model_only,Full-S1,True,3,233,19.77399503812194
cpu,CWRU,model_only,Full-S1,True,3,234,19.87968903267756
cpu,CWRU,model_only,Full-S1,True,3,235,19.76868201745674
cpu,CWRU,model_only,Full-S1,True,3,236,19.746839010622352
cpu,CWRU,model_only,Full-S1,True,3,237,20.006132952403277
cpu,CWRU,model_only,Full-S1,True,3,238,19.825920986477286
cpu,CWRU,model_only,Full-S1,True,3,239,19.760339986532927
cpu,CWRU,model_only,Full-S1,True,3,240,19.848555035423487
cpu,CWRU,model_only,Full-S1,True,3,241,19.78090702323243
cpu,CWRU,model_only,Full-S1,True,3,242,19.78363300440833
cpu,CWRU,model_only,Full-S1,True,3,243,19.869878015015274
cpu,CWRU,model_only,Full-S1,True,3,244,19.774368032813072
cpu,CWRU,model_only,Full-S1,True,3,245,19.76384298177436
cpu,CWRU,model_only,Full-S1,True,3,246,19.78945598239079
cpu,CWRU,model_only,Full-S1,True,3,247,20.030316954944283
cpu,CWRU,model_only,Full-S1,True,3,248,19.7879999759607
cpu,CWRU,model_only,Full-S1,True,3,249,19.869450014084578
cpu,CWRU,end_to_end,Full-S1,True,0,0,20.673491002526134
cpu,CWRU,end_to_end,Full-S1,True,0,1,20.554011047352105
cpu,CWRU,end_to_end,Full-S1,True,0,2,20.42136201635003
cpu,CWRU,end_to_end,Full-S1,True,0,3,20.44814103282988
cpu,CWRU,end_to_end,Full-S1,True,0,4,20.41623997502029
cpu,CWRU,end_to_end,Full-S1,True,0,5,20.356258028186858
cpu,CWRU,end_to_end,Full-S1,True,0,6,20.352374005597085
cpu,CWRU,end_to_end,Full-S1,True,0,7,20.33127995673567
cpu,CWRU,end_to_end,Full-S1,True,0,8,20.712687983177602
cpu,CWRU,end_to_end,Full-S1,True,0,9,20.516921998932958
cpu,CWRU,end_to_end,Full-S1,True,0,10,20.413120975717902
cpu,CWRU,end_to_end,Full-S1,True,0,11,20.398024993482977
cpu,CWRU,end_to_end,Full-S1,True,0,12,20.337441994342953
cpu,CWRU,end_to_end,Full-S1,True,0,13,20.35972400335595
cpu,CWRU,end_to_end,Full-S1,True,0,14,20.38890594849363
cpu,CWRU,end_to_end,Full-S1,True,0,15,20.346481003798544
cpu,CWRU,end_to_end,Full-S1,True,0,16,20.36804601084441
cpu,CWRU,end_to_end,Full-S1,True,0,17,20.333082997240126
cpu,CWRU,end_to_end,Full-S1,True,0,18,20.308614999521524
cpu,CWRU,end_to_end,Full-S1,True,0,19,20.33859200309962
cpu,CWRU,end_to_end,Full-S1,True,0,20,20.56834497489035
cpu,CWRU,end_to_end,Full-S1,True,0,21,20.32835700083524
cpu,CWRU,end_to_end,Full-S1,True,0,22,20.2919120201841
cpu,CWRU,end_to_end,Full-S1,True,0,23,20.370877988170832
cpu,CWRU,end_to_end,Full-S1,True,0,24,20.321732969023287
cpu,CWRU,end_to_end,Full-S1,True,0,25,20.44896100414917
cpu,CWRU,end_to_end,Full-S1,True,0,26,20.59490798274055
cpu,CWRU,end_to_end,Full-S1,True,0,27,20.37276903865859
cpu,CWRU,end_to_end,Full-S1,True,0,28,20.363112969789654
cpu,CWRU,end_to_end,Full-S1,True,0,29,20.38907096721232
cpu,CWRU,end_to_end,Full-S1,True,0,30,20.329432969447225
cpu,CWRU,end_to_end,Full-S1,True,0,31,20.325232995674014
cpu,CWRU,end_to_end,Full-S1,True,0,32,20.308370993006974
cpu,CWRU,end_to_end,Full-S1,True,0,33,20.31533798435703
cpu,CWRU,end_to_end,Full-S1,True,0,34,20.3216879745014
cpu,CWRU,end_to_end,Full-S1,True,0,35,20.35497297765687
cpu,CWRU,end_to_end,Full-S1,True,0,36,20.33114799996838
cpu,CWRU,end_to_end,Full-S1,True,0,37,20.362837007269263
cpu,CWRU,end_to_end,Full-S1,True,0,38,20.366345008369535
cpu,CWRU,end_to_end,Full-S1,True,0,39,20.31271398300305
cpu,CWRU,end_to_end,Full-S1,True,0,40,20.322790020145476
cpu,CWRU,end_to_end,Full-S1,True,0,41,20.354959007818252
cpu,CWRU,end_to_end,Full-S1,True,0,42,20.313069981057197
cpu,CWRU,end_to_end,Full-S1,True,0,43,20.31455497490242
cpu,CWRU,end_to_end,Full-S1,True,0,44,20.348975027445704
cpu,CWRU,end_to_end,Full-S1,True,0,45,20.341660012491047
cpu,CWRU,end_to_end,Full-S1,True,0,46,20.673927036114037
cpu,CWRU,end_to_end,Full-S1,True,0,47,20.459007006138563
cpu,CWRU,end_to_end,Full-S1,True,0,48,20.34483099123463
cpu,CWRU,end_to_end,Full-S1,True,0,49,20.355827000457793
cpu,CWRU,end_to_end,Full-S1,True,0,50,20.334358036052436
cpu,CWRU,end_to_end,Full-S1,True,0,51,20.377988053951412
cpu,CWRU,end_to_end,Full-S1,True,0,52,20.413047983311117
cpu,CWRU,end_to_end,Full-S1,True,0,53,20.4366379766725
cpu,CWRU,end_to_end,Full-S1,True,0,54,20.374120969790965
cpu,CWRU,end_to_end,Full-S1,True,0,55,20.368145022075623
cpu,CWRU,end_to_end,Full-S1,True,0,56,20.337431982625276
cpu,CWRU,end_to_end,Full-S1,True,0,57,20.707573974505067
cpu,CWRU,end_to_end,Full-S1,True,0,58,20.543184014968574
cpu,CWRU,end_to_end,Full-S1,True,0,59,20.41675295913592
cpu,CWRU,end_to_end,Full-S1,True,0,60,20.371680962853134
cpu,CWRU,end_to_end,Full-S1,True,0,61,20.3466170351021
cpu,CWRU,end_to_end,Full-S1,True,0,62,20.348749996628612
cpu,CWRU,end_to_end,Full-S1,True,0,63,20.362987008411437
cpu,CWRU,end_to_end,Full-S1,True,0,64,20.340785034932196
cpu,CWRU,end_to_end,Full-S1,True,0,65,20.359115966130048
cpu,CWRU,end_to_end,Full-S1,True,0,66,20.336586982011795
cpu,CWRU,end_to_end,Full-S1,True,0,67,20.312658976763487
cpu,CWRU,end_to_end,Full-S1,True,0,68,20.335245004389435
cpu,CWRU,end_to_end,Full-S1,True,0,69,20.434445003047585
cpu,CWRU,end_to_end,Full-S1,True,0,70,20.43219399638474
cpu,CWRU,end_to_end,Full-S1,True,0,71,20.343712996691465
cpu,CWRU,end_to_end,Full-S1,True,0,72,20.331175008323044
cpu,CWRU,end_to_end,Full-S1,True,0,73,20.449795003514737
cpu,CWRU,end_to_end,Full-S1,True,0,74,20.379002031404525
cpu,CWRU,end_to_end,Full-S1,True,0,75,20.343084004707634
cpu,CWRU,end_to_end,Full-S1,True,0,76,20.33451001625508
cpu,CWRU,end_to_end,Full-S1,True,0,77,20.3194500063546
cpu,CWRU,end_to_end,Full-S1,True,0,78,20.352413994260132
cpu,CWRU,end_to_end,Full-S1,True,0,79,20.35912696737796
cpu,CWRU,end_to_end,Full-S1,True,0,80,20.351323997601867
cpu,CWRU,end_to_end,Full-S1,True,0,81,20.33452596515417
cpu,CWRU,end_to_end,Full-S1,True,0,82,20.337447989732027
cpu,CWRU,end_to_end,Full-S1,True,0,83,20.383593975566328
cpu,CWRU,end_to_end,Full-S1,True,0,84,20.328652986790985
cpu,CWRU,end_to_end,Full-S1,True,0,85,20.350074977613986
cpu,CWRU,end_to_end,Full-S1,True,0,86,20.354986016172916
cpu,CWRU,end_to_end,Full-S1,True,0,87,20.352026040200144
cpu,CWRU,end_to_end,Full-S1,True,0,88,20.322316035162657
cpu,CWRU,end_to_end,Full-S1,True,0,89,20.353543979581445
cpu,CWRU,end_to_end,Full-S1,True,0,90,20.3100320068188
cpu,CWRU,end_to_end,Full-S1,True,0,91,20.274766022339463
cpu,CWRU,end_to_end,Full-S1,True,0,92,20.34326904686168
cpu,CWRU,end_to_end,Full-S1,True,0,93,20.333861000835896
cpu,CWRU,end_to_end,Full-S1,True,0,94,20.34704200923443
cpu,CWRU,end_to_end,Full-S1,True,0,95,20.342321950010955
cpu,CWRU,end_to_end,Full-S1,True,0,96,20.340404007583857
cpu,CWRU,end_to_end,Full-S1,True,0,97,20.348683989141136
cpu,CWRU,end_to_end,Full-S1,True,0,98,20.41470300173387
cpu,CWRU,end_to_end,Full-S1,True,0,99,20.36518102977425
cpu,CWRU,end_to_end,Full-S1,True,0,100,20.31593502033502
cpu,CWRU,end_to_end,Full-S1,True,0,101,20.33305400982499
cpu,CWRU,end_to_end,Full-S1,True,0,102,20.360101014375687
cpu,CWRU,end_to_end,Full-S1,True,0,103,20.334026019554585
cpu,CWRU,end_to_end,Full-S1,True,0,104,20.421519002411515
cpu,CWRU,end_to_end,Full-S1,True,0,105,20.326405996456742
cpu,CWRU,end_to_end,Full-S1,True,0,106,20.732874982059002
cpu,CWRU,end_to_end,Full-S1,True,0,107,20.523482002317905
cpu,CWRU,end_to_end,Full-S1,True,0,108,20.437008002772927
cpu,CWRU,end_to_end,Full-S1,True,0,109,20.36840299842879
cpu,CWRU,end_to_end,Full-S1,True,0,110,20.40417102398351
cpu,CWRU,end_to_end,Full-S1,True,0,111,20.3739830176346
cpu,CWRU,end_to_end,Full-S1,True,0,112,20.53971402347088
cpu,CWRU,end_to_end,Full-S1,True,0,113,20.475698984228075
cpu,CWRU,end_to_end,Full-S1,True,0,114,20.3552030143328
cpu,CWRU,end_to_end,Full-S1,True,0,115,20.33758396282792
cpu,CWRU,end_to_end,Full-S1,True,0,116,20.374642976094037
cpu,CWRU,end_to_end,Full-S1,True,0,117,20.372212980873883
cpu,CWRU,end_to_end,Full-S1,True,0,118,20.49662300851196
cpu,CWRU,end_to_end,Full-S1,True,0,119,20.365688018500805
cpu,CWRU,end_to_end,Full-S1,True,0,120,20.360592985525727
cpu,CWRU,end_to_end,Full-S1,True,0,121,20.40225703967735
cpu,CWRU,end_to_end,Full-S1,True,0,122,20.341494004242122
cpu,CWRU,end_to_end,Full-S1,True,0,123,20.424152025952935
cpu,CWRU,end_to_end,Full-S1,True,0,124,20.32579598017037
cpu,CWRU,end_to_end,Full-S1,True,0,125,20.327591977547854
cpu,CWRU,end_to_end,Full-S1,True,0,126,20.380631962325424
cpu,CWRU,end_to_end,Full-S1,True,0,127,20.326421014033258
cpu,CWRU,end_to_end,Full-S1,True,0,128,20.30436001950875
cpu,CWRU,end_to_end,Full-S1,True,0,129,20.318473980296403
cpu,CWRU,end_to_end,Full-S1,True,0,130,20.318439055699855
cpu,CWRU,end_to_end,Full-S1,True,0,131,20.31216595787555
cpu,CWRU,end_to_end,Full-S1,True,0,132,20.34526999341324
cpu,CWRU,end_to_end,Full-S1,True,0,133,20.346083969343454
cpu,CWRU,end_to_end,Full-S1,True,0,134,20.364178984891623
cpu,CWRU,end_to_end,Full-S1,True,0,135,20.330864004790783
cpu,CWRU,end_to_end,Full-S1,True,0,136,20.352031977381557
cpu,CWRU,end_to_end,Full-S1,True,0,137,20.3034239821136
cpu,CWRU,end_to_end,Full-S1,True,0,138,20.287396968342364
cpu,CWRU,end_to_end,Full-S1,True,0,139,20.33411798765883
cpu,CWRU,end_to_end,Full-S1,True,0,140,20.336120040155947
cpu,CWRU,end_to_end,Full-S1,True,0,141,20.337188034318388
cpu,CWRU,end_to_end,Full-S1,True,0,142,20.356481021735817
cpu,CWRU,end_to_end,Full-S1,True,0,143,20.298388961236924
cpu,CWRU,end_to_end,Full-S1,True,0,144,20.330470986664295
cpu,CWRU,end_to_end,Full-S1,True,0,145,20.34629601985216
cpu,CWRU,end_to_end,Full-S1,True,0,146,20.342319970950484
cpu,CWRU,end_to_end,Full-S1,True,0,147,20.493495045229793
cpu,CWRU,end_to_end,Full-S1,True,0,148,20.351890998426825
cpu,CWRU,end_to_end,Full-S1,True,0,149,20.385678973980248
cpu,CWRU,end_to_end,Full-S1,True,0,150,20.329569990281016
cpu,CWRU,end_to_end,Full-S1,True,0,151,20.322604977991432
cpu,CWRU,end_to_end,Full-S1,True,0,152,20.332895044703037
cpu,CWRU,end_to_end,Full-S1,True,0,153,20.439902029465884
cpu,CWRU,end_to_end,Full-S1,True,0,154,20.398819993715733
cpu,CWRU,end_to_end,Full-S1,True,0,155,20.658110035583377
cpu,CWRU,end_to_end,Full-S1,True,0,156,20.599209994543344
cpu,CWRU,end_to_end,Full-S1,True,0,157,20.44449100503698
cpu,CWRU,end_to_end,Full-S1,True,0,158,20.35579102812335
cpu,CWRU,end_to_end,Full-S1,True,0,159,20.370503014419228
cpu,CWRU,end_to_end,Full-S1,True,0,160,20.345092983916402
cpu,CWRU,end_to_end,Full-S1,True,0,161,20.371310005430132
cpu,CWRU,end_to_end,Full-S1,True,0,162,20.37704101530835
cpu,CWRU,end_to_end,Full-S1,True,0,163,20.369132980704308
cpu,CWRU,end_to_end,Full-S1,True,0,164,20.302960998378694
cpu,CWRU,end_to_end,Full-S1,True,0,165,20.326204015873373
cpu,CWRU,end_to_end,Full-S1,True,0,166,20.33921395195648
cpu,CWRU,end_to_end,Full-S1,True,0,167,20.348654012195766
cpu,CWRU,end_to_end,Full-S1,True,0,168,20.53505799267441
cpu,CWRU,end_to_end,Full-S1,True,0,169,20.31957299914211
cpu,CWRU,end_to_end,Full-S1,True,0,170,20.375194028019905
cpu,CWRU,end_to_end,Full-S1,True,0,171,20.37007495528087
cpu,CWRU,end_to_end,Full-S1,True,0,172,20.393042010255158
cpu,CWRU,end_to_end,Full-S1,True,0,173,20.685563038568944
cpu,CWRU,end_to_end,Full-S1,True,0,174,20.3282639849931
cpu,CWRU,end_to_end,Full-S1,True,0,175,20.309925021138042
cpu,CWRU,end_to_end,Full-S1,True,0,176,20.329906954430044
cpu,CWRU,end_to_end,Full-S1,True,0,177,20.329680002760142
cpu,CWRU,end_to_end,Full-S1,True,0,178,20.314465975388885
cpu,CWRU,end_to_end,Full-S1,True,0,179,20.324507961049676
cpu,CWRU,end_to_end,Full-S1,True,0,180,20.336668996606022
cpu,CWRU,end_to_end,Full-S1,True,0,181,20.34633600851521
cpu,CWRU,end_to_end,Full-S1,True,0,182,20.35816601710394
cpu,CWRU,end_to_end,Full-S1,True,0,183,20.323052012827247
cpu,CWRU,end_to_end,Full-S1,True,0,184,20.31938300933689
cpu,CWRU,end_to_end,Full-S1,True,0,185,20.29964094981551
cpu,CWRU,end_to_end,Full-S1,True,0,186,20.333735970780253
cpu,CWRU,end_to_end,Full-S1,True,0,187,20.448565017431974
cpu,CWRU,end_to_end,Full-S1,True,0,188,20.37480700528249
cpu,CWRU,end_to_end,Full-S1,True,0,189,20.34249802818522
cpu,CWRU,end_to_end,Full-S1,True,0,190,20.31729998998344
cpu,CWRU,end_to_end,Full-S1,True,0,191,20.331231993623078
cpu,CWRU,end_to_end,Full-S1,True,0,192,20.464491040911525
cpu,CWRU,end_to_end,Full-S1,True,0,193,20.341634983196855
cpu,CWRU,end_to_end,Full-S1,True,0,194,20.383903000038117
cpu,CWRU,end_to_end,Full-S1,True,0,195,20.364627009257674
cpu,CWRU,end_to_end,Full-S1,True,0,196,20.34165698569268
cpu,CWRU,end_to_end,Full-S1,True,0,197,20.33615199616179
cpu,CWRU,end_to_end,Full-S1,True,0,198,20.33327700337395
cpu,CWRU,end_to_end,Full-S1,True,0,199,20.422620000317693
cpu,CWRU,end_to_end,Full-S1,True,0,200,20.346118952147663
cpu,CWRU,end_to_end,Full-S1,True,0,201,20.340523973573
cpu,CWRU,end_to_end,Full-S1,True,0,202,20.325786026660353
cpu,CWRU,end_to_end,Full-S1,True,0,203,20.367415971122682
cpu,CWRU,end_to_end,Full-S1,True,0,204,20.56524297222495
cpu,CWRU,end_to_end,Full-S1,True,0,205,20.598077040631324
cpu,CWRU,end_to_end,Full-S1,True,0,206,20.41009603999555
cpu,CWRU,end_to_end,Full-S1,True,0,207,20.40158904856071
cpu,CWRU,end_to_end,Full-S1,True,0,208,20.31633403385058
cpu,CWRU,end_to_end,Full-S1,True,0,209,20.30998998088762
cpu,CWRU,end_to_end,Full-S1,True,0,210,20.289659965783358
cpu,CWRU,end_to_end,Full-S1,True,0,211,20.38379304576665
cpu,CWRU,end_to_end,Full-S1,True,0,212,20.376201020553708
cpu,CWRU,end_to_end,Full-S1,True,0,213,20.357022003736347
cpu,CWRU,end_to_end,Full-S1,True,0,214,20.362657960504293
cpu,CWRU,end_to_end,Full-S1,True,0,215,20.32245200825855
cpu,CWRU,end_to_end,Full-S1,True,0,216,20.29997599311173
cpu,CWRU,end_to_end,Full-S1,True,0,217,20.51396999740973
cpu,CWRU,end_to_end,Full-S1,True,0,218,20.350438018795103
cpu,CWRU,end_to_end,Full-S1,True,0,219,20.344261021818966
cpu,CWRU,end_to_end,Full-S1,True,0,220,20.350595004856586
cpu,CWRU,end_to_end,Full-S1,True,0,221,20.313157991040498
cpu,CWRU,end_to_end,Full-S1,True,0,222,20.34312201431021
cpu,CWRU,end_to_end,Full-S1,True,0,223,20.341839990578592
cpu,CWRU,end_to_end,Full-S1,True,0,224,20.487396977841854
cpu,CWRU,end_to_end,Full-S1,True,0,225,20.35090804565698
cpu,CWRU,end_to_end,Full-S1,True,0,226,20.313528017140925
cpu,CWRU,end_to_end,Full-S1,True,0,227,20.367434015497565
cpu,CWRU,end_to_end,Full-S1,True,0,228,20.322392985690385
cpu,CWRU,end_to_end,Full-S1,True,0,229,20.263314014300704
cpu,CWRU,end_to_end,Full-S1,True,0,230,20.338848000392318
cpu,CWRU,end_to_end,Full-S1,True,0,231,20.33556898823008
cpu,CWRU,end_to_end,Full-S1,True,0,232,20.31665202230215
cpu,CWRU,end_to_end,Full-S1,True,0,233,20.331274019554257
cpu,CWRU,end_to_end,Full-S1,True,0,234,20.356817985884845
cpu,CWRU,end_to_end,Full-S1,True,0,235,20.331458013970405
cpu,CWRU,end_to_end,Full-S1,True,0,236,20.35493397852406
cpu,CWRU,end_to_end,Full-S1,True,0,237,20.331686013378203
cpu,CWRU,end_to_end,Full-S1,True,0,238,20.340230024885386
cpu,CWRU,end_to_end,Full-S1,True,0,239,20.330049970652908
cpu,CWRU,end_to_end,Full-S1,True,0,240,20.348456979263574
cpu,CWRU,end_to_end,Full-S1,True,0,241,20.35693096695468
cpu,CWRU,end_to_end,Full-S1,True,0,242,20.365629985462874
cpu,CWRU,end_to_end,Full-S1,True,0,243,20.345491007901728
cpu,CWRU,end_to_end,Full-S1,True,0,244,20.359640009701252
cpu,CWRU,end_to_end,Full-S1,True,0,245,20.327243022620678
cpu,CWRU,end_to_end,Full-S1,True,0,246,20.350045000668615
cpu,CWRU,end_to_end,Full-S1,True,0,247,20.305383019149303
cpu,CWRU,end_to_end,Full-S1,True,0,248,20.309865998569876
cpu,CWRU,end_to_end,Full-S1,True,0,249,20.50780999707058
cpu,CWRU,end_to_end,K1,True,0,0,11.265966983046383
cpu,CWRU,end_to_end,K1,True,0,1,11.146992968861014
cpu,CWRU,end_to_end,K1,True,0,2,11.040173005312681
cpu,CWRU,end_to_end,K1,True,0,3,10.966438974719495
cpu,CWRU,end_to_end,K1,True,0,4,11.008687026333064
cpu,CWRU,end_to_end,K1,True,0,5,11.017267010174692
cpu,CWRU,end_to_end,K1,True,0,6,11.003198975231498
cpu,CWRU,end_to_end,K1,True,0,7,11.372217966709286
cpu,CWRU,end_to_end,K1,True,0,8,11.154465028084815
cpu,CWRU,end_to_end,K1,True,0,9,11.052171001210809
cpu,CWRU,end_to_end,K1,True,0,10,11.04990899330005
cpu,CWRU,end_to_end,K1,True,0,11,10.973527969326824
cpu,CWRU,end_to_end,K1,True,0,12,10.975045966915786
cpu,CWRU,end_to_end,K1,True,0,13,10.989581991452724
cpu,CWRU,end_to_end,K1,True,0,14,11.007338005583733
cpu,CWRU,end_to_end,K1,True,0,15,11.010767018888146
cpu,CWRU,end_to_end,K1,True,0,16,11.016311007551849
cpu,CWRU,end_to_end,K1,True,0,17,11.002589017152786
cpu,CWRU,end_to_end,K1,True,0,18,11.017557000741363
cpu,CWRU,end_to_end,K1,True,0,19,10.952983051538467
cpu,CWRU,end_to_end,K1,True,0,20,11.012536007910967
cpu,CWRU,end_to_end,K1,True,0,21,11.04746398050338
cpu,CWRU,end_to_end,K1,True,0,22,11.0738460207358
cpu,CWRU,end_to_end,K1,True,0,23,11.023672996088862
cpu,CWRU,end_to_end,K1,True,0,24,11.022011050954461
cpu,CWRU,end_to_end,K1,True,0,25,11.039037955924869
cpu,CWRU,end_to_end,K1,True,0,26,11.042823956813663
cpu,CWRU,end_to_end,K1,True,0,27,11.03758899262175
cpu,CWRU,end_to_end,K1,True,0,28,10.954355995636433
cpu,CWRU,end_to_end,K1,True,0,29,11.027686996385455
cpu,CWRU,end_to_end,K1,True,0,30,11.091768043115735
cpu,CWRU,end_to_end,K1,True,0,31,11.05018804082647
cpu,CWRU,end_to_end,K1,True,0,32,11.003389023244381
cpu,CWRU,end_to_end,K1,True,0,33,11.050323955714703
cpu,CWRU,end_to_end,K1,True,0,34,11.006338987499475
cpu,CWRU,end_to_end,K1,True,0,35,10.943720990326256
cpu,CWRU,end_to_end,K1,True,0,36,10.982625011820346
cpu,CWRU,end_to_end,K1,True,0,37,10.965482972096652
cpu,CWRU,end_to_end,K1,True,0,38,11.00044697523117
cpu,CWRU,end_to_end,K1,True,0,39,11.074861977249384
cpu,CWRU,end_to_end,K1,True,0,40,11.039908975362778
cpu,CWRU,end_to_end,K1,True,0,41,11.006945976987481
cpu,CWRU,end_to_end,K1,True,0,42,11.01230300264433
cpu,CWRU,end_to_end,K1,True,0,43,11.026835010852665
cpu,CWRU,end_to_end,K1,True,0,44,10.989072965458035
cpu,CWRU,end_to_end,K1,True,0,45,10.960123967379332
cpu,CWRU,end_to_end,K1,True,0,46,11.017836979590356
cpu,CWRU,end_to_end,K1,True,0,47,11.017769982572645
cpu,CWRU,end_to_end,K1,True,0,48,11.01630402263254
cpu,CWRU,end_to_end,K1,True,0,49,11.051916051656008
cpu,CWRU,end_to_end,K1,True,0,50,10.96232095733285
cpu,CWRU,end_to_end,K1,True,0,51,10.972062009386718
cpu,CWRU,end_to_end,K1,True,0,52,10.957730002701283
cpu,CWRU,end_to_end,K1,True,0,53,11.035599978640676
cpu,CWRU,end_to_end,K1,True,0,54,11.00961904739961
cpu,CWRU,end_to_end,K1,True,0,55,10.998245037626475
cpu,CWRU,end_to_end,K1,True,0,56,11.02207601070404
cpu,CWRU,end_to_end,K1,True,0,57,11.034567025490105
cpu,CWRU,end_to_end,K1,True,0,58,11.001668986864388
cpu,CWRU,end_to_end,K1,True,0,59,11.019953002687544
cpu,CWRU,end_to_end,K1,True,0,60,10.992256982717663
cpu,CWRU,end_to_end,K1,True,0,61,11.008557979948819
cpu,CWRU,end_to_end,K1,True,0,62,10.902115958742797
cpu,CWRU,end_to_end,K1,True,0,63,11.083841032814234
cpu,CWRU,end_to_end,K1,True,0,64,11.010984948370606
cpu,CWRU,end_to_end,K1,True,0,65,11.007959023118019
cpu,CWRU,end_to_end,K1,True,0,66,11.01269997889176
cpu,CWRU,end_to_end,K1,True,0,67,11.017572018317878
cpu,CWRU,end_to_end,K1,True,0,68,11.012380011379719
cpu,CWRU,end_to_end,K1,True,0,69,10.982870997395366
cpu,CWRU,end_to_end,K1,True,0,70,11.012203001882881
cpu,CWRU,end_to_end,K1,True,0,71,11.017072014510632
cpu,CWRU,end_to_end,K1,True,0,72,10.990435956045985
cpu,CWRU,end_to_end,K1,True,0,73,10.994095995556563
cpu,CWRU,end_to_end,K1,True,0,74,10.994843032676727
cpu,CWRU,end_to_end,K1,True,0,75,11.031774978619069
cpu,CWRU,end_to_end,K1,True,0,76,11.017851007636636
cpu,CWRU,end_to_end,K1,True,0,77,11.141747992951423
cpu,CWRU,end_to_end,K1,True,0,78,11.151765997055918
cpu,CWRU,end_to_end,K1,True,0,79,11.066819017287344
cpu,CWRU,end_to_end,K1,True,0,80,11.047674983274192
cpu,CWRU,end_to_end,K1,True,0,81,10.97945700166747
cpu,CWRU,end_to_end,K1,True,0,82,10.975840967148542
cpu,CWRU,end_to_end,K1,True,0,83,11.029578978195786
cpu,CWRU,end_to_end,K1,True,0,84,10.997611039783806
cpu,CWRU,end_to_end,K1,True,0,85,10.944125999230891
cpu,CWRU,end_to_end,K1,True,0,86,10.97687502624467
cpu,CWRU,end_to_end,K1,True,0,87,10.965596011374146
cpu,CWRU,end_to_end,K1,True,0,88,10.99922601133585
cpu,CWRU,end_to_end,K1,True,0,89,10.964361019432545
cpu,CWRU,end_to_end,K1,True,0,90,11.048390995711088
cpu,CWRU,end_to_end,K1,True,0,91,11.025502986740321
cpu,CWRU,end_to_end,K1,True,0,92,10.949896997772157
cpu,CWRU,end_to_end,K1,True,0,93,10.988864989485592
cpu,CWRU,end_to_end,K1,True,0,94,11.011769995093346
cpu,CWRU,end_to_end,K1,True,0,95,11.006440967321396
cpu,CWRU,end_to_end,K1,True,0,96,11.032286041881889
cpu,CWRU,end_to_end,K1,True,0,97,11.051403009332716
cpu,CWRU,end_to_end,K1,True,0,98,11.488245974760503
cpu,CWRU,end_to_end,K1,True,0,99,11.12650299910456
cpu,CWRU,end_to_end,K1,True,0,100,10.970761999487877
cpu,CWRU,end_to_end,K1,True,0,101,11.028103006538004
cpu,CWRU,end_to_end,K1,True,0,102,10.975659999530762
cpu,CWRU,end_to_end,K1,True,0,103,11.002829007338732
cpu,CWRU,end_to_end,K1,True,0,104,11.058579955715686
cpu,CWRU,end_to_end,K1,True,0,105,11.007883003912866
cpu,CWRU,end_to_end,K1,True,0,106,11.014554009307176
cpu,CWRU,end_to_end,K1,True,0,107,11.027904052753001
cpu,CWRU,end_to_end,K1,True,0,108,11.024489009287208
cpu,CWRU,end_to_end,K1,True,0,109,11.01963798282668
cpu,CWRU,end_to_end,K1,True,0,110,11.053246969822794
cpu,CWRU,end_to_end,K1,True,0,111,11.07055798638612
cpu,CWRU,end_to_end,K1,True,0,112,11.03424996836111
cpu,CWRU,end_to_end,K1,True,0,113,11.052176007069647
cpu,CWRU,end_to_end,K1,True,0,114,11.065534956287593
cpu,CWRU,end_to_end,K1,True,0,115,11.024804960470647
cpu,CWRU,end_to_end,K1,True,0,116,11.010713002178818
cpu,CWRU,end_to_end,K1,True,0,117,11.004070984199643
cpu,CWRU,end_to_end,K1,True,0,118,11.027826985809952
cpu,CWRU,end_to_end,K1,True,0,119,10.994412994477898
cpu,CWRU,end_to_end,K1,True,0,120,11.048264044802636
cpu,CWRU,end_to_end,K1,True,0,121,11.087949969805777
cpu,CWRU,end_to_end,K1,True,0,122,11.03673002216965
cpu,CWRU,end_to_end,K1,True,0,123,11.04139001108706
cpu,CWRU,end_to_end,K1,True,0,124,11.024690000340343
cpu,CWRU,end_to_end,K1,True,0,125,10.983882006257772
cpu,CWRU,end_to_end,K1,True,0,126,11.01028104312718
cpu,CWRU,end_to_end,K1,True,0,127,10.975556040648371
cpu,CWRU,end_to_end,K1,True,0,128,11.020089965313673
cpu,CWRU,end_to_end,K1,True,0,129,11.285807006061077
cpu,CWRU,end_to_end,K1,True,0,130,11.299252975732088
cpu,CWRU,end_to_end,K1,True,0,131,11.437687033321708
cpu,CWRU,end_to_end,K1,True,0,132,11.191425961442292
cpu,CWRU,end_to_end,K1,True,0,133,11.014440038707107
cpu,CWRU,end_to_end,K1,True,0,134,11.01499900687486
cpu,CWRU,end_to_end,K1,True,0,135,11.019830009900033
cpu,CWRU,end_to_end,K1,True,0,136,11.040457000490278
cpu,CWRU,end_to_end,K1,True,0,137,11.039982025977224
cpu,CWRU,end_to_end,K1,True,0,138,11.036934040021151
cpu,CWRU,end_to_end,K1,True,0,139,11.026375985238701
cpu,CWRU,end_to_end,K1,True,0,140,10.99569903453812
cpu,CWRU,end_to_end,K1,True,0,141,10.969903029035777
cpu,CWRU,end_to_end,K1,True,0,142,11.029702029190958
cpu,CWRU,end_to_end,K1,True,0,143,11.00827899063006
cpu,CWRU,end_to_end,K1,True,0,144,11.006838991306722
cpu,CWRU,end_to_end,K1,True,0,145,10.991532995831221
cpu,CWRU,end_to_end,K1,True,0,146,11.006335960701108
cpu,CWRU,end_to_end,K1,True,0,147,10.98405895754695
cpu,CWRU,end_to_end,K1,True,0,148,11.018325050827116
cpu,CWRU,end_to_end,K1,True,0,149,11.018047982361168
cpu,CWRU,end_to_end,K1,True,0,150,11.038430966436863
cpu,CWRU,end_to_end,K1,True,0,151,11.007451976183802
cpu,CWRU,end_to_end,K1,True,0,152,10.932462057098746
cpu,CWRU,end_to_end,K1,True,0,153,11.000880971550941
cpu,CWRU,end_to_end,K1,True,0,154,11.023679981008172
cpu,CWRU,end_to_end,K1,True,0,155,11.009042034856975
cpu,CWRU,end_to_end,K1,True,0,156,10.994240001309663
cpu,CWRU,end_to_end,K1,True,0,157,11.01634802762419
cpu,CWRU,end_to_end,K1,True,0,158,11.015516996849328
cpu,CWRU,end_to_end,K1,True,0,159,11.022969032637775
cpu,CWRU,end_to_end,K1,True,0,160,10.947277012746781
cpu,CWRU,end_to_end,K1,True,0,161,10.976834048051387
cpu,CWRU,end_to_end,K1,True,0,162,11.01925695547834
cpu,CWRU,end_to_end,K1,True,0,163,10.953855002298951
cpu,CWRU,end_to_end,K1,True,0,164,11.000111000612378
cpu,CWRU,end_to_end,K1,True,0,165,10.953325021546334
cpu,CWRU,end_to_end,K1,True,0,166,10.958804981783032
cpu,CWRU,end_to_end,K1,True,0,167,11.033133021555841
cpu,CWRU,end_to_end,K1,True,0,168,11.000115948263556
cpu,CWRU,end_to_end,K1,True,0,169,11.007460998371243
cpu,CWRU,end_to_end,K1,True,0,170,10.998362035024911
cpu,CWRU,end_to_end,K1,True,0,171,11.017751996405423
cpu,CWRU,end_to_end,K1,True,0,172,11.043091013561934
cpu,CWRU,end_to_end,K1,True,0,173,11.094045999925584
cpu,CWRU,end_to_end,K1,True,0,174,11.175449006259441
cpu,CWRU,end_to_end,K1,True,0,175,11.033257003873587
cpu,CWRU,end_to_end,K1,True,0,176,11.013905983418226
cpu,CWRU,end_to_end,K1,True,0,177,10.995209973771125
cpu,CWRU,end_to_end,K1,True,0,178,10.999649006407708
cpu,CWRU,end_to_end,K1,True,0,179,11.001139995642006
cpu,CWRU,end_to_end,K1,True,0,180,11.031583999283612
cpu,CWRU,end_to_end,K1,True,0,181,11.000584985595196
cpu,CWRU,end_to_end,K1,True,0,182,11.017771030310541
cpu,CWRU,end_to_end,K1,True,0,183,11.02615799754858
cpu,CWRU,end_to_end,K1,True,0,184,11.04964199475944
cpu,CWRU,end_to_end,K1,True,0,185,11.082158016506582
cpu,CWRU,end_to_end,K1,True,0,186,11.019108991604298
cpu,CWRU,end_to_end,K1,True,0,187,11.003241001162678
cpu,CWRU,end_to_end,K1,True,0,188,11.264598986599594
cpu,CWRU,end_to_end,K1,True,0,189,11.229826021008193
cpu,CWRU,end_to_end,K1,True,0,190,11.016035976354033
cpu,CWRU,end_to_end,K1,True,0,191,11.035736999474466
cpu,CWRU,end_to_end,K1,True,0,192,11.016989999916404
cpu,CWRU,end_to_end,K1,True,0,193,11.004593048710376
cpu,CWRU,end_to_end,K1,True,0,194,11.018547986168414
cpu,CWRU,end_to_end,K1,True,0,195,11.015255993697792
cpu,CWRU,end_to_end,K1,True,0,196,10.994622018188238
cpu,CWRU,end_to_end,K1,True,0,197,10.981989034917206
cpu,CWRU,end_to_end,K1,True,0,198,10.978853038977832
cpu,CWRU,end_to_end,K1,True,0,199,11.18848699843511
cpu,CWRU,end_to_end,K1,True,0,200,10.992994997650385
cpu,CWRU,end_to_end,K1,True,0,201,10.999470017850399
cpu,CWRU,end_to_end,K1,True,0,202,10.985709959641099
cpu,CWRU,end_to_end,K1,True,0,203,11.050923960283399
cpu,CWRU,end_to_end,K1,True,0,204,10.998525016475469
cpu,CWRU,end_to_end,K1,True,0,205,11.019788042176515
cpu,CWRU,end_to_end,K1,True,0,206,11.010579008143395
cpu,CWRU,end_to_end,K1,True,0,207,11.07290800428018
cpu,CWRU,end_to_end,K1,True,0,208,11.058019998017699
cpu,CWRU,end_to_end,K1,True,0,209,11.05844700941816
cpu,CWRU,end_to_end,K1,True,0,210,11.04111602762714
cpu,CWRU,end_to_end,K1,True,0,211,11.019511031918228
cpu,CWRU,end_to_end,K1,True,0,212,11.132931977044791
cpu,CWRU,end_to_end,K1,True,0,213,11.05629000812769
cpu,CWRU,end_to_end,K1,True,0,214,11.000694008544087
cpu,CWRU,end_to_end,K1,True,0,215,11.016021016985178
cpu,CWRU,end_to_end,K1,True,0,216,11.19729201309383
cpu,CWRU,end_to_end,K1,True,0,217,11.014519957825541
cpu,CWRU,end_to_end,K1,True,0,218,10.98069199360907
cpu,CWRU,end_to_end,K1,True,0,219,11.02684298530221
cpu,CWRU,end_to_end,K1,True,0,220,11.033434013370425
cpu,CWRU,end_to_end,K1,True,0,221,11.021899001207203
cpu,CWRU,end_to_end,K1,True,0,222,10.997431993018836
cpu,CWRU,end_to_end,K1,True,0,223,11.001256993040442
cpu,CWRU,end_to_end,K1,True,0,224,11.03766297455877
cpu,CWRU,end_to_end,K1,True,0,225,11.140450020320714
cpu,CWRU,end_to_end,K1,True,0,226,11.050486005842686
cpu,CWRU,end_to_end,K1,True,0,227,11.045357037801296
cpu,CWRU,end_to_end,K1,True,0,228,11.021571001037955
cpu,CWRU,end_to_end,K1,True,0,229,11.02770195575431
cpu,CWRU,end_to_end,K1,True,0,230,11.019959987606853
cpu,CWRU,end_to_end,K1,True,0,231,10.990360984578729
cpu,CWRU,end_to_end,K1,True,0,232,11.026979016605765
cpu,CWRU,end_to_end,K1,True,0,233,10.996152996085584
cpu,CWRU,end_to_end,K1,True,0,234,11.039392033126205
cpu,CWRU,end_to_end,K1,True,0,235,11.034084018319845
cpu,CWRU,end_to_end,K1,True,0,236,11.04312704410404
cpu,CWRU,end_to_end,K1,True,0,237,10.999066988006234
cpu,CWRU,end_to_end,K1,True,0,238,10.998096957337111
cpu,CWRU,end_to_end,K1,True,0,239,10.981990024447441
cpu,CWRU,end_to_end,K1,True,0,240,11.03941397741437
cpu,CWRU,end_to_end,K1,True,0,241,10.959379025734961
cpu,CWRU,end_to_end,K1,True,0,242,11.014242947567254
cpu,CWRU,end_to_end,K1,True,0,243,10.997758014127612
cpu,CWRU,end_to_end,K1,True,0,244,10.959473031107336
cpu,CWRU,end_to_end,K1,True,0,245,11.023794999346137
cpu,CWRU,end_to_end,K1,True,0,246,10.993717995006591
cpu,CWRU,end_to_end,K1,True,0,247,11.000095983035862
cpu,CWRU,end_to_end,K1,True,0,248,11.03639998473227
cpu,CWRU,end_to_end,K1,True,0,249,11.025648971553892
cpu,CWRU,end_to_end,K1,True,1,0,10.951220989227295
cpu,CWRU,end_to_end,K1,True,1,1,11.02308597182855
cpu,CWRU,end_to_end,K1,True,1,2,11.035166040528566
cpu,CWRU,end_to_end,K1,True,1,3,10.996603989042342
cpu,CWRU,end_to_end,K1,True,1,4,11.034504976123571
cpu,CWRU,end_to_end,K1,True,1,5,11.020495963748544
cpu,CWRU,end_to_end,K1,True,1,6,10.974579025059938
cpu,CWRU,end_to_end,K1,True,1,7,11.029898014385253
cpu,CWRU,end_to_end,K1,True,1,8,11.004751024302095
cpu,CWRU,end_to_end,K1,True,1,9,11.027170985471457
cpu,CWRU,end_to_end,K1,True,1,10,11.012336995918304
cpu,CWRU,end_to_end,K1,True,1,11,11.012181988917291
cpu,CWRU,end_to_end,K1,True,1,12,11.022256046999246
cpu,CWRU,end_to_end,K1,True,1,13,11.023794009815902
cpu,CWRU,end_to_end,K1,True,1,14,11.026029998902231
cpu,CWRU,end_to_end,K1,True,1,15,11.047422944102436
cpu,CWRU,end_to_end,K1,True,1,16,10.96897799288854
cpu,CWRU,end_to_end,K1,True,1,17,10.995251999702305
cpu,CWRU,end_to_end,K1,True,1,18,10.968382994178683
cpu,CWRU,end_to_end,K1,True,1,19,10.999572987202555
cpu,CWRU,end_to_end,K1,True,1,20,11.020137986633927
cpu,CWRU,end_to_end,K1,True,1,21,11.02066005114466
cpu,CWRU,end_to_end,K1,True,1,22,11.02346001425758
cpu,CWRU,end_to_end,K1,True,1,23,11.004796018823981
cpu,CWRU,end_to_end,K1,True,1,24,11.002557002939284
cpu,CWRU,end_to_end,K1,True,1,25,11.003902996890247
cpu,CWRU,end_to_end,K1,True,1,26,11.031539994291961
cpu,CWRU,end_to_end,K1,True,1,27,11.037516000214964
cpu,CWRU,end_to_end,K1,True,1,28,11.024760024156421
cpu,CWRU,end_to_end,K1,True,1,29,11.360262986272573
cpu,CWRU,end_to_end,K1,True,1,30,11.093467997852713
cpu,CWRU,end_to_end,K1,True,1,31,11.079039017204195
cpu,CWRU,end_to_end,K1,True,1,32,11.03520899778232
cpu,CWRU,end_to_end,K1,True,1,33,11.037628049962223
cpu,CWRU,end_to_end,K1,True,1,34,11.023227998521179
cpu,CWRU,end_to_end,K1,True,1,35,11.029487010091543
cpu,CWRU,end_to_end,K1,True,1,36,10.988232970703393
cpu,CWRU,end_to_end,K1,True,1,37,11.03181397775188
cpu,CWRU,end_to_end,K1,True,1,38,11.038016993552446
cpu,CWRU,end_to_end,K1,True,1,39,11.024355015251786
cpu,CWRU,end_to_end,K1,True,1,40,11.018390010576695
cpu,CWRU,end_to_end,K1,True,1,41,10.995791992172599
cpu,CWRU,end_to_end,K1,True,1,42,11.020683974493295
cpu,CWRU,end_to_end,K1,True,1,43,11.040277022402734
cpu,CWRU,end_to_end,K1,True,1,44,10.968856047838926
cpu,CWRU,end_to_end,K1,True,1,45,11.07403903733939
cpu,CWRU,end_to_end,K1,True,1,46,11.05145801557228
cpu,CWRU,end_to_end,K1,True,1,47,11.012248985935003
cpu,CWRU,end_to_end,K1,True,1,48,11.048215033952147
cpu,CWRU,end_to_end,K1,True,1,49,10.977501049637794
cpu,CWRU,end_to_end,K1,True,1,50,10.994128999300301
cpu,CWRU,end_to_end,K1,True,1,51,11.012254981324077
cpu,CWRU,end_to_end,K1,True,1,52,10.984014021232724
cpu,CWRU,end_to_end,K1,True,1,53,11.093824985437095
cpu,CWRU,end_to_end,K1,True,1,54,11.161350004840642
cpu,CWRU,end_to_end,K1,True,1,55,11.051181005313993
cpu,CWRU,end_to_end,K1,True,1,56,10.993244999554008
cpu,CWRU,end_to_end,K1,True,1,57,11.002455023117363
cpu,CWRU,end_to_end,K1,True,1,58,11.022327991668135
cpu,CWRU,end_to_end,K1,True,1,59,11.003118997905403
cpu,CWRU,end_to_end,K1,True,1,60,10.978388017974794
cpu,CWRU,end_to_end,K1,True,1,61,11.00971398409456
cpu,CWRU,end_to_end,K1,True,1,62,11.038918979465961
cpu,CWRU,end_to_end,K1,True,1,63,11.014121992047876
cpu,CWRU,end_to_end,K1,True,1,64,10.964531975332648
cpu,CWRU,end_to_end,K1,True,1,65,11.052926012780517
cpu,CWRU,end_to_end,K1,True,1,66,11.022871010936797
cpu,CWRU,end_to_end,K1,True,1,67,11.042263999115676
cpu,CWRU,end_to_end,K1,True,1,68,10.99410402821377
cpu,CWRU,end_to_end,K1,True,1,69,11.015434050932527
cpu,CWRU,end_to_end,K1,True,1,70,11.05161802843213
cpu,CWRU,end_to_end,K1,True,1,71,11.023484985344112
cpu,CWRU,end_to_end,K1,True,1,72,11.029831017367542
cpu,CWRU,end_to_end,K1,True,1,73,11.044771992601454
cpu,CWRU,end_to_end,K1,True,1,74,10.975620010867715
cpu,CWRU,end_to_end,K1,True,1,75,11.005438980646431
cpu,CWRU,end_to_end,K1,True,1,76,10.98747196374461
cpu,CWRU,end_to_end,K1,True,1,77,11.030271998606622
cpu,CWRU,end_to_end,K1,True,1,78,11.0223270021379
cpu,CWRU,end_to_end,K1,True,1,79,11.014732997864485
cpu,CWRU,end_to_end,K1,True,1,80,11.032952053938061
cpu,CWRU,end_to_end,K1,True,1,81,10.994266951456666
cpu,CWRU,end_to_end,K1,True,1,82,11.022582009900361
cpu,CWRU,end_to_end,K1,True,1,83,10.990708018653095
cpu,CWRU,end_to_end,K1,True,1,84,11.005431006196886
cpu,CWRU,end_to_end,K1,True,1,85,11.008737026713789
cpu,CWRU,end_to_end,K1,True,1,86,11.032812995836139
cpu,CWRU,end_to_end,K1,True,1,87,10.946961992885917
cpu,CWRU,end_to_end,K1,True,1,88,11.123365024104714
cpu,CWRU,end_to_end,K1,True,1,89,11.014446034096181
cpu,CWRU,end_to_end,K1,True,1,90,11.265437002293766
cpu,CWRU,end_to_end,K1,True,1,91,11.06674299808219
cpu,CWRU,end_to_end,K1,True,1,92,11.002834013197571
cpu,CWRU,end_to_end,K1,True,1,93,11.020975012797862
cpu,CWRU,end_to_end,K1,True,1,94,11.029898014385253
cpu,CWRU,end_to_end,K1,True,1,95,11.002029001247138
cpu,CWRU,end_to_end,K1,True,1,96,10.987069981638342
cpu,CWRU,end_to_end,K1,True,1,97,11.047682026401162
cpu,CWRU,end_to_end,K1,True,1,98,11.016709031537175
cpu,CWRU,end_to_end,K1,True,1,99,10.987532034050673
cpu,CWRU,end_to_end,K1,True,1,100,11.015627009328455
cpu,CWRU,end_to_end,K1,True,1,101,10.977901984006166
cpu,CWRU,end_to_end,K1,True,1,102,10.949456016533077
cpu,CWRU,end_to_end,K1,True,1,103,10.979565035086125
cpu,CWRU,end_to_end,K1,True,1,104,11.01714896503836
cpu,CWRU,end_to_end,K1,True,1,105,10.997055971529335
cpu,CWRU,end_to_end,K1,True,1,106,11.015046038664877
cpu,CWRU,end_to_end,K1,True,1,107,10.993079980835319
cpu,CWRU,end_to_end,K1,True,1,108,10.96289197448641
cpu,CWRU,end_to_end,K1,True,1,109,11.014261981472373
cpu,CWRU,end_to_end,K1,True,1,110,11.019749974366277
cpu,CWRU,end_to_end,K1,True,1,111,11.189693002961576
cpu,CWRU,end_to_end,K1,True,1,112,11.025900952517986
cpu,CWRU,end_to_end,K1,True,1,113,10.982731997501105
cpu,CWRU,end_to_end,K1,True,1,114,11.010625981725752
cpu,CWRU,end_to_end,K1,True,1,115,11.030914029106498
cpu,CWRU,end_to_end,K1,True,1,116,11.037732008844614
cpu,CWRU,end_to_end,K1,True,1,117,11.005070002283901
cpu,CWRU,end_to_end,K1,True,1,118,10.998243000358343
cpu,CWRU,end_to_end,K1,True,1,119,11.104257951956242
cpu,CWRU,end_to_end,K1,True,1,120,11.439215042628348
cpu,CWRU,end_to_end,K1,True,1,121,12.432454968802631
cpu,CWRU,end_to_end,K1,True,1,122,11.195718951057643
cpu,CWRU,end_to_end,K1,True,1,123,11.065130005590618
cpu,CWRU,end_to_end,K1,True,1,124,11.006419954355806
cpu,CWRU,end_to_end,K1,True,1,125,11.02372002787888
cpu,CWRU,end_to_end,K1,True,1,126,11.036144976969808
cpu,CWRU,end_to_end,K1,True,1,127,11.001407983712852
cpu,CWRU,end_to_end,K1,True,1,128,10.994712996762246
cpu,CWRU,end_to_end,K1,True,1,129,10.98891400033608
cpu,CWRU,end_to_end,K1,True,1,130,11.033331975340843
cpu,CWRU,end_to_end,K1,True,1,131,11.024894018191844
cpu,CWRU,end_to_end,K1,True,1,132,11.024463979993016
cpu,CWRU,end_to_end,K1,True,1,133,11.063330981414765
cpu,CWRU,end_to_end,K1,True,1,134,10.964538028929383
cpu,CWRU,end_to_end,K1,True,1,135,11.030673049390316
cpu,CWRU,end_to_end,K1,True,1,136,11.057039955630898
cpu,CWRU,end_to_end,K1,True,1,137,11.006906977854669
cpu,CWRU,end_to_end,K1,True,1,138,11.031144997105002
cpu,CWRU,end_to_end,K1,True,1,139,10.99569199141115
cpu,CWRU,end_to_end,K1,True,1,140,10.99978300044313
cpu,CWRU,end_to_end,K1,True,1,141,11.00218400824815
cpu,CWRU,end_to_end,K1,True,1,142,10.970068047754467
cpu,CWRU,end_to_end,K1,True,1,143,11.060944991186261
cpu,CWRU,end_to_end,K1,True,1,144,11.131195002235472
cpu,CWRU,end_to_end,K1,True,1,145,11.13658695248887
cpu,CWRU,end_to_end,K1,True,1,146,11.04037999175489
cpu,CWRU,end_to_end,K1,True,1,147,11.024486040696502
cpu,CWRU,end_to_end,K1,True,1,148,11.048471031244844
cpu,CWRU,end_to_end,K1,True,1,149,10.995802003890276
cpu,CWRU,end_to_end,K1,True,1,150,11.001111008226871
cpu,CWRU,end_to_end,K1,True,1,151,10.989153990522027
cpu,CWRU,end_to_end,K1,True,1,152,11.033555027097464
cpu,CWRU,end_to_end,K1,True,1,153,11.03215798502788
cpu,CWRU,end_to_end,K1,True,1,154,11.044940969441086
cpu,CWRU,end_to_end,K1,True,1,155,11.014477990102023
cpu,CWRU,end_to_end,K1,True,1,156,11.009550013113767
cpu,CWRU,end_to_end,K1,True,1,157,11.019430996384472
cpu,CWRU,end_to_end,K1,True,1,158,11.035169009119272
cpu,CWRU,end_to_end,K1,True,1,159,10.999721998814493
cpu,CWRU,end_to_end,K1,True,1,160,11.027846951037645
cpu,CWRU,end_to_end,K1,True,1,161,11.039462988264859
cpu,CWRU,end_to_end,K1,True,1,162,11.01184100843966
cpu,CWRU,end_to_end,K1,True,1,163,11.02149998769164
cpu,CWRU,end_to_end,K1,True,1,164,11.028629029169679
cpu,CWRU,end_to_end,K1,True,1,165,10.954983008559793
cpu,CWRU,end_to_end,K1,True,1,166,11.063601996283978
cpu,CWRU,end_to_end,K1,True,1,167,11.029665998648852
cpu,CWRU,end_to_end,K1,True,1,168,11.032640002667904
cpu,CWRU,end_to_end,K1,True,1,169,11.018824996426702
cpu,CWRU,end_to_end,K1,True,1,170,11.016291042324156
cpu,CWRU,end_to_end,K1,True,1,171,11.039524979423732
cpu,CWRU,end_to_end,K1,True,1,172,11.019877041690052
cpu,CWRU,end_to_end,K1,True,1,173,11.016831966117024
cpu,CWRU,end_to_end,K1,True,1,174,11.01104699773714
cpu,CWRU,end_to_end,K1,True,1,175,11.261828010901809
cpu,CWRU,end_to_end,K1,True,1,176,11.037891963496804
cpu,CWRU,end_to_end,K1,True,1,177,11.036601033993065
cpu,CWRU,end_to_end,K1,True,1,178,11.054389993660152
cpu,CWRU,end_to_end,K1,True,1,179,11.024890991393477
cpu,CWRU,end_to_end,K1,True,1,180,11.019734956789762
cpu,CWRU,end_to_end,K1,True,1,181,10.993275966029614
cpu,CWRU,end_to_end,K1,True,1,182,11.024608975276351
cpu,CWRU,end_to_end,K1,True,1,183,11.021637998055667
cpu,CWRU,end_to_end,K1,True,1,184,10.955319041386247
cpu,CWRU,end_to_end,K1,True,1,185,11.02276099845767
cpu,CWRU,end_to_end,K1,True,1,186,10.98922302480787
cpu,CWRU,end_to_end,K1,True,1,187,11.030741967260838
cpu,CWRU,end_to_end,K1,True,1,188,11.01100503001362
cpu,CWRU,end_to_end,K1,True,1,189,11.037346965167671
cpu,CWRU,end_to_end,K1,True,1,190,10.989299975335598
cpu,CWRU,end_to_end,K1,True,1,191,11.023638013284653
cpu,CWRU,end_to_end,K1,True,1,192,10.984662978444248
cpu,CWRU,end_to_end,K1,True,1,193,11.004420986864716
cpu,CWRU,end_to_end,K1,True,1,194,11.027331987861544
cpu,CWRU,end_to_end,K1,True,1,195,10.999177990015596
cpu,CWRU,end_to_end,K1,True,1,196,11.009739013388753
cpu,CWRU,end_to_end,K1,True,1,197,11.015967989806086
cpu,CWRU,end_to_end,K1,True,1,198,11.045611987356097
cpu,CWRU,end_to_end,K1,True,1,199,11.016472999472171
cpu,CWRU,end_to_end,K1,True,1,200,10.991809016559273
cpu,CWRU,end_to_end,K1,True,1,201,11.003696010448039
cpu,CWRU,end_to_end,K1,True,1,202,11.00235094781965
cpu,CWRU,end_to_end,K1,True,1,203,11.00998802576214
cpu,CWRU,end_to_end,K1,True,1,204,11.046418047044426
cpu,CWRU,end_to_end,K1,True,1,205,11.019834957551211
cpu,CWRU,end_to_end,K1,True,1,206,11.01978897349909
cpu,CWRU,end_to_end,K1,True,1,207,11.00943103665486
cpu,CWRU,end_to_end,K1,True,1,208,11.003063002135605
cpu,CWRU,end_to_end,K1,True,1,209,10.995046002790332
cpu,CWRU,end_to_end,K1,True,1,210,11.348694039043039
cpu,CWRU,end_to_end,K1,True,1,211,11.215221020393074
cpu,CWRU,end_to_end,K1,True,1,212,11.097139038611203
cpu,CWRU,end_to_end,K1,True,1,213,11.000634985975921
cpu,CWRU,end_to_end,K1,True,1,214,10.960936022456735
cpu,CWRU,end_to_end,K1,True,1,215,11.025451007299125
cpu,CWRU,end_to_end,K1,True,1,216,11.016091040801257
cpu,CWRU,end_to_end,K1,True,1,217,11.018004035577178
cpu,CWRU,end_to_end,K1,True,1,218,11.019367026165128
cpu,CWRU,end_to_end,K1,True,1,219,11.020891019143164
cpu,CWRU,end_to_end,K1,True,1,220,11.02620700839907
cpu,CWRU,end_to_end,K1,True,1,221,10.996049037203193
cpu,CWRU,end_to_end,K1,True,1,222,11.01617602398619
cpu,CWRU,end_to_end,K1,True,1,223,11.048433021642268
cpu,CWRU,end_to_end,K1,True,1,224,11.006289976648986
cpu,CWRU,end_to_end,K1,True,1,225,11.005681997630745
cpu,CWRU,end_to_end,K1,True,1,226,11.051827983465046
cpu,CWRU,end_to_end,K1,True,1,227,11.031828995328397
cpu,CWRU,end_to_end,K1,True,1,228,11.040254030376673
cpu,CWRU,end_to_end,K1,True,1,229,11.006025015376508
cpu,CWRU,end_to_end,K1,True,1,230,10.982150968629867
cpu,CWRU,end_to_end,K1,True,1,231,10.994838026817888
cpu,CWRU,end_to_end,K1,True,1,232,11.024330044165254
cpu,CWRU,end_to_end,K1,True,1,233,11.024484992958605
cpu,CWRU,end_to_end,K1,True,1,234,10.99380198866129
cpu,CWRU,end_to_end,K1,True,1,235,11.166115989908576
cpu,CWRU,end_to_end,K1,True,1,236,11.086854035966098
cpu,CWRU,end_to_end,K1,True,1,237,11.037369025871158
cpu,CWRU,end_to_end,K1,True,1,238,11.014666000846773
cpu,CWRU,end_to_end,K1,True,1,239,11.019689962267876
cpu,CWRU,end_to_end,K1,True,1,240,11.019540019333363
cpu,CWRU,end_to_end,K1,True,1,241,11.022037011571229
cpu,CWRU,end_to_end,K1,True,1,242,10.968103015329689
cpu,CWRU,end_to_end,K1,True,1,243,11.010767018888146
cpu,CWRU,end_to_end,K1,True,1,244,10.995764983817935
cpu,CWRU,end_to_end,K1,True,1,245,11.032729991711676
cpu,CWRU,end_to_end,K1,True,1,246,11.007785040419549
cpu,CWRU,end_to_end,K1,True,1,247,11.037290969397873
cpu,CWRU,end_to_end,K1,True,1,248,11.044452025089413
cpu,CWRU,end_to_end,K1,True,1,249,10.96875499933958
cpu,CWRU,end_to_end,Full-S1,True,1,0,20.665057003498077
cpu,CWRU,end_to_end,Full-S1,True,1,1,20.543564984109253
cpu,CWRU,end_to_end,Full-S1,True,1,2,20.421625988092273
cpu,CWRU,end_to_end,Full-S1,True,1,3,20.364587020594627
cpu,CWRU,end_to_end,Full-S1,True,1,4,20.643527968786657
cpu,CWRU,end_to_end,Full-S1,True,1,5,20.321582967881113
cpu,CWRU,end_to_end,Full-S1,True,1,6,20.33095504157245
cpu,CWRU,end_to_end,Full-S1,True,1,7,20.30947699677199
cpu,CWRU,end_to_end,Full-S1,True,1,8,20.354870008304715
cpu,CWRU,end_to_end,Full-S1,True,1,9,20.312085980549455
cpu,CWRU,end_to_end,Full-S1,True,1,10,20.293145964387804
cpu,CWRU,end_to_end,Full-S1,True,1,11,20.32113296445459
cpu,CWRU,end_to_end,Full-S1,True,1,12,20.298099028877914
cpu,CWRU,end_to_end,Full-S1,True,1,13,20.295069960411638
cpu,CWRU,end_to_end,Full-S1,True,1,14,20.3035119920969
cpu,CWRU,end_to_end,Full-S1,True,1,15,20.258962002117187
cpu,CWRU,end_to_end,Full-S1,True,1,16,20.44460503384471
cpu,CWRU,end_to_end,Full-S1,True,1,17,20.734980993438512
cpu,CWRU,end_to_end,Full-S1,True,1,18,20.889153995085508
cpu,CWRU,end_to_end,Full-S1,True,1,19,20.35121200606227
cpu,CWRU,end_to_end,Full-S1,True,1,20,20.392575999721885
cpu,CWRU,end_to_end,Full-S1,True,1,21,20.31384501606226
cpu,CWRU,end_to_end,Full-S1,True,1,22,20.28942300239578
cpu,CWRU,end_to_end,Full-S1,True,1,23,20.31633595470339
cpu,CWRU,end_to_end,Full-S1,True,1,24,20.303535042330623
cpu,CWRU,end_to_end,Full-S1,True,1,25,20.37893998203799
cpu,CWRU,end_to_end,Full-S1,True,1,26,20.394215011037886
cpu,CWRU,end_to_end,Full-S1,True,1,27,20.602540986146778
cpu,CWRU,end_to_end,Full-S1,True,1,28,20.470127987209707
cpu,CWRU,end_to_end,Full-S1,True,1,29,20.36289602983743
cpu,CWRU,end_to_end,Full-S1,True,1,30,20.3370499657467
cpu,CWRU,end_to_end,Full-S1,True,1,31,20.314908993896097
cpu,CWRU,end_to_end,Full-S1,True,1,32,20.311171014327556
cpu,CWRU,end_to_end,Full-S1,True,1,33,20.276081981137395
cpu,CWRU,end_to_end,Full-S1,True,1,34,20.271968038287014
cpu,CWRU,end_to_end,Full-S1,True,1,35,20.383239956572652
cpu,CWRU,end_to_end,Full-S1,True,1,36,20.3644770081155
cpu,CWRU,end_to_end,Full-S1,True,1,37,20.279616001062095
cpu,CWRU,end_to_end,Full-S1,True,1,38,20.29290999053046
cpu,CWRU,end_to_end,Full-S1,True,1,39,20.286821003537625
cpu,CWRU,end_to_end,Full-S1,True,1,40,20.316848997026682
cpu,CWRU,end_to_end,Full-S1,True,1,41,20.935692999046296
cpu,CWRU,end_to_end,Full-S1,True,1,42,20.69580997340381
cpu,CWRU,end_to_end,Full-S1,True,1,43,20.347984973341227
cpu,CWRU,end_to_end,Full-S1,True,1,44,20.339767972473055
cpu,CWRU,end_to_end,Full-S1,True,1,45,20.356411987449974
cpu,CWRU,end_to_end,Full-S1,True,1,46,20.309480954892933
cpu,CWRU,end_to_end,Full-S1,True,1,47,20.327681035269052
cpu,CWRU,end_to_end,Full-S1,True,1,48,20.340404007583857
cpu,CWRU,end_to_end,Full-S1,True,1,49,20.28138400055468
cpu,CWRU,end_to_end,Full-S1,True,1,50,20.30800498323515
cpu,CWRU,end_to_end,Full-S1,True,1,51,20.31780098332092
cpu,CWRU,end_to_end,Full-S1,True,1,52,20.30785399256274
cpu,CWRU,end_to_end,Full-S1,True,1,53,20.69087600102648
cpu,CWRU,end_to_end,Full-S1,True,1,54,20.386203948874027
cpu,CWRU,end_to_end,Full-S1,True,1,55,20.386896969284862
cpu,CWRU,end_to_end,Full-S1,True,1,56,20.321789023000747
cpu,CWRU,end_to_end,Full-S1,True,1,57,20.331837004050612
cpu,CWRU,end_to_end,Full-S1,True,1,58,20.35975002218038
cpu,CWRU,end_to_end,Full-S1,True,1,59,20.356279972475022
cpu,CWRU,end_to_end,Full-S1,True,1,60,20.293574954848737
cpu,CWRU,end_to_end,Full-S1,True,1,61,20.299437048379332
cpu,CWRU,end_to_end,Full-S1,True,1,62,20.280256983824074
cpu,CWRU,end_to_end,Full-S1,True,1,63,20.277950970921665
cpu,CWRU,end_to_end,Full-S1,True,1,64,20.30199795262888
cpu,CWRU,end_to_end,Full-S1,True,1,65,20.327856997027993
cpu,CWRU,end_to_end,Full-S1,True,1,66,20.360741997137666
cpu,CWRU,end_to_end,Full-S1,True,1,67,20.289695006795228
cpu,CWRU,end_to_end,Full-S1,True,1,68,20.277196017559618
cpu,CWRU,end_to_end,Full-S1,True,1,69,20.273706002626568
cpu,CWRU,end_to_end,Full-S1,True,1,70,20.301537006162107
cpu,CWRU,end_to_end,Full-S1,True,1,71,20.280288998037577
cpu,CWRU,end_to_end,Full-S1,True,1,72,20.27341298526153
cpu,CWRU,end_to_end,Full-S1,True,1,73,20.30649402877316
cpu,CWRU,end_to_end,Full-S1,True,1,74,20.250490051694214
cpu,CWRU,end_to_end,Full-S1,True,1,75,20.275734015740454
cpu,CWRU,end_to_end,Full-S1,True,1,76,20.50260902615264
cpu,CWRU,end_to_end,Full-S1,True,1,77,20.649340003728867
cpu,CWRU,end_to_end,Full-S1,True,1,78,20.408582990057766
cpu,CWRU,end_to_end,Full-S1,True,1,79,20.330474013462663
cpu,CWRU,end_to_end,Full-S1,True,1,80,20.377938984893262
cpu,CWRU,end_to_end,Full-S1,True,1,81,20.28323704143986
cpu,CWRU,end_to_end,Full-S1,True,1,82,20.48059698427096
cpu,CWRU,end_to_end,Full-S1,True,1,83,20.345441007521003
cpu,CWRU,end_to_end,Full-S1,True,1,84,20.336776971817017
cpu,CWRU,end_to_end,Full-S1,True,1,85,20.27412800816819
cpu,CWRU,end_to_end,Full-S1,True,1,86,20.2698249486275
cpu,CWRU,end_to_end,Full-S1,True,1,87,20.298703981097788
cpu,CWRU,end_to_end,Full-S1,True,1,88,20.28001198777929
cpu,CWRU,end_to_end,Full-S1,True,1,89,20.25407803012058
cpu,CWRU,end_to_end,Full-S1,True,1,90,20.517458964604884
cpu,CWRU,end_to_end,Full-S1,True,1,91,20.584415004123002
cpu,CWRU,end_to_end,Full-S1,True,1,92,20.36588900955394
cpu,CWRU,end_to_end,Full-S1,True,1,93,20.34737600479275
cpu,CWRU,end_to_end,Full-S1,True,1,94,20.280506985727698
cpu,CWRU,end_to_end,Full-S1,True,1,95,20.321090007200837
cpu,CWRU,end_to_end,Full-S1,True,1,96,20.557230978738517
cpu,CWRU,end_to_end,Full-S1,True,1,97,20.361946953926235
cpu,CWRU,end_to_end,Full-S1,True,1,98,20.306002988945693
cpu,CWRU,end_to_end,Full-S1,True,1,99,20.323369011748582
cpu,CWRU,end_to_end,Full-S1,True,1,100,20.306318008806556
cpu,CWRU,end_to_end,Full-S1,True,1,101,20.320032024756074
cpu,CWRU,end_to_end,Full-S1,True,1,102,20.37779102101922
cpu,CWRU,end_to_end,Full-S1,True,1,103,20.28258697828278
cpu,CWRU,end_to_end,Full-S1,True,1,104,20.32542700180784
cpu,CWRU,end_to_end,Full-S1,True,1,105,20.3385460190475
cpu,CWRU,end_to_end,Full-S1,True,1,106,20.281945005990565
cpu,CWRU,end_to_end,Full-S1,True,1,107,20.30622895108536
cpu,CWRU,end_to_end,Full-S1,True,1,108,20.307076978497207
cpu,CWRU,end_to_end,Full-S1,True,1,109,20.282223005779088
cpu,CWRU,end_to_end,Full-S1,True,1,110,20.26998804649338
cpu,CWRU,end_to_end,Full-S1,True,1,111,20.277080999221653
cpu,CWRU,end_to_end,Full-S1,True,1,112,20.27688198722899
cpu,CWRU,end_to_end,Full-S1,True,1,113,20.29696002136916
cpu,CWRU,end_to_end,Full-S1,True,1,114,20.304364967159927
cpu,CWRU,end_to_end,Full-S1,True,1,115,20.31517802970484
cpu,CWRU,end_to_end,Full-S1,True,1,116,20.353536994662136
cpu,CWRU,end_to_end,Full-S1,True,1,117,20.30734100844711
cpu,CWRU,end_to_end,Full-S1,True,1,118,20.31309698941186
cpu,CWRU,end_to_end,Full-S1,True,1,119,20.32929303823039
cpu,CWRU,end_to_end,Full-S1,True,1,120,20.326622994616628
cpu,CWRU,end_to_end,Full-S1,True,1,121,20.309685030952096
cpu,CWRU,end_to_end,Full-S1,True,1,122,20.32180200330913
cpu,CWRU,end_to_end,Full-S1,True,1,123,20.287884981371462
cpu,CWRU,end_to_end,Full-S1,True,1,124,20.34019399434328
cpu,CWRU,end_to_end,Full-S1,True,1,125,20.30005701817572
cpu,CWRU,end_to_end,Full-S1,True,1,126,20.76281700283289
cpu,CWRU,end_to_end,Full-S1,True,1,127,20.472907985094935
cpu,CWRU,end_to_end,Full-S1,True,1,128,20.327199948951602
cpu,CWRU,end_to_end,Full-S1,True,1,129,20.322680997196585
cpu,CWRU,end_to_end,Full-S1,True,1,130,20.303379045799375
cpu,CWRU,end_to_end,Full-S1,True,1,131,20.321863004937768
cpu,CWRU,end_to_end,Full-S1,True,1,132,20.294806046877056
cpu,CWRU,end_to_end,Full-S1,True,1,133,20.322346012108028
cpu,CWRU,end_to_end,Full-S1,True,1,134,20.332922984380275
cpu,CWRU,end_to_end,Full-S1,True,1,135,20.328584010712802
cpu,CWRU,end_to_end,Full-S1,True,1,136,20.275986986234784
cpu,CWRU,end_to_end,Full-S1,True,1,137,20.309692015871406
cpu,CWRU,end_to_end,Full-S1,True,1,138,20.315074012614787
cpu,CWRU,end_to_end,Full-S1,True,1,139,20.317310001701117
cpu,CWRU,end_to_end,Full-S1,True,1,140,20.498919999226928
cpu,CWRU,end_to_end,Full-S1,True,1,141,20.32424497883767
cpu,CWRU,end_to_end,Full-S1,True,1,142,20.256032003089786
cpu,CWRU,end_to_end,Full-S1,True,1,143,20.44115698663518
cpu,CWRU,end_to_end,Full-S1,True,1,144,20.351239014416933
cpu,CWRU,end_to_end,Full-S1,True,1,145,20.307867031078786
cpu,CWRU,end_to_end,Full-S1,True,1,146,20.329622959252447
cpu,CWRU,end_to_end,Full-S1,True,1,147,20.330556959379464
cpu,CWRU,end_to_end,Full-S1,True,1,148,20.303472003433853
cpu,CWRU,end_to_end,Full-S1,True,1,149,20.3189070452936
cpu,CWRU,end_to_end,Full-S1,True,1,150,20.287428982555866
cpu,CWRU,end_to_end,Full-S1,True,1,151,20.331095962319523
cpu,CWRU,end_to_end,Full-S1,True,1,152,20.336436049547046
cpu,CWRU,end_to_end,Full-S1,True,1,153,20.303424971643835
cpu,CWRU,end_to_end,Full-S1,True,1,154,20.33134101657197
cpu,CWRU,end_to_end,Full-S1,True,1,155,20.391969999764115
cpu,CWRU,end_to_end,Full-S1,True,1,156,20.35319001879543
cpu,CWRU,end_to_end,Full-S1,True,1,157,20.522342005278915
cpu,CWRU,end_to_end,Full-S1,True,1,158,20.33495099749416
cpu,CWRU,end_to_end,Full-S1,True,1,159,20.326845988165587
cpu,CWRU,end_to_end,Full-S1,True,1,160,20.295215013902634
cpu,CWRU,end_to_end,Full-S1,True,1,161,20.285194041207433
cpu,CWRU,end_to_end,Full-S1,True,1,162,20.333503023721278
cpu,CWRU,end_to_end,Full-S1,True,1,163,20.290064974687994
cpu,CWRU,end_to_end,Full-S1,True,1,164,20.282578014303
cpu,CWRU,end_to_end,Full-S1,True,1,165,20.33810503780842
cpu,CWRU,end_to_end,Full-S1,True,1,166,20.27515700319782
cpu,CWRU,end_to_end,Full-S1,True,1,167,20.550846005789936
cpu,CWRU,end_to_end,Full-S1,True,1,168,20.487606001552194
cpu,CWRU,end_to_end,Full-S1,True,1,169,20.355846034362912
cpu,CWRU,end_to_end,Full-S1,True,1,170,20.285266975406557
cpu,CWRU,end_to_end,Full-S1,True,1,171,20.30594600364566
cpu,CWRU,end_to_end,Full-S1,True,1,172,20.297429990023375
cpu,CWRU,end_to_end,Full-S1,True,1,173,20.327250007539988
cpu,CWRU,end_to_end,Full-S1,True,1,174,20.309433049988
cpu,CWRU,end_to_end,Full-S1,True,1,175,20.70360298966989
cpu,CWRU,end_to_end,Full-S1,True,1,176,20.455819030757993
cpu,CWRU,end_to_end,Full-S1,True,1,177,20.32067399704829
cpu,CWRU,end_to_end,Full-S1,True,1,178,20.582213008310646
cpu,CWRU,end_to_end,Full-S1,True,1,179,20.385909010656178
cpu,CWRU,end_to_end,Full-S1,True,1,180,20.391488971654326
cpu,CWRU,end_to_end,Full-S1,True,1,181,20.333125023171306
cpu,CWRU,end_to_end,Full-S1,True,1,182,20.325973979197443
cpu,CWRU,end_to_end,Full-S1,True,1,183,20.2866829931736
cpu,CWRU,end_to_end,Full-S1,True,1,184,20.31899703433737
cpu,CWRU,end_to_end,Full-S1,True,1,185,20.285231003072113
cpu,CWRU,end_to_end,Full-S1,True,1,186,20.264804014004767
cpu,CWRU,end_to_end,Full-S1,True,1,187,20.308170991484076
cpu,CWRU,end_to_end,Full-S1,True,1,188,20.2948140213266
cpu,CWRU,end_to_end,Full-S1,True,1,189,20.49233001889661
cpu,CWRU,end_to_end,Full-S1,True,1,190,20.315892004873604
cpu,CWRU,end_to_end,Full-S1,True,1,191,20.298945950344205
cpu,CWRU,end_to_end,Full-S1,True,1,192,20.317499001976103
cpu,CWRU,end_to_end,Full-S1,True,1,193,20.367458986584097
cpu,CWRU,end_to_end,Full-S1,True,1,194,20.315308996941894
cpu,CWRU,end_to_end,Full-S1,True,1,195,20.26523504173383
cpu,CWRU,end_to_end,Full-S1,True,1,196,20.33723599743098
cpu,CWRU,end_to_end,Full-S1,True,1,197,20.314396999310702
cpu,CWRU,end_to_end,Full-S1,True,1,198,20.26899199699983
cpu,CWRU,end_to_end,Full-S1,True,1,199,20.30317601747811
cpu,CWRU,end_to_end,Full-S1,True,1,200,20.275687042158097
cpu,CWRU,end_to_end,Full-S1,True,1,201,20.33623296301812
cpu,CWRU,end_to_end,Full-S1,True,1,202,20.30195400584489
cpu,CWRU,end_to_end,Full-S1,True,1,203,20.418703032191843
cpu,CWRU,end_to_end,Full-S1,True,1,204,20.327810023445636
cpu,CWRU,end_to_end,Full-S1,True,1,205,20.30428795842454
cpu,CWRU,end_to_end,Full-S1,True,1,206,20.37886600010097
cpu,CWRU,end_to_end,Full-S1,True,1,207,20.322497992310673
cpu,CWRU,end_to_end,Full-S1,True,1,208,20.284183032345027
cpu,CWRU,end_to_end,Full-S1,True,1,209,20.28677798807621
cpu,CWRU,end_to_end,Full-S1,True,1,210,20.331676001660526
cpu,CWRU,end_to_end,Full-S1,True,1,211,20.300210046116263
cpu,CWRU,end_to_end,Full-S1,True,1,212,20.304950012359768
cpu,CWRU,end_to_end,Full-S1,True,1,213,20.322602009400725
cpu,CWRU,end_to_end,Full-S1,True,1,214,20.31652204459533
cpu,CWRU,end_to_end,Full-S1,True,1,215,20.3243590076454
cpu,CWRU,end_to_end,Full-S1,True,1,216,20.436751015949994
cpu,CWRU,end_to_end,Full-S1,True,1,217,20.333993015810847
cpu,CWRU,end_to_end,Full-S1,True,1,218,20.30918898526579
cpu,CWRU,end_to_end,Full-S1,True,1,219,20.287995983380824
cpu,CWRU,end_to_end,Full-S1,True,1,220,20.276113995350897
cpu,CWRU,end_to_end,Full-S1,True,1,221,20.276903989724815
cpu,CWRU,end_to_end,Full-S1,True,1,222,20.392654987517744
cpu,CWRU,end_to_end,Full-S1,True,1,223,20.316437992732972
cpu,CWRU,end_to_end,Full-S1,True,1,224,20.69161896361038
cpu,CWRU,end_to_end,Full-S1,True,1,225,20.444800960831344
cpu,CWRU,end_to_end,Full-S1,True,1,226,20.38805600022897
cpu,CWRU,end_to_end,Full-S1,True,1,227,20.31768497545272
cpu,CWRU,end_to_end,Full-S1,True,1,228,20.387033000588417
cpu,CWRU,end_to_end,Full-S1,True,1,229,20.309718034695834
cpu,CWRU,end_to_end,Full-S1,True,1,230,20.30118997208774
cpu,CWRU,end_to_end,Full-S1,True,1,231,20.347352954559028
cpu,CWRU,end_to_end,Full-S1,True,1,232,20.304011995904148
cpu,CWRU,end_to_end,Full-S1,True,1,233,20.29953501187265
cpu,CWRU,end_to_end,Full-S1,True,1,234,20.37245803512633
cpu,CWRU,end_to_end,Full-S1,True,1,235,20.312035048846155
cpu,CWRU,end_to_end,Full-S1,True,1,236,20.29200899414718
cpu,CWRU,end_to_end,Full-S1,True,1,237,20.31766000436619
cpu,CWRU,end_to_end,Full-S1,True,1,238,20.391655969433486
cpu,CWRU,end_to_end,Full-S1,True,1,239,20.33431699965149
cpu,CWRU,end_to_end,Full-S1,True,1,240,20.36819199565798
cpu,CWRU,end_to_end,Full-S1,True,1,241,20.349761995021254
cpu,CWRU,end_to_end,Full-S1,True,1,242,20.314589026384056
cpu,CWRU,end_to_end,Full-S1,True,1,243,20.30964003643021
cpu,CWRU,end_to_end,Full-S1,True,1,244,20.3188459854573
cpu,CWRU,end_to_end,Full-S1,True,1,245,20.316746027674526
cpu,CWRU,end_to_end,Full-S1,True,1,246,20.33844601828605
cpu,CWRU,end_to_end,Full-S1,True,1,247,20.285490027163178
cpu,CWRU,end_to_end,Full-S1,True,1,248,20.283951016608626
cpu,CWRU,end_to_end,Full-S1,True,1,249,20.24382201489061
cpu,CWRU,end_to_end,Full-S1,True,2,0,20.32976201735437
cpu,CWRU,end_to_end,Full-S1,True,2,1,20.311562984716147
cpu,CWRU,end_to_end,Full-S1,True,2,2,20.348667982034385
cpu,CWRU,end_to_end,Full-S1,True,2,3,20.328637037891895
cpu,CWRU,end_to_end,Full-S1,True,2,4,20.307228958699852
cpu,CWRU,end_to_end,Full-S1,True,2,5,20.27551701758057
cpu,CWRU,end_to_end,Full-S1,True,2,6,20.275860966648906
cpu,CWRU,end_to_end,Full-S1,True,2,7,20.301758020650595
cpu,CWRU,end_to_end,Full-S1,True,2,8,20.277159987017512
cpu,CWRU,end_to_end,Full-S1,True,2,9,20.31245600664988
cpu,CWRU,end_to_end,Full-S1,True,2,10,20.291523018386215
cpu,CWRU,end_to_end,Full-S1,True,2,11,20.30837198253721
cpu,CWRU,end_to_end,Full-S1,True,2,12,20.440053020138294
cpu,CWRU,end_to_end,Full-S1,True,2,13,20.51164797740057
cpu,CWRU,end_to_end,Full-S1,True,2,14,20.349377999082208
cpu,CWRU,end_to_end,Full-S1,True,2,15,20.315600966569036
cpu,CWRU,end_to_end,Full-S1,True,2,16,20.307061029598117
cpu,CWRU,end_to_end,Full-S1,True,2,17,20.299935014918447
cpu,CWRU,end_to_end,Full-S1,True,2,18,20.276089024264365
cpu,CWRU,end_to_end,Full-S1,True,2,19,20.31880395952612
cpu,CWRU,end_to_end,Full-S1,True,2,20,20.313116954639554
cpu,CWRU,end_to_end,Full-S1,True,2,21,20.319844014011323
cpu,CWRU,end_to_end,Full-S1,True,2,22,20.34045202890411
cpu,CWRU,end_to_end,Full-S1,True,2,23,20.681383030023426
cpu,CWRU,end_to_end,Full-S1,True,2,24,20.456329046282917
cpu,CWRU,end_to_end,Full-S1,True,2,25,20.342192030511796
cpu,CWRU,end_to_end,Full-S1,True,2,26,20.353558007627726
cpu,CWRU,end_to_end,Full-S1,True,2,27,20.311654021497816
cpu,CWRU,end_to_end,Full-S1,True,2,28,20.305073994677514
cpu,CWRU,end_to_end,Full-S1,True,2,29,20.263241953216493
cpu,CWRU,end_to_end,Full-S1,True,2,30,20.324363023974
cpu,CWRU,end_to_end,Full-S1,True,2,31,20.33181197475642
cpu,CWRU,end_to_end,Full-S1,True,2,32,20.325304998550564
cpu,CWRU,end_to_end,Full-S1,True,2,33,20.277019997593015
cpu,CWRU,end_to_end,Full-S1,True,2,34,20.322121039498597
cpu,CWRU,end_to_end,Full-S1,True,2,35,20.274844020605087
cpu,CWRU,end_to_end,Full-S1,True,2,36,20.259799028281122
cpu,CWRU,end_to_end,Full-S1,True,2,37,20.30827198177576
cpu,CWRU,end_to_end,Full-S1,True,2,38,20.415748993400484
cpu,CWRU,end_to_end,Full-S1,True,2,39,20.31412598444149
cpu,CWRU,end_to_end,Full-S1,True,2,40,20.310216990765184
cpu,CWRU,end_to_end,Full-S1,True,2,41,20.286954008042812
cpu,CWRU,end_to_end,Full-S1,True,2,42,20.286457031033933
cpu,CWRU,end_to_end,Full-S1,True,2,43,20.29247098835185
cpu,CWRU,end_to_end,Full-S1,True,2,44,20.301987999118865
cpu,CWRU,end_to_end,Full-S1,True,2,45,20.28007002081722
cpu,CWRU,end_to_end,Full-S1,True,2,46,20.26291796937585
cpu,CWRU,end_to_end,Full-S1,True,2,47,20.28814301593229
cpu,CWRU,end_to_end,Full-S1,True,2,48,20.286548999138176
cpu,CWRU,end_to_end,Full-S1,True,2,49,20.336797984782606
cpu,CWRU,end_to_end,Full-S1,True,2,50,20.310206979047507
cpu,CWRU,end_to_end,Full-S1,True,2,51,20.328074984718114
cpu,CWRU,end_to_end,Full-S1,True,2,52,20.553942013066262
cpu,CWRU,end_to_end,Full-S1,True,2,53,20.37836698582396
cpu,CWRU,end_to_end,Full-S1,True,2,54,20.317802962381393
cpu,CWRU,end_to_end,Full-S1,True,2,55,20.289261010475457
cpu,CWRU,end_to_end,Full-S1,True,2,56,20.38149704458192
cpu,CWRU,end_to_end,Full-S1,True,2,57,20.290174055844545
cpu,CWRU,end_to_end,Full-S1,True,2,58,20.277438045013696
cpu,CWRU,end_to_end,Full-S1,True,2,59,20.274531038012356
cpu,CWRU,end_to_end,Full-S1,True,2,60,20.249792956747115
cpu,CWRU,end_to_end,Full-S1,True,2,61,20.325258024968207
cpu,CWRU,end_to_end,Full-S1,True,2,62,20.319900009781122
cpu,CWRU,end_to_end,Full-S1,True,2,63,20.27418202487752
cpu,CWRU,end_to_end,Full-S1,True,2,64,20.336212997790426
cpu,CWRU,end_to_end,Full-S1,True,2,65,20.256777002941817
cpu,CWRU,end_to_end,Full-S1,True,2,66,20.288601983338594
cpu,CWRU,end_to_end,Full-S1,True,2,67,20.287801977247
cpu,CWRU,end_to_end,Full-S1,True,2,68,20.27472498593852
cpu,CWRU,end_to_end,Full-S1,True,2,69,20.274908980354667
cpu,CWRU,end_to_end,Full-S1,True,2,70,20.263294980395585
cpu,CWRU,end_to_end,Full-S1,True,2,71,20.301703014411032
cpu,CWRU,end_to_end,Full-S1,True,2,72,20.690155972260982
cpu,CWRU,end_to_end,Full-S1,True,2,73,20.484164997469634
cpu,CWRU,end_to_end,Full-S1,True,2,74,20.375102001708
cpu,CWRU,end_to_end,Full-S1,True,2,75,20.331782987341285
cpu,CWRU,end_to_end,Full-S1,True,2,76,20.2946659992449
cpu,CWRU,end_to_end,Full-S1,True,2,77,20.32155595952645
cpu,CWRU,end_to_end,Full-S1,True,2,78,20.44590498553589
cpu,CWRU,end_to_end,Full-S1,True,2,79,20.355407032184303
cpu,CWRU,end_to_end,Full-S1,True,2,80,20.313523011282086
cpu,CWRU,end_to_end,Full-S1,True,2,81,20.363614021334797
cpu,CWRU,end_to_end,Full-S1,True,2,82,20.35964501556009
cpu,CWRU,end_to_end,Full-S1,True,2,83,20.34755499335006
cpu,CWRU,end_to_end,Full-S1,True,2,84,20.290594024118036
cpu,CWRU,end_to_end,Full-S1,True,2,85,20.319930976256728
cpu,CWRU,end_to_end,Full-S1,True,2,86,20.223958999849856
cpu,CWRU,end_to_end,Full-S1,True,2,87,20.64518100814894
cpu,CWRU,end_to_end,Full-S1,True,2,88,20.347993995528668
cpu,CWRU,end_to_end,Full-S1,True,2,89,20.303650991991162
cpu,CWRU,end_to_end,Full-S1,True,2,90,20.284570986405015
cpu,CWRU,end_to_end,Full-S1,True,2,91,20.27870900928974
cpu,CWRU,end_to_end,Full-S1,True,2,92,20.3147970023565
cpu,CWRU,end_to_end,Full-S1,True,2,93,20.341937022749335
cpu,CWRU,end_to_end,Full-S1,True,2,94,20.268283027689904
cpu,CWRU,end_to_end,Full-S1,True,2,95,20.322889962699264
cpu,CWRU,end_to_end,Full-S1,True,2,96,20.267251005861908
cpu,CWRU,end_to_end,Full-S1,True,2,97,20.288743020500988
cpu,CWRU,end_to_end,Full-S1,True,2,98,20.27527103200555
cpu,CWRU,end_to_end,Full-S1,True,2,99,20.321646996308118
cpu,CWRU,end_to_end,Full-S1,True,2,100,20.32195799984038
cpu,CWRU,end_to_end,Full-S1,True,2,101,20.303130033425987
cpu,CWRU,end_to_end,Full-S1,True,2,102,20.285422971937805
cpu,CWRU,end_to_end,Full-S1,True,2,103,20.2846210449934
cpu,CWRU,end_to_end,Full-S1,True,2,104,20.35593899199739
cpu,CWRU,end_to_end,Full-S1,True,2,105,20.29844099888578
cpu,CWRU,end_to_end,Full-S1,True,2,106,20.27471299516037
cpu,CWRU,end_to_end,Full-S1,True,2,107,20.58416698127985
cpu,CWRU,end_to_end,Full-S1,True,2,108,20.289236039388925
cpu,CWRU,end_to_end,Full-S1,True,2,109,20.267228013835847
cpu,CWRU,end_to_end,Full-S1,True,2,110,20.283085003029555
cpu,CWRU,end_to_end,Full-S1,True,2,111,20.301250973716378
cpu,CWRU,end_to_end,Full-S1,True,2,112,20.299793977756053
cpu,CWRU,end_to_end,Full-S1,True,2,113,20.283486985135823
cpu,CWRU,end_to_end,Full-S1,True,2,114,20.657154032960534
cpu,CWRU,end_to_end,Full-S1,True,2,115,21.30240696715191
cpu,CWRU,end_to_end,Full-S1,True,2,116,22.191238997038454
cpu,CWRU,end_to_end,Full-S1,True,2,117,21.764060016721487
cpu,CWRU,end_to_end,Full-S1,True,2,118,20.71340405382216
cpu,CWRU,end_to_end,Full-S1,True,2,119,20.336494024377316
cpu,CWRU,end_to_end,Full-S1,True,2,120,20.329913997557014
cpu,CWRU,end_to_end,Full-S1,True,2,121,20.559636992402375
cpu,CWRU,end_to_end,Full-S1,True,2,122,20.42886900017038
cpu,CWRU,end_to_end,Full-S1,True,2,123,20.377214008476585
cpu,CWRU,end_to_end,Full-S1,True,2,124,20.31199703924358
cpu,CWRU,end_to_end,Full-S1,True,2,125,20.295577007345855
cpu,CWRU,end_to_end,Full-S1,True,2,126,20.307226048316807
cpu,CWRU,end_to_end,Full-S1,True,2,127,20.28589101973921
cpu,CWRU,end_to_end,Full-S1,True,2,128,20.28238301863894
cpu,CWRU,end_to_end,Full-S1,True,2,129,20.388805016409606
cpu,CWRU,end_to_end,Full-S1,True,2,130,20.320931973401457
cpu,CWRU,end_to_end,Full-S1,True,2,131,20.29805997153744
cpu,CWRU,end_to_end,Full-S1,True,2,132,20.383736002258956
cpu,CWRU,end_to_end,Full-S1,True,2,133,20.28662001248449
cpu,CWRU,end_to_end,Full-S1,True,2,134,20.265314960852265
cpu,CWRU,end_to_end,Full-S1,True,2,135,20.33339103218168
cpu,CWRU,end_to_end,Full-S1,True,2,136,20.460397994611412
cpu,CWRU,end_to_end,Full-S1,True,2,137,20.270237990189344
cpu,CWRU,end_to_end,Full-S1,True,2,138,20.264104998204857
cpu,CWRU,end_to_end,Full-S1,True,2,139,20.28755401261151
cpu,CWRU,end_to_end,Full-S1,True,2,140,20.317983988206834
cpu,CWRU,end_to_end,Full-S1,True,2,141,20.309995976276696
cpu,CWRU,end_to_end,Full-S1,True,2,142,20.327515027020127
cpu,CWRU,end_to_end,Full-S1,True,2,143,20.3089639544487
cpu,CWRU,end_to_end,Full-S1,True,2,144,20.28046699706465
cpu,CWRU,end_to_end,Full-S1,True,2,145,20.304278004914522
cpu,CWRU,end_to_end,Full-S1,True,2,146,20.48279100563377
cpu,CWRU,end_to_end,Full-S1,True,2,147,20.37703897804022
cpu,CWRU,end_to_end,Full-S1,True,2,148,20.366599957924336
cpu,CWRU,end_to_end,Full-S1,True,2,149,20.314396999310702
cpu,CWRU,end_to_end,Full-S1,True,2,150,20.331179024651647
cpu,CWRU,end_to_end,Full-S1,True,2,151,20.31804999569431
cpu,CWRU,end_to_end,Full-S1,True,2,152,20.29023104114458
cpu,CWRU,end_to_end,Full-S1,True,2,153,20.39116999367252
cpu,CWRU,end_to_end,Full-S1,True,2,154,20.406983036082238
cpu,CWRU,end_to_end,Full-S1,True,2,155,20.3211730113253
cpu,CWRU,end_to_end,Full-S1,True,2,156,20.304322009906173
cpu,CWRU,end_to_end,Full-S1,True,2,157,20.321001997217536
cpu,CWRU,end_to_end,Full-S1,True,2,158,20.290696993470192
cpu,CWRU,end_to_end,Full-S1,True,2,159,20.308054983615875
cpu,CWRU,end_to_end,Full-S1,True,2,160,20.31960099702701
cpu,CWRU,end_to_end,Full-S1,True,2,161,20.28930903179571
cpu,CWRU,end_to_end,Full-S1,True,2,162,20.2722959802486
cpu,CWRU,end_to_end,Full-S1,True,2,163,20.633958047255874
cpu,CWRU,end_to_end,Full-S1,True,2,164,20.696106017567217
cpu,CWRU,end_to_end,Full-S1,True,2,165,20.53321397397667
cpu,CWRU,end_to_end,Full-S1,True,2,166,20.396665029693395
cpu,CWRU,end_to_end,Full-S1,True,2,167,20.29753301758319
cpu,CWRU,end_to_end,Full-S1,True,2,168,20.35920601338148
cpu,CWRU,end_to_end,Full-S1,True,2,169,20.419940003193915
cpu,CWRU,end_to_end,Full-S1,True,2,170,20.52161196479574
cpu,CWRU,end_to_end,Full-S1,True,2,171,20.554092014208436
cpu,CWRU,end_to_end,Full-S1,True,2,172,20.41418297449127
cpu,CWRU,end_to_end,Full-S1,True,2,173,20.322859985753894
cpu,CWRU,end_to_end,Full-S1,True,2,174,20.320305018685758
cpu,CWRU,end_to_end,Full-S1,True,2,175,20.33987396862358
cpu,CWRU,end_to_end,Full-S1,True,2,176,20.272089052014053
cpu,CWRU,end_to_end,Full-S1,True,2,177,20.29944397509098
cpu,CWRU,end_to_end,Full-S1,True,2,178,20.32896998571232
cpu,CWRU,end_to_end,Full-S1,True,2,179,20.380501984618604
cpu,CWRU,end_to_end,Full-S1,True,2,180,20.327874983195215
cpu,CWRU,end_to_end,Full-S1,True,2,181,20.334365020971745
cpu,CWRU,end_to_end,Full-S1,True,2,182,21.043760993052274
cpu,CWRU,end_to_end,Full-S1,True,2,183,20.40291397133842
cpu,CWRU,end_to_end,Full-S1,True,2,184,20.29712696094066
cpu,CWRU,end_to_end,Full-S1,True,2,185,20.426695002242923
cpu,CWRU,end_to_end,Full-S1,True,2,186,20.316353999078274
cpu,CWRU,end_to_end,Full-S1,True,2,187,20.269594038836658
cpu,CWRU,end_to_end,Full-S1,True,2,188,20.346362027339637
cpu,CWRU,end_to_end,Full-S1,True,2,189,20.283557998482138
cpu,CWRU,end_to_end,Full-S1,True,2,190,20.295454014558345
cpu,CWRU,end_to_end,Full-S1,True,2,191,20.276515977457166
cpu,CWRU,end_to_end,Full-S1,True,2,192,20.272023044526577
cpu,CWRU,end_to_end,Full-S1,True,2,193,20.29944199603051
cpu,CWRU,end_to_end,Full-S1,True,2,194,20.278358017094433
cpu,CWRU,end_to_end,Full-S1,True,2,195,20.292223955038935
cpu,CWRU,end_to_end,Full-S1,True,2,196,20.291909982915968
cpu,CWRU,end_to_end,Full-S1,True,2,197,20.32786200288683
cpu,CWRU,end_to_end,Full-S1,True,2,198,20.32294502714649
cpu,CWRU,end_to_end,Full-S1,True,2,199,20.33250400563702
cpu,CWRU,end_to_end,Full-S1,True,2,200,20.271682005841285
cpu,CWRU,end_to_end,Full-S1,True,2,201,20.495118980761617
cpu,CWRU,end_to_end,Full-S1,True,2,202,20.297400013078004
cpu,CWRU,end_to_end,Full-S1,True,2,203,20.317983988206834
cpu,CWRU,end_to_end,Full-S1,True,2,204,20.297973009292036
cpu,CWRU,end_to_end,Full-S1,True,2,205,20.30182897578925
cpu,CWRU,end_to_end,Full-S1,True,2,206,20.278800977393985
cpu,CWRU,end_to_end,Full-S1,True,2,207,20.32067097024992
cpu,CWRU,end_to_end,Full-S1,True,2,208,20.286003011278808
cpu,CWRU,end_to_end,Full-S1,True,2,209,20.398805965669453
cpu,CWRU,end_to_end,Full-S1,True,2,210,20.28704300755635
cpu,CWRU,end_to_end,Full-S1,True,2,211,20.288986968807876
cpu,CWRU,end_to_end,Full-S1,True,2,212,20.26120398659259
cpu,CWRU,end_to_end,Full-S1,True,2,213,20.347593002952635
cpu,CWRU,end_to_end,Full-S1,True,2,214,20.343762007541955
cpu,CWRU,end_to_end,Full-S1,True,2,215,20.31076402636245
cpu,CWRU,end_to_end,Full-S1,True,2,216,20.32390597742051
cpu,CWRU,end_to_end,Full-S1,True,2,217,20.32517100451514
cpu,CWRU,end_to_end,Full-S1,True,2,218,20.31728602014482
cpu,CWRU,end_to_end,Full-S1,True,2,219,20.320138020906597
cpu,CWRU,end_to_end,Full-S1,True,2,220,20.745035028085113
cpu,CWRU,end_to_end,Full-S1,True,2,221,20.424133981578052
cpu,CWRU,end_to_end,Full-S1,True,2,222,20.352092979010195
cpu,CWRU,end_to_end,Full-S1,True,2,223,20.37952101090923
cpu,CWRU,end_to_end,Full-S1,True,2,224,20.292427972890437
cpu,CWRU,end_to_end,Full-S1,True,2,225,20.277573028579354
cpu,CWRU,end_to_end,Full-S1,True,2,226,20.30488703167066
cpu,CWRU,end_to_end,Full-S1,True,2,227,20.315703994128853
cpu,CWRU,end_to_end,Full-S1,True,2,228,20.419208973180503
cpu,CWRU,end_to_end,Full-S1,True,2,229,20.32902103383094
cpu,CWRU,end_to_end,Full-S1,True,2,230,20.306962018366903
cpu,CWRU,end_to_end,Full-S1,True,2,231,20.346498989965767
cpu,CWRU,end_to_end,Full-S1,True,2,232,20.31227498082444
cpu,CWRU,end_to_end,Full-S1,True,2,233,20.289912004955113
cpu,CWRU,end_to_end,Full-S1,True,2,234,20.268585009034723
cpu,CWRU,end_to_end,Full-S1,True,2,235,20.537774020340294
cpu,CWRU,end_to_end,Full-S1,True,2,236,20.280826021917164
cpu,CWRU,end_to_end,Full-S1,True,2,237,20.310444990172982
cpu,CWRU,end_to_end,Full-S1,True,2,238,20.366728014778346
cpu,CWRU,end_to_end,Full-S1,True,2,239,20.31395398080349
cpu,CWRU,end_to_end,Full-S1,True,2,240,20.289784006308764
cpu,CWRU,end_to_end,Full-S1,True,2,241,20.29044897062704
cpu,CWRU,end_to_end,Full-S1,True,2,242,20.28737304499373
cpu,CWRU,end_to_end,Full-S1,True,2,243,20.321811025496572
cpu,CWRU,end_to_end,Full-S1,True,2,244,20.258333010133356
cpu,CWRU,end_to_end,Full-S1,True,2,245,20.257153955753893
cpu,CWRU,end_to_end,Full-S1,True,2,246,20.336737972684205
cpu,CWRU,end_to_end,Full-S1,True,2,247,20.306582970079035
cpu,CWRU,end_to_end,Full-S1,True,2,248,20.33253898844123
cpu,CWRU,end_to_end,Full-S1,True,2,249,20.291786000598222
cpu,CWRU,end_to_end,K1,True,2,0,11.301219987217337
cpu,CWRU,end_to_end,K1,True,2,1,11.18855003733188
cpu,CWRU,end_to_end,K1,True,2,2,11.01556996582076
cpu,CWRU,end_to_end,K1,True,2,3,11.012011033017188
cpu,CWRU,end_to_end,K1,True,2,4,10.99993399111554
cpu,CWRU,end_to_end,K1,True,2,5,11.016554024536163
cpu,CWRU,end_to_end,K1,True,2,6,10.9674550476484
cpu,CWRU,end_to_end,K1,True,2,7,10.977269033901393
cpu,CWRU,end_to_end,K1,True,2,8,10.958864993881434
cpu,CWRU,end_to_end,K1,True,2,9,11.023655999451876
cpu,CWRU,end_to_end,K1,True,2,10,11.009721958544105
cpu,CWRU,end_to_end,K1,True,2,11,11.021205980796367
cpu,CWRU,end_to_end,K1,True,2,12,11.004069005139172
cpu,CWRU,end_to_end,K1,True,2,13,11.002751009073108
cpu,CWRU,end_to_end,K1,True,2,14,11.0269520082511
cpu,CWRU,end_to_end,K1,True,2,15,11.05449500028044
cpu,CWRU,end_to_end,K1,True,2,16,11.259817983955145
cpu,CWRU,end_to_end,K1,True,2,17,11.11766102258116
cpu,CWRU,end_to_end,K1,True,2,18,11.027788976207376
cpu,CWRU,end_to_end,K1,True,2,19,11.00433903047815
cpu,CWRU,end_to_end,K1,True,2,20,10.925912007223815
cpu,CWRU,end_to_end,K1,True,2,21,11.035295960027725
cpu,CWRU,end_to_end,K1,True,2,22,11.008578992914408
cpu,CWRU,end_to_end,K1,True,2,23,11.015322001185268
cpu,CWRU,end_to_end,K1,True,2,24,10.981957952026278
cpu,CWRU,end_to_end,K1,True,2,25,11.017093027476221
cpu,CWRU,end_to_end,K1,True,2,26,10.934903984889388
cpu,CWRU,end_to_end,K1,True,2,27,11.014116986189038
cpu,CWRU,end_to_end,K1,True,2,28,11.036603013053536
cpu,CWRU,end_to_end,K1,True,2,29,10.985804023221135
cpu,CWRU,end_to_end,K1,True,2,30,10.950169002171606
cpu,CWRU,end_to_end,K1,True,2,31,11.008033994585276
cpu,CWRU,end_to_end,K1,True,2,32,10.98617201205343
cpu,CWRU,end_to_end,K1,True,2,33,11.011825001332909
cpu,CWRU,end_to_end,K1,True,2,34,11.014176008757204
cpu,CWRU,end_to_end,K1,True,2,35,11.266701039858162
cpu,CWRU,end_to_end,K1,True,2,36,11.100565025117248
cpu,CWRU,end_to_end,K1,True,2,37,11.03342097485438
cpu,CWRU,end_to_end,K1,True,2,38,10.973020980600268
cpu,CWRU,end_to_end,K1,True,2,39,10.950380004942417
cpu,CWRU,end_to_end,K1,True,2,40,10.993993026204407
cpu,CWRU,end_to_end,K1,True,2,41,11.008807981852442
cpu,CWRU,end_to_end,K1,True,2,42,11.025001993402839
cpu,CWRU,end_to_end,K1,True,2,43,11.019021971151233
cpu,CWRU,end_to_end,K1,True,2,44,11.012710048817098
cpu,CWRU,end_to_end,K1,True,2,45,11.02596300188452
cpu,CWRU,end_to_end,K1,True,2,46,11.017584009096026
cpu,CWRU,end_to_end,K1,True,2,47,11.02918799733743
cpu,CWRU,end_to_end,K1,True,2,48,11.005976004526019
cpu,CWRU,end_to_end,K1,True,2,49,11.024901003111154
cpu,CWRU,end_to_end,K1,True,2,50,11.020465986803174
cpu,CWRU,end_to_end,K1,True,2,51,10.999193007592112
cpu,CWRU,end_to_end,K1,True,2,52,11.012709001079202
cpu,CWRU,end_to_end,K1,True,2,53,10.99983201129362
cpu,CWRU,end_to_end,K1,True,2,54,10.99869201425463
cpu,CWRU,end_to_end,K1,True,2,55,11.031189002096653
cpu,CWRU,end_to_end,K1,True,2,56,10.963608045130968
cpu,CWRU,end_to_end,K1,True,2,57,10.97090495750308
cpu,CWRU,end_to_end,K1,True,2,58,11.015393014531583
cpu,CWRU,end_to_end,K1,True,2,59,11.015618976671249
cpu,CWRU,end_to_end,K1,True,2,60,11.018912016879767
cpu,CWRU,end_to_end,K1,True,2,61,11.020256963092834
cpu,CWRU,end_to_end,K1,True,2,62,10.999700985848904
cpu,CWRU,end_to_end,K1,True,2,63,11.085375037509948
cpu,CWRU,end_to_end,K1,True,2,64,11.07937196502462
cpu,CWRU,end_to_end,K1,True,2,65,10.992191964760423
cpu,CWRU,end_to_end,K1,True,2,66,10.937205981463194
cpu,CWRU,end_to_end,K1,True,2,67,11.07673195656389
cpu,CWRU,end_to_end,K1,True,2,68,11.004027037415653
cpu,CWRU,end_to_end,K1,True,2,69,10.980527964420617
cpu,CWRU,end_to_end,K1,True,2,70,11.02832704782486
cpu,CWRU,end_to_end,K1,True,2,71,11.004618019796908
cpu,CWRU,end_to_end,K1,True,2,72,11.015362048055977
cpu,CWRU,end_to_end,K1,True,2,73,11.039568984415382
cpu,CWRU,end_to_end,K1,True,2,74,11.004725995007902
cpu,CWRU,end_to_end,K1,True,2,75,11.02004200220108
cpu,CWRU,end_to_end,K1,True,2,76,11.04085601400584
cpu,CWRU,end_to_end,K1,True,2,77,10.998254001606256
cpu,CWRU,end_to_end,K1,True,2,78,11.014461982995272
cpu,CWRU,end_to_end,K1,True,2,79,10.983751970343292
cpu,CWRU,end_to_end,K1,True,2,80,10.989968955982476
cpu,CWRU,end_to_end,K1,True,2,81,10.940187028609216
cpu,CWRU,end_to_end,K1,True,2,82,11.006892018485814
cpu,CWRU,end_to_end,K1,True,2,83,10.955973993986845
cpu,CWRU,end_to_end,K1,True,2,84,11.038493015803397
cpu,CWRU,end_to_end,K1,True,2,85,10.998714016750455
cpu,CWRU,end_to_end,K1,True,2,86,10.99230902036652
cpu,CWRU,end_to_end,K1,True,2,87,10.940539999864995
cpu,CWRU,end_to_end,K1,True,2,88,11.096063011791557
cpu,CWRU,end_to_end,K1,True,2,89,11.057485011406243
cpu,CWRU,end_to_end,K1,True,2,90,10.997637989930809
cpu,CWRU,end_to_end,K1,True,2,91,10.932242032140493
cpu,CWRU,end_to_end,K1,True,2,92,10.973267024382949
cpu,CWRU,end_to_end,K1,True,2,93,10.969830036628991
cpu,CWRU,end_to_end,K1,True,2,94,11.024045990779996
cpu,CWRU,end_to_end,K1,True,2,95,11.000136961229146
cpu,CWRU,end_to_end,K1,True,2,96,11.045762978028506
cpu,CWRU,end_to_end,K1,True,2,97,11.016137024853379
cpu,CWRU,end_to_end,K1,True,2,98,10.939082014374435
cpu,CWRU,end_to_end,K1,True,2,99,11.037807969842106
cpu,CWRU,end_to_end,K1,True,2,100,11.024782957974821
cpu,CWRU,end_to_end,K1,True,2,101,11.012362956535071
cpu,CWRU,end_to_end,K1,True,2,102,11.014477990102023
cpu,CWRU,end_to_end,K1,True,2,103,10.984294989611953
cpu,CWRU,end_to_end,K1,True,2,104,11.010311951395124
cpu,CWRU,end_to_end,K1,True,2,105,10.97222400130704
cpu,CWRU,end_to_end,K1,True,2,106,11.002542974893004
cpu,CWRU,end_to_end,K1,True,2,107,10.989621980115771
cpu,CWRU,end_to_end,K1,True,2,108,10.978039004839957
cpu,CWRU,end_to_end,K1,True,2,109,11.007582012098283
cpu,CWRU,end_to_end,K1,True,2,110,11.0088269575499
cpu,CWRU,end_to_end,K1,True,2,111,11.011070047970861
cpu,CWRU,end_to_end,K1,True,2,112,11.016784003004432
cpu,CWRU,end_to_end,K1,True,2,113,10.968102957122028
cpu,CWRU,end_to_end,K1,True,2,114,10.985295986756682
cpu,CWRU,end_to_end,K1,True,2,115,10.940409963950515
cpu,CWRU,end_to_end,K1,True,2,116,10.997467034030706
cpu,CWRU,end_to_end,K1,True,2,117,11.027436004951596
cpu,CWRU,end_to_end,K1,True,2,118,11.012175993528217
cpu,CWRU,end_to_end,K1,True,2,119,10.968217975459993
cpu,CWRU,end_to_end,K1,True,2,120,10.990424023475498
cpu,CWRU,end_to_end,K1,True,2,121,10.896223015151918
cpu,CWRU,end_to_end,K1,True,2,122,11.084011988714337
cpu,CWRU,end_to_end,K1,True,2,123,11.013870011083782
cpu,CWRU,end_to_end,K1,True,2,124,10.988185997121036
cpu,CWRU,end_to_end,K1,True,2,125,10.970372997689992
cpu,CWRU,end_to_end,K1,True,2,126,11.424637050367892
cpu,CWRU,end_to_end,K1,True,2,127,11.125317949336022
cpu,CWRU,end_to_end,K1,True,2,128,11.029963032342494
cpu,CWRU,end_to_end,K1,True,2,129,10.994540993124247
cpu,CWRU,end_to_end,K1,True,2,130,10.990210983436555
cpu,CWRU,end_to_end,K1,True,2,131,10.963601002003998
cpu,CWRU,end_to_end,K1,True,2,132,11.04270201176405
cpu,CWRU,end_to_end,K1,True,2,133,11.025286978110671
cpu,CWRU,end_to_end,K1,True,2,134,11.014408024493605
cpu,CWRU,end_to_end,K1,True,2,135,11.016183998435736
cpu,CWRU,end_to_end,K1,True,2,136,11.028576001990587
cpu,CWRU,end_to_end,K1,True,2,137,11.152591032441705
cpu,CWRU,end_to_end,K1,True,2,138,11.009427020326257
cpu,CWRU,end_to_end,K1,True,2,139,10.985052969772369
cpu,CWRU,end_to_end,K1,True,2,140,10.994584008585662
cpu,CWRU,end_to_end,K1,True,2,141,10.966709989588708
cpu,CWRU,end_to_end,K1,True,2,142,11.007360997609794
cpu,CWRU,end_to_end,K1,True,2,143,10.98914397880435
cpu,CWRU,end_to_end,K1,True,2,144,11.021076003089547
cpu,CWRU,end_to_end,K1,True,2,145,10.990214999765158
cpu,CWRU,end_to_end,K1,True,2,146,11.003501014783978
cpu,CWRU,end_to_end,K1,True,2,147,11.006428976543248
cpu,CWRU,end_to_end,K1,True,2,148,10.970634000841528
cpu,CWRU,end_to_end,K1,True,2,149,11.038530967198312
cpu,CWRU,end_to_end,K1,True,2,150,11.011588969267905
cpu,CWRU,end_to_end,K1,True,2,151,11.017989018000662
cpu,CWRU,end_to_end,K1,True,2,152,10.995110962539911
cpu,CWRU,end_to_end,K1,True,2,153,11.155012005474418
cpu,CWRU,end_to_end,K1,True,2,154,11.035708012059331
cpu,CWRU,end_to_end,K1,True,2,155,11.14598399726674
cpu,CWRU,end_to_end,K1,True,2,156,10.955797974020243
cpu,CWRU,end_to_end,K1,True,2,157,10.945686022751033
cpu,CWRU,end_to_end,K1,True,2,158,11.001261998899281
cpu,CWRU,end_to_end,K1,True,2,159,10.953036020509899
cpu,CWRU,end_to_end,K1,True,2,160,11.09867898048833
cpu,CWRU,end_to_end,K1,True,2,161,10.99839701782912
cpu,CWRU,end_to_end,K1,True,2,162,11.033079994376749
cpu,CWRU,end_to_end,K1,True,2,163,11.00972801214084
cpu,CWRU,end_to_end,K1,True,2,164,10.977555008139461
cpu,CWRU,end_to_end,K1,True,2,165,11.01098395884037
cpu,CWRU,end_to_end,K1,True,2,166,11.034536990337074
cpu,CWRU,end_to_end,K1,True,2,167,11.032973998226225
cpu,CWRU,end_to_end,K1,True,2,168,10.971089999657124
cpu,CWRU,end_to_end,K1,True,2,169,10.938038001768291
cpu,CWRU,end_to_end,K1,True,2,170,11.037684045732021
cpu,CWRU,end_to_end,K1,True,2,171,11.016568983905017
cpu,CWRU,end_to_end,K1,True,2,172,11.023254017345607
cpu,CWRU,end_to_end,K1,True,2,173,11.007962981238961
cpu,CWRU,end_to_end,K1,True,2,174,11.003420979250222
cpu,CWRU,end_to_end,K1,True,2,175,11.035301024094224
cpu,CWRU,end_to_end,K1,True,2,176,11.016955017112195
cpu,CWRU,end_to_end,K1,True,2,177,11.032972019165754
cpu,CWRU,end_to_end,K1,True,2,178,11.028130946215242
cpu,CWRU,end_to_end,K1,True,2,179,11.011433962266892
cpu,CWRU,end_to_end,K1,True,2,180,11.023765022400767
cpu,CWRU,end_to_end,K1,True,2,181,11.01416494930163
cpu,CWRU,end_to_end,K1,True,2,182,11.018683959264308
cpu,CWRU,end_to_end,K1,True,2,183,11.028600041754544
cpu,CWRU,end_to_end,K1,True,2,184,11.02704496588558
cpu,CWRU,end_to_end,K1,True,2,185,10.951502015814185
cpu,CWRU,end_to_end,K1,True,2,186,10.990064998622984
cpu,CWRU,end_to_end,K1,True,2,187,10.997108009178191
cpu,CWRU,end_to_end,K1,True,2,188,10.983056970871985
cpu,CWRU,end_to_end,K1,True,2,189,11.0405029845424
cpu,CWRU,end_to_end,K1,True,2,190,11.000255006365478
cpu,CWRU,end_to_end,K1,True,2,191,11.000150989275426
cpu,CWRU,end_to_end,K1,True,2,192,10.983107960782945
cpu,CWRU,end_to_end,K1,True,2,193,10.993556003086269
cpu,CWRU,end_to_end,K1,True,2,194,11.006926011759788
cpu,CWRU,end_to_end,K1,True,2,195,11.0394720104523
cpu,CWRU,end_to_end,K1,True,2,196,10.9725910006091
cpu,CWRU,end_to_end,K1,True,2,197,11.002130981069058
cpu,CWRU,end_to_end,K1,True,2,198,11.20254403213039
cpu,CWRU,end_to_end,K1,True,2,199,11.106566991657019
cpu,CWRU,end_to_end,K1,True,2,200,11.02271897252649
cpu,CWRU,end_to_end,K1,True,2,201,10.992801049724221
cpu,CWRU,end_to_end,K1,True,2,202,10.998149984516203
cpu,CWRU,end_to_end,K1,True,2,203,11.070271022617817
cpu,CWRU,end_to_end,K1,True,2,204,11.079917952883989
cpu,CWRU,end_to_end,K1,True,2,205,10.975053010042757
cpu,CWRU,end_to_end,K1,True,2,206,11.020047997590154
cpu,CWRU,end_to_end,K1,True,2,207,11.020520003512502
cpu,CWRU,end_to_end,K1,True,2,208,11.006854008883238
cpu,CWRU,end_to_end,K1,True,2,209,11.034366034436971
cpu,CWRU,end_to_end,K1,True,2,210,10.966614005155861
cpu,CWRU,end_to_end,K1,True,2,211,11.021725018508732
cpu,CWRU,end_to_end,K1,True,2,212,10.99887496093288
cpu,CWRU,end_to_end,K1,True,2,213,11.097503011114895
cpu,CWRU,end_to_end,K1,True,2,214,10.96235797740519
cpu,CWRU,end_to_end,K1,True,2,215,11.008034984115511
cpu,CWRU,end_to_end,K1,True,2,216,11.007041030097753
cpu,CWRU,end_to_end,K1,True,2,217,11.435683001764119
cpu,CWRU,end_to_end,K1,True,2,218,11.01846998790279
cpu,CWRU,end_to_end,K1,True,2,219,11.023811006452888
cpu,CWRU,end_to_end,K1,True,2,220,11.02076901588589
cpu,CWRU,end_to_end,K1,True,2,221,10.970728006213903
cpu,CWRU,end_to_end,K1,True,2,222,11.012358998414129
cpu,CWRU,end_to_end,K1,True,2,223,10.970917996019125
cpu,CWRU,end_to_end,K1,True,2,224,11.011872033122927
cpu,CWRU,end_to_end,K1,True,2,225,11.008033994585276
cpu,CWRU,end_to_end,K1,True,2,226,11.02589798392728
cpu,CWRU,end_to_end,K1,True,2,227,10.992229974363
cpu,CWRU,end_to_end,K1,True,2,228,10.991386021487415
cpu,CWRU,end_to_end,K1,True,2,229,11.008852976374328
cpu,CWRU,end_to_end,K1,True,2,230,10.972280986607075
cpu,CWRU,end_to_end,K1,True,2,231,11.021654005162418
cpu,CWRU,end_to_end,K1,True,2,232,11.032862006686628
cpu,CWRU,end_to_end,K1,True,2,233,11.057702999096364
cpu,CWRU,end_to_end,K1,True,2,234,10.974848992191255
cpu,CWRU,end_to_end,K1,True,2,235,11.022113030776381
cpu,CWRU,end_to_end,K1,True,2,236,11.021630954928696
cpu,CWRU,end_to_end,K1,True,2,237,11.008591041900218
cpu,CWRU,end_to_end,K1,True,2,238,10.992236027959734
cpu,CWRU,end_to_end,K1,True,2,239,10.995958000421524
cpu,CWRU,end_to_end,K1,True,2,240,11.017193959560245
cpu,CWRU,end_to_end,K1,True,2,241,11.057378025725484
cpu,CWRU,end_to_end,K1,True,2,242,11.053519963752478
cpu,CWRU,end_to_end,K1,True,2,243,10.99301700014621
cpu,CWRU,end_to_end,K1,True,2,244,10.950466035865247
cpu,CWRU,end_to_end,K1,True,2,245,11.057752999477088
cpu,CWRU,end_to_end,K1,True,2,246,11.096141999587417
cpu,CWRU,end_to_end,K1,True,2,247,11.055584996938705
cpu,CWRU,end_to_end,K1,True,2,248,11.000072001479566
cpu,CWRU,end_to_end,K1,True,2,249,11.04597095400095
cpu,CWRU,end_to_end,K1,True,3,0,11.01242599543184
cpu,CWRU,end_to_end,K1,True,3,1,10.969435039442033
cpu,CWRU,end_to_end,K1,True,3,2,11.04012195719406
cpu,CWRU,end_to_end,K1,True,3,3,11.0418590484187
cpu,CWRU,end_to_end,K1,True,3,4,10.981562023516744
cpu,CWRU,end_to_end,K1,True,3,5,10.980940016452223
cpu,CWRU,end_to_end,K1,True,3,6,10.964787972625345
cpu,CWRU,end_to_end,K1,True,3,7,10.972682968713343
cpu,CWRU,end_to_end,K1,True,3,8,11.025657993741333
cpu,CWRU,end_to_end,K1,True,3,9,10.93315496109426
cpu,CWRU,end_to_end,K1,True,3,10,10.982526000589132
cpu,CWRU,end_to_end,K1,True,3,11,10.965662950184196
cpu,CWRU,end_to_end,K1,True,3,12,11.019189958460629
cpu,CWRU,end_to_end,K1,True,3,13,10.998894984368235
cpu,CWRU,end_to_end,K1,True,3,14,11.017974000424147
cpu,CWRU,end_to_end,K1,True,3,15,11.008392961230129
cpu,CWRU,end_to_end,K1,True,3,16,11.027475993614644
cpu,CWRU,end_to_end,K1,True,3,17,10.997108009178191
cpu,CWRU,end_to_end,K1,True,3,18,11.008109024260193
cpu,CWRU,end_to_end,K1,True,3,19,10.999956983141601
cpu,CWRU,end_to_end,K1,True,3,20,11.030205991119146
cpu,CWRU,end_to_end,K1,True,3,21,11.006988992448896
cpu,CWRU,end_to_end,K1,True,3,22,11.029493005480617
cpu,CWRU,end_to_end,K1,True,3,23,11.01271400693804
cpu,CWRU,end_to_end,K1,True,3,24,10.953849006909877
cpu,CWRU,end_to_end,K1,True,3,25,11.161495000123978
cpu,CWRU,end_to_end,K1,True,3,26,10.986631968989968
cpu,CWRU,end_to_end,K1,True,3,27,10.948730981908739
cpu,CWRU,end_to_end,K1,True,3,28,11.006454995367676
cpu,CWRU,end_to_end,K1,True,3,29,11.019347002729774
cpu,CWRU,end_to_end,K1,True,3,30,11.02084299782291
cpu,CWRU,end_to_end,K1,True,3,31,11.012646020390093
cpu,CWRU,end_to_end,K1,True,3,32,10.972933028824627
cpu,CWRU,end_to_end,K1,True,3,33,10.98014396848157
cpu,CWRU,end_to_end,K1,True,3,34,11.031123984139413
cpu,CWRU,end_to_end,K1,True,3,35,10.970595991238952
cpu,CWRU,end_to_end,K1,True,3,36,10.962564963847399
cpu,CWRU,end_to_end,K1,True,3,37,11.02524297311902
cpu,CWRU,end_to_end,K1,True,3,38,11.036436015274376
cpu,CWRU,end_to_end,K1,True,3,39,11.007090972270817
cpu,CWRU,end_to_end,K1,True,3,40,11.01698400452733
cpu,CWRU,end_to_end,K1,True,3,41,11.01161097176373
cpu,CWRU,end_to_end,K1,True,3,42,10.992566996719688
cpu,CWRU,end_to_end,K1,True,3,43,11.065303988289088
cpu,CWRU,end_to_end,K1,True,3,44,11.080565978772938
cpu,CWRU,end_to_end,K1,True,3,45,11.007491033524275
cpu,CWRU,end_to_end,K1,True,3,46,10.98698697751388
cpu,CWRU,end_to_end,K1,True,3,47,10.938456980511546
cpu,CWRU,end_to_end,K1,True,3,48,10.99396898644045
cpu,CWRU,end_to_end,K1,True,3,49,11.021361977327615
cpu,CWRU,end_to_end,K1,True,3,50,11.04500301880762
cpu,CWRU,end_to_end,K1,True,3,51,11.019907018635422
cpu,CWRU,end_to_end,K1,True,3,52,11.014158022589982
cpu,CWRU,end_to_end,K1,True,3,53,11.010985996108502
cpu,CWRU,end_to_end,K1,True,3,54,10.963089007418603
cpu,CWRU,end_to_end,K1,True,3,55,11.038797034416348
cpu,CWRU,end_to_end,K1,True,3,56,10.990612034220248
cpu,CWRU,end_to_end,K1,True,3,57,11.219022038858384
cpu,CWRU,end_to_end,K1,True,3,58,11.174723040312529
cpu,CWRU,end_to_end,K1,True,3,59,11.012984032277018
cpu,CWRU,end_to_end,K1,True,3,60,10.987057990860194
cpu,CWRU,end_to_end,K1,True,3,61,10.962777014356107
cpu,CWRU,end_to_end,K1,True,3,62,11.02386403363198
cpu,CWRU,end_to_end,K1,True,3,63,11.00086304359138
cpu,CWRU,end_to_end,K1,True,3,64,10.926344955805689
cpu,CWRU,end_to_end,K1,True,3,65,11.027000029571354
cpu,CWRU,end_to_end,K1,True,3,66,10.975633980706334
cpu,CWRU,end_to_end,K1,True,3,67,11.017362994607538
cpu,CWRU,end_to_end,K1,True,3,68,11.025705025531352
cpu,CWRU,end_to_end,K1,True,3,69,10.984071996062994
cpu,CWRU,end_to_end,K1,True,3,70,11.008923989720643
cpu,CWRU,end_to_end,K1,True,3,71,11.040744022466242
cpu,CWRU,end_to_end,K1,True,3,72,11.022216989658773
cpu,CWRU,end_to_end,K1,True,3,73,11.042758007533848
cpu,CWRU,end_to_end,K1,True,3,74,11.02517097024247
cpu,CWRU,end_to_end,K1,True,3,75,11.007944005541503
cpu,CWRU,end_to_end,K1,True,3,76,11.012980015948415
cpu,CWRU,end_to_end,K1,True,3,77,10.975559009239078
cpu,CWRU,end_to_end,K1,True,3,78,11.003096005879343
cpu,CWRU,end_to_end,K1,True,3,79,10.942150023765862
cpu,CWRU,end_to_end,K1,True,3,80,11.018392979167402
cpu,CWRU,end_to_end,K1,True,3,81,10.917433013673872
cpu,CWRU,end_to_end,K1,True,3,82,10.993467003572732
cpu,CWRU,end_to_end,K1,True,3,83,10.989370988681912
cpu,CWRU,end_to_end,K1,True,3,84,11.000861995853484
cpu,CWRU,end_to_end,K1,True,3,85,10.98607201129198
cpu,CWRU,end_to_end,K1,True,3,86,11.015289986971766
cpu,CWRU,end_to_end,K1,True,3,87,11.166790965944529
cpu,CWRU,end_to_end,K1,True,3,88,10.987252986524254
cpu,CWRU,end_to_end,K1,True,3,89,10.996937984600663
cpu,CWRU,end_to_end,K1,True,3,90,11.02731900755316
cpu,CWRU,end_to_end,K1,True,3,91,11.019180994480848
cpu,CWRU,end_to_end,K1,True,3,92,11.031604022718966
cpu,CWRU,end_to_end,K1,True,3,93,11.00841601146385
cpu,CWRU,end_to_end,K1,True,3,94,10.994518990628421
cpu,CWRU,end_to_end,K1,True,3,95,10.991414019372314
cpu,CWRU,end_to_end,K1,True,3,96,10.976877994835377
cpu,CWRU,end_to_end,K1,True,3,97,11.036604002583772
cpu,CWRU,end_to_end,K1,True,3,98,11.009004025254399
cpu,CWRU,end_to_end,K1,True,3,99,11.023856000974774
cpu,CWRU,end_to_end,K1,True,3,100,11.018449033144861
cpu,CWRU,end_to_end,K1,True,3,101,10.99399698432535
cpu,CWRU,end_to_end,K1,True,3,102,11.009208974428475
cpu,CWRU,end_to_end,K1,True,3,103,10.976002959068865
cpu,CWRU,end_to_end,K1,True,3,104,11.017920973245054
cpu,CWRU,end_to_end,K1,True,3,105,10.900296038016677
cpu,CWRU,end_to_end,K1,True,3,106,11.011019989382476
cpu,CWRU,end_to_end,K1,True,3,107,11.025524989236146
cpu,CWRU,end_to_end,K1,True,3,108,11.026694963220507
cpu,CWRU,end_to_end,K1,True,3,109,10.937716986518353
cpu,CWRU,end_to_end,K1,True,3,110,11.023658968042582
cpu,CWRU,end_to_end,K1,True,3,111,10.997486999258399
cpu,CWRU,end_to_end,K1,True,3,112,11.024624051060528
cpu,CWRU,end_to_end,K1,True,3,113,11.02211099350825
cpu,CWRU,end_to_end,K1,True,3,114,11.00104401120916
cpu,CWRU,end_to_end,K1,True,3,115,11.005265987478197
cpu,CWRU,end_to_end,K1,True,3,116,11.022351973224431
cpu,CWRU,end_to_end,K1,True,3,117,10.954753030091524
cpu,CWRU,end_to_end,K1,True,3,118,10.948622017167509
cpu,CWRU,end_to_end,K1,True,3,119,10.981625993736088
cpu,CWRU,end_to_end,K1,True,3,120,11.047067993786186
cpu,CWRU,end_to_end,K1,True,3,121,10.996930010151118
cpu,CWRU,end_to_end,K1,True,3,122,10.987909976392984
cpu,CWRU,end_to_end,K1,True,3,123,11.008027999196202
cpu,CWRU,end_to_end,K1,True,3,124,10.977209021802992
cpu,CWRU,end_to_end,K1,True,3,125,10.982633044477552
cpu,CWRU,end_to_end,K1,True,3,126,11.019525001756847
cpu,CWRU,end_to_end,K1,True,3,127,11.015481955837458
cpu,CWRU,end_to_end,K1,True,3,128,10.967164998874068
cpu,CWRU,end_to_end,K1,True,3,129,10.999659018125385
cpu,CWRU,end_to_end,K1,True,3,130,11.010032962076366
cpu,CWRU,end_to_end,K1,True,3,131,11.0074199619703
cpu,CWRU,end_to_end,K1,True,3,132,11.013734037987888
cpu,CWRU,end_to_end,K1,True,3,133,11.008155008312315
cpu,CWRU,end_to_end,K1,True,3,134,10.966825997456908
cpu,CWRU,end_to_end,K1,True,3,135,11.047100007999688
cpu,CWRU,end_to_end,K1,True,3,136,11.305732012260705
cpu,CWRU,end_to_end,K1,True,3,137,11.008945002686232
cpu,CWRU,end_to_end,K1,True,3,138,10.941896005533636
cpu,CWRU,end_to_end,K1,True,3,139,11.019553989171982
cpu,CWRU,end_to_end,K1,True,3,140,11.003623018041253
cpu,CWRU,end_to_end,K1,True,3,141,11.027770000509918
cpu,CWRU,end_to_end,K1,True,3,142,11.017779994290322
cpu,CWRU,end_to_end,K1,True,3,143,10.977598023600876
cpu,CWRU,end_to_end,K1,True,3,144,11.006646032910794
cpu,CWRU,end_to_end,K1,True,3,145,10.957882972434163
cpu,CWRU,end_to_end,K1,True,3,146,10.980377963278443
cpu,CWRU,end_to_end,K1,True,3,147,10.961270018015057
cpu,CWRU,end_to_end,K1,True,3,148,11.308432032819837
cpu,CWRU,end_to_end,K1,True,3,149,11.2166500184685
cpu,CWRU,end_to_end,K1,True,3,150,11.033957009203732
cpu,CWRU,end_to_end,K1,True,3,151,10.918266023509204
cpu,CWRU,end_to_end,K1,True,3,152,11.004910978954285
cpu,CWRU,end_to_end,K1,True,3,153,10.991015005856752
cpu,CWRU,end_to_end,K1,True,3,154,11.003873019944876
cpu,CWRU,end_to_end,K1,True,3,155,11.014172050636262
cpu,CWRU,end_to_end,K1,True,3,156,11.200586042832583
cpu,CWRU,end_to_end,K1,True,3,157,11.161760019604117
cpu,CWRU,end_to_end,K1,True,3,158,11.047468986362219
cpu,CWRU,end_to_end,K1,True,3,159,10.977370955515653
cpu,CWRU,end_to_end,K1,True,3,160,10.971640003845096
cpu,CWRU,end_to_end,K1,True,3,161,11.028836015611887
cpu,CWRU,end_to_end,K1,True,3,162,10.965222958475351
cpu,CWRU,end_to_end,K1,True,3,163,11.01512397872284
cpu,CWRU,end_to_end,K1,True,3,164,11.011413997039199
cpu,CWRU,end_to_end,K1,True,3,165,11.009370035026222
cpu,CWRU,end_to_end,K1,True,3,166,11.00294798379764
cpu,CWRU,end_to_end,K1,True,3,167,11.035141011234373
cpu,CWRU,end_to_end,K1,True,3,168,11.013852956239134
cpu,CWRU,end_to_end,K1,True,3,169,11.007620021700859
cpu,CWRU,end_to_end,K1,True,3,170,11.008841975126415
cpu,CWRU,end_to_end,K1,True,3,171,11.012720002327114
cpu,CWRU,end_to_end,K1,True,3,172,11.004689033143222
cpu,CWRU,end_to_end,K1,True,3,173,11.014684976544231
cpu,CWRU,end_to_end,K1,True,3,174,10.986440000124276
cpu,CWRU,end_to_end,K1,True,3,175,10.98652696236968
cpu,CWRU,end_to_end,K1,True,3,176,11.006688990164548
cpu,CWRU,end_to_end,K1,True,3,177,11.045913037378341
cpu,CWRU,end_to_end,K1,True,3,178,11.130995000712574
cpu,CWRU,end_to_end,K1,True,3,179,11.01162499981001
cpu,CWRU,end_to_end,K1,True,3,180,11.014206043910235
cpu,CWRU,end_to_end,K1,True,3,181,10.990261973347515
cpu,CWRU,end_to_end,K1,True,3,182,10.948412003926933
cpu,CWRU,end_to_end,K1,True,3,183,11.06549595715478
cpu,CWRU,end_to_end,K1,True,3,184,11.033785995095968
cpu,CWRU,end_to_end,K1,True,3,185,10.959712031763047
cpu,CWRU,end_to_end,K1,True,3,186,10.998645040672272
cpu,CWRU,end_to_end,K1,True,3,187,11.028862034436315
cpu,CWRU,end_to_end,K1,True,3,188,11.007666995283216
cpu,CWRU,end_to_end,K1,True,3,189,10.982737003359944
cpu,CWRU,end_to_end,K1,True,3,190,10.994072014000267
cpu,CWRU,end_to_end,K1,True,3,191,11.003263993188739
cpu,CWRU,end_to_end,K1,True,3,192,10.996843979228288
cpu,CWRU,end_to_end,K1,True,3,193,11.01357099832967
cpu,CWRU,end_to_end,K1,True,3,194,10.986851993948221
cpu,CWRU,end_to_end,K1,True,3,195,10.993842966854572
cpu,CWRU,end_to_end,K1,True,3,196,11.008972011040896
cpu,CWRU,end_to_end,K1,True,3,197,11.031078000087291
cpu,CWRU,end_to_end,K1,True,3,198,11.017603043001145
cpu,CWRU,end_to_end,K1,True,3,199,10.961799009237438
cpu,CWRU,end_to_end,K1,True,3,200,11.031661997549236
cpu,CWRU,end_to_end,K1,True,3,201,10.995525983162224
cpu,CWRU,end_to_end,K1,True,3,202,11.01115602068603
cpu,CWRU,end_to_end,K1,True,3,203,11.009534995537251
cpu,CWRU,end_to_end,K1,True,3,204,10.99252502899617
cpu,CWRU,end_to_end,K1,True,3,205,11.010001006070524
cpu,CWRU,end_to_end,K1,True,3,206,11.04514702456072
cpu,CWRU,end_to_end,K1,True,3,207,11.007702036295086
cpu,CWRU,end_to_end,K1,True,3,208,10.99026802694425
cpu,CWRU,end_to_end,K1,True,3,209,10.992587020155042
cpu,CWRU,end_to_end,K1,True,3,210,10.997812962159514
cpu,CWRU,end_to_end,K1,True,3,211,10.99326298572123
cpu,CWRU,end_to_end,K1,True,3,212,11.004247993696481
cpu,CWRU,end_to_end,K1,True,3,213,11.004855972714722
cpu,CWRU,end_to_end,K1,True,3,214,10.986936977133155
cpu,CWRU,end_to_end,K1,True,3,215,10.999938007444143
cpu,CWRU,end_to_end,K1,True,3,216,10.975358018185943
cpu,CWRU,end_to_end,K1,True,3,217,10.982692008838058
cpu,CWRU,end_to_end,K1,True,3,218,11.011606024112552
cpu,CWRU,end_to_end,K1,True,3,219,11.005576001480222
cpu,CWRU,end_to_end,K1,True,3,220,11.110353982076049
cpu,CWRU,end_to_end,K1,True,3,221,11.1647589947097
cpu,CWRU,end_to_end,K1,True,3,222,11.097838985733688
cpu,CWRU,end_to_end,K1,True,3,223,11.013872048351914
cpu,CWRU,end_to_end,K1,True,3,224,11.03086001239717
cpu,CWRU,end_to_end,K1,True,3,225,11.003667023032904
cpu,CWRU,end_to_end,K1,True,3,226,10.999518970493227
cpu,CWRU,end_to_end,K1,True,3,227,10.993603034876287
cpu,CWRU,end_to_end,K1,True,3,228,11.004863015841693
cpu,CWRU,end_to_end,K1,True,3,229,10.976797027979046
cpu,CWRU,end_to_end,K1,True,3,230,10.996950964909047
cpu,CWRU,end_to_end,K1,True,3,231,11.002101993653923
cpu,CWRU,end_to_end,K1,True,3,232,11.039080040063709
cpu,CWRU,end_to_end,K1,True,3,233,11.000549013260752
cpu,CWRU,end_to_end,K1,True,3,234,11.006671003997326
cpu,CWRU,end_to_end,K1,True,3,235,10.937105980701745
cpu,CWRU,end_to_end,K1,True,3,236,10.971943032927811
cpu,CWRU,end_to_end,K1,True,3,237,10.9641759772785
cpu,CWRU,end_to_end,K1,True,3,238,11.006376007571816
cpu,CWRU,end_to_end,K1,True,3,239,11.311645968817174
cpu,CWRU,end_to_end,K1,True,3,240,11.122617986984551
cpu,CWRU,end_to_end,K1,True,3,241,10.965691006276757
cpu,CWRU,end_to_end,K1,True,3,242,10.986653971485794
cpu,CWRU,end_to_end,K1,True,3,243,11.030050984118134
cpu,CWRU,end_to_end,K1,True,3,244,11.00149197736755
cpu,CWRU,end_to_end,K1,True,3,245,10.991621995344758
cpu,CWRU,end_to_end,K1,True,3,246,11.009863985236734
cpu,CWRU,end_to_end,K1,True,3,247,11.013430019374937
cpu,CWRU,end_to_end,K1,True,3,248,11.018037039320916
cpu,CWRU,end_to_end,K1,True,3,249,10.991262970492244
cpu,CWRU,end_to_end,Full-S1,True,3,0,20.61431296169758
cpu,CWRU,end_to_end,Full-S1,True,3,1,20.50654002232477
cpu,CWRU,end_to_end,Full-S1,True,3,2,20.35206201253459
cpu,CWRU,end_to_end,Full-S1,True,3,3,20.347798999864608
cpu,CWRU,end_to_end,Full-S1,True,3,4,20.27709799585864
cpu,CWRU,end_to_end,Full-S1,True,3,5,20.26207698509097
cpu,CWRU,end_to_end,Full-S1,True,3,6,20.248390967026353
cpu,CWRU,end_to_end,Full-S1,True,3,7,20.274364040233195
cpu,CWRU,end_to_end,Full-S1,True,3,8,20.27926198206842
cpu,CWRU,end_to_end,Full-S1,True,3,9,20.256192015949637
cpu,CWRU,end_to_end,Full-S1,True,3,10,20.324159995652735
cpu,CWRU,end_to_end,Full-S1,True,3,11,20.357239001896232
cpu,CWRU,end_to_end,Full-S1,True,3,12,20.965109986718744
cpu,CWRU,end_to_end,Full-S1,True,3,13,21.523721981793642
cpu,CWRU,end_to_end,Full-S1,True,3,14,21.22656797291711
cpu,CWRU,end_to_end,Full-S1,True,3,15,20.298739022109658
cpu,CWRU,end_to_end,Full-S1,True,3,16,20.290509040933102
cpu,CWRU,end_to_end,Full-S1,True,3,17,20.29381098691374
cpu,CWRU,end_to_end,Full-S1,True,3,18,20.267195999622345
cpu,CWRU,end_to_end,Full-S1,True,3,19,20.245738967787474
cpu,CWRU,end_to_end,Full-S1,True,3,20,20.32175299245864
cpu,CWRU,end_to_end,Full-S1,True,3,21,20.243117003701627
cpu,CWRU,end_to_end,Full-S1,True,3,22,20.264152029994875
cpu,CWRU,end_to_end,Full-S1,True,3,23,20.268896012566984
cpu,CWRU,end_to_end,Full-S1,True,3,24,20.226961001753807
cpu,CWRU,end_to_end,Full-S1,True,3,25,20.26354498229921
cpu,CWRU,end_to_end,Full-S1,True,3,26,20.272169960662723
cpu,CWRU,end_to_end,Full-S1,True,3,27,20.263095968402922
cpu,CWRU,end_to_end,Full-S1,True,3,28,20.281183999031782
cpu,CWRU,end_to_end,Full-S1,True,3,29,20.248995046131313
cpu,CWRU,end_to_end,Full-S1,True,3,30,20.241351972799748
cpu,CWRU,end_to_end,Full-S1,True,3,31,20.27068199822679
cpu,CWRU,end_to_end,Full-S1,True,3,32,20.290582033339888
cpu,CWRU,end_to_end,Full-S1,True,3,33,20.281494013033807
cpu,CWRU,end_to_end,Full-S1,True,3,34,20.256462041288614
cpu,CWRU,end_to_end,Full-S1,True,3,35,21.68785803951323
cpu,CWRU,end_to_end,Full-S1,True,3,36,22.77607994619757
cpu,CWRU,end_to_end,Full-S1,True,3,37,21.562046953476965
cpu,CWRU,end_to_end,Full-S1,True,3,38,20.432400982826948
cpu,CWRU,end_to_end,Full-S1,True,3,39,20.370397018268704
cpu,CWRU,end_to_end,Full-S1,True,3,40,20.314408000558615
cpu,CWRU,end_to_end,Full-S1,True,3,41,20.349853963125497
cpu,CWRU,end_to_end,Full-S1,True,3,42,20.9563989774324
cpu,CWRU,end_to_end,Full-S1,True,3,43,22.2601710120216
cpu,CWRU,end_to_end,Full-S1,True,3,44,20.86181502090767
cpu,CWRU,end_to_end,Full-S1,True,3,45,20.44966397807002
cpu,CWRU,end_to_end,Full-S1,True,3,46,20.341105002444237
cpu,CWRU,end_to_end,Full-S1,True,3,47,20.352595020085573
cpu,CWRU,end_to_end,Full-S1,True,3,48,20.651591999921948
cpu,CWRU,end_to_end,Full-S1,True,3,49,20.39313700515777
cpu,CWRU,end_to_end,Full-S1,True,3,50,20.302738004829735
cpu,CWRU,end_to_end,Full-S1,True,3,51,20.298162009567022
cpu,CWRU,end_to_end,Full-S1,True,3,52,20.564372010994703
cpu,CWRU,end_to_end,Full-S1,True,3,53,20.484442997258157
cpu,CWRU,end_to_end,Full-S1,True,3,54,20.356787950731814
cpu,CWRU,end_to_end,Full-S1,True,3,55,20.27025300776586
cpu,CWRU,end_to_end,Full-S1,True,3,56,20.231545029673725
cpu,CWRU,end_to_end,Full-S1,True,3,57,20.379587018396705
cpu,CWRU,end_to_end,Full-S1,True,3,58,20.309841027483344
cpu,CWRU,end_to_end,Full-S1,True,3,59,20.463389984797686
cpu,CWRU,end_to_end,Full-S1,True,3,60,20.428846997674555
cpu,CWRU,end_to_end,Full-S1,True,3,61,20.30039095552638
cpu,CWRU,end_to_end,Full-S1,True,3,62,20.297248964197934
cpu,CWRU,end_to_end,Full-S1,True,3,63,20.30188904609531
cpu,CWRU,end_to_end,Full-S1,True,3,64,20.457920036278665
cpu,CWRU,end_to_end,Full-S1,True,3,65,20.307134953327477
cpu,CWRU,end_to_end,Full-S1,True,3,66,20.279659947846085
cpu,CWRU,end_to_end,Full-S1,True,3,67,20.276140014175326
cpu,CWRU,end_to_end,Full-S1,True,3,68,20.25168703403324
cpu,CWRU,end_to_end,Full-S1,True,3,69,20.26093500899151
cpu,CWRU,end_to_end,Full-S1,True,3,70,20.260999037418514
cpu,CWRU,end_to_end,Full-S1,True,3,71,20.266203966457397
cpu,CWRU,end_to_end,Full-S1,True,3,72,20.288620959036052
cpu,CWRU,end_to_end,Full-S1,True,3,73,20.275631977710873
cpu,CWRU,end_to_end,Full-S1,True,3,74,20.265247963834554
cpu,CWRU,end_to_end,Full-S1,True,3,75,20.25121299084276
cpu,CWRU,end_to_end,Full-S1,True,3,76,20.28478804277256
cpu,CWRU,end_to_end,Full-S1,True,3,77,20.254260976798832
cpu,CWRU,end_to_end,Full-S1,True,3,78,20.267002983018756
cpu,CWRU,end_to_end,Full-S1,True,3,79,20.227356988471
cpu,CWRU,end_to_end,Full-S1,True,3,80,20.26319201104343
cpu,CWRU,end_to_end,Full-S1,True,3,81,20.37539304001257
cpu,CWRU,end_to_end,Full-S1,True,3,82,20.270999986678362
cpu,CWRU,end_to_end,Full-S1,True,3,83,20.27357998304069
cpu,CWRU,end_to_end,Full-S1,True,3,84,20.30010102316737
cpu,CWRU,end_to_end,Full-S1,True,3,85,20.24936501402408
cpu,CWRU,end_to_end,Full-S1,True,3,86,20.290107000619173
cpu,CWRU,end_to_end,Full-S1,True,3,87,20.28636896284297
cpu,CWRU,end_to_end,Full-S1,True,3,88,20.28041594894603
cpu,CWRU,end_to_end,Full-S1,True,3,89,20.33318701433018
cpu,CWRU,end_to_end,Full-S1,True,3,90,20.23007901152596
cpu,CWRU,end_to_end,Full-S1,True,3,91,20.291154040023685
cpu,CWRU,end_to_end,Full-S1,True,3,92,20.706229028292
cpu,CWRU,end_to_end,Full-S1,True,3,93,20.394195977132767
cpu,CWRU,end_to_end,Full-S1,True,3,94,20.320042967796326
cpu,CWRU,end_to_end,Full-S1,True,3,95,20.24814102333039
cpu,CWRU,end_to_end,Full-S1,True,3,96,20.30561800347641
cpu,CWRU,end_to_end,Full-S1,True,3,97,20.292933972086757
cpu,CWRU,end_to_end,Full-S1,True,3,98,20.28886805055663
cpu,CWRU,end_to_end,Full-S1,True,3,99,20.267638959921896
cpu,CWRU,end_to_end,Full-S1,True,3,100,20.28992399573326
cpu,CWRU,end_to_end,Full-S1,True,3,101,20.271288987714797
cpu,CWRU,end_to_end,Full-S1,True,3,102,20.324804005213082
cpu,CWRU,end_to_end,Full-S1,True,3,103,20.261985016986728
cpu,CWRU,end_to_end,Full-S1,True,3,104,20.292966975830495
cpu,CWRU,end_to_end,Full-S1,True,3,105,20.265995000954717
cpu,CWRU,end_to_end,Full-S1,True,3,106,20.271213026717305
cpu,CWRU,end_to_end,Full-S1,True,3,107,20.251099951565266
cpu,CWRU,end_to_end,Full-S1,True,3,108,20.489047979936004
cpu,CWRU,end_to_end,Full-S1,True,3,109,20.33440297236666
cpu,CWRU,end_to_end,Full-S1,True,3,110,20.269291009753942
cpu,CWRU,end_to_end,Full-S1,True,3,111,20.33387601841241
cpu,CWRU,end_to_end,Full-S1,True,3,112,20.262423960957676
cpu,CWRU,end_to_end,Full-S1,True,3,113,20.258256990928203
cpu,CWRU,end_to_end,Full-S1,True,3,114,20.31375200022012
cpu,CWRU,end_to_end,Full-S1,True,3,115,20.232117036357522
cpu,CWRU,end_to_end,Full-S1,True,3,116,20.255048002582043
cpu,CWRU,end_to_end,Full-S1,True,3,117,20.27160004945472
cpu,CWRU,end_to_end,Full-S1,True,3,118,20.28046699706465
cpu,CWRU,end_to_end,Full-S1,True,3,119,20.229395013302565
cpu,CWRU,end_to_end,Full-S1,True,3,120,20.256615011021495
cpu,CWRU,end_to_end,Full-S1,True,3,121,20.32218099338934
cpu,CWRU,end_to_end,Full-S1,True,3,122,20.274940005037934
cpu,CWRU,end_to_end,Full-S1,True,3,123,20.592310000211
cpu,CWRU,end_to_end,Full-S1,True,3,124,21.03800798067823
cpu,CWRU,end_to_end,Full-S1,True,3,125,20.292009983677417
cpu,CWRU,end_to_end,Full-S1,True,3,126,20.241796039044857
cpu,CWRU,end_to_end,Full-S1,True,3,127,20.262770995032042
cpu,CWRU,end_to_end,Full-S1,True,3,128,20.3393489937298
cpu,CWRU,end_to_end,Full-S1,True,3,129,20.264693011995405
cpu,CWRU,end_to_end,Full-S1,True,3,130,20.294477988500148
cpu,CWRU,end_to_end,Full-S1,True,3,131,20.294078974984586
cpu,CWRU,end_to_end,Full-S1,True,3,132,20.27109096525237
cpu,CWRU,end_to_end,Full-S1,True,3,133,20.306450955104083
cpu,CWRU,end_to_end,Full-S1,True,3,134,20.279368036426604
cpu,CWRU,end_to_end,Full-S1,True,3,135,20.23150899913162
cpu,CWRU,end_to_end,Full-S1,True,3,136,20.32170502934605
cpu,CWRU,end_to_end,Full-S1,True,3,137,20.310027990490198
cpu,CWRU,end_to_end,Full-S1,True,3,138,20.274320035241544
cpu,CWRU,end_to_end,Full-S1,True,3,139,20.251612993888557
cpu,CWRU,end_to_end,Full-S1,True,3,140,20.255858020391315
cpu,CWRU,end_to_end,Full-S1,True,3,141,20.66206996096298
cpu,CWRU,end_to_end,Full-S1,True,3,142,20.41425701463595
cpu,CWRU,end_to_end,Full-S1,True,3,143,20.342864037957042
cpu,CWRU,end_to_end,Full-S1,True,3,144,20.25882399175316
cpu,CWRU,end_to_end,Full-S1,True,3,145,20.30211896635592
cpu,CWRU,end_to_end,Full-S1,True,3,146,20.253272028639913
cpu,CWRU,end_to_end,Full-S1,True,3,147,20.2532559633255
cpu,CWRU,end_to_end,Full-S1,True,3,148,20.258342963643372
cpu,CWRU,end_to_end,Full-S1,True,3,149,20.268123014830053
cpu,CWRU,end_to_end,Full-S1,True,3,150,20.358696987386793
cpu,CWRU,end_to_end,Full-S1,True,3,151,20.279549004044384
cpu,CWRU,end_to_end,Full-S1,True,3,152,20.28776699444279
cpu,CWRU,end_to_end,Full-S1,True,3,153,20.273162983357906
cpu,CWRU,end_to_end,Full-S1,True,3,154,20.256773044820875
cpu,CWRU,end_to_end,Full-S1,True,3,155,20.295770023949444
cpu,CWRU,end_to_end,Full-S1,True,3,156,20.23541700327769
cpu,CWRU,end_to_end,Full-S1,True,3,157,20.263620011974126
cpu,CWRU,end_to_end,Full-S1,True,3,158,20.49747999990359
cpu,CWRU,end_to_end,Full-S1,True,3,159,20.23536298656836
cpu,CWRU,end_to_end,Full-S1,True,3,160,20.25175595190376
cpu,CWRU,end_to_end,Full-S1,True,3,161,20.294230023864657
cpu,CWRU,end_to_end,Full-S1,True,3,162,20.27836098568514
cpu,CWRU,end_to_end,Full-S1,True,3,163,20.284241007175297
cpu,CWRU,end_to_end,Full-S1,True,3,164,20.27444599661976
cpu,CWRU,end_to_end,Full-S1,True,3,165,21.612563985399902
cpu,CWRU,end_to_end,Full-S1,True,3,166,20.282398036215454
cpu,CWRU,end_to_end,Full-S1,True,3,167,20.276913011912256
cpu,CWRU,end_to_end,Full-S1,True,3,168,20.281378994695842
cpu,CWRU,end_to_end,Full-S1,True,3,169,20.287295046728104
cpu,CWRU,end_to_end,Full-S1,True,3,170,20.24620200973004
cpu,CWRU,end_to_end,Full-S1,True,3,171,20.260818011593074
cpu,CWRU,end_to_end,Full-S1,True,3,172,20.46047302428633
cpu,CWRU,end_to_end,Full-S1,True,3,173,20.311570959165692
cpu,CWRU,end_to_end,Full-S1,True,3,174,20.22745000431314
cpu,CWRU,end_to_end,Full-S1,True,3,175,20.24408197030425
cpu,CWRU,end_to_end,Full-S1,True,3,176,20.27312503196299
cpu,CWRU,end_to_end,Full-S1,True,3,177,20.264711987692863
cpu,CWRU,end_to_end,Full-S1,True,3,178,20.254887000191957
cpu,CWRU,end_to_end,Full-S1,True,3,179,20.27376595651731
cpu,CWRU,end_to_end,Full-S1,True,3,180,20.31160902697593
cpu,CWRU,end_to_end,Full-S1,True,3,181,20.302295975852758
cpu,CWRU,end_to_end,Full-S1,True,3,182,20.276691997423768
cpu,CWRU,end_to_end,Full-S1,True,3,183,20.25100600440055
cpu,CWRU,end_to_end,Full-S1,True,3,184,20.28312801849097
cpu,CWRU,end_to_end,Full-S1,True,3,185,20.227978006005287
cpu,CWRU,end_to_end,Full-S1,True,3,186,20.32643900020048
cpu,CWRU,end_to_end,Full-S1,True,3,187,20.283154968637973
cpu,CWRU,end_to_end,Full-S1,True,3,188,20.281607983633876
cpu,CWRU,end_to_end,Full-S1,True,3,189,20.295421010814607
cpu,CWRU,end_to_end,Full-S1,True,3,190,20.660981012042612
cpu,CWRU,end_to_end,Full-S1,True,3,191,20.39835200412199
cpu,CWRU,end_to_end,Full-S1,True,3,192,20.28945501660928
cpu,CWRU,end_to_end,Full-S1,True,3,193,20.283787976950407
cpu,CWRU,end_to_end,Full-S1,True,3,194,20.2614429872483
cpu,CWRU,end_to_end,Full-S1,True,3,195,20.229099958669394
cpu,CWRU,end_to_end,Full-S1,True,3,196,20.229675981681794
cpu,CWRU,end_to_end,Full-S1,True,3,197,20.27449698653072
cpu,CWRU,end_to_end,Full-S1,True,3,198,20.231977046933025
cpu,CWRU,end_to_end,Full-S1,True,3,199,20.250134984962642
cpu,CWRU,end_to_end,Full-S1,True,3,200,20.27474797796458
cpu,CWRU,end_to_end,Full-S1,True,3,201,20.287328981794417
cpu,CWRU,end_to_end,Full-S1,True,3,202,20.23443701909855
cpu,CWRU,end_to_end,Full-S1,True,3,203,20.266400009859353
cpu,CWRU,end_to_end,Full-S1,True,3,204,20.290350017603487
cpu,CWRU,end_to_end,Full-S1,True,3,205,20.252202986739576
cpu,CWRU,end_to_end,Full-S1,True,3,206,20.257661992218345
cpu,CWRU,end_to_end,Full-S1,True,3,207,20.310368039645255
cpu,CWRU,end_to_end,Full-S1,True,3,208,20.293492008931935
cpu,CWRU,end_to_end,Full-S1,True,3,209,20.27035498758778
cpu,CWRU,end_to_end,Full-S1,True,3,210,20.244740997441113
cpu,CWRU,end_to_end,Full-S1,True,3,211,20.276770985219628
cpu,CWRU,end_to_end,Full-S1,True,3,212,20.32001898624003
cpu,CWRU,end_to_end,Full-S1,True,3,213,20.234066992998123
cpu,CWRU,end_to_end,Full-S1,True,3,214,20.281646982766688
cpu,CWRU,end_to_end,Full-S1,True,3,215,20.209836948197335
cpu,CWRU,end_to_end,Full-S1,True,3,216,20.303347031585872
cpu,CWRU,end_to_end,Full-S1,True,3,217,20.30390198342502
cpu,CWRU,end_to_end,Full-S1,True,3,218,20.257255993783474
cpu,CWRU,end_to_end,Full-S1,True,3,219,20.27376799378544
cpu,CWRU,end_to_end,Full-S1,True,3,220,20.232682989444584
cpu,CWRU,end_to_end,Full-S1,True,3,221,20.290329994168133
cpu,CWRU,end_to_end,Full-S1,True,3,222,20.299930998589844
cpu,CWRU,end_to_end,Full-S1,True,3,223,20.2871430083178
cpu,CWRU,end_to_end,Full-S1,True,3,224,20.26596199721098
cpu,CWRU,end_to_end,Full-S1,True,3,225,20.261913014110178
cpu,CWRU,end_to_end,Full-S1,True,3,226,20.230582973454148
cpu,CWRU,end_to_end,Full-S1,True,3,227,20.264993014279753
cpu,CWRU,end_to_end,Full-S1,True,3,228,20.261684025172144
cpu,CWRU,end_to_end,Full-S1,True,3,229,20.303283992689103
cpu,CWRU,end_to_end,Full-S1,True,3,230,20.635952008888125
cpu,CWRU,end_to_end,Full-S1,True,3,231,20.288884988985956
cpu,CWRU,end_to_end,Full-S1,True,3,232,20.269711036235094
cpu,CWRU,end_to_end,Full-S1,True,3,233,20.48003498930484
cpu,CWRU,end_to_end,Full-S1,True,3,234,20.26661700801924
cpu,CWRU,end_to_end,Full-S1,True,3,235,20.29149601003155
cpu,CWRU,end_to_end,Full-S1,True,3,236,20.268702995963395
cpu,CWRU,end_to_end,Full-S1,True,3,237,20.3454700531438
cpu,CWRU,end_to_end,Full-S1,True,3,238,20.272702036891133
cpu,CWRU,end_to_end,Full-S1,True,3,239,20.497212011832744
cpu,CWRU,end_to_end,Full-S1,True,3,240,20.607271988410503
cpu,CWRU,end_to_end,Full-S1,True,3,241,20.362920011393726
cpu,CWRU,end_to_end,Full-S1,True,3,242,20.278026000596583
cpu,CWRU,end_to_end,Full-S1,True,3,243,20.27756703319028
cpu,CWRU,end_to_end,Full-S1,True,3,244,20.29125002445653
cpu,CWRU,end_to_end,Full-S1,True,3,245,20.276535011362284
cpu,CWRU,end_to_end,Full-S1,True,3,246,20.26416198350489
cpu,CWRU,end_to_end,Full-S1,True,3,247,20.286141021642834
cpu,CWRU,end_to_end,Full-S1,True,3,248,20.274965034332126
cpu,CWRU,end_to_end,Full-S1,True,3,249,20.25682496605441
cpu,JNU,model_only,Full-S1,True,0,0,81.6256909747608
cpu,JNU,model_only,Full-S1,True,0,1,82.43937400402501
cpu,JNU,model_only,Full-S1,True,0,2,82.31242402689531
cpu,JNU,model_only,Full-S1,True,0,3,82.21885497914627
cpu,JNU,model_only,Full-S1,True,0,4,82.89375499589369
cpu,JNU,model_only,Full-S1,True,0,5,82.31406199047342
cpu,JNU,model_only,Full-S1,True,0,6,82.27489702403545
cpu,JNU,model_only,Full-S1,True,0,7,82.3590669897385
cpu,JNU,model_only,Full-S1,True,0,8,82.29203795781359
cpu,JNU,model_only,Full-S1,True,0,9,82.3761600186117
cpu,JNU,model_only,Full-S1,True,0,10,82.13411300675943
cpu,JNU,model_only,Full-S1,True,0,11,82.25455699721351
cpu,JNU,model_only,Full-S1,True,0,12,82.26540597388521
cpu,JNU,model_only,Full-S1,True,0,13,82.31156796682626
cpu,JNU,model_only,Full-S1,True,0,14,82.35168003011495
cpu,JNU,model_only,Full-S1,True,0,15,82.25882897386327
cpu,JNU,model_only,Full-S1,True,0,16,82.79010799014941
cpu,JNU,model_only,Full-S1,True,0,17,82.38940598675981
cpu,JNU,model_only,Full-S1,True,0,18,82.15911104343832
cpu,JNU,model_only,Full-S1,True,0,19,82.48226396972314
cpu,JNU,model_only,Full-S1,True,0,20,82.37290498800576
cpu,JNU,model_only,Full-S1,True,0,21,82.68492901697755
cpu,JNU,model_only,Full-S1,True,0,22,82.18869095435366
cpu,JNU,model_only,Full-S1,True,0,23,82.35196198802441
cpu,JNU,model_only,Full-S1,True,0,24,82.19374995678663
cpu,JNU,model_only,Full-S1,True,0,25,82.21331995446235
cpu,JNU,model_only,Full-S1,True,0,26,83.576750010252
cpu,JNU,model_only,Full-S1,True,0,27,82.27966900449246
cpu,JNU,model_only,Full-S1,True,0,28,82.85952702863142
cpu,JNU,model_only,Full-S1,True,0,29,82.29788800235838
cpu,JNU,model_only,Full-S1,True,0,30,82.1834999951534
cpu,JNU,model_only,Full-S1,True,0,31,82.40247803041711
cpu,JNU,model_only,Full-S1,True,0,32,82.52731198444963
cpu,JNU,model_only,Full-S1,True,0,33,86.81225997861475
cpu,JNU,model_only,Full-S1,True,0,34,82.43291103281081
cpu,JNU,model_only,Full-S1,True,0,35,82.178479002323
cpu,JNU,model_only,Full-S1,True,0,36,82.17952901031822
cpu,JNU,model_only,Full-S1,True,0,37,82.2968190186657
cpu,JNU,model_only,Full-S1,True,0,38,82.48236798681319
cpu,JNU,model_only,Full-S1,True,0,39,82.72862201556563
cpu,JNU,model_only,Full-S1,True,0,40,83.08121602749452
cpu,JNU,model_only,Full-S1,True,0,41,84.99422000022605
cpu,JNU,model_only,Full-S1,True,0,42,83.3884549792856
cpu,JNU,model_only,Full-S1,True,0,43,82.92613801313564
cpu,JNU,model_only,Full-S1,True,0,44,83.745138021186
cpu,JNU,model_only,Full-S1,True,0,45,83.09704798739403
cpu,JNU,model_only,Full-S1,True,0,46,82.34788104891777
cpu,JNU,model_only,Full-S1,True,0,47,82.18467101687565
cpu,JNU,model_only,Full-S1,True,0,48,80.58891899418086
cpu,JNU,model_only,Full-S1,True,0,49,82.21448201220483
cpu,JNU,model_only,Full-S1,True,0,50,82.4743090197444
cpu,JNU,model_only,Full-S1,True,0,51,82.38009997876361
cpu,JNU,model_only,Full-S1,True,0,52,83.43365998007357
cpu,JNU,model_only,Full-S1,True,0,53,82.80996000394225
cpu,JNU,model_only,Full-S1,True,0,54,82.35086599597707
cpu,JNU,model_only,Full-S1,True,0,55,82.52700394950807
cpu,JNU,model_only,Full-S1,True,0,56,82.27479399647564
cpu,JNU,model_only,Full-S1,True,0,57,82.58254901738837
cpu,JNU,model_only,Full-S1,True,0,58,82.34646695200354
cpu,JNU,model_only,Full-S1,True,0,59,82.23786199232563
cpu,JNU,model_only,Full-S1,True,0,60,82.42470200639218
cpu,JNU,model_only,Full-S1,True,0,61,82.59592502145097
cpu,JNU,model_only,Full-S1,True,0,62,82.19569502398372
cpu,JNU,model_only,Full-S1,True,0,63,82.34306599479169
cpu,JNU,model_only,Full-S1,True,0,64,82.23235700279474
cpu,JNU,model_only,Full-S1,True,0,65,83.03939504548907
cpu,JNU,model_only,Full-S1,True,0,66,82.35047198832035
cpu,JNU,model_only,Full-S1,True,0,67,83.78497802186757
cpu,JNU,model_only,Full-S1,True,0,68,82.42918801261112
cpu,JNU,model_only,Full-S1,True,0,69,82.39912398857996
cpu,JNU,model_only,Full-S1,True,0,70,82.70555402850732
cpu,JNU,model_only,Full-S1,True,0,71,82.23224902758375
cpu,JNU,model_only,Full-S1,True,0,72,82.27606897708029
cpu,JNU,model_only,Full-S1,True,0,73,82.26969203678891
cpu,JNU,model_only,Full-S1,True,0,74,82.18232699437067
cpu,JNU,model_only,Full-S1,True,0,75,82.43312797276303
cpu,JNU,model_only,Full-S1,True,0,76,83.53279600851238
cpu,JNU,model_only,Full-S1,True,0,77,82.74174196412787
cpu,JNU,model_only,Full-S1,True,0,78,82.23819197155535
cpu,JNU,model_only,Full-S1,True,0,79,82.2937759803608
cpu,JNU,model_only,Full-S1,True,0,80,82.26742001716048
cpu,JNU,model_only,Full-S1,True,0,81,82.18008995754644
cpu,JNU,model_only,Full-S1,True,0,82,82.84751395694911
cpu,JNU,model_only,Full-S1,True,0,83,82.33881997875869
cpu,JNU,model_only,Full-S1,True,0,84,82.41924998583272
cpu,JNU,model_only,Full-S1,True,0,85,82.33900601044297
cpu,JNU,model_only,Full-S1,True,0,86,82.12999999523163
cpu,JNU,model_only,Full-S1,True,0,87,83.18919001612812
cpu,JNU,model_only,Full-S1,True,0,88,82.67805696232244
cpu,JNU,model_only,Full-S1,True,0,89,82.93346496066079
cpu,JNU,model_only,Full-S1,True,0,90,80.57522703893483
cpu,JNU,model_only,Full-S1,True,0,91,82.5035420130007
cpu,JNU,model_only,Full-S1,True,0,92,82.29203597875312
cpu,JNU,model_only,Full-S1,True,0,93,82.34388701384887
cpu,JNU,model_only,Full-S1,True,0,94,82.77622499736026
cpu,JNU,model_only,Full-S1,True,0,95,82.24510395666584
cpu,JNU,model_only,Full-S1,True,0,96,82.14113197755069
cpu,JNU,model_only,Full-S1,True,0,97,82.2649669717066
cpu,JNU,model_only,Full-S1,True,0,98,82.28481601690874
cpu,JNU,model_only,Full-S1,True,0,99,82.22089998889714
cpu,JNU,model_only,Full-S1,True,0,100,82.30400900356472
cpu,JNU,model_only,Full-S1,True,0,101,83.18354201037437
cpu,JNU,model_only,Full-S1,True,0,102,82.49490096932277
cpu,JNU,model_only,Full-S1,True,0,103,82.35424396116287
cpu,JNU,model_only,Full-S1,True,0,104,82.34520500991493
cpu,JNU,model_only,Full-S1,True,0,105,80.6458150036633
cpu,JNU,model_only,Full-S1,True,0,106,82.87607104284689
cpu,JNU,model_only,Full-S1,True,0,107,82.26365904556587
cpu,JNU,model_only,Full-S1,True,0,108,82.32741698157042
cpu,JNU,model_only,Full-S1,True,0,109,82.3339669732377
cpu,JNU,model_only,Full-S1,True,0,110,85.94533504219726
cpu,JNU,model_only,Full-S1,True,0,111,82.31825503753498
cpu,JNU,model_only,Full-S1,True,0,112,82.25168898934498
cpu,JNU,model_only,Full-S1,True,0,113,83.22247595060617
cpu,JNU,model_only,Full-S1,True,0,114,82.27485098177567
cpu,JNU,model_only,Full-S1,True,0,115,82.33003399800509
cpu,JNU,model_only,Full-S1,True,0,116,82.22748397383839
cpu,JNU,model_only,Full-S1,True,0,117,82.21649401821196
cpu,JNU,model_only,Full-S1,True,0,118,82.81028404599056
cpu,JNU,model_only,Full-S1,True,0,119,82.3955750092864
cpu,JNU,model_only,Full-S1,True,0,120,82.50152203254402
cpu,JNU,model_only,Full-S1,True,0,121,81.42003399552777
cpu,JNU,model_only,Full-S1,True,0,122,82.31444301782176
cpu,JNU,model_only,Full-S1,True,0,123,82.25601899903268
cpu,JNU,model_only,Full-S1,True,0,124,82.2238179971464
cpu,JNU,model_only,Full-S1,True,0,125,83.12210399890319
cpu,JNU,model_only,Full-S1,True,0,126,82.37083599669859
cpu,JNU,model_only,Full-S1,True,0,127,82.24481402430683
cpu,JNU,model_only,Full-S1,True,0,128,82.3045700090006
cpu,JNU,model_only,Full-S1,True,0,129,82.39714294904843
cpu,JNU,model_only,Full-S1,True,0,130,82.65541802393273
cpu,JNU,model_only,Full-S1,True,0,131,82.3424729751423
cpu,JNU,model_only,Full-S1,True,0,132,82.23099500173703
cpu,JNU,model_only,Full-S1,True,0,133,82.36442098859698
cpu,JNU,model_only,Full-S1,True,0,134,82.36253500217572
cpu,JNU,model_only,Full-S1,True,0,135,82.24229700863361
cpu,JNU,model_only,Full-S1,True,0,136,83.09668803121895
cpu,JNU,model_only,Full-S1,True,0,137,83.07957596844062
cpu,JNU,model_only,Full-S1,True,0,138,82.25511899217963
cpu,JNU,model_only,Full-S1,True,0,139,82.21171295735985
cpu,JNU,model_only,Full-S1,True,0,140,82.28725101798773
cpu,JNU,model_only,Full-S1,True,0,141,82.13115599937737
cpu,JNU,model_only,Full-S1,True,0,142,82.32244499959052
cpu,JNU,model_only,Full-S1,True,0,143,83.57359399087727
cpu,JNU,model_only,Full-S1,True,0,144,82.45107997208834
cpu,JNU,model_only,Full-S1,True,0,145,82.34085701406002
cpu,JNU,model_only,Full-S1,True,0,146,80.36611200077459
cpu,JNU,model_only,Full-S1,True,0,147,82.66860601725057
cpu,JNU,model_only,Full-S1,True,0,148,82.49064499977976
cpu,JNU,model_only,Full-S1,True,0,149,82.54006900824606
cpu,JNU,model_only,Full-S1,True,0,150,82.60091400006786
cpu,JNU,model_only,Full-S1,True,0,151,82.43873901665211
cpu,JNU,model_only,Full-S1,True,0,152,82.4064839980565
cpu,JNU,model_only,Full-S1,True,0,153,82.28009199956432
cpu,JNU,model_only,Full-S1,True,0,154,82.36523997038603
cpu,JNU,model_only,Full-S1,True,0,155,82.45789300417528
cpu,JNU,model_only,Full-S1,True,0,156,82.45469501707703
cpu,JNU,model_only,Full-S1,True,0,157,82.22219505114481
cpu,JNU,model_only,Full-S1,True,0,158,82.49057398643345
cpu,JNU,model_only,Full-S1,True,0,159,82.29184499941766
cpu,JNU,model_only,Full-S1,True,0,160,82.26150600239635
cpu,JNU,model_only,Full-S1,True,0,161,82.17675698688254
cpu,JNU,model_only,Full-S1,True,0,162,83.2846220000647
cpu,JNU,model_only,Full-S1,True,0,163,81.67482900898904
cpu,JNU,model_only,Full-S1,True,0,164,82.40595000097528
cpu,JNU,model_only,Full-S1,True,0,165,82.76346797356382
cpu,JNU,model_only,Full-S1,True,0,166,82.32023904565722
cpu,JNU,model_only,Full-S1,True,0,167,82.55097799701616
cpu,JNU,model_only,Full-S1,True,0,168,82.27459999034181
cpu,JNU,model_only,Full-S1,True,0,169,82.37911597825587
cpu,JNU,model_only,Full-S1,True,0,170,82.17748795868829
cpu,JNU,model_only,Full-S1,True,0,171,82.2658269898966
cpu,JNU,model_only,Full-S1,True,0,172,82.33159099472687
cpu,JNU,model_only,Full-S1,True,0,173,82.30115100741386
cpu,JNU,model_only,Full-S1,True,0,174,82.85362500464544
cpu,JNU,model_only,Full-S1,True,0,175,82.30718999402598
cpu,JNU,model_only,Full-S1,True,0,176,82.4012000230141
cpu,JNU,model_only,Full-S1,True,0,177,82.2909270063974
cpu,JNU,model_only,Full-S1,True,0,178,82.20389403868467
cpu,JNU,model_only,Full-S1,True,0,179,82.58871297584847
cpu,JNU,model_only,Full-S1,True,0,180,82.22463901620358
cpu,JNU,model_only,Full-S1,True,0,181,82.40235701669008
cpu,JNU,model_only,Full-S1,True,0,182,82.69670902518556
cpu,JNU,model_only,Full-S1,True,0,183,82.35848101321608
cpu,JNU,model_only,Full-S1,True,0,184,82.52267900388688
cpu,JNU,model_only,Full-S1,True,0,185,82.89763599168509
cpu,JNU,model_only,Full-S1,True,0,186,81.12411096226424
cpu,JNU,model_only,Full-S1,True,0,187,82.36377401044592
cpu,JNU,model_only,Full-S1,True,0,188,82.45174697367474
cpu,JNU,model_only,Full-S1,True,0,189,82.59047602768987
cpu,JNU,model_only,Full-S1,True,0,190,82.21659995615482
cpu,JNU,model_only,Full-S1,True,0,191,82.90496497647837
cpu,JNU,model_only,Full-S1,True,0,192,82.21148699522018
cpu,JNU,model_only,Full-S1,True,0,193,82.35573902493343
cpu,JNU,model_only,Full-S1,True,0,194,82.74735999293625
cpu,JNU,model_only,Full-S1,True,0,195,82.28785399114713
cpu,JNU,model_only,Full-S1,True,0,196,82.23336201626807
cpu,JNU,model_only,Full-S1,True,0,197,82.26529799867421
cpu,JNU,model_only,Full-S1,True,0,198,83.05263897636905
cpu,JNU,model_only,Full-S1,True,0,199,82.42571394657716
cpu,JNU,model_only,Full-S1,True,0,200,83.74042500508949
cpu,JNU,model_only,Full-S1,True,0,201,82.58185995509848
cpu,JNU,model_only,Full-S1,True,0,202,83.47660599974915
cpu,JNU,model_only,Full-S1,True,0,203,82.67589699244127
cpu,JNU,model_only,Full-S1,True,0,204,82.50105002662167
cpu,JNU,model_only,Full-S1,True,0,205,82.23785500740632
cpu,JNU,model_only,Full-S1,True,0,206,82.3008120059967
cpu,JNU,model_only,Full-S1,True,0,207,82.50136097194627
cpu,JNU,model_only,Full-S1,True,0,208,81.9652890204452
cpu,JNU,model_only,Full-S1,True,0,209,82.34526799060404
cpu,JNU,model_only,Full-S1,True,0,210,81.31937601137906
cpu,JNU,model_only,Full-S1,True,0,211,82.45423500193283
cpu,JNU,model_only,Full-S1,True,0,212,82.27439702022821
cpu,JNU,model_only,Full-S1,True,0,213,82.4493250111118
cpu,JNU,model_only,Full-S1,True,0,214,82.30792300309986
cpu,JNU,model_only,Full-S1,True,0,215,82.29289302835241
cpu,JNU,model_only,Full-S1,True,0,216,82.74780499050394
cpu,JNU,model_only,Full-S1,True,0,217,82.21791801042855
cpu,JNU,model_only,Full-S1,True,0,218,82.37729297252372
cpu,JNU,model_only,Full-S1,True,0,219,82.3173769749701
cpu,JNU,model_only,Full-S1,True,0,220,82.2976739727892
cpu,JNU,model_only,Full-S1,True,0,221,82.43225101614371
cpu,JNU,model_only,Full-S1,True,0,222,83.41673802351579
cpu,JNU,model_only,Full-S1,True,0,223,82.36578397918493
cpu,JNU,model_only,Full-S1,True,0,224,82.72113202838227
cpu,JNU,model_only,Full-S1,True,0,225,82.47878198744729
cpu,JNU,model_only,Full-S1,True,0,226,82.55416003521532
cpu,JNU,model_only,Full-S1,True,0,227,82.86461699754
cpu,JNU,model_only,Full-S1,True,0,228,82.67912198789418
cpu,JNU,model_only,Full-S1,True,0,229,82.30772102251649
cpu,JNU,model_only,Full-S1,True,0,230,82.17793697258458
cpu,JNU,model_only,Full-S1,True,0,231,82.56296796025708
cpu,JNU,model_only,Full-S1,True,0,232,82.14048895752057
cpu,JNU,model_only,Full-S1,True,0,233,82.74709101533517
cpu,JNU,model_only,Full-S1,True,0,234,83.33476498955861
cpu,JNU,model_only,Full-S1,True,0,235,82.38569396780804
cpu,JNU,model_only,Full-S1,True,0,236,82.17871002852917
cpu,JNU,model_only,Full-S1,True,0,237,82.36556401243433
cpu,JNU,model_only,Full-S1,True,0,238,82.30964397080243
cpu,JNU,model_only,Full-S1,True,0,239,80.43957897461951
cpu,JNU,model_only,Full-S1,True,0,240,82.56937400437891
cpu,JNU,model_only,Full-S1,True,0,241,82.33413303969428
cpu,JNU,model_only,Full-S1,True,0,242,82.43204397149384
cpu,JNU,model_only,Full-S1,True,0,243,82.4859690037556
cpu,JNU,model_only,Full-S1,True,0,244,82.33814896084368
cpu,JNU,model_only,Full-S1,True,0,245,82.23636395996436
cpu,JNU,model_only,Full-S1,True,0,246,82.22279604524374
cpu,JNU,model_only,Full-S1,True,0,247,81.06694900197908
cpu,JNU,model_only,Full-S1,True,0,248,82.23863400053233
cpu,JNU,model_only,Full-S1,True,0,249,82.43442594539374
cpu,JNU,model_only,K1,True,0,0,42.799511982593685
cpu,JNU,model_only,K1,True,0,1,41.88486695056781
cpu,JNU,model_only,K1,True,0,2,41.81762499501929
cpu,JNU,model_only,K1,True,0,3,41.7697990196757
cpu,JNU,model_only,K1,True,0,4,41.870654036756605
cpu,JNU,model_only,K1,True,0,5,42.03291400335729
cpu,JNU,model_only,K1,True,0,6,41.840701014734805
cpu,JNU,model_only,K1,True,0,7,41.82527505327016
cpu,JNU,model_only,K1,True,0,8,41.73737304517999
cpu,JNU,model_only,K1,True,0,9,41.78326897090301
cpu,JNU,model_only,K1,True,0,10,41.93736700108275
cpu,JNU,model_only,K1,True,0,11,41.83869797270745
cpu,JNU,model_only,K1,True,0,12,41.7862530448474
cpu,JNU,model_only,K1,True,0,13,42.29439195478335
cpu,JNU,model_only,K1,True,0,14,41.87497100792825
cpu,JNU,model_only,K1,True,0,15,41.913799999747425
cpu,JNU,model_only,K1,True,0,16,42.53412602702156
cpu,JNU,model_only,K1,True,0,17,41.885015030857176
cpu,JNU,model_only,K1,True,0,18,43.295126990415156
cpu,JNU,model_only,K1,True,0,19,41.90019000088796
cpu,JNU,model_only,K1,True,0,20,41.814701980911195
cpu,JNU,model_only,K1,True,0,21,41.79853096138686
cpu,JNU,model_only,K1,True,0,22,41.90367099363357
cpu,JNU,model_only,K1,True,0,23,41.918587987311184
cpu,JNU,model_only,K1,True,0,24,41.877434006892145
cpu,JNU,model_only,K1,True,0,25,41.842121980153024
cpu,JNU,model_only,K1,True,0,26,41.783170017879456
cpu,JNU,model_only,K1,True,0,27,41.777413978707045
cpu,JNU,model_only,K1,True,0,28,41.83100402588025
cpu,JNU,model_only,K1,True,0,29,42.18060499988496
cpu,JNU,model_only,K1,True,0,30,41.788253001868725
cpu,JNU,model_only,K1,True,0,31,41.81924503063783
cpu,JNU,model_only,K1,True,0,32,41.87462804839015
cpu,JNU,model_only,K1,True,0,33,41.99605603935197
cpu,JNU,model_only,K1,True,0,34,41.800462000537664
cpu,JNU,model_only,K1,True,0,35,41.78320104256272
cpu,JNU,model_only,K1,True,0,36,41.81848600273952
cpu,JNU,model_only,K1,True,0,37,42.01912594726309
cpu,JNU,model_only,K1,True,0,38,42.08139097318053
cpu,JNU,model_only,K1,True,0,39,42.00600698823109
cpu,JNU,model_only,K1,True,0,40,41.75643902271986
cpu,JNU,model_only,K1,True,0,41,42.25807398324832
cpu,JNU,model_only,K1,True,0,42,42.909830051939934
cpu,JNU,model_only,K1,True,0,43,41.82566900271922
cpu,JNU,model_only,K1,True,0,44,41.86578397639096
cpu,JNU,model_only,K1,True,0,45,41.958682995755225
cpu,JNU,model_only,K1,True,0,46,42.58413298521191
cpu,JNU,model_only,K1,True,0,47,41.86638299142942
cpu,JNU,model_only,K1,True,0,48,41.85036401031539
cpu,JNU,model_only,K1,True,0,49,41.770979994907975
cpu,JNU,model_only,K1,True,0,50,41.89470800338313
cpu,JNU,model_only,K1,True,0,51,44.90685398923233
cpu,JNU,model_only,K1,True,0,52,42.176446004305035
cpu,JNU,model_only,K1,True,0,53,42.06310899462551
cpu,JNU,model_only,K1,True,0,54,41.77505901316181
cpu,JNU,model_only,K1,True,0,55,41.79898003349081
cpu,JNU,model_only,K1,True,0,56,41.79398500127718
cpu,JNU,model_only,K1,True,0,57,41.829219029750675
cpu,JNU,model_only,K1,True,0,58,41.75481601851061
cpu,JNU,model_only,K1,True,0,59,41.76183801610023
cpu,JNU,model_only,K1,True,0,60,41.82204999960959
cpu,JNU,model_only,K1,True,0,61,41.786816029343754
cpu,JNU,model_only,K1,True,0,62,41.87820799415931
cpu,JNU,model_only,K1,True,0,63,43.20440796436742
cpu,JNU,model_only,K1,True,0,64,41.93148500053212
cpu,JNU,model_only,K1,True,0,65,42.28926805080846
cpu,JNU,model_only,K1,True,0,66,41.88694397453219
cpu,JNU,model_only,K1,True,0,67,41.77728499053046
cpu,JNU,model_only,K1,True,0,68,42.43120603496209
cpu,JNU,model_only,K1,True,0,69,42.58538398426026
cpu,JNU,model_only,K1,True,0,70,41.89145902637392
cpu,JNU,model_only,K1,True,0,71,41.850865993183106
cpu,JNU,model_only,K1,True,0,72,41.98380000889301
cpu,JNU,model_only,K1,True,0,73,41.803631000220776
cpu,JNU,model_only,K1,True,0,74,41.948382975533605
cpu,JNU,model_only,K1,True,0,75,42.01660101534799
cpu,JNU,model_only,K1,True,0,76,42.88832697784528
cpu,JNU,model_only,K1,True,0,77,41.938817012123764
cpu,JNU,model_only,K1,True,0,78,41.75925796153024
cpu,JNU,model_only,K1,True,0,79,41.769954026676714
cpu,JNU,model_only,K1,True,0,80,41.86811199178919
cpu,JNU,model_only,K1,True,0,81,41.83299804572016
cpu,JNU,model_only,K1,True,0,82,41.761706001125276
cpu,JNU,model_only,K1,True,0,83,41.82282800320536
cpu,JNU,model_only,K1,True,0,84,41.88506305217743
cpu,JNU,model_only,K1,True,0,85,41.75467096501961
cpu,JNU,model_only,K1,True,0,86,42.15670796111226
cpu,JNU,model_only,K1,True,0,87,41.878502001054585
cpu,JNU,model_only,K1,True,0,88,41.82377702090889
cpu,JNU,model_only,K1,True,0,89,42.27384697878733
cpu,JNU,model_only,K1,True,0,90,41.84313799487427
cpu,JNU,model_only,K1,True,0,91,41.884691978339106
cpu,JNU,model_only,K1,True,0,92,41.84007801814005
cpu,JNU,model_only,K1,True,0,93,41.76791897043586
cpu,JNU,model_only,K1,True,0,94,41.963383031543344
cpu,JNU,model_only,K1,True,0,95,42.6205939729698
cpu,JNU,model_only,K1,True,0,96,41.78060399135575
cpu,JNU,model_only,K1,True,0,97,41.825203981716186
cpu,JNU,model_only,K1,True,0,98,41.85900301672518
cpu,JNU,model_only,K1,True,0,99,41.8943150434643
cpu,JNU,model_only,K1,True,0,100,42.95394098153338
cpu,JNU,model_only,K1,True,0,101,41.87528695911169
cpu,JNU,model_only,K1,True,0,102,41.684950003400445
cpu,JNU,model_only,K1,True,0,103,41.8920440133661
cpu,JNU,model_only,K1,True,0,104,41.96894803317264
cpu,JNU,model_only,K1,True,0,105,41.84599296422675
cpu,JNU,model_only,K1,True,0,106,41.732962999958545
cpu,JNU,model_only,K1,True,0,107,41.95905401138589
cpu,JNU,model_only,K1,True,0,108,41.7751589557156
cpu,JNU,model_only,K1,True,0,109,41.90239601302892
cpu,JNU,model_only,K1,True,0,110,41.861718986183405
cpu,JNU,model_only,K1,True,0,111,41.81381099624559
cpu,JNU,model_only,K1,True,0,112,41.733642981853336
cpu,JNU,model_only,K1,True,0,113,42.516230954788625
cpu,JNU,model_only,K1,True,0,114,42.06819401588291
cpu,JNU,model_only,K1,True,0,115,42.68531600246206
cpu,JNU,model_only,K1,True,0,116,41.78751399740577
cpu,JNU,model_only,K1,True,0,117,41.843045968562365
cpu,JNU,model_only,K1,True,0,118,41.98021505726501
cpu,JNU,model_only,K1,True,0,119,42.67525899922475
cpu,JNU,model_only,K1,True,0,120,41.814593016169965
cpu,JNU,model_only,K1,True,0,121,41.93020501406863
cpu,JNU,model_only,K1,True,0,122,41.81583598256111
cpu,JNU,model_only,K1,True,0,123,41.77672299556434
cpu,JNU,model_only,K1,True,0,124,42.076620971783996
cpu,JNU,model_only,K1,True,0,125,41.83774802368134
cpu,JNU,model_only,K1,True,0,126,41.843355051241815
cpu,JNU,model_only,K1,True,0,127,42.65088902320713
cpu,JNU,model_only,K1,True,0,128,42.08776797167957
cpu,JNU,model_only,K1,True,0,129,41.9998750439845
cpu,JNU,model_only,K1,True,0,130,41.80358402663842
cpu,JNU,model_only,K1,True,0,131,41.719886008650064
cpu,JNU,model_only,K1,True,0,132,41.816279001068324
cpu,JNU,model_only,K1,True,0,133,41.88891296507791
cpu,JNU,model_only,K1,True,0,134,41.93839296931401
cpu,JNU,model_only,K1,True,0,135,41.86014202423394
cpu,JNU,model_only,K1,True,0,136,41.78554401732981
cpu,JNU,model_only,K1,True,0,137,42.67008200986311
cpu,JNU,model_only,K1,True,0,138,41.887698986101896
cpu,JNU,model_only,K1,True,0,139,41.83457203907892
cpu,JNU,model_only,K1,True,0,140,41.78486199816689
cpu,JNU,model_only,K1,True,0,141,41.74704902106896
cpu,JNU,model_only,K1,True,0,142,41.82073101401329
cpu,JNU,model_only,K1,True,0,143,41.88777902163565
cpu,JNU,model_only,K1,True,0,144,41.95792798418552
cpu,JNU,model_only,K1,True,0,145,42.693807976320386
cpu,JNU,model_only,K1,True,0,146,41.80569597519934
cpu,JNU,model_only,K1,True,0,147,43.15987799782306
cpu,JNU,model_only,K1,True,0,148,42.156927986070514
cpu,JNU,model_only,K1,True,0,149,41.820126003585756
cpu,JNU,model_only,K1,True,0,150,41.85997397871688
cpu,JNU,model_only,K1,True,0,151,41.77846101811156
cpu,JNU,model_only,K1,True,0,152,41.78679594770074
cpu,JNU,model_only,K1,True,0,153,41.902320983354
cpu,JNU,model_only,K1,True,0,154,41.80593503406271
cpu,JNU,model_only,K1,True,0,155,41.87587002525106
cpu,JNU,model_only,K1,True,0,156,42.52840898698196
cpu,JNU,model_only,K1,True,0,157,42.344293964561075
cpu,JNU,model_only,K1,True,0,158,42.72091999882832
cpu,JNU,model_only,K1,True,0,159,42.79917699750513
cpu,JNU,model_only,K1,True,0,160,42.3359900014475
cpu,JNU,model_only,K1,True,0,161,42.03194298315793
cpu,JNU,model_only,K1,True,0,162,41.812759009189904
cpu,JNU,model_only,K1,True,0,163,41.901150019839406
cpu,JNU,model_only,K1,True,0,164,41.82130697881803
cpu,JNU,model_only,K1,True,0,165,41.79608798585832
cpu,JNU,model_only,K1,True,0,166,41.75464401487261
cpu,JNU,model_only,K1,True,0,167,41.88392194919288
cpu,JNU,model_only,K1,True,0,168,41.892833018209785
cpu,JNU,model_only,K1,True,0,169,41.81102698203176
cpu,JNU,model_only,K1,True,0,170,41.920595976989716
cpu,JNU,model_only,K1,True,0,171,41.83358600130305
cpu,JNU,model_only,K1,True,0,172,42.06094198161736
cpu,JNU,model_only,K1,True,0,173,41.790627990849316
cpu,JNU,model_only,K1,True,0,174,41.88117099693045
cpu,JNU,model_only,K1,True,0,175,41.78526095347479
cpu,JNU,model_only,K1,True,0,176,41.77809995599091
cpu,JNU,model_only,K1,True,0,177,41.877629002556205
cpu,JNU,model_only,K1,True,0,178,41.866278974339366
cpu,JNU,model_only,K1,True,0,179,41.939336981158704
cpu,JNU,model_only,K1,True,0,180,41.82809102348983
cpu,JNU,model_only,K1,True,0,181,41.74094198970124
cpu,JNU,model_only,K1,True,0,182,41.944890981540084
cpu,JNU,model_only,K1,True,0,183,41.75845900317654
cpu,JNU,model_only,K1,True,0,184,42.42330294800922
cpu,JNU,model_only,K1,True,0,185,41.962909046560526
cpu,JNU,model_only,K1,True,0,186,41.77846695529297
cpu,JNU,model_only,K1,True,0,187,42.008802003692836
cpu,JNU,model_only,K1,True,0,188,41.743738984223455
cpu,JNU,model_only,K1,True,0,189,42.01711597852409
cpu,JNU,model_only,K1,True,0,190,42.56034700665623
cpu,JNU,model_only,K1,True,0,191,42.03560599125922
cpu,JNU,model_only,K1,True,0,192,41.79125401424244
cpu,JNU,model_only,K1,True,0,193,41.770806012209505
cpu,JNU,model_only,K1,True,0,194,42.02020901720971
cpu,JNU,model_only,K1,True,0,195,41.95650899782777
cpu,JNU,model_only,K1,True,0,196,43.1012719636783
cpu,JNU,model_only,K1,True,0,197,41.93594999378547
cpu,JNU,model_only,K1,True,0,198,42.6037089782767
cpu,JNU,model_only,K1,True,0,199,41.84021498076618
cpu,JNU,model_only,K1,True,0,200,41.78808903088793
cpu,JNU,model_only,K1,True,0,201,41.80613096104935
cpu,JNU,model_only,K1,True,0,202,41.8214529636316
cpu,JNU,model_only,K1,True,0,203,41.820555983576924
cpu,JNU,model_only,K1,True,0,204,41.758438979741186
cpu,JNU,model_only,K1,True,0,205,41.80622601415962
cpu,JNU,model_only,K1,True,0,206,41.845028987154365
cpu,JNU,model_only,K1,True,0,207,41.79294698406011
cpu,JNU,model_only,K1,True,0,208,42.62135399039835
cpu,JNU,model_only,K1,True,0,209,42.06879698904231
cpu,JNU,model_only,K1,True,0,210,41.86818399466574
cpu,JNU,model_only,K1,True,0,211,41.865431994665414
cpu,JNU,model_only,K1,True,0,212,41.808729991316795
cpu,JNU,model_only,K1,True,0,213,41.890849999617785
cpu,JNU,model_only,K1,True,0,214,41.8323979829438
cpu,JNU,model_only,K1,True,0,215,42.70139895379543
cpu,JNU,model_only,K1,True,0,216,41.983326023910195
cpu,JNU,model_only,K1,True,0,217,41.82736499933526
cpu,JNU,model_only,K1,True,0,218,41.90627200296149
cpu,JNU,model_only,K1,True,0,219,42.58919402491301
cpu,JNU,model_only,K1,True,0,220,42.249600985087454
cpu,JNU,model_only,K1,True,0,221,42.57178498664871
cpu,JNU,model_only,K1,True,0,222,41.78993700770661
cpu,JNU,model_only,K1,True,0,223,42.21066803438589
cpu,JNU,model_only,K1,True,0,224,41.80286801420152
cpu,JNU,model_only,K1,True,0,225,41.770415962673724
cpu,JNU,model_only,K1,True,0,226,41.87278699828312
cpu,JNU,model_only,K1,True,0,227,41.72913799993694
cpu,JNU,model_only,K1,True,0,228,42.47426299843937
cpu,JNU,model_only,K1,True,0,229,41.93763999501243
cpu,JNU,model_only,K1,True,0,230,41.90238699084148
cpu,JNU,model_only,K1,True,0,231,41.86027799732983
cpu,JNU,model_only,K1,True,0,232,42.78225498273969
cpu,JNU,model_only,K1,True,0,233,42.11072897305712
cpu,JNU,model_only,K1,True,0,234,41.90602502785623
cpu,JNU,model_only,K1,True,0,235,41.804682987276465
cpu,JNU,model_only,K1,True,0,236,41.78884701104835
cpu,JNU,model_only,K1,True,0,237,41.79058101726696
cpu,JNU,model_only,K1,True,0,238,41.954658983740956
cpu,JNU,model_only,K1,True,0,239,41.769716946873814
cpu,JNU,model_only,K1,True,0,240,41.79610300343484
cpu,JNU,model_only,K1,True,0,241,41.87886300496757
cpu,JNU,model_only,K1,True,0,242,41.736445971764624
cpu,JNU,model_only,K1,True,0,243,41.85155895538628
cpu,JNU,model_only,K1,True,0,244,42.46474499814212
cpu,JNU,model_only,K1,True,0,245,41.83141194516793
cpu,JNU,model_only,K1,True,0,246,41.78568004863337
cpu,JNU,model_only,K1,True,0,247,41.812076000496745
cpu,JNU,model_only,K1,True,0,248,41.93597298581153
cpu,JNU,model_only,K1,True,0,249,41.75011295592412
cpu,JNU,model_only,K1,True,1,0,41.8986480217427
cpu,JNU,model_only,K1,True,1,1,41.78319900529459
cpu,JNU,model_only,K1,True,1,2,41.79900395683944
cpu,JNU,model_only,K1,True,1,3,41.79461003514007
cpu,JNU,model_only,K1,True,1,4,42.06661198986694
cpu,JNU,model_only,K1,True,1,5,42.029156000353396
cpu,JNU,model_only,K1,True,1,6,42.62822598684579
cpu,JNU,model_only,K1,True,1,7,42.18403296545148
cpu,JNU,model_only,K1,True,1,8,41.92759201396257
cpu,JNU,model_only,K1,True,1,9,41.87127301702276
cpu,JNU,model_only,K1,True,1,10,41.80467198602855
cpu,JNU,model_only,K1,True,1,11,41.924169985577464
cpu,JNU,model_only,K1,True,1,12,41.874552029185
cpu,JNU,model_only,K1,True,1,13,41.8178079999052
cpu,JNU,model_only,K1,True,1,14,41.90219898009673
cpu,JNU,model_only,K1,True,1,15,41.78478999529034
cpu,JNU,model_only,K1,True,1,16,41.812045965343714
cpu,JNU,model_only,K1,True,1,17,41.81261104531586
cpu,JNU,model_only,K1,True,1,18,42.474280984606594
cpu,JNU,model_only,K1,True,1,19,41.77948500728235
cpu,JNU,model_only,K1,True,1,20,41.8199579580687
cpu,JNU,model_only,K1,True,1,21,41.76997096510604
cpu,JNU,model_only,K1,True,1,22,41.86826798832044
cpu,JNU,model_only,K1,True,1,23,41.777744016144425
cpu,JNU,model_only,K1,True,1,24,41.881921992171556
cpu,JNU,model_only,K1,True,1,25,41.765297995880246
cpu,JNU,model_only,K1,True,1,26,42.14582598069683
cpu,JNU,model_only,K1,True,1,27,41.9095249962993
cpu,JNU,model_only,K1,True,1,28,41.88218299532309
cpu,JNU,model_only,K1,True,1,29,41.85564600629732
cpu,JNU,model_only,K1,True,1,30,42.499927978497
cpu,JNU,model_only,K1,True,1,31,41.95477202301845
cpu,JNU,model_only,K1,True,1,32,41.96436400525272
cpu,JNU,model_only,K1,True,1,33,41.90958704566583
cpu,JNU,model_only,K1,True,1,34,41.803060041274875
cpu,JNU,model_only,K1,True,1,35,41.777295991778374
cpu,JNU,model_only,K1,True,1,36,41.83952399762347
cpu,JNU,model_only,K1,True,1,37,41.77335498388857
cpu,JNU,model_only,K1,True,1,38,41.93453397601843
cpu,JNU,model_only,K1,True,1,39,42.59383998578414
cpu,JNU,model_only,K1,True,1,40,41.806312976405025
cpu,JNU,model_only,K1,True,1,41,41.8616040260531
cpu,JNU,model_only,K1,True,1,42,42.0376030378975
cpu,JNU,model_only,K1,True,1,43,41.78602300817147
cpu,JNU,model_only,K1,True,1,44,41.7633390170522
cpu,JNU,model_only,K1,True,1,45,41.801855026278645
cpu,JNU,model_only,K1,True,1,46,41.88712005270645
cpu,JNU,model_only,K1,True,1,47,41.816678014583886
cpu,JNU,model_only,K1,True,1,48,41.85093997512013
cpu,JNU,model_only,K1,True,1,49,41.81498201796785
cpu,JNU,model_only,K1,True,1,50,41.891518980264664
cpu,JNU,model_only,K1,True,1,51,42.60672797681764
cpu,JNU,model_only,K1,True,1,52,41.783717984799296
cpu,JNU,model_only,K1,True,1,53,42.11941797984764
cpu,JNU,model_only,K1,True,1,54,42.06263902597129
cpu,JNU,model_only,K1,True,1,55,41.91629798151553
cpu,JNU,model_only,K1,True,1,56,42.92236699257046
cpu,JNU,model_only,K1,True,1,57,42.20646602334455
cpu,JNU,model_only,K1,True,1,58,42.14050801238045
cpu,JNU,model_only,K1,True,1,59,42.07264701835811
cpu,JNU,model_only,K1,True,1,60,42.0373430242762
cpu,JNU,model_only,K1,True,1,61,41.83394799474627
cpu,JNU,model_only,K1,True,1,62,41.795993980485946
cpu,JNU,model_only,K1,True,1,63,41.89925699029118
cpu,JNU,model_only,K1,True,1,64,41.880469012539834
cpu,JNU,model_only,K1,True,1,65,42.01899602776393
cpu,JNU,model_only,K1,True,1,66,41.889017971698195
cpu,JNU,model_only,K1,True,1,67,41.81266902014613
cpu,JNU,model_only,K1,True,1,68,41.80083400569856
cpu,JNU,model_only,K1,True,1,69,41.784482018556446
cpu,JNU,model_only,K1,True,1,70,41.8570910114795
cpu,JNU,model_only,K1,True,1,71,41.77322203759104
cpu,JNU,model_only,K1,True,1,72,41.766654001548886
cpu,JNU,model_only,K1,True,1,73,41.77321802126244
cpu,JNU,model_only,K1,True,1,74,41.83424898656085
cpu,JNU,model_only,K1,True,1,75,43.61103003611788
cpu,JNU,model_only,K1,True,1,76,46.24990897718817
cpu,JNU,model_only,K1,True,1,77,43.835961958393455
cpu,JNU,model_only,K1,True,1,78,42.08352399291471
cpu,JNU,model_only,K1,True,1,79,41.89659503754228
cpu,JNU,model_only,K1,True,1,80,41.86848294921219
cpu,JNU,model_only,K1,True,1,81,41.90342902438715
cpu,JNU,model_only,K1,True,1,82,41.8655649991706
cpu,JNU,model_only,K1,True,1,83,41.86052700970322
cpu,JNU,model_only,K1,True,1,84,41.81668598903343
cpu,JNU,model_only,K1,True,1,85,41.75600502640009
cpu,JNU,model_only,K1,True,1,86,41.81505698943511
cpu,JNU,model_only,K1,True,1,87,41.88743303529918
cpu,JNU,model_only,K1,True,1,88,41.8525249697268
cpu,JNU,model_only,K1,True,1,89,41.9714369927533
cpu,JNU,model_only,K1,True,1,90,42.156192008405924
cpu,JNU,model_only,K1,True,1,91,41.92035197047517
cpu,JNU,model_only,K1,True,1,92,42.00283595127985
cpu,JNU,model_only,K1,True,1,93,41.94291803287342
cpu,JNU,model_only,K1,True,1,94,41.898626019246876
cpu,JNU,model_only,K1,True,1,95,42.233343003317714
cpu,JNU,model_only,K1,True,1,96,41.7940320330672
cpu,JNU,model_only,K1,True,1,97,41.83030303101987
cpu,JNU,model_only,K1,True,1,98,41.78464802680537
cpu,JNU,model_only,K1,True,1,99,43.799113016575575
cpu,JNU,model_only,K1,True,1,100,42.28007199708372
cpu,JNU,model_only,K1,True,1,101,42.82561200670898
cpu,JNU,model_only,K1,True,1,102,41.90975899109617
cpu,JNU,model_only,K1,True,1,103,42.094333039131016
cpu,JNU,model_only,K1,True,1,104,41.841176978778094
cpu,JNU,model_only,K1,True,1,105,41.853956994600594
cpu,JNU,model_only,K1,True,1,106,41.898062045220286
cpu,JNU,model_only,K1,True,1,107,41.94656602339819
cpu,JNU,model_only,K1,True,1,108,41.82934301206842
cpu,JNU,model_only,K1,True,1,109,41.81851999601349
cpu,JNU,model_only,K1,True,1,110,41.81027098093182
cpu,JNU,model_only,K1,True,1,111,41.869940992910415
cpu,JNU,model_only,K1,True,1,112,41.769567993469536
cpu,JNU,model_only,K1,True,1,113,42.331774020567536
cpu,JNU,model_only,K1,True,1,114,41.77013196749613
cpu,JNU,model_only,K1,True,1,115,41.8108039884828
cpu,JNU,model_only,K1,True,1,116,41.83520301012322
cpu,JNU,model_only,K1,True,1,117,42.06787399016321
cpu,JNU,model_only,K1,True,1,118,41.80705302860588
cpu,JNU,model_only,K1,True,1,119,41.89854703145102
cpu,JNU,model_only,K1,True,1,120,41.76422505406663
cpu,JNU,model_only,K1,True,1,121,41.7722660349682
cpu,JNU,model_only,K1,True,1,122,41.8045410187915
cpu,JNU,model_only,K1,True,1,123,41.98662901762873
cpu,JNU,model_only,K1,True,1,124,41.92682099528611
cpu,JNU,model_only,K1,True,1,125,43.30075002508238
cpu,JNU,model_only,K1,True,1,126,41.962564981076866
cpu,JNU,model_only,K1,True,1,127,41.96517204400152
cpu,JNU,model_only,K1,True,1,128,41.85198899358511
cpu,JNU,model_only,K1,True,1,129,41.866543993819505
cpu,JNU,model_only,K1,True,1,130,41.96106601739302
cpu,JNU,model_only,K1,True,1,131,42.00182296335697
cpu,JNU,model_only,K1,True,1,132,42.607098002918065
cpu,JNU,model_only,K1,True,1,133,41.848282038699836
cpu,JNU,model_only,K1,True,1,134,41.849247994832695
cpu,JNU,model_only,K1,True,1,135,41.87816503690556
cpu,JNU,model_only,K1,True,1,136,41.83064604876563
cpu,JNU,model_only,K1,True,1,137,42.06917097326368
cpu,JNU,model_only,K1,True,1,138,41.84757504845038
cpu,JNU,model_only,K1,True,1,139,41.92854795837775
cpu,JNU,model_only,K1,True,1,140,41.81212902767584
cpu,JNU,model_only,K1,True,1,141,42.93085797689855
cpu,JNU,model_only,K1,True,1,142,41.93507501622662
cpu,JNU,model_only,K1,True,1,143,41.83762596221641
cpu,JNU,model_only,K1,True,1,144,41.80133796762675
cpu,JNU,model_only,K1,True,1,145,42.30371996527538
cpu,JNU,model_only,K1,True,1,146,41.98446002556011
cpu,JNU,model_only,K1,True,1,147,41.87850502785295
cpu,JNU,model_only,K1,True,1,148,41.79825499886647
cpu,JNU,model_only,K1,True,1,149,42.40428999764845
cpu,JNU,model_only,K1,True,1,150,41.80800000904128
cpu,JNU,model_only,K1,True,1,151,41.91523400368169
cpu,JNU,model_only,K1,True,1,152,41.841725003905594
cpu,JNU,model_only,K1,True,1,153,41.819852020125836
cpu,JNU,model_only,K1,True,1,154,41.9327580020763
cpu,JNU,model_only,K1,True,1,155,41.79779498372227
cpu,JNU,model_only,K1,True,1,156,41.858911979943514
cpu,JNU,model_only,K1,True,1,157,41.93178296554834
cpu,JNU,model_only,K1,True,1,158,41.77590803010389
cpu,JNU,model_only,K1,True,1,159,41.85811697971076
cpu,JNU,model_only,K1,True,1,160,41.76815302344039
cpu,JNU,model_only,K1,True,1,161,43.264270992949605
cpu,JNU,model_only,K1,True,1,162,41.85893200337887
cpu,JNU,model_only,K1,True,1,163,41.8492800090462
cpu,JNU,model_only,K1,True,1,164,41.80722002638504
cpu,JNU,model_only,K1,True,1,165,41.794896009378135
cpu,JNU,model_only,K1,True,1,166,41.920274030417204
cpu,JNU,model_only,K1,True,1,167,42.61473199585453
cpu,JNU,model_only,K1,True,1,168,41.764294961467385
cpu,JNU,model_only,K1,True,1,169,41.840465972200036
cpu,JNU,model_only,K1,True,1,170,41.842244972940534
cpu,JNU,model_only,K1,True,1,171,41.90710198599845
cpu,JNU,model_only,K1,True,1,172,42.38443198846653
cpu,JNU,model_only,K1,True,1,173,41.99653200339526
cpu,JNU,model_only,K1,True,1,174,41.80509300203994
cpu,JNU,model_only,K1,True,1,175,42.315854982007295
cpu,JNU,model_only,K1,True,1,176,41.92616301588714
cpu,JNU,model_only,K1,True,1,177,42.193834960926324
cpu,JNU,model_only,K1,True,1,178,41.78625700296834
cpu,JNU,model_only,K1,True,1,179,42.003960988949984
cpu,JNU,model_only,K1,True,1,180,41.84610798256472
cpu,JNU,model_only,K1,True,1,181,41.80956201162189
cpu,JNU,model_only,K1,True,1,182,41.90221696626395
cpu,JNU,model_only,K1,True,1,183,41.89671704079956
cpu,JNU,model_only,K1,True,1,184,41.76839196588844
cpu,JNU,model_only,K1,True,1,185,42.2965949983336
cpu,JNU,model_only,K1,True,1,186,41.80808999808505
cpu,JNU,model_only,K1,True,1,187,41.822655010037124
cpu,JNU,model_only,K1,True,1,188,41.82385903550312
cpu,JNU,model_only,K1,True,1,189,41.807165020145476
cpu,JNU,model_only,K1,True,1,190,41.88465402694419
cpu,JNU,model_only,K1,True,1,191,41.75784898689017
cpu,JNU,model_only,K1,True,1,192,41.76254401681945
cpu,JNU,model_only,K1,True,1,193,42.26291802478954
cpu,JNU,model_only,K1,True,1,194,42.3514079884626
cpu,JNU,model_only,K1,True,1,195,41.979980014730245
cpu,JNU,model_only,K1,True,1,196,42.36671898979694
cpu,JNU,model_only,K1,True,1,197,42.81178204109892
cpu,JNU,model_only,K1,True,1,198,41.82534199208021
cpu,JNU,model_only,K1,True,1,199,41.7839500005357
cpu,JNU,model_only,K1,True,1,200,41.87204095069319
cpu,JNU,model_only,K1,True,1,201,41.84208402875811
cpu,JNU,model_only,K1,True,1,202,41.848836990538985
cpu,JNU,model_only,K1,True,1,203,41.8541930266656
cpu,JNU,model_only,K1,True,1,204,41.81898199021816
cpu,JNU,model_only,K1,True,1,205,41.86388396192342
cpu,JNU,model_only,K1,True,1,206,41.85863200109452
cpu,JNU,model_only,K1,True,1,207,41.7551239952445
cpu,JNU,model_only,K1,True,1,208,41.777505015488714
cpu,JNU,model_only,K1,True,1,209,42.03695402247831
cpu,JNU,model_only,K1,True,1,210,41.85862001031637
cpu,JNU,model_only,K1,True,1,211,42.03138704178855
cpu,JNU,model_only,K1,True,1,212,41.97795002255589
cpu,JNU,model_only,K1,True,1,213,41.86095402110368
cpu,JNU,model_only,K1,True,1,214,42.07427200162783
cpu,JNU,model_only,K1,True,1,215,42.108295019716024
cpu,JNU,model_only,K1,True,1,216,41.885456012096256
cpu,JNU,model_only,K1,True,1,217,41.831894021015614
cpu,JNU,model_only,K1,True,1,218,41.86257201945409
cpu,JNU,model_only,K1,True,1,219,41.88792500644922
cpu,JNU,model_only,K1,True,1,220,42.39597503328696
cpu,JNU,model_only,K1,True,1,221,41.93336999742314
cpu,JNU,model_only,K1,True,1,222,41.92135401535779
cpu,JNU,model_only,K1,True,1,223,41.85536003205925
cpu,JNU,model_only,K1,True,1,224,41.84826399432495
cpu,JNU,model_only,K1,True,1,225,41.84809303842485
cpu,JNU,model_only,K1,True,1,226,41.90510604530573
cpu,JNU,model_only,K1,True,1,227,41.78844398120418
cpu,JNU,model_only,K1,True,1,228,41.946723009459674
cpu,JNU,model_only,K1,True,1,229,41.95141902891919
cpu,JNU,model_only,K1,True,1,230,42.58924204623327
cpu,JNU,model_only,K1,True,1,231,41.90181597368792
cpu,JNU,model_only,K1,True,1,232,41.79649701109156
cpu,JNU,model_only,K1,True,1,233,42.14921098900959
cpu,JNU,model_only,K1,True,1,234,41.87782795634121
cpu,JNU,model_only,K1,True,1,235,41.82653297903016
cpu,JNU,model_only,K1,True,1,236,41.80141998222098
cpu,JNU,model_only,K1,True,1,237,41.95601399987936
cpu,JNU,model_only,K1,True,1,238,42.57275100098923
cpu,JNU,model_only,K1,True,1,239,41.79499903693795
cpu,JNU,model_only,K1,True,1,240,41.77474096650258
cpu,JNU,model_only,K1,True,1,241,41.818863013759255
cpu,JNU,model_only,K1,True,1,242,41.86451301211491
cpu,JNU,model_only,K1,True,1,243,41.8181880377233
cpu,JNU,model_only,K1,True,1,244,43.397743022069335
cpu,JNU,model_only,K1,True,1,245,41.86198499519378
cpu,JNU,model_only,K1,True,1,246,41.81612702086568
cpu,JNU,model_only,K1,True,1,247,41.86264501186088
cpu,JNU,model_only,K1,True,1,248,41.78874002536759
cpu,JNU,model_only,K1,True,1,249,41.94303596159443
cpu,JNU,model_only,Full-S1,True,1,0,81.59060496836901
cpu,JNU,model_only,Full-S1,True,1,1,82.26549200480804
cpu,JNU,model_only,Full-S1,True,1,2,82.17809698544443
cpu,JNU,model_only,Full-S1,True,1,3,82.36812299583107
cpu,JNU,model_only,Full-S1,True,1,4,82.17588200932369
cpu,JNU,model_only,Full-S1,True,1,5,82.1490059606731
cpu,JNU,model_only,Full-S1,True,1,6,82.14745298027992
cpu,JNU,model_only,Full-S1,True,1,7,82.57863495964557
cpu,JNU,model_only,Full-S1,True,1,8,82.33043400105089
cpu,JNU,model_only,Full-S1,True,1,9,82.96091499505565
cpu,JNU,model_only,Full-S1,True,1,10,82.22200500313193
cpu,JNU,model_only,Full-S1,True,1,11,82.14451000094414
cpu,JNU,model_only,Full-S1,True,1,12,82.26777199888602
cpu,JNU,model_only,Full-S1,True,1,13,82.26376201491803
cpu,JNU,model_only,Full-S1,True,1,14,84.77647200925276
cpu,JNU,model_only,Full-S1,True,1,15,82.81671302393079
cpu,JNU,model_only,Full-S1,True,1,16,82.17795804375783
cpu,JNU,model_only,Full-S1,True,1,17,80.56270802626386
cpu,JNU,model_only,Full-S1,True,1,18,82.46746304212138
cpu,JNU,model_only,Full-S1,True,1,19,82.24127598805353
cpu,JNU,model_only,Full-S1,True,1,20,83.07494095060974
cpu,JNU,model_only,Full-S1,True,1,21,82.93514599790797
cpu,JNU,model_only,Full-S1,True,1,22,82.73595501668751
cpu,JNU,model_only,Full-S1,True,1,23,82.31684000929818
cpu,JNU,model_only,Full-S1,True,1,24,83.3360769902356
cpu,JNU,model_only,Full-S1,True,1,25,82.66318100504577
cpu,JNU,model_only,Full-S1,True,1,26,82.28743501240388
cpu,JNU,model_only,Full-S1,True,1,27,82.43652799865231
cpu,JNU,model_only,Full-S1,True,1,28,82.36745197791606
cpu,JNU,model_only,Full-S1,True,1,29,82.16287399409339
cpu,JNU,model_only,Full-S1,True,1,30,82.50668598338962
cpu,JNU,model_only,Full-S1,True,1,31,82.19066995661706
cpu,JNU,model_only,Full-S1,True,1,32,82.20522099873051
cpu,JNU,model_only,Full-S1,True,1,33,83.06722802808508
cpu,JNU,model_only,Full-S1,True,1,34,82.30812900001183
cpu,JNU,model_only,Full-S1,True,1,35,82.16055197408423
cpu,JNU,model_only,Full-S1,True,1,36,82.31958199758083
cpu,JNU,model_only,Full-S1,True,1,37,82.31874299235642
cpu,JNU,model_only,Full-S1,True,1,38,82.25240802858025
cpu,JNU,model_only,Full-S1,True,1,39,82.14159699855372
cpu,JNU,model_only,Full-S1,True,1,40,82.40888197906315
cpu,JNU,model_only,Full-S1,True,1,41,82.34336599707603
cpu,JNU,model_only,Full-S1,True,1,42,82.23071100655943
cpu,JNU,model_only,Full-S1,True,1,43,82.91400398593396
cpu,JNU,model_only,Full-S1,True,1,44,82.52396597526968
cpu,JNU,model_only,Full-S1,True,1,45,83.21497699944302
cpu,JNU,model_only,Full-S1,True,1,46,82.88220100803301
cpu,JNU,model_only,Full-S1,True,1,47,82.59466796880588
cpu,JNU,model_only,Full-S1,True,1,48,82.54556701285765
cpu,JNU,model_only,Full-S1,True,1,49,82.24356500431895
cpu,JNU,model_only,Full-S1,True,1,50,82.57494895951822
cpu,JNU,model_only,Full-S1,True,1,51,82.72355399094522
cpu,JNU,model_only,Full-S1,True,1,52,80.92540799407288
cpu,JNU,model_only,Full-S1,True,1,53,82.88001798791811
cpu,JNU,model_only,Full-S1,True,1,54,80.49765398027375
cpu,JNU,model_only,Full-S1,True,1,55,82.19276595627889
cpu,JNU,model_only,Full-S1,True,1,56,82.24078099010512
cpu,JNU,model_only,Full-S1,True,1,57,84.9653389886953
cpu,JNU,model_only,Full-S1,True,1,58,84.82679398730397
cpu,JNU,model_only,Full-S1,True,1,59,84.53910599928349
cpu,JNU,model_only,Full-S1,True,1,60,84.48268001666293
cpu,JNU,model_only,Full-S1,True,1,61,84.2917729751207
cpu,JNU,model_only,Full-S1,True,1,62,83.1398869631812
cpu,JNU,model_only,Full-S1,True,1,63,82.42551097646356
cpu,JNU,model_only,Full-S1,True,1,64,82.63839699793607
cpu,JNU,model_only,Full-S1,True,1,65,82.70439098123461
cpu,JNU,model_only,Full-S1,True,1,66,82.64087600400671
cpu,JNU,model_only,Full-S1,True,1,67,82.50797400251031
cpu,JNU,model_only,Full-S1,True,1,68,87.02102798270062
cpu,JNU,model_only,Full-S1,True,1,69,83.70512397959828
cpu,JNU,model_only,Full-S1,True,1,70,82.51857705181465
cpu,JNU,model_only,Full-S1,True,1,71,82.44022604776546
cpu,JNU,model_only,Full-S1,True,1,72,82.79919699998572
cpu,JNU,model_only,Full-S1,True,1,73,84.10436101257801
cpu,JNU,model_only,Full-S1,True,1,74,82.90742599638179
cpu,JNU,model_only,Full-S1,True,1,75,82.72255299380049
cpu,JNU,model_only,Full-S1,True,1,76,83.14731396967545
cpu,JNU,model_only,Full-S1,True,1,77,82.99855899531394
cpu,JNU,model_only,Full-S1,True,1,78,80.79899399308488
cpu,JNU,model_only,Full-S1,True,1,79,82.68481999402866
cpu,JNU,model_only,Full-S1,True,1,80,82.57415401749313
cpu,JNU,model_only,Full-S1,True,1,81,83.14461604459211
cpu,JNU,model_only,Full-S1,True,1,82,82.44273904711008
cpu,JNU,model_only,Full-S1,True,1,83,81.17007999680936
cpu,JNU,model_only,Full-S1,True,1,84,82.69682602258399
cpu,JNU,model_only,Full-S1,True,1,85,83.65654299268499
cpu,JNU,model_only,Full-S1,True,1,86,82.46875199256465
cpu,JNU,model_only,Full-S1,True,1,87,82.45307096512988
cpu,JNU,model_only,Full-S1,True,1,88,82.59065996389836
cpu,JNU,model_only,Full-S1,True,1,89,82.43573200888932
cpu,JNU,model_only,Full-S1,True,1,90,82.4424679740332
cpu,JNU,model_only,Full-S1,True,1,91,82.35760999377817
cpu,JNU,model_only,Full-S1,True,1,92,82.53327099373564
cpu,JNU,model_only,Full-S1,True,1,93,82.88071298738942
cpu,JNU,model_only,Full-S1,True,1,94,82.79053797014058
cpu,JNU,model_only,Full-S1,True,1,95,82.45956996688619
cpu,JNU,model_only,Full-S1,True,1,96,82.32428197516128
cpu,JNU,model_only,Full-S1,True,1,97,82.48382300371304
cpu,JNU,model_only,Full-S1,True,1,98,82.39438699092716
cpu,JNU,model_only,Full-S1,True,1,99,82.46558398241177
cpu,JNU,model_only,Full-S1,True,1,100,83.05754099274054
cpu,JNU,model_only,Full-S1,True,1,101,82.79638999374583
cpu,JNU,model_only,Full-S1,True,1,102,82.96549296937883
cpu,JNU,model_only,Full-S1,True,1,103,82.42025703657418
cpu,JNU,model_only,Full-S1,True,1,104,82.5398670276627
cpu,JNU,model_only,Full-S1,True,1,105,82.62654504505917
cpu,JNU,model_only,Full-S1,True,1,106,83.30609399126843
cpu,JNU,model_only,Full-S1,True,1,107,80.6975259911269
cpu,JNU,model_only,Full-S1,True,1,108,82.33570802258328
cpu,JNU,model_only,Full-S1,True,1,109,82.40049699088559
cpu,JNU,model_only,Full-S1,True,1,110,82.38614397123456
cpu,JNU,model_only,Full-S1,True,1,111,82.43697695434093
cpu,JNU,model_only,Full-S1,True,1,112,82.88730203639716
cpu,JNU,model_only,Full-S1,True,1,113,82.73705700412393
cpu,JNU,model_only,Full-S1,True,1,114,82.3630610248074
cpu,JNU,model_only,Full-S1,True,1,115,82.45943405199796
cpu,JNU,model_only,Full-S1,True,1,116,82.99117803107947
cpu,JNU,model_only,Full-S1,True,1,117,81.67188498191535
cpu,JNU,model_only,Full-S1,True,1,118,83.61719496315345
cpu,JNU,model_only,Full-S1,True,1,119,82.68842502729967
cpu,JNU,model_only,Full-S1,True,1,120,82.68050797050819
cpu,JNU,model_only,Full-S1,True,1,121,82.39957795012742
cpu,JNU,model_only,Full-S1,True,1,122,82.7378390240483
cpu,JNU,model_only,Full-S1,True,1,123,82.46864698594436
cpu,JNU,model_only,Full-S1,True,1,124,82.41468702908605
cpu,JNU,model_only,Full-S1,True,1,125,83.26917001977563
cpu,JNU,model_only,Full-S1,True,1,126,80.60670195845887
cpu,JNU,model_only,Full-S1,True,1,127,82.31505198637024
cpu,JNU,model_only,Full-S1,True,1,128,83.7116899783723
cpu,JNU,model_only,Full-S1,True,1,129,82.67817797604948
cpu,JNU,model_only,Full-S1,True,1,130,81.34511497337371
cpu,JNU,model_only,Full-S1,True,1,131,82.40241097519174
cpu,JNU,model_only,Full-S1,True,1,132,82.52363099018112
cpu,JNU,model_only,Full-S1,True,1,133,82.33497099718079
cpu,JNU,model_only,Full-S1,True,1,134,82.43713201954961
cpu,JNU,model_only,Full-S1,True,1,135,82.35908002825454
cpu,JNU,model_only,Full-S1,True,1,136,83.24177202302963
cpu,JNU,model_only,Full-S1,True,1,137,80.84827900165692
cpu,JNU,model_only,Full-S1,True,1,138,82.17728300951421
cpu,JNU,model_only,Full-S1,True,1,139,82.22972601652145
cpu,JNU,model_only,Full-S1,True,1,140,82.18087500426918
cpu,JNU,model_only,Full-S1,True,1,141,82.29648298583925
cpu,JNU,model_only,Full-S1,True,1,142,82.98667497001588
cpu,JNU,model_only,Full-S1,True,1,143,85.4396770009771
cpu,JNU,model_only,Full-S1,True,1,144,82.43082097033039
cpu,JNU,model_only,Full-S1,True,1,145,82.7803750289604
cpu,JNU,model_only,Full-S1,True,1,146,84.47489998070523
cpu,JNU,model_only,Full-S1,True,1,147,83.19949096767232
cpu,JNU,model_only,Full-S1,True,1,148,82.1482419851236
cpu,JNU,model_only,Full-S1,True,1,149,82.7139500179328
cpu,JNU,model_only,Full-S1,True,1,150,82.14531501289457
cpu,JNU,model_only,Full-S1,True,1,151,80.4517240030691
cpu,JNU,model_only,Full-S1,True,1,152,82.21967401914299
cpu,JNU,model_only,Full-S1,True,1,153,82.3050020262599
cpu,JNU,model_only,Full-S1,True,1,154,83.04475102340803
cpu,JNU,model_only,Full-S1,True,1,155,82.30174100026488
cpu,JNU,model_only,Full-S1,True,1,156,82.30233000358567
cpu,JNU,model_only,Full-S1,True,1,157,82.28090504417196
cpu,JNU,model_only,Full-S1,True,1,158,82.24158099619672
cpu,JNU,model_only,Full-S1,True,1,159,82.14994298759848
cpu,JNU,model_only,Full-S1,True,1,160,80.59397299075499
cpu,JNU,model_only,Full-S1,True,1,161,82.46567205060273
cpu,JNU,model_only,Full-S1,True,1,162,82.95777696184814
cpu,JNU,model_only,Full-S1,True,1,163,82.39083900116384
cpu,JNU,model_only,Full-S1,True,1,164,82.29360700352117
cpu,JNU,model_only,Full-S1,True,1,165,82.74691400583833
cpu,JNU,model_only,Full-S1,True,1,166,83.2765200175345
cpu,JNU,model_only,Full-S1,True,1,167,82.24902203073725
cpu,JNU,model_only,Full-S1,True,1,168,82.28622400201857
cpu,JNU,model_only,Full-S1,True,1,169,82.52945099957287
cpu,JNU,model_only,Full-S1,True,1,170,82.48253399506211
cpu,JNU,model_only,Full-S1,True,1,171,80.4562809644267
cpu,JNU,model_only,Full-S1,True,1,172,82.17974001308903
cpu,JNU,model_only,Full-S1,True,1,173,82.77210901724175
cpu,JNU,model_only,Full-S1,True,1,174,82.49594701919705
cpu,JNU,model_only,Full-S1,True,1,175,82.21354498527944
cpu,JNU,model_only,Full-S1,True,1,176,82.27631798945367
cpu,JNU,model_only,Full-S1,True,1,177,82.19810301670805
cpu,JNU,model_only,Full-S1,True,1,178,82.71692000562325
cpu,JNU,model_only,Full-S1,True,1,179,82.32971001416445
cpu,JNU,model_only,Full-S1,True,1,180,82.24537101341411
cpu,JNU,model_only,Full-S1,True,1,181,82.19082199502736
cpu,JNU,model_only,Full-S1,True,1,182,82.17344497097656
cpu,JNU,model_only,Full-S1,True,1,183,82.25560199934989
cpu,JNU,model_only,Full-S1,True,1,184,82.13296299800277
cpu,JNU,model_only,Full-S1,True,1,185,82.24742097081617
cpu,JNU,model_only,Full-S1,True,1,186,82.48776599066332
cpu,JNU,model_only,Full-S1,True,1,187,82.31325400993228
cpu,JNU,model_only,Full-S1,True,1,188,82.17090799007565
cpu,JNU,model_only,Full-S1,True,1,189,82.74294500006363
cpu,JNU,model_only,Full-S1,True,1,190,82.33556599589065
cpu,JNU,model_only,Full-S1,True,1,191,82.665444992017
cpu,JNU,model_only,Full-S1,True,1,192,82.26604299852625
cpu,JNU,model_only,Full-S1,True,1,193,82.12594705400988
cpu,JNU,model_only,Full-S1,True,1,194,82.2906349785626
cpu,JNU,model_only,Full-S1,True,1,195,82.38244999665767
cpu,JNU,model_only,Full-S1,True,1,196,82.13972399244085
cpu,JNU,model_only,Full-S1,True,1,197,82.23532501142472
cpu,JNU,model_only,Full-S1,True,1,198,82.67556299688295
cpu,JNU,model_only,Full-S1,True,1,199,80.55110200075433
cpu,JNU,model_only,Full-S1,True,1,200,82.3939080000855
cpu,JNU,model_only,Full-S1,True,1,201,82.24446803797036
cpu,JNU,model_only,Full-S1,True,1,202,82.30539195938036
cpu,JNU,model_only,Full-S1,True,1,203,82.96988595975563
cpu,JNU,model_only,Full-S1,True,1,204,82.46485696872696
cpu,JNU,model_only,Full-S1,True,1,205,82.44192594429478
cpu,JNU,model_only,Full-S1,True,1,206,82.43269298691303
cpu,JNU,model_only,Full-S1,True,1,207,82.61575200594962
cpu,JNU,model_only,Full-S1,True,1,208,82.26989896502346
cpu,JNU,model_only,Full-S1,True,1,209,82.25564897293225
cpu,JNU,model_only,Full-S1,True,1,210,82.49387796968222
cpu,JNU,model_only,Full-S1,True,1,211,80.4466989939101
cpu,JNU,model_only,Full-S1,True,1,212,82.25617004791275
cpu,JNU,model_only,Full-S1,True,1,213,82.25711598061025
cpu,JNU,model_only,Full-S1,True,1,214,83.28033797442913
cpu,JNU,model_only,Full-S1,True,1,215,83.12852401286364
cpu,JNU,model_only,Full-S1,True,1,216,80.48320899251848
cpu,JNU,model_only,Full-S1,True,1,217,83.76041299197823
cpu,JNU,model_only,Full-S1,True,1,218,82.22379995277151
cpu,JNU,model_only,Full-S1,True,1,219,82.49255095142871
cpu,JNU,model_only,Full-S1,True,1,220,82.30537397321314
cpu,JNU,model_only,Full-S1,True,1,221,82.2051819995977
cpu,JNU,model_only,Full-S1,True,1,222,83.24712596368045
cpu,JNU,model_only,Full-S1,True,1,223,82.31756597524509
cpu,JNU,model_only,Full-S1,True,1,224,82.65617600409314
cpu,JNU,model_only,Full-S1,True,1,225,82.10456999950111
cpu,JNU,model_only,Full-S1,True,1,226,82.27138896472752
cpu,JNU,model_only,Full-S1,True,1,227,82.97829702496529
cpu,JNU,model_only,Full-S1,True,1,228,82.17196702025831
cpu,JNU,model_only,Full-S1,True,1,229,80.56428999407217
cpu,JNU,model_only,Full-S1,True,1,230,82.39425398642197
cpu,JNU,model_only,Full-S1,True,1,231,82.27910497225821
cpu,JNU,model_only,Full-S1,True,1,232,80.45773301273584
cpu,JNU,model_only,Full-S1,True,1,233,83.43562798108906
cpu,JNU,model_only,Full-S1,True,1,234,81.22272294713184
cpu,JNU,model_only,Full-S1,True,1,235,82.32454699464142
cpu,JNU,model_only,Full-S1,True,1,236,82.29285595007241
cpu,JNU,model_only,Full-S1,True,1,237,82.41453999653459
cpu,JNU,model_only,Full-S1,True,1,238,82.37342903157696
cpu,JNU,model_only,Full-S1,True,1,239,82.89044402772561
cpu,JNU,model_only,Full-S1,True,1,240,82.21001998754218
cpu,JNU,model_only,Full-S1,True,1,241,82.23470899974927
cpu,JNU,model_only,Full-S1,True,1,242,82.24092295859009
cpu,JNU,model_only,Full-S1,True,1,243,82.27584895212203
cpu,JNU,model_only,Full-S1,True,1,244,82.34052697662264
cpu,JNU,model_only,Full-S1,True,1,245,82.21789501840249
cpu,JNU,model_only,Full-S1,True,1,246,82.32177305035293
cpu,JNU,model_only,Full-S1,True,1,247,82.48715603258461
cpu,JNU,model_only,Full-S1,True,1,248,82.24245096789673
cpu,JNU,model_only,Full-S1,True,1,249,82.24134601186961
cpu,JNU,model_only,Full-S1,True,2,0,82.66546204686165
cpu,JNU,model_only,Full-S1,True,2,1,83.14973104279488
cpu,JNU,model_only,Full-S1,True,2,2,82.38019997952506
cpu,JNU,model_only,Full-S1,True,2,3,82.21694699022919
cpu,JNU,model_only,Full-S1,True,2,4,82.35185104422271
cpu,JNU,model_only,Full-S1,True,2,5,82.29588100221008
cpu,JNU,model_only,Full-S1,True,2,6,83.07645900640637
cpu,JNU,model_only,Full-S1,True,2,7,83.72311398852617
cpu,JNU,model_only,Full-S1,True,2,8,82.23998500034213
cpu,JNU,model_only,Full-S1,True,2,9,82.41013099905103
cpu,JNU,model_only,Full-S1,True,2,10,82.158008008264
cpu,JNU,model_only,Full-S1,True,2,11,82.38308201543987
cpu,JNU,model_only,Full-S1,True,2,12,82.2492020088248
cpu,JNU,model_only,Full-S1,True,2,13,83.44337902963161
cpu,JNU,model_only,Full-S1,True,2,14,82.55082502728328
cpu,JNU,model_only,Full-S1,True,2,15,82.7931389794685
cpu,JNU,model_only,Full-S1,True,2,16,82.29156100424007
cpu,JNU,model_only,Full-S1,True,2,17,80.65043296664953
cpu,JNU,model_only,Full-S1,True,2,18,82.5417410233058
cpu,JNU,model_only,Full-S1,True,2,19,82.28684100322425
cpu,JNU,model_only,Full-S1,True,2,20,82.10540696745738
cpu,JNU,model_only,Full-S1,True,2,21,82.94530998682603
cpu,JNU,model_only,Full-S1,True,2,22,82.29353401111439
cpu,JNU,model_only,Full-S1,True,2,23,82.39444205537438
cpu,JNU,model_only,Full-S1,True,2,24,80.56105702416971
cpu,JNU,model_only,Full-S1,True,2,25,82.15172996278852
cpu,JNU,model_only,Full-S1,True,2,26,83.02696194732562
cpu,JNU,model_only,Full-S1,True,2,27,80.46879601897672
cpu,JNU,model_only,Full-S1,True,2,28,82.25358696654439
cpu,JNU,model_only,Full-S1,True,2,29,82.25184999173507
cpu,JNU,model_only,Full-S1,True,2,30,82.2979910299182
cpu,JNU,model_only,Full-S1,True,2,31,82.21677702385932
cpu,JNU,model_only,Full-S1,True,2,32,82.22822396783158
cpu,JNU,model_only,Full-S1,True,2,33,83.10094301123172
cpu,JNU,model_only,Full-S1,True,2,34,82.25332503207028
cpu,JNU,model_only,Full-S1,True,2,35,82.18174194917083
cpu,JNU,model_only,Full-S1,True,2,36,82.28049997705966
cpu,JNU,model_only,Full-S1,True,2,37,82.24259701091796
cpu,JNU,model_only,Full-S1,True,2,38,83.08164903428406
cpu,JNU,model_only,Full-S1,True,2,39,82.50546996714547
cpu,JNU,model_only,Full-S1,True,2,40,80.53023199317977
cpu,JNU,model_only,Full-S1,True,2,41,82.20107801025733
cpu,JNU,model_only,Full-S1,True,2,42,82.37746398663148
cpu,JNU,model_only,Full-S1,True,2,43,82.27451599668711
cpu,JNU,model_only,Full-S1,True,2,44,82.1429860079661
cpu,JNU,model_only,Full-S1,True,2,45,82.3668289813213
cpu,JNU,model_only,Full-S1,True,2,46,82.49414002057165
cpu,JNU,model_only,Full-S1,True,2,47,82.27340300800279
cpu,JNU,model_only,Full-S1,True,2,48,80.45549795497209
cpu,JNU,model_only,Full-S1,True,2,49,82.1944479830563
cpu,JNU,model_only,Full-S1,True,2,50,82.90690300054848
cpu,JNU,model_only,Full-S1,True,2,51,82.37638103310019
cpu,JNU,model_only,Full-S1,True,2,52,82.28227397194132
cpu,JNU,model_only,Full-S1,True,2,53,82.21086900448427
cpu,JNU,model_only,Full-S1,True,2,54,80.38568898336962
cpu,JNU,model_only,Full-S1,True,2,55,82.16774999164045
cpu,JNU,model_only,Full-S1,True,2,56,82.18406501691788
cpu,JNU,model_only,Full-S1,True,2,57,83.20808497956023
cpu,JNU,model_only,Full-S1,True,2,58,82.25146401673555
cpu,JNU,model_only,Full-S1,True,2,59,82.0823049871251
cpu,JNU,model_only,Full-S1,True,2,60,82.47660199413076
cpu,JNU,model_only,Full-S1,True,2,61,83.34770303918049
cpu,JNU,model_only,Full-S1,True,2,62,82.93943398166448
cpu,JNU,model_only,Full-S1,True,2,63,82.4137800373137
cpu,JNU,model_only,Full-S1,True,2,64,82.18951598973945
cpu,JNU,model_only,Full-S1,True,2,65,82.13280100608245
cpu,JNU,model_only,Full-S1,True,2,66,82.3265109793283
cpu,JNU,model_only,Full-S1,True,2,67,80.73505200445652
cpu,JNU,model_only,Full-S1,True,2,68,82.29751995531842
cpu,JNU,model_only,Full-S1,True,2,69,82.28131599025801
cpu,JNU,model_only,Full-S1,True,2,70,82.41234498564154
cpu,JNU,model_only,Full-S1,True,2,71,82.48482900671661
cpu,JNU,model_only,Full-S1,True,2,72,82.27184502175078
cpu,JNU,model_only,Full-S1,True,2,73,82.23795803496614
cpu,JNU,model_only,Full-S1,True,2,74,83.02904403535649
cpu,JNU,model_only,Full-S1,True,2,75,80.54859802359715
cpu,JNU,model_only,Full-S1,True,2,76,82.39245100412518
cpu,JNU,model_only,Full-S1,True,2,77,82.52305199857801
cpu,JNU,model_only,Full-S1,True,2,78,82.60531700216234
cpu,JNU,model_only,Full-S1,True,2,79,82.74428802542388
cpu,JNU,model_only,Full-S1,True,2,80,83.18520296597853
cpu,JNU,model_only,Full-S1,True,2,81,80.59030800359324
cpu,JNU,model_only,Full-S1,True,2,82,82.69498898880556
cpu,JNU,model_only,Full-S1,True,2,83,82.31882494874299
cpu,JNU,model_only,Full-S1,True,2,84,80.56338201276958
cpu,JNU,model_only,Full-S1,True,2,85,82.23163697402924
cpu,JNU,model_only,Full-S1,True,2,86,83.10583099955693
cpu,JNU,model_only,Full-S1,True,2,87,82.37635402474552
cpu,JNU,model_only,Full-S1,True,2,88,82.20727799925953
cpu,JNU,model_only,Full-S1,True,2,89,82.2607179870829
cpu,JNU,model_only,Full-S1,True,2,90,80.51691501168534
cpu,JNU,model_only,Full-S1,True,2,91,82.19469798495993
cpu,JNU,model_only,Full-S1,True,2,92,83.7227960000746
cpu,JNU,model_only,Full-S1,True,2,93,82.31866598362103
cpu,JNU,model_only,Full-S1,True,2,94,83.6924520554021
cpu,JNU,model_only,Full-S1,True,2,95,82.30949001153931
cpu,JNU,model_only,Full-S1,True,2,96,82.39722199505195
cpu,JNU,model_only,Full-S1,True,2,97,82.29820302221924
cpu,JNU,model_only,Full-S1,True,2,98,82.18428399413824
cpu,JNU,model_only,Full-S1,True,2,99,83.04584899451584
cpu,JNU,model_only,Full-S1,True,2,100,80.37942799273878
cpu,JNU,model_only,Full-S1,True,2,101,82.26622000802308
cpu,JNU,model_only,Full-S1,True,2,102,82.46314496500418
cpu,JNU,model_only,Full-S1,True,2,103,82.23724499111995
cpu,JNU,model_only,Full-S1,True,2,104,82.25756196770817
cpu,JNU,model_only,Full-S1,True,2,105,82.20893901307136
cpu,JNU,model_only,Full-S1,True,2,106,82.7388780307956
cpu,JNU,model_only,Full-S1,True,2,107,82.2571080061607
cpu,JNU,model_only,Full-S1,True,2,108,82.38690602593124
cpu,JNU,model_only,Full-S1,True,2,109,82.2721510194242
cpu,JNU,model_only,Full-S1,True,2,110,83.31976103363559
cpu,JNU,model_only,Full-S1,True,2,111,82.878514949698
cpu,JNU,model_only,Full-S1,True,2,112,82.23131095292047
cpu,JNU,model_only,Full-S1,True,2,113,82.33133499743417
cpu,JNU,model_only,Full-S1,True,2,114,82.35668699489906
cpu,JNU,model_only,Full-S1,True,2,115,82.36704004229978
cpu,JNU,model_only,Full-S1,True,2,116,82.2479379712604
cpu,JNU,model_only,Full-S1,True,2,117,82.23433804232627
cpu,JNU,model_only,Full-S1,True,2,118,82.98216602997854
cpu,JNU,model_only,Full-S1,True,2,119,82.37230102531612
cpu,JNU,model_only,Full-S1,True,2,120,82.63659698422998
cpu,JNU,model_only,Full-S1,True,2,121,82.462516031228
cpu,JNU,model_only,Full-S1,True,2,122,82.4963630293496
cpu,JNU,model_only,Full-S1,True,2,123,83.97329895524308
cpu,JNU,model_only,Full-S1,True,2,124,82.26301800459623
cpu,JNU,model_only,Full-S1,True,2,125,82.24616502411664
cpu,JNU,model_only,Full-S1,True,2,126,82.1938049630262
cpu,JNU,model_only,Full-S1,True,2,127,82.24781701574102
cpu,JNU,model_only,Full-S1,True,2,128,82.18456996837631
cpu,JNU,model_only,Full-S1,True,2,129,82.29224302340299
cpu,JNU,model_only,Full-S1,True,2,130,82.45882100891322
cpu,JNU,model_only,Full-S1,True,2,131,82.75951695395634
cpu,JNU,model_only,Full-S1,True,2,132,80.63761703670025
cpu,JNU,model_only,Full-S1,True,2,133,82.20215095207095
cpu,JNU,model_only,Full-S1,True,2,134,82.31764700030908
cpu,JNU,model_only,Full-S1,True,2,135,83.12418300192803
cpu,JNU,model_only,Full-S1,True,2,136,82.55783701315522
cpu,JNU,model_only,Full-S1,True,2,137,82.29255600599572
cpu,JNU,model_only,Full-S1,True,2,138,82.84484903560951
cpu,JNU,model_only,Full-S1,True,2,139,82.3618849972263
cpu,JNU,model_only,Full-S1,True,2,140,82.62008294695988
cpu,JNU,model_only,Full-S1,True,2,141,80.45548398513347
cpu,JNU,model_only,Full-S1,True,2,142,82.21004798542708
cpu,JNU,model_only,Full-S1,True,2,143,82.29567902162671
cpu,JNU,model_only,Full-S1,True,2,144,82.23475900013
cpu,JNU,model_only,Full-S1,True,2,145,82.23429002100602
cpu,JNU,model_only,Full-S1,True,2,146,82.21680397400633
cpu,JNU,model_only,Full-S1,True,2,147,82.63693394837901
cpu,JNU,model_only,Full-S1,True,2,148,82.6675200369209
cpu,JNU,model_only,Full-S1,True,2,149,82.28168700588867
cpu,JNU,model_only,Full-S1,True,2,150,82.18470797874033
cpu,JNU,model_only,Full-S1,True,2,151,80.44431899907067
cpu,JNU,model_only,Full-S1,True,2,152,82.29805302107707
cpu,JNU,model_only,Full-S1,True,2,153,82.15730200754479
cpu,JNU,model_only,Full-S1,True,2,154,82.12324802298099
cpu,JNU,model_only,Full-S1,True,2,155,83.73071398818865
cpu,JNU,model_only,Full-S1,True,2,156,82.39764499012381
cpu,JNU,model_only,Full-S1,True,2,157,82.17975305160508
cpu,JNU,model_only,Full-S1,True,2,158,82.28431502357125
cpu,JNU,model_only,Full-S1,True,2,159,83.18139100447297
cpu,JNU,model_only,Full-S1,True,2,160,82.3313090368174
cpu,JNU,model_only,Full-S1,True,2,161,82.30495400493965
cpu,JNU,model_only,Full-S1,True,2,162,82.56179199088365
cpu,JNU,model_only,Full-S1,True,2,163,82.21870800480247
cpu,JNU,model_only,Full-S1,True,2,164,82.33379304874688
cpu,JNU,model_only,Full-S1,True,2,165,82.25791796576232
cpu,JNU,model_only,Full-S1,True,2,166,82.19558501150459
cpu,JNU,model_only,Full-S1,True,2,167,82.89105899166316
cpu,JNU,model_only,Full-S1,True,2,168,80.7587300078012
cpu,JNU,model_only,Full-S1,True,2,169,82.37401599762961
cpu,JNU,model_only,Full-S1,True,2,170,82.34081603586674
cpu,JNU,model_only,Full-S1,True,2,171,83.0941129825078
cpu,JNU,model_only,Full-S1,True,2,172,82.4015389662236
cpu,JNU,model_only,Full-S1,True,2,173,82.23234000615776
cpu,JNU,model_only,Full-S1,True,2,174,80.48508601495996
cpu,JNU,model_only,Full-S1,True,2,175,82.13021804112941
cpu,JNU,model_only,Full-S1,True,2,176,83.21835001697764
cpu,JNU,model_only,Full-S1,True,2,177,82.15300098527223
cpu,JNU,model_only,Full-S1,True,2,178,82.2447559912689
cpu,JNU,model_only,Full-S1,True,2,179,82.65225001377985
cpu,JNU,model_only,Full-S1,True,2,180,82.12907199049369
cpu,JNU,model_only,Full-S1,True,2,181,82.31425500707701
cpu,JNU,model_only,Full-S1,True,2,182,82.62595103587955
cpu,JNU,model_only,Full-S1,True,2,183,82.11856900015846
cpu,JNU,model_only,Full-S1,True,2,184,82.927823998034
cpu,JNU,model_only,Full-S1,True,2,185,82.32530602253973
cpu,JNU,model_only,Full-S1,True,2,186,81.05541300028563
cpu,JNU,model_only,Full-S1,True,2,187,82.2597779915668
cpu,JNU,model_only,Full-S1,True,2,188,82.69210701109841
cpu,JNU,model_only,Full-S1,True,2,189,82.36721000866964
cpu,JNU,model_only,Full-S1,True,2,190,82.20285299466923
cpu,JNU,model_only,Full-S1,True,2,191,82.43134000804275
cpu,JNU,model_only,Full-S1,True,2,192,82.63820101274177
cpu,JNU,model_only,Full-S1,True,2,193,82.3000610107556
cpu,JNU,model_only,Full-S1,True,2,194,82.20839797286317
cpu,JNU,model_only,Full-S1,True,2,195,82.21372700063512
cpu,JNU,model_only,Full-S1,True,2,196,83.88099097646773
cpu,JNU,model_only,Full-S1,True,2,197,83.51723803207278
cpu,JNU,model_only,Full-S1,True,2,198,82.66445598565042
cpu,JNU,model_only,Full-S1,True,2,199,82.53171597607434
cpu,JNU,model_only,Full-S1,True,2,200,82.56497298134491
cpu,JNU,model_only,Full-S1,True,2,201,82.25407399004325
cpu,JNU,model_only,Full-S1,True,2,202,82.19049696344882
cpu,JNU,model_only,Full-S1,True,2,203,82.47585000935942
cpu,JNU,model_only,Full-S1,True,2,204,82.66350399935618
cpu,JNU,model_only,Full-S1,True,2,205,82.25031499750912
cpu,JNU,model_only,Full-S1,True,2,206,82.27775798877701
cpu,JNU,model_only,Full-S1,True,2,207,82.282971998211
cpu,JNU,model_only,Full-S1,True,2,208,83.04953703191131
cpu,JNU,model_only,Full-S1,True,2,209,82.45087804971263
cpu,JNU,model_only,Full-S1,True,2,210,82.22066203597933
cpu,JNU,model_only,Full-S1,True,2,211,82.24750502267852
cpu,JNU,model_only,Full-S1,True,2,212,82.34556199749932
cpu,JNU,model_only,Full-S1,True,2,213,82.46962301200256
cpu,JNU,model_only,Full-S1,True,2,214,82.2806500364095
cpu,JNU,model_only,Full-S1,True,2,215,82.60866004275158
cpu,JNU,model_only,Full-S1,True,2,216,85.0653100060299
cpu,JNU,model_only,Full-S1,True,2,217,82.63108000392094
cpu,JNU,model_only,Full-S1,True,2,218,82.42556598270312
cpu,JNU,model_only,Full-S1,True,2,219,82.18794298591092
cpu,JNU,model_only,Full-S1,True,2,220,83.04944698465988
cpu,JNU,model_only,Full-S1,True,2,221,82.21040799980983
cpu,JNU,model_only,Full-S1,True,2,222,82.20566500676796
cpu,JNU,model_only,Full-S1,True,2,223,82.22934399964288
cpu,JNU,model_only,Full-S1,True,2,224,82.25889102322981
cpu,JNU,model_only,Full-S1,True,2,225,82.45791698573157
cpu,JNU,model_only,Full-S1,True,2,226,82.11933897109702
cpu,JNU,model_only,Full-S1,True,2,227,82.20625499961898
cpu,JNU,model_only,Full-S1,True,2,228,82.7515380224213
cpu,JNU,model_only,Full-S1,True,2,229,82.13998196879402
cpu,JNU,model_only,Full-S1,True,2,230,80.54646500386298
cpu,JNU,model_only,Full-S1,True,2,231,82.229561987333
cpu,JNU,model_only,Full-S1,True,2,232,83.0269000143744
cpu,JNU,model_only,Full-S1,True,2,233,82.27152802282944
cpu,JNU,model_only,Full-S1,True,2,234,80.39243594976142
cpu,JNU,model_only,Full-S1,True,2,235,82.5246759923175
cpu,JNU,model_only,Full-S1,True,2,236,82.22873299382627
cpu,JNU,model_only,Full-S1,True,2,237,82.25805498659611
cpu,JNU,model_only,Full-S1,True,2,238,82.2834029677324
cpu,JNU,model_only,Full-S1,True,2,239,80.46428597299382
cpu,JNU,model_only,Full-S1,True,2,240,82.74569897912443
cpu,JNU,model_only,Full-S1,True,2,241,82.31200103182346
cpu,JNU,model_only,Full-S1,True,2,242,82.37933600321412
cpu,JNU,model_only,Full-S1,True,2,243,83.85534299304709
cpu,JNU,model_only,Full-S1,True,2,244,83.09018198633566
cpu,JNU,model_only,Full-S1,True,2,245,82.43100997060537
cpu,JNU,model_only,Full-S1,True,2,246,82.20235700719059
cpu,JNU,model_only,Full-S1,True,2,247,82.37456099595875
cpu,JNU,model_only,Full-S1,True,2,248,82.2533150203526
cpu,JNU,model_only,Full-S1,True,2,249,82.29493896942586
cpu,JNU,model_only,K1,True,2,0,45.166888972744346
cpu,JNU,model_only,K1,True,2,1,41.971593047492206
cpu,JNU,model_only,K1,True,2,2,41.94418102269992
cpu,JNU,model_only,K1,True,2,3,41.836329037323594
cpu,JNU,model_only,K1,True,2,4,41.859214019495994
cpu,JNU,model_only,K1,True,2,5,42.000816960353404
cpu,JNU,model_only,K1,True,2,6,41.837672994006425
cpu,JNU,model_only,K1,True,2,7,42.39092901116237
cpu,JNU,model_only,K1,True,2,8,42.08915197523311
cpu,JNU,model_only,K1,True,2,9,42.63976099900901
cpu,JNU,model_only,K1,True,2,10,41.78796097403392
cpu,JNU,model_only,K1,True,2,11,41.90574400126934
cpu,JNU,model_only,K1,True,2,12,42.40227199625224
cpu,JNU,model_only,K1,True,2,13,42.615869955625385
cpu,JNU,model_only,K1,True,2,14,41.92791995592415
cpu,JNU,model_only,K1,True,2,15,41.85821197461337
cpu,JNU,model_only,K1,True,2,16,41.97388904867694
cpu,JNU,model_only,K1,True,2,17,41.914579982403666
cpu,JNU,model_only,K1,True,2,18,41.94885300239548
cpu,JNU,model_only,K1,True,2,19,41.91738000372425
cpu,JNU,model_only,K1,True,2,20,42.31444397009909
cpu,JNU,model_only,K1,True,2,21,41.77133896155283
cpu,JNU,model_only,K1,True,2,22,41.87529202317819
cpu,JNU,model_only,K1,True,2,23,41.945216013118625
cpu,JNU,model_only,K1,True,2,24,41.81925003649667
cpu,JNU,model_only,K1,True,2,25,41.83895495953038
cpu,JNU,model_only,K1,True,2,26,41.78605298511684
cpu,JNU,model_only,K1,True,2,27,41.87934199580923
cpu,JNU,model_only,K1,True,2,28,41.8809229740873
cpu,JNU,model_only,K1,True,2,29,42.29474300518632
cpu,JNU,model_only,K1,True,2,30,41.8491360032931
cpu,JNU,model_only,K1,True,2,31,41.916209971532226
cpu,JNU,model_only,K1,True,2,32,41.733480989933014
cpu,JNU,model_only,K1,True,2,33,41.84787697158754
cpu,JNU,model_only,K1,True,2,34,41.82680096710101
cpu,JNU,model_only,K1,True,2,35,41.773292992729694
cpu,JNU,model_only,K1,True,2,36,41.90341697540134
cpu,JNU,model_only,K1,True,2,37,42.37423202721402
cpu,JNU,model_only,K1,True,2,38,41.87075101071969
cpu,JNU,model_only,K1,True,2,39,41.84205597266555
cpu,JNU,model_only,K1,True,2,40,41.76723799901083
cpu,JNU,model_only,K1,True,2,41,41.81035899091512
cpu,JNU,model_only,K1,True,2,42,41.832739021629095
cpu,JNU,model_only,K1,True,2,43,42.03802498523146
cpu,JNU,model_only,K1,True,2,44,42.74608101695776
cpu,JNU,model_only,K1,True,2,45,41.85925895581022
cpu,JNU,model_only,K1,True,2,46,41.79722798289731
cpu,JNU,model_only,K1,True,2,47,41.85409500496462
cpu,JNU,model_only,K1,True,2,48,41.76409397041425
cpu,JNU,model_only,K1,True,2,49,41.84816702036187
cpu,JNU,model_only,K1,True,2,50,41.77896602777764
cpu,JNU,model_only,K1,True,2,51,41.79552401183173
cpu,JNU,model_only,K1,True,2,52,42.15916700195521
cpu,JNU,model_only,K1,True,2,53,42.275755025912076
cpu,JNU,model_only,K1,True,2,54,42.912977980449796
cpu,JNU,model_only,K1,True,2,55,41.81826900457963
cpu,JNU,model_only,K1,True,2,56,41.76560399355367
cpu,JNU,model_only,K1,True,2,57,41.90270201070234
cpu,JNU,model_only,K1,True,2,58,42.642863001674414
cpu,JNU,model_only,K1,True,2,59,41.80987097788602
cpu,JNU,model_only,K1,True,2,60,41.93744499934837
cpu,JNU,model_only,K1,True,2,61,42.525311990175396
cpu,JNU,model_only,K1,True,2,62,41.889623971655965
cpu,JNU,model_only,K1,True,2,63,41.81477101519704
cpu,JNU,model_only,K1,True,2,64,41.76750703481957
cpu,JNU,model_only,K1,True,2,65,41.8469529831782
cpu,JNU,model_only,K1,True,2,66,41.890408960171044
cpu,JNU,model_only,K1,True,2,67,41.82364797452465
cpu,JNU,model_only,K1,True,2,68,41.94227798143402
cpu,JNU,model_only,K1,True,2,69,42.64357197098434
cpu,JNU,model_only,K1,True,2,70,41.754234000109136
cpu,JNU,model_only,K1,True,2,71,41.89977503847331
cpu,JNU,model_only,K1,True,2,72,41.78107203915715
cpu,JNU,model_only,K1,True,2,73,41.84590699151158
cpu,JNU,model_only,K1,True,2,74,41.90640099113807
cpu,JNU,model_only,K1,True,2,75,42.602939007338136
cpu,JNU,model_only,K1,True,2,76,41.918494971469045
cpu,JNU,model_only,K1,True,2,77,43.259423051495105
cpu,JNU,model_only,K1,True,2,78,41.883880039677024
cpu,JNU,model_only,K1,True,2,79,41.77932097809389
cpu,JNU,model_only,K1,True,2,80,41.923566022887826
cpu,JNU,model_only,K1,True,2,81,41.762417007703334
cpu,JNU,model_only,K1,True,2,82,41.898626019246876
cpu,JNU,model_only,K1,True,2,83,42.56646102294326
cpu,JNU,model_only,K1,True,2,84,42.55372297484428
cpu,JNU,model_only,K1,True,2,85,42.16815496329218
cpu,JNU,model_only,K1,True,2,86,41.870263987220824
cpu,JNU,model_only,K1,True,2,87,41.84325400274247
cpu,JNU,model_only,K1,True,2,88,41.77346301730722
cpu,JNU,model_only,K1,True,2,89,41.80274601094425
cpu,JNU,model_only,K1,True,2,90,41.93065798608586
cpu,JNU,model_only,K1,True,2,91,41.87263594940305
cpu,JNU,model_only,K1,True,2,92,41.81926598539576
cpu,JNU,model_only,K1,True,2,93,41.79767501773313
cpu,JNU,model_only,K1,True,2,94,41.7828910285607
cpu,JNU,model_only,K1,True,2,95,41.97467997437343
cpu,JNU,model_only,K1,True,2,96,41.76820901921019
cpu,JNU,model_only,K1,True,2,97,41.955168009735644
cpu,JNU,model_only,K1,True,2,98,42.64984902692959
cpu,JNU,model_only,K1,True,2,99,41.83758998988196
cpu,JNU,model_only,K1,True,2,100,41.767582995817065
cpu,JNU,model_only,K1,True,2,101,42.10362798767164
cpu,JNU,model_only,K1,True,2,102,41.83309600921348
cpu,JNU,model_only,K1,True,2,103,41.71925102127716
cpu,JNU,model_only,K1,True,2,104,41.796773963142186
cpu,JNU,model_only,K1,True,2,105,41.79564001969993
cpu,JNU,model_only,K1,True,2,106,42.77316003572196
cpu,JNU,model_only,K1,True,2,107,43.586743995547295
cpu,JNU,model_only,K1,True,2,108,42.460564989596605
cpu,JNU,model_only,K1,True,2,109,42.01684397412464
cpu,JNU,model_only,K1,True,2,110,42.57575602969155
cpu,JNU,model_only,K1,True,2,111,41.78083798615262
cpu,JNU,model_only,K1,True,2,112,41.790789051447064
cpu,JNU,model_only,K1,True,2,113,41.771952994167805
cpu,JNU,model_only,K1,True,2,114,41.88989999238402
cpu,JNU,model_only,K1,True,2,115,41.75740899518132
cpu,JNU,model_only,K1,True,2,116,41.93454800406471
cpu,JNU,model_only,K1,True,2,117,42.699541023466736
cpu,JNU,model_only,K1,True,2,118,41.95774003164843
cpu,JNU,model_only,K1,True,2,119,41.944056982174516
cpu,JNU,model_only,K1,True,2,120,41.8126430013217
cpu,JNU,model_only,K1,True,2,121,41.8434000457637
cpu,JNU,model_only,K1,True,2,122,41.7555799940601
cpu,JNU,model_only,K1,True,2,123,41.9425229774788
cpu,JNU,model_only,K1,True,2,124,41.91252595046535
cpu,JNU,model_only,K1,True,2,125,42.266729986295104
cpu,JNU,model_only,K1,True,2,126,42.01746801845729
cpu,JNU,model_only,K1,True,2,127,42.56264795549214
cpu,JNU,model_only,K1,True,2,128,41.818522033281624
cpu,JNU,model_only,K1,True,2,129,41.78611596580595
cpu,JNU,model_only,K1,True,2,130,41.8647289625369
cpu,JNU,model_only,K1,True,2,131,41.77261999575421
cpu,JNU,model_only,K1,True,2,132,42.376560042612255
cpu,JNU,model_only,K1,True,2,133,41.969516954850405
cpu,JNU,model_only,K1,True,2,134,41.86141898389906
cpu,JNU,model_only,K1,True,2,135,42.12017200188711
cpu,JNU,model_only,K1,True,2,136,42.00050502549857
cpu,JNU,model_only,K1,True,2,137,42.68170800060034
cpu,JNU,model_only,K1,True,2,138,41.99400398647413
cpu,JNU,model_only,K1,True,2,139,44.02024095179513
cpu,JNU,model_only,K1,True,2,140,41.93427402060479
cpu,JNU,model_only,K1,True,2,141,43.03381603676826
cpu,JNU,model_only,K1,True,2,142,42.11963398847729
cpu,JNU,model_only,K1,True,2,143,42.53970104036853
cpu,JNU,model_only,K1,True,2,144,41.84255196014419
cpu,JNU,model_only,K1,True,2,145,41.79260501405224
cpu,JNU,model_only,K1,True,2,146,41.748374002054334
cpu,JNU,model_only,K1,True,2,147,41.87927598832175
cpu,JNU,model_only,K1,True,2,148,41.95422597695142
cpu,JNU,model_only,K1,True,2,149,42.69635700620711
cpu,JNU,model_only,K1,True,2,150,41.75847000442445
cpu,JNU,model_only,K1,True,2,151,41.75502300495282
cpu,JNU,model_only,K1,True,2,152,41.84186999918893
cpu,JNU,model_only,K1,True,2,153,41.895962960552424
cpu,JNU,model_only,K1,True,2,154,41.83113301405683
cpu,JNU,model_only,K1,True,2,155,41.77463601808995
cpu,JNU,model_only,K1,True,2,156,42.601991968695074
cpu,JNU,model_only,K1,True,2,157,41.93656600546092
cpu,JNU,model_only,K1,True,2,158,41.83826199732721
cpu,JNU,model_only,K1,True,2,159,41.81104199960828
cpu,JNU,model_only,K1,True,2,160,41.78945696912706
cpu,JNU,model_only,K1,True,2,161,41.86688404297456
cpu,JNU,model_only,K1,True,2,162,41.846391977742314
cpu,JNU,model_only,K1,True,2,163,41.78452002815902
cpu,JNU,model_only,K1,True,2,164,41.76296899095178
cpu,JNU,model_only,K1,True,2,165,41.946832032408565
cpu,JNU,model_only,K1,True,2,166,41.8320499593392
cpu,JNU,model_only,K1,True,2,167,41.79887200007215
cpu,JNU,model_only,K1,True,2,168,41.74339497694746
cpu,JNU,model_only,K1,True,2,169,41.76135698799044
cpu,JNU,model_only,K1,True,2,170,41.83214402291924
cpu,JNU,model_only,K1,True,2,171,42.34433005331084
cpu,JNU,model_only,K1,True,2,172,41.97124898200855
cpu,JNU,model_only,K1,True,2,173,42.008910968434066
cpu,JNU,model_only,K1,True,2,174,41.83747700881213
cpu,JNU,model_only,K1,True,2,175,41.76339297555387
cpu,JNU,model_only,K1,True,2,176,41.81578295538202
cpu,JNU,model_only,K1,True,2,177,42.008771968539804
cpu,JNU,model_only,K1,True,2,178,44.333662022836506
cpu,JNU,model_only,K1,True,2,179,41.875379043631256
cpu,JNU,model_only,K1,True,2,180,42.404734005685896
cpu,JNU,model_only,K1,True,2,181,41.89079604111612
cpu,JNU,model_only,K1,True,2,182,41.92151397000998
cpu,JNU,model_only,K1,True,2,183,41.84716800227761
cpu,JNU,model_only,K1,True,2,184,41.90842999378219
cpu,JNU,model_only,K1,True,2,185,42.629436997231096
cpu,JNU,model_only,K1,True,2,186,41.83286597253755
cpu,JNU,model_only,K1,True,2,187,41.779446008149534
cpu,JNU,model_only,K1,True,2,188,41.800284991040826
cpu,JNU,model_only,K1,True,2,189,41.95951297879219
cpu,JNU,model_only,K1,True,2,190,42.64218098251149
cpu,JNU,model_only,K1,True,2,191,41.77509597502649
cpu,JNU,model_only,K1,True,2,192,41.80392500711605
cpu,JNU,model_only,K1,True,2,193,41.78493999643251
cpu,JNU,model_only,K1,True,2,194,41.91024700412527
cpu,JNU,model_only,K1,True,2,195,42.72239498095587
cpu,JNU,model_only,K1,True,2,196,42.14889998547733
cpu,JNU,model_only,K1,True,2,197,41.82993300491944
cpu,JNU,model_only,K1,True,2,198,41.77978303050622
cpu,JNU,model_only,K1,True,2,199,41.82621603831649
cpu,JNU,model_only,K1,True,2,200,41.84034198988229
cpu,JNU,model_only,K1,True,2,201,41.95004695793614
cpu,JNU,model_only,K1,True,2,202,42.7632030332461
cpu,JNU,model_only,K1,True,2,203,42.90276498068124
cpu,JNU,model_only,K1,True,2,204,42.02574898954481
cpu,JNU,model_only,K1,True,2,205,41.830761008895934
cpu,JNU,model_only,K1,True,2,206,41.89472500002012
cpu,JNU,model_only,K1,True,2,207,41.82343400316313
cpu,JNU,model_only,K1,True,2,208,41.81874799542129
cpu,JNU,model_only,K1,True,2,209,42.02969197649509
cpu,JNU,model_only,K1,True,2,210,42.51109098549932
cpu,JNU,model_only,K1,True,2,211,41.894990019500256
cpu,JNU,model_only,K1,True,2,212,41.953150008339435
cpu,JNU,model_only,K1,True,2,213,41.80916695622727
cpu,JNU,model_only,K1,True,2,214,41.91194195300341
cpu,JNU,model_only,K1,True,2,215,41.83430498233065
cpu,JNU,model_only,K1,True,2,216,41.83209402253851
cpu,JNU,model_only,K1,True,2,217,41.7779780109413
cpu,JNU,model_only,K1,True,2,218,41.82704503182322
cpu,JNU,model_only,K1,True,2,219,41.86800599563867
cpu,JNU,model_only,K1,True,2,220,41.974110994488
cpu,JNU,model_only,K1,True,2,221,41.79861897137016
cpu,JNU,model_only,K1,True,2,222,41.8598810210824
cpu,JNU,model_only,K1,True,2,223,41.91724199336022
cpu,JNU,model_only,K1,True,2,224,42.64300997601822
cpu,JNU,model_only,K1,True,2,225,43.74109499622136
cpu,JNU,model_only,K1,True,2,226,41.857810982037336
cpu,JNU,model_only,K1,True,2,227,42.750249966047704
cpu,JNU,model_only,K1,True,2,228,41.938948968891054
cpu,JNU,model_only,K1,True,2,229,41.7881429893896
cpu,JNU,model_only,K1,True,2,230,41.94964101770893
cpu,JNU,model_only,K1,True,2,231,41.84494900982827
cpu,JNU,model_only,K1,True,2,232,41.866624960675836
cpu,JNU,model_only,K1,True,2,233,41.91021400038153
cpu,JNU,model_only,K1,True,2,234,42.64192498521879
cpu,JNU,model_only,K1,True,2,235,41.818250028882176
cpu,JNU,model_only,K1,True,2,236,41.86787799699232
cpu,JNU,model_only,K1,True,2,237,41.81885899743065
cpu,JNU,model_only,K1,True,2,238,41.91483202157542
cpu,JNU,model_only,K1,True,2,239,41.81122896261513
cpu,JNU,model_only,K1,True,2,240,42.680426966398954
cpu,JNU,model_only,K1,True,2,241,41.96323599899188
cpu,JNU,model_only,K1,True,2,242,42.521899042185396
cpu,JNU,model_only,K1,True,2,243,41.92314902320504
cpu,JNU,model_only,K1,True,2,244,41.97834397200495
cpu,JNU,model_only,K1,True,2,245,41.867944004479796
cpu,JNU,model_only,K1,True,2,246,41.82876698905602
cpu,JNU,model_only,K1,True,2,247,41.8930469895713
cpu,JNU,model_only,K1,True,2,248,41.84977797558531
cpu,JNU,model_only,K1,True,2,249,41.78059101104736
cpu,JNU,model_only,K1,True,3,0,42.045598034746945
cpu,JNU,model_only,K1,True,3,1,42.686622007749975
cpu,JNU,model_only,K1,True,3,2,42.74185298709199
cpu,JNU,model_only,K1,True,3,3,42.03057597624138
cpu,JNU,model_only,K1,True,3,4,42.789541999809444
cpu,JNU,model_only,K1,True,3,5,41.81462002452463
cpu,JNU,model_only,K1,True,3,6,42.16999898198992
cpu,JNU,model_only,K1,True,3,7,42.171067965682596
cpu,JNU,model_only,K1,True,3,8,42.83437895355746
cpu,JNU,model_only,K1,True,3,9,41.98620899114758
cpu,JNU,model_only,K1,True,3,10,41.87687998637557
cpu,JNU,model_only,K1,True,3,11,41.89334902912378
cpu,JNU,model_only,K1,True,3,12,41.915067995432764
cpu,JNU,model_only,K1,True,3,13,41.8320510070771
cpu,JNU,model_only,K1,True,3,14,41.74014797899872
cpu,JNU,model_only,K1,True,3,15,41.85726499417797
cpu,JNU,model_only,K1,True,3,16,41.83822404593229
cpu,JNU,model_only,K1,True,3,17,41.9135459815152
cpu,JNU,model_only,K1,True,3,18,42.95455297688022
cpu,JNU,model_only,K1,True,3,19,41.96295398287475
cpu,JNU,model_only,K1,True,3,20,42.62165701948106
cpu,JNU,model_only,K1,True,3,21,41.917757014743984
cpu,JNU,model_only,K1,True,3,22,41.82043200125918
cpu,JNU,model_only,K1,True,3,23,41.84333799639717
cpu,JNU,model_only,K1,True,3,24,44.322936970274895
cpu,JNU,model_only,K1,True,3,25,46.251602994743735
cpu,JNU,model_only,K1,True,3,26,42.50794096151367
cpu,JNU,model_only,K1,True,3,27,41.90234502311796
cpu,JNU,model_only,K1,True,3,28,41.7654300108552
cpu,JNU,model_only,K1,True,3,29,41.87941801501438
cpu,JNU,model_only,K1,True,3,30,41.94561002077535
cpu,JNU,model_only,K1,True,3,31,41.92558099748567
cpu,JNU,model_only,K1,True,3,32,41.99058696394786
cpu,JNU,model_only,K1,True,3,33,41.81257699383423
cpu,JNU,model_only,K1,True,3,34,41.814500000327826
cpu,JNU,model_only,K1,True,3,35,41.892704961355776
cpu,JNU,model_only,K1,True,3,36,41.932191990781575
cpu,JNU,model_only,K1,True,3,37,42.62660094536841
cpu,JNU,model_only,K1,True,3,38,41.889478045050055
cpu,JNU,model_only,K1,True,3,39,43.32637297920883
cpu,JNU,model_only,K1,True,3,40,42.01227298472077
cpu,JNU,model_only,K1,True,3,41,41.85556701850146
cpu,JNU,model_only,K1,True,3,42,42.030315031297505
cpu,JNU,model_only,K1,True,3,43,41.89450200647116
cpu,JNU,model_only,K1,True,3,44,41.8409570120275
cpu,JNU,model_only,K1,True,3,45,41.94480401929468
cpu,JNU,model_only,K1,True,3,46,42.58612700505182
cpu,JNU,model_only,K1,True,3,47,41.95300699211657
cpu,JNU,model_only,K1,True,3,48,44.923787005245686
cpu,JNU,model_only,K1,True,3,49,43.31775399623439
cpu,JNU,model_only,K1,True,3,50,41.92344401963055
cpu,JNU,model_only,K1,True,3,51,41.973758954554796
cpu,JNU,model_only,K1,True,3,52,41.92765796324238
cpu,JNU,model_only,K1,True,3,53,42.77821403229609
cpu,JNU,model_only,K1,True,3,54,42.02793200965971
cpu,JNU,model_only,K1,True,3,55,42.015075974632055
cpu,JNU,model_only,K1,True,3,56,41.90199403092265
cpu,JNU,model_only,K1,True,3,57,41.870611952617764
cpu,JNU,model_only,K1,True,3,58,41.96680197492242
cpu,JNU,model_only,K1,True,3,59,41.82905703783035
cpu,JNU,model_only,K1,True,3,60,41.89796396531165
cpu,JNU,model_only,K1,True,3,61,42.23700996953994
cpu,JNU,model_only,K1,True,3,62,41.82563698850572
cpu,JNU,model_only,K1,True,3,63,41.8374229921028
cpu,JNU,model_only,K1,True,3,64,41.92640900146216
cpu,JNU,model_only,K1,True,3,65,42.81821002950892
cpu,JNU,model_only,K1,True,3,66,42.22226497950032
cpu,JNU,model_only,K1,True,3,67,42.65959502663463
cpu,JNU,model_only,K1,True,3,68,41.767561982851475
cpu,JNU,model_only,K1,True,3,69,41.87191498931497
cpu,JNU,model_only,K1,True,3,70,41.97621298953891
cpu,JNU,model_only,K1,True,3,71,41.825849970337
cpu,JNU,model_only,K1,True,3,72,42.58250794373453
cpu,JNU,model_only,K1,True,3,73,42.06296999473125
cpu,JNU,model_only,K1,True,3,74,41.9107640045695
cpu,JNU,model_only,K1,True,3,75,41.80955101037398
cpu,JNU,model_only,K1,True,3,76,41.76176700275391
cpu,JNU,model_only,K1,True,3,77,41.88863199669868
cpu,JNU,model_only,K1,True,3,78,42.147093976382166
cpu,JNU,model_only,K1,True,3,79,42.71193197928369
cpu,JNU,model_only,K1,True,3,80,41.95389698725194
cpu,JNU,model_only,K1,True,3,81,42.61098400456831
cpu,JNU,model_only,K1,True,3,82,41.8002080405131
cpu,JNU,model_only,K1,True,3,83,41.93329700501636
cpu,JNU,model_only,K1,True,3,84,41.83815297437832
cpu,JNU,model_only,K1,True,3,85,41.890171996783465
cpu,JNU,model_only,K1,True,3,86,41.92698304541409
cpu,JNU,model_only,K1,True,3,87,41.880673030391335
cpu,JNU,model_only,K1,True,3,88,41.941229021176696
cpu,JNU,model_only,K1,True,3,89,42.15727304108441
cpu,JNU,model_only,K1,True,3,90,42.62107302201912
cpu,JNU,model_only,K1,True,3,91,41.887670988216996
cpu,JNU,model_only,K1,True,3,92,41.92336602136493
cpu,JNU,model_only,K1,True,3,93,42.81100298976526
cpu,JNU,model_only,K1,True,3,94,41.97115602437407
cpu,JNU,model_only,K1,True,3,95,41.8271980015561
cpu,JNU,model_only,K1,True,3,96,42.48194402316585
cpu,JNU,model_only,K1,True,3,97,42.67662699567154
cpu,JNU,model_only,K1,True,3,98,41.803154977969825
cpu,JNU,model_only,K1,True,3,99,41.86450404813513
cpu,JNU,model_only,K1,True,3,100,41.77346499636769
cpu,JNU,model_only,K1,True,3,101,41.81587998755276
cpu,JNU,model_only,K1,True,3,102,41.89707100158557
cpu,JNU,model_only,K1,True,3,103,41.90011904574931
cpu,JNU,model_only,K1,True,3,104,41.88440798316151
cpu,JNU,model_only,K1,True,3,105,41.85048502404243
cpu,JNU,model_only,K1,True,3,106,41.81391396559775
cpu,JNU,model_only,K1,True,3,107,41.87499202089384
cpu,JNU,model_only,K1,True,3,108,42.58979298174381
cpu,JNU,model_only,K1,True,3,109,41.80241300491616
cpu,JNU,model_only,K1,True,3,110,41.77472600713372
cpu,JNU,model_only,K1,True,3,111,41.791672992985696
cpu,JNU,model_only,K1,True,3,112,41.816757002379745
cpu,JNU,model_only,K1,True,3,113,42.175780050456524
cpu,JNU,model_only,K1,True,3,114,41.88640200300142
cpu,JNU,model_only,K1,True,3,115,41.888367966748774
cpu,JNU,model_only,K1,True,3,116,42.61866596061736
cpu,JNU,model_only,K1,True,3,117,41.899260017089546
cpu,JNU,model_only,K1,True,3,118,41.79742297856137
cpu,JNU,model_only,K1,True,3,119,41.946552984882146
cpu,JNU,model_only,K1,True,3,120,43.78531198017299
cpu,JNU,model_only,K1,True,3,121,41.85640602372587
cpu,JNU,model_only,K1,True,3,122,42.57746500661597
cpu,JNU,model_only,K1,True,3,123,41.8304720078595
cpu,JNU,model_only,K1,True,3,124,41.84754396555945
cpu,JNU,model_only,K1,True,3,125,42.21899900585413
cpu,JNU,model_only,K1,True,3,126,42.20969299785793
cpu,JNU,model_only,K1,True,3,127,41.88158304896206
cpu,JNU,model_only,K1,True,3,128,41.8364439974539
cpu,JNU,model_only,K1,True,3,129,41.97010595817119
cpu,JNU,model_only,K1,True,3,130,41.781580017413944
cpu,JNU,model_only,K1,True,3,131,41.916050016880035
cpu,JNU,model_only,K1,True,3,132,41.87355499016121
cpu,JNU,model_only,K1,True,3,133,41.78694501752034
cpu,JNU,model_only,K1,True,3,134,42.219633993227035
cpu,JNU,model_only,K1,True,3,135,41.85316403163597
cpu,JNU,model_only,K1,True,3,136,41.92010697443038
cpu,JNU,model_only,K1,True,3,137,42.4115129862912
cpu,JNU,model_only,K1,True,3,138,41.84312600409612
cpu,JNU,model_only,K1,True,3,139,41.75760300131515
cpu,JNU,model_only,K1,True,3,140,41.85878502903506
cpu,JNU,model_only,K1,True,3,141,43.00762095954269
cpu,JNU,model_only,K1,True,3,142,42.51186101464555
cpu,JNU,model_only,K1,True,3,143,43.416893982794136
cpu,JNU,model_only,K1,True,3,144,42.08281700266525
cpu,JNU,model_only,K1,True,3,145,41.96934902574867
cpu,JNU,model_only,K1,True,3,146,42.636054975446314
cpu,JNU,model_only,K1,True,3,147,41.85013298410922
cpu,JNU,model_only,K1,True,3,148,41.81830998277292
cpu,JNU,model_only,K1,True,3,149,42.00749099254608
cpu,JNU,model_only,K1,True,3,150,41.87483701389283
cpu,JNU,model_only,K1,True,3,151,41.89908294938505
cpu,JNU,model_only,K1,True,3,152,41.914274042937905
cpu,JNU,model_only,K1,True,3,153,41.96097794920206
cpu,JNU,model_only,K1,True,3,154,41.998120956122875
cpu,JNU,model_only,K1,True,3,155,41.92748002242297
cpu,JNU,model_only,K1,True,3,156,41.78415302885696
cpu,JNU,model_only,K1,True,3,157,41.78458801470697
cpu,JNU,model_only,K1,True,3,158,43.130105012096465
cpu,JNU,model_only,K1,True,3,159,42.93882299680263
cpu,JNU,model_only,K1,True,3,160,41.99088201858103
cpu,JNU,model_only,K1,True,3,161,43.26063999906182
cpu,JNU,model_only,K1,True,3,162,41.847331973258406
cpu,JNU,model_only,K1,True,3,163,41.930301988031715
cpu,JNU,model_only,K1,True,3,164,42.720151017419994
cpu,JNU,model_only,K1,True,3,165,41.9206129736267
cpu,JNU,model_only,K1,True,3,166,41.80013795848936
cpu,JNU,model_only,K1,True,3,167,42.52496198751032
cpu,JNU,model_only,K1,True,3,168,41.94176703458652
cpu,JNU,model_only,K1,True,3,169,41.80276900297031
cpu,JNU,model_only,K1,True,3,170,42.624522000551224
cpu,JNU,model_only,K1,True,3,171,42.39600896835327
cpu,JNU,model_only,K1,True,3,172,42.68158401828259
cpu,JNU,model_only,K1,True,3,173,41.83870798442513
cpu,JNU,model_only,K1,True,3,174,41.765975998714566
cpu,JNU,model_only,K1,True,3,175,41.98089300189167
cpu,JNU,model_only,K1,True,3,176,41.81986802723259
cpu,JNU,model_only,K1,True,3,177,41.8737159925513
cpu,JNU,model_only,K1,True,3,178,41.95860703475773
cpu,JNU,model_only,K1,True,3,179,42.53445804351941
cpu,JNU,model_only,K1,True,3,180,41.82572598801926
cpu,JNU,model_only,K1,True,3,181,41.80616099620238
cpu,JNU,model_only,K1,True,3,182,41.756279999390244
cpu,JNU,model_only,K1,True,3,183,42.044861998874694
cpu,JNU,model_only,K1,True,3,184,42.59883600752801
cpu,JNU,model_only,K1,True,3,185,41.959780966863036
cpu,JNU,model_only,K1,True,3,186,41.92179103847593
cpu,JNU,model_only,K1,True,3,187,42.643649969249964
cpu,JNU,model_only,K1,True,3,188,41.98878299212083
cpu,JNU,model_only,K1,True,3,189,42.63342299964279
cpu,JNU,model_only,K1,True,3,190,41.76168097183108
cpu,JNU,model_only,K1,True,3,191,43.515636993106455
cpu,JNU,model_only,K1,True,3,192,42.78117197100073
cpu,JNU,model_only,K1,True,3,193,41.82357701938599
cpu,JNU,model_only,K1,True,3,194,41.78367694839835
cpu,JNU,model_only,K1,True,3,195,41.81922000134364
cpu,JNU,model_only,K1,True,3,196,41.89720703288913
cpu,JNU,model_only,K1,True,3,197,41.88618896296248
cpu,JNU,model_only,K1,True,3,198,42.62964800000191
cpu,JNU,model_only,K1,True,3,199,41.95778595749289
cpu,JNU,model_only,K1,True,3,200,41.77242098376155
cpu,JNU,model_only,K1,True,3,201,41.85256699565798
cpu,JNU,model_only,K1,True,3,202,41.79034102708101
cpu,JNU,model_only,K1,True,3,203,41.964769014157355
cpu,JNU,model_only,K1,True,3,204,41.857275005895644
cpu,JNU,model_only,K1,True,3,205,41.81610402883962
cpu,JNU,model_only,K1,True,3,206,41.76169098354876
cpu,JNU,model_only,K1,True,3,207,41.901541990228
cpu,JNU,model_only,K1,True,3,208,42.22345998277888
cpu,JNU,model_only,K1,True,3,209,41.80149995954707
cpu,JNU,model_only,K1,True,3,210,41.83775797719136
cpu,JNU,model_only,K1,True,3,211,41.79056303109974
cpu,JNU,model_only,K1,True,3,212,42.09122899919748
cpu,JNU,model_only,K1,True,3,213,42.20722697209567
cpu,JNU,model_only,K1,True,3,214,41.77588998572901
cpu,JNU,model_only,K1,True,3,215,42.53966599935666
cpu,JNU,model_only,K1,True,3,216,41.97960998862982
cpu,JNU,model_only,K1,True,3,217,41.81851900648326
cpu,JNU,model_only,K1,True,3,218,41.81420197710395
cpu,JNU,model_only,K1,True,3,219,41.87879397068173
cpu,JNU,model_only,K1,True,3,220,41.90415301127359
cpu,JNU,model_only,K1,True,3,221,42.572919046506286
cpu,JNU,model_only,K1,True,3,222,41.86976799974218
cpu,JNU,model_only,K1,True,3,223,41.79795098025352
cpu,JNU,model_only,K1,True,3,224,41.98785900371149
cpu,JNU,model_only,K1,True,3,225,43.954093009233475
cpu,JNU,model_only,K1,True,3,226,43.90547698130831
cpu,JNU,model_only,K1,True,3,227,41.88247601268813
cpu,JNU,model_only,K1,True,3,228,41.76637204363942
cpu,JNU,model_only,K1,True,3,229,41.71528300503269
cpu,JNU,model_only,K1,True,3,230,41.89331398811191
cpu,JNU,model_only,K1,True,3,231,42.3053540289402
cpu,JNU,model_only,K1,True,3,232,42.96902602072805
cpu,JNU,model_only,K1,True,3,233,41.89535498153418
cpu,JNU,model_only,K1,True,3,234,41.797898011282086
cpu,JNU,model_only,K1,True,3,235,41.82348900940269
cpu,JNU,model_only,K1,True,3,236,41.986790020018816
cpu,JNU,model_only,K1,True,3,237,42.063101020175964
cpu,JNU,model_only,K1,True,3,238,43.127237004227936
cpu,JNU,model_only,K1,True,3,239,42.00727998977527
cpu,JNU,model_only,K1,True,3,240,42.00423596194014
cpu,JNU,model_only,K1,True,3,241,43.00547199090943
cpu,JNU,model_only,K1,True,3,242,41.90614103572443
cpu,JNU,model_only,K1,True,3,243,41.98838397860527
cpu,JNU,model_only,K1,True,3,244,41.84363497188315
cpu,JNU,model_only,K1,True,3,245,42.84333798568696
cpu,JNU,model_only,K1,True,3,246,41.8757870211266
cpu,JNU,model_only,K1,True,3,247,41.93859099177644
cpu,JNU,model_only,K1,True,3,248,42.119689052924514
cpu,JNU,model_only,K1,True,3,249,41.85414704261348
cpu,JNU,model_only,Full-S1,True,3,0,81.58311399165541
cpu,JNU,model_only,Full-S1,True,3,1,82.2708880295977
cpu,JNU,model_only,Full-S1,True,3,2,82.42600795347244
cpu,JNU,model_only,Full-S1,True,3,3,83.39320594677702
cpu,JNU,model_only,Full-S1,True,3,4,82.26883300812915
cpu,JNU,model_only,Full-S1,True,3,5,82.38072897074744
cpu,JNU,model_only,Full-S1,True,3,6,83.02691101562232
cpu,JNU,model_only,Full-S1,True,3,7,82.27566699497402
cpu,JNU,model_only,Full-S1,True,3,8,82.27950899163261
cpu,JNU,model_only,Full-S1,True,3,9,82.21007901011035
cpu,JNU,model_only,Full-S1,True,3,10,80.90477401856333
cpu,JNU,model_only,Full-S1,True,3,11,82.39284297451377
cpu,JNU,model_only,Full-S1,True,3,12,80.54806297877803
cpu,JNU,model_only,Full-S1,True,3,13,82.2063090163283
cpu,JNU,model_only,Full-S1,True,3,14,82.55584299331531
cpu,JNU,model_only,Full-S1,True,3,15,82.7738789957948
cpu,JNU,model_only,Full-S1,True,3,16,82.18309603398666
cpu,JNU,model_only,Full-S1,True,3,17,82.51547801773995
cpu,JNU,model_only,Full-S1,True,3,18,83.10623001307249
cpu,JNU,model_only,Full-S1,True,3,19,82.32789399335161
cpu,JNU,model_only,Full-S1,True,3,20,82.21280900761485
cpu,JNU,model_only,Full-S1,True,3,21,82.25606405176222
cpu,JNU,model_only,Full-S1,True,3,22,82.29598100297153
cpu,JNU,model_only,Full-S1,True,3,23,82.22794200992212
cpu,JNU,model_only,Full-S1,True,3,24,80.53667098283768
cpu,JNU,model_only,Full-S1,True,3,25,82.27463299408555
cpu,JNU,model_only,Full-S1,True,3,26,82.24060502834618
cpu,JNU,model_only,Full-S1,True,3,27,82.41683896631002
cpu,JNU,model_only,Full-S1,True,3,28,82.22398103680462
cpu,JNU,model_only,Full-S1,True,3,29,82.2288109920919
cpu,JNU,model_only,Full-S1,True,3,30,82.71149697247893
cpu,JNU,model_only,Full-S1,True,3,31,82.36918301554397
cpu,JNU,model_only,Full-S1,True,3,32,82.16868998715654
cpu,JNU,model_only,Full-S1,True,3,33,82.27523101959378
cpu,JNU,model_only,Full-S1,True,3,34,82.44686503894627
cpu,JNU,model_only,Full-S1,True,3,35,82.22481299890205
cpu,JNU,model_only,Full-S1,True,3,36,80.55455301655456
cpu,JNU,model_only,Full-S1,True,3,37,82.23560999613255
cpu,JNU,model_only,Full-S1,True,3,38,82.22500002011657
cpu,JNU,model_only,Full-S1,True,3,39,82.3721350170672
cpu,JNU,model_only,Full-S1,True,3,40,82.2902069776319
cpu,JNU,model_only,Full-S1,True,3,41,80.75493999058381
cpu,JNU,model_only,Full-S1,True,3,42,83.70084001217037
cpu,JNU,model_only,Full-S1,True,3,43,82.38484401954338
cpu,JNU,model_only,Full-S1,True,3,44,82.25058601237833
cpu,JNU,model_only,Full-S1,True,3,45,82.28141302242875
cpu,JNU,model_only,Full-S1,True,3,46,80.49219503300264
cpu,JNU,model_only,Full-S1,True,3,47,82.28997298283502
cpu,JNU,model_only,Full-S1,True,3,48,80.46262402785942
cpu,JNU,model_only,Full-S1,True,3,49,82.2568130097352
cpu,JNU,model_only,Full-S1,True,3,50,82.20748603343964
cpu,JNU,model_only,Full-S1,True,3,51,82.18942902749404
cpu,JNU,model_only,Full-S1,True,3,52,82.88032800192013
cpu,JNU,model_only,Full-S1,True,3,53,82.4256960186176
cpu,JNU,model_only,Full-S1,True,3,54,82.16594503028318
cpu,JNU,model_only,Full-S1,True,3,55,83.13660300336778
cpu,JNU,model_only,Full-S1,True,3,56,82.55709399236366
cpu,JNU,model_only,Full-S1,True,3,57,80.5263840011321
cpu,JNU,model_only,Full-S1,True,3,58,82.53275300376117
cpu,JNU,model_only,Full-S1,True,3,59,82.35784701537341
cpu,JNU,model_only,Full-S1,True,3,60,82.23271695896983
cpu,JNU,model_only,Full-S1,True,3,61,82.25100603885949
cpu,JNU,model_only,Full-S1,True,3,62,82.21512101590633
cpu,JNU,model_only,Full-S1,True,3,63,82.122371008154
cpu,JNU,model_only,Full-S1,True,3,64,82.43101602420211
cpu,JNU,model_only,Full-S1,True,3,65,80.42914199177176
cpu,JNU,model_only,Full-S1,True,3,66,82.17082597548142
cpu,JNU,model_only,Full-S1,True,3,67,83.28891498968005
cpu,JNU,model_only,Full-S1,True,3,68,82.61958602815866
cpu,JNU,model_only,Full-S1,True,3,69,82.2314650285989
cpu,JNU,model_only,Full-S1,True,3,70,82.71368901478127
cpu,JNU,model_only,Full-S1,True,3,71,82.72524602944031
cpu,JNU,model_only,Full-S1,True,3,72,82.34329998958856
cpu,JNU,model_only,Full-S1,True,3,73,82.48628699220717
cpu,JNU,model_only,Full-S1,True,3,74,82.39959098864347
cpu,JNU,model_only,Full-S1,True,3,75,82.19108899356797
cpu,JNU,model_only,Full-S1,True,3,76,82.95132999774069
cpu,JNU,model_only,Full-S1,True,3,77,82.59919303236529
cpu,JNU,model_only,Full-S1,True,3,78,82.39555399632081
cpu,JNU,model_only,Full-S1,True,3,79,83.14211200922728
cpu,JNU,model_only,Full-S1,True,3,80,82.33721100259572
cpu,JNU,model_only,Full-S1,True,3,81,82.13811198947951
cpu,JNU,model_only,Full-S1,True,3,82,82.21994602354243
cpu,JNU,model_only,Full-S1,True,3,83,82.29366003070027
cpu,JNU,model_only,Full-S1,True,3,84,83.79403100116178
cpu,JNU,model_only,Full-S1,True,3,85,82.16648997040465
cpu,JNU,model_only,Full-S1,True,3,86,82.24638499086723
cpu,JNU,model_only,Full-S1,True,3,87,82.40731997648254
cpu,JNU,model_only,Full-S1,True,3,88,82.79094798490405
cpu,JNU,model_only,Full-S1,True,3,89,82.2939759818837
cpu,JNU,model_only,Full-S1,True,3,90,82.44197396561503
cpu,JNU,model_only,Full-S1,True,3,91,84.75731505313888
cpu,JNU,model_only,Full-S1,True,3,92,82.27275003446266
cpu,JNU,model_only,Full-S1,True,3,93,82.1850819629617
cpu,JNU,model_only,Full-S1,True,3,94,82.28798501659185
cpu,JNU,model_only,Full-S1,True,3,95,82.3637829744257
cpu,JNU,model_only,Full-S1,True,3,96,82.2556609637104
cpu,JNU,model_only,Full-S1,True,3,97,82.27593201445416
cpu,JNU,model_only,Full-S1,True,3,98,82.6514579821378
cpu,JNU,model_only,Full-S1,True,3,99,82.33493601437658
cpu,JNU,model_only,Full-S1,True,3,100,82.9089890467003
cpu,JNU,model_only,Full-S1,True,3,101,82.2374050039798
cpu,JNU,model_only,Full-S1,True,3,102,82.76260102866217
cpu,JNU,model_only,Full-S1,True,3,103,82.70975999766961
cpu,JNU,model_only,Full-S1,True,3,104,82.3591549997218
cpu,JNU,model_only,Full-S1,True,3,105,82.30505196843296
cpu,JNU,model_only,Full-S1,True,3,106,82.23338797688484
cpu,JNU,model_only,Full-S1,True,3,107,82.3198800208047
cpu,JNU,model_only,Full-S1,True,3,108,82.27837801678106
cpu,JNU,model_only,Full-S1,True,3,109,82.32248103013262
cpu,JNU,model_only,Full-S1,True,3,110,82.17354700900614
cpu,JNU,model_only,Full-S1,True,3,111,82.2387199732475
cpu,JNU,model_only,Full-S1,True,3,112,82.2451040148735
cpu,JNU,model_only,Full-S1,True,3,113,80.8471770142205
cpu,JNU,model_only,Full-S1,True,3,114,82.28465897263959
cpu,JNU,model_only,Full-S1,True,3,115,83.10498396167532
cpu,JNU,model_only,Full-S1,True,3,116,85.83875396288931
cpu,JNU,model_only,Full-S1,True,3,117,82.64538901858032
cpu,JNU,model_only,Full-S1,True,3,118,82.50494295498356
cpu,JNU,model_only,Full-S1,True,3,119,82.67580001847818
cpu,JNU,model_only,Full-S1,True,3,120,82.57748396135867
cpu,JNU,model_only,Full-S1,True,3,121,82.40647299680859
cpu,JNU,model_only,Full-S1,True,3,122,82.12988695595413
cpu,JNU,model_only,Full-S1,True,3,123,82.46611099457368
cpu,JNU,model_only,Full-S1,True,3,124,82.21240795683116
cpu,JNU,model_only,Full-S1,True,3,125,82.93203898938373
cpu,JNU,model_only,Full-S1,True,3,126,82.3828149586916
cpu,JNU,model_only,Full-S1,True,3,127,83.47013901220635
cpu,JNU,model_only,Full-S1,True,3,128,82.41772203473374
cpu,JNU,model_only,Full-S1,True,3,129,82.2937439661473
cpu,JNU,model_only,Full-S1,True,3,130,82.46116602094844
cpu,JNU,model_only,Full-S1,True,3,131,82.41410501068458
cpu,JNU,model_only,Full-S1,True,3,132,82.27556000929326
cpu,JNU,model_only,Full-S1,True,3,133,82.39306195173413
cpu,JNU,model_only,Full-S1,True,3,134,80.48291999148205
cpu,JNU,model_only,Full-S1,True,3,135,82.52055000048131
cpu,JNU,model_only,Full-S1,True,3,136,82.44238904444501
cpu,JNU,model_only,Full-S1,True,3,137,82.55432097939774
cpu,JNU,model_only,Full-S1,True,3,138,82.48554903548211
cpu,JNU,model_only,Full-S1,True,3,139,83.10184598667547
cpu,JNU,model_only,Full-S1,True,3,140,82.96074101235718
cpu,JNU,model_only,Full-S1,True,3,141,80.49287198809907
cpu,JNU,model_only,Full-S1,True,3,142,82.29122799821198
cpu,JNU,model_only,Full-S1,True,3,143,82.3633840191178
cpu,JNU,model_only,Full-S1,True,3,144,82.26282900432125
cpu,JNU,model_only,Full-S1,True,3,145,82.37616799306124
cpu,JNU,model_only,Full-S1,True,3,146,82.2382890037261
cpu,JNU,model_only,Full-S1,True,3,147,82.37379300408065
cpu,JNU,model_only,Full-S1,True,3,148,82.37742900382727
cpu,JNU,model_only,Full-S1,True,3,149,82.76418200694025
cpu,JNU,model_only,Full-S1,True,3,150,82.2409269749187
cpu,JNU,model_only,Full-S1,True,3,151,82.3659939924255
cpu,JNU,model_only,Full-S1,True,3,152,82.99807802541181
cpu,JNU,model_only,Full-S1,True,3,153,82.26532797561958
cpu,JNU,model_only,Full-S1,True,3,154,82.25103397853673
cpu,JNU,model_only,Full-S1,True,3,155,80.48022002913058
cpu,JNU,model_only,Full-S1,True,3,156,82.33579294756055
cpu,JNU,model_only,Full-S1,True,3,157,82.27260800777003
cpu,JNU,model_only,Full-S1,True,3,158,82.2805889765732
cpu,JNU,model_only,Full-S1,True,3,159,82.24687102483585
cpu,JNU,model_only,Full-S1,True,3,160,82.44823000859469
cpu,JNU,model_only,Full-S1,True,3,161,82.94808998471126
cpu,JNU,model_only,Full-S1,True,3,162,82.21680799033493
cpu,JNU,model_only,Full-S1,True,3,163,84.21911101322621
cpu,JNU,model_only,Full-S1,True,3,164,83.41950399335474
cpu,JNU,model_only,Full-S1,True,3,165,82.30655698571354
cpu,JNU,model_only,Full-S1,True,3,166,82.32460299041122
cpu,JNU,model_only,Full-S1,True,3,167,82.24131696624681
cpu,JNU,model_only,Full-S1,True,3,168,82.3923769639805
cpu,JNU,model_only,Full-S1,True,3,169,82.37098500831053
cpu,JNU,model_only,Full-S1,True,3,170,82.162732956931
cpu,JNU,model_only,Full-S1,True,3,171,82.33780600130558
cpu,JNU,model_only,Full-S1,True,3,172,82.34697999432683
cpu,JNU,model_only,Full-S1,True,3,173,83.88889202615246
cpu,JNU,model_only,Full-S1,True,3,174,82.30570401065052
cpu,JNU,model_only,Full-S1,True,3,175,82.47839898103848
cpu,JNU,model_only,Full-S1,True,3,176,83.06381298461929
cpu,JNU,model_only,Full-S1,True,3,177,82.60926400544122
cpu,JNU,model_only,Full-S1,True,3,178,82.3007250437513
cpu,JNU,model_only,Full-S1,True,3,179,82.65635999850929
cpu,JNU,model_only,Full-S1,True,3,180,80.67630900768563
cpu,JNU,model_only,Full-S1,True,3,181,82.30314799584448
cpu,JNU,model_only,Full-S1,True,3,182,82.15897798072547
cpu,JNU,model_only,Full-S1,True,3,183,82.18859200133011
cpu,JNU,model_only,Full-S1,True,3,184,82.22718600882217
cpu,JNU,model_only,Full-S1,True,3,185,82.1600150084123
cpu,JNU,model_only,Full-S1,True,3,186,82.4807119788602
cpu,JNU,model_only,Full-S1,True,3,187,82.48670800821856
cpu,JNU,model_only,Full-S1,True,3,188,83.54463696014136
cpu,JNU,model_only,Full-S1,True,3,189,82.40032399771735
cpu,JNU,model_only,Full-S1,True,3,190,82.3016709764488
cpu,JNU,model_only,Full-S1,True,3,191,82.22716499585658
cpu,JNU,model_only,Full-S1,True,3,192,82.34926004661247
cpu,JNU,model_only,Full-S1,True,3,193,82.2226669988595
cpu,JNU,model_only,Full-S1,True,3,194,82.28317694738507
cpu,JNU,model_only,Full-S1,True,3,195,82.19993498641998
cpu,JNU,model_only,Full-S1,True,3,196,81.44291100325063
cpu,JNU,model_only,Full-S1,True,3,197,82.34672900289297
cpu,JNU,model_only,Full-S1,True,3,198,82.87248195847496
cpu,JNU,model_only,Full-S1,True,3,199,82.28461403632537
cpu,JNU,model_only,Full-S1,True,3,200,82.62993500102311
cpu,JNU,model_only,Full-S1,True,3,201,80.51014499505982
cpu,JNU,model_only,Full-S1,True,3,202,82.28735195007175
cpu,JNU,model_only,Full-S1,True,3,203,82.21599500393495
cpu,JNU,model_only,Full-S1,True,3,204,82.30477100005373
cpu,JNU,model_only,Full-S1,True,3,205,82.24898198386654
cpu,JNU,model_only,Full-S1,True,3,206,82.19888794701546
cpu,JNU,model_only,Full-S1,True,3,207,82.30894501321018
cpu,JNU,model_only,Full-S1,True,3,208,81.7467900342308
cpu,JNU,model_only,Full-S1,True,3,209,82.2703919839114
cpu,JNU,model_only,Full-S1,True,3,210,82.6130699715577
cpu,JNU,model_only,Full-S1,True,3,211,82.16014003846794
cpu,JNU,model_only,Full-S1,True,3,212,83.01923499675468
cpu,JNU,model_only,Full-S1,True,3,213,80.56768402457237
cpu,JNU,model_only,Full-S1,True,3,214,82.23641500808299
cpu,JNU,model_only,Full-S1,True,3,215,82.26072997786105
cpu,JNU,model_only,Full-S1,True,3,216,82.19921600539237
cpu,JNU,model_only,Full-S1,True,3,217,82.39851397229359
cpu,JNU,model_only,Full-S1,True,3,218,82.24632497876883
cpu,JNU,model_only,Full-S1,True,3,219,82.1815250092186
cpu,JNU,model_only,Full-S1,True,3,220,82.2226459858939
cpu,JNU,model_only,Full-S1,True,3,221,82.14887999929488
cpu,JNU,model_only,Full-S1,True,3,222,82.43104600114748
cpu,JNU,model_only,Full-S1,True,3,223,82.25886296713725
cpu,JNU,model_only,Full-S1,True,3,224,82.8547720448114
cpu,JNU,model_only,Full-S1,True,3,225,83.05597497383133
cpu,JNU,model_only,Full-S1,True,3,226,82.23837002879009
cpu,JNU,model_only,Full-S1,True,3,227,82.21243100706488
cpu,JNU,model_only,Full-S1,True,3,228,82.45437202276662
cpu,JNU,model_only,Full-S1,True,3,229,82.2429740219377
cpu,JNU,model_only,Full-S1,True,3,230,84.70742701319978
cpu,JNU,model_only,Full-S1,True,3,231,82.37864199327305
cpu,JNU,model_only,Full-S1,True,3,232,80.4153429926373
cpu,JNU,model_only,Full-S1,True,3,233,82.1780749829486
cpu,JNU,model_only,Full-S1,True,3,234,82.81668199924752
cpu,JNU,model_only,Full-S1,True,3,235,82.37388904672116
cpu,JNU,model_only,Full-S1,True,3,236,82.37535203807056
cpu,JNU,model_only,Full-S1,True,3,237,83.70808098698035
cpu,JNU,model_only,Full-S1,True,3,238,83.68733403040096
cpu,JNU,model_only,Full-S1,True,3,239,82.47960696462542
cpu,JNU,model_only,Full-S1,True,3,240,82.90367701556534
cpu,JNU,model_only,Full-S1,True,3,241,82.52147404709831
cpu,JNU,model_only,Full-S1,True,3,242,80.5738500203006
cpu,JNU,model_only,Full-S1,True,3,243,82.25509902695194
cpu,JNU,model_only,Full-S1,True,3,244,82.18279498396441
cpu,JNU,model_only,Full-S1,True,3,245,82.18587900046259
cpu,JNU,model_only,Full-S1,True,3,246,82.36320299329236
cpu,JNU,model_only,Full-S1,True,3,247,82.73104799445719
cpu,JNU,model_only,Full-S1,True,3,248,82.3305020458065
cpu,JNU,model_only,Full-S1,True,3,249,83.40146898990497
cpu,JNU,end_to_end,Full-S1,True,0,0,81.14642498549074
cpu,JNU,end_to_end,Full-S1,True,0,1,81.98926399927586
cpu,JNU,end_to_end,Full-S1,True,0,2,81.32135501364246
cpu,JNU,end_to_end,Full-S1,True,0,3,80.9532409766689
cpu,JNU,end_to_end,Full-S1,True,0,4,80.78480296535417
cpu,JNU,end_to_end,Full-S1,True,0,5,80.81237901933491
cpu,JNU,end_to_end,Full-S1,True,0,6,83.87460501398891
cpu,JNU,end_to_end,Full-S1,True,0,7,81.01629599696025
cpu,JNU,end_to_end,Full-S1,True,0,8,81.11300703603774
cpu,JNU,end_to_end,Full-S1,True,0,9,80.62371698906645
cpu,JNU,end_to_end,Full-S1,True,0,10,80.60222398489714
cpu,JNU,end_to_end,Full-S1,True,0,11,80.73912304826081
cpu,JNU,end_to_end,Full-S1,True,0,12,80.79338097013533
cpu,JNU,end_to_end,Full-S1,True,0,13,80.73465200141072
cpu,JNU,end_to_end,Full-S1,True,0,14,81.31786703597754
cpu,JNU,end_to_end,Full-S1,True,0,15,81.81094599422067
cpu,JNU,end_to_end,Full-S1,True,0,16,80.87091700872406
cpu,JNU,end_to_end,Full-S1,True,0,17,81.02587301982567
cpu,JNU,end_to_end,Full-S1,True,0,18,80.79733501654118
cpu,JNU,end_to_end,Full-S1,True,0,19,80.70438500726596
cpu,JNU,end_to_end,Full-S1,True,0,20,80.62114397762343
cpu,JNU,end_to_end,Full-S1,True,0,21,80.91633900767192
cpu,JNU,end_to_end,Full-S1,True,0,22,80.58130496647209
cpu,JNU,end_to_end,Full-S1,True,0,23,80.57329000439495
cpu,JNU,end_to_end,Full-S1,True,0,24,80.59974800562486
cpu,JNU,end_to_end,Full-S1,True,0,25,81.13075804430991
cpu,JNU,end_to_end,Full-S1,True,0,26,81.19029400404543
cpu,JNU,end_to_end,Full-S1,True,0,27,81.07092697173357
cpu,JNU,end_to_end,Full-S1,True,0,28,80.63538803253323
cpu,JNU,end_to_end,Full-S1,True,0,29,80.6095220032148
cpu,JNU,end_to_end,Full-S1,True,0,30,80.51366300787777
cpu,JNU,end_to_end,Full-S1,True,0,31,80.69571299711242
cpu,JNU,end_to_end,Full-S1,True,0,32,80.67130501149222
cpu,JNU,end_to_end,Full-S1,True,0,33,80.56689100340009
cpu,JNU,end_to_end,Full-S1,True,0,34,81.12601301399991
cpu,JNU,end_to_end,Full-S1,True,0,35,80.62840002821758
cpu,JNU,end_to_end,Full-S1,True,0,36,80.6672359467484
cpu,JNU,end_to_end,Full-S1,True,0,37,81.08597702812403
cpu,JNU,end_to_end,Full-S1,True,0,38,80.61090402770787
cpu,JNU,end_to_end,Full-S1,True,0,39,81.51175396051258
cpu,JNU,end_to_end,Full-S1,True,0,40,80.61100199120119
cpu,JNU,end_to_end,Full-S1,True,0,41,80.59281599707901
cpu,JNU,end_to_end,Full-S1,True,0,42,80.6617199559696
cpu,JNU,end_to_end,Full-S1,True,0,43,80.67822305019945
cpu,JNU,end_to_end,Full-S1,True,0,44,80.58872597757727
cpu,JNU,end_to_end,Full-S1,True,0,45,80.54459001868963
cpu,JNU,end_to_end,Full-S1,True,0,46,80.6718340027146
cpu,JNU,end_to_end,Full-S1,True,0,47,80.55631601018831
cpu,JNU,end_to_end,Full-S1,True,0,48,81.53518900508061
cpu,JNU,end_to_end,Full-S1,True,0,49,80.58775297831744
cpu,JNU,end_to_end,Full-S1,True,0,50,80.95857599982992
cpu,JNU,end_to_end,Full-S1,True,0,51,81.13247202709317
cpu,JNU,end_to_end,Full-S1,True,0,52,80.68154298234731
cpu,JNU,end_to_end,Full-S1,True,0,53,80.63155197305605
cpu,JNU,end_to_end,Full-S1,True,0,54,80.72259195614606
cpu,JNU,end_to_end,Full-S1,True,0,55,80.67156898323447
cpu,JNU,end_to_end,Full-S1,True,0,56,80.71213000221178
cpu,JNU,end_to_end,Full-S1,True,0,57,80.6471059913747
cpu,JNU,end_to_end,Full-S1,True,0,58,80.59746405342594
cpu,JNU,end_to_end,Full-S1,True,0,59,80.77804697677493
cpu,JNU,end_to_end,Full-S1,True,0,60,80.6984209921211
cpu,JNU,end_to_end,Full-S1,True,0,61,80.53256099810824
cpu,JNU,end_to_end,Full-S1,True,0,62,80.74841200141236
cpu,JNU,end_to_end,Full-S1,True,0,63,82.00729597592726
cpu,JNU,end_to_end,Full-S1,True,0,64,80.96963301068172
cpu,JNU,end_to_end,Full-S1,True,0,65,80.647645983845
cpu,JNU,end_to_end,Full-S1,True,0,66,80.60363994445652
cpu,JNU,end_to_end,Full-S1,True,0,67,80.61221201205626
cpu,JNU,end_to_end,Full-S1,True,0,68,80.61869698576629
cpu,JNU,end_to_end,Full-S1,True,0,69,82.11426099296659
cpu,JNU,end_to_end,Full-S1,True,0,70,80.83771303063259
cpu,JNU,end_to_end,Full-S1,True,0,71,80.90379904024303
cpu,JNU,end_to_end,Full-S1,True,0,72,80.63088200287893
cpu,JNU,end_to_end,Full-S1,True,0,73,80.65675699617714
cpu,JNU,end_to_end,Full-S1,True,0,74,81.14017499610782
cpu,JNU,end_to_end,Full-S1,True,0,75,80.78707399545237
cpu,JNU,end_to_end,Full-S1,True,0,76,81.78622095147148
cpu,JNU,end_to_end,Full-S1,True,0,77,80.86502499645576
cpu,JNU,end_to_end,Full-S1,True,0,78,82.5354490079917
cpu,JNU,end_to_end,Full-S1,True,0,79,81.63683000020683
cpu,JNU,end_to_end,Full-S1,True,0,80,80.74117999058217
cpu,JNU,end_to_end,Full-S1,True,0,81,80.69340197835118
cpu,JNU,end_to_end,Full-S1,True,0,82,80.67819202551618
cpu,JNU,end_to_end,Full-S1,True,0,83,80.61310497578233
cpu,JNU,end_to_end,Full-S1,True,0,84,80.64316300442442
cpu,JNU,end_to_end,Full-S1,True,0,85,80.63631103141233
cpu,JNU,end_to_end,Full-S1,True,0,86,80.54986101342365
cpu,JNU,end_to_end,Full-S1,True,0,87,81.06657501775771
cpu,JNU,end_to_end,Full-S1,True,0,88,81.49414003128186
cpu,JNU,end_to_end,Full-S1,True,0,89,80.58958797482774
cpu,JNU,end_to_end,Full-S1,True,0,90,80.6768030161038
cpu,JNU,end_to_end,Full-S1,True,0,91,80.55968000553548
cpu,JNU,end_to_end,Full-S1,True,0,92,80.54974803235382
cpu,JNU,end_to_end,Full-S1,True,0,93,80.8154619880952
cpu,JNU,end_to_end,Full-S1,True,0,94,80.59959195088595
cpu,JNU,end_to_end,Full-S1,True,0,95,80.52909898106009
cpu,JNU,end_to_end,Full-S1,True,0,96,81.1862200498581
cpu,JNU,end_to_end,Full-S1,True,0,97,80.73200401850045
cpu,JNU,end_to_end,Full-S1,True,0,98,80.51320200320333
cpu,JNU,end_to_end,Full-S1,True,0,99,80.74719802243635
cpu,JNU,end_to_end,Full-S1,True,0,100,80.63278999179602
cpu,JNU,end_to_end,Full-S1,True,0,101,81.44646999426186
cpu,JNU,end_to_end,Full-S1,True,0,102,80.74362500337884
cpu,JNU,end_to_end,Full-S1,True,0,103,80.61194804031402
cpu,JNU,end_to_end,Full-S1,True,0,104,80.64215199556202
cpu,JNU,end_to_end,Full-S1,True,0,105,80.64895501593128
cpu,JNU,end_to_end,Full-S1,True,0,106,80.59855701867491
cpu,JNU,end_to_end,Full-S1,True,0,107,80.47048200387508
cpu,JNU,end_to_end,Full-S1,True,0,108,80.71826002560556
cpu,JNU,end_to_end,Full-S1,True,0,109,81.2363270088099
cpu,JNU,end_to_end,Full-S1,True,0,110,80.59821301139891
cpu,JNU,end_to_end,Full-S1,True,0,111,80.63919603591785
cpu,JNU,end_to_end,Full-S1,True,0,112,80.87276498554274
cpu,JNU,end_to_end,Full-S1,True,0,113,81.42846199916676
cpu,JNU,end_to_end,Full-S1,True,0,114,80.60363202821463
cpu,JNU,end_to_end,Full-S1,True,0,115,80.55547997355461
cpu,JNU,end_to_end,Full-S1,True,0,116,80.63501701690257
cpu,JNU,end_to_end,Full-S1,True,0,117,80.64423099858686
cpu,JNU,end_to_end,Full-S1,True,0,118,80.58239397360012
cpu,JNU,end_to_end,Full-S1,True,0,119,80.74125600978732
cpu,JNU,end_to_end,Full-S1,True,0,120,80.62559302197769
cpu,JNU,end_to_end,Full-S1,True,0,121,80.6481059989892
cpu,JNU,end_to_end,Full-S1,True,0,122,80.6200880324468
cpu,JNU,end_to_end,Full-S1,True,0,123,80.59891202719882
cpu,JNU,end_to_end,Full-S1,True,0,124,80.97348501905799
cpu,JNU,end_to_end,Full-S1,True,0,125,81.51986001757905
cpu,JNU,end_to_end,Full-S1,True,0,126,81.16737502859905
cpu,JNU,end_to_end,Full-S1,True,0,127,80.59125702129677
cpu,JNU,end_to_end,Full-S1,True,0,128,80.63151297392324
cpu,JNU,end_to_end,Full-S1,True,0,129,80.55521600181237
cpu,JNU,end_to_end,Full-S1,True,0,130,81.18765096878633
cpu,JNU,end_to_end,Full-S1,True,0,131,80.67918696906418
cpu,JNU,end_to_end,Full-S1,True,0,132,80.52596700144932
cpu,JNU,end_to_end,Full-S1,True,0,133,80.8115599793382
cpu,JNU,end_to_end,Full-S1,True,0,134,80.55046602385119
cpu,JNU,end_to_end,Full-S1,True,0,135,80.73966798838228
cpu,JNU,end_to_end,Full-S1,True,0,136,80.53394203307107
cpu,JNU,end_to_end,Full-S1,True,0,137,80.9217210044153
cpu,JNU,end_to_end,Full-S1,True,0,138,81.38029102701694
cpu,JNU,end_to_end,Full-S1,True,0,139,81.00495196413249
cpu,JNU,end_to_end,Full-S1,True,0,140,80.57416998781264
cpu,JNU,end_to_end,Full-S1,True,0,141,80.83776204148307
cpu,JNU,end_to_end,Full-S1,True,0,142,80.71079599903896
cpu,JNU,end_to_end,Full-S1,True,0,143,80.66077902913094
cpu,JNU,end_to_end,Full-S1,True,0,144,80.52175800548866
cpu,JNU,end_to_end,Full-S1,True,0,145,81.53481903718784
cpu,JNU,end_to_end,Full-S1,True,0,146,80.60507400659844
cpu,JNU,end_to_end,Full-S1,True,0,147,80.52714401856065
cpu,JNU,end_to_end,Full-S1,True,0,148,80.6906339712441
cpu,JNU,end_to_end,Full-S1,True,0,149,80.89466200908646
cpu,JNU,end_to_end,Full-S1,True,0,150,81.09999302541837
cpu,JNU,end_to_end,Full-S1,True,0,151,80.69989999057725
cpu,JNU,end_to_end,Full-S1,True,0,152,80.59313800185919
cpu,JNU,end_to_end,Full-S1,True,0,153,80.53556195227429
cpu,JNU,end_to_end,Full-S1,True,0,154,80.66178404260427
cpu,JNU,end_to_end,Full-S1,True,0,155,80.67316899541765
cpu,JNU,end_to_end,Full-S1,True,0,156,80.60173800913617
cpu,JNU,end_to_end,Full-S1,True,0,157,80.57799300877377
cpu,JNU,end_to_end,Full-S1,True,0,158,81.3819239847362
cpu,JNU,end_to_end,Full-S1,True,0,159,80.5875210207887
cpu,JNU,end_to_end,Full-S1,True,0,160,80.7094190386124
cpu,JNU,end_to_end,Full-S1,True,0,161,80.68230596836656
cpu,JNU,end_to_end,Full-S1,True,0,162,80.61726501910016
cpu,JNU,end_to_end,Full-S1,True,0,163,81.21348195709288
cpu,JNU,end_to_end,Full-S1,True,0,164,80.55124199017882
cpu,JNU,end_to_end,Full-S1,True,0,165,80.60255402233452
cpu,JNU,end_to_end,Full-S1,True,0,166,80.67641500383615
cpu,JNU,end_to_end,Full-S1,True,0,167,80.53798205219209
cpu,JNU,end_to_end,Full-S1,True,0,168,80.53835900500417
cpu,JNU,end_to_end,Full-S1,True,0,169,80.55856300052255
cpu,JNU,end_to_end,Full-S1,True,0,170,80.55405900813639
cpu,JNU,end_to_end,Full-S1,True,0,171,80.56364901131019
cpu,JNU,end_to_end,Full-S1,True,0,172,80.51627199165523
cpu,JNU,end_to_end,Full-S1,True,0,173,80.64428996294737
cpu,JNU,end_to_end,Full-S1,True,0,174,81.33830700535327
cpu,JNU,end_to_end,Full-S1,True,0,175,81.56963705550879
cpu,JNU,end_to_end,Full-S1,True,0,176,81.85032801702619
cpu,JNU,end_to_end,Full-S1,True,0,177,80.77636198140681
cpu,JNU,end_to_end,Full-S1,True,0,178,80.8771190349944
cpu,JNU,end_to_end,Full-S1,True,0,179,80.6778100086376
cpu,JNU,end_to_end,Full-S1,True,0,180,80.73236100608483
cpu,JNU,end_to_end,Full-S1,True,0,181,80.69217298179865
cpu,JNU,end_to_end,Full-S1,True,0,182,80.68791800178587
cpu,JNU,end_to_end,Full-S1,True,0,183,80.64025896601379
cpu,JNU,end_to_end,Full-S1,True,0,184,80.5558129795827
cpu,JNU,end_to_end,Full-S1,True,0,185,80.61305596493185
cpu,JNU,end_to_end,Full-S1,True,0,186,80.81800898071378
cpu,JNU,end_to_end,Full-S1,True,0,187,82.19107601325959
cpu,JNU,end_to_end,Full-S1,True,0,188,80.69883601274341
cpu,JNU,end_to_end,Full-S1,True,0,189,80.62001399230212
cpu,JNU,end_to_end,Full-S1,True,0,190,80.7187549653463
cpu,JNU,end_to_end,Full-S1,True,0,191,80.52482799394056
cpu,JNU,end_to_end,Full-S1,True,0,192,80.64448495861143
cpu,JNU,end_to_end,Full-S1,True,0,193,80.66729200072587
cpu,JNU,end_to_end,Full-S1,True,0,194,80.53440001094714
cpu,JNU,end_to_end,Full-S1,True,0,195,80.67685697460547
cpu,JNU,end_to_end,Full-S1,True,0,196,80.62551298644394
cpu,JNU,end_to_end,Full-S1,True,0,197,80.68655099486932
cpu,JNU,end_to_end,Full-S1,True,0,198,80.92852402478456
cpu,JNU,end_to_end,Full-S1,True,0,199,80.78275999287143
cpu,JNU,end_to_end,Full-S1,True,0,200,81.48005598923191
cpu,JNU,end_to_end,Full-S1,True,0,201,80.90880897361785
cpu,JNU,end_to_end,Full-S1,True,0,202,80.67416702397168
cpu,JNU,end_to_end,Full-S1,True,0,203,80.75575402472168
cpu,JNU,end_to_end,Full-S1,True,0,204,80.84468299057335
cpu,JNU,end_to_end,Full-S1,True,0,205,81.81191299809143
cpu,JNU,end_to_end,Full-S1,True,0,206,80.62542899278924
cpu,JNU,end_to_end,Full-S1,True,0,207,80.62299201264977
cpu,JNU,end_to_end,Full-S1,True,0,208,80.44723101193085
cpu,JNU,end_to_end,Full-S1,True,0,209,80.62950900057331
cpu,JNU,end_to_end,Full-S1,True,0,210,80.59957198565826
cpu,JNU,end_to_end,Full-S1,True,0,211,81.00755204213783
cpu,JNU,end_to_end,Full-S1,True,0,212,81.59933902788907
cpu,JNU,end_to_end,Full-S1,True,0,213,87.07535499706864
cpu,JNU,end_to_end,Full-S1,True,0,214,80.76310600154102
cpu,JNU,end_to_end,Full-S1,True,0,215,80.76290198368952
cpu,JNU,end_to_end,Full-S1,True,0,216,80.68729500519112
cpu,JNU,end_to_end,Full-S1,True,0,217,80.63201501499861
cpu,JNU,end_to_end,Full-S1,True,0,218,80.57432499481365
cpu,JNU,end_to_end,Full-S1,True,0,219,80.66664001671597
cpu,JNU,end_to_end,Full-S1,True,0,220,81.10517397290096
cpu,JNU,end_to_end,Full-S1,True,0,221,80.71717800339684
cpu,JNU,end_to_end,Full-S1,True,0,222,80.53633698727936
cpu,JNU,end_to_end,Full-S1,True,0,223,81.14718302385882
cpu,JNU,end_to_end,Full-S1,True,0,224,81.53448300436139
cpu,JNU,end_to_end,Full-S1,True,0,225,84.42476100753993
cpu,JNU,end_to_end,Full-S1,True,0,226,80.85214503807947
cpu,JNU,end_to_end,Full-S1,True,0,227,80.71218803524971
cpu,JNU,end_to_end,Full-S1,True,0,228,80.61543304938823
cpu,JNU,end_to_end,Full-S1,True,0,229,80.68850700510666
cpu,JNU,end_to_end,Full-S1,True,0,230,80.72103402810171
cpu,JNU,end_to_end,Full-S1,True,0,231,80.65583201823756
cpu,JNU,end_to_end,Full-S1,True,0,232,81.02708001388237
cpu,JNU,end_to_end,Full-S1,True,0,233,80.60841198312119
cpu,JNU,end_to_end,Full-S1,True,0,234,80.62468899879605
cpu,JNU,end_to_end,Full-S1,True,0,235,80.56866499828175
cpu,JNU,end_to_end,Full-S1,True,0,236,80.91849100310355
cpu,JNU,end_to_end,Full-S1,True,0,237,81.5792340436019
cpu,JNU,end_to_end,Full-S1,True,0,238,80.63764701364562
cpu,JNU,end_to_end,Full-S1,True,0,239,80.60597296571359
cpu,JNU,end_to_end,Full-S1,True,0,240,80.62147599412128
cpu,JNU,end_to_end,Full-S1,True,0,241,80.68246999755502
cpu,JNU,end_to_end,Full-S1,True,0,242,80.71263798046857
cpu,JNU,end_to_end,Full-S1,True,0,243,80.62828099355102
cpu,JNU,end_to_end,Full-S1,True,0,244,81.78619400132447
cpu,JNU,end_to_end,Full-S1,True,0,245,80.6276150397025
cpu,JNU,end_to_end,Full-S1,True,0,246,80.58222703402862
cpu,JNU,end_to_end,Full-S1,True,0,247,80.65947401337326
cpu,JNU,end_to_end,Full-S1,True,0,248,80.91975300339982
cpu,JNU,end_to_end,Full-S1,True,0,249,81.38970099389553
cpu,JNU,end_to_end,K1,True,0,0,43.20275201462209
cpu,JNU,end_to_end,K1,True,0,1,42.301655979827046
cpu,JNU,end_to_end,K1,True,0,2,42.353640019427985
cpu,JNU,end_to_end,K1,True,0,3,42.306188959628344
cpu,JNU,end_to_end,K1,True,0,4,42.417262971866876
cpu,JNU,end_to_end,K1,True,0,5,42.25430195219815
cpu,JNU,end_to_end,K1,True,0,6,42.23960201488808
cpu,JNU,end_to_end,K1,True,0,7,42.34936600551009
cpu,JNU,end_to_end,K1,True,0,8,42.39049204625189
cpu,JNU,end_to_end,K1,True,0,9,42.258291970938444
cpu,JNU,end_to_end,K1,True,0,10,42.31855500256643
cpu,JNU,end_to_end,K1,True,0,11,42.28200402576476
cpu,JNU,end_to_end,K1,True,0,12,42.242513969540596
cpu,JNU,end_to_end,K1,True,0,13,42.33148298226297
cpu,JNU,end_to_end,K1,True,0,14,42.31644998071715
cpu,JNU,end_to_end,K1,True,0,15,42.23727702628821
cpu,JNU,end_to_end,K1,True,0,16,42.244198033586144
cpu,JNU,end_to_end,K1,True,0,17,42.33519599074498
cpu,JNU,end_to_end,K1,True,0,18,42.258918983861804
cpu,JNU,end_to_end,K1,True,0,19,42.32682200381532
cpu,JNU,end_to_end,K1,True,0,20,42.304227012209594
cpu,JNU,end_to_end,K1,True,0,21,42.729081003926694
cpu,JNU,end_to_end,K1,True,0,22,42.98210999695584
cpu,JNU,end_to_end,K1,True,0,23,42.45108301984146
cpu,JNU,end_to_end,K1,True,0,24,42.26757999276742
cpu,JNU,end_to_end,K1,True,0,25,42.5090070348233
cpu,JNU,end_to_end,K1,True,0,26,42.27863403502852
cpu,JNU,end_to_end,K1,True,0,27,42.36699698958546
cpu,JNU,end_to_end,K1,True,0,28,42.41457098396495
cpu,JNU,end_to_end,K1,True,0,29,42.5699669867754
cpu,JNU,end_to_end,K1,True,0,30,42.280572990421206
cpu,JNU,end_to_end,K1,True,0,31,42.71623201202601
cpu,JNU,end_to_end,K1,True,0,32,42.367172020021826
cpu,JNU,end_to_end,K1,True,0,33,42.30805399129167
cpu,JNU,end_to_end,K1,True,0,34,42.334738944191486
cpu,JNU,end_to_end,K1,True,0,35,42.31753497151658
cpu,JNU,end_to_end,K1,True,0,36,42.271659011021256
cpu,JNU,end_to_end,K1,True,0,37,42.497569986153394
cpu,JNU,end_to_end,K1,True,0,38,42.360160034149885
cpu,JNU,end_to_end,K1,True,0,39,42.30631096288562
cpu,JNU,end_to_end,K1,True,0,40,42.20818803878501
cpu,JNU,end_to_end,K1,True,0,41,42.270337988156825
cpu,JNU,end_to_end,K1,True,0,42,42.24994999822229
cpu,JNU,end_to_end,K1,True,0,43,42.3304500291124
cpu,JNU,end_to_end,K1,True,0,44,42.869477008935064
cpu,JNU,end_to_end,K1,True,0,45,42.6203670212999
cpu,JNU,end_to_end,K1,True,0,46,43.12316299183294
cpu,JNU,end_to_end,K1,True,0,47,42.83570504048839
cpu,JNU,end_to_end,K1,True,0,48,42.350098956376314
cpu,JNU,end_to_end,K1,True,0,49,42.26583999115974
cpu,JNU,end_to_end,K1,True,0,50,42.29491902515292
cpu,JNU,end_to_end,K1,True,0,51,42.294037993997335
cpu,JNU,end_to_end,K1,True,0,52,42.40900103468448
cpu,JNU,end_to_end,K1,True,0,53,42.259324982296675
cpu,JNU,end_to_end,K1,True,0,54,42.25301102269441
cpu,JNU,end_to_end,K1,True,0,55,42.314367019571364
cpu,JNU,end_to_end,K1,True,0,56,42.33752400614321
cpu,JNU,end_to_end,K1,True,0,57,42.337533028330654
cpu,JNU,end_to_end,K1,True,0,58,42.399394034873694
cpu,JNU,end_to_end,K1,True,0,59,42.22129099071026
cpu,JNU,end_to_end,K1,True,0,60,42.715104995295405
cpu,JNU,end_to_end,K1,True,0,61,42.42956603411585
cpu,JNU,end_to_end,K1,True,0,62,42.27569600334391
cpu,JNU,end_to_end,K1,True,0,63,42.4921220401302
cpu,JNU,end_to_end,K1,True,0,64,42.29299700818956
cpu,JNU,end_to_end,K1,True,0,65,42.28851100197062
cpu,JNU,end_to_end,K1,True,0,66,42.29541000677273
cpu,JNU,end_to_end,K1,True,0,67,42.2910550259985
cpu,JNU,end_to_end,K1,True,0,68,42.3497129813768
cpu,JNU,end_to_end,K1,True,0,69,43.22748800041154
cpu,JNU,end_to_end,K1,True,0,70,42.93039604090154
cpu,JNU,end_to_end,K1,True,0,71,42.287695046979934
cpu,JNU,end_to_end,K1,True,0,72,42.3191330046393
cpu,JNU,end_to_end,K1,True,0,73,42.271289974451065
cpu,JNU,end_to_end,K1,True,0,74,42.230836988892406
cpu,JNU,end_to_end,K1,True,0,75,42.349278985057026
cpu,JNU,end_to_end,K1,True,0,76,42.410047026351094
cpu,JNU,end_to_end,K1,True,0,77,42.33695397851989
cpu,JNU,end_to_end,K1,True,0,78,42.32198902172968
cpu,JNU,end_to_end,K1,True,0,79,42.34344599535689
cpu,JNU,end_to_end,K1,True,0,80,42.270971985999495
cpu,JNU,end_to_end,K1,True,0,81,42.21736901672557
cpu,JNU,end_to_end,K1,True,0,82,42.29511000448838
cpu,JNU,end_to_end,K1,True,0,83,42.285425995942205
cpu,JNU,end_to_end,K1,True,0,84,42.327141971327364
cpu,JNU,end_to_end,K1,True,0,85,42.2630799585022
cpu,JNU,end_to_end,K1,True,0,86,42.285643983632326
cpu,JNU,end_to_end,K1,True,0,87,42.27016802178696
cpu,JNU,end_to_end,K1,True,0,88,42.275292973499745
cpu,JNU,end_to_end,K1,True,0,89,42.32977202627808
cpu,JNU,end_to_end,K1,True,0,90,42.291197984013706
cpu,JNU,end_to_end,K1,True,0,91,42.27476799860597
cpu,JNU,end_to_end,K1,True,0,92,42.58501098956913
cpu,JNU,end_to_end,K1,True,0,93,43.00054896157235
cpu,JNU,end_to_end,K1,True,0,94,42.52476699184626
cpu,JNU,end_to_end,K1,True,0,95,42.350011004600674
cpu,JNU,end_to_end,K1,True,0,96,42.25788702024147
cpu,JNU,end_to_end,K1,True,0,97,42.248298006597906
cpu,JNU,end_to_end,K1,True,0,98,42.29909501736984
cpu,JNU,end_to_end,K1,True,0,99,42.32632496859878
cpu,JNU,end_to_end,K1,True,0,100,42.33088198816404
cpu,JNU,end_to_end,K1,True,0,101,42.479173047468066
cpu,JNU,end_to_end,K1,True,0,102,42.31562797212973
cpu,JNU,end_to_end,K1,True,0,103,42.34911501407623
cpu,JNU,end_to_end,K1,True,0,104,42.30567399645224
cpu,JNU,end_to_end,K1,True,0,105,42.30943403672427
cpu,JNU,end_to_end,K1,True,0,106,42.276129010133445
cpu,JNU,end_to_end,K1,True,0,107,42.27945301681757
cpu,JNU,end_to_end,K1,True,0,108,42.478581017348915
cpu,JNU,end_to_end,K1,True,0,109,42.423530016094446
cpu,JNU,end_to_end,K1,True,0,110,42.31843602610752
cpu,JNU,end_to_end,K1,True,0,111,42.31331299524754
cpu,JNU,end_to_end,K1,True,0,112,42.31462103780359
cpu,JNU,end_to_end,K1,True,0,113,42.27756801992655
cpu,JNU,end_to_end,K1,True,0,114,42.28109400719404
cpu,JNU,end_to_end,K1,True,0,115,42.67947404878214
cpu,JNU,end_to_end,K1,True,0,116,42.737103009130806
cpu,JNU,end_to_end,K1,True,0,117,42.9782000137493
cpu,JNU,end_to_end,K1,True,0,118,42.35123301623389
cpu,JNU,end_to_end,K1,True,0,119,42.32349299127236
cpu,JNU,end_to_end,K1,True,0,120,42.26568300509825
cpu,JNU,end_to_end,K1,True,0,121,42.249348014593124
cpu,JNU,end_to_end,K1,True,0,122,42.30344097595662
cpu,JNU,end_to_end,K1,True,0,123,42.3387719783932
cpu,JNU,end_to_end,K1,True,0,124,42.32552699977532
cpu,JNU,end_to_end,K1,True,0,125,42.40259196376428
cpu,JNU,end_to_end,K1,True,0,126,42.29403001954779
cpu,JNU,end_to_end,K1,True,0,127,42.24795300979167
cpu,JNU,end_to_end,K1,True,0,128,44.59409200353548
cpu,JNU,end_to_end,K1,True,0,129,42.45938203530386
cpu,JNU,end_to_end,K1,True,0,130,42.34334599459544
cpu,JNU,end_to_end,K1,True,0,131,42.34237503260374
cpu,JNU,end_to_end,K1,True,0,132,42.26097895298153
cpu,JNU,end_to_end,K1,True,0,133,42.23593603819609
cpu,JNU,end_to_end,K1,True,0,134,42.301724024582654
cpu,JNU,end_to_end,K1,True,0,135,42.289364035241306
cpu,JNU,end_to_end,K1,True,0,136,42.305346054490656
cpu,JNU,end_to_end,K1,True,0,137,42.418004013597965
cpu,JNU,end_to_end,K1,True,0,138,42.41726902546361
cpu,JNU,end_to_end,K1,True,0,139,42.39391698502004
cpu,JNU,end_to_end,K1,True,0,140,43.26072201365605
cpu,JNU,end_to_end,K1,True,0,141,43.13530295621604
cpu,JNU,end_to_end,K1,True,0,142,42.32623503776267
cpu,JNU,end_to_end,K1,True,0,143,42.737715994007885
cpu,JNU,end_to_end,K1,True,0,144,42.30256000300869
cpu,JNU,end_to_end,K1,True,0,145,42.541862989310175
cpu,JNU,end_to_end,K1,True,0,146,42.799894989002496
cpu,JNU,end_to_end,K1,True,0,147,42.40017104893923
cpu,JNU,end_to_end,K1,True,0,148,42.29019902413711
cpu,JNU,end_to_end,K1,True,0,149,42.42971498752013
cpu,JNU,end_to_end,K1,True,0,150,42.35984303522855
cpu,JNU,end_to_end,K1,True,0,151,42.30628500226885
cpu,JNU,end_to_end,K1,True,0,152,42.34213900053874
cpu,JNU,end_to_end,K1,True,0,153,42.2734780004248
cpu,JNU,end_to_end,K1,True,0,154,42.24270302802324
cpu,JNU,end_to_end,K1,True,0,155,44.6840490330942
cpu,JNU,end_to_end,K1,True,0,156,42.2803740366362
cpu,JNU,end_to_end,K1,True,0,157,42.25122003117576
cpu,JNU,end_to_end,K1,True,0,158,42.347611975856125
cpu,JNU,end_to_end,K1,True,0,159,42.316465987823904
cpu,JNU,end_to_end,K1,True,0,160,42.37313300836831
cpu,JNU,end_to_end,K1,True,0,161,42.318535037338734
cpu,JNU,end_to_end,K1,True,0,162,42.26294095860794
cpu,JNU,end_to_end,K1,True,0,163,42.63828502735123
cpu,JNU,end_to_end,K1,True,0,164,42.94000600930303
cpu,JNU,end_to_end,K1,True,0,165,42.32936800690368
cpu,JNU,end_to_end,K1,True,0,166,42.30281600030139
cpu,JNU,end_to_end,K1,True,0,167,42.33945900341496
cpu,JNU,end_to_end,K1,True,0,168,42.22535702865571
cpu,JNU,end_to_end,K1,True,0,169,42.266564967576414
cpu,JNU,end_to_end,K1,True,0,170,42.29215398663655
cpu,JNU,end_to_end,K1,True,0,171,42.2470310004428
cpu,JNU,end_to_end,K1,True,0,172,42.30724601075053
cpu,JNU,end_to_end,K1,True,0,173,42.35515504842624
cpu,JNU,end_to_end,K1,True,0,174,42.26119501981884
cpu,JNU,end_to_end,K1,True,0,175,42.32309403596446
cpu,JNU,end_to_end,K1,True,0,176,42.798206966836005
cpu,JNU,end_to_end,K1,True,0,177,42.27188997901976
cpu,JNU,end_to_end,K1,True,0,178,43.4957190300338
cpu,JNU,end_to_end,K1,True,0,179,42.523097014054656
cpu,JNU,end_to_end,K1,True,0,180,42.47877496527508
cpu,JNU,end_to_end,K1,True,0,181,42.281683010514826
cpu,JNU,end_to_end,K1,True,0,182,42.345272027887404
cpu,JNU,end_to_end,K1,True,0,183,42.29784000199288
cpu,JNU,end_to_end,K1,True,0,184,42.84433799330145
cpu,JNU,end_to_end,K1,True,0,185,42.38447797251865
cpu,JNU,end_to_end,K1,True,0,186,42.44201199617237
cpu,JNU,end_to_end,K1,True,0,187,43.20521198678762
cpu,JNU,end_to_end,K1,True,0,188,43.29684696858749
cpu,JNU,end_to_end,K1,True,0,189,42.39511099876836
cpu,JNU,end_to_end,K1,True,0,190,42.38348500803113
cpu,JNU,end_to_end,K1,True,0,191,42.39179199794307
cpu,JNU,end_to_end,K1,True,0,192,42.28327400051057
cpu,JNU,end_to_end,K1,True,0,193,42.365850997157395
cpu,JNU,end_to_end,K1,True,0,194,42.32100100489333
cpu,JNU,end_to_end,K1,True,0,195,42.27590904338285
cpu,JNU,end_to_end,K1,True,0,196,42.32354398118332
cpu,JNU,end_to_end,K1,True,0,197,42.380600003525615
cpu,JNU,end_to_end,K1,True,0,198,42.36392903840169
cpu,JNU,end_to_end,K1,True,0,199,42.37072804244235
cpu,JNU,end_to_end,K1,True,0,200,42.27713798172772
cpu,JNU,end_to_end,K1,True,0,201,42.30955598177388
cpu,JNU,end_to_end,K1,True,0,202,42.2598349978216
cpu,JNU,end_to_end,K1,True,0,203,42.82979801064357
cpu,JNU,end_to_end,K1,True,0,204,42.34715999336913
cpu,JNU,end_to_end,K1,True,0,205,42.29409497929737
cpu,JNU,end_to_end,K1,True,0,206,42.36857499927282
cpu,JNU,end_to_end,K1,True,0,207,42.28724504355341
cpu,JNU,end_to_end,K1,True,0,208,42.38459002226591
cpu,JNU,end_to_end,K1,True,0,209,42.309982993174344
cpu,JNU,end_to_end,K1,True,0,210,42.34665504191071
cpu,JNU,end_to_end,K1,True,0,211,43.17879804875702
cpu,JNU,end_to_end,K1,True,0,212,42.52245498355478
cpu,JNU,end_to_end,K1,True,0,213,42.31545398943126
cpu,JNU,end_to_end,K1,True,0,214,42.32188098831102
cpu,JNU,end_to_end,K1,True,0,215,42.20952000468969
cpu,JNU,end_to_end,K1,True,0,216,42.33813099563122
cpu,JNU,end_to_end,K1,True,0,217,42.33756201574579
cpu,JNU,end_to_end,K1,True,0,218,42.23049303982407
cpu,JNU,end_to_end,K1,True,0,219,42.23213699879125
cpu,JNU,end_to_end,K1,True,0,220,42.33321500942111
cpu,JNU,end_to_end,K1,True,0,221,42.30746999382973
cpu,JNU,end_to_end,K1,True,0,222,42.29610902257264
cpu,JNU,end_to_end,K1,True,0,223,42.36414603656158
cpu,JNU,end_to_end,K1,True,0,224,42.28194203460589
cpu,JNU,end_to_end,K1,True,0,225,42.34816203825176
cpu,JNU,end_to_end,K1,True,0,226,42.31536801671609
cpu,JNU,end_to_end,K1,True,0,227,42.23013098817319
cpu,JNU,end_to_end,K1,True,0,228,42.287958960514516
cpu,JNU,end_to_end,K1,True,0,229,42.28982899803668
cpu,JNU,end_to_end,K1,True,0,230,42.25188196869567
cpu,JNU,end_to_end,K1,True,0,231,42.316091945394874
cpu,JNU,end_to_end,K1,True,0,232,42.300030996557325
cpu,JNU,end_to_end,K1,True,0,233,42.599141015671194
cpu,JNU,end_to_end,K1,True,0,234,43.54181297821924
cpu,JNU,end_to_end,K1,True,0,235,42.82954998780042
cpu,JNU,end_to_end,K1,True,0,236,42.40242199739441
cpu,JNU,end_to_end,K1,True,0,237,42.33634000411257
cpu,JNU,end_to_end,K1,True,0,238,42.28520003380254
cpu,JNU,end_to_end,K1,True,0,239,42.562149988953024
cpu,JNU,end_to_end,K1,True,0,240,42.35974495531991
cpu,JNU,end_to_end,K1,True,0,241,42.278478969819844
cpu,JNU,end_to_end,K1,True,0,242,42.33126301551238
cpu,JNU,end_to_end,K1,True,0,243,42.281200003344566
cpu,JNU,end_to_end,K1,True,0,244,42.26194095099345
cpu,JNU,end_to_end,K1,True,0,245,42.39154903916642
cpu,JNU,end_to_end,K1,True,0,246,42.25648602005094
cpu,JNU,end_to_end,K1,True,0,247,42.21653600689024
cpu,JNU,end_to_end,K1,True,0,248,42.24588198121637
cpu,JNU,end_to_end,K1,True,0,249,42.24619298474863
cpu,JNU,end_to_end,K1,True,1,0,42.4270189832896
cpu,JNU,end_to_end,K1,True,1,1,42.79258497990668
cpu,JNU,end_to_end,K1,True,1,2,42.39891900215298
cpu,JNU,end_to_end,K1,True,1,3,42.283918999601156
cpu,JNU,end_to_end,K1,True,1,4,42.370459996163845
cpu,JNU,end_to_end,K1,True,1,5,42.32180997496471
cpu,JNU,end_to_end,K1,True,1,6,42.36896999645978
cpu,JNU,end_to_end,K1,True,1,7,42.44274803204462
cpu,JNU,end_to_end,K1,True,1,8,42.96325799077749
cpu,JNU,end_to_end,K1,True,1,9,42.4703509779647
cpu,JNU,end_to_end,K1,True,1,10,42.40707395365462
cpu,JNU,end_to_end,K1,True,1,11,42.34629700658843
cpu,JNU,end_to_end,K1,True,1,12,42.23955800989643
cpu,JNU,end_to_end,K1,True,1,13,42.464133992325515
cpu,JNU,end_to_end,K1,True,1,14,42.553292005322874
cpu,JNU,end_to_end,K1,True,1,15,42.32850595144555
cpu,JNU,end_to_end,K1,True,1,16,42.22761996788904
cpu,JNU,end_to_end,K1,True,1,17,42.42691001854837
cpu,JNU,end_to_end,K1,True,1,18,42.327208968345076
cpu,JNU,end_to_end,K1,True,1,19,42.30455501237884
cpu,JNU,end_to_end,K1,True,1,20,42.24527400219813
cpu,JNU,end_to_end,K1,True,1,21,42.29304299224168
cpu,JNU,end_to_end,K1,True,1,22,42.305973009206355
cpu,JNU,end_to_end,K1,True,1,23,42.36775601748377
cpu,JNU,end_to_end,K1,True,1,24,42.33106703031808
cpu,JNU,end_to_end,K1,True,1,25,42.250763974152505
cpu,JNU,end_to_end,K1,True,1,26,42.27844602428377
cpu,JNU,end_to_end,K1,True,1,27,42.24974295357242
cpu,JNU,end_to_end,K1,True,1,28,42.383451014757156
cpu,JNU,end_to_end,K1,True,1,29,42.33003099216148
cpu,JNU,end_to_end,K1,True,1,30,42.308096948545426
cpu,JNU,end_to_end,K1,True,1,31,42.66670299693942
cpu,JNU,end_to_end,K1,True,1,32,43.00343198701739
cpu,JNU,end_to_end,K1,True,1,33,42.3877130378969
cpu,JNU,end_to_end,K1,True,1,34,42.30990697396919
cpu,JNU,end_to_end,K1,True,1,35,42.41861798800528
cpu,JNU,end_to_end,K1,True,1,36,42.27197397267446
cpu,JNU,end_to_end,K1,True,1,37,42.39494004286826
cpu,JNU,end_to_end,K1,True,1,38,42.29453403968364
cpu,JNU,end_to_end,K1,True,1,39,42.270698002539575
cpu,JNU,end_to_end,K1,True,1,40,42.26915701292455
cpu,JNU,end_to_end,K1,True,1,41,42.28198598138988
cpu,JNU,end_to_end,K1,True,1,42,42.390207992866635
cpu,JNU,end_to_end,K1,True,1,43,42.29243396548554
cpu,JNU,end_to_end,K1,True,1,44,42.31986199738458
cpu,JNU,end_to_end,K1,True,1,45,42.21912898356095
cpu,JNU,end_to_end,K1,True,1,46,42.36891400068998
cpu,JNU,end_to_end,K1,True,1,47,42.28044196497649
cpu,JNU,end_to_end,K1,True,1,48,42.37598902545869
cpu,JNU,end_to_end,K1,True,1,49,42.370373965241015
cpu,JNU,end_to_end,K1,True,1,50,42.19281004043296
cpu,JNU,end_to_end,K1,True,1,51,42.22177900373936
cpu,JNU,end_to_end,K1,True,1,52,42.41346998605877
cpu,JNU,end_to_end,K1,True,1,53,42.36169101204723
cpu,JNU,end_to_end,K1,True,1,54,42.266167991328984
cpu,JNU,end_to_end,K1,True,1,55,43.42954303137958
cpu,JNU,end_to_end,K1,True,1,56,42.49055002583191
cpu,JNU,end_to_end,K1,True,1,57,42.28375299135223
cpu,JNU,end_to_end,K1,True,1,58,42.28902002796531
cpu,JNU,end_to_end,K1,True,1,59,42.34955902211368
cpu,JNU,end_to_end,K1,True,1,60,42.30821499368176
cpu,JNU,end_to_end,K1,True,1,61,42.35821997281164
cpu,JNU,end_to_end,K1,True,1,62,42.33605298213661
cpu,JNU,end_to_end,K1,True,1,63,42.31303901178762
cpu,JNU,end_to_end,K1,True,1,64,42.30910603655502
cpu,JNU,end_to_end,K1,True,1,65,42.27971797809005
cpu,JNU,end_to_end,K1,True,1,66,42.37670497968793
cpu,JNU,end_to_end,K1,True,1,67,42.290436977054924
cpu,JNU,end_to_end,K1,True,1,68,42.29112196480855
cpu,JNU,end_to_end,K1,True,1,69,42.29469399433583
cpu,JNU,end_to_end,K1,True,1,70,42.33766597462818
cpu,JNU,end_to_end,K1,True,1,71,42.38848900422454
cpu,JNU,end_to_end,K1,True,1,72,42.19940403709188
cpu,JNU,end_to_end,K1,True,1,73,42.22586000105366
cpu,JNU,end_to_end,K1,True,1,74,42.26774501148611
cpu,JNU,end_to_end,K1,True,1,75,42.29887796100229
cpu,JNU,end_to_end,K1,True,1,76,42.30506101157516
cpu,JNU,end_to_end,K1,True,1,77,42.45089599862695
cpu,JNU,end_to_end,K1,True,1,78,42.717233998700976
cpu,JNU,end_to_end,K1,True,1,79,42.917110957205296
cpu,JNU,end_to_end,K1,True,1,80,43.10713504673913
cpu,JNU,end_to_end,K1,True,1,81,42.30175801785663
cpu,JNU,end_to_end,K1,True,1,82,42.333158024121076
cpu,JNU,end_to_end,K1,True,1,83,42.249393998645246
cpu,JNU,end_to_end,K1,True,1,84,42.21210104878992
cpu,JNU,end_to_end,K1,True,1,85,42.34485502820462
cpu,JNU,end_to_end,K1,True,1,86,42.313610028941184
cpu,JNU,end_to_end,K1,True,1,87,42.321041983086616
cpu,JNU,end_to_end,K1,True,1,88,42.36581700388342
cpu,JNU,end_to_end,K1,True,1,89,42.324648005887866
cpu,JNU,end_to_end,K1,True,1,90,42.2835000208579
cpu,JNU,end_to_end,K1,True,1,91,42.34441200969741
cpu,JNU,end_to_end,K1,True,1,92,42.25790302734822
cpu,JNU,end_to_end,K1,True,1,93,42.513461026828736
cpu,JNU,end_to_end,K1,True,1,94,42.46873001102358
cpu,JNU,end_to_end,K1,True,1,95,42.33822296373546
cpu,JNU,end_to_end,K1,True,1,96,42.36239899182692
cpu,JNU,end_to_end,K1,True,1,97,42.303917987737805
cpu,JNU,end_to_end,K1,True,1,98,42.226147023029625
cpu,JNU,end_to_end,K1,True,1,99,42.226637015119195
cpu,JNU,end_to_end,K1,True,1,100,42.34955599531531
cpu,JNU,end_to_end,K1,True,1,101,42.31708502629772
cpu,JNU,end_to_end,K1,True,1,102,43.722575006540865
cpu,JNU,end_to_end,K1,True,1,103,42.61396999936551
cpu,JNU,end_to_end,K1,True,1,104,42.347303009592
cpu,JNU,end_to_end,K1,True,1,105,42.2947250190191
cpu,JNU,end_to_end,K1,True,1,106,42.311794008128345
cpu,JNU,end_to_end,K1,True,1,107,42.28905600029975
cpu,JNU,end_to_end,K1,True,1,108,42.29233297519386
cpu,JNU,end_to_end,K1,True,1,109,42.34240105142817
cpu,JNU,end_to_end,K1,True,1,110,42.254203057382256
cpu,JNU,end_to_end,K1,True,1,111,42.410727008245885
cpu,JNU,end_to_end,K1,True,1,112,42.27104701567441
cpu,JNU,end_to_end,K1,True,1,113,42.32150997268036
cpu,JNU,end_to_end,K1,True,1,114,42.27868601446971
cpu,JNU,end_to_end,K1,True,1,115,43.04382897680625
cpu,JNU,end_to_end,K1,True,1,116,42.414953000843525
cpu,JNU,end_to_end,K1,True,1,117,42.403061990626156
cpu,JNU,end_to_end,K1,True,1,118,42.27376595372334
cpu,JNU,end_to_end,K1,True,1,119,42.27328801061958
cpu,JNU,end_to_end,K1,True,1,120,42.274050996638834
cpu,JNU,end_to_end,K1,True,1,121,42.330372030846775
cpu,JNU,end_to_end,K1,True,1,122,42.26408200338483
cpu,JNU,end_to_end,K1,True,1,123,42.39934199722484
cpu,JNU,end_to_end,K1,True,1,124,42.23390301922336
cpu,JNU,end_to_end,K1,True,1,125,42.30743902735412
cpu,JNU,end_to_end,K1,True,1,126,43.487162969540805
cpu,JNU,end_to_end,K1,True,1,127,42.41639300016686
cpu,JNU,end_to_end,K1,True,1,128,42.61597903678194
cpu,JNU,end_to_end,K1,True,1,129,43.36773802060634
cpu,JNU,end_to_end,K1,True,1,130,42.29041701182723
cpu,JNU,end_to_end,K1,True,1,131,42.623976012691855
cpu,JNU,end_to_end,K1,True,1,132,43.24589896714315
cpu,JNU,end_to_end,K1,True,1,133,42.41101298248395
cpu,JNU,end_to_end,K1,True,1,134,42.36710898112506
cpu,JNU,end_to_end,K1,True,1,135,42.445908999070525
cpu,JNU,end_to_end,K1,True,1,136,42.30335995089263
cpu,JNU,end_to_end,K1,True,1,137,42.29216300882399
cpu,JNU,end_to_end,K1,True,1,138,42.25658695213497
cpu,JNU,end_to_end,K1,True,1,139,42.2687049722299
cpu,JNU,end_to_end,K1,True,1,140,42.33729501720518
cpu,JNU,end_to_end,K1,True,1,141,42.24414302734658
cpu,JNU,end_to_end,K1,True,1,142,42.25188202690333
cpu,JNU,end_to_end,K1,True,1,143,42.285468021873385
cpu,JNU,end_to_end,K1,True,1,144,42.24976495606825
cpu,JNU,end_to_end,K1,True,1,145,42.293777980376035
cpu,JNU,end_to_end,K1,True,1,146,44.016106985509396
cpu,JNU,end_to_end,K1,True,1,147,42.60365397203714
cpu,JNU,end_to_end,K1,True,1,148,42.23823401844129
cpu,JNU,end_to_end,K1,True,1,149,42.862873000558466
cpu,JNU,end_to_end,K1,True,1,150,42.690112022683024
cpu,JNU,end_to_end,K1,True,1,151,42.326357041019946
cpu,JNU,end_to_end,K1,True,1,152,42.30934497900307
cpu,JNU,end_to_end,K1,True,1,153,42.31657600030303
cpu,JNU,end_to_end,K1,True,1,154,42.26852103602141
cpu,JNU,end_to_end,K1,True,1,155,42.308303993195295
cpu,JNU,end_to_end,K1,True,1,156,42.400353006087244
cpu,JNU,end_to_end,K1,True,1,157,42.31247102143243
cpu,JNU,end_to_end,K1,True,1,158,42.69592498894781
cpu,JNU,end_to_end,K1,True,1,159,42.310352029744536
cpu,JNU,end_to_end,K1,True,1,160,42.29232098441571
cpu,JNU,end_to_end,K1,True,1,161,42.330490017775446
cpu,JNU,end_to_end,K1,True,1,162,42.298920976463705
cpu,JNU,end_to_end,K1,True,1,163,42.3295259824954
cpu,JNU,end_to_end,K1,True,1,164,42.53991000587121
cpu,JNU,end_to_end,K1,True,1,165,42.27578203426674
cpu,JNU,end_to_end,K1,True,1,166,42.44964197278023
cpu,JNU,end_to_end,K1,True,1,167,42.32313099782914
cpu,JNU,end_to_end,K1,True,1,168,42.29034500895068
cpu,JNU,end_to_end,K1,True,1,169,42.24493203219026
cpu,JNU,end_to_end,K1,True,1,170,42.43408504407853
cpu,JNU,end_to_end,K1,True,1,171,42.399345024023205
cpu,JNU,end_to_end,K1,True,1,172,42.291449033655226
cpu,JNU,end_to_end,K1,True,1,173,43.25241700280458
cpu,JNU,end_to_end,K1,True,1,174,42.86319395760074
cpu,JNU,end_to_end,K1,True,1,175,42.37476596608758
cpu,JNU,end_to_end,K1,True,1,176,42.34270902816206
cpu,JNU,end_to_end,K1,True,1,177,42.26418898906559
cpu,JNU,end_to_end,K1,True,1,178,42.26404201472178
cpu,JNU,end_to_end,K1,True,1,179,42.41336602717638
cpu,JNU,end_to_end,K1,True,1,180,42.2938100527972
cpu,JNU,end_to_end,K1,True,1,181,42.386155982967466
cpu,JNU,end_to_end,K1,True,1,182,42.41258499678224
cpu,JNU,end_to_end,K1,True,1,183,42.30245901271701
cpu,JNU,end_to_end,K1,True,1,184,42.32354898704216
cpu,JNU,end_to_end,K1,True,1,185,42.27614001138136
cpu,JNU,end_to_end,K1,True,1,186,42.293887003324926
cpu,JNU,end_to_end,K1,True,1,187,42.24509099731222
cpu,JNU,end_to_end,K1,True,1,188,42.36163600580767
cpu,JNU,end_to_end,K1,True,1,189,42.51831898000091
cpu,JNU,end_to_end,K1,True,1,190,42.45965200243518
cpu,JNU,end_to_end,K1,True,1,191,42.34017903218046
cpu,JNU,end_to_end,K1,True,1,192,42.28288301965222
cpu,JNU,end_to_end,K1,True,1,193,42.26895800093189
cpu,JNU,end_to_end,K1,True,1,194,42.343478999100626
cpu,JNU,end_to_end,K1,True,1,195,42.28495399001986
cpu,JNU,end_to_end,K1,True,1,196,42.24829701706767
cpu,JNU,end_to_end,K1,True,1,197,43.072392989415675
cpu,JNU,end_to_end,K1,True,1,198,42.47274994850159
cpu,JNU,end_to_end,K1,True,1,199,42.31949301902205
cpu,JNU,end_to_end,K1,True,1,200,42.2981419833377
cpu,JNU,end_to_end,K1,True,1,201,42.253525054547936
cpu,JNU,end_to_end,K1,True,1,202,42.276194028090686
cpu,JNU,end_to_end,K1,True,1,203,42.43458900600672
cpu,JNU,end_to_end,K1,True,1,204,42.4391069682315
cpu,JNU,end_to_end,K1,True,1,205,42.31598903425038
cpu,JNU,end_to_end,K1,True,1,206,42.3543700017035
cpu,JNU,end_to_end,K1,True,1,207,42.29415603913367
cpu,JNU,end_to_end,K1,True,1,208,42.32107399730012
cpu,JNU,end_to_end,K1,True,1,209,42.23157395608723
cpu,JNU,end_to_end,K1,True,1,210,42.36764699453488
cpu,JNU,end_to_end,K1,True,1,211,42.355032986961305
cpu,JNU,end_to_end,K1,True,1,212,42.3363380250521
cpu,JNU,end_to_end,K1,True,1,213,42.28678095387295
cpu,JNU,end_to_end,K1,True,1,214,42.26471099536866
cpu,JNU,end_to_end,K1,True,1,215,42.344891000539064
cpu,JNU,end_to_end,K1,True,1,216,42.275940999388695
cpu,JNU,end_to_end,K1,True,1,217,42.41714999079704
cpu,JNU,end_to_end,K1,True,1,218,42.27303300285712
cpu,JNU,end_to_end,K1,True,1,219,42.23629296757281
cpu,JNU,end_to_end,K1,True,1,220,43.32524997880682
cpu,JNU,end_to_end,K1,True,1,221,42.52351698232815
cpu,JNU,end_to_end,K1,True,1,222,42.43180900812149
cpu,JNU,end_to_end,K1,True,1,223,42.35149797750637
cpu,JNU,end_to_end,K1,True,1,224,42.270436009857804
cpu,JNU,end_to_end,K1,True,1,225,42.23782004555687
cpu,JNU,end_to_end,K1,True,1,226,42.279627989046276
cpu,JNU,end_to_end,K1,True,1,227,42.36401402158663
cpu,JNU,end_to_end,K1,True,1,228,42.37044503679499
cpu,JNU,end_to_end,K1,True,1,229,42.34210500726476
cpu,JNU,end_to_end,K1,True,1,230,42.337983031757176
cpu,JNU,end_to_end,K1,True,1,231,42.38020099001005
cpu,JNU,end_to_end,K1,True,1,232,42.304351052735
cpu,JNU,end_to_end,K1,True,1,233,42.3150549759157
cpu,JNU,end_to_end,K1,True,1,234,42.27964801248163
cpu,JNU,end_to_end,K1,True,1,235,42.2543510212563
cpu,JNU,end_to_end,K1,True,1,236,42.27174900006503
cpu,JNU,end_to_end,K1,True,1,237,42.27736295433715
cpu,JNU,end_to_end,K1,True,1,238,42.36032295739278
cpu,JNU,end_to_end,K1,True,1,239,42.323960980866104
cpu,JNU,end_to_end,K1,True,1,240,42.23874001763761
cpu,JNU,end_to_end,K1,True,1,241,42.350133997388184
cpu,JNU,end_to_end,K1,True,1,242,42.26172098424286
cpu,JNU,end_to_end,K1,True,1,243,42.32254298403859
cpu,JNU,end_to_end,K1,True,1,244,43.33375004353002
cpu,JNU,end_to_end,K1,True,1,245,42.44491894496605
cpu,JNU,end_to_end,K1,True,1,246,42.8118190029636
cpu,JNU,end_to_end,K1,True,1,247,42.34577901661396
cpu,JNU,end_to_end,K1,True,1,248,42.27535199606791
cpu,JNU,end_to_end,K1,True,1,249,42.35137801151723
cpu,JNU,end_to_end,Full-S1,True,1,0,81.42103702994063
cpu,JNU,end_to_end,Full-S1,True,1,1,80.91088599758223
cpu,JNU,end_to_end,Full-S1,True,1,2,80.70720999967307
cpu,JNU,end_to_end,Full-S1,True,1,3,80.68018598714843
cpu,JNU,end_to_end,Full-S1,True,1,4,80.54458198603243
cpu,JNU,end_to_end,Full-S1,True,1,5,80.59606404276565
cpu,JNU,end_to_end,Full-S1,True,1,6,80.59671695809811
cpu,JNU,end_to_end,Full-S1,True,1,7,80.57484397431836
cpu,JNU,end_to_end,Full-S1,True,1,8,80.7287740171887
cpu,JNU,end_to_end,Full-S1,True,1,9,81.76392002496868
cpu,JNU,end_to_end,Full-S1,True,1,10,81.55961596639827
cpu,JNU,end_to_end,Full-S1,True,1,11,80.59468597639352
cpu,JNU,end_to_end,Full-S1,True,1,12,80.6445479975082
cpu,JNU,end_to_end,Full-S1,True,1,13,80.60509199276567
cpu,JNU,end_to_end,Full-S1,True,1,14,80.66997904097661
cpu,JNU,end_to_end,Full-S1,True,1,15,80.79554501455277
cpu,JNU,end_to_end,Full-S1,True,1,16,80.75257804011926
cpu,JNU,end_to_end,Full-S1,True,1,17,80.72575501864776
cpu,JNU,end_to_end,Full-S1,True,1,18,80.77476499602199
cpu,JNU,end_to_end,Full-S1,True,1,19,80.48470102949068
cpu,JNU,end_to_end,Full-S1,True,1,20,80.57105296757072
cpu,JNU,end_to_end,Full-S1,True,1,21,82.023699011188
cpu,JNU,end_to_end,Full-S1,True,1,22,80.74800297617912
cpu,JNU,end_to_end,Full-S1,True,1,23,80.61324601294473
cpu,JNU,end_to_end,Full-S1,True,1,24,80.642539949622
cpu,JNU,end_to_end,Full-S1,True,1,25,80.57781297247857
cpu,JNU,end_to_end,Full-S1,True,1,26,80.74857300380245
cpu,JNU,end_to_end,Full-S1,True,1,27,80.65682800952345
cpu,JNU,end_to_end,Full-S1,True,1,28,80.56280598975718
cpu,JNU,end_to_end,Full-S1,True,1,29,80.59378899633884
cpu,JNU,end_to_end,Full-S1,True,1,30,80.72923496365547
cpu,JNU,end_to_end,Full-S1,True,1,31,80.5809409939684
cpu,JNU,end_to_end,Full-S1,True,1,32,80.64894197741523
cpu,JNU,end_to_end,Full-S1,True,1,33,80.64636297058314
cpu,JNU,end_to_end,Full-S1,True,1,34,82.20243500545621
cpu,JNU,end_to_end,Full-S1,True,1,35,80.74541296809912
cpu,JNU,end_to_end,Full-S1,True,1,36,80.6135080056265
cpu,JNU,end_to_end,Full-S1,True,1,37,80.62001498183236
cpu,JNU,end_to_end,Full-S1,True,1,38,80.52636304637417
cpu,JNU,end_to_end,Full-S1,True,1,39,80.69933502702042
cpu,JNU,end_to_end,Full-S1,True,1,40,80.9371400391683
cpu,JNU,end_to_end,Full-S1,True,1,41,80.53344197105616
cpu,JNU,end_to_end,Full-S1,True,1,42,80.59597801184282
cpu,JNU,end_to_end,Full-S1,True,1,43,80.55151399457827
cpu,JNU,end_to_end,Full-S1,True,1,44,80.54029900813475
cpu,JNU,end_to_end,Full-S1,True,1,45,80.69891901686788
cpu,JNU,end_to_end,Full-S1,True,1,46,81.75148797454312
cpu,JNU,end_to_end,Full-S1,True,1,47,80.69651696132496
cpu,JNU,end_to_end,Full-S1,True,1,48,80.59453102760017
cpu,JNU,end_to_end,Full-S1,True,1,49,80.8003069832921
cpu,JNU,end_to_end,Full-S1,True,1,50,80.6726620066911
cpu,JNU,end_to_end,Full-S1,True,1,51,80.73268097359687
cpu,JNU,end_to_end,Full-S1,True,1,52,82.93493604287505
cpu,JNU,end_to_end,Full-S1,True,1,53,80.89262899011374
cpu,JNU,end_to_end,Full-S1,True,1,54,80.57677902979776
cpu,JNU,end_to_end,Full-S1,True,1,55,80.59120899997652
cpu,JNU,end_to_end,Full-S1,True,1,56,80.56863403180614
cpu,JNU,end_to_end,Full-S1,True,1,57,80.76348999748006
cpu,JNU,end_to_end,Full-S1,True,1,58,81.3387599773705
cpu,JNU,end_to_end,Full-S1,True,1,59,81.46481000585482
cpu,JNU,end_to_end,Full-S1,True,1,60,80.88585297809914
cpu,JNU,end_to_end,Full-S1,True,1,61,80.69082099245861
cpu,JNU,end_to_end,Full-S1,True,1,62,80.77237202087417
cpu,JNU,end_to_end,Full-S1,True,1,63,80.7358690071851
cpu,JNU,end_to_end,Full-S1,True,1,64,80.62138000968844
cpu,JNU,end_to_end,Full-S1,True,1,65,80.53708798252046
cpu,JNU,end_to_end,Full-S1,True,1,66,80.63257398316637
cpu,JNU,end_to_end,Full-S1,True,1,67,80.73692297330126
cpu,JNU,end_to_end,Full-S1,True,1,68,80.61725599691272
cpu,JNU,end_to_end,Full-S1,True,1,69,80.60623100027442
cpu,JNU,end_to_end,Full-S1,True,1,70,80.60353202745318
cpu,JNU,end_to_end,Full-S1,True,1,71,81.8175160093233
cpu,JNU,end_to_end,Full-S1,True,1,72,82.17080699978396
cpu,JNU,end_to_end,Full-S1,True,1,73,80.70828102063388
cpu,JNU,end_to_end,Full-S1,True,1,74,80.8103290037252
cpu,JNU,end_to_end,Full-S1,True,1,75,80.72863996494561
cpu,JNU,end_to_end,Full-S1,True,1,76,80.65629203338176
cpu,JNU,end_to_end,Full-S1,True,1,77,80.62287099892274
cpu,JNU,end_to_end,Full-S1,True,1,78,80.72723500663415
cpu,JNU,end_to_end,Full-S1,True,1,79,80.73083299677819
cpu,JNU,end_to_end,Full-S1,True,1,80,80.7501989766024
cpu,JNU,end_to_end,Full-S1,True,1,81,80.60028095496818
cpu,JNU,end_to_end,Full-S1,True,1,82,80.64024400664493
cpu,JNU,end_to_end,Full-S1,True,1,83,81.27289096591994
cpu,JNU,end_to_end,Full-S1,True,1,84,81.38104004319757
cpu,JNU,end_to_end,Full-S1,True,1,85,80.95185697311535
cpu,JNU,end_to_end,Full-S1,True,1,86,80.85271500749514
cpu,JNU,end_to_end,Full-S1,True,1,87,80.6515269796364
cpu,JNU,end_to_end,Full-S1,True,1,88,80.69928095210344
cpu,JNU,end_to_end,Full-S1,True,1,89,80.68095199996606
cpu,JNU,end_to_end,Full-S1,True,1,90,80.53615299286321
cpu,JNU,end_to_end,Full-S1,True,1,91,80.68822202039883
cpu,JNU,end_to_end,Full-S1,True,1,92,80.7224900345318
cpu,JNU,end_to_end,Full-S1,True,1,93,80.88426600443199
cpu,JNU,end_to_end,Full-S1,True,1,94,80.71402797941118
cpu,JNU,end_to_end,Full-S1,True,1,95,80.5686209932901
cpu,JNU,end_to_end,Full-S1,True,1,96,81.37499098666012
cpu,JNU,end_to_end,Full-S1,True,1,97,80.6921919574961
cpu,JNU,end_to_end,Full-S1,True,1,98,80.59806702658534
cpu,JNU,end_to_end,Full-S1,True,1,99,80.78509900951758
cpu,JNU,end_to_end,Full-S1,True,1,100,81.05147100286558
cpu,JNU,end_to_end,Full-S1,True,1,101,80.62207797775045
cpu,JNU,end_to_end,Full-S1,True,1,102,80.68563899723813
cpu,JNU,end_to_end,Full-S1,True,1,103,80.71904798271134
cpu,JNU,end_to_end,Full-S1,True,1,104,80.75250900583342
cpu,JNU,end_to_end,Full-S1,True,1,105,80.6625839904882
cpu,JNU,end_to_end,Full-S1,True,1,106,80.63935401150957
cpu,JNU,end_to_end,Full-S1,True,1,107,80.67906298674643
cpu,JNU,end_to_end,Full-S1,True,1,108,81.77898800931871
cpu,JNU,end_to_end,Full-S1,True,1,109,81.26099099172279
cpu,JNU,end_to_end,Full-S1,True,1,110,80.63991001108661
cpu,JNU,end_to_end,Full-S1,True,1,111,80.519339942839
cpu,JNU,end_to_end,Full-S1,True,1,112,81.69343002373353
cpu,JNU,end_to_end,Full-S1,True,1,113,80.84285497898236
cpu,JNU,end_to_end,Full-S1,True,1,114,80.72203799383715
cpu,JNU,end_to_end,Full-S1,True,1,115,80.6196159683168
cpu,JNU,end_to_end,Full-S1,True,1,116,80.61751199420542
cpu,JNU,end_to_end,Full-S1,True,1,117,80.80867200624198
cpu,JNU,end_to_end,Full-S1,True,1,118,80.58420498855412
cpu,JNU,end_to_end,Full-S1,True,1,119,80.58725000591949
cpu,JNU,end_to_end,Full-S1,True,1,120,81.14305301569402
cpu,JNU,end_to_end,Full-S1,True,1,121,81.19936002185568
cpu,JNU,end_to_end,Full-S1,True,1,122,81.0149370227009
cpu,JNU,end_to_end,Full-S1,True,1,123,80.83227899624035
cpu,JNU,end_to_end,Full-S1,True,1,124,81.02479495573789
cpu,JNU,end_to_end,Full-S1,True,1,125,80.68121800897643
cpu,JNU,end_to_end,Full-S1,True,1,126,80.64453798579052
cpu,JNU,end_to_end,Full-S1,True,1,127,80.62675799010321
cpu,JNU,end_to_end,Full-S1,True,1,128,80.60091600054875
cpu,JNU,end_to_end,Full-S1,True,1,129,81.00900700083002
cpu,JNU,end_to_end,Full-S1,True,1,130,80.48784203128889
cpu,JNU,end_to_end,Full-S1,True,1,131,80.58604598045349
cpu,JNU,end_to_end,Full-S1,True,1,132,80.51283401437104
cpu,JNU,end_to_end,Full-S1,True,1,133,81.7690120311454
cpu,JNU,end_to_end,Full-S1,True,1,134,80.68359398748726
cpu,JNU,end_to_end,Full-S1,True,1,135,80.58314898516983
cpu,JNU,end_to_end,Full-S1,True,1,136,81.52597898151726
cpu,JNU,end_to_end,Full-S1,True,1,137,80.76978794997558
cpu,JNU,end_to_end,Full-S1,True,1,138,80.66579699516296
cpu,JNU,end_to_end,Full-S1,True,1,139,80.5723579833284
cpu,JNU,end_to_end,Full-S1,True,1,140,80.88453102391213
cpu,JNU,end_to_end,Full-S1,True,1,141,80.61328501207754
cpu,JNU,end_to_end,Full-S1,True,1,142,80.56837401818484
cpu,JNU,end_to_end,Full-S1,True,1,143,80.52767795743421
cpu,JNU,end_to_end,Full-S1,True,1,144,80.59502497781068
cpu,JNU,end_to_end,Full-S1,True,1,145,81.18804200785235
cpu,JNU,end_to_end,Full-S1,True,1,146,81.16305305156857
cpu,JNU,end_to_end,Full-S1,True,1,147,80.58743004221469
cpu,JNU,end_to_end,Full-S1,True,1,148,80.61162900412455
cpu,JNU,end_to_end,Full-S1,True,1,149,80.62438701745123
cpu,JNU,end_to_end,Full-S1,True,1,150,80.63496701652184
cpu,JNU,end_to_end,Full-S1,True,1,151,80.52842394681647
cpu,JNU,end_to_end,Full-S1,True,1,152,80.67548199323937
cpu,JNU,end_to_end,Full-S1,True,1,153,80.77636797679588
cpu,JNU,end_to_end,Full-S1,True,1,154,80.59535798383877
cpu,JNU,end_to_end,Full-S1,True,1,155,80.58690198231488
cpu,JNU,end_to_end,Full-S1,True,1,156,80.73934802087024
cpu,JNU,end_to_end,Full-S1,True,1,157,81.4094269881025
cpu,JNU,end_to_end,Full-S1,True,1,158,81.19995298329741
cpu,JNU,end_to_end,Full-S1,True,1,159,80.60169103555381
cpu,JNU,end_to_end,Full-S1,True,1,160,80.55270800832659
cpu,JNU,end_to_end,Full-S1,True,1,161,80.68032702431083
cpu,JNU,end_to_end,Full-S1,True,1,162,80.798523966223
cpu,JNU,end_to_end,Full-S1,True,1,163,80.60860598925501
cpu,JNU,end_to_end,Full-S1,True,1,164,80.61073598219082
cpu,JNU,end_to_end,Full-S1,True,1,165,80.60957898851484
cpu,JNU,end_to_end,Full-S1,True,1,166,80.55263798451051
cpu,JNU,end_to_end,Full-S1,True,1,167,80.67913597915322
cpu,JNU,end_to_end,Full-S1,True,1,168,80.59921202948317
cpu,JNU,end_to_end,Full-S1,True,1,169,80.56986698647961
cpu,JNU,end_to_end,Full-S1,True,1,170,81.91123197320849
cpu,JNU,end_to_end,Full-S1,True,1,171,80.83770703524351
cpu,JNU,end_to_end,Full-S1,True,1,172,80.65495197661221
cpu,JNU,end_to_end,Full-S1,True,1,173,80.66122198943049
cpu,JNU,end_to_end,Full-S1,True,1,174,80.55514399893582
cpu,JNU,end_to_end,Full-S1,True,1,175,80.79647697741166
cpu,JNU,end_to_end,Full-S1,True,1,176,80.90118103427812
cpu,JNU,end_to_end,Full-S1,True,1,177,80.60108998324722
cpu,JNU,end_to_end,Full-S1,True,1,178,80.53143799770623
cpu,JNU,end_to_end,Full-S1,True,1,179,80.77521296218038
cpu,JNU,end_to_end,Full-S1,True,1,180,80.66795498598367
cpu,JNU,end_to_end,Full-S1,True,1,181,80.66765201510862
cpu,JNU,end_to_end,Full-S1,True,1,182,81.399645016063
cpu,JNU,end_to_end,Full-S1,True,1,183,80.93676704447716
cpu,JNU,end_to_end,Full-S1,True,1,184,80.66531299846247
cpu,JNU,end_to_end,Full-S1,True,1,185,81.52976899873465
cpu,JNU,end_to_end,Full-S1,True,1,186,81.17682603187859
cpu,JNU,end_to_end,Full-S1,True,1,187,80.92566404957324
cpu,JNU,end_to_end,Full-S1,True,1,188,80.75177698628977
cpu,JNU,end_to_end,Full-S1,True,1,189,80.51781199174002
cpu,JNU,end_to_end,Full-S1,True,1,190,80.61684499261901
cpu,JNU,end_to_end,Full-S1,True,1,191,80.69984300527722
cpu,JNU,end_to_end,Full-S1,True,1,192,80.67388401832432
cpu,JNU,end_to_end,Full-S1,True,1,193,80.64696501241997
cpu,JNU,end_to_end,Full-S1,True,1,194,80.56764298817143
cpu,JNU,end_to_end,Full-S1,True,1,195,81.67214505374432
cpu,JNU,end_to_end,Full-S1,True,1,196,80.62737999716774
cpu,JNU,end_to_end,Full-S1,True,1,197,80.6039449525997
cpu,JNU,end_to_end,Full-S1,True,1,198,80.64293401548639
cpu,JNU,end_to_end,Full-S1,True,1,199,82.19593297690153
cpu,JNU,end_to_end,Full-S1,True,1,200,80.65423800144345
cpu,JNU,end_to_end,Full-S1,True,1,201,80.62934898771346
cpu,JNU,end_to_end,Full-S1,True,1,202,81.00357098737732
cpu,JNU,end_to_end,Full-S1,True,1,203,80.91345900902525
cpu,JNU,end_to_end,Full-S1,True,1,204,80.5906429886818
cpu,JNU,end_to_end,Full-S1,True,1,205,80.59164701262489
cpu,JNU,end_to_end,Full-S1,True,1,206,80.79440501751378
cpu,JNU,end_to_end,Full-S1,True,1,207,81.10555197345093
cpu,JNU,end_to_end,Full-S1,True,1,208,81.73177903518081
cpu,JNU,end_to_end,Full-S1,True,1,209,80.74817300075665
cpu,JNU,end_to_end,Full-S1,True,1,210,80.90907102450728
cpu,JNU,end_to_end,Full-S1,True,1,211,80.707096029073
cpu,JNU,end_to_end,Full-S1,True,1,212,80.62463701935485
cpu,JNU,end_to_end,Full-S1,True,1,213,80.70940297329798
cpu,JNU,end_to_end,Full-S1,True,1,214,80.57304401881993
cpu,JNU,end_to_end,Full-S1,True,1,215,80.78322798246518
cpu,JNU,end_to_end,Full-S1,True,1,216,80.84993000375107
cpu,JNU,end_to_end,Full-S1,True,1,217,80.58004296617582
cpu,JNU,end_to_end,Full-S1,True,1,218,80.96267702057958
cpu,JNU,end_to_end,Full-S1,True,1,219,81.39878901420161
cpu,JNU,end_to_end,Full-S1,True,1,220,80.84982197033241
cpu,JNU,end_to_end,Full-S1,True,1,221,80.63425001455471
cpu,JNU,end_to_end,Full-S1,True,1,222,80.53073898190632
cpu,JNU,end_to_end,Full-S1,True,1,223,80.87688399245963
cpu,JNU,end_to_end,Full-S1,True,1,224,80.70129895349964
cpu,JNU,end_to_end,Full-S1,True,1,225,80.60902397846803
cpu,JNU,end_to_end,Full-S1,True,1,226,80.70341602433473
cpu,JNU,end_to_end,Full-S1,True,1,227,80.63226903323084
cpu,JNU,end_to_end,Full-S1,True,1,228,80.6083150091581
cpu,JNU,end_to_end,Full-S1,True,1,229,80.58857801370323
cpu,JNU,end_to_end,Full-S1,True,1,230,80.59946401044726
cpu,JNU,end_to_end,Full-S1,True,1,231,80.63879702240229
cpu,JNU,end_to_end,Full-S1,True,1,232,82.3046580189839
cpu,JNU,end_to_end,Full-S1,True,1,233,80.80813399283215
cpu,JNU,end_to_end,Full-S1,True,1,234,80.60992398532107
cpu,JNU,end_to_end,Full-S1,True,1,235,80.5841030087322
cpu,JNU,end_to_end,Full-S1,True,1,236,80.61993203591555
cpu,JNU,end_to_end,Full-S1,True,1,237,80.73613396845758
cpu,JNU,end_to_end,Full-S1,True,1,238,80.59512602631003
cpu,JNU,end_to_end,Full-S1,True,1,239,80.62741300091147
cpu,JNU,end_to_end,Full-S1,True,1,240,80.6093139690347
cpu,JNU,end_to_end,Full-S1,True,1,241,80.6962110218592
cpu,JNU,end_to_end,Full-S1,True,1,242,80.66532103111967
cpu,JNU,end_to_end,Full-S1,True,1,243,81.58031897619367
cpu,JNU,end_to_end,Full-S1,True,1,244,81.05202397564426
cpu,JNU,end_to_end,Full-S1,True,1,245,81.28852199297398
cpu,JNU,end_to_end,Full-S1,True,1,246,80.69997897837311
cpu,JNU,end_to_end,Full-S1,True,1,247,80.85215598111972
cpu,JNU,end_to_end,Full-S1,True,1,248,80.65224799793214
cpu,JNU,end_to_end,Full-S1,True,1,249,80.6583869853057
cpu,JNU,end_to_end,Full-S1,True,2,0,80.64397901762277
cpu,JNU,end_to_end,Full-S1,True,2,1,80.62302297912538
cpu,JNU,end_to_end,Full-S1,True,2,2,80.55966801475734
cpu,JNU,end_to_end,Full-S1,True,2,3,80.58017201256007
cpu,JNU,end_to_end,Full-S1,True,2,4,80.59932797914371
cpu,JNU,end_to_end,Full-S1,True,2,5,80.76052099931985
cpu,JNU,end_to_end,Full-S1,True,2,6,81.54395798919722
cpu,JNU,end_to_end,Full-S1,True,2,7,81.3659819541499
cpu,JNU,end_to_end,Full-S1,True,2,8,80.6337789981626
cpu,JNU,end_to_end,Full-S1,True,2,9,80.57421399280429
cpu,JNU,end_to_end,Full-S1,True,2,10,80.60233300784603
cpu,JNU,end_to_end,Full-S1,True,2,11,80.73926600627601
cpu,JNU,end_to_end,Full-S1,True,2,12,80.59764199424535
cpu,JNU,end_to_end,Full-S1,True,2,13,80.63403802225366
cpu,JNU,end_to_end,Full-S1,True,2,14,81.08503796393052
cpu,JNU,end_to_end,Full-S1,True,2,15,80.79882699530572
cpu,JNU,end_to_end,Full-S1,True,2,16,80.61828499194235
cpu,JNU,end_to_end,Full-S1,True,2,17,80.57790203019977
cpu,JNU,end_to_end,Full-S1,True,2,18,80.61113301664591
cpu,JNU,end_to_end,Full-S1,True,2,19,81.22925000498071
cpu,JNU,end_to_end,Full-S1,True,2,20,81.12455398077145
cpu,JNU,end_to_end,Full-S1,True,2,21,80.53873101016507
cpu,JNU,end_to_end,Full-S1,True,2,22,80.58488898677751
cpu,JNU,end_to_end,Full-S1,True,2,23,80.67910000681877
cpu,JNU,end_to_end,Full-S1,True,2,24,80.62632696237415
cpu,JNU,end_to_end,Full-S1,True,2,25,80.58055501896888
cpu,JNU,end_to_end,Full-S1,True,2,26,80.67271404433995
cpu,JNU,end_to_end,Full-S1,True,2,27,80.52051602862775
cpu,JNU,end_to_end,Full-S1,True,2,28,80.59749298263341
cpu,JNU,end_to_end,Full-S1,True,2,29,80.61360503779724
cpu,JNU,end_to_end,Full-S1,True,2,30,80.61064302455634
cpu,JNU,end_to_end,Full-S1,True,2,31,81.29500603536144
cpu,JNU,end_to_end,Full-S1,True,2,32,80.86598798399791
cpu,JNU,end_to_end,Full-S1,True,2,33,80.61904303031042
cpu,JNU,end_to_end,Full-S1,True,2,34,80.64442704198882
cpu,JNU,end_to_end,Full-S1,True,2,35,80.54200297920033
cpu,JNU,end_to_end,Full-S1,True,2,36,80.70488402154297
cpu,JNU,end_to_end,Full-S1,True,2,37,80.67109202966094
cpu,JNU,end_to_end,Full-S1,True,2,38,80.66898898687214
cpu,JNU,end_to_end,Full-S1,True,2,39,80.88469703216106
cpu,JNU,end_to_end,Full-S1,True,2,40,80.60093101812527
cpu,JNU,end_to_end,Full-S1,True,2,41,80.56220802245662
cpu,JNU,end_to_end,Full-S1,True,2,42,80.70281299296767
cpu,JNU,end_to_end,Full-S1,True,2,43,80.60610800748691
cpu,JNU,end_to_end,Full-S1,True,2,44,81.81383000919595
cpu,JNU,end_to_end,Full-S1,True,2,45,80.9214580222033
cpu,JNU,end_to_end,Full-S1,True,2,46,80.51249803975224
cpu,JNU,end_to_end,Full-S1,True,2,47,80.58752003125846
cpu,JNU,end_to_end,Full-S1,True,2,48,80.7218819973059
cpu,JNU,end_to_end,Full-S1,True,2,49,80.64962300704792
cpu,JNU,end_to_end,Full-S1,True,2,50,83.21375300874934
cpu,JNU,end_to_end,Full-S1,True,2,51,80.70612495066598
cpu,JNU,end_to_end,Full-S1,True,2,52,80.64194599865004
cpu,JNU,end_to_end,Full-S1,True,2,53,80.58865397470072
cpu,JNU,end_to_end,Full-S1,True,2,54,80.65747300861403
cpu,JNU,end_to_end,Full-S1,True,2,55,80.79617499606684
cpu,JNU,end_to_end,Full-S1,True,2,56,81.605481042061
cpu,JNU,end_to_end,Full-S1,True,2,57,81.95270801661536
cpu,JNU,end_to_end,Full-S1,True,2,58,80.59552102349699
cpu,JNU,end_to_end,Full-S1,True,2,59,80.91655099997297
cpu,JNU,end_to_end,Full-S1,True,2,60,80.78590501099825
cpu,JNU,end_to_end,Full-S1,True,2,61,80.6455509737134
cpu,JNU,end_to_end,Full-S1,True,2,62,80.58806700864807
cpu,JNU,end_to_end,Full-S1,True,2,63,80.63001901609823
cpu,JNU,end_to_end,Full-S1,True,2,64,80.53687302162871
cpu,JNU,end_to_end,Full-S1,True,2,65,80.9223519754596
cpu,JNU,end_to_end,Full-S1,True,2,66,80.55939601035789
cpu,JNU,end_to_end,Full-S1,True,2,67,80.54890501080081
cpu,JNU,end_to_end,Full-S1,True,2,68,81.5550729748793
cpu,JNU,end_to_end,Full-S1,True,2,69,80.78843104885891
cpu,JNU,end_to_end,Full-S1,True,2,70,80.90435399208218
cpu,JNU,end_to_end,Full-S1,True,2,71,80.59339801548049
cpu,JNU,end_to_end,Full-S1,True,2,72,80.64721699338406
cpu,JNU,end_to_end,Full-S1,True,2,73,80.7038249913603
cpu,JNU,end_to_end,Full-S1,True,2,74,80.51434200024232
cpu,JNU,end_to_end,Full-S1,True,2,75,81.9955809856765
cpu,JNU,end_to_end,Full-S1,True,2,76,81.07657195068896
cpu,JNU,end_to_end,Full-S1,True,2,77,80.8490079944022
cpu,JNU,end_to_end,Full-S1,True,2,78,80.64826700137928
cpu,JNU,end_to_end,Full-S1,True,2,79,80.57923102751374
cpu,JNU,end_to_end,Full-S1,True,2,80,80.55158302886412
cpu,JNU,end_to_end,Full-S1,True,2,81,80.92903398210183
cpu,JNU,end_to_end,Full-S1,True,2,82,80.88714105542749
cpu,JNU,end_to_end,Full-S1,True,2,83,80.6811319780536
cpu,JNU,end_to_end,Full-S1,True,2,84,80.5948480265215
cpu,JNU,end_to_end,Full-S1,True,2,85,80.63952898373827
cpu,JNU,end_to_end,Full-S1,True,2,86,80.61750599881634
cpu,JNU,end_to_end,Full-S1,True,2,87,80.53658501012251
cpu,JNU,end_to_end,Full-S1,True,2,88,80.59788501122966
cpu,JNU,end_to_end,Full-S1,True,2,89,80.82621201174334
cpu,JNU,end_to_end,Full-S1,True,2,90,80.65670600626618
cpu,JNU,end_to_end,Full-S1,True,2,91,80.66541701555252
cpu,JNU,end_to_end,Full-S1,True,2,92,80.58754605008289
cpu,JNU,end_to_end,Full-S1,True,2,93,81.26190799521282
cpu,JNU,end_to_end,Full-S1,True,2,94,80.82303404808044
cpu,JNU,end_to_end,Full-S1,True,2,95,81.48374001029879
cpu,JNU,end_to_end,Full-S1,True,2,96,80.66406496800482
cpu,JNU,end_to_end,Full-S1,True,2,97,80.6184759712778
cpu,JNU,end_to_end,Full-S1,True,2,98,80.6169820134528
cpu,JNU,end_to_end,Full-S1,True,2,99,80.68218396510929
cpu,JNU,end_to_end,Full-S1,True,2,100,80.55764902383089
cpu,JNU,end_to_end,Full-S1,True,2,101,80.64552705036476
cpu,JNU,end_to_end,Full-S1,True,2,102,80.70118998875841
cpu,JNU,end_to_end,Full-S1,True,2,103,80.53847699193284
cpu,JNU,end_to_end,Full-S1,True,2,104,80.66608302760869
cpu,JNU,end_to_end,Full-S1,True,2,105,81.34999201865867
cpu,JNU,end_to_end,Full-S1,True,2,106,82.08486397052184
cpu,JNU,end_to_end,Full-S1,True,2,107,80.87901800172403
cpu,JNU,end_to_end,Full-S1,True,2,108,80.57065296452492
cpu,JNU,end_to_end,Full-S1,True,2,109,80.55846899515018
cpu,JNU,end_to_end,Full-S1,True,2,110,80.71126998402178
cpu,JNU,end_to_end,Full-S1,True,2,111,80.73162700748071
cpu,JNU,end_to_end,Full-S1,True,2,112,80.67434898111969
cpu,JNU,end_to_end,Full-S1,True,2,113,80.64987504621968
cpu,JNU,end_to_end,Full-S1,True,2,114,80.58001397876069
cpu,JNU,end_to_end,Full-S1,True,2,115,80.85768297314644
cpu,JNU,end_to_end,Full-S1,True,2,116,80.55563399102539
cpu,JNU,end_to_end,Full-S1,True,2,117,80.57002502027899
cpu,JNU,end_to_end,Full-S1,True,2,118,81.41280099516734
cpu,JNU,end_to_end,Full-S1,True,2,119,81.28844801103696
cpu,JNU,end_to_end,Full-S1,True,2,120,80.71899297647178
cpu,JNU,end_to_end,Full-S1,True,2,121,80.86633996572345
cpu,JNU,end_to_end,Full-S1,True,2,122,80.72540198918432
cpu,JNU,end_to_end,Full-S1,True,2,123,80.57783998083323
cpu,JNU,end_to_end,Full-S1,True,2,124,80.68092499161139
cpu,JNU,end_to_end,Full-S1,True,2,125,80.71363298222423
cpu,JNU,end_to_end,Full-S1,True,2,126,80.56357997702435
cpu,JNU,end_to_end,Full-S1,True,2,127,80.55220998357981
cpu,JNU,end_to_end,Full-S1,True,2,128,80.6103580398485
cpu,JNU,end_to_end,Full-S1,True,2,129,80.61409200308844
cpu,JNU,end_to_end,Full-S1,True,2,130,81.65471901884302
cpu,JNU,end_to_end,Full-S1,True,2,131,80.67691297037527
cpu,JNU,end_to_end,Full-S1,True,2,132,81.25458605354652
cpu,JNU,end_to_end,Full-S1,True,2,133,80.55950398556888
cpu,JNU,end_to_end,Full-S1,True,2,134,80.67271200707182
cpu,JNU,end_to_end,Full-S1,True,2,135,80.6530779809691
cpu,JNU,end_to_end,Full-S1,True,2,136,80.66077501280233
cpu,JNU,end_to_end,Full-S1,True,2,137,80.64051502151415
cpu,JNU,end_to_end,Full-S1,True,2,138,81.58658299362287
cpu,JNU,end_to_end,Full-S1,True,2,139,81.04703796561807
cpu,JNU,end_to_end,Full-S1,True,2,140,80.78956400277093
cpu,JNU,end_to_end,Full-S1,True,2,141,80.65980102401227
cpu,JNU,end_to_end,Full-S1,True,2,142,80.61620203079656
cpu,JNU,end_to_end,Full-S1,True,2,143,81.17967599537224
cpu,JNU,end_to_end,Full-S1,True,2,144,80.82994405413046
cpu,JNU,end_to_end,Full-S1,True,2,145,80.93767298851162
cpu,JNU,end_to_end,Full-S1,True,2,146,80.57398302480578
cpu,JNU,end_to_end,Full-S1,True,2,147,80.59341600164771
cpu,JNU,end_to_end,Full-S1,True,2,148,80.71772701805457
cpu,JNU,end_to_end,Full-S1,True,2,149,80.49583499087021
cpu,JNU,end_to_end,Full-S1,True,2,150,80.5651469854638
cpu,JNU,end_to_end,Full-S1,True,2,151,80.59596800012514
cpu,JNU,end_to_end,Full-S1,True,2,152,80.55780897848308
cpu,JNU,end_to_end,Full-S1,True,2,153,80.72258502943441
cpu,JNU,end_to_end,Full-S1,True,2,154,80.79565200023353
cpu,JNU,end_to_end,Full-S1,True,2,155,81.65826002368703
cpu,JNU,end_to_end,Full-S1,True,2,156,81.55739295762032
cpu,JNU,end_to_end,Full-S1,True,2,157,80.7367330417037
cpu,JNU,end_to_end,Full-S1,True,2,158,80.6451509706676
cpu,JNU,end_to_end,Full-S1,True,2,159,80.5864529684186
cpu,JNU,end_to_end,Full-S1,True,2,160,80.70722297998145
cpu,JNU,end_to_end,Full-S1,True,2,161,80.64400695730001
cpu,JNU,end_to_end,Full-S1,True,2,162,80.75095800450072
cpu,JNU,end_to_end,Full-S1,True,2,163,80.56960901012644
cpu,JNU,end_to_end,Full-S1,True,2,164,80.77840198529884
cpu,JNU,end_to_end,Full-S1,True,2,165,80.49551100702956
cpu,JNU,end_to_end,Full-S1,True,2,166,80.66224097274244
cpu,JNU,end_to_end,Full-S1,True,2,167,81.73626899952069
cpu,JNU,end_to_end,Full-S1,True,2,168,82.37429801374674
cpu,JNU,end_to_end,Full-S1,True,2,169,81.22398698469624
cpu,JNU,end_to_end,Full-S1,True,2,170,80.62979398528114
cpu,JNU,end_to_end,Full-S1,True,2,171,80.68167202873155
cpu,JNU,end_to_end,Full-S1,True,2,172,80.63596702413633
cpu,JNU,end_to_end,Full-S1,True,2,173,80.5903150467202
cpu,JNU,end_to_end,Full-S1,True,2,174,80.54286596598104
cpu,JNU,end_to_end,Full-S1,True,2,175,80.67564899101853
cpu,JNU,end_to_end,Full-S1,True,2,176,80.58536500902846
cpu,JNU,end_to_end,Full-S1,True,2,177,80.56763903005049
cpu,JNU,end_to_end,Full-S1,True,2,178,80.69026097655296
cpu,JNU,end_to_end,Full-S1,True,2,179,80.59339300962165
cpu,JNU,end_to_end,Full-S1,True,2,180,81.17355196736753
cpu,JNU,end_to_end,Full-S1,True,2,181,81.20517700444907
cpu,JNU,end_to_end,Full-S1,True,2,182,80.745259008836
cpu,JNU,end_to_end,Full-S1,True,2,183,80.83975501358509
cpu,JNU,end_to_end,Full-S1,True,2,184,80.76680201338604
cpu,JNU,end_to_end,Full-S1,True,2,185,80.68313094554469
cpu,JNU,end_to_end,Full-S1,True,2,186,80.60541801387444
cpu,JNU,end_to_end,Full-S1,True,2,187,80.6243289844133
cpu,JNU,end_to_end,Full-S1,True,2,188,80.58999199420214
cpu,JNU,end_to_end,Full-S1,True,2,189,80.51695697940886
cpu,JNU,end_to_end,Full-S1,True,2,190,80.46503603691235
cpu,JNU,end_to_end,Full-S1,True,2,191,80.75716497842222
cpu,JNU,end_to_end,Full-S1,True,2,192,81.50997100165114
cpu,JNU,end_to_end,Full-S1,True,2,193,83.08668801328167
cpu,JNU,end_to_end,Full-S1,True,2,194,84.95386200957
cpu,JNU,end_to_end,Full-S1,True,2,195,80.69780695950612
cpu,JNU,end_to_end,Full-S1,True,2,196,80.67083300556988
cpu,JNU,end_to_end,Full-S1,True,2,197,80.70426998892799
cpu,JNU,end_to_end,Full-S1,True,2,198,81.30424399860203
cpu,JNU,end_to_end,Full-S1,True,2,199,80.5922580184415
cpu,JNU,end_to_end,Full-S1,True,2,200,81.12255902960896
cpu,JNU,end_to_end,Full-S1,True,2,201,81.5002610324882
cpu,JNU,end_to_end,Full-S1,True,2,202,82.01766002457589
cpu,JNU,end_to_end,Full-S1,True,2,203,80.874280014541
cpu,JNU,end_to_end,Full-S1,True,2,204,81.3678739941679
cpu,JNU,end_to_end,Full-S1,True,2,205,80.71919000940397
cpu,JNU,end_to_end,Full-S1,True,2,206,83.79332395270467
cpu,JNU,end_to_end,Full-S1,True,2,207,80.72071499191225
cpu,JNU,end_to_end,Full-S1,True,2,208,80.61348501360044
cpu,JNU,end_to_end,Full-S1,True,2,209,80.76356496894732
cpu,JNU,end_to_end,Full-S1,True,2,210,80.770411004778
cpu,JNU,end_to_end,Full-S1,True,2,211,80.58319898555055
cpu,JNU,end_to_end,Full-S1,True,2,212,80.74696699623019
cpu,JNU,end_to_end,Full-S1,True,2,213,80.73285897262394
cpu,JNU,end_to_end,Full-S1,True,2,214,80.60402504634112
cpu,JNU,end_to_end,Full-S1,True,2,215,80.64525300869718
cpu,JNU,end_to_end,Full-S1,True,2,216,80.62832296127453
cpu,JNU,end_to_end,Full-S1,True,2,217,81.07942499918863
cpu,JNU,end_to_end,Full-S1,True,2,218,81.55887597240508
cpu,JNU,end_to_end,Full-S1,True,2,219,80.73169703129679
cpu,JNU,end_to_end,Full-S1,True,2,220,80.67838300485164
cpu,JNU,end_to_end,Full-S1,True,2,221,80.73273801710457
cpu,JNU,end_to_end,Full-S1,True,2,222,80.66907897591591
cpu,JNU,end_to_end,Full-S1,True,2,223,80.5811759782955
cpu,JNU,end_to_end,Full-S1,True,2,224,80.81386797130108
cpu,JNU,end_to_end,Full-S1,True,2,225,80.70300199324265
cpu,JNU,end_to_end,Full-S1,True,2,226,80.61024599010125
cpu,JNU,end_to_end,Full-S1,True,2,227,80.6547420215793
cpu,JNU,end_to_end,Full-S1,True,2,228,80.57814603671432
cpu,JNU,end_to_end,Full-S1,True,2,229,82.01951702358201
cpu,JNU,end_to_end,Full-S1,True,2,230,80.75488801114261
cpu,JNU,end_to_end,Full-S1,True,2,231,80.8525390457362
cpu,JNU,end_to_end,Full-S1,True,2,232,80.65936795901507
cpu,JNU,end_to_end,Full-S1,True,2,233,80.57697501499206
cpu,JNU,end_to_end,Full-S1,True,2,234,81.44551602890715
cpu,JNU,end_to_end,Full-S1,True,2,235,80.57307201670483
cpu,JNU,end_to_end,Full-S1,True,2,236,80.63402300467715
cpu,JNU,end_to_end,Full-S1,True,2,237,80.58629801962525
cpu,JNU,end_to_end,Full-S1,True,2,238,80.53227805066854
cpu,JNU,end_to_end,Full-S1,True,2,239,80.63664397923276
cpu,JNU,end_to_end,Full-S1,True,2,240,80.5989209911786
cpu,JNU,end_to_end,Full-S1,True,2,241,81.04662504047155
cpu,JNU,end_to_end,Full-S1,True,2,242,80.97208698745817
cpu,JNU,end_to_end,Full-S1,True,2,243,81.73782401718199
cpu,JNU,end_to_end,Full-S1,True,2,244,80.60254500014707
cpu,JNU,end_to_end,Full-S1,True,2,245,81.31963404593989
cpu,JNU,end_to_end,Full-S1,True,2,246,80.71880100760609
cpu,JNU,end_to_end,Full-S1,True,2,247,80.65404498483986
cpu,JNU,end_to_end,Full-S1,True,2,248,80.5373209877871
cpu,JNU,end_to_end,Full-S1,True,2,249,80.59701300226152
cpu,JNU,end_to_end,K1,True,2,0,43.122611998114735
cpu,JNU,end_to_end,K1,True,2,1,42.25052101537585
cpu,JNU,end_to_end,K1,True,2,2,42.27710596751422
cpu,JNU,end_to_end,K1,True,2,3,42.28983900975436
cpu,JNU,end_to_end,K1,True,2,4,42.22396301338449
cpu,JNU,end_to_end,K1,True,2,5,42.38504800014198
cpu,JNU,end_to_end,K1,True,2,6,42.37426398321986
cpu,JNU,end_to_end,K1,True,2,7,42.26107901195064
cpu,JNU,end_to_end,K1,True,2,8,43.29981200862676
cpu,JNU,end_to_end,K1,True,2,9,42.41285199532285
cpu,JNU,end_to_end,K1,True,2,10,42.79067099560052
cpu,JNU,end_to_end,K1,True,2,11,42.40793699864298
cpu,JNU,end_to_end,K1,True,2,12,42.321811022702605
cpu,JNU,end_to_end,K1,True,2,13,42.24775196053088
cpu,JNU,end_to_end,K1,True,2,14,42.421595950145274
cpu,JNU,end_to_end,K1,True,2,15,42.30493796057999
cpu,JNU,end_to_end,K1,True,2,16,42.28834999958053
cpu,JNU,end_to_end,K1,True,2,17,42.38587903091684
cpu,JNU,end_to_end,K1,True,2,18,42.32403798960149
cpu,JNU,end_to_end,K1,True,2,19,42.348859016783535
cpu,JNU,end_to_end,K1,True,2,20,42.270409991033375
cpu,JNU,end_to_end,K1,True,2,21,42.335428996011615
cpu,JNU,end_to_end,K1,True,2,22,42.518059024587274
cpu,JNU,end_to_end,K1,True,2,23,42.315478960517794
cpu,JNU,end_to_end,K1,True,2,24,42.751972971018404
cpu,JNU,end_to_end,K1,True,2,25,42.34584100777283
cpu,JNU,end_to_end,K1,True,2,26,42.3463869956322
cpu,JNU,end_to_end,K1,True,2,27,42.286536016035825
cpu,JNU,end_to_end,K1,True,2,28,42.3655990161933
cpu,JNU,end_to_end,K1,True,2,29,42.23262000596151
cpu,JNU,end_to_end,K1,True,2,30,42.345174006186426
cpu,JNU,end_to_end,K1,True,2,31,42.93783800676465
cpu,JNU,end_to_end,K1,True,2,32,42.47891198610887
cpu,JNU,end_to_end,K1,True,2,33,42.326717055402696
cpu,JNU,end_to_end,K1,True,2,34,42.232637002598494
cpu,JNU,end_to_end,K1,True,2,35,42.68872702959925
cpu,JNU,end_to_end,K1,True,2,36,42.394104006234556
cpu,JNU,end_to_end,K1,True,2,37,42.34415298560634
cpu,JNU,end_to_end,K1,True,2,38,42.31584002263844
cpu,JNU,end_to_end,K1,True,2,39,42.33009397285059
cpu,JNU,end_to_end,K1,True,2,40,42.26661002030596
cpu,JNU,end_to_end,K1,True,2,41,42.269379016943276
cpu,JNU,end_to_end,K1,True,2,42,42.42752504069358
cpu,JNU,end_to_end,K1,True,2,43,42.28533001150936
cpu,JNU,end_to_end,K1,True,2,44,42.25247004069388
cpu,JNU,end_to_end,K1,True,2,45,42.27963002631441
cpu,JNU,end_to_end,K1,True,2,46,42.31429303763434
cpu,JNU,end_to_end,K1,True,2,47,42.21937200054526
cpu,JNU,end_to_end,K1,True,2,48,42.267242970410734
cpu,JNU,end_to_end,K1,True,2,49,42.303066002205014
cpu,JNU,end_to_end,K1,True,2,50,42.33041300904006
cpu,JNU,end_to_end,K1,True,2,51,42.29183797724545
cpu,JNU,end_to_end,K1,True,2,52,42.32741700252518
cpu,JNU,end_to_end,K1,True,2,53,42.269130994100124
cpu,JNU,end_to_end,K1,True,2,54,42.361551022622734
cpu,JNU,end_to_end,K1,True,2,55,43.22746198158711
cpu,JNU,end_to_end,K1,True,2,56,42.39604499889538
cpu,JNU,end_to_end,K1,True,2,57,42.36922599375248
cpu,JNU,end_to_end,K1,True,2,58,42.30300500057638
cpu,JNU,end_to_end,K1,True,2,59,42.44436201406643
cpu,JNU,end_to_end,K1,True,2,60,42.31463896576315
cpu,JNU,end_to_end,K1,True,2,61,42.30871197069064
cpu,JNU,end_to_end,K1,True,2,62,42.28493204573169
cpu,JNU,end_to_end,K1,True,2,63,42.390371032524854
cpu,JNU,end_to_end,K1,True,2,64,42.349827010184526
cpu,JNU,end_to_end,K1,True,2,65,42.27271495619789
cpu,JNU,end_to_end,K1,True,2,66,42.380542028695345
cpu,JNU,end_to_end,K1,True,2,67,42.26019198540598
cpu,JNU,end_to_end,K1,True,2,68,42.23305400228128
cpu,JNU,end_to_end,K1,True,2,69,42.34500101301819
cpu,JNU,end_to_end,K1,True,2,70,42.29154100175947
cpu,JNU,end_to_end,K1,True,2,71,42.22061700420454
cpu,JNU,end_to_end,K1,True,2,72,42.31218504719436
cpu,JNU,end_to_end,K1,True,2,73,42.29527001734823
cpu,JNU,end_to_end,K1,True,2,74,42.28284797864035
cpu,JNU,end_to_end,K1,True,2,75,42.36160102300346
cpu,JNU,end_to_end,K1,True,2,76,42.322037974372506
cpu,JNU,end_to_end,K1,True,2,77,42.300840956158936
cpu,JNU,end_to_end,K1,True,2,78,42.27262601489201
cpu,JNU,end_to_end,K1,True,2,79,43.53734303731471
cpu,JNU,end_to_end,K1,True,2,80,42.57412895094603
cpu,JNU,end_to_end,K1,True,2,81,42.2834680066444
cpu,JNU,end_to_end,K1,True,2,82,42.42664104094729
cpu,JNU,end_to_end,K1,True,2,83,42.310977005399764
cpu,JNU,end_to_end,K1,True,2,84,42.33495000516996
cpu,JNU,end_to_end,K1,True,2,85,42.30327997356653
cpu,JNU,end_to_end,K1,True,2,86,42.25111799314618
cpu,JNU,end_to_end,K1,True,2,87,42.323319998104125
cpu,JNU,end_to_end,K1,True,2,88,42.406514985486865
cpu,JNU,end_to_end,K1,True,2,89,42.30857698712498
cpu,JNU,end_to_end,K1,True,2,90,43.2966910302639
cpu,JNU,end_to_end,K1,True,2,91,45.058753981720656
cpu,JNU,end_to_end,K1,True,2,92,42.575940024107695
cpu,JNU,end_to_end,K1,True,2,93,42.39104501903057
cpu,JNU,end_to_end,K1,True,2,94,42.40580601617694
cpu,JNU,end_to_end,K1,True,2,95,42.28734504431486
cpu,JNU,end_to_end,K1,True,2,96,42.288208031095564
cpu,JNU,end_to_end,K1,True,2,97,42.30539099080488
cpu,JNU,end_to_end,K1,True,2,98,42.29764000046998
cpu,JNU,end_to_end,K1,True,2,99,42.38718398846686
cpu,JNU,end_to_end,K1,True,2,100,42.39093296928331
cpu,JNU,end_to_end,K1,True,2,101,42.320895998273045
cpu,JNU,end_to_end,K1,True,2,102,42.62465803185478
cpu,JNU,end_to_end,K1,True,2,103,42.4145600409247
cpu,JNU,end_to_end,K1,True,2,104,42.36955096712336
cpu,JNU,end_to_end,K1,True,2,105,42.57952800253406
cpu,JNU,end_to_end,K1,True,2,106,42.63166297459975
cpu,JNU,end_to_end,K1,True,2,107,42.37428301712498
cpu,JNU,end_to_end,K1,True,2,108,43.01373998168856
cpu,JNU,end_to_end,K1,True,2,109,42.36981301801279
cpu,JNU,end_to_end,K1,True,2,110,42.32187999878079
cpu,JNU,end_to_end,K1,True,2,111,42.47815301641822
cpu,JNU,end_to_end,K1,True,2,112,42.34582500066608
cpu,JNU,end_to_end,K1,True,2,113,42.31403802987188
cpu,JNU,end_to_end,K1,True,2,114,42.27287496905774
cpu,JNU,end_to_end,K1,True,2,115,42.28895902633667
cpu,JNU,end_to_end,K1,True,2,116,42.322574998252094
cpu,JNU,end_to_end,K1,True,2,117,42.29202901478857
cpu,JNU,end_to_end,K1,True,2,118,42.30169701622799
cpu,JNU,end_to_end,K1,True,2,119,42.30741801438853
cpu,JNU,end_to_end,K1,True,2,120,42.286736017558724
cpu,JNU,end_to_end,K1,True,2,121,42.30815503979102
cpu,JNU,end_to_end,K1,True,2,122,42.29574400233105
cpu,JNU,end_to_end,K1,True,2,123,42.28025098564103
cpu,JNU,end_to_end,K1,True,2,124,42.28865500772372
cpu,JNU,end_to_end,K1,True,2,125,42.374122014734894
cpu,JNU,end_to_end,K1,True,2,126,42.832690000068396
cpu,JNU,end_to_end,K1,True,2,127,42.36086900345981
cpu,JNU,end_to_end,K1,True,2,128,42.29419399052858
cpu,JNU,end_to_end,K1,True,2,129,42.27506398456171
cpu,JNU,end_to_end,K1,True,2,130,42.59943001670763
cpu,JNU,end_to_end,K1,True,2,131,42.269304976798594
cpu,JNU,end_to_end,K1,True,2,132,42.25823102751747
cpu,JNU,end_to_end,K1,True,2,133,42.27624600753188
cpu,JNU,end_to_end,K1,True,2,134,42.30877599911764
cpu,JNU,end_to_end,K1,True,2,135,42.36070701153949
cpu,JNU,end_to_end,K1,True,2,136,42.426667001564056
cpu,JNU,end_to_end,K1,True,2,137,42.266192962415516
cpu,JNU,end_to_end,K1,True,2,138,42.590473021846265
cpu,JNU,end_to_end,K1,True,2,139,42.25109500112012
cpu,JNU,end_to_end,K1,True,2,140,42.815001972485334
cpu,JNU,end_to_end,K1,True,2,141,42.293879960197955
cpu,JNU,end_to_end,K1,True,2,142,42.36352600855753
cpu,JNU,end_to_end,K1,True,2,143,42.242294002790004
cpu,JNU,end_to_end,K1,True,2,144,42.238149035256356
cpu,JNU,end_to_end,K1,True,2,145,42.24265500670299
cpu,JNU,end_to_end,K1,True,2,146,42.29568300070241
cpu,JNU,end_to_end,K1,True,2,147,42.27458802051842
cpu,JNU,end_to_end,K1,True,2,148,42.25968202808872
cpu,JNU,end_to_end,K1,True,2,149,42.761582997627556
cpu,JNU,end_to_end,K1,True,2,150,42.45164297753945
cpu,JNU,end_to_end,K1,True,2,151,42.29769698577002
cpu,JNU,end_to_end,K1,True,2,152,42.269788042176515
cpu,JNU,end_to_end,K1,True,2,153,42.41256101522595
cpu,JNU,end_to_end,K1,True,2,154,42.30952600482851
cpu,JNU,end_to_end,K1,True,2,155,42.30226605432108
cpu,JNU,end_to_end,K1,True,2,156,42.34709404408932
cpu,JNU,end_to_end,K1,True,2,157,42.275435000192374
cpu,JNU,end_to_end,K1,True,2,158,42.33854101039469
cpu,JNU,end_to_end,K1,True,2,159,42.414664989337325
cpu,JNU,end_to_end,K1,True,2,160,42.274073988664895
cpu,JNU,end_to_end,K1,True,2,161,42.30054799700156
cpu,JNU,end_to_end,K1,True,2,162,42.32320701703429
cpu,JNU,end_to_end,K1,True,2,163,42.332754004746675
cpu,JNU,end_to_end,K1,True,2,164,42.42792696459219
cpu,JNU,end_to_end,K1,True,2,165,42.35279199201614
cpu,JNU,end_to_end,K1,True,2,166,42.38925699610263
cpu,JNU,end_to_end,K1,True,2,167,42.265661992132664
cpu,JNU,end_to_end,K1,True,2,168,42.3943159985356
cpu,JNU,end_to_end,K1,True,2,169,42.302142013795674
cpu,JNU,end_to_end,K1,True,2,170,42.29366104118526
cpu,JNU,end_to_end,K1,True,2,171,42.25231701275334
cpu,JNU,end_to_end,K1,True,2,172,42.223464988637716
cpu,JNU,end_to_end,K1,True,2,173,42.902134999167174
cpu,JNU,end_to_end,K1,True,2,174,42.38807404180989
cpu,JNU,end_to_end,K1,True,2,175,42.24742198130116
cpu,JNU,end_to_end,K1,True,2,176,42.33031999319792
cpu,JNU,end_to_end,K1,True,2,177,42.696287971921265
cpu,JNU,end_to_end,K1,True,2,178,42.28988499380648
cpu,JNU,end_to_end,K1,True,2,179,42.24971600342542
cpu,JNU,end_to_end,K1,True,2,180,42.218832997605205
cpu,JNU,end_to_end,K1,True,2,181,42.30077302781865
cpu,JNU,end_to_end,K1,True,2,182,42.34556102892384
cpu,JNU,end_to_end,K1,True,2,183,42.277406028006226
cpu,JNU,end_to_end,K1,True,2,184,42.40075498819351
cpu,JNU,end_to_end,K1,True,2,185,42.237406014464796
cpu,JNU,end_to_end,K1,True,2,186,42.22361202118918
cpu,JNU,end_to_end,K1,True,2,187,42.285217030439526
cpu,JNU,end_to_end,K1,True,2,188,42.32928797136992
cpu,JNU,end_to_end,K1,True,2,189,42.22574399318546
cpu,JNU,end_to_end,K1,True,2,190,42.208224011119455
cpu,JNU,end_to_end,K1,True,2,191,42.22319199470803
cpu,JNU,end_to_end,K1,True,2,192,42.305310955271125
cpu,JNU,end_to_end,K1,True,2,193,42.26724000182003
cpu,JNU,end_to_end,K1,True,2,194,42.35922603402287
cpu,JNU,end_to_end,K1,True,2,195,42.30459302198142
cpu,JNU,end_to_end,K1,True,2,196,42.535602988209575
cpu,JNU,end_to_end,K1,True,2,197,43.02154801553115
cpu,JNU,end_to_end,K1,True,2,198,42.33169899089262
cpu,JNU,end_to_end,K1,True,2,199,44.75849203299731
cpu,JNU,end_to_end,K1,True,2,200,42.31068096123636
cpu,JNU,end_to_end,K1,True,2,201,42.38029895350337
cpu,JNU,end_to_end,K1,True,2,202,42.286138981580734
cpu,JNU,end_to_end,K1,True,2,203,42.29765897616744
cpu,JNU,end_to_end,K1,True,2,204,42.25427401252091
cpu,JNU,end_to_end,K1,True,2,205,42.28408500785008
cpu,JNU,end_to_end,K1,True,2,206,42.33903804561123
cpu,JNU,end_to_end,K1,True,2,207,42.289984005037695
cpu,JNU,end_to_end,K1,True,2,208,42.414305033162236
cpu,JNU,end_to_end,K1,True,2,209,42.2912550275214
cpu,JNU,end_to_end,K1,True,2,210,42.29920502984896
cpu,JNU,end_to_end,K1,True,2,211,42.3312489874661
cpu,JNU,end_to_end,K1,True,2,212,42.299981985706836
cpu,JNU,end_to_end,K1,True,2,213,42.26653097430244
cpu,JNU,end_to_end,K1,True,2,214,42.37562295747921
cpu,JNU,end_to_end,K1,True,2,215,42.30443702545017
cpu,JNU,end_to_end,K1,True,2,216,42.229883023537695
cpu,JNU,end_to_end,K1,True,2,217,42.299221036955714
cpu,JNU,end_to_end,K1,True,2,218,42.30019199894741
cpu,JNU,end_to_end,K1,True,2,219,42.2905029845424
cpu,JNU,end_to_end,K1,True,2,220,42.78024798259139
cpu,JNU,end_to_end,K1,True,2,221,42.47593297623098
cpu,JNU,end_to_end,K1,True,2,222,42.33910999028012
cpu,JNU,end_to_end,K1,True,2,223,42.835112020839006
cpu,JNU,end_to_end,K1,True,2,224,42.77984198415652
cpu,JNU,end_to_end,K1,True,2,225,42.489068990107626
cpu,JNU,end_to_end,K1,True,2,226,42.83883597236127
cpu,JNU,end_to_end,K1,True,2,227,42.29118401417509
cpu,JNU,end_to_end,K1,True,2,228,42.394988995511085
cpu,JNU,end_to_end,K1,True,2,229,42.387487017549574
cpu,JNU,end_to_end,K1,True,2,230,42.28947003139183
cpu,JNU,end_to_end,K1,True,2,231,42.258746980223805
cpu,JNU,end_to_end,K1,True,2,232,42.31888696085662
cpu,JNU,end_to_end,K1,True,2,233,42.27358498610556
cpu,JNU,end_to_end,K1,True,2,234,42.34528902452439
cpu,JNU,end_to_end,K1,True,2,235,42.4456320470199
cpu,JNU,end_to_end,K1,True,2,236,42.529408005066216
cpu,JNU,end_to_end,K1,True,2,237,42.25456697167829
cpu,JNU,end_to_end,K1,True,2,238,42.271564016118646
cpu,JNU,end_to_end,K1,True,2,239,42.251273000147194
cpu,JNU,end_to_end,K1,True,2,240,42.29237698018551
cpu,JNU,end_to_end,K1,True,2,241,42.26874699816108
cpu,JNU,end_to_end,K1,True,2,242,42.24555497057736
cpu,JNU,end_to_end,K1,True,2,243,42.35296801198274
cpu,JNU,end_to_end,K1,True,2,244,42.79216501163319
cpu,JNU,end_to_end,K1,True,2,245,42.37519501475617
cpu,JNU,end_to_end,K1,True,2,246,42.30079601984471
cpu,JNU,end_to_end,K1,True,2,247,42.33847500290722
cpu,JNU,end_to_end,K1,True,2,248,42.64282196527347
cpu,JNU,end_to_end,K1,True,2,249,42.290144017897546
cpu,JNU,end_to_end,K1,True,3,0,42.35574504127726
cpu,JNU,end_to_end,K1,True,3,1,42.31426102342084
cpu,JNU,end_to_end,K1,True,3,2,42.29857196332887
cpu,JNU,end_to_end,K1,True,3,3,42.38332301611081
cpu,JNU,end_to_end,K1,True,3,4,42.31111903209239
cpu,JNU,end_to_end,K1,True,3,5,42.309091018978506
cpu,JNU,end_to_end,K1,True,3,6,42.35749697545543
cpu,JNU,end_to_end,K1,True,3,7,42.24984900793061
cpu,JNU,end_to_end,K1,True,3,8,42.46531502576545
cpu,JNU,end_to_end,K1,True,3,9,42.38295299001038
cpu,JNU,end_to_end,K1,True,3,10,42.26545704295859
cpu,JNU,end_to_end,K1,True,3,11,42.210815008729696
cpu,JNU,end_to_end,K1,True,3,12,42.30123100569472
cpu,JNU,end_to_end,K1,True,3,13,42.34353196807206
cpu,JNU,end_to_end,K1,True,3,14,42.28477401193231
cpu,JNU,end_to_end,K1,True,3,15,42.30768501292914
cpu,JNU,end_to_end,K1,True,3,16,42.29148000013083
cpu,JNU,end_to_end,K1,True,3,17,42.69256297266111
cpu,JNU,end_to_end,K1,True,3,18,42.50862495973706
cpu,JNU,end_to_end,K1,True,3,19,42.27396403439343
cpu,JNU,end_to_end,K1,True,3,20,42.33574302634224
cpu,JNU,end_to_end,K1,True,3,21,42.291751015000045
cpu,JNU,end_to_end,K1,True,3,22,43.58364298241213
cpu,JNU,end_to_end,K1,True,3,23,42.332370998337865
cpu,JNU,end_to_end,K1,True,3,24,42.30268602259457
cpu,JNU,end_to_end,K1,True,3,25,42.29832097189501
cpu,JNU,end_to_end,K1,True,3,26,42.27285098750144
cpu,JNU,end_to_end,K1,True,3,27,42.30376100167632
cpu,JNU,end_to_end,K1,True,3,28,42.27243596687913
cpu,JNU,end_to_end,K1,True,3,29,42.29474801104516
cpu,JNU,end_to_end,K1,True,3,30,42.312711011618376
cpu,JNU,end_to_end,K1,True,3,31,42.326789000071585
cpu,JNU,end_to_end,K1,True,3,32,42.30461502447724
cpu,JNU,end_to_end,K1,True,3,33,42.29320300510153
cpu,JNU,end_to_end,K1,True,3,34,42.2024319996126
cpu,JNU,end_to_end,K1,True,3,35,42.25359403062612
cpu,JNU,end_to_end,K1,True,3,36,42.83126804511994
cpu,JNU,end_to_end,K1,True,3,37,42.427466018125415
cpu,JNU,end_to_end,K1,True,3,38,42.287843010853976
cpu,JNU,end_to_end,K1,True,3,39,42.4561039544642
cpu,JNU,end_to_end,K1,True,3,40,42.29044396197423
cpu,JNU,end_to_end,K1,True,3,41,42.83318197121844
cpu,JNU,end_to_end,K1,True,3,42,42.44093503803015
cpu,JNU,end_to_end,K1,True,3,43,42.39685501670465
cpu,JNU,end_to_end,K1,True,3,44,42.35497198533267
cpu,JNU,end_to_end,K1,True,3,45,42.84875700250268
cpu,JNU,end_to_end,K1,True,3,46,42.384588974528015
cpu,JNU,end_to_end,K1,True,3,47,42.28692397009581
cpu,JNU,end_to_end,K1,True,3,48,42.36593097448349
cpu,JNU,end_to_end,K1,True,3,49,42.28175902971998
cpu,JNU,end_to_end,K1,True,3,50,42.3408710048534
cpu,JNU,end_to_end,K1,True,3,51,42.407659988384694
cpu,JNU,end_to_end,K1,True,3,52,42.26616403320804
cpu,JNU,end_to_end,K1,True,3,53,42.26811800617725
cpu,JNU,end_to_end,K1,True,3,54,42.43430099450052
cpu,JNU,end_to_end,K1,True,3,55,42.416083975695074
cpu,JNU,end_to_end,K1,True,3,56,42.341076012235135
cpu,JNU,end_to_end,K1,True,3,57,42.59410104714334
cpu,JNU,end_to_end,K1,True,3,58,42.34474804252386
cpu,JNU,end_to_end,K1,True,3,59,42.236408044118434
cpu,JNU,end_to_end,K1,True,3,60,42.36753098666668
cpu,JNU,end_to_end,K1,True,3,61,42.31326299486682
cpu,JNU,end_to_end,K1,True,3,62,42.24710300331935
cpu,JNU,end_to_end,K1,True,3,63,42.30255400761962
cpu,JNU,end_to_end,K1,True,3,64,42.93657798552886
cpu,JNU,end_to_end,K1,True,3,65,43.28996903495863
cpu,JNU,end_to_end,K1,True,3,66,42.44450101396069
cpu,JNU,end_to_end,K1,True,3,67,42.31719602830708
cpu,JNU,end_to_end,K1,True,3,68,42.22869500517845
cpu,JNU,end_to_end,K1,True,3,69,42.64326300472021
cpu,JNU,end_to_end,K1,True,3,70,42.63007000554353
cpu,JNU,end_to_end,K1,True,3,71,42.295176011975855
cpu,JNU,end_to_end,K1,True,3,72,42.43533103726804
cpu,JNU,end_to_end,K1,True,3,73,42.33849502634257
cpu,JNU,end_to_end,K1,True,3,74,42.34307800652459
cpu,JNU,end_to_end,K1,True,3,75,42.37695498159155
cpu,JNU,end_to_end,K1,True,3,76,42.239230999257416
cpu,JNU,end_to_end,K1,True,3,77,42.29405400110409
cpu,JNU,end_to_end,K1,True,3,78,42.27810999145731
cpu,JNU,end_to_end,K1,True,3,79,42.256952030584216
cpu,JNU,end_to_end,K1,True,3,80,42.30862099211663
cpu,JNU,end_to_end,K1,True,3,81,42.321251006796956
cpu,JNU,end_to_end,K1,True,3,82,42.26732102688402
cpu,JNU,end_to_end,K1,True,3,83,42.35643398715183
cpu,JNU,end_to_end,K1,True,3,84,42.461608012672514
cpu,JNU,end_to_end,K1,True,3,85,42.380196042358875
cpu,JNU,end_to_end,K1,True,3,86,42.29439300252125
cpu,JNU,end_to_end,K1,True,3,87,42.215119989123195
cpu,JNU,end_to_end,K1,True,3,88,42.93916799360886
cpu,JNU,end_to_end,K1,True,3,89,42.45881800306961
cpu,JNU,end_to_end,K1,True,3,90,42.44169103913009
cpu,JNU,end_to_end,K1,True,3,91,42.3904390190728
cpu,JNU,end_to_end,K1,True,3,92,42.24449204048142
cpu,JNU,end_to_end,K1,True,3,93,42.775661975611
cpu,JNU,end_to_end,K1,True,3,94,43.4271459816955
cpu,JNU,end_to_end,K1,True,3,95,44.05293602030724
cpu,JNU,end_to_end,K1,True,3,96,42.38714603707194
cpu,JNU,end_to_end,K1,True,3,97,42.31127095408738
cpu,JNU,end_to_end,K1,True,3,98,42.391786992084235
cpu,JNU,end_to_end,K1,True,3,99,42.27450699545443
cpu,JNU,end_to_end,K1,True,3,100,42.37464698962867
cpu,JNU,end_to_end,K1,True,3,101,42.287733987905085
cpu,JNU,end_to_end,K1,True,3,102,42.205310019198805
cpu,JNU,end_to_end,K1,True,3,103,42.409572983160615
cpu,JNU,end_to_end,K1,True,3,104,42.25054499693215
cpu,JNU,end_to_end,K1,True,3,105,42.26700501749292
cpu,JNU,end_to_end,K1,True,3,106,42.347727983724326
cpu,JNU,end_to_end,K1,True,3,107,42.29037801269442
cpu,JNU,end_to_end,K1,True,3,108,42.306789953727275
cpu,JNU,end_to_end,K1,True,3,109,42.279011046048254
cpu,JNU,end_to_end,K1,True,3,110,42.30221197940409
cpu,JNU,end_to_end,K1,True,3,111,42.250501981470734
cpu,JNU,end_to_end,K1,True,3,112,42.95161599293351
cpu,JNU,end_to_end,K1,True,3,113,42.323455039877445
cpu,JNU,end_to_end,K1,True,3,114,42.30914998333901
cpu,JNU,end_to_end,K1,True,3,115,42.32914297608659
cpu,JNU,end_to_end,K1,True,3,116,42.707004002295434
cpu,JNU,end_to_end,K1,True,3,117,42.304444999899715
cpu,JNU,end_to_end,K1,True,3,118,42.331858014222234
cpu,JNU,end_to_end,K1,True,3,119,42.354533972684294
cpu,JNU,end_to_end,K1,True,3,120,42.328028997872025
cpu,JNU,end_to_end,K1,True,3,121,42.327140050474554
cpu,JNU,end_to_end,K1,True,3,122,42.35038399929181
cpu,JNU,end_to_end,K1,True,3,123,42.28121298365295
cpu,JNU,end_to_end,K1,True,3,124,42.276740015950054
cpu,JNU,end_to_end,K1,True,3,125,42.27839701343328
cpu,JNU,end_to_end,K1,True,3,126,42.69813495920971
cpu,JNU,end_to_end,K1,True,3,127,42.49812400666997
cpu,JNU,end_to_end,K1,True,3,128,42.461899982299656
cpu,JNU,end_to_end,K1,True,3,129,42.34378301771358
cpu,JNU,end_to_end,K1,True,3,130,42.276034015230834
cpu,JNU,end_to_end,K1,True,3,131,42.271968035493046
cpu,JNU,end_to_end,K1,True,3,132,42.345824011135846
cpu,JNU,end_to_end,K1,True,3,133,42.45239699957892
cpu,JNU,end_to_end,K1,True,3,134,42.28462901664898
cpu,JNU,end_to_end,K1,True,3,135,43.3028030092828
cpu,JNU,end_to_end,K1,True,3,136,42.389604030177
cpu,JNU,end_to_end,K1,True,3,137,42.28253202745691
cpu,JNU,end_to_end,K1,True,3,138,42.75902401423082
cpu,JNU,end_to_end,K1,True,3,139,42.31053503463045
cpu,JNU,end_to_end,K1,True,3,140,42.816706001758575
cpu,JNU,end_to_end,K1,True,3,141,42.296786967199296
cpu,JNU,end_to_end,K1,True,3,142,42.339056031778455
cpu,JNU,end_to_end,K1,True,3,143,42.33664501225576
cpu,JNU,end_to_end,K1,True,3,144,42.238752997945994
cpu,JNU,end_to_end,K1,True,3,145,42.34881198499352
cpu,JNU,end_to_end,K1,True,3,146,42.39467001752928
cpu,JNU,end_to_end,K1,True,3,147,42.22503997152671
cpu,JNU,end_to_end,K1,True,3,148,42.27517597610131
cpu,JNU,end_to_end,K1,True,3,149,42.25076804868877
cpu,JNU,end_to_end,K1,True,3,150,42.256259999703616
cpu,JNU,end_to_end,K1,True,3,151,42.303735041059554
cpu,JNU,end_to_end,K1,True,3,152,42.45844698743895
cpu,JNU,end_to_end,K1,True,3,153,42.284194962121546
cpu,JNU,end_to_end,K1,True,3,154,42.34524199273437
cpu,JNU,end_to_end,K1,True,3,155,42.25895198760554
cpu,JNU,end_to_end,K1,True,3,156,42.306441988330334
cpu,JNU,end_to_end,K1,True,3,157,42.32413601130247
cpu,JNU,end_to_end,K1,True,3,158,42.34126099618152
cpu,JNU,end_to_end,K1,True,3,159,43.12056599883363
cpu,JNU,end_to_end,K1,True,3,160,42.41554997861385
cpu,JNU,end_to_end,K1,True,3,161,42.329609976150095
cpu,JNU,end_to_end,K1,True,3,162,42.23889403510839
cpu,JNU,end_to_end,K1,True,3,163,42.24420402897522
cpu,JNU,end_to_end,K1,True,3,164,42.64470300404355
cpu,JNU,end_to_end,K1,True,3,165,42.29537502396852
cpu,JNU,end_to_end,K1,True,3,166,42.29822300840169
cpu,JNU,end_to_end,K1,True,3,167,42.298561020288616
cpu,JNU,end_to_end,K1,True,3,168,42.29880904313177
cpu,JNU,end_to_end,K1,True,3,169,42.36409498844296
cpu,JNU,end_to_end,K1,True,3,170,42.34476794954389
cpu,JNU,end_to_end,K1,True,3,171,42.29950299486518
cpu,JNU,end_to_end,K1,True,3,172,42.25216602208093
cpu,JNU,end_to_end,K1,True,3,173,42.22673596814275
cpu,JNU,end_to_end,K1,True,3,174,42.48656501295045
cpu,JNU,end_to_end,K1,True,3,175,42.31216601328924
cpu,JNU,end_to_end,K1,True,3,176,42.23371698753908
cpu,JNU,end_to_end,K1,True,3,177,42.24038700340316
cpu,JNU,end_to_end,K1,True,3,178,42.27334802271798
cpu,JNU,end_to_end,K1,True,3,179,42.349512048531324
cpu,JNU,end_to_end,K1,True,3,180,42.28811396751553
cpu,JNU,end_to_end,K1,True,3,181,42.264323972631246
cpu,JNU,end_to_end,K1,True,3,182,42.96370199881494
cpu,JNU,end_to_end,K1,True,3,183,42.81463898951188
cpu,JNU,end_to_end,K1,True,3,184,42.2922860016115
cpu,JNU,end_to_end,K1,True,3,185,42.39377600606531
cpu,JNU,end_to_end,K1,True,3,186,42.29305300395936
cpu,JNU,end_to_end,K1,True,3,187,42.61007602326572
cpu,JNU,end_to_end,K1,True,3,188,42.366052977740765
cpu,JNU,end_to_end,K1,True,3,189,42.298846994526684
cpu,JNU,end_to_end,K1,True,3,190,43.07346901623532
cpu,JNU,end_to_end,K1,True,3,191,42.66824200749397
cpu,JNU,end_to_end,K1,True,3,192,42.37767000449821
cpu,JNU,end_to_end,K1,True,3,193,42.37965802894905
cpu,JNU,end_to_end,K1,True,3,194,42.25288797169924
cpu,JNU,end_to_end,K1,True,3,195,42.26468101842329
cpu,JNU,end_to_end,K1,True,3,196,42.28020802838728
cpu,JNU,end_to_end,K1,True,3,197,42.3076800070703
cpu,JNU,end_to_end,K1,True,3,198,42.327352974098176
cpu,JNU,end_to_end,K1,True,3,199,42.37684904364869
cpu,JNU,end_to_end,K1,True,3,200,42.27017698576674
cpu,JNU,end_to_end,K1,True,3,201,42.30415099300444
cpu,JNU,end_to_end,K1,True,3,202,42.35990595771
cpu,JNU,end_to_end,K1,True,3,203,42.355047015007585
cpu,JNU,end_to_end,K1,True,3,204,42.268089950084686
cpu,JNU,end_to_end,K1,True,3,205,42.251548962667584
cpu,JNU,end_to_end,K1,True,3,206,43.12421102076769
cpu,JNU,end_to_end,K1,True,3,207,42.47838899027556
cpu,JNU,end_to_end,K1,True,3,208,42.69822803325951
cpu,JNU,end_to_end,K1,True,3,209,42.42097103269771
cpu,JNU,end_to_end,K1,True,3,210,42.28854301618412
cpu,JNU,end_to_end,K1,True,3,211,43.82919397903606
cpu,JNU,end_to_end,K1,True,3,212,42.79086098540574
cpu,JNU,end_to_end,K1,True,3,213,42.38768998766318
cpu,JNU,end_to_end,K1,True,3,214,42.41465998347849
cpu,JNU,end_to_end,K1,True,3,215,42.29936498450115
cpu,JNU,end_to_end,K1,True,3,216,42.391557013615966
cpu,JNU,end_to_end,K1,True,3,217,42.292999976780266
cpu,JNU,end_to_end,K1,True,3,218,42.2657509916462
cpu,JNU,end_to_end,K1,True,3,219,42.22025501076132
cpu,JNU,end_to_end,K1,True,3,220,42.39265498472378
cpu,JNU,end_to_end,K1,True,3,221,42.3171820002608
cpu,JNU,end_to_end,K1,True,3,222,42.25724400021136
cpu,JNU,end_to_end,K1,True,3,223,42.25476598367095
cpu,JNU,end_to_end,K1,True,3,224,42.2981419833377
cpu,JNU,end_to_end,K1,True,3,225,42.31832403456792
cpu,JNU,end_to_end,K1,True,3,226,42.694749019574374
cpu,JNU,end_to_end,K1,True,3,227,42.4229740165174
cpu,JNU,end_to_end,K1,True,3,228,42.27054899092764
cpu,JNU,end_to_end,K1,True,3,229,42.67768899444491
cpu,JNU,end_to_end,K1,True,3,230,42.64398798113689
cpu,JNU,end_to_end,K1,True,3,231,42.31819399865344
cpu,JNU,end_to_end,K1,True,3,232,42.91729297256097
cpu,JNU,end_to_end,K1,True,3,233,42.281618050765246
cpu,JNU,end_to_end,K1,True,3,234,42.29232994839549
cpu,JNU,end_to_end,K1,True,3,235,42.50974900787696
cpu,JNU,end_to_end,K1,True,3,236,42.301746958401054
cpu,JNU,end_to_end,K1,True,3,237,42.29269805364311
cpu,JNU,end_to_end,K1,True,3,238,42.44668502360582
cpu,JNU,end_to_end,K1,True,3,239,42.33253502752632
cpu,JNU,end_to_end,K1,True,3,240,42.38062602235004
cpu,JNU,end_to_end,K1,True,3,241,42.29786602081731
cpu,JNU,end_to_end,K1,True,3,242,42.26112097967416
cpu,JNU,end_to_end,K1,True,3,243,42.29676799150184
cpu,JNU,end_to_end,K1,True,3,244,42.55884198937565
cpu,JNU,end_to_end,K1,True,3,245,42.29251301148906
cpu,JNU,end_to_end,K1,True,3,246,42.375304037705064
cpu,JNU,end_to_end,K1,True,3,247,42.375625984277576
cpu,JNU,end_to_end,K1,True,3,248,42.25698800291866
cpu,JNU,end_to_end,K1,True,3,249,42.34591202111915
cpu,JNU,end_to_end,Full-S1,True,3,0,79.90447100019082
cpu,JNU,end_to_end,Full-S1,True,3,1,81.0280239675194
cpu,JNU,end_to_end,Full-S1,True,3,2,80.71402501082048
cpu,JNU,end_to_end,Full-S1,True,3,3,80.57538699358702
cpu,JNU,end_to_end,Full-S1,True,3,4,80.9655959601514
cpu,JNU,end_to_end,Full-S1,True,3,5,80.62648901250213
cpu,JNU,end_to_end,Full-S1,True,3,6,80.7430800050497
cpu,JNU,end_to_end,Full-S1,True,3,7,80.60063899029046
cpu,JNU,end_to_end,Full-S1,True,3,8,80.5485809687525
cpu,JNU,end_to_end,Full-S1,True,3,9,80.63411503098905
cpu,JNU,end_to_end,Full-S1,True,3,10,80.70179598871619
cpu,JNU,end_to_end,Full-S1,True,3,11,80.61533299041912
cpu,JNU,end_to_end,Full-S1,True,3,12,80.6728660245426
cpu,JNU,end_to_end,Full-S1,True,3,13,80.58193302713335
cpu,JNU,end_to_end,Full-S1,True,3,14,81.16092998534441
cpu,JNU,end_to_end,Full-S1,True,3,15,80.66501200664788
cpu,JNU,end_to_end,Full-S1,True,3,16,80.68823901703581
cpu,JNU,end_to_end,Full-S1,True,3,17,80.93218802241609
cpu,JNU,end_to_end,Full-S1,True,3,18,80.66772599704564
cpu,JNU,end_to_end,Full-S1,True,3,19,80.68112703040242
cpu,JNU,end_to_end,Full-S1,True,3,20,80.58840996818617
cpu,JNU,end_to_end,Full-S1,True,3,21,80.68334497511387
cpu,JNU,end_to_end,Full-S1,True,3,22,80.5693399743177
cpu,JNU,end_to_end,Full-S1,True,3,23,80.57113096583635
cpu,JNU,end_to_end,Full-S1,True,3,24,80.7334550190717
cpu,JNU,end_to_end,Full-S1,True,3,25,80.6216589990072
cpu,JNU,end_to_end,Full-S1,True,3,26,81.1909069889225
cpu,JNU,end_to_end,Full-S1,True,3,27,81.14258199930191
cpu,JNU,end_to_end,Full-S1,True,3,28,80.61732701025903
cpu,JNU,end_to_end,Full-S1,True,3,29,81.08656399417669
cpu,JNU,end_to_end,Full-S1,True,3,30,80.67394100362435
cpu,JNU,end_to_end,Full-S1,True,3,31,80.6378640118055
cpu,JNU,end_to_end,Full-S1,True,3,32,80.61258099041879
cpu,JNU,end_to_end,Full-S1,True,3,33,82.83814799506217
cpu,JNU,end_to_end,Full-S1,True,3,34,80.6916980072856
cpu,JNU,end_to_end,Full-S1,True,3,35,80.57922800071537
cpu,JNU,end_to_end,Full-S1,True,3,36,80.65180596895516
cpu,JNU,end_to_end,Full-S1,True,3,37,80.93436399940401
cpu,JNU,end_to_end,Full-S1,True,3,38,80.54465695749968
cpu,JNU,end_to_end,Full-S1,True,3,39,81.21823699912056
cpu,JNU,end_to_end,Full-S1,True,3,40,81.25903102336451
cpu,JNU,end_to_end,Full-S1,True,3,41,80.78606403432786
cpu,JNU,end_to_end,Full-S1,True,3,42,80.72198100853711
cpu,JNU,end_to_end,Full-S1,True,3,43,80.8885470032692
cpu,JNU,end_to_end,Full-S1,True,3,44,80.73628001147881
cpu,JNU,end_to_end,Full-S1,True,3,45,80.58248501038179
cpu,JNU,end_to_end,Full-S1,True,3,46,80.64966002712026
cpu,JNU,end_to_end,Full-S1,True,3,47,80.62530698953196
cpu,JNU,end_to_end,Full-S1,True,3,48,80.60475398087874
cpu,JNU,end_to_end,Full-S1,True,3,49,80.74034604942426
cpu,JNU,end_to_end,Full-S1,True,3,50,80.570008023642
cpu,JNU,end_to_end,Full-S1,True,3,51,81.10442198812962
cpu,JNU,end_to_end,Full-S1,True,3,52,80.73762099957094
cpu,JNU,end_to_end,Full-S1,True,3,53,80.62204800080508
cpu,JNU,end_to_end,Full-S1,True,3,54,81.17533201584592
cpu,JNU,end_to_end,Full-S1,True,3,55,80.6276059593074
cpu,JNU,end_to_end,Full-S1,True,3,56,80.63502400182188
cpu,JNU,end_to_end,Full-S1,True,3,57,80.50668198848143
cpu,JNU,end_to_end,Full-S1,True,3,58,81.40575099969283
cpu,JNU,end_to_end,Full-S1,True,3,59,80.79014997929335
cpu,JNU,end_to_end,Full-S1,True,3,60,80.67470899550244
cpu,JNU,end_to_end,Full-S1,True,3,61,80.57166903745383
cpu,JNU,end_to_end,Full-S1,True,3,62,80.63807699363679
cpu,JNU,end_to_end,Full-S1,True,3,63,81.2198460334912
cpu,JNU,end_to_end,Full-S1,True,3,64,81.00859902333468
cpu,JNU,end_to_end,Full-S1,True,3,65,80.78242000192404
cpu,JNU,end_to_end,Full-S1,True,3,66,80.71750897215679
cpu,JNU,end_to_end,Full-S1,True,3,67,80.69841301767156
cpu,JNU,end_to_end,Full-S1,True,3,68,80.6288500316441
cpu,JNU,end_to_end,Full-S1,True,3,69,80.6681050453335
cpu,JNU,end_to_end,Full-S1,True,3,70,80.60381596442312
cpu,JNU,end_to_end,Full-S1,True,3,71,80.70630999282002
cpu,JNU,end_to_end,Full-S1,True,3,72,80.71797603042796
cpu,JNU,end_to_end,Full-S1,True,3,73,80.71491500595585
cpu,JNU,end_to_end,Full-S1,True,3,74,80.73291799519211
cpu,JNU,end_to_end,Full-S1,True,3,75,80.5430380278267
cpu,JNU,end_to_end,Full-S1,True,3,76,81.49414003128186
cpu,JNU,end_to_end,Full-S1,True,3,77,80.55170899024233
cpu,JNU,end_to_end,Full-S1,True,3,78,80.53561899578199
cpu,JNU,end_to_end,Full-S1,True,3,79,80.85637399926782
cpu,JNU,end_to_end,Full-S1,True,3,80,81.48009900469333
cpu,JNU,end_to_end,Full-S1,True,3,81,80.71071602171287
cpu,JNU,end_to_end,Full-S1,True,3,82,80.73031500680372
cpu,JNU,end_to_end,Full-S1,True,3,83,80.75040095718578
cpu,JNU,end_to_end,Full-S1,True,3,84,80.58813802199438
cpu,JNU,end_to_end,Full-S1,True,3,85,80.56767203379422
cpu,JNU,end_to_end,Full-S1,True,3,86,80.60286199906841
cpu,JNU,end_to_end,Full-S1,True,3,87,80.69116598926485
cpu,JNU,end_to_end,Full-S1,True,3,88,81.25461696181446
cpu,JNU,end_to_end,Full-S1,True,3,89,81.32563403341919
cpu,JNU,end_to_end,Full-S1,True,3,90,81.29423100035638
cpu,JNU,end_to_end,Full-S1,True,3,91,81.1312310397625
cpu,JNU,end_to_end,Full-S1,True,3,92,80.81540302373469
cpu,JNU,end_to_end,Full-S1,True,3,93,80.76307701412588
cpu,JNU,end_to_end,Full-S1,True,3,94,80.76216804329306
cpu,JNU,end_to_end,Full-S1,True,3,95,82.30248600011691
cpu,JNU,end_to_end,Full-S1,True,3,96,80.60188801027834
cpu,JNU,end_to_end,Full-S1,True,3,97,80.67521202610806
cpu,JNU,end_to_end,Full-S1,True,3,98,80.5557580315508
cpu,JNU,end_to_end,Full-S1,True,3,99,80.69178799632937
cpu,JNU,end_to_end,Full-S1,True,3,100,81.43901999574155
cpu,JNU,end_to_end,Full-S1,True,3,101,80.83655597874895
cpu,JNU,end_to_end,Full-S1,True,3,102,81.5151939750649
cpu,JNU,end_to_end,Full-S1,True,3,103,80.71357198059559
cpu,JNU,end_to_end,Full-S1,True,3,104,81.06847398448735
cpu,JNU,end_to_end,Full-S1,True,3,105,80.78251499682665
cpu,JNU,end_to_end,Full-S1,True,3,106,80.727765976917
cpu,JNU,end_to_end,Full-S1,True,3,107,80.62169497134164
cpu,JNU,end_to_end,Full-S1,True,3,108,80.67610202124342
cpu,JNU,end_to_end,Full-S1,True,3,109,80.72014799108729
cpu,JNU,end_to_end,Full-S1,True,3,110,80.55110601708293
cpu,JNU,end_to_end,Full-S1,True,3,111,80.69043199066073
cpu,JNU,end_to_end,Full-S1,True,3,112,80.73025499470532
cpu,JNU,end_to_end,Full-S1,True,3,113,81.23060601064935
cpu,JNU,end_to_end,Full-S1,True,3,114,80.73397999396548
cpu,JNU,end_to_end,Full-S1,True,3,115,80.58270602487028
cpu,JNU,end_to_end,Full-S1,True,3,116,80.81197697902098
cpu,JNU,end_to_end,Full-S1,True,3,117,80.72417095536366
cpu,JNU,end_to_end,Full-S1,True,3,118,80.73468401562423
cpu,JNU,end_to_end,Full-S1,True,3,119,80.62319998862222
cpu,JNU,end_to_end,Full-S1,True,3,120,80.79978899331763
cpu,JNU,end_to_end,Full-S1,True,3,121,80.7197640533559
cpu,JNU,end_to_end,Full-S1,True,3,122,80.6239860248752
cpu,JNU,end_to_end,Full-S1,True,3,123,80.66023094579577
cpu,JNU,end_to_end,Full-S1,True,3,124,80.57796803768724
cpu,JNU,end_to_end,Full-S1,True,3,125,81.14453800953925
cpu,JNU,end_to_end,Full-S1,True,3,126,80.71641996502876
cpu,JNU,end_to_end,Full-S1,True,3,127,80.61657595681027
cpu,JNU,end_to_end,Full-S1,True,3,128,80.9807320474647
cpu,JNU,end_to_end,Full-S1,True,3,129,80.6954629952088
cpu,JNU,end_to_end,Full-S1,True,3,130,80.613712023478
cpu,JNU,end_to_end,Full-S1,True,3,131,80.64024697523564
cpu,JNU,end_to_end,Full-S1,True,3,132,80.51859302213416
cpu,JNU,end_to_end,Full-S1,True,3,133,80.76501998584718
cpu,JNU,end_to_end,Full-S1,True,3,134,80.59886196861044
cpu,JNU,end_to_end,Full-S1,True,3,135,80.5258039617911
cpu,JNU,end_to_end,Full-S1,True,3,136,80.76946099754423
cpu,JNU,end_to_end,Full-S1,True,3,137,80.62898000935093
cpu,JNU,end_to_end,Full-S1,True,3,138,81.12573396647349
cpu,JNU,end_to_end,Full-S1,True,3,139,81.19632099987939
cpu,JNU,end_to_end,Full-S1,True,3,140,80.59361099731177
cpu,JNU,end_to_end,Full-S1,True,3,141,80.94473695382476
cpu,JNU,end_to_end,Full-S1,True,3,142,80.63416404183954
cpu,JNU,end_to_end,Full-S1,True,3,143,80.80990903545171
cpu,JNU,end_to_end,Full-S1,True,3,144,80.61015099519864
cpu,JNU,end_to_end,Full-S1,True,3,145,80.60194295831025
cpu,JNU,end_to_end,Full-S1,True,3,146,80.62463096575812
cpu,JNU,end_to_end,Full-S1,True,3,147,80.57014102814719
cpu,JNU,end_to_end,Full-S1,True,3,148,80.56307898368686
cpu,JNU,end_to_end,Full-S1,True,3,149,80.62475599581376
cpu,JNU,end_to_end,Full-S1,True,3,150,81.4880869584158
cpu,JNU,end_to_end,Full-S1,True,3,151,81.20008005062118
cpu,JNU,end_to_end,Full-S1,True,3,152,80.65746998181567
cpu,JNU,end_to_end,Full-S1,True,3,153,81.17476996267214
cpu,JNU,end_to_end,Full-S1,True,3,154,80.57160797761753
cpu,JNU,end_to_end,Full-S1,True,3,155,80.69563203025609
cpu,JNU,end_to_end,Full-S1,True,3,156,80.53260203450918
cpu,JNU,end_to_end,Full-S1,True,3,157,80.47032495960593
cpu,JNU,end_to_end,Full-S1,True,3,158,80.5988060310483
cpu,JNU,end_to_end,Full-S1,True,3,159,80.69478196557611
cpu,JNU,end_to_end,Full-S1,True,3,160,80.56313800625503
cpu,JNU,end_to_end,Full-S1,True,3,161,80.85616899188608
cpu,JNU,end_to_end,Full-S1,True,3,162,81.3210440101102
cpu,JNU,end_to_end,Full-S1,True,3,163,80.67175897303969
cpu,JNU,end_to_end,Full-S1,True,3,164,80.82474995171651
cpu,JNU,end_to_end,Full-S1,True,3,165,81.35576703352854
cpu,JNU,end_to_end,Full-S1,True,3,166,81.20188902830705
cpu,JNU,end_to_end,Full-S1,True,3,167,80.69752500159666
cpu,JNU,end_to_end,Full-S1,True,3,168,80.66386397695169
cpu,JNU,end_to_end,Full-S1,True,3,169,80.4816129966639
cpu,JNU,end_to_end,Full-S1,True,3,170,80.75113699305803
cpu,JNU,end_to_end,Full-S1,True,3,171,80.61401499435306
cpu,JNU,end_to_end,Full-S1,True,3,172,80.59098804369569
cpu,JNU,end_to_end,Full-S1,True,3,173,80.6787860346958
cpu,JNU,end_to_end,Full-S1,True,3,174,80.58379800058901
cpu,JNU,end_to_end,Full-S1,True,3,175,81.08331402763724
cpu,JNU,end_to_end,Full-S1,True,3,176,80.83941304357722
cpu,JNU,end_to_end,Full-S1,True,3,177,80.63138101715595
cpu,JNU,end_to_end,Full-S1,True,3,178,80.86112298769876
cpu,JNU,end_to_end,Full-S1,True,3,179,80.66552801756188
cpu,JNU,end_to_end,Full-S1,True,3,180,81.78038301412016
cpu,JNU,end_to_end,Full-S1,True,3,181,80.54902602452785
cpu,JNU,end_to_end,Full-S1,True,3,182,82.1132289711386
cpu,JNU,end_to_end,Full-S1,True,3,183,81.08587400056422
cpu,JNU,end_to_end,Full-S1,True,3,184,80.58100997004658
cpu,JNU,end_to_end,Full-S1,True,3,185,80.65692300442606
cpu,JNU,end_to_end,Full-S1,True,3,186,80.80621802946553
cpu,JNU,end_to_end,Full-S1,True,3,187,81.42661896999925
cpu,JNU,end_to_end,Full-S1,True,3,188,80.81869699526578
cpu,JNU,end_to_end,Full-S1,True,3,189,81.22997998725623
cpu,JNU,end_to_end,Full-S1,True,3,190,81.11134200589731
cpu,JNU,end_to_end,Full-S1,True,3,191,80.88483201572672
cpu,JNU,end_to_end,Full-S1,True,3,192,80.71926201228052
cpu,JNU,end_to_end,Full-S1,True,3,193,80.63320798100904
cpu,JNU,end_to_end,Full-S1,True,3,194,80.6007360224612
cpu,JNU,end_to_end,Full-S1,True,3,195,80.59706597123295
cpu,JNU,end_to_end,Full-S1,True,3,196,80.74546599527821
cpu,JNU,end_to_end,Full-S1,True,3,197,80.62457002233714
cpu,JNU,end_to_end,Full-S1,True,3,198,80.6377450353466
cpu,JNU,end_to_end,Full-S1,True,3,199,81.18644199566916
cpu,JNU,end_to_end,Full-S1,True,3,200,80.7348049711436
cpu,JNU,end_to_end,Full-S1,True,3,201,80.68663295125589
cpu,JNU,end_to_end,Full-S1,True,3,202,80.58314700610936
cpu,JNU,end_to_end,Full-S1,True,3,203,81.27652399707586
cpu,JNU,end_to_end,Full-S1,True,3,204,80.63994802068919
cpu,JNU,end_to_end,Full-S1,True,3,205,80.61468898085877
cpu,JNU,end_to_end,Full-S1,True,3,206,80.57437796378508
cpu,JNU,end_to_end,Full-S1,True,3,207,80.48982301261276
cpu,JNU,end_to_end,Full-S1,True,3,208,80.49469796242192
cpu,JNU,end_to_end,Full-S1,True,3,209,80.5739609641023
cpu,JNU,end_to_end,Full-S1,True,3,210,80.70509601384401
cpu,JNU,end_to_end,Full-S1,True,3,211,80.5610729730688
cpu,JNU,end_to_end,Full-S1,True,3,212,81.48220600560308
cpu,JNU,end_to_end,Full-S1,True,3,213,80.92201902763918
cpu,JNU,end_to_end,Full-S1,True,3,214,80.72120399447158
cpu,JNU,end_to_end,Full-S1,True,3,215,81.24555001268163
cpu,JNU,end_to_end,Full-S1,True,3,216,80.75539098354056
cpu,JNU,end_to_end,Full-S1,True,3,217,80.75083402218297
cpu,JNU,end_to_end,Full-S1,True,3,218,80.54874994559214
cpu,JNU,end_to_end,Full-S1,True,3,219,80.64266399014741
cpu,JNU,end_to_end,Full-S1,True,3,220,80.57640702463686
cpu,JNU,end_to_end,Full-S1,True,3,221,80.6121930363588
cpu,JNU,end_to_end,Full-S1,True,3,222,84.63572396431118
cpu,JNU,end_to_end,Full-S1,True,3,223,80.98586997948587
cpu,JNU,end_to_end,Full-S1,True,3,224,81.5315039944835
cpu,JNU,end_to_end,Full-S1,True,3,225,81.37115399586037
cpu,JNU,end_to_end,Full-S1,True,3,226,80.72715497110039
cpu,JNU,end_to_end,Full-S1,True,3,227,80.8285649982281
cpu,JNU,end_to_end,Full-S1,True,3,228,81.19870000518858
cpu,JNU,end_to_end,Full-S1,True,3,229,80.72732499567792
cpu,JNU,end_to_end,Full-S1,True,3,230,80.63549501821399
cpu,JNU,end_to_end,Full-S1,True,3,231,80.60305198887363
cpu,JNU,end_to_end,Full-S1,True,3,232,80.74309903895482
cpu,JNU,end_to_end,Full-S1,True,3,233,80.58227098081261
cpu,JNU,end_to_end,Full-S1,True,3,234,80.5938119883649
cpu,JNU,end_to_end,Full-S1,True,3,235,80.7129829772748
cpu,JNU,end_to_end,Full-S1,True,3,236,80.60593000845984
cpu,JNU,end_to_end,Full-S1,True,3,237,81.28722500987351
cpu,JNU,end_to_end,Full-S1,True,3,238,81.13593299640343
cpu,JNU,end_to_end,Full-S1,True,3,239,80.67576994653791
cpu,JNU,end_to_end,Full-S1,True,3,240,81.25915698474273
cpu,JNU,end_to_end,Full-S1,True,3,241,80.59161197161302
cpu,JNU,end_to_end,Full-S1,True,3,242,80.74550097808242
cpu,JNU,end_to_end,Full-S1,True,3,243,80.9440670418553
cpu,JNU,end_to_end,Full-S1,True,3,244,81.59334101947024
cpu,JNU,end_to_end,Full-S1,True,3,245,80.81925200531259
cpu,JNU,end_to_end,Full-S1,True,3,246,80.84824698744342
cpu,JNU,end_to_end,Full-S1,True,3,247,80.83434600848705
cpu,JNU,end_to_end,Full-S1,True,3,248,80.84194600814953
cpu,JNU,end_to_end,Full-S1,True,3,249,81.56262402189896
cpu,HIT,model_only,Full-S1,True,0,0,37.66047494718805
cpu,HIT,model_only,Full-S1,True,0,1,37.52266097581014
cpu,HIT,model_only,Full-S1,True,0,2,37.453868018928915
cpu,HIT,model_only,Full-S1,True,0,3,37.44762996211648
cpu,HIT,model_only,Full-S1,True,0,4,37.38485398935154
cpu,HIT,model_only,Full-S1,True,0,5,37.86255494924262
cpu,HIT,model_only,Full-S1,True,0,6,37.598608003463596
cpu,HIT,model_only,Full-S1,True,0,7,37.480583996511996
cpu,HIT,model_only,Full-S1,True,0,8,37.44732798077166
cpu,HIT,model_only,Full-S1,True,0,9,37.44047600775957
cpu,HIT,model_only,Full-S1,True,0,10,37.430880998726934
cpu,HIT,model_only,Full-S1,True,0,11,37.37706900574267
cpu,HIT,model_only,Full-S1,True,0,12,37.39192598732188
cpu,HIT,model_only,Full-S1,True,0,13,37.36839699558914
cpu,HIT,model_only,Full-S1,True,0,14,37.638843001332134
cpu,HIT,model_only,Full-S1,True,0,15,37.412906996905804
cpu,HIT,model_only,Full-S1,True,0,16,37.45632397476584
cpu,HIT,model_only,Full-S1,True,0,17,37.41017100401223
cpu,HIT,model_only,Full-S1,True,0,18,37.405269977170974
cpu,HIT,model_only,Full-S1,True,0,19,37.51865797676146
cpu,HIT,model_only,Full-S1,True,0,20,37.39457903429866
cpu,HIT,model_only,Full-S1,True,0,21,37.3752560117282
cpu,HIT,model_only,Full-S1,True,0,22,37.47264703270048
cpu,HIT,model_only,Full-S1,True,0,23,37.34511701622978
cpu,HIT,model_only,Full-S1,True,0,24,37.4046050128527
cpu,HIT,model_only,Full-S1,True,0,25,37.38086298108101
cpu,HIT,model_only,Full-S1,True,0,26,37.386027979664505
cpu,HIT,model_only,Full-S1,True,0,27,37.415859987959266
cpu,HIT,model_only,Full-S1,True,0,28,37.397941981907934
cpu,HIT,model_only,Full-S1,True,0,29,37.42666600737721
cpu,HIT,model_only,Full-S1,True,0,30,37.52717701718211
cpu,HIT,model_only,Full-S1,True,0,31,37.407930998597294
cpu,HIT,model_only,Full-S1,True,0,32,37.850334018003196
cpu,HIT,model_only,Full-S1,True,0,33,37.585531012155116
cpu,HIT,model_only,Full-S1,True,0,34,38.61061902716756
cpu,HIT,model_only,Full-S1,True,0,35,37.51121001550928
cpu,HIT,model_only,Full-S1,True,0,36,37.63860696926713
cpu,HIT,model_only,Full-S1,True,0,37,37.405588023830205
cpu,HIT,model_only,Full-S1,True,0,38,37.35798399429768
cpu,HIT,model_only,Full-S1,True,0,39,37.36488497816026
cpu,HIT,model_only,Full-S1,True,0,40,37.474430981092155
cpu,HIT,model_only,Full-S1,True,0,41,37.41886996431276
cpu,HIT,model_only,Full-S1,True,0,42,37.45376004371792
cpu,HIT,model_only,Full-S1,True,0,43,37.497270037420094
cpu,HIT,model_only,Full-S1,True,0,44,37.40057704271749
cpu,HIT,model_only,Full-S1,True,0,45,37.46499796397984
cpu,HIT,model_only,Full-S1,True,0,46,37.67739300383255
cpu,HIT,model_only,Full-S1,True,0,47,37.398215965367854
cpu,HIT,model_only,Full-S1,True,0,48,37.437979015521705
cpu,HIT,model_only,Full-S1,True,0,49,37.40844799904153
cpu,HIT,model_only,Full-S1,True,0,50,37.40591905079782
cpu,HIT,model_only,Full-S1,True,0,51,37.458828010130674
cpu,HIT,model_only,Full-S1,True,0,52,37.40735200699419
cpu,HIT,model_only,Full-S1,True,0,53,37.38114197039977
cpu,HIT,model_only,Full-S1,True,0,54,37.378208013251424
cpu,HIT,model_only,Full-S1,True,0,55,37.44093200657517
cpu,HIT,model_only,Full-S1,True,0,56,37.36795001896098
cpu,HIT,model_only,Full-S1,True,0,57,37.40717697655782
cpu,HIT,model_only,Full-S1,True,0,58,37.37357503268868
cpu,HIT,model_only,Full-S1,True,0,59,37.862919038161635
cpu,HIT,model_only,Full-S1,True,0,60,38.64433098351583
cpu,HIT,model_only,Full-S1,True,0,61,37.676990032196045
cpu,HIT,model_only,Full-S1,True,0,62,37.490073998924345
cpu,HIT,model_only,Full-S1,True,0,63,37.40113397361711
cpu,HIT,model_only,Full-S1,True,0,64,37.468018010258675
cpu,HIT,model_only,Full-S1,True,0,65,37.52933000214398
cpu,HIT,model_only,Full-S1,True,0,66,38.608139962889254
cpu,HIT,model_only,Full-S1,True,0,67,37.68122097244486
cpu,HIT,model_only,Full-S1,True,0,68,37.63361100573093
cpu,HIT,model_only,Full-S1,True,0,69,37.44938602903858
cpu,HIT,model_only,Full-S1,True,0,70,37.436097976751626
cpu,HIT,model_only,Full-S1,True,0,71,37.42041299119592
cpu,HIT,model_only,Full-S1,True,0,72,37.41345496382564
cpu,HIT,model_only,Full-S1,True,0,73,37.40171203389764
cpu,HIT,model_only,Full-S1,True,0,74,37.4058949528262
cpu,HIT,model_only,Full-S1,True,0,75,37.46297099860385
cpu,HIT,model_only,Full-S1,True,0,76,37.38704801071435
cpu,HIT,model_only,Full-S1,True,0,77,37.36531501635909
cpu,HIT,model_only,Full-S1,True,0,78,37.4107490060851
cpu,HIT,model_only,Full-S1,True,0,79,37.382319977041334
cpu,HIT,model_only,Full-S1,True,0,80,37.34388202428818
cpu,HIT,model_only,Full-S1,True,0,81,37.475185992661864
cpu,HIT,model_only,Full-S1,True,0,82,37.40806499263272
cpu,HIT,model_only,Full-S1,True,0,83,37.40387997822836
cpu,HIT,model_only,Full-S1,True,0,84,37.39731601672247
cpu,HIT,model_only,Full-S1,True,0,85,37.805010040756315
cpu,HIT,model_only,Full-S1,True,0,86,37.69142203964293
cpu,HIT,model_only,Full-S1,True,0,87,37.48300002189353
cpu,HIT,model_only,Full-S1,True,0,88,37.456325022503734
cpu,HIT,model_only,Full-S1,True,0,89,37.439170002471656
cpu,HIT,model_only,Full-S1,True,0,90,37.40126302000135
cpu,HIT,model_only,Full-S1,True,0,91,37.331186002120376
cpu,HIT,model_only,Full-S1,True,0,92,37.379882007371634
cpu,HIT,model_only,Full-S1,True,0,93,37.34995698323473
cpu,HIT,model_only,Full-S1,True,0,94,37.59071003878489
cpu,HIT,model_only,Full-S1,True,0,95,37.445862020831555
cpu,HIT,model_only,Full-S1,True,0,96,37.441990978550166
cpu,HIT,model_only,Full-S1,True,0,97,37.41701098624617
cpu,HIT,model_only,Full-S1,True,0,98,37.464558030478656
cpu,HIT,model_only,Full-S1,True,0,99,37.42385300574824
cpu,HIT,model_only,Full-S1,True,0,100,37.38470998359844
cpu,HIT,model_only,Full-S1,True,0,101,37.66675404040143
cpu,HIT,model_only,Full-S1,True,0,102,37.45891898870468
cpu,HIT,model_only,Full-S1,True,0,103,37.38690598402172
cpu,HIT,model_only,Full-S1,True,0,104,37.43705799570307
cpu,HIT,model_only,Full-S1,True,0,105,37.358694011345506
cpu,HIT,model_only,Full-S1,True,0,106,37.369763012975454
cpu,HIT,model_only,Full-S1,True,0,107,37.45651396457106
cpu,HIT,model_only,Full-S1,True,0,108,37.43388195289299
cpu,HIT,model_only,Full-S1,True,0,109,37.38707402953878
cpu,HIT,model_only,Full-S1,True,0,110,37.3909140471369
cpu,HIT,model_only,Full-S1,True,0,111,37.41743101272732
cpu,HIT,model_only,Full-S1,True,0,112,37.86691796267405
cpu,HIT,model_only,Full-S1,True,0,113,37.60054102167487
cpu,HIT,model_only,Full-S1,True,0,114,37.48057398479432
cpu,HIT,model_only,Full-S1,True,0,115,37.4051199760288
cpu,HIT,model_only,Full-S1,True,0,116,37.39803098142147
cpu,HIT,model_only,Full-S1,True,0,117,37.42164501454681
cpu,HIT,model_only,Full-S1,True,0,118,37.37084998283535
cpu,HIT,model_only,Full-S1,True,0,119,37.36869402928278
cpu,HIT,model_only,Full-S1,True,0,120,37.434331024996936
cpu,HIT,model_only,Full-S1,True,0,121,37.552454974502325
cpu,HIT,model_only,Full-S1,True,0,122,37.40808495786041
cpu,HIT,model_only,Full-S1,True,0,123,37.41709899622947
cpu,HIT,model_only,Full-S1,True,0,124,37.36121201654896
cpu,HIT,model_only,Full-S1,True,0,125,37.47547103557736
cpu,HIT,model_only,Full-S1,True,0,126,37.76521800318733
cpu,HIT,model_only,Full-S1,True,0,127,37.53194899763912
cpu,HIT,model_only,Full-S1,True,0,128,37.47837996343151
cpu,HIT,model_only,Full-S1,True,0,129,37.3544929898344
cpu,HIT,model_only,Full-S1,True,0,130,37.37007098970935
cpu,HIT,model_only,Full-S1,True,0,131,37.365645985119045
cpu,HIT,model_only,Full-S1,True,0,132,37.385832984000444
cpu,HIT,model_only,Full-S1,True,0,133,37.35634300392121
cpu,HIT,model_only,Full-S1,True,0,134,37.408134958241135
cpu,HIT,model_only,Full-S1,True,0,135,37.50035399571061
cpu,HIT,model_only,Full-S1,True,0,136,37.502930033952
cpu,HIT,model_only,Full-S1,True,0,137,37.454494973644614
cpu,HIT,model_only,Full-S1,True,0,138,37.379760993644595
cpu,HIT,model_only,Full-S1,True,0,139,37.961181020364165
cpu,HIT,model_only,Full-S1,True,0,140,37.61066700099036
cpu,HIT,model_only,Full-S1,True,0,141,37.433291028719395
cpu,HIT,model_only,Full-S1,True,0,142,37.468235997948796
cpu,HIT,model_only,Full-S1,True,0,143,37.69443096825853
cpu,HIT,model_only,Full-S1,True,0,144,37.33682498568669
cpu,HIT,model_only,Full-S1,True,0,145,37.38521097693592
cpu,HIT,model_only,Full-S1,True,0,146,37.360228947363794
cpu,HIT,model_only,Full-S1,True,0,147,37.47694898629561
cpu,HIT,model_only,Full-S1,True,0,148,37.713584024459124
cpu,HIT,model_only,Full-S1,True,0,149,37.461666972376406
cpu,HIT,model_only,Full-S1,True,0,150,37.45264996541664
cpu,HIT,model_only,Full-S1,True,0,151,37.4241920071654
cpu,HIT,model_only,Full-S1,True,0,152,37.41965105291456
cpu,HIT,model_only,Full-S1,True,0,153,37.455139972735196
cpu,HIT,model_only,Full-S1,True,0,154,37.398259970359504
cpu,HIT,model_only,Full-S1,True,0,155,37.44101099437103
cpu,HIT,model_only,Full-S1,True,0,156,37.44884300976992
cpu,HIT,model_only,Full-S1,True,0,157,37.36192698124796
cpu,HIT,model_only,Full-S1,True,0,158,37.39347297232598
cpu,HIT,model_only,Full-S1,True,0,159,37.389293021988124
cpu,HIT,model_only,Full-S1,True,0,160,37.39917097846046
cpu,HIT,model_only,Full-S1,True,0,161,37.357670022174716
cpu,HIT,model_only,Full-S1,True,0,162,37.47139498591423
cpu,HIT,model_only,Full-S1,True,0,163,37.409973971080035
cpu,HIT,model_only,Full-S1,True,0,164,37.41724602878094
cpu,HIT,model_only,Full-S1,True,0,165,37.39959199447185
cpu,HIT,model_only,Full-S1,True,0,166,38.00126403803006
cpu,HIT,model_only,Full-S1,True,0,167,37.78511699056253
cpu,HIT,model_only,Full-S1,True,0,168,37.48074796749279
cpu,HIT,model_only,Full-S1,True,0,169,37.438059982378036
cpu,HIT,model_only,Full-S1,True,0,170,37.359675974585116
cpu,HIT,model_only,Full-S1,True,0,171,37.39859804045409
cpu,HIT,model_only,Full-S1,True,0,172,37.389527016784996
cpu,HIT,model_only,Full-S1,True,0,173,37.49676694860682
cpu,HIT,model_only,Full-S1,True,0,174,37.69116697367281
cpu,HIT,model_only,Full-S1,True,0,175,37.43956401012838
cpu,HIT,model_only,Full-S1,True,0,176,37.431417033076286
cpu,HIT,model_only,Full-S1,True,0,177,37.38330997293815
cpu,HIT,model_only,Full-S1,True,0,178,37.41776297101751
cpu,HIT,model_only,Full-S1,True,0,179,37.44192601880059
cpu,HIT,model_only,Full-S1,True,0,180,37.454438977874815
cpu,HIT,model_only,Full-S1,True,0,181,37.354380008764565
cpu,HIT,model_only,Full-S1,True,0,182,37.38144802628085
cpu,HIT,model_only,Full-S1,True,0,183,37.41486696526408
cpu,HIT,model_only,Full-S1,True,0,184,37.36522200051695
cpu,HIT,model_only,Full-S1,True,0,185,37.39942400716245
cpu,HIT,model_only,Full-S1,True,0,186,37.458757986314595
cpu,HIT,model_only,Full-S1,True,0,187,37.38801903091371
cpu,HIT,model_only,Full-S1,True,0,188,37.421629996970296
cpu,HIT,model_only,Full-S1,True,0,189,37.35584201058373
cpu,HIT,model_only,Full-S1,True,0,190,37.41978300968185
cpu,HIT,model_only,Full-S1,True,0,191,37.416362029034644
cpu,HIT,model_only,Full-S1,True,0,192,37.96524996869266
cpu,HIT,model_only,Full-S1,True,0,193,37.513087037950754
cpu,HIT,model_only,Full-S1,True,0,194,37.48628601897508
cpu,HIT,model_only,Full-S1,True,0,195,37.6500190468505
cpu,HIT,model_only,Full-S1,True,0,196,37.420208973344415
cpu,HIT,model_only,Full-S1,True,0,197,37.476119003258646
cpu,HIT,model_only,Full-S1,True,0,198,37.40246803499758
cpu,HIT,model_only,Full-S1,True,0,199,37.674761028029025
cpu,HIT,model_only,Full-S1,True,0,200,37.42345899809152
cpu,HIT,model_only,Full-S1,True,0,201,37.58737200405449
cpu,HIT,model_only,Full-S1,True,0,202,37.55712800193578
cpu,HIT,model_only,Full-S1,True,0,203,37.40501397987828
cpu,HIT,model_only,Full-S1,True,0,204,37.417314015328884
cpu,HIT,model_only,Full-S1,True,0,205,37.41115698358044
cpu,HIT,model_only,Full-S1,True,0,206,37.45607304153964
cpu,HIT,model_only,Full-S1,True,0,207,37.41861798334867
cpu,HIT,model_only,Full-S1,True,0,208,37.33200003625825
cpu,HIT,model_only,Full-S1,True,0,209,37.369029014371336
cpu,HIT,model_only,Full-S1,True,0,210,37.37964300671592
cpu,HIT,model_only,Full-S1,True,0,211,37.33733599074185
cpu,HIT,model_only,Full-S1,True,0,212,37.44910203386098
cpu,HIT,model_only,Full-S1,True,0,213,37.40893298527226
cpu,HIT,model_only,Full-S1,True,0,214,37.386446027085185
cpu,HIT,model_only,Full-S1,True,0,215,37.426713039167225
cpu,HIT,model_only,Full-S1,True,0,216,37.38676803186536
cpu,HIT,model_only,Full-S1,True,0,217,37.42416197201237
cpu,HIT,model_only,Full-S1,True,0,218,37.41299896501005
cpu,HIT,model_only,Full-S1,True,0,219,37.972591002471745
cpu,HIT,model_only,Full-S1,True,0,220,37.53149701515213
cpu,HIT,model_only,Full-S1,True,0,221,37.43729199049994
cpu,HIT,model_only,Full-S1,True,0,222,37.446337984874845
cpu,HIT,model_only,Full-S1,True,0,223,38.121151039376855
cpu,HIT,model_only,Full-S1,True,0,224,40.33672699006274
cpu,HIT,model_only,Full-S1,True,0,225,39.484107051976025
cpu,HIT,model_only,Full-S1,True,0,226,37.54350997041911
cpu,HIT,model_only,Full-S1,True,0,227,37.428687035571784
cpu,HIT,model_only,Full-S1,True,0,228,37.4987079994753
cpu,HIT,model_only,Full-S1,True,0,229,37.39305795170367
cpu,HIT,model_only,Full-S1,True,0,230,37.35340799903497
cpu,HIT,model_only,Full-S1,True,0,231,37.43105899775401
cpu,HIT,model_only,Full-S1,True,0,232,37.43344801478088
cpu,HIT,model_only,Full-S1,True,0,233,37.41044003982097
cpu,HIT,model_only,Full-S1,True,0,234,37.45472099399194
cpu,HIT,model_only,Full-S1,True,0,235,37.63176401844248
cpu,HIT,model_only,Full-S1,True,0,236,37.43537998525426
cpu,HIT,model_only,Full-S1,True,0,237,37.81242901459336
cpu,HIT,model_only,Full-S1,True,0,238,37.44014399126172
cpu,HIT,model_only,Full-S1,True,0,239,37.687741976697
cpu,HIT,model_only,Full-S1,True,0,240,37.49573102686554
cpu,HIT,model_only,Full-S1,True,0,241,37.35274000791833
cpu,HIT,model_only,Full-S1,True,0,242,37.35219803638756
cpu,HIT,model_only,Full-S1,True,0,243,37.49545698519796
cpu,HIT,model_only,Full-S1,True,0,244,37.4241879908368
cpu,HIT,model_only,Full-S1,True,0,245,37.68358600791544
cpu,HIT,model_only,Full-S1,True,0,246,37.65431803185493
cpu,HIT,model_only,Full-S1,True,0,247,37.606971047353
cpu,HIT,model_only,Full-S1,True,0,248,37.40403399569914
cpu,HIT,model_only,Full-S1,True,0,249,37.452211952768266
cpu,HIT,model_only,K1,True,0,0,20.746383990626782
cpu,HIT,model_only,K1,True,0,1,20.14080504886806
cpu,HIT,model_only,K1,True,0,2,19.944789994042367
cpu,HIT,model_only,K1,True,0,3,19.779172027483582
cpu,HIT,model_only,K1,True,0,4,19.716290989890695
cpu,HIT,model_only,K1,True,0,5,19.655940996017307
cpu,HIT,model_only,K1,True,0,6,19.686039013322443
cpu,HIT,model_only,K1,True,0,7,19.752399995923042
cpu,HIT,model_only,K1,True,0,8,19.693326961714774
cpu,HIT,model_only,K1,True,0,9,19.99090099707246
cpu,HIT,model_only,K1,True,0,10,19.723246979992837
cpu,HIT,model_only,K1,True,0,11,19.661067984998226
cpu,HIT,model_only,K1,True,0,12,19.783818046562374
cpu,HIT,model_only,K1,True,0,13,19.732399028725922
cpu,HIT,model_only,K1,True,0,14,19.79510299861431
cpu,HIT,model_only,K1,True,0,15,19.81770998099819
cpu,HIT,model_only,K1,True,0,16,19.784550997428596
cpu,HIT,model_only,K1,True,0,17,19.750632985960692
cpu,HIT,model_only,K1,True,0,18,19.633346004411578
cpu,HIT,model_only,K1,True,0,19,19.75735794985667
cpu,HIT,model_only,K1,True,0,20,19.748090009670705
cpu,HIT,model_only,K1,True,0,21,19.708014966454357
cpu,HIT,model_only,K1,True,0,22,19.690821995027363
cpu,HIT,model_only,K1,True,0,23,19.728571991436183
cpu,HIT,model_only,K1,True,0,24,19.750537001527846
cpu,HIT,model_only,K1,True,0,25,19.754325039684772
cpu,HIT,model_only,K1,True,0,26,19.71993496408686
cpu,HIT,model_only,K1,True,0,27,19.664740015286952
cpu,HIT,model_only,K1,True,0,28,19.831510027870536
cpu,HIT,model_only,K1,True,0,29,19.73724499111995
cpu,HIT,model_only,K1,True,0,30,19.756933033932
cpu,HIT,model_only,K1,True,0,31,19.66774300672114
cpu,HIT,model_only,K1,True,0,32,19.707873987499624
cpu,HIT,model_only,K1,True,0,33,19.74361698376015
cpu,HIT,model_only,K1,True,0,34,19.669121014885604
cpu,HIT,model_only,K1,True,0,35,19.76074097910896
cpu,HIT,model_only,K1,True,0,36,19.67805699678138
cpu,HIT,model_only,K1,True,0,37,19.793410960119218
cpu,HIT,model_only,K1,True,0,38,19.717186980415136
cpu,HIT,model_only,K1,True,0,39,19.699720025528222
cpu,HIT,model_only,K1,True,0,40,19.746134988963604
cpu,HIT,model_only,K1,True,0,41,19.760829978622496
cpu,HIT,model_only,K1,True,0,42,19.87974002258852
cpu,HIT,model_only,K1,True,0,43,19.813744991552085
cpu,HIT,model_only,K1,True,0,44,19.712605979293585
cpu,HIT,model_only,K1,True,0,45,19.78903397684917
cpu,HIT,model_only,K1,True,0,46,19.739626965019852
cpu,HIT,model_only,K1,True,0,47,19.702748977579176
cpu,HIT,model_only,K1,True,0,48,19.717543967999518
cpu,HIT,model_only,K1,True,0,49,19.725300022400916
cpu,HIT,model_only,K1,True,0,50,19.741451949812472
cpu,HIT,model_only,K1,True,0,51,19.84134700614959
cpu,HIT,model_only,K1,True,0,52,19.74187302403152
cpu,HIT,model_only,K1,True,0,53,19.761942035984248
cpu,HIT,model_only,K1,True,0,54,19.721900986041874
cpu,HIT,model_only,K1,True,0,55,19.80680099222809
cpu,HIT,model_only,K1,True,0,56,19.77741497103125
cpu,HIT,model_only,K1,True,0,57,19.754283945076168
cpu,HIT,model_only,K1,True,0,58,19.76242399541661
cpu,HIT,model_only,K1,True,0,59,19.696669012773782
cpu,HIT,model_only,K1,True,0,60,19.95623897528276
cpu,HIT,model_only,K1,True,0,61,19.77129199076444
cpu,HIT,model_only,K1,True,0,62,19.705477985553443
cpu,HIT,model_only,K1,True,0,63,19.743745040614158
cpu,HIT,model_only,K1,True,0,64,19.667442014906555
cpu,HIT,model_only,K1,True,0,65,19.770105951465666
cpu,HIT,model_only,K1,True,0,66,19.68024403322488
cpu,HIT,model_only,K1,True,0,67,19.72298201872036
cpu,HIT,model_only,K1,True,0,68,19.68911400763318
cpu,HIT,model_only,K1,True,0,69,19.747923011891544
cpu,HIT,model_only,K1,True,0,70,19.75388004211709
cpu,HIT,model_only,K1,True,0,71,19.838373991660774
cpu,HIT,model_only,K1,True,0,72,19.77357902796939
cpu,HIT,model_only,K1,True,0,73,19.739395997021347
cpu,HIT,model_only,K1,True,0,74,19.74503102246672
cpu,HIT,model_only,K1,True,0,75,19.716936978511512
cpu,HIT,model_only,K1,True,0,76,19.761643023230135
cpu,HIT,model_only,K1,True,0,77,19.700704026035964
cpu,HIT,model_only,K1,True,0,78,19.696458999533206
cpu,HIT,model_only,K1,True,0,79,19.706730963662267
cpu,HIT,model_only,K1,True,0,80,19.717753981240094
cpu,HIT,model_only,K1,True,0,81,19.788108009379357
cpu,HIT,model_only,K1,True,0,82,19.75607796339318
cpu,HIT,model_only,K1,True,0,83,19.687640015035868
cpu,HIT,model_only,K1,True,0,84,19.671123998705298
cpu,HIT,model_only,K1,True,0,85,19.662581966258585
cpu,HIT,model_only,K1,True,0,86,19.69167700735852
cpu,HIT,model_only,K1,True,0,87,19.68406402738765
cpu,HIT,model_only,K1,True,0,88,19.771990017034113
cpu,HIT,model_only,K1,True,0,89,19.665608007926494
cpu,HIT,model_only,K1,True,0,90,19.78813303867355
cpu,HIT,model_only,K1,True,0,91,19.67373996740207
cpu,HIT,model_only,K1,True,0,92,19.68711701920256
cpu,HIT,model_only,K1,True,0,93,20.197545003611594
cpu,HIT,model_only,K1,True,0,94,19.765033037401736
cpu,HIT,model_only,K1,True,0,95,19.72313696751371
cpu,HIT,model_only,K1,True,0,96,19.888378970790654
cpu,HIT,model_only,K1,True,0,97,19.77749797515571
cpu,HIT,model_only,K1,True,0,98,19.735479028895497
cpu,HIT,model_only,K1,True,0,99,19.750378967728466
cpu,HIT,model_only,K1,True,0,100,19.695353985298425
cpu,HIT,model_only,K1,True,0,101,19.688353000674397
cpu,HIT,model_only,K1,True,0,102,19.769728009123355
cpu,HIT,model_only,K1,True,0,103,19.6664470131509
cpu,HIT,model_only,K1,True,0,104,19.739156996365637
cpu,HIT,model_only,K1,True,0,105,19.629429967608303
cpu,HIT,model_only,K1,True,0,106,19.752950000111014
cpu,HIT,model_only,K1,True,0,107,19.677710020914674
cpu,HIT,model_only,K1,True,0,108,19.78641503956169
cpu,HIT,model_only,K1,True,0,109,19.775371998548508
cpu,HIT,model_only,K1,True,0,110,19.74447799148038
cpu,HIT,model_only,K1,True,0,111,19.921948027331382
cpu,HIT,model_only,K1,True,0,112,19.704347010701895
cpu,HIT,model_only,K1,True,0,113,19.794023013673723
cpu,HIT,model_only,K1,True,0,114,19.67226801207289
cpu,HIT,model_only,K1,True,0,115,19.756129011511803
cpu,HIT,model_only,K1,True,0,116,19.842358015011996
cpu,HIT,model_only,K1,True,0,117,19.745656987652183
cpu,HIT,model_only,K1,True,0,118,19.739267998375
cpu,HIT,model_only,K1,True,0,119,19.78893601335585
cpu,HIT,model_only,K1,True,0,120,19.671584013849497
cpu,HIT,model_only,K1,True,0,121,19.76050395751372
cpu,HIT,model_only,K1,True,0,122,19.738567993044853
cpu,HIT,model_only,K1,True,0,123,19.771336985286325
cpu,HIT,model_only,K1,True,0,124,19.71321803284809
cpu,HIT,model_only,K1,True,0,125,19.75461299298331
cpu,HIT,model_only,K1,True,0,126,19.75416496861726
cpu,HIT,model_only,K1,True,0,127,19.762143958359957
cpu,HIT,model_only,K1,True,0,128,19.76656896295026
cpu,HIT,model_only,K1,True,0,129,19.747683953028172
cpu,HIT,model_only,K1,True,0,130,19.712267036084086
cpu,HIT,model_only,K1,True,0,131,19.687421969138086
cpu,HIT,model_only,K1,True,0,132,19.787358993198723
cpu,HIT,model_only,K1,True,0,133,19.77294497191906
cpu,HIT,model_only,K1,True,0,134,19.776733999606222
cpu,HIT,model_only,K1,True,0,135,19.75751802092418
cpu,HIT,model_only,K1,True,0,136,19.6913150139153
cpu,HIT,model_only,K1,True,0,137,19.794225983787328
cpu,HIT,model_only,K1,True,0,138,19.72920895786956
cpu,HIT,model_only,K1,True,0,139,19.74445895757526
cpu,HIT,model_only,K1,True,0,140,19.770963001064956
cpu,HIT,model_only,K1,True,0,141,19.75706999655813
cpu,HIT,model_only,K1,True,0,142,19.677422009408474
cpu,HIT,model_only,K1,True,0,143,19.665917032398283
cpu,HIT,model_only,K1,True,0,144,20.2355399960652
cpu,HIT,model_only,K1,True,0,145,19.867619965225458
cpu,HIT,model_only,K1,True,0,146,19.808449025731534
cpu,HIT,model_only,K1,True,0,147,19.68632999341935
cpu,HIT,model_only,K1,True,0,148,19.77414102293551
cpu,HIT,model_only,K1,True,0,149,19.831304962281138
cpu,HIT,model_only,K1,True,0,150,19.68519005458802
cpu,HIT,model_only,K1,True,0,151,19.815490988548845
cpu,HIT,model_only,K1,True,0,152,19.72873299382627
cpu,HIT,model_only,K1,True,0,153,19.73184000235051
cpu,HIT,model_only,K1,True,0,154,19.767860998399556
cpu,HIT,model_only,K1,True,0,155,19.75670299725607
cpu,HIT,model_only,K1,True,0,156,19.895236007869244
cpu,HIT,model_only,K1,True,0,157,19.714920956175774
cpu,HIT,model_only,K1,True,0,158,19.73443297902122
cpu,HIT,model_only,K1,True,0,159,20.8682999946177
cpu,HIT,model_only,K1,True,0,160,19.694022019393742
cpu,HIT,model_only,K1,True,0,161,19.858547020703554
cpu,HIT,model_only,K1,True,0,162,19.81092500500381
cpu,HIT,model_only,K1,True,0,163,19.779302005190402
cpu,HIT,model_only,K1,True,0,164,19.84724897192791
cpu,HIT,model_only,K1,True,0,165,19.67406802577898
cpu,HIT,model_only,K1,True,0,166,19.752516003791243
cpu,HIT,model_only,K1,True,0,167,19.701476965565234
cpu,HIT,model_only,K1,True,0,168,19.680464989505708
cpu,HIT,model_only,K1,True,0,169,19.700608041603118
cpu,HIT,model_only,K1,True,0,170,19.74738301942125
cpu,HIT,model_only,K1,True,0,171,19.81663500191644
cpu,HIT,model_only,K1,True,0,172,19.725541002117097
cpu,HIT,model_only,K1,True,0,173,19.73229699069634
cpu,HIT,model_only,K1,True,0,174,19.809961027931422
cpu,HIT,model_only,K1,True,0,175,19.66998795978725
cpu,HIT,model_only,K1,True,0,176,19.735025009140372
cpu,HIT,model_only,K1,True,0,177,19.74486600374803
cpu,HIT,model_only,K1,True,0,178,19.772085011936724
cpu,HIT,model_only,K1,True,0,179,19.748691003769636
cpu,HIT,model_only,K1,True,0,180,19.759933988098055
cpu,HIT,model_only,K1,True,0,181,19.750748004298657
cpu,HIT,model_only,K1,True,0,182,19.667103013489395
cpu,HIT,model_only,K1,True,0,183,19.77453602012247
cpu,HIT,model_only,K1,True,0,184,19.693971960805357
cpu,HIT,model_only,K1,True,0,185,19.680839963257313
cpu,HIT,model_only,K1,True,0,186,19.681928039062768
cpu,HIT,model_only,K1,True,0,187,19.71525402041152
cpu,HIT,model_only,K1,True,0,188,19.757478963583708
cpu,HIT,model_only,K1,True,0,189,19.859172985889018
cpu,HIT,model_only,K1,True,0,190,19.736186019144952
cpu,HIT,model_only,K1,True,0,191,19.770850951317698
cpu,HIT,model_only,K1,True,0,192,19.807803037110716
cpu,HIT,model_only,K1,True,0,193,19.72998899873346
cpu,HIT,model_only,K1,True,0,194,20.101190952118486
cpu,HIT,model_only,K1,True,0,195,19.842759997118264
cpu,HIT,model_only,K1,True,0,196,20.098529988899827
cpu,HIT,model_only,K1,True,0,197,19.898981030564755
cpu,HIT,model_only,K1,True,0,198,20.043533004354686
cpu,HIT,model_only,K1,True,0,199,19.831892976071686
cpu,HIT,model_only,K1,True,0,200,19.692119036335498
cpu,HIT,model_only,K1,True,0,201,19.735858018975705
cpu,HIT,model_only,K1,True,0,202,19.885703979525715
cpu,HIT,model_only,K1,True,0,203,19.784628006163985
cpu,HIT,model_only,K1,True,0,204,19.750897015910596
cpu,HIT,model_only,K1,True,0,205,19.704646023456007
cpu,HIT,model_only,K1,True,0,206,19.67397303087637
cpu,HIT,model_only,K1,True,0,207,19.72503901924938
cpu,HIT,model_only,K1,True,0,208,19.676490977872163
cpu,HIT,model_only,K1,True,0,209,19.73255001939833
cpu,HIT,model_only,K1,True,0,210,19.741843978408724
cpu,HIT,model_only,K1,True,0,211,19.757153000682592
cpu,HIT,model_only,K1,True,0,212,20.015451998915523
cpu,HIT,model_only,K1,True,0,213,19.787984958384186
cpu,HIT,model_only,K1,True,0,214,19.879338040482253
cpu,HIT,model_only,K1,True,0,215,19.685836974531412
cpu,HIT,model_only,K1,True,0,216,19.713121990207583
cpu,HIT,model_only,K1,True,0,217,19.762032956350595
cpu,HIT,model_only,K1,True,0,218,19.68566101277247
cpu,HIT,model_only,K1,True,0,219,19.706580031197518
cpu,HIT,model_only,K1,True,0,220,19.765913952142
cpu,HIT,model_only,K1,True,0,221,19.682824960909784
cpu,HIT,model_only,K1,True,0,222,19.66781198279932
cpu,HIT,model_only,K1,True,0,223,19.713382003828883
cpu,HIT,model_only,K1,True,0,224,19.8559450218454
cpu,HIT,model_only,K1,True,0,225,19.69808799913153
cpu,HIT,model_only,K1,True,0,226,19.727336009964347
cpu,HIT,model_only,K1,True,0,227,19.74417403107509
cpu,HIT,model_only,K1,True,0,228,19.717007991857827
cpu,HIT,model_only,K1,True,0,229,19.74185899598524
cpu,HIT,model_only,K1,True,0,230,19.79210099671036
cpu,HIT,model_only,K1,True,0,231,19.742261967621744
cpu,HIT,model_only,K1,True,0,232,19.737861992325634
cpu,HIT,model_only,K1,True,0,233,19.714248017407954
cpu,HIT,model_only,K1,True,0,234,19.75161099107936
cpu,HIT,model_only,K1,True,0,235,19.71298997523263
cpu,HIT,model_only,K1,True,0,236,19.803876988589764
cpu,HIT,model_only,K1,True,0,237,19.770942977629602
cpu,HIT,model_only,K1,True,0,238,19.786018005106598
cpu,HIT,model_only,K1,True,0,239,19.72564699826762
cpu,HIT,model_only,K1,True,0,240,19.71920405048877
cpu,HIT,model_only,K1,True,0,241,19.749608007259667
cpu,HIT,model_only,K1,True,0,242,19.652788003440946
cpu,HIT,model_only,K1,True,0,243,19.700234988704324
cpu,HIT,model_only,K1,True,0,244,19.68925300752744
cpu,HIT,model_only,K1,True,0,245,20.151412987615913
cpu,HIT,model_only,K1,True,0,246,19.83952900627628
cpu,HIT,model_only,K1,True,0,247,19.745273981243372
cpu,HIT,model_only,K1,True,0,248,19.759784976486117
cpu,HIT,model_only,K1,True,0,249,19.6958800079301
cpu,HIT,model_only,K1,True,1,0,19.71850701374933
cpu,HIT,model_only,K1,True,1,1,19.792758976109326
cpu,HIT,model_only,K1,True,1,2,19.725693971849978
cpu,HIT,model_only,K1,True,1,3,19.753511005546898
cpu,HIT,model_only,K1,True,1,4,19.672601018100977
cpu,HIT,model_only,K1,True,1,5,19.75946902530268
cpu,HIT,model_only,K1,True,1,6,19.746077014133334
cpu,HIT,model_only,K1,True,1,7,19.711580011062324
cpu,HIT,model_only,K1,True,1,8,19.727531995158643
cpu,HIT,model_only,K1,True,1,9,19.74312699167058
cpu,HIT,model_only,K1,True,1,10,19.78209998924285
cpu,HIT,model_only,K1,True,1,11,19.69014503993094
cpu,HIT,model_only,K1,True,1,12,19.789295038208365
cpu,HIT,model_only,K1,True,1,13,19.924132036976516
cpu,HIT,model_only,K1,True,1,14,19.69167497009039
cpu,HIT,model_only,K1,True,1,15,19.7718910058029
cpu,HIT,model_only,K1,True,1,16,19.789696962106973
cpu,HIT,model_only,K1,True,1,17,19.749334023799747
cpu,HIT,model_only,K1,True,1,18,19.751663028728217
cpu,HIT,model_only,K1,True,1,19,19.69090901548043
cpu,HIT,model_only,K1,True,1,20,19.722961995285004
cpu,HIT,model_only,K1,True,1,21,19.767943012993783
cpu,HIT,model_only,K1,True,1,22,19.736876944079995
cpu,HIT,model_only,K1,True,1,23,19.735053996555507
cpu,HIT,model_only,K1,True,1,24,19.723681965842843
cpu,HIT,model_only,K1,True,1,25,19.77388496743515
cpu,HIT,model_only,K1,True,1,26,19.71847197273746
cpu,HIT,model_only,K1,True,1,27,19.760277005843818
cpu,HIT,model_only,K1,True,1,28,19.730994012206793
cpu,HIT,model_only,K1,True,1,29,19.665136002004147
cpu,HIT,model_only,K1,True,1,30,19.68016696628183
cpu,HIT,model_only,K1,True,1,31,19.754673005081713
cpu,HIT,model_only,K1,True,1,32,19.705318962223828
cpu,HIT,model_only,K1,True,1,33,19.680507015436888
cpu,HIT,model_only,K1,True,1,34,19.639796984847635
cpu,HIT,model_only,K1,True,1,35,19.723987963516265
cpu,HIT,model_only,K1,True,1,36,19.751773972529918
cpu,HIT,model_only,K1,True,1,37,19.723546982277185
cpu,HIT,model_only,K1,True,1,38,19.749004975892603
cpu,HIT,model_only,K1,True,1,39,19.751830026507378
cpu,HIT,model_only,K1,True,1,40,19.728664017748088
cpu,HIT,model_only,K1,True,1,41,19.71517101628706
cpu,HIT,model_only,K1,True,1,42,19.71785305067897
cpu,HIT,model_only,K1,True,1,43,19.749955041334033
cpu,HIT,model_only,K1,True,1,44,19.696927978657186
cpu,HIT,model_only,K1,True,1,45,19.974894996266812
cpu,HIT,model_only,K1,True,1,46,20.016897993627936
cpu,HIT,model_only,K1,True,1,47,19.808256009127945
cpu,HIT,model_only,K1,True,1,48,19.740924995858222
cpu,HIT,model_only,K1,True,1,49,19.723842036910355
cpu,HIT,model_only,K1,True,1,50,19.758038979489356
cpu,HIT,model_only,K1,True,1,51,19.717520975973457
cpu,HIT,model_only,K1,True,1,52,19.67761100968346
cpu,HIT,model_only,K1,True,1,53,19.818699976895005
cpu,HIT,model_only,K1,True,1,54,19.70458001596853
cpu,HIT,model_only,K1,True,1,55,19.76839598501101
cpu,HIT,model_only,K1,True,1,56,19.727214996237308
cpu,HIT,model_only,K1,True,1,57,19.69530899077654
cpu,HIT,model_only,K1,True,1,58,19.75605502957478
cpu,HIT,model_only,K1,True,1,59,19.676182011608034
cpu,HIT,model_only,K1,True,1,60,19.79146897792816
cpu,HIT,model_only,K1,True,1,61,19.703251018654555
cpu,HIT,model_only,K1,True,1,62,19.686757994350046
cpu,HIT,model_only,K1,True,1,63,19.850849988870323
cpu,HIT,model_only,K1,True,1,64,19.886795023921877
cpu,HIT,model_only,K1,True,1,65,19.694107002578676
cpu,HIT,model_only,K1,True,1,66,19.706320017576218
cpu,HIT,model_only,K1,True,1,67,19.681426987517625
cpu,HIT,model_only,K1,True,1,68,19.701839017216116
cpu,HIT,model_only,K1,True,1,69,19.75202700123191
cpu,HIT,model_only,K1,True,1,70,19.806307973340154
cpu,HIT,model_only,K1,True,1,71,19.708648032974452
cpu,HIT,model_only,K1,True,1,72,19.784904026892036
cpu,HIT,model_only,K1,True,1,73,19.716105016414076
cpu,HIT,model_only,K1,True,1,74,19.668158958666027
cpu,HIT,model_only,K1,True,1,75,19.754331035073847
cpu,HIT,model_only,K1,True,1,76,19.712667970452458
cpu,HIT,model_only,K1,True,1,77,19.786296994425356
cpu,HIT,model_only,K1,True,1,78,19.725880993064493
cpu,HIT,model_only,K1,True,1,79,19.676482013892382
cpu,HIT,model_only,K1,True,1,80,19.636635028291494
cpu,HIT,model_only,K1,True,1,81,19.693558977451175
cpu,HIT,model_only,K1,True,1,82,19.743613025639206
cpu,HIT,model_only,K1,True,1,83,19.874232995789498
cpu,HIT,model_only,K1,True,1,84,19.752594002056867
cpu,HIT,model_only,K1,True,1,85,19.765205041039735
cpu,HIT,model_only,K1,True,1,86,19.6791339549236
cpu,HIT,model_only,K1,True,1,87,19.72425897838548
cpu,HIT,model_only,K1,True,1,88,19.77890497073531
cpu,HIT,model_only,K1,True,1,89,20.10774298105389
cpu,HIT,model_only,K1,True,1,90,19.686032028403133
cpu,HIT,model_only,K1,True,1,91,19.699460011906922
cpu,HIT,model_only,K1,True,1,92,19.660341029521078
cpu,HIT,model_only,K1,True,1,93,19.69077903777361
cpu,HIT,model_only,K1,True,1,94,19.703366968315095
cpu,HIT,model_only,K1,True,1,95,19.666934967972338
cpu,HIT,model_only,K1,True,1,96,20.093046012334526
cpu,HIT,model_only,K1,True,1,97,19.80771799571812
cpu,HIT,model_only,K1,True,1,98,19.729189050849527
cpu,HIT,model_only,K1,True,1,99,19.80968500720337
cpu,HIT,model_only,K1,True,1,100,20.0696790125221
cpu,HIT,model_only,K1,True,1,101,20.257253025192767
cpu,HIT,model_only,K1,True,1,102,19.732212007511407
cpu,HIT,model_only,K1,True,1,103,19.77983897086233
cpu,HIT,model_only,K1,True,1,104,19.716957001946867
cpu,HIT,model_only,K1,True,1,105,19.67019500443712
cpu,HIT,model_only,K1,True,1,106,19.653101975563914
cpu,HIT,model_only,K1,True,1,107,19.673553004395217
cpu,HIT,model_only,K1,True,1,108,19.74304101895541
cpu,HIT,model_only,K1,True,1,109,19.763940013945103
cpu,HIT,model_only,K1,True,1,110,19.728342012967914
cpu,HIT,model_only,K1,True,1,111,19.7801009635441
cpu,HIT,model_only,K1,True,1,112,19.754298962652683
cpu,HIT,model_only,K1,True,1,113,19.774310989305377
cpu,HIT,model_only,K1,True,1,114,19.7838400490582
cpu,HIT,model_only,K1,True,1,115,19.784250995144248
cpu,HIT,model_only,K1,True,1,116,19.791208032984287
cpu,HIT,model_only,K1,True,1,117,19.705667975358665
cpu,HIT,model_only,K1,True,1,118,19.712775014340878
cpu,HIT,model_only,K1,True,1,119,19.77176801301539
cpu,HIT,model_only,K1,True,1,120,19.706066988874227
cpu,HIT,model_only,K1,True,1,121,19.72923503490165
cpu,HIT,model_only,K1,True,1,122,19.746034988202155
cpu,HIT,model_only,K1,True,1,123,19.76050197845325
cpu,HIT,model_only,K1,True,1,124,20.82138095283881
cpu,HIT,model_only,K1,True,1,125,20.251592039130628
cpu,HIT,model_only,K1,True,1,126,19.869746989570558
cpu,HIT,model_only,K1,True,1,127,19.733663008082658
cpu,HIT,model_only,K1,True,1,128,19.815526029560715
cpu,HIT,model_only,K1,True,1,129,19.676640979014337
cpu,HIT,model_only,K1,True,1,130,19.686788960825652
cpu,HIT,model_only,K1,True,1,131,19.71521001541987
cpu,HIT,model_only,K1,True,1,132,19.779290014412254
cpu,HIT,model_only,K1,True,1,133,19.677592033986002
cpu,HIT,model_only,K1,True,1,134,19.69660399481654
cpu,HIT,model_only,K1,True,1,135,19.833734957501292
cpu,HIT,model_only,K1,True,1,136,19.796874024905264
cpu,HIT,model_only,K1,True,1,137,19.75973800290376
cpu,HIT,model_only,K1,True,1,138,19.80889798142016
cpu,HIT,model_only,K1,True,1,139,19.747373997233808
cpu,HIT,model_only,K1,True,1,140,19.690416054800153
cpu,HIT,model_only,K1,True,1,141,19.816700951196253
cpu,HIT,model_only,K1,True,1,142,19.878507999237627
cpu,HIT,model_only,K1,True,1,143,19.69577098498121
cpu,HIT,model_only,K1,True,1,144,19.828933000098914
cpu,HIT,model_only,K1,True,1,145,19.6876649861224
cpu,HIT,model_only,K1,True,1,146,19.756474997848272
cpu,HIT,model_only,K1,True,1,147,20.205627020914108
cpu,HIT,model_only,K1,True,1,148,19.880248000845313
cpu,HIT,model_only,K1,True,1,149,19.81471397448331
cpu,HIT,model_only,K1,True,1,150,19.860274042002857
cpu,HIT,model_only,K1,True,1,151,19.712298992089927
cpu,HIT,model_only,K1,True,1,152,19.858100975397974
cpu,HIT,model_only,K1,True,1,153,19.74898000480607
cpu,HIT,model_only,K1,True,1,154,19.829081022180617
cpu,HIT,model_only,K1,True,1,155,20.012819964904338
cpu,HIT,model_only,K1,True,1,156,19.705965009052306
cpu,HIT,model_only,K1,True,1,157,19.773093983531
cpu,HIT,model_only,K1,True,1,158,19.772467960137874
cpu,HIT,model_only,K1,True,1,159,19.804020004812628
cpu,HIT,model_only,K1,True,1,160,19.782288989517838
cpu,HIT,model_only,K1,True,1,161,19.702778023201972
cpu,HIT,model_only,K1,True,1,162,19.841725006699562
cpu,HIT,model_only,K1,True,1,163,19.773385021835566
cpu,HIT,model_only,K1,True,1,164,19.93421802762896
cpu,HIT,model_only,K1,True,1,165,20.036788017023355
cpu,HIT,model_only,K1,True,1,166,19.71820101607591
cpu,HIT,model_only,K1,True,1,167,19.74944199901074
cpu,HIT,model_only,K1,True,1,168,19.662528997287154
cpu,HIT,model_only,K1,True,1,169,19.783640978857875
cpu,HIT,model_only,K1,True,1,170,19.71694198437035
cpu,HIT,model_only,K1,True,1,171,19.75976099492982
cpu,HIT,model_only,K1,True,1,172,19.77030298439786
cpu,HIT,model_only,K1,True,1,173,19.738146977033466
cpu,HIT,model_only,K1,True,1,174,19.684158032760024
cpu,HIT,model_only,K1,True,1,175,19.702581979800016
cpu,HIT,model_only,K1,True,1,176,19.742384960409254
cpu,HIT,model_only,K1,True,1,177,19.7098670178093
cpu,HIT,model_only,K1,True,1,178,19.769913982599974
cpu,HIT,model_only,K1,True,1,179,19.692420959472656
cpu,HIT,model_only,K1,True,1,180,19.67643399257213
cpu,HIT,model_only,K1,True,1,181,19.760088005568832
cpu,HIT,model_only,K1,True,1,182,19.697353010997176
cpu,HIT,model_only,K1,True,1,183,19.79775697691366
cpu,HIT,model_only,K1,True,1,184,19.79656098410487
cpu,HIT,model_only,K1,True,1,185,19.734104978851974
cpu,HIT,model_only,K1,True,1,186,19.728590035811067
cpu,HIT,model_only,K1,True,1,187,19.853158970363438
cpu,HIT,model_only,K1,True,1,188,19.77253903169185
cpu,HIT,model_only,K1,True,1,189,19.757816975470632
cpu,HIT,model_only,K1,True,1,190,19.797499000560492
cpu,HIT,model_only,K1,True,1,191,19.69116897089407
cpu,HIT,model_only,K1,True,1,192,19.730338011868298
cpu,HIT,model_only,K1,True,1,193,19.725195015780628
cpu,HIT,model_only,K1,True,1,194,19.713295972906053
cpu,HIT,model_only,K1,True,1,195,19.74206796148792
cpu,HIT,model_only,K1,True,1,196,19.703525002114475
cpu,HIT,model_only,K1,True,1,197,20.013661996927112
cpu,HIT,model_only,K1,True,1,198,19.82949796365574
cpu,HIT,model_only,K1,True,1,199,19.741048978175968
cpu,HIT,model_only,K1,True,1,200,19.812275015283376
cpu,HIT,model_only,K1,True,1,201,19.700754957739264
cpu,HIT,model_only,K1,True,1,202,19.750831997953355
cpu,HIT,model_only,K1,True,1,203,19.651965994853526
cpu,HIT,model_only,K1,True,1,204,19.764869997743517
cpu,HIT,model_only,K1,True,1,205,19.695041002705693
cpu,HIT,model_only,K1,True,1,206,19.63650295510888
cpu,HIT,model_only,K1,True,1,207,19.78367700939998
cpu,HIT,model_only,K1,True,1,208,19.752214022446424
cpu,HIT,model_only,K1,True,1,209,19.713622983545065
cpu,HIT,model_only,K1,True,1,210,19.684473983943462
cpu,HIT,model_only,K1,True,1,211,19.727804989088327
cpu,HIT,model_only,K1,True,1,212,19.743630022276193
cpu,HIT,model_only,K1,True,1,213,19.708327017724514
cpu,HIT,model_only,K1,True,1,214,19.72357800696045
cpu,HIT,model_only,K1,True,1,215,19.725092977751046
cpu,HIT,model_only,K1,True,1,216,19.86443396890536
cpu,HIT,model_only,K1,True,1,217,19.790605001617223
cpu,HIT,model_only,K1,True,1,218,19.710815977305174
cpu,HIT,model_only,K1,True,1,219,19.741787982638925
cpu,HIT,model_only,K1,True,1,220,19.700111006386578
cpu,HIT,model_only,K1,True,1,221,19.78408801369369
cpu,HIT,model_only,K1,True,1,222,19.748730992432684
cpu,HIT,model_only,K1,True,1,223,19.74357501603663
cpu,HIT,model_only,K1,True,1,224,19.700715027283877
cpu,HIT,model_only,K1,True,1,225,19.7507290286012
cpu,HIT,model_only,K1,True,1,226,19.731300009880215
cpu,HIT,model_only,K1,True,1,227,20.05477499915287
cpu,HIT,model_only,K1,True,1,228,19.73640697542578
cpu,HIT,model_only,K1,True,1,229,19.709581043571234
cpu,HIT,model_only,K1,True,1,230,19.737933005671948
cpu,HIT,model_only,K1,True,1,231,19.804733979981393
cpu,HIT,model_only,K1,True,1,232,19.807683012913913
cpu,HIT,model_only,K1,True,1,233,19.72382003441453
cpu,HIT,model_only,K1,True,1,234,19.708065025042742
cpu,HIT,model_only,K1,True,1,235,19.683738995809108
cpu,HIT,model_only,K1,True,1,236,19.739841984119266
cpu,HIT,model_only,K1,True,1,237,19.75084003061056
cpu,HIT,model_only,K1,True,1,238,19.81247600633651
cpu,HIT,model_only,K1,True,1,239,19.715761009138077
cpu,HIT,model_only,K1,True,1,240,19.737444003112614
cpu,HIT,model_only,K1,True,1,241,19.795019004959613
cpu,HIT,model_only,K1,True,1,242,19.78262996999547
cpu,HIT,model_only,K1,True,1,243,19.65285901678726
cpu,HIT,model_only,K1,True,1,244,19.754964974708855
cpu,HIT,model_only,K1,True,1,245,19.81072098715231
cpu,HIT,model_only,K1,True,1,246,19.68807401135564
cpu,HIT,model_only,K1,True,1,247,19.766281999181956
cpu,HIT,model_only,K1,True,1,248,20.16370603814721
cpu,HIT,model_only,K1,True,1,249,19.815186969935894
cpu,HIT,model_only,Full-S1,True,1,0,37.73735900176689
cpu,HIT,model_only,Full-S1,True,1,1,37.54832502454519
cpu,HIT,model_only,Full-S1,True,1,2,37.482357991393656
cpu,HIT,model_only,Full-S1,True,1,3,37.4071869882755
cpu,HIT,model_only,Full-S1,True,1,4,37.44277002988383
cpu,HIT,model_only,Full-S1,True,1,5,37.4631030135788
cpu,HIT,model_only,Full-S1,True,1,6,37.48035500757396
cpu,HIT,model_only,Full-S1,True,1,7,37.41148498374969
cpu,HIT,model_only,Full-S1,True,1,8,37.38252696348354
cpu,HIT,model_only,Full-S1,True,1,9,37.6062230207026
cpu,HIT,model_only,Full-S1,True,1,10,37.43617801228538
cpu,HIT,model_only,Full-S1,True,1,11,37.46237599989399
cpu,HIT,model_only,Full-S1,True,1,12,37.4467020155862
cpu,HIT,model_only,Full-S1,True,1,13,37.43996296543628
cpu,HIT,model_only,Full-S1,True,1,14,37.40585898049176
cpu,HIT,model_only,Full-S1,True,1,15,37.36539202509448
cpu,HIT,model_only,Full-S1,True,1,16,37.36071800813079
cpu,HIT,model_only,Full-S1,True,1,17,37.394652026705444
cpu,HIT,model_only,Full-S1,True,1,18,37.35098504694179
cpu,HIT,model_only,Full-S1,True,1,19,37.55130199715495
cpu,HIT,model_only,Full-S1,True,1,20,37.372124032117426
cpu,HIT,model_only,Full-S1,True,1,21,37.41417400306091
cpu,HIT,model_only,Full-S1,True,1,22,37.361391994636506
cpu,HIT,model_only,Full-S1,True,1,23,37.37786796409637
cpu,HIT,model_only,Full-S1,True,1,24,37.43964002933353
cpu,HIT,model_only,Full-S1,True,1,25,37.71562402835116
cpu,HIT,model_only,Full-S1,True,1,26,37.5831289566122
cpu,HIT,model_only,Full-S1,True,1,27,37.47210797155276
cpu,HIT,model_only,Full-S1,True,1,28,37.38787100883201
cpu,HIT,model_only,Full-S1,True,1,29,37.41521900519729
cpu,HIT,model_only,Full-S1,True,1,30,37.37889399053529
cpu,HIT,model_only,Full-S1,True,1,31,37.41947002708912
cpu,HIT,model_only,Full-S1,True,1,32,37.41968097165227
cpu,HIT,model_only,Full-S1,True,1,33,37.40620199823752
cpu,HIT,model_only,Full-S1,True,1,34,37.384289025794715
cpu,HIT,model_only,Full-S1,True,1,35,37.62010100763291
cpu,HIT,model_only,Full-S1,True,1,36,37.43346896953881
cpu,HIT,model_only,Full-S1,True,1,37,37.393377046100795
cpu,HIT,model_only,Full-S1,True,1,38,37.44591400027275
cpu,HIT,model_only,Full-S1,True,1,39,37.4425919726491
cpu,HIT,model_only,Full-S1,True,1,40,37.43142302846536
cpu,HIT,model_only,Full-S1,True,1,41,37.342630967032164
cpu,HIT,model_only,Full-S1,True,1,42,37.37133904360235
cpu,HIT,model_only,Full-S1,True,1,43,37.381044996436685
cpu,HIT,model_only,Full-S1,True,1,44,37.31939702993259
cpu,HIT,model_only,Full-S1,True,1,45,37.425846967380494
cpu,HIT,model_only,Full-S1,True,1,46,37.40359196672216
cpu,HIT,model_only,Full-S1,True,1,47,37.358101981226355
cpu,HIT,model_only,Full-S1,True,1,48,37.48612996423617
cpu,HIT,model_only,Full-S1,True,1,49,37.45105303823948
cpu,HIT,model_only,Full-S1,True,1,50,37.35194000182673
cpu,HIT,model_only,Full-S1,True,1,51,37.37984801409766
cpu,HIT,model_only,Full-S1,True,1,52,37.925003038253635
cpu,HIT,model_only,Full-S1,True,1,53,37.511017988435924
cpu,HIT,model_only,Full-S1,True,1,54,38.109596993308514
cpu,HIT,model_only,Full-S1,True,1,55,37.582119985017926
cpu,HIT,model_only,Full-S1,True,1,56,37.48194401850924
cpu,HIT,model_only,Full-S1,True,1,57,37.643656018190086
cpu,HIT,model_only,Full-S1,True,1,58,37.441699008923024
cpu,HIT,model_only,Full-S1,True,1,59,37.36028901766986
cpu,HIT,model_only,Full-S1,True,1,60,37.42514696205035
cpu,HIT,model_only,Full-S1,True,1,61,37.35464398050681
cpu,HIT,model_only,Full-S1,True,1,62,37.625283002853394
cpu,HIT,model_only,Full-S1,True,1,63,37.46059798868373
cpu,HIT,model_only,Full-S1,True,1,64,37.451198033522815
cpu,HIT,model_only,Full-S1,True,1,65,37.47108898824081
cpu,HIT,model_only,Full-S1,True,1,66,37.4288969906047
cpu,HIT,model_only,Full-S1,True,1,67,37.36908099381253
cpu,HIT,model_only,Full-S1,True,1,68,37.337718007620424
cpu,HIT,model_only,Full-S1,True,1,69,37.362762028351426
cpu,HIT,model_only,Full-S1,True,1,70,37.38499496830627
cpu,HIT,model_only,Full-S1,True,1,71,37.44991699932143
cpu,HIT,model_only,Full-S1,True,1,72,37.40675398148596
cpu,HIT,model_only,Full-S1,True,1,73,37.37698000622913
cpu,HIT,model_only,Full-S1,True,1,74,37.36080601811409
cpu,HIT,model_only,Full-S1,True,1,75,37.47011203086004
cpu,HIT,model_only,Full-S1,True,1,76,37.46079601114616
cpu,HIT,model_only,Full-S1,True,1,77,37.40112099330872
cpu,HIT,model_only,Full-S1,True,1,78,37.462522042915225
cpu,HIT,model_only,Full-S1,True,1,79,37.873039953410625
cpu,HIT,model_only,Full-S1,True,1,80,37.47994499281049
cpu,HIT,model_only,Full-S1,True,1,81,37.57758199935779
cpu,HIT,model_only,Full-S1,True,1,82,37.41837199777365
cpu,HIT,model_only,Full-S1,True,1,83,37.43454103823751
cpu,HIT,model_only,Full-S1,True,1,84,37.482003041077405
cpu,HIT,model_only,Full-S1,True,1,85,37.55185200134292
cpu,HIT,model_only,Full-S1,True,1,86,37.42351400433108
cpu,HIT,model_only,Full-S1,True,1,87,37.620807997882366
cpu,HIT,model_only,Full-S1,True,1,88,37.436312006320804
cpu,HIT,model_only,Full-S1,True,1,89,37.446242989972234
cpu,HIT,model_only,Full-S1,True,1,90,37.408047006465495
cpu,HIT,model_only,Full-S1,True,1,91,37.41514100693166
cpu,HIT,model_only,Full-S1,True,1,92,37.438722036313266
cpu,HIT,model_only,Full-S1,True,1,93,38.70445699431002
cpu,HIT,model_only,Full-S1,True,1,94,37.41839498979971
cpu,HIT,model_only,Full-S1,True,1,95,37.403028982225806
cpu,HIT,model_only,Full-S1,True,1,96,37.419307976961136
cpu,HIT,model_only,Full-S1,True,1,97,37.37972496310249
cpu,HIT,model_only,Full-S1,True,1,98,37.39965899148956
cpu,HIT,model_only,Full-S1,True,1,99,37.37583797192201
cpu,HIT,model_only,Full-S1,True,1,100,37.4098940519616
cpu,HIT,model_only,Full-S1,True,1,101,37.40606899373233
cpu,HIT,model_only,Full-S1,True,1,102,37.37368801375851
cpu,HIT,model_only,Full-S1,True,1,103,37.378557957708836
cpu,HIT,model_only,Full-S1,True,1,104,37.45824203360826
cpu,HIT,model_only,Full-S1,True,1,105,37.74841199629009
cpu,HIT,model_only,Full-S1,True,1,106,37.8469149582088
cpu,HIT,model_only,Full-S1,True,1,107,37.492801959160715
cpu,HIT,model_only,Full-S1,True,1,108,37.439579027704895
cpu,HIT,model_only,Full-S1,True,1,109,37.37306798575446
cpu,HIT,model_only,Full-S1,True,1,110,37.47560904594138
cpu,HIT,model_only,Full-S1,True,1,111,37.54044300876558
cpu,HIT,model_only,Full-S1,True,1,112,37.40370296873152
cpu,HIT,model_only,Full-S1,True,1,113,37.43355395272374
cpu,HIT,model_only,Full-S1,True,1,114,37.38322097342461
cpu,HIT,model_only,Full-S1,True,1,115,37.46065002633259
cpu,HIT,model_only,Full-S1,True,1,116,37.61032602051273
cpu,HIT,model_only,Full-S1,True,1,117,37.45356202125549
cpu,HIT,model_only,Full-S1,True,1,118,37.447715003509074
cpu,HIT,model_only,Full-S1,True,1,119,37.44513000128791
cpu,HIT,model_only,Full-S1,True,1,120,37.44516597362235
cpu,HIT,model_only,Full-S1,True,1,121,37.54087694687769
cpu,HIT,model_only,Full-S1,True,1,122,37.3810040182434
cpu,HIT,model_only,Full-S1,True,1,123,37.39156300434843
cpu,HIT,model_only,Full-S1,True,1,124,37.45738399447873
cpu,HIT,model_only,Full-S1,True,1,125,37.411756988149136
cpu,HIT,model_only,Full-S1,True,1,126,37.40238200407475
cpu,HIT,model_only,Full-S1,True,1,127,37.47367998585105
cpu,HIT,model_only,Full-S1,True,1,128,37.43425599532202
cpu,HIT,model_only,Full-S1,True,1,129,37.3975649708882
cpu,HIT,model_only,Full-S1,True,1,130,37.437014980241656
cpu,HIT,model_only,Full-S1,True,1,131,37.39285399205983
cpu,HIT,model_only,Full-S1,True,1,132,37.79434802709147
cpu,HIT,model_only,Full-S1,True,1,133,37.48011001152918
cpu,HIT,model_only,Full-S1,True,1,134,37.468547001481056
cpu,HIT,model_only,Full-S1,True,1,135,37.381022004410625
cpu,HIT,model_only,Full-S1,True,1,136,37.406982970424
cpu,HIT,model_only,Full-S1,True,1,137,37.44019602891058
cpu,HIT,model_only,Full-S1,True,1,138,37.41648298455402
cpu,HIT,model_only,Full-S1,True,1,139,37.39307896466926
cpu,HIT,model_only,Full-S1,True,1,140,37.424576992634684
cpu,HIT,model_only,Full-S1,True,1,141,37.37575496779755
cpu,HIT,model_only,Full-S1,True,1,142,37.40665200166404
cpu,HIT,model_only,Full-S1,True,1,143,37.707702023908496
cpu,HIT,model_only,Full-S1,True,1,144,37.48897498007864
cpu,HIT,model_only,Full-S1,True,1,145,37.425482005346566
cpu,HIT,model_only,Full-S1,True,1,146,37.38666803110391
cpu,HIT,model_only,Full-S1,True,1,147,37.55946701858193
cpu,HIT,model_only,Full-S1,True,1,148,37.42016397882253
cpu,HIT,model_only,Full-S1,True,1,149,37.39219799172133
cpu,HIT,model_only,Full-S1,True,1,150,37.40939398994669
cpu,HIT,model_only,Full-S1,True,1,151,37.3882949934341
cpu,HIT,model_only,Full-S1,True,1,152,37.340843002311885
cpu,HIT,model_only,Full-S1,True,1,153,37.40168997319415
cpu,HIT,model_only,Full-S1,True,1,154,37.40056400420144
cpu,HIT,model_only,Full-S1,True,1,155,37.4440629966557
cpu,HIT,model_only,Full-S1,True,1,156,37.48050396097824
cpu,HIT,model_only,Full-S1,True,1,157,37.41999599151313
cpu,HIT,model_only,Full-S1,True,1,158,37.40601800382137
cpu,HIT,model_only,Full-S1,True,1,159,37.90524700889364
cpu,HIT,model_only,Full-S1,True,1,160,37.53813402727246
cpu,HIT,model_only,Full-S1,True,1,161,37.53634699387476
cpu,HIT,model_only,Full-S1,True,1,162,37.410068965982646
cpu,HIT,model_only,Full-S1,True,1,163,37.71687200060114
cpu,HIT,model_only,Full-S1,True,1,164,37.50599001068622
cpu,HIT,model_only,Full-S1,True,1,165,37.3891779454425
cpu,HIT,model_only,Full-S1,True,1,166,37.39114198833704
cpu,HIT,model_only,Full-S1,True,1,167,37.41809300845489
cpu,HIT,model_only,Full-S1,True,1,168,37.41532901767641
cpu,HIT,model_only,Full-S1,True,1,169,37.676499981898814
cpu,HIT,model_only,Full-S1,True,1,170,37.482906016521156
cpu,HIT,model_only,Full-S1,True,1,171,37.480908969882876
cpu,HIT,model_only,Full-S1,True,1,172,37.430161028169096
cpu,HIT,model_only,Full-S1,True,1,173,37.393831997178495
cpu,HIT,model_only,Full-S1,True,1,174,37.53887501079589
cpu,HIT,model_only,Full-S1,True,1,175,37.425364018417895
cpu,HIT,model_only,Full-S1,True,1,176,37.47407702030614
cpu,HIT,model_only,Full-S1,True,1,177,37.375038024038076
cpu,HIT,model_only,Full-S1,True,1,178,37.462146021425724
cpu,HIT,model_only,Full-S1,True,1,179,37.41110599366948
cpu,HIT,model_only,Full-S1,True,1,180,37.37521800212562
cpu,HIT,model_only,Full-S1,True,1,181,37.40791796008125
cpu,HIT,model_only,Full-S1,True,1,182,37.43121196748689
cpu,HIT,model_only,Full-S1,True,1,183,37.453580007422715
cpu,HIT,model_only,Full-S1,True,1,184,37.37850399920717
cpu,HIT,model_only,Full-S1,True,1,185,37.722001026850194
cpu,HIT,model_only,Full-S1,True,1,186,37.5498469802551
cpu,HIT,model_only,Full-S1,True,1,187,37.44079498574138
cpu,HIT,model_only,Full-S1,True,1,188,38.09826401993632
cpu,HIT,model_only,Full-S1,True,1,189,37.57812996627763
cpu,HIT,model_only,Full-S1,True,1,190,37.53592097200453
cpu,HIT,model_only,Full-S1,True,1,191,37.46295697055757
cpu,HIT,model_only,Full-S1,True,1,192,37.43324795505032
cpu,HIT,model_only,Full-S1,True,1,193,37.48045302927494
cpu,HIT,model_only,Full-S1,True,1,194,37.41843800526112
cpu,HIT,model_only,Full-S1,True,1,195,37.4318030080758
cpu,HIT,model_only,Full-S1,True,1,196,37.66474698204547
cpu,HIT,model_only,Full-S1,True,1,197,37.45891997823492
cpu,HIT,model_only,Full-S1,True,1,198,37.43550204671919
cpu,HIT,model_only,Full-S1,True,1,199,37.48484404059127
cpu,HIT,model_only,Full-S1,True,1,200,37.421282031573355
cpu,HIT,model_only,Full-S1,True,1,201,37.50670497538522
cpu,HIT,model_only,Full-S1,True,1,202,37.493522046133876
cpu,HIT,model_only,Full-S1,True,1,203,37.41593798622489
cpu,HIT,model_only,Full-S1,True,1,204,37.41803299635649
cpu,HIT,model_only,Full-S1,True,1,205,37.475734017789364
cpu,HIT,model_only,Full-S1,True,1,206,37.45515795890242
cpu,HIT,model_only,Full-S1,True,1,207,37.43205399950966
cpu,HIT,model_only,Full-S1,True,1,208,37.500336999073625
cpu,HIT,model_only,Full-S1,True,1,209,37.39878401393071
cpu,HIT,model_only,Full-S1,True,1,210,37.390657991636544
cpu,HIT,model_only,Full-S1,True,1,211,37.45324001647532
cpu,HIT,model_only,Full-S1,True,1,212,37.89665800286457
cpu,HIT,model_only,Full-S1,True,1,213,37.578627991024405
cpu,HIT,model_only,Full-S1,True,1,214,37.56480698939413
cpu,HIT,model_only,Full-S1,True,1,215,37.572366010863334
cpu,HIT,model_only,Full-S1,True,1,216,37.56004601018503
cpu,HIT,model_only,Full-S1,True,1,217,37.5397140160203
cpu,HIT,model_only,Full-S1,True,1,218,37.45825099758804
cpu,HIT,model_only,Full-S1,True,1,219,37.644799042027444
cpu,HIT,model_only,Full-S1,True,1,220,37.690903001930565
cpu,HIT,model_only,Full-S1,True,1,221,37.59690298466012
cpu,HIT,model_only,Full-S1,True,1,222,37.5764979980886
cpu,HIT,model_only,Full-S1,True,1,223,37.562877987511456
cpu,HIT,model_only,Full-S1,True,1,224,37.475966033525765
cpu,HIT,model_only,Full-S1,True,1,225,37.49169496586546
cpu,HIT,model_only,Full-S1,True,1,226,37.46725496603176
cpu,HIT,model_only,Full-S1,True,1,227,37.52431500470266
cpu,HIT,model_only,Full-S1,True,1,228,37.44201402878389
cpu,HIT,model_only,Full-S1,True,1,229,37.453260039910674
cpu,HIT,model_only,Full-S1,True,1,230,37.39899903303012
cpu,HIT,model_only,Full-S1,True,1,231,37.426892027724534
cpu,HIT,model_only,Full-S1,True,1,232,37.458947976119816
cpu,HIT,model_only,Full-S1,True,1,233,37.542499019764364
cpu,HIT,model_only,Full-S1,True,1,234,37.445918016601354
cpu,HIT,model_only,Full-S1,True,1,235,37.533233989961445
cpu,HIT,model_only,Full-S1,True,1,236,37.424432986881584
cpu,HIT,model_only,Full-S1,True,1,237,37.43077797116712
cpu,HIT,model_only,Full-S1,True,1,238,37.44775801897049
cpu,HIT,model_only,Full-S1,True,1,239,38.12070802086964
cpu,HIT,model_only,Full-S1,True,1,240,37.618583999574184
cpu,HIT,model_only,Full-S1,True,1,241,37.51773398835212
cpu,HIT,model_only,Full-S1,True,1,242,37.53278497606516
cpu,HIT,model_only,Full-S1,True,1,243,37.46652801055461
cpu,HIT,model_only,Full-S1,True,1,244,37.479103018995374
cpu,HIT,model_only,Full-S1,True,1,245,37.42607997264713
cpu,HIT,model_only,Full-S1,True,1,246,37.4038289883174
cpu,HIT,model_only,Full-S1,True,1,247,37.45112399337813
cpu,HIT,model_only,Full-S1,True,1,248,37.495980970561504
cpu,HIT,model_only,Full-S1,True,1,249,37.432888988405466
cpu,HIT,model_only,Full-S1,True,2,0,37.723684043157846
cpu,HIT,model_only,Full-S1,True,2,1,37.4813589733094
cpu,HIT,model_only,Full-S1,True,2,2,37.40280005149543
cpu,HIT,model_only,Full-S1,True,2,3,37.480559025425464
cpu,HIT,model_only,Full-S1,True,2,4,37.430923024658114
cpu,HIT,model_only,Full-S1,True,2,5,37.75412100367248
cpu,HIT,model_only,Full-S1,True,2,6,37.494666990824044
cpu,HIT,model_only,Full-S1,True,2,7,37.49686398077756
cpu,HIT,model_only,Full-S1,True,2,8,37.38449496449903
cpu,HIT,model_only,Full-S1,True,2,9,37.78671601321548
cpu,HIT,model_only,Full-S1,True,2,10,37.62046300107613
cpu,HIT,model_only,Full-S1,True,2,11,37.47855999972671
cpu,HIT,model_only,Full-S1,True,2,12,37.47290401952341
cpu,HIT,model_only,Full-S1,True,2,13,37.511422007810324
cpu,HIT,model_only,Full-S1,True,2,14,37.47062903130427
cpu,HIT,model_only,Full-S1,True,2,15,37.92600304586813
cpu,HIT,model_only,Full-S1,True,2,16,37.630411970894784
cpu,HIT,model_only,Full-S1,True,2,17,37.55130001809448
cpu,HIT,model_only,Full-S1,True,2,18,37.54004399525002
cpu,HIT,model_only,Full-S1,True,2,19,37.480949016753584
cpu,HIT,model_only,Full-S1,True,2,20,37.84402500605211
cpu,HIT,model_only,Full-S1,True,2,21,37.50949096865952
cpu,HIT,model_only,Full-S1,True,2,22,37.476369994692504
cpu,HIT,model_only,Full-S1,True,2,23,37.403079972136766
cpu,HIT,model_only,Full-S1,True,2,24,37.622989038936794
cpu,HIT,model_only,Full-S1,True,2,25,37.447866052389145
cpu,HIT,model_only,Full-S1,True,2,26,37.68409602344036
cpu,HIT,model_only,Full-S1,True,2,27,37.526000989601016
cpu,HIT,model_only,Full-S1,True,2,28,37.389945005998015
cpu,HIT,model_only,Full-S1,True,2,29,37.45654399972409
cpu,HIT,model_only,Full-S1,True,2,30,37.42425300879404
cpu,HIT,model_only,Full-S1,True,2,31,37.45504695689306
cpu,HIT,model_only,Full-S1,True,2,32,37.40327502600849
cpu,HIT,model_only,Full-S1,True,2,33,37.40257502067834
cpu,HIT,model_only,Full-S1,True,2,34,37.388590979389846
cpu,HIT,model_only,Full-S1,True,2,35,37.435737962368876
cpu,HIT,model_only,Full-S1,True,2,36,37.54165401915088
cpu,HIT,model_only,Full-S1,True,2,37,37.50035195844248
cpu,HIT,model_only,Full-S1,True,2,38,37.450514966621995
cpu,HIT,model_only,Full-S1,True,2,39,37.41722699487582
cpu,HIT,model_only,Full-S1,True,2,40,37.387901975307614
cpu,HIT,model_only,Full-S1,True,2,41,37.36688400385901
cpu,HIT,model_only,Full-S1,True,2,42,37.78772096848115
cpu,HIT,model_only,Full-S1,True,2,43,37.56052500102669
cpu,HIT,model_only,Full-S1,True,2,44,37.57245797896758
cpu,HIT,model_only,Full-S1,True,2,45,37.40956401452422
cpu,HIT,model_only,Full-S1,True,2,46,37.341455987188965
cpu,HIT,model_only,Full-S1,True,2,47,37.68512397073209
cpu,HIT,model_only,Full-S1,True,2,48,37.411950004752725
cpu,HIT,model_only,Full-S1,True,2,49,37.40664100041613
cpu,HIT,model_only,Full-S1,True,2,50,37.398817017674446
cpu,HIT,model_only,Full-S1,True,2,51,37.40507899783552
cpu,HIT,model_only,Full-S1,True,2,52,37.44476399151608
cpu,HIT,model_only,Full-S1,True,2,53,37.44808700866997
cpu,HIT,model_only,Full-S1,True,2,54,37.420504027977586
cpu,HIT,model_only,Full-S1,True,2,55,37.42148698074743
cpu,HIT,model_only,Full-S1,True,2,56,37.415052007418126
cpu,HIT,model_only,Full-S1,True,2,57,37.4229290173389
cpu,HIT,model_only,Full-S1,True,2,58,37.3794210026972
cpu,HIT,model_only,Full-S1,True,2,59,37.4256829963997
cpu,HIT,model_only,Full-S1,True,2,60,37.4070760444738
cpu,HIT,model_only,Full-S1,True,2,61,37.393348990008235
cpu,HIT,model_only,Full-S1,True,2,62,37.35331504140049
cpu,HIT,model_only,Full-S1,True,2,63,37.43727400433272
cpu,HIT,model_only,Full-S1,True,2,64,37.44566603563726
cpu,HIT,model_only,Full-S1,True,2,65,37.42769599193707
cpu,HIT,model_only,Full-S1,True,2,66,37.3873159987852
cpu,HIT,model_only,Full-S1,True,2,67,37.37285896204412
cpu,HIT,model_only,Full-S1,True,2,68,37.41038998123258
cpu,HIT,model_only,Full-S1,True,2,69,37.802439997904
cpu,HIT,model_only,Full-S1,True,2,70,37.54058200865984
cpu,HIT,model_only,Full-S1,True,2,71,37.58196101989597
cpu,HIT,model_only,Full-S1,True,2,72,37.466891983058304
cpu,HIT,model_only,Full-S1,True,2,73,37.37042401917279
cpu,HIT,model_only,Full-S1,True,2,74,37.40425198338926
cpu,HIT,model_only,Full-S1,True,2,75,37.4336339882575
cpu,HIT,model_only,Full-S1,True,2,76,37.40381798706949
cpu,HIT,model_only,Full-S1,True,2,77,37.508496025111526
cpu,HIT,model_only,Full-S1,True,2,78,37.42003801744431
cpu,HIT,model_only,Full-S1,True,2,79,37.41695999633521
cpu,HIT,model_only,Full-S1,True,2,80,37.600900046527386
cpu,HIT,model_only,Full-S1,True,2,81,37.39823098294437
cpu,HIT,model_only,Full-S1,True,2,82,37.4227570137009
cpu,HIT,model_only,Full-S1,True,2,83,37.378519016783684
cpu,HIT,model_only,Full-S1,True,2,84,37.4140830244869
cpu,HIT,model_only,Full-S1,True,2,85,37.391674995888025
cpu,HIT,model_only,Full-S1,True,2,86,37.362406961619854
cpu,HIT,model_only,Full-S1,True,2,87,37.35464398050681
cpu,HIT,model_only,Full-S1,True,2,88,37.39667101763189
cpu,HIT,model_only,Full-S1,True,2,89,37.3737090267241
cpu,HIT,model_only,Full-S1,True,2,90,37.44119597831741
cpu,HIT,model_only,Full-S1,True,2,91,37.39561699330807
cpu,HIT,model_only,Full-S1,True,2,92,37.46149002108723
cpu,HIT,model_only,Full-S1,True,2,93,37.38409199286252
cpu,HIT,model_only,Full-S1,True,2,94,37.42173599312082
cpu,HIT,model_only,Full-S1,True,2,95,37.56736102513969
cpu,HIT,model_only,Full-S1,True,2,96,37.70452999742702
cpu,HIT,model_only,Full-S1,True,2,97,37.48147701844573
cpu,HIT,model_only,Full-S1,True,2,98,37.56752802291885
cpu,HIT,model_only,Full-S1,True,2,99,37.51048800768331
cpu,HIT,model_only,Full-S1,True,2,100,37.391558988019824
cpu,HIT,model_only,Full-S1,True,2,101,37.41667798021808
cpu,HIT,model_only,Full-S1,True,2,102,37.53995802253485
cpu,HIT,model_only,Full-S1,True,2,103,37.45702002197504
cpu,HIT,model_only,Full-S1,True,2,104,37.427342031151056
cpu,HIT,model_only,Full-S1,True,2,105,37.63468499528244
cpu,HIT,model_only,Full-S1,True,2,106,37.46153600513935
cpu,HIT,model_only,Full-S1,True,2,107,37.66921698115766
cpu,HIT,model_only,Full-S1,True,2,108,37.43534401291981
cpu,HIT,model_only,Full-S1,True,2,109,37.45959198568016
cpu,HIT,model_only,Full-S1,True,2,110,37.42043301463127
cpu,HIT,model_only,Full-S1,True,2,111,37.40231099072844
cpu,HIT,model_only,Full-S1,True,2,112,37.443592969793826
cpu,HIT,model_only,Full-S1,True,2,113,37.40333899622783
cpu,HIT,model_only,Full-S1,True,2,114,37.38654003245756
cpu,HIT,model_only,Full-S1,True,2,115,37.360071029979736
cpu,HIT,model_only,Full-S1,True,2,116,38.78890996566042
cpu,HIT,model_only,Full-S1,True,2,117,37.437228951603174
cpu,HIT,model_only,Full-S1,True,2,118,37.434504949487746
cpu,HIT,model_only,Full-S1,True,2,119,37.40327502600849
cpu,HIT,model_only,Full-S1,True,2,120,37.41002001333982
cpu,HIT,model_only,Full-S1,True,2,121,37.82575001241639
cpu,HIT,model_only,Full-S1,True,2,122,37.95412799809128
cpu,HIT,model_only,Full-S1,True,2,123,37.670332996640354
cpu,HIT,model_only,Full-S1,True,2,124,37.52686199732125
cpu,HIT,model_only,Full-S1,True,2,125,37.513880990445614
cpu,HIT,model_only,Full-S1,True,2,126,37.48662502039224
cpu,HIT,model_only,Full-S1,True,2,127,37.75807999772951
cpu,HIT,model_only,Full-S1,True,2,128,37.425731017719954
cpu,HIT,model_only,Full-S1,True,2,129,37.4843209865503
cpu,HIT,model_only,Full-S1,True,2,130,37.4952619895339
cpu,HIT,model_only,Full-S1,True,2,131,37.49941295245662
cpu,HIT,model_only,Full-S1,True,2,132,37.402070011012256
cpu,HIT,model_only,Full-S1,True,2,133,37.58371400181204
cpu,HIT,model_only,Full-S1,True,2,134,37.63759997673333
cpu,HIT,model_only,Full-S1,True,2,135,37.48249995987862
cpu,HIT,model_only,Full-S1,True,2,136,37.485635955818
cpu,HIT,model_only,Full-S1,True,2,137,37.466837966348976
cpu,HIT,model_only,Full-S1,True,2,138,37.81146300025284
cpu,HIT,model_only,Full-S1,True,2,139,37.51625498989597
cpu,HIT,model_only,Full-S1,True,2,140,37.480582017451525
cpu,HIT,model_only,Full-S1,True,2,141,37.50520298490301
cpu,HIT,model_only,Full-S1,True,2,142,37.45511203305796
cpu,HIT,model_only,Full-S1,True,2,143,37.57126996060833
cpu,HIT,model_only,Full-S1,True,2,144,37.44585101958364
cpu,HIT,model_only,Full-S1,True,2,145,37.54312003729865
cpu,HIT,model_only,Full-S1,True,2,146,37.535850948188454
cpu,HIT,model_only,Full-S1,True,2,147,37.4801010475494
cpu,HIT,model_only,Full-S1,True,2,148,37.475072022061795
cpu,HIT,model_only,Full-S1,True,2,149,37.97312005190179
cpu,HIT,model_only,Full-S1,True,2,150,37.57495904574171
cpu,HIT,model_only,Full-S1,True,2,151,37.562494981102645
cpu,HIT,model_only,Full-S1,True,2,152,37.46514400700107
cpu,HIT,model_only,Full-S1,True,2,153,37.44671697495505
cpu,HIT,model_only,Full-S1,True,2,154,37.46934002265334
cpu,HIT,model_only,Full-S1,True,2,155,37.468894966878
cpu,HIT,model_only,Full-S1,True,2,156,37.44482301408425
cpu,HIT,model_only,Full-S1,True,2,157,37.50109800603241
cpu,HIT,model_only,Full-S1,True,2,158,37.517466000281274
cpu,HIT,model_only,Full-S1,True,2,159,37.49785799300298
cpu,HIT,model_only,Full-S1,True,2,160,37.70921705290675
cpu,HIT,model_only,Full-S1,True,2,161,37.47682902030647
cpu,HIT,model_only,Full-S1,True,2,162,37.48882800573483
cpu,HIT,model_only,Full-S1,True,2,163,37.43344597751275
cpu,HIT,model_only,Full-S1,True,2,164,37.40662400377914
cpu,HIT,model_only,Full-S1,True,2,165,37.42041398072615
cpu,HIT,model_only,Full-S1,True,2,166,37.380122987087816
cpu,HIT,model_only,Full-S1,True,2,167,37.36750897951424
cpu,HIT,model_only,Full-S1,True,2,168,37.45264798635617
cpu,HIT,model_only,Full-S1,True,2,169,37.387666990980506
cpu,HIT,model_only,Full-S1,True,2,170,37.41069097304717
cpu,HIT,model_only,Full-S1,True,2,171,37.37886395538226
cpu,HIT,model_only,Full-S1,True,2,172,37.416444974951446
cpu,HIT,model_only,Full-S1,True,2,173,37.35079395119101
cpu,HIT,model_only,Full-S1,True,2,174,37.39236801629886
cpu,HIT,model_only,Full-S1,True,2,175,37.76248497888446
cpu,HIT,model_only,Full-S1,True,2,176,37.610917002893984
cpu,HIT,model_only,Full-S1,True,2,177,37.50036098062992
cpu,HIT,model_only,Full-S1,True,2,178,37.39000699715689
cpu,HIT,model_only,Full-S1,True,2,179,37.398373009637
cpu,HIT,model_only,Full-S1,True,2,180,37.4147139955312
cpu,HIT,model_only,Full-S1,True,2,181,37.509282992687076
cpu,HIT,model_only,Full-S1,True,2,182,37.393862032331526
cpu,HIT,model_only,Full-S1,True,2,183,37.357798020821065
cpu,HIT,model_only,Full-S1,True,2,184,37.49112196965143
cpu,HIT,model_only,Full-S1,True,2,185,37.438158004079014
cpu,HIT,model_only,Full-S1,True,2,186,37.4839729629457
cpu,HIT,model_only,Full-S1,True,2,187,37.66402002656832
cpu,HIT,model_only,Full-S1,True,2,188,37.485437002032995
cpu,HIT,model_only,Full-S1,True,2,189,37.44203096721321
cpu,HIT,model_only,Full-S1,True,2,190,37.408659991342574
cpu,HIT,model_only,Full-S1,True,2,191,37.391171033959836
cpu,HIT,model_only,Full-S1,True,2,192,37.380077003035694
cpu,HIT,model_only,Full-S1,True,2,193,37.41606301628053
cpu,HIT,model_only,Full-S1,True,2,194,37.374756997451186
cpu,HIT,model_only,Full-S1,True,2,195,37.38973499275744
cpu,HIT,model_only,Full-S1,True,2,196,37.40265901433304
cpu,HIT,model_only,Full-S1,True,2,197,37.43804898113012
cpu,HIT,model_only,Full-S1,True,2,198,37.46728098485619
cpu,HIT,model_only,Full-S1,True,2,199,37.36138402018696
cpu,HIT,model_only,Full-S1,True,2,200,37.40375902270898
cpu,HIT,model_only,Full-S1,True,2,201,37.447982002049685
cpu,HIT,model_only,Full-S1,True,2,202,37.797453987877816
cpu,HIT,model_only,Full-S1,True,2,203,37.547455984167755
cpu,HIT,model_only,Full-S1,True,2,204,37.4422250315547
cpu,HIT,model_only,Full-S1,True,2,205,37.65545698115602
cpu,HIT,model_only,Full-S1,True,2,206,37.4641630332917
cpu,HIT,model_only,Full-S1,True,2,207,37.40943502634764
cpu,HIT,model_only,Full-S1,True,2,208,37.66202996484935
cpu,HIT,model_only,Full-S1,True,2,209,37.4098020256497
cpu,HIT,model_only,Full-S1,True,2,210,37.45214699301869
cpu,HIT,model_only,Full-S1,True,2,211,37.444385001435876
cpu,HIT,model_only,Full-S1,True,2,212,37.394424027297646
cpu,HIT,model_only,Full-S1,True,2,213,37.429468997288495
cpu,HIT,model_only,Full-S1,True,2,214,37.69121301593259
cpu,HIT,model_only,Full-S1,True,2,215,37.448271992616355
cpu,HIT,model_only,Full-S1,True,2,216,37.41190704749897
cpu,HIT,model_only,Full-S1,True,2,217,38.47768303239718
cpu,HIT,model_only,Full-S1,True,2,218,37.93312201742083
cpu,HIT,model_only,Full-S1,True,2,219,37.443836976308376
cpu,HIT,model_only,Full-S1,True,2,220,37.438369006849825
cpu,HIT,model_only,Full-S1,True,2,221,37.4595369794406
cpu,HIT,model_only,Full-S1,True,2,222,37.42120898095891
cpu,HIT,model_only,Full-S1,True,2,223,37.775518954731524
cpu,HIT,model_only,Full-S1,True,2,224,37.43611404206604
cpu,HIT,model_only,Full-S1,True,2,225,37.48127701692283
cpu,HIT,model_only,Full-S1,True,2,226,37.47061803005636
cpu,HIT,model_only,Full-S1,True,2,227,37.53167198738083
cpu,HIT,model_only,Full-S1,True,2,228,37.410030025057495
cpu,HIT,model_only,Full-S1,True,2,229,37.89740503998473
cpu,HIT,model_only,Full-S1,True,2,230,37.496610020752996
cpu,HIT,model_only,Full-S1,True,2,231,37.435627018567175
cpu,HIT,model_only,Full-S1,True,2,232,37.608493003062904
cpu,HIT,model_only,Full-S1,True,2,233,37.42813697317615
cpu,HIT,model_only,Full-S1,True,2,234,37.80601400649175
cpu,HIT,model_only,Full-S1,True,2,235,37.61999902781099
cpu,HIT,model_only,Full-S1,True,2,236,37.433493009302765
cpu,HIT,model_only,Full-S1,True,2,237,37.42938401410356
cpu,HIT,model_only,Full-S1,True,2,238,37.43175300769508
cpu,HIT,model_only,Full-S1,True,2,239,37.8067740239203
cpu,HIT,model_only,Full-S1,True,2,240,37.51396603183821
cpu,HIT,model_only,Full-S1,True,2,241,37.65371203189716
cpu,HIT,model_only,Full-S1,True,2,242,37.46781300287694
cpu,HIT,model_only,Full-S1,True,2,243,37.37973002716899
cpu,HIT,model_only,Full-S1,True,2,244,37.399646011181176
cpu,HIT,model_only,Full-S1,True,2,245,37.411855009850115
cpu,HIT,model_only,Full-S1,True,2,246,37.42291597882286
cpu,HIT,model_only,Full-S1,True,2,247,37.480091967154294
cpu,HIT,model_only,Full-S1,True,2,248,37.498795019928366
cpu,HIT,model_only,Full-S1,True,2,249,37.43666200898588
cpu,HIT,model_only,K1,True,2,0,19.98747797915712
cpu,HIT,model_only,K1,True,2,1,19.774493004661053
cpu,HIT,model_only,K1,True,2,2,19.730411004275084
cpu,HIT,model_only,K1,True,2,3,19.701190991327167
cpu,HIT,model_only,K1,True,2,4,19.709209038410336
cpu,HIT,model_only,K1,True,2,5,19.772874016780406
cpu,HIT,model_only,K1,True,2,6,19.720316980965436
cpu,HIT,model_only,K1,True,2,7,19.771363004110754
cpu,HIT,model_only,K1,True,2,8,19.664369989186525
cpu,HIT,model_only,K1,True,2,9,19.710274995304644
cpu,HIT,model_only,K1,True,2,10,19.71079601207748
cpu,HIT,model_only,K1,True,2,11,20.213114970829338
cpu,HIT,model_only,K1,True,2,12,19.83504998497665
cpu,HIT,model_only,K1,True,2,13,19.726168015040457
cpu,HIT,model_only,K1,True,2,14,19.693199021276087
cpu,HIT,model_only,K1,True,2,15,19.760325027164072
cpu,HIT,model_only,K1,True,2,16,19.777392968535423
cpu,HIT,model_only,K1,True,2,17,19.75194300757721
cpu,HIT,model_only,K1,True,2,18,19.781689974479377
cpu,HIT,model_only,K1,True,2,19,19.741682976018637
cpu,HIT,model_only,K1,True,2,20,19.753078988287598
cpu,HIT,model_only,K1,True,2,21,19.70152003923431
cpu,HIT,model_only,K1,True,2,22,19.735112029593438
cpu,HIT,model_only,K1,True,2,23,19.653038994874805
cpu,HIT,model_only,K1,True,2,24,19.79182899231091
cpu,HIT,model_only,K1,True,2,25,19.684276019688696
cpu,HIT,model_only,K1,True,2,26,19.722378987353295
cpu,HIT,model_only,K1,True,2,27,19.672736001666635
cpu,HIT,model_only,K1,True,2,28,19.69468197785318
cpu,HIT,model_only,K1,True,2,29,19.684133992996067
cpu,HIT,model_only,K1,True,2,30,19.671157002449036
cpu,HIT,model_only,K1,True,2,31,19.724876037798822
cpu,HIT,model_only,K1,True,2,32,19.763197982683778
cpu,HIT,model_only,K1,True,2,33,19.866059999912977
cpu,HIT,model_only,K1,True,2,34,19.71197099192068
cpu,HIT,model_only,K1,True,2,35,19.70963698113337
cpu,HIT,model_only,K1,True,2,36,19.73451900994405
cpu,HIT,model_only,K1,True,2,37,19.758867972996086
cpu,HIT,model_only,K1,True,2,38,19.694693037308753
cpu,HIT,model_only,K1,True,2,39,19.734527973923832
cpu,HIT,model_only,K1,True,2,40,19.698965013958514
cpu,HIT,model_only,K1,True,2,41,19.989016000181437
cpu,HIT,model_only,K1,True,2,42,19.796727981884032
cpu,HIT,model_only,K1,True,2,43,19.69899598043412
cpu,HIT,model_only,K1,True,2,44,19.716896989848465
cpu,HIT,model_only,K1,True,2,45,19.679317018017173
cpu,HIT,model_only,K1,True,2,46,19.792442035395652
cpu,HIT,model_only,K1,True,2,47,19.709182030055672
cpu,HIT,model_only,K1,True,2,48,19.701540004462004
cpu,HIT,model_only,K1,True,2,49,19.756397989112884
cpu,HIT,model_only,K1,True,2,50,19.71237699035555
cpu,HIT,model_only,K1,True,2,51,19.68577300431207
cpu,HIT,model_only,K1,True,2,52,19.7700239950791
cpu,HIT,model_only,K1,True,2,53,19.76512500550598
cpu,HIT,model_only,K1,True,2,54,19.744766992516816
cpu,HIT,model_only,K1,True,2,55,19.748029008042067
cpu,HIT,model_only,K1,True,2,56,19.68388498062268
cpu,HIT,model_only,K1,True,2,57,19.76191101130098
cpu,HIT,model_only,K1,True,2,58,19.71664297161624
cpu,HIT,model_only,K1,True,2,59,19.67469899682328
cpu,HIT,model_only,K1,True,2,60,19.67395795509219
cpu,HIT,model_only,K1,True,2,61,19.98566900147125
cpu,HIT,model_only,K1,True,2,62,19.90161999128759
cpu,HIT,model_only,K1,True,2,63,19.882510998286307
cpu,HIT,model_only,K1,True,2,64,19.77292896481231
cpu,HIT,model_only,K1,True,2,65,19.720169017091393
cpu,HIT,model_only,K1,True,2,66,19.691997964400798
cpu,HIT,model_only,K1,True,2,67,19.71828896785155
cpu,HIT,model_only,K1,True,2,68,19.695472030434757
cpu,HIT,model_only,K1,True,2,69,19.7669779881835
cpu,HIT,model_only,K1,True,2,70,19.683006044942886
cpu,HIT,model_only,K1,True,2,71,19.684901053551584
cpu,HIT,model_only,K1,True,2,72,19.679208984598517
cpu,HIT,model_only,K1,True,2,73,19.715298025403172
cpu,HIT,model_only,K1,True,2,74,19.77532700402662
cpu,HIT,model_only,K1,True,2,75,19.702088029589504
cpu,HIT,model_only,K1,True,2,76,19.728481012862176
cpu,HIT,model_only,K1,True,2,77,19.762600015383214
cpu,HIT,model_only,K1,True,2,78,19.690195040311664
cpu,HIT,model_only,K1,True,2,79,19.712909997906536
cpu,HIT,model_only,K1,True,2,80,19.74292198428884
cpu,HIT,model_only,K1,True,2,81,19.700907985679805
cpu,HIT,model_only,K1,True,2,82,19.81517398962751
cpu,HIT,model_only,K1,True,2,83,19.70170997083187
cpu,HIT,model_only,K1,True,2,84,19.866112037561834
cpu,HIT,model_only,K1,True,2,85,19.68534296611324
cpu,HIT,model_only,K1,True,2,86,19.74530197912827
cpu,HIT,model_only,K1,True,2,87,19.692351983394474
cpu,HIT,model_only,K1,True,2,88,19.668549997732043
cpu,HIT,model_only,K1,True,2,89,19.682473968714476
cpu,HIT,model_only,K1,True,2,90,19.75640596356243
cpu,HIT,model_only,K1,True,2,91,19.685403967741877
cpu,HIT,model_only,K1,True,2,92,19.738896982744336
cpu,HIT,model_only,K1,True,2,93,19.836115010548383
cpu,HIT,model_only,K1,True,2,94,19.80592799372971
cpu,HIT,model_only,K1,True,2,95,19.695099035743624
cpu,HIT,model_only,K1,True,2,96,19.66724602971226
cpu,HIT,model_only,K1,True,2,97,19.68826202210039
cpu,HIT,model_only,K1,True,2,98,19.68105201376602
cpu,HIT,model_only,K1,True,2,99,19.70457599963993
cpu,HIT,model_only,K1,True,2,100,19.692919042427093
cpu,HIT,model_only,K1,True,2,101,19.760034047067165
cpu,HIT,model_only,K1,True,2,102,19.691599009092897
cpu,HIT,model_only,K1,True,2,103,19.679071963764727
cpu,HIT,model_only,K1,True,2,104,19.7189369937405
cpu,HIT,model_only,K1,True,2,105,19.715134985744953
cpu,HIT,model_only,K1,True,2,106,19.725224992725998
cpu,HIT,model_only,K1,True,2,107,19.739211013074964
cpu,HIT,model_only,K1,True,2,108,19.752015999983996
cpu,HIT,model_only,K1,True,2,109,19.688400032464415
cpu,HIT,model_only,K1,True,2,110,19.797254994045943
cpu,HIT,model_only,K1,True,2,111,19.70812602667138
cpu,HIT,model_only,K1,True,2,112,20.24906501173973
cpu,HIT,model_only,K1,True,2,113,19.823111011646688
cpu,HIT,model_only,K1,True,2,114,19.778440007939935
cpu,HIT,model_only,K1,True,2,115,19.759862043429166
cpu,HIT,model_only,K1,True,2,116,19.761236966587603
cpu,HIT,model_only,K1,True,2,117,19.653212977573276
cpu,HIT,model_only,K1,True,2,118,19.773490028455853
cpu,HIT,model_only,K1,True,2,119,19.78175900876522
cpu,HIT,model_only,K1,True,2,120,19.713781017344445
cpu,HIT,model_only,K1,True,2,121,19.684084982145578
cpu,HIT,model_only,K1,True,2,122,19.66635399730876
cpu,HIT,model_only,K1,True,2,123,19.686913990881294
cpu,HIT,model_only,K1,True,2,124,19.700732023920864
cpu,HIT,model_only,K1,True,2,125,19.672347989398986
cpu,HIT,model_only,K1,True,2,126,19.6706359856762
cpu,HIT,model_only,K1,True,2,127,19.658158998936415
cpu,HIT,model_only,K1,True,2,128,19.767966005019844
cpu,HIT,model_only,K1,True,2,129,19.760521012358367
cpu,HIT,model_only,K1,True,2,130,19.69288196414709
cpu,HIT,model_only,K1,True,2,131,19.7488620178774
cpu,HIT,model_only,K1,True,2,132,19.74191900808364
cpu,HIT,model_only,K1,True,2,133,19.68009298434481
cpu,HIT,model_only,K1,True,2,134,19.732001004740596
cpu,HIT,model_only,K1,True,2,135,19.816236977931112
cpu,HIT,model_only,K1,True,2,136,19.71826597582549
cpu,HIT,model_only,K1,True,2,137,19.702214980497956
cpu,HIT,model_only,K1,True,2,138,19.746414967812598
cpu,HIT,model_only,K1,True,2,139,19.679719989653677
cpu,HIT,model_only,K1,True,2,140,19.68646701425314
cpu,HIT,model_only,K1,True,2,141,19.80065699899569
cpu,HIT,model_only,K1,True,2,142,19.73796699894592
cpu,HIT,model_only,K1,True,2,143,19.745605008210987
cpu,HIT,model_only,K1,True,2,144,19.770075974520296
cpu,HIT,model_only,K1,True,2,145,19.658392993733287
cpu,HIT,model_only,K1,True,2,146,19.697214011102915
cpu,HIT,model_only,K1,True,2,147,19.69298702897504
cpu,HIT,model_only,K1,True,2,148,19.75709100952372
cpu,HIT,model_only,K1,True,2,149,19.682943995576352
cpu,HIT,model_only,K1,True,2,150,19.680023018736392
cpu,HIT,model_only,K1,True,2,151,19.71804804634303
cpu,HIT,model_only,K1,True,2,152,19.697439041920006
cpu,HIT,model_only,K1,True,2,153,19.70668201101944
cpu,HIT,model_only,K1,True,2,154,19.755826040636748
cpu,HIT,model_only,K1,True,2,155,19.660799007397145
cpu,HIT,model_only,K1,True,2,156,19.732658052816987
cpu,HIT,model_only,K1,True,2,157,19.687858992256224
cpu,HIT,model_only,K1,True,2,158,19.839488028082997
cpu,HIT,model_only,K1,True,2,159,19.70083703054115
cpu,HIT,model_only,K1,True,2,160,19.72278201719746
cpu,HIT,model_only,K1,True,2,161,19.67328996397555
cpu,HIT,model_only,K1,True,2,162,19.675667979754508
cpu,HIT,model_only,K1,True,2,163,20.246607018634677
cpu,HIT,model_only,K1,True,2,164,19.75730003323406
cpu,HIT,model_only,K1,True,2,165,19.726453989278525
cpu,HIT,model_only,K1,True,2,166,19.690407963935286
cpu,HIT,model_only,K1,True,2,167,19.67795199016109
cpu,HIT,model_only,K1,True,2,168,20.465733017772436
cpu,HIT,model_only,K1,True,2,169,19.811811042018235
cpu,HIT,model_only,K1,True,2,170,19.77658102987334
cpu,HIT,model_only,K1,True,2,171,19.72044404828921
cpu,HIT,model_only,K1,True,2,172,19.805083982646465
cpu,HIT,model_only,K1,True,2,173,19.837701984215528
cpu,HIT,model_only,K1,True,2,174,19.692050002049655
cpu,HIT,model_only,K1,True,2,175,19.677918986417353
cpu,HIT,model_only,K1,True,2,176,19.726709986571223
cpu,HIT,model_only,K1,True,2,177,19.663189013954252
cpu,HIT,model_only,K1,True,2,178,19.766531011555344
cpu,HIT,model_only,K1,True,2,179,19.82927304925397
cpu,HIT,model_only,K1,True,2,180,19.887228962033987
cpu,HIT,model_only,K1,True,2,181,19.72688699606806
cpu,HIT,model_only,K1,True,2,182,19.660605990793556
cpu,HIT,model_only,K1,True,2,183,19.72502702847123
cpu,HIT,model_only,K1,True,2,184,19.697229960002005
cpu,HIT,model_only,K1,True,2,185,19.81909101596102
cpu,HIT,model_only,K1,True,2,186,20.036900998093188
cpu,HIT,model_only,K1,True,2,187,19.655690004583448
cpu,HIT,model_only,K1,True,2,188,19.78030300233513
cpu,HIT,model_only,K1,True,2,189,19.818589033093303
cpu,HIT,model_only,K1,True,2,190,19.711460976395756
cpu,HIT,model_only,K1,True,2,191,19.74428101675585
cpu,HIT,model_only,K1,True,2,192,19.669211993459612
cpu,HIT,model_only,K1,True,2,193,19.75595304975286
cpu,HIT,model_only,K1,True,2,194,19.686753978021443
cpu,HIT,model_only,K1,True,2,195,19.658126984722912
cpu,HIT,model_only,K1,True,2,196,19.79529799427837
cpu,HIT,model_only,K1,True,2,197,19.713699002750218
cpu,HIT,model_only,K1,True,2,198,19.686596002429724
cpu,HIT,model_only,K1,True,2,199,19.793974002823234
cpu,HIT,model_only,K1,True,2,200,19.662540988065302
cpu,HIT,model_only,K1,True,2,201,19.750181993003935
cpu,HIT,model_only,K1,True,2,202,19.678457989357412
cpu,HIT,model_only,K1,True,2,203,19.754323991946876
cpu,HIT,model_only,K1,True,2,204,19.750615989323705
cpu,HIT,model_only,K1,True,2,205,19.692897039931267
cpu,HIT,model_only,K1,True,2,206,19.772659987211227
cpu,HIT,model_only,K1,True,2,207,19.71326401690021
cpu,HIT,model_only,K1,True,2,208,19.648446002975106
cpu,HIT,model_only,K1,True,2,209,19.75294400472194
cpu,HIT,model_only,K1,True,2,210,19.681844976730645
cpu,HIT,model_only,K1,True,2,211,19.753580971155316
cpu,HIT,model_only,K1,True,2,212,19.82398296240717
cpu,HIT,model_only,K1,True,2,213,19.969807006418705
cpu,HIT,model_only,K1,True,2,214,19.993641995824873
cpu,HIT,model_only,K1,True,2,215,19.76495102280751
cpu,HIT,model_only,K1,True,2,216,19.783147028647363
cpu,HIT,model_only,K1,True,2,217,19.761467003263533
cpu,HIT,model_only,K1,True,2,218,19.729834981262684
cpu,HIT,model_only,K1,True,2,219,20.83091501845047
cpu,HIT,model_only,K1,True,2,220,19.686412997543812
cpu,HIT,model_only,K1,True,2,221,19.783277006354183
cpu,HIT,model_only,K1,True,2,222,19.756510970182717
cpu,HIT,model_only,K1,True,2,223,19.744482007808983
cpu,HIT,model_only,K1,True,2,224,19.91094002733007
cpu,HIT,model_only,K1,True,2,225,19.700144010130316
cpu,HIT,model_only,K1,True,2,226,19.80498101329431
cpu,HIT,model_only,K1,True,2,227,19.68152297195047
cpu,HIT,model_only,K1,True,2,228,19.736432994250208
cpu,HIT,model_only,K1,True,2,229,19.699967990163714
cpu,HIT,model_only,K1,True,2,230,19.71645001322031
cpu,HIT,model_only,K1,True,2,231,19.806383992545307
cpu,HIT,model_only,K1,True,2,232,19.728386017959565
cpu,HIT,model_only,K1,True,2,233,19.78153601521626
cpu,HIT,model_only,K1,True,2,234,19.7077359771356
cpu,HIT,model_only,K1,True,2,235,19.765843986533582
cpu,HIT,model_only,K1,True,2,236,19.74508003331721
cpu,HIT,model_only,K1,True,2,237,19.886520982254297
cpu,HIT,model_only,K1,True,2,238,19.741094030905515
cpu,HIT,model_only,K1,True,2,239,19.736529036890715
cpu,HIT,model_only,K1,True,2,240,19.744537014048547
cpu,HIT,model_only,K1,True,2,241,19.704494974575937
cpu,HIT,model_only,K1,True,2,242,19.666478969156742
cpu,HIT,model_only,K1,True,2,243,19.765151024330407
cpu,HIT,model_only,K1,True,2,244,19.741461030207574
cpu,HIT,model_only,K1,True,2,245,19.714181020390242
cpu,HIT,model_only,K1,True,2,246,19.672270980663598
cpu,HIT,model_only,K1,True,2,247,20.536156021989882
cpu,HIT,model_only,K1,True,2,248,20.867421000730246
cpu,HIT,model_only,K1,True,2,249,20.74635197641328
cpu,HIT,model_only,K1,True,3,0,19.716128997970372
cpu,HIT,model_only,K1,True,3,1,19.754874985665083
cpu,HIT,model_only,K1,True,3,2,19.77679500123486
cpu,HIT,model_only,K1,True,3,3,20.69085999391973
cpu,HIT,model_only,K1,True,3,4,20.298040995839983
cpu,HIT,model_only,K1,True,3,5,19.839063985273242
cpu,HIT,model_only,K1,True,3,6,19.805317977443337
cpu,HIT,model_only,K1,True,3,7,19.729592953808606
cpu,HIT,model_only,K1,True,3,8,19.756385998334736
cpu,HIT,model_only,K1,True,3,9,19.704351027030498
cpu,HIT,model_only,K1,True,3,10,19.699373049661517
cpu,HIT,model_only,K1,True,3,11,19.706132996361703
cpu,HIT,model_only,K1,True,3,12,19.734094035811722
cpu,HIT,model_only,K1,True,3,13,19.712487002834678
cpu,HIT,model_only,K1,True,3,14,20.14729002257809
cpu,HIT,model_only,K1,True,3,15,19.853756995871663
cpu,HIT,model_only,K1,True,3,16,19.791343016549945
cpu,HIT,model_only,K1,True,3,17,19.74409999093041
cpu,HIT,model_only,K1,True,3,18,19.791171012911946
cpu,HIT,model_only,K1,True,3,19,19.72461200784892
cpu,HIT,model_only,K1,True,3,20,19.704985024873167
cpu,HIT,model_only,K1,True,3,21,19.70943796914071
cpu,HIT,model_only,K1,True,3,22,19.68083600513637
cpu,HIT,model_only,K1,True,3,23,19.683024962432683
cpu,HIT,model_only,K1,True,3,24,19.686229003127664
cpu,HIT,model_only,K1,True,3,25,19.71280697034672
cpu,HIT,model_only,K1,True,3,26,19.69045103760436
cpu,HIT,model_only,K1,True,3,27,19.716940994840115
cpu,HIT,model_only,K1,True,3,28,19.74372594850138
cpu,HIT,model_only,K1,True,3,29,19.72147199558094
cpu,HIT,model_only,K1,True,3,30,19.74526501726359
cpu,HIT,model_only,K1,True,3,31,19.70124099170789
cpu,HIT,model_only,K1,True,3,32,19.750006962567568
cpu,HIT,model_only,K1,True,3,33,19.82615195447579
cpu,HIT,model_only,K1,True,3,34,19.77686199825257
cpu,HIT,model_only,K1,True,3,35,19.788331992458552
cpu,HIT,model_only,K1,True,3,36,19.701775046996772
cpu,HIT,model_only,K1,True,3,37,19.848826981615275
cpu,HIT,model_only,K1,True,3,38,19.71217099344358
cpu,HIT,model_only,K1,True,3,39,19.755426968913525
cpu,HIT,model_only,K1,True,3,40,19.81841097585857
cpu,HIT,model_only,K1,True,3,41,19.689619017299265
cpu,HIT,model_only,K1,True,3,42,19.69991496298462
cpu,HIT,model_only,K1,True,3,43,19.7057849727571
cpu,HIT,model_only,K1,True,3,44,19.923146988730878
cpu,HIT,model_only,K1,True,3,45,19.74358398001641
cpu,HIT,model_only,K1,True,3,46,19.69026098959148
cpu,HIT,model_only,K1,True,3,47,19.793667015619576
cpu,HIT,model_only,K1,True,3,48,19.76992201525718
cpu,HIT,model_only,K1,True,3,49,19.74751497618854
cpu,HIT,model_only,K1,True,3,50,19.713000976480544
cpu,HIT,model_only,K1,True,3,51,19.682216981891543
cpu,HIT,model_only,K1,True,3,52,19.672674010507762
cpu,HIT,model_only,K1,True,3,53,19.748798047658056
cpu,HIT,model_only,K1,True,3,54,19.656943040899932
cpu,HIT,model_only,K1,True,3,55,19.7998610092327
cpu,HIT,model_only,K1,True,3,56,19.782236020546407
cpu,HIT,model_only,K1,True,3,57,19.73622100194916
cpu,HIT,model_only,K1,True,3,58,19.746253034099936
cpu,HIT,model_only,K1,True,3,59,19.78514902293682
cpu,HIT,model_only,K1,True,3,60,19.69963702140376
cpu,HIT,model_only,K1,True,3,61,19.716906012035906
cpu,HIT,model_only,K1,True,3,62,19.67991702258587
cpu,HIT,model_only,K1,True,3,63,19.704887992702425
cpu,HIT,model_only,K1,True,3,64,20.03695402527228
cpu,HIT,model_only,K1,True,3,65,20.10584098752588
cpu,HIT,model_only,K1,True,3,66,19.76188097614795
cpu,HIT,model_only,K1,True,3,67,19.802038033958524
cpu,HIT,model_only,K1,True,3,68,19.764963013585657
cpu,HIT,model_only,K1,True,3,69,19.73217900376767
cpu,HIT,model_only,K1,True,3,70,19.71506798872724
cpu,HIT,model_only,K1,True,3,71,19.74579005036503
cpu,HIT,model_only,K1,True,3,72,19.70788202015683
cpu,HIT,model_only,K1,True,3,73,19.76229198044166
cpu,HIT,model_only,K1,True,3,74,19.7478870395571
cpu,HIT,model_only,K1,True,3,75,19.7834589635022
cpu,HIT,model_only,K1,True,3,76,19.721544987987727
cpu,HIT,model_only,K1,True,3,77,19.66905896551907
cpu,HIT,model_only,K1,True,3,78,19.752760010305792
cpu,HIT,model_only,K1,True,3,79,19.706616003531963
cpu,HIT,model_only,K1,True,3,80,19.770902988966554
cpu,HIT,model_only,K1,True,3,81,19.74499801872298
cpu,HIT,model_only,K1,True,3,82,19.730284984689206
cpu,HIT,model_only,K1,True,3,83,19.66758701018989
cpu,HIT,model_only,K1,True,3,84,19.68636899255216
cpu,HIT,model_only,K1,True,3,85,19.900198036339134
cpu,HIT,model_only,K1,True,3,86,19.795495958533138
cpu,HIT,model_only,K1,True,3,87,19.71523795509711
cpu,HIT,model_only,K1,True,3,88,20.004700985737145
cpu,HIT,model_only,K1,True,3,89,19.721803022548556
cpu,HIT,model_only,K1,True,3,90,19.63436300866306
cpu,HIT,model_only,K1,True,3,91,20.04397299606353
cpu,HIT,model_only,K1,True,3,92,19.70807503676042
cpu,HIT,model_only,K1,True,3,93,19.72823397954926
cpu,HIT,model_only,K1,True,3,94,19.718560040928423
cpu,HIT,model_only,K1,True,3,95,19.723204022739083
cpu,HIT,model_only,K1,True,3,96,19.70457599963993
cpu,HIT,model_only,K1,True,3,97,19.730750005692244
cpu,HIT,model_only,K1,True,3,98,19.807617005426437
cpu,HIT,model_only,K1,True,3,99,19.765887001994997
cpu,HIT,model_only,K1,True,3,100,19.654201983939856
cpu,HIT,model_only,K1,True,3,101,19.72653198754415
cpu,HIT,model_only,K1,True,3,102,19.65828303946182
cpu,HIT,model_only,K1,True,3,103,19.739270966965705
cpu,HIT,model_only,K1,True,3,104,19.735782989300787
cpu,HIT,model_only,K1,True,3,105,19.72436101641506
cpu,HIT,model_only,K1,True,3,106,20.19896899582818
cpu,HIT,model_only,K1,True,3,107,19.71603202400729
cpu,HIT,model_only,K1,True,3,108,19.826238974928856
cpu,HIT,model_only,K1,True,3,109,19.771708990447223
cpu,HIT,model_only,K1,True,3,110,19.86064901575446
cpu,HIT,model_only,K1,True,3,111,19.701077020727098
cpu,HIT,model_only,K1,True,3,112,19.698488991707563
cpu,HIT,model_only,K1,True,3,113,19.79932904941961
cpu,HIT,model_only,K1,True,3,114,19.80721903964877
cpu,HIT,model_only,K1,True,3,115,20.175104960799217
cpu,HIT,model_only,K1,True,3,116,19.850193988531828
cpu,HIT,model_only,K1,True,3,117,20.686634990852326
cpu,HIT,model_only,K1,True,3,118,20.182582025881857
cpu,HIT,model_only,K1,True,3,119,19.807874981779605
cpu,HIT,model_only,K1,True,3,120,19.708074047230184
cpu,HIT,model_only,K1,True,3,121,19.785723998211324
cpu,HIT,model_only,K1,True,3,122,19.70315701328218
cpu,HIT,model_only,K1,True,3,123,19.665722968056798
cpu,HIT,model_only,K1,True,3,124,19.793077022768557
cpu,HIT,model_only,K1,True,3,125,20.01277299132198
cpu,HIT,model_only,K1,True,3,126,19.826295028906316
cpu,HIT,model_only,K1,True,3,127,19.690609944518656
cpu,HIT,model_only,K1,True,3,128,19.689121982082725
cpu,HIT,model_only,K1,True,3,129,19.765425007790327
cpu,HIT,model_only,K1,True,3,130,19.68483696691692
cpu,HIT,model_only,K1,True,3,131,19.79511696845293
cpu,HIT,model_only,K1,True,3,132,19.706104998476803
cpu,HIT,model_only,K1,True,3,133,19.730872008949518
cpu,HIT,model_only,K1,True,3,134,19.71467398107052
cpu,HIT,model_only,K1,True,3,135,19.766226992942393
cpu,HIT,model_only,K1,True,3,136,19.85363499261439
cpu,HIT,model_only,K1,True,3,137,19.897389982361346
cpu,HIT,model_only,K1,True,3,138,19.756779016461223
cpu,HIT,model_only,K1,True,3,139,20.037840004079044
cpu,HIT,model_only,K1,True,3,140,19.804381008725613
cpu,HIT,model_only,K1,True,3,141,19.779689027927816
cpu,HIT,model_only,K1,True,3,142,19.725495018064976
cpu,HIT,model_only,K1,True,3,143,19.747512007597834
cpu,HIT,model_only,K1,True,3,144,19.701844023074955
cpu,HIT,model_only,K1,True,3,145,19.735804002266377
cpu,HIT,model_only,K1,True,3,146,19.71801300533116
cpu,HIT,model_only,K1,True,3,147,19.7714029927738
cpu,HIT,model_only,K1,True,3,148,19.68010002747178
cpu,HIT,model_only,K1,True,3,149,19.70467099454254
cpu,HIT,model_only,K1,True,3,150,19.70659801736474
cpu,HIT,model_only,K1,True,3,151,19.72351799486205
cpu,HIT,model_only,K1,True,3,152,19.79244500398636
cpu,HIT,model_only,K1,True,3,153,19.681710051372647
cpu,HIT,model_only,K1,True,3,154,19.693042966537178
cpu,HIT,model_only,K1,True,3,155,19.721552031114697
cpu,HIT,model_only,K1,True,3,156,19.68921796651557
cpu,HIT,model_only,K1,True,3,157,19.789391953963786
cpu,HIT,model_only,K1,True,3,158,19.722951983567327
cpu,HIT,model_only,K1,True,3,159,19.691765017341822
cpu,HIT,model_only,K1,True,3,160,19.753922009840608
cpu,HIT,model_only,K1,True,3,161,19.712113949935883
cpu,HIT,model_only,K1,True,3,162,19.705515005625784
cpu,HIT,model_only,K1,True,3,163,19.729710998944938
cpu,HIT,model_only,K1,True,3,164,19.695972034242004
cpu,HIT,model_only,K1,True,3,165,19.794747000560164
cpu,HIT,model_only,K1,True,3,166,37.171284027863294
cpu,HIT,model_only,K1,True,3,167,21.04328596033156
cpu,HIT,model_only,K1,True,3,168,20.18140401924029
cpu,HIT,model_only,K1,True,3,169,20.229183952324092
cpu,HIT,model_only,K1,True,3,170,20.544512022752315
cpu,HIT,model_only,K1,True,3,171,20.336663001216948
cpu,HIT,model_only,K1,True,3,172,20.17640502890572
cpu,HIT,model_only,K1,True,3,173,20.121906010899693
cpu,HIT,model_only,K1,True,3,174,20.213721960317343
cpu,HIT,model_only,K1,True,3,175,20.144131034612656
cpu,HIT,model_only,K1,True,3,176,20.146334019955248
cpu,HIT,model_only,K1,True,3,177,20.12495801318437
cpu,HIT,model_only,K1,True,3,178,20.25615400634706
cpu,HIT,model_only,K1,True,3,179,20.159366016741842
cpu,HIT,model_only,K1,True,3,180,20.16989199910313
cpu,HIT,model_only,K1,True,3,181,20.13543900102377
cpu,HIT,model_only,K1,True,3,182,20.23270702920854
cpu,HIT,model_only,K1,True,3,183,20.201821986120194
cpu,HIT,model_only,K1,True,3,184,20.202295971103013
cpu,HIT,model_only,K1,True,3,185,20.176878024358302
cpu,HIT,model_only,K1,True,3,186,20.228273002430797
cpu,HIT,model_only,K1,True,3,187,20.22117201704532
cpu,HIT,model_only,K1,True,3,188,20.374959975015372
cpu,HIT,model_only,K1,True,3,189,20.234766008798033
cpu,HIT,model_only,K1,True,3,190,20.14107198920101
cpu,HIT,model_only,K1,True,3,191,20.18031699117273
cpu,HIT,model_only,K1,True,3,192,20.129032025579363
cpu,HIT,model_only,K1,True,3,193,20.136088016442955
cpu,HIT,model_only,K1,True,3,194,19.89906298695132
cpu,HIT,model_only,K1,True,3,195,19.76777199888602
cpu,HIT,model_only,K1,True,3,196,19.757397996727377
cpu,HIT,model_only,K1,True,3,197,19.78272700216621
cpu,HIT,model_only,K1,True,3,198,19.70352599164471
cpu,HIT,model_only,K1,True,3,199,19.697829033248127
cpu,HIT,model_only,K1,True,3,200,19.82291298918426
cpu,HIT,model_only,K1,True,3,201,19.768478989135474
cpu,HIT,model_only,K1,True,3,202,19.769500999245793
cpu,HIT,model_only,K1,True,3,203,19.718513009138405
cpu,HIT,model_only,K1,True,3,204,19.75166198099032
cpu,HIT,model_only,K1,True,3,205,19.742520002182573
cpu,HIT,model_only,K1,True,3,206,19.731968990527093
cpu,HIT,model_only,K1,True,3,207,19.78622400201857
cpu,HIT,model_only,K1,True,3,208,19.831801997497678
cpu,HIT,model_only,K1,True,3,209,19.7637359960936
cpu,HIT,model_only,K1,True,3,210,19.70954501302913
cpu,HIT,model_only,K1,True,3,211,19.715551985427737
cpu,HIT,model_only,K1,True,3,212,19.711656030267477
cpu,HIT,model_only,K1,True,3,213,19.71697498811409
cpu,HIT,model_only,K1,True,3,214,19.76644794922322
cpu,HIT,model_only,K1,True,3,215,21.27174800261855
cpu,HIT,model_only,K1,True,3,216,20.076657994650304
cpu,HIT,model_only,K1,True,3,217,19.729324034415185
cpu,HIT,model_only,K1,True,3,218,19.796570006292313
cpu,HIT,model_only,K1,True,3,219,19.720695971045643
cpu,HIT,model_only,K1,True,3,220,19.888237991835922
cpu,HIT,model_only,K1,True,3,221,19.74856900051236
cpu,HIT,model_only,K1,True,3,222,19.721451972145587
cpu,HIT,model_only,K1,True,3,223,19.703025987837464
cpu,HIT,model_only,K1,True,3,224,19.68501799274236
cpu,HIT,model_only,K1,True,3,225,19.82891804073006
cpu,HIT,model_only,K1,True,3,226,19.778074987698346
cpu,HIT,model_only,K1,True,3,227,20.5637690378353
cpu,HIT,model_only,K1,True,3,228,20.032625005114824
cpu,HIT,model_only,K1,True,3,229,19.80561699019745
cpu,HIT,model_only,K1,True,3,230,19.78281600167975
cpu,HIT,model_only,K1,True,3,231,19.73740302491933
cpu,HIT,model_only,K1,True,3,232,19.857910985592753
cpu,HIT,model_only,K1,True,3,233,19.724347977899015
cpu,HIT,model_only,K1,True,3,234,19.77197703672573
cpu,HIT,model_only,K1,True,3,235,19.70629201969132
cpu,HIT,model_only,K1,True,3,236,19.818860047962517
cpu,HIT,model_only,K1,True,3,237,19.730623986106366
cpu,HIT,model_only,K1,True,3,238,19.753999018575996
cpu,HIT,model_only,K1,True,3,239,19.907734997104853
cpu,HIT,model_only,K1,True,3,240,19.814154016785324
cpu,HIT,model_only,K1,True,3,241,19.697331998031586
cpu,HIT,model_only,K1,True,3,242,19.7401309851557
cpu,HIT,model_only,K1,True,3,243,19.732364045921713
cpu,HIT,model_only,K1,True,3,244,19.777811015956104
cpu,HIT,model_only,K1,True,3,245,19.89539002534002
cpu,HIT,model_only,K1,True,3,246,19.706610997673124
cpu,HIT,model_only,K1,True,3,247,19.73568700486794
cpu,HIT,model_only,K1,True,3,248,19.67661501839757
cpu,HIT,model_only,K1,True,3,249,19.755307002924383
cpu,HIT,model_only,Full-S1,True,3,0,37.68534300616011
cpu,HIT,model_only,Full-S1,True,3,1,37.675425002817065
cpu,HIT,model_only,Full-S1,True,3,2,37.495750002563
cpu,HIT,model_only,Full-S1,True,3,3,37.518261990044266
cpu,HIT,model_only,Full-S1,True,3,4,37.46096900431439
cpu,HIT,model_only,Full-S1,True,3,5,37.44981897762045
cpu,HIT,model_only,Full-S1,True,3,6,37.45636000530794
cpu,HIT,model_only,Full-S1,True,3,7,37.55087801255286
cpu,HIT,model_only,Full-S1,True,3,8,38.18917699391022
cpu,HIT,model_only,Full-S1,True,3,9,37.58613899117336
cpu,HIT,model_only,Full-S1,True,3,10,37.51792898401618
cpu,HIT,model_only,Full-S1,True,3,11,37.64815395697951
cpu,HIT,model_only,Full-S1,True,3,12,37.45897102635354
cpu,HIT,model_only,Full-S1,True,3,13,37.739102030172944
cpu,HIT,model_only,Full-S1,True,3,14,37.627939018420875
cpu,HIT,model_only,Full-S1,True,3,15,37.4842340243049
cpu,HIT,model_only,Full-S1,True,3,16,37.49531600624323
cpu,HIT,model_only,Full-S1,True,3,17,37.468855967745185
cpu,HIT,model_only,Full-S1,True,3,18,37.48563502449542
cpu,HIT,model_only,Full-S1,True,3,19,37.460199964698404
cpu,HIT,model_only,Full-S1,True,3,20,37.70274203270674
cpu,HIT,model_only,Full-S1,True,3,21,37.551112996879965
cpu,HIT,model_only,Full-S1,True,3,22,37.45415300363675
cpu,HIT,model_only,Full-S1,True,3,23,37.73022803943604
cpu,HIT,model_only,Full-S1,True,3,24,37.996811035554856
cpu,HIT,model_only,Full-S1,True,3,25,37.440215004608035
cpu,HIT,model_only,Full-S1,True,3,26,37.55017399089411
cpu,HIT,model_only,Full-S1,True,3,27,37.43710200069472
cpu,HIT,model_only,Full-S1,True,3,28,37.3890670016408
cpu,HIT,model_only,Full-S1,True,3,29,37.41972701391205
cpu,HIT,model_only,Full-S1,True,3,30,37.46003395644948
cpu,HIT,model_only,Full-S1,True,3,31,37.45412500575185
cpu,HIT,model_only,Full-S1,True,3,32,37.48235496459529
cpu,HIT,model_only,Full-S1,True,3,33,37.45197399985045
cpu,HIT,model_only,Full-S1,True,3,34,38.001795997843146
cpu,HIT,model_only,Full-S1,True,3,35,37.588957988191396
cpu,HIT,model_only,Full-S1,True,3,36,37.49959700508043
cpu,HIT,model_only,Full-S1,True,3,37,37.49925800366327
cpu,HIT,model_only,Full-S1,True,3,38,37.48261299915612
cpu,HIT,model_only,Full-S1,True,3,39,37.412526027765125
cpu,HIT,model_only,Full-S1,True,3,40,38.79035997670144
cpu,HIT,model_only,Full-S1,True,3,41,37.48462599469349
cpu,HIT,model_only,Full-S1,True,3,42,37.408503994811326
cpu,HIT,model_only,Full-S1,True,3,43,37.65193198341876
cpu,HIT,model_only,Full-S1,True,3,44,37.526787957176566
cpu,HIT,model_only,Full-S1,True,3,45,37.483865045942366
cpu,HIT,model_only,Full-S1,True,3,46,37.5209340127185
cpu,HIT,model_only,Full-S1,True,3,47,37.72110299905762
cpu,HIT,model_only,Full-S1,True,3,48,37.52620599698275
cpu,HIT,model_only,Full-S1,True,3,49,37.42154297651723
cpu,HIT,model_only,Full-S1,True,3,50,37.440021988004446
cpu,HIT,model_only,Full-S1,True,3,51,37.47249103616923
cpu,HIT,model_only,Full-S1,True,3,52,37.41739899851382
cpu,HIT,model_only,Full-S1,True,3,53,37.502718972973526
cpu,HIT,model_only,Full-S1,True,3,54,37.52125095343217
cpu,HIT,model_only,Full-S1,True,3,55,37.47582796495408
cpu,HIT,model_only,Full-S1,True,3,56,37.45725000044331
cpu,HIT,model_only,Full-S1,True,3,57,37.40745998220518
cpu,HIT,model_only,Full-S1,True,3,58,37.39847900578752
cpu,HIT,model_only,Full-S1,True,3,59,37.41411602823064
cpu,HIT,model_only,Full-S1,True,3,60,37.441738008055836
cpu,HIT,model_only,Full-S1,True,3,61,38.04390097502619
cpu,HIT,model_only,Full-S1,True,3,62,37.62103896588087
cpu,HIT,model_only,Full-S1,True,3,63,37.44227101560682
cpu,HIT,model_only,Full-S1,True,3,64,37.46430802857503
cpu,HIT,model_only,Full-S1,True,3,65,37.43704396765679
cpu,HIT,model_only,Full-S1,True,3,66,38.01017795922235
cpu,HIT,model_only,Full-S1,True,3,67,40.13327998109162
cpu,HIT,model_only,Full-S1,True,3,68,37.83529996871948
cpu,HIT,model_only,Full-S1,True,3,69,37.54873399157077
cpu,HIT,model_only,Full-S1,True,3,70,37.44786494644359
cpu,HIT,model_only,Full-S1,True,3,71,37.4533609719947
cpu,HIT,model_only,Full-S1,True,3,72,37.47243696125224
cpu,HIT,model_only,Full-S1,True,3,73,37.50256699277088
cpu,HIT,model_only,Full-S1,True,3,74,37.57788799703121
cpu,HIT,model_only,Full-S1,True,3,75,37.502972001675516
cpu,HIT,model_only,Full-S1,True,3,76,37.422665976919234
cpu,HIT,model_only,Full-S1,True,3,77,37.55638899747282
cpu,HIT,model_only,Full-S1,True,3,78,37.44934301357716
cpu,HIT,model_only,Full-S1,True,3,79,37.46124298777431
cpu,HIT,model_only,Full-S1,True,3,80,37.448669027071446
cpu,HIT,model_only,Full-S1,True,3,81,37.39747602958232
cpu,HIT,model_only,Full-S1,True,3,82,37.41000796435401
cpu,HIT,model_only,Full-S1,True,3,83,37.50093700364232
cpu,HIT,model_only,Full-S1,True,3,84,37.54348499933258
cpu,HIT,model_only,Full-S1,True,3,85,37.43937297258526
cpu,HIT,model_only,Full-S1,True,3,86,37.40895597729832
cpu,HIT,model_only,Full-S1,True,3,87,37.382507987786084
cpu,HIT,model_only,Full-S1,True,3,88,38.12548302812502
cpu,HIT,model_only,Full-S1,True,3,89,37.50781301641837
cpu,HIT,model_only,Full-S1,True,3,90,37.78203099500388
cpu,HIT,model_only,Full-S1,True,3,91,37.577186012640595
cpu,HIT,model_only,Full-S1,True,3,92,37.461794971022755
cpu,HIT,model_only,Full-S1,True,3,93,37.45200595585629
cpu,HIT,model_only,Full-S1,True,3,94,37.49490296468139
cpu,HIT,model_only,Full-S1,True,3,95,37.443070963490754
cpu,HIT,model_only,Full-S1,True,3,96,37.45612897910178
cpu,HIT,model_only,Full-S1,True,3,97,37.47590899001807
cpu,HIT,model_only,Full-S1,True,3,98,37.40221302723512
cpu,HIT,model_only,Full-S1,True,3,99,37.4479090096429
cpu,HIT,model_only,Full-S1,True,3,100,37.55465900758281
cpu,HIT,model_only,Full-S1,True,3,101,37.68997499719262
cpu,HIT,model_only,Full-S1,True,3,102,37.460978026501834
cpu,HIT,model_only,Full-S1,True,3,103,37.50365099404007
cpu,HIT,model_only,Full-S1,True,3,104,37.449988012667745
cpu,HIT,model_only,Full-S1,True,3,105,37.477583973668516
cpu,HIT,model_only,Full-S1,True,3,106,37.453824013937265
cpu,HIT,model_only,Full-S1,True,3,107,37.38452203106135
cpu,HIT,model_only,Full-S1,True,3,108,37.43132995441556
cpu,HIT,model_only,Full-S1,True,3,109,37.45551500469446
cpu,HIT,model_only,Full-S1,True,3,110,37.48172702034935
cpu,HIT,model_only,Full-S1,True,3,111,37.45907900156453
cpu,HIT,model_only,Full-S1,True,3,112,37.488778005354106
cpu,HIT,model_only,Full-S1,True,3,113,37.43572602979839
cpu,HIT,model_only,Full-S1,True,3,114,37.88981505203992
cpu,HIT,model_only,Full-S1,True,3,115,37.5912010204047
cpu,HIT,model_only,Full-S1,True,3,116,37.510912981815636
cpu,HIT,model_only,Full-S1,True,3,117,37.71588299423456
cpu,HIT,model_only,Full-S1,True,3,118,37.47481800382957
cpu,HIT,model_only,Full-S1,True,3,119,37.47988597024232
cpu,HIT,model_only,Full-S1,True,3,120,37.729308009147644
cpu,HIT,model_only,Full-S1,True,3,121,37.6803349936381
cpu,HIT,model_only,Full-S1,True,3,122,37.514272960834205
cpu,HIT,model_only,Full-S1,True,3,123,37.535801995545626
cpu,HIT,model_only,Full-S1,True,3,124,37.41711098700762
cpu,HIT,model_only,Full-S1,True,3,125,37.50266699353233
cpu,HIT,model_only,Full-S1,True,3,126,37.50931500690058
cpu,HIT,model_only,Full-S1,True,3,127,37.65655099414289
cpu,HIT,model_only,Full-S1,True,3,128,37.48131397878751
cpu,HIT,model_only,Full-S1,True,3,129,37.7110909903422
cpu,HIT,model_only,Full-S1,True,3,130,37.67331701237708
cpu,HIT,model_only,Full-S1,True,3,131,37.429662013892084
cpu,HIT,model_only,Full-S1,True,3,132,37.484788976144046
cpu,HIT,model_only,Full-S1,True,3,133,37.59030194487423
cpu,HIT,model_only,Full-S1,True,3,134,37.476759986020625
cpu,HIT,model_only,Full-S1,True,3,135,37.440711981616914
cpu,HIT,model_only,Full-S1,True,3,136,37.49562898883596
cpu,HIT,model_only,Full-S1,True,3,137,37.48205601004884
cpu,HIT,model_only,Full-S1,True,3,138,37.549913045950234
cpu,HIT,model_only,Full-S1,True,3,139,37.43928897893056
cpu,HIT,model_only,Full-S1,True,3,140,37.45209303451702
cpu,HIT,model_only,Full-S1,True,3,141,37.873472028877586
cpu,HIT,model_only,Full-S1,True,3,142,37.62849501799792
cpu,HIT,model_only,Full-S1,True,3,143,37.44964103680104
cpu,HIT,model_only,Full-S1,True,3,144,37.52001700922847
cpu,HIT,model_only,Full-S1,True,3,145,37.50298800878227
cpu,HIT,model_only,Full-S1,True,3,146,37.72265597945079
cpu,HIT,model_only,Full-S1,True,3,147,37.5815779552795
cpu,HIT,model_only,Full-S1,True,3,148,37.42914897156879
cpu,HIT,model_only,Full-S1,True,3,149,37.441219959873706
cpu,HIT,model_only,Full-S1,True,3,150,37.45400201296434
cpu,HIT,model_only,Full-S1,True,3,151,37.482818006537855
cpu,HIT,model_only,Full-S1,True,3,152,37.501027050893754
cpu,HIT,model_only,Full-S1,True,3,153,37.44326997548342
cpu,HIT,model_only,Full-S1,True,3,154,37.73011302109808
cpu,HIT,model_only,Full-S1,True,3,155,37.483908992726356
cpu,HIT,model_only,Full-S1,True,3,156,37.463115993887186
cpu,HIT,model_only,Full-S1,True,3,157,37.81468898523599
cpu,HIT,model_only,Full-S1,True,3,158,37.543144018854946
cpu,HIT,model_only,Full-S1,True,3,159,37.516830023378134
cpu,HIT,model_only,Full-S1,True,3,160,37.58648899383843
cpu,HIT,model_only,Full-S1,True,3,161,37.58025501156226
cpu,HIT,model_only,Full-S1,True,3,162,37.431256962008774
cpu,HIT,model_only,Full-S1,True,3,163,37.43909898912534
cpu,HIT,model_only,Full-S1,True,3,164,37.48438000911847
cpu,HIT,model_only,Full-S1,True,3,165,37.40698500769213
cpu,HIT,model_only,Full-S1,True,3,166,37.43579896399751
cpu,HIT,model_only,Full-S1,True,3,167,37.68414905061945
cpu,HIT,model_only,Full-S1,True,3,168,37.809945992194116
cpu,HIT,model_only,Full-S1,True,3,169,37.58074005600065
cpu,HIT,model_only,Full-S1,True,3,170,37.499261961784214
cpu,HIT,model_only,Full-S1,True,3,171,37.43750596186146
cpu,HIT,model_only,Full-S1,True,3,172,37.408842996228486
cpu,HIT,model_only,Full-S1,True,3,173,37.45452099246904
cpu,HIT,model_only,Full-S1,True,3,174,37.42870804853737
cpu,HIT,model_only,Full-S1,True,3,175,37.44449996156618
cpu,HIT,model_only,Full-S1,True,3,176,37.497270037420094
cpu,HIT,model_only,Full-S1,True,3,177,37.44587197434157
cpu,HIT,model_only,Full-S1,True,3,178,37.43106801994145
cpu,HIT,model_only,Full-S1,True,3,179,37.475863995496184
cpu,HIT,model_only,Full-S1,True,3,180,37.435589998494834
cpu,HIT,model_only,Full-S1,True,3,181,37.68401499837637
cpu,HIT,model_only,Full-S1,True,3,182,37.43825200945139
cpu,HIT,model_only,Full-S1,True,3,183,37.52475802320987
cpu,HIT,model_only,Full-S1,True,3,184,37.41702903062105
cpu,HIT,model_only,Full-S1,True,3,185,37.54086897242814
cpu,HIT,model_only,Full-S1,True,3,186,37.448812974616885
cpu,HIT,model_only,Full-S1,True,3,187,37.41502802586183
cpu,HIT,model_only,Full-S1,True,3,188,37.4143099761568
cpu,HIT,model_only,Full-S1,True,3,189,37.43644099449739
cpu,HIT,model_only,Full-S1,True,3,190,37.457086029462516
cpu,HIT,model_only,Full-S1,True,3,191,37.39031299483031
cpu,HIT,model_only,Full-S1,True,3,192,37.399063003249466
cpu,HIT,model_only,Full-S1,True,3,193,37.410903023555875
cpu,HIT,model_only,Full-S1,True,3,194,37.99221996450797
cpu,HIT,model_only,Full-S1,True,3,195,37.57949999999255
cpu,HIT,model_only,Full-S1,True,3,196,37.48051798902452
cpu,HIT,model_only,Full-S1,True,3,197,37.53083001356572
cpu,HIT,model_only,Full-S1,True,3,198,37.4441469903104
cpu,HIT,model_only,Full-S1,True,3,199,37.438403989654034
cpu,HIT,model_only,Full-S1,True,3,200,37.55403001559898
cpu,HIT,model_only,Full-S1,True,3,201,37.46205603238195
cpu,HIT,model_only,Full-S1,True,3,202,39.273717964533716
cpu,HIT,model_only,Full-S1,True,3,203,37.4626400298439
cpu,HIT,model_only,Full-S1,True,3,204,37.43759397184476
cpu,HIT,model_only,Full-S1,True,3,205,37.4731850461103
cpu,HIT,model_only,Full-S1,True,3,206,37.436351005453616
cpu,HIT,model_only,Full-S1,True,3,207,37.61904302518815
cpu,HIT,model_only,Full-S1,True,3,208,37.59202401852235
cpu,HIT,model_only,Full-S1,True,3,209,37.564627011306584
cpu,HIT,model_only,Full-S1,True,3,210,37.426511000376195
cpu,HIT,model_only,Full-S1,True,3,211,37.460241990629584
cpu,HIT,model_only,Full-S1,True,3,212,37.53492597024888
cpu,HIT,model_only,Full-S1,True,3,213,37.43071999633685
cpu,HIT,model_only,Full-S1,True,3,214,37.43562602903694
cpu,HIT,model_only,Full-S1,True,3,215,37.40039997501299
cpu,HIT,model_only,Full-S1,True,3,216,37.48680400894955
cpu,HIT,model_only,Full-S1,True,3,217,37.51548798754811
cpu,HIT,model_only,Full-S1,True,3,218,37.44444501353428
cpu,HIT,model_only,Full-S1,True,3,219,37.43137000128627
cpu,HIT,model_only,Full-S1,True,3,220,37.37138397991657
cpu,HIT,model_only,Full-S1,True,3,221,37.885370024014264
cpu,HIT,model_only,Full-S1,True,3,222,37.56706399144605
cpu,HIT,model_only,Full-S1,True,3,223,37.48795896535739
cpu,HIT,model_only,Full-S1,True,3,224,38.48855901742354
cpu,HIT,model_only,Full-S1,True,3,225,37.494980031624436
cpu,HIT,model_only,Full-S1,True,3,226,37.398907996248454
cpu,HIT,model_only,Full-S1,True,3,227,37.457539001479745
cpu,HIT,model_only,Full-S1,True,3,228,37.42920298827812
cpu,HIT,model_only,Full-S1,True,3,229,37.41519903996959
cpu,HIT,model_only,Full-S1,True,3,230,37.44849399663508
cpu,HIT,model_only,Full-S1,True,3,231,37.42885199608281
cpu,HIT,model_only,Full-S1,True,3,232,37.41942800115794
cpu,HIT,model_only,Full-S1,True,3,233,37.59518003789708
cpu,HIT,model_only,Full-S1,True,3,234,37.65402501448989
cpu,HIT,model_only,Full-S1,True,3,235,37.47627203119919
cpu,HIT,model_only,Full-S1,True,3,236,38.751192041672766
cpu,HIT,model_only,Full-S1,True,3,237,37.92832896579057
cpu,HIT,model_only,Full-S1,True,3,238,37.50101296463981
cpu,HIT,model_only,Full-S1,True,3,239,37.489748967345804
cpu,HIT,model_only,Full-S1,True,3,240,37.39646699978039
cpu,HIT,model_only,Full-S1,True,3,241,37.46353997848928
cpu,HIT,model_only,Full-S1,True,3,242,37.47385897440836
cpu,HIT,model_only,Full-S1,True,3,243,37.49428398441523
cpu,HIT,model_only,Full-S1,True,3,244,37.45495103066787
cpu,HIT,model_only,Full-S1,True,3,245,37.483690015506
cpu,HIT,model_only,Full-S1,True,3,246,37.45338099543005
cpu,HIT,model_only,Full-S1,True,3,247,37.71954105468467
cpu,HIT,model_only,Full-S1,True,3,248,37.653095030691475
cpu,HIT,model_only,Full-S1,True,3,249,37.536240008194
cpu,HIT,end_to_end,Full-S1,True,0,0,38.812127022538334
cpu,HIT,end_to_end,Full-S1,True,0,1,38.42578100739047
cpu,HIT,end_to_end,Full-S1,True,0,2,38.32418698584661
cpu,HIT,end_to_end,Full-S1,True,0,3,38.29127497738227
cpu,HIT,end_to_end,Full-S1,True,0,4,38.17149100359529
cpu,HIT,end_to_end,Full-S1,True,0,5,38.25844801031053
cpu,HIT,end_to_end,Full-S1,True,0,6,38.32539502764121
cpu,HIT,end_to_end,Full-S1,True,0,7,38.18854998098686
cpu,HIT,end_to_end,Full-S1,True,0,8,38.26402599224821
cpu,HIT,end_to_end,Full-S1,True,0,9,38.193151995074004
cpu,HIT,end_to_end,Full-S1,True,0,10,38.26411202317104
cpu,HIT,end_to_end,Full-S1,True,0,11,38.23236998869106
cpu,HIT,end_to_end,Full-S1,True,0,12,38.36559102637693
cpu,HIT,end_to_end,Full-S1,True,0,13,38.20358403027058
cpu,HIT,end_to_end,Full-S1,True,0,14,38.40751701500267
cpu,HIT,end_to_end,Full-S1,True,0,15,38.551646983250976
cpu,HIT,end_to_end,Full-S1,True,0,16,38.30115799792111
cpu,HIT,end_to_end,Full-S1,True,0,17,38.22605003369972
cpu,HIT,end_to_end,Full-S1,True,0,18,38.334276992827654
cpu,HIT,end_to_end,Full-S1,True,0,19,38.28846098622307
cpu,HIT,end_to_end,Full-S1,True,0,20,38.22277201106772
cpu,HIT,end_to_end,Full-S1,True,0,21,38.188452017493546
cpu,HIT,end_to_end,Full-S1,True,0,22,38.32532500382513
cpu,HIT,end_to_end,Full-S1,True,0,23,38.27534301672131
cpu,HIT,end_to_end,Full-S1,True,0,24,38.22501201648265
cpu,HIT,end_to_end,Full-S1,True,0,25,38.34940103115514
cpu,HIT,end_to_end,Full-S1,True,0,26,38.75643399078399
cpu,HIT,end_to_end,Full-S1,True,0,27,38.35789696313441
cpu,HIT,end_to_end,Full-S1,True,0,28,38.30741799902171
cpu,HIT,end_to_end,Full-S1,True,0,29,38.249494042247534
cpu,HIT,end_to_end,Full-S1,True,0,30,38.21723797591403
cpu,HIT,end_to_end,Full-S1,True,0,31,38.28792501008138
cpu,HIT,end_to_end,Full-S1,True,0,32,38.247557007707655
cpu,HIT,end_to_end,Full-S1,True,0,33,38.1714339600876
cpu,HIT,end_to_end,Full-S1,True,0,34,38.26562000904232
cpu,HIT,end_to_end,Full-S1,True,0,35,38.21095800958574
cpu,HIT,end_to_end,Full-S1,True,0,36,38.21240400429815
cpu,HIT,end_to_end,Full-S1,True,0,37,38.23838400421664
cpu,HIT,end_to_end,Full-S1,True,0,38,38.279399974271655
cpu,HIT,end_to_end,Full-S1,True,0,39,38.23422599816695
cpu,HIT,end_to_end,Full-S1,True,0,40,38.50855102064088
cpu,HIT,end_to_end,Full-S1,True,0,41,38.22124801808968
cpu,HIT,end_to_end,Full-S1,True,0,42,38.30410400405526
cpu,HIT,end_to_end,Full-S1,True,0,43,38.17082103341818
cpu,HIT,end_to_end,Full-S1,True,0,44,38.31865399843082
cpu,HIT,end_to_end,Full-S1,True,0,45,38.207403966225684
cpu,HIT,end_to_end,Full-S1,True,0,46,38.21155900368467
cpu,HIT,end_to_end,Full-S1,True,0,47,38.22423500241712
cpu,HIT,end_to_end,Full-S1,True,0,48,38.208177022170275
cpu,HIT,end_to_end,Full-S1,True,0,49,38.39713498018682
cpu,HIT,end_to_end,Full-S1,True,0,50,38.309755036607385
cpu,HIT,end_to_end,Full-S1,True,0,51,38.25287101790309
cpu,HIT,end_to_end,Full-S1,True,0,52,38.60948799410835
cpu,HIT,end_to_end,Full-S1,True,0,53,38.38480496779084
cpu,HIT,end_to_end,Full-S1,True,0,54,38.32238202448934
cpu,HIT,end_to_end,Full-S1,True,0,55,38.232518010772765
cpu,HIT,end_to_end,Full-S1,True,0,56,38.2230730028823
cpu,HIT,end_to_end,Full-S1,True,0,57,38.28015096951276
cpu,HIT,end_to_end,Full-S1,True,0,58,38.63209398696199
cpu,HIT,end_to_end,Full-S1,True,0,59,38.33873401163146
cpu,HIT,end_to_end,Full-S1,True,0,60,38.2264630170539
cpu,HIT,end_to_end,Full-S1,True,0,61,38.278462016023695
cpu,HIT,end_to_end,Full-S1,True,0,62,38.229173980653286
cpu,HIT,end_to_end,Full-S1,True,0,63,38.300107000395656
cpu,HIT,end_to_end,Full-S1,True,0,64,38.244237017352134
cpu,HIT,end_to_end,Full-S1,True,0,65,38.22222497547045
cpu,HIT,end_to_end,Full-S1,True,0,66,39.716910978313535
cpu,HIT,end_to_end,Full-S1,True,0,67,38.23656297754496
cpu,HIT,end_to_end,Full-S1,True,0,68,38.197041023522615
cpu,HIT,end_to_end,Full-S1,True,0,69,38.25035295449197
cpu,HIT,end_to_end,Full-S1,True,0,70,38.26303000096232
cpu,HIT,end_to_end,Full-S1,True,0,71,38.26679103076458
cpu,HIT,end_to_end,Full-S1,True,0,72,38.20413094945252
cpu,HIT,end_to_end,Full-S1,True,0,73,38.26972999377176
cpu,HIT,end_to_end,Full-S1,True,0,74,38.411622983403504
cpu,HIT,end_to_end,Full-S1,True,0,75,38.31795195583254
cpu,HIT,end_to_end,Full-S1,True,0,76,38.309180992655456
cpu,HIT,end_to_end,Full-S1,True,0,77,38.22791401762515
cpu,HIT,end_to_end,Full-S1,True,0,78,38.620741048362106
cpu,HIT,end_to_end,Full-S1,True,0,79,38.466899015475065
cpu,HIT,end_to_end,Full-S1,True,0,80,38.34160801488906
cpu,HIT,end_to_end,Full-S1,True,0,81,38.44749100971967
cpu,HIT,end_to_end,Full-S1,True,0,82,38.61573897302151
cpu,HIT,end_to_end,Full-S1,True,0,83,38.26534398831427
cpu,HIT,end_to_end,Full-S1,True,0,84,38.25495595810935
cpu,HIT,end_to_end,Full-S1,True,0,85,38.201730989385396
cpu,HIT,end_to_end,Full-S1,True,0,86,38.24902500491589
cpu,HIT,end_to_end,Full-S1,True,0,87,38.323140994179994
cpu,HIT,end_to_end,Full-S1,True,0,88,38.24827104108408
cpu,HIT,end_to_end,Full-S1,True,0,89,38.28008699929342
cpu,HIT,end_to_end,Full-S1,True,0,90,38.30158797791228
cpu,HIT,end_to_end,Full-S1,True,0,91,38.31266501219943
cpu,HIT,end_to_end,Full-S1,True,0,92,38.36232400499284
cpu,HIT,end_to_end,Full-S1,True,0,93,38.318831007927656
cpu,HIT,end_to_end,Full-S1,True,0,94,38.38734404416755
cpu,HIT,end_to_end,Full-S1,True,0,95,38.249278033617884
cpu,HIT,end_to_end,Full-S1,True,0,96,38.26060798019171
cpu,HIT,end_to_end,Full-S1,True,0,97,38.18784700706601
cpu,HIT,end_to_end,Full-S1,True,0,98,38.243157032411546
cpu,HIT,end_to_end,Full-S1,True,0,99,38.24865096248686
cpu,HIT,end_to_end,Full-S1,True,0,100,38.227910990826786
cpu,HIT,end_to_end,Full-S1,True,0,101,38.28131395857781
cpu,HIT,end_to_end,Full-S1,True,0,102,38.23761304374784
cpu,HIT,end_to_end,Full-S1,True,0,103,38.276103034149855
cpu,HIT,end_to_end,Full-S1,True,0,104,38.47633802797645
cpu,HIT,end_to_end,Full-S1,True,0,105,38.49334898404777
cpu,HIT,end_to_end,Full-S1,True,0,106,38.34273497341201
cpu,HIT,end_to_end,Full-S1,True,0,107,38.423408987000585
cpu,HIT,end_to_end,Full-S1,True,0,108,38.28497801441699
cpu,HIT,end_to_end,Full-S1,True,0,109,38.22514298371971
cpu,HIT,end_to_end,Full-S1,True,0,110,38.27569301938638
cpu,HIT,end_to_end,Full-S1,True,0,111,38.46202802378684
cpu,HIT,end_to_end,Full-S1,True,0,112,38.270882971119136
cpu,HIT,end_to_end,Full-S1,True,0,113,38.49954099860042
cpu,HIT,end_to_end,Full-S1,True,0,114,38.312221004161984
cpu,HIT,end_to_end,Full-S1,True,0,115,38.308421964757144
cpu,HIT,end_to_end,Full-S1,True,0,116,38.26977498829365
cpu,HIT,end_to_end,Full-S1,True,0,117,38.26097899582237
cpu,HIT,end_to_end,Full-S1,True,0,118,38.2563240127638
cpu,HIT,end_to_end,Full-S1,True,0,119,38.508581987116486
cpu,HIT,end_to_end,Full-S1,True,0,120,38.23736100457609
cpu,HIT,end_to_end,Full-S1,True,0,121,38.25723595218733
cpu,HIT,end_to_end,Full-S1,True,0,122,38.25957595836371
cpu,HIT,end_to_end,Full-S1,True,0,123,38.33146096440032
cpu,HIT,end_to_end,Full-S1,True,0,124,38.257292995695025
cpu,HIT,end_to_end,Full-S1,True,0,125,38.173824024852365
cpu,HIT,end_to_end,Full-S1,True,0,126,38.24948298279196
cpu,HIT,end_to_end,Full-S1,True,0,127,38.33982697688043
cpu,HIT,end_to_end,Full-S1,True,0,128,38.251884980127215
cpu,HIT,end_to_end,Full-S1,True,0,129,38.237905013374984
cpu,HIT,end_to_end,Full-S1,True,0,130,38.23045297758654
cpu,HIT,end_to_end,Full-S1,True,0,131,38.78537000855431
cpu,HIT,end_to_end,Full-S1,True,0,132,38.380186015274376
cpu,HIT,end_to_end,Full-S1,True,0,133,38.34180301055312
cpu,HIT,end_to_end,Full-S1,True,0,134,38.32690801937133
cpu,HIT,end_to_end,Full-S1,True,0,135,38.26317796483636
cpu,HIT,end_to_end,Full-S1,True,0,136,38.64913003053516
cpu,HIT,end_to_end,Full-S1,True,0,137,41.18662799010053
cpu,HIT,end_to_end,Full-S1,True,0,138,39.98903703177348
cpu,HIT,end_to_end,Full-S1,True,0,139,38.451488013379276
cpu,HIT,end_to_end,Full-S1,True,0,140,38.36076601874083
cpu,HIT,end_to_end,Full-S1,True,0,141,38.27982000075281
cpu,HIT,end_to_end,Full-S1,True,0,142,38.28037501079962
cpu,HIT,end_to_end,Full-S1,True,0,143,38.26534701511264
cpu,HIT,end_to_end,Full-S1,True,0,144,38.25694596162066
cpu,HIT,end_to_end,Full-S1,True,0,145,38.51192002184689
cpu,HIT,end_to_end,Full-S1,True,0,146,39.38472201116383
cpu,HIT,end_to_end,Full-S1,True,0,147,38.391270965803415
cpu,HIT,end_to_end,Full-S1,True,0,148,38.2796170306392
cpu,HIT,end_to_end,Full-S1,True,0,149,38.309661962557584
cpu,HIT,end_to_end,Full-S1,True,0,150,38.22202899027616
cpu,HIT,end_to_end,Full-S1,True,0,151,38.23642199859023
cpu,HIT,end_to_end,Full-S1,True,0,152,38.558843021746725
cpu,HIT,end_to_end,Full-S1,True,0,153,38.36017701542005
cpu,HIT,end_to_end,Full-S1,True,0,154,38.34767598891631
cpu,HIT,end_to_end,Full-S1,True,0,155,38.25344401411712
cpu,HIT,end_to_end,Full-S1,True,0,156,38.428969972301275
cpu,HIT,end_to_end,Full-S1,True,0,157,38.63560501486063
cpu,HIT,end_to_end,Full-S1,True,0,158,38.279169995803386
cpu,HIT,end_to_end,Full-S1,True,0,159,38.32592099206522
cpu,HIT,end_to_end,Full-S1,True,0,160,38.26215001754463
cpu,HIT,end_to_end,Full-S1,True,0,161,38.22394896997139
cpu,HIT,end_to_end,Full-S1,True,0,162,38.80420100176707
cpu,HIT,end_to_end,Full-S1,True,0,163,38.95762300817296
cpu,HIT,end_to_end,Full-S1,True,0,164,38.58688002219424
cpu,HIT,end_to_end,Full-S1,True,0,165,38.32776105264202
cpu,HIT,end_to_end,Full-S1,True,0,166,38.30386500339955
cpu,HIT,end_to_end,Full-S1,True,0,167,38.241562026087195
cpu,HIT,end_to_end,Full-S1,True,0,168,38.33316400414333
cpu,HIT,end_to_end,Full-S1,True,0,169,38.356463017407805
cpu,HIT,end_to_end,Full-S1,True,0,170,38.24136999901384
cpu,HIT,end_to_end,Full-S1,True,0,171,38.452409964520484
cpu,HIT,end_to_end,Full-S1,True,0,172,38.25594700174406
cpu,HIT,end_to_end,Full-S1,True,0,173,38.27601298689842
cpu,HIT,end_to_end,Full-S1,True,0,174,38.27501699561253
cpu,HIT,end_to_end,Full-S1,True,0,175,38.28792297281325
cpu,HIT,end_to_end,Full-S1,True,0,176,38.27327600447461
cpu,HIT,end_to_end,Full-S1,True,0,177,38.27080997871235
cpu,HIT,end_to_end,Full-S1,True,0,178,38.29900798154995
cpu,HIT,end_to_end,Full-S1,True,0,179,38.262578018475324
cpu,HIT,end_to_end,Full-S1,True,0,180,38.231853977777064
cpu,HIT,end_to_end,Full-S1,True,0,181,38.24750200146809
cpu,HIT,end_to_end,Full-S1,True,0,182,38.20758999790996
cpu,HIT,end_to_end,Full-S1,True,0,183,38.74224895844236
cpu,HIT,end_to_end,Full-S1,True,0,184,38.342782005202025
cpu,HIT,end_to_end,Full-S1,True,0,185,38.31843100488186
cpu,HIT,end_to_end,Full-S1,True,0,186,38.26467297039926
cpu,HIT,end_to_end,Full-S1,True,0,187,38.21260901167989
cpu,HIT,end_to_end,Full-S1,True,0,188,38.34301803726703
cpu,HIT,end_to_end,Full-S1,True,0,189,38.44460804248229
cpu,HIT,end_to_end,Full-S1,True,0,190,38.287966046482325
cpu,HIT,end_to_end,Full-S1,True,0,191,38.293735997285694
cpu,HIT,end_to_end,Full-S1,True,0,192,38.23216597083956
cpu,HIT,end_to_end,Full-S1,True,0,193,38.25617901748046
cpu,HIT,end_to_end,Full-S1,True,0,194,38.23051799554378
cpu,HIT,end_to_end,Full-S1,True,0,195,38.261390989646316
cpu,HIT,end_to_end,Full-S1,True,0,196,38.26365404529497
cpu,HIT,end_to_end,Full-S1,True,0,197,38.57129596872255
cpu,HIT,end_to_end,Full-S1,True,0,198,38.42057997826487
cpu,HIT,end_to_end,Full-S1,True,0,199,38.296031998470426
cpu,HIT,end_to_end,Full-S1,True,0,200,38.205327989999205
cpu,HIT,end_to_end,Full-S1,True,0,201,38.2288089604117
cpu,HIT,end_to_end,Full-S1,True,0,202,38.24960702331737
cpu,HIT,end_to_end,Full-S1,True,0,203,38.23770099552348
cpu,HIT,end_to_end,Full-S1,True,0,204,38.291789998766035
cpu,HIT,end_to_end,Full-S1,True,0,205,38.36957103339955
cpu,HIT,end_to_end,Full-S1,True,0,206,38.27309800544754
cpu,HIT,end_to_end,Full-S1,True,0,207,38.23393501807004
cpu,HIT,end_to_end,Full-S1,True,0,208,38.2177010178566
cpu,HIT,end_to_end,Full-S1,True,0,209,38.97408599732444
cpu,HIT,end_to_end,Full-S1,True,0,210,38.392288028262556
cpu,HIT,end_to_end,Full-S1,True,0,211,38.40346698416397
cpu,HIT,end_to_end,Full-S1,True,0,212,38.58071600552648
cpu,HIT,end_to_end,Full-S1,True,0,213,38.303076988086104
cpu,HIT,end_to_end,Full-S1,True,0,214,38.26458897674456
cpu,HIT,end_to_end,Full-S1,True,0,215,38.21636002976447
cpu,HIT,end_to_end,Full-S1,True,0,216,38.22331503033638
cpu,HIT,end_to_end,Full-S1,True,0,217,38.34341501351446
cpu,HIT,end_to_end,Full-S1,True,0,218,38.280955981463194
cpu,HIT,end_to_end,Full-S1,True,0,219,38.26347301946953
cpu,HIT,end_to_end,Full-S1,True,0,220,38.24305802118033
cpu,HIT,end_to_end,Full-S1,True,0,221,38.451665022876114
cpu,HIT,end_to_end,Full-S1,True,0,222,38.23257301701233
cpu,HIT,end_to_end,Full-S1,True,0,223,38.40315097477287
cpu,HIT,end_to_end,Full-S1,True,0,224,38.23751100571826
cpu,HIT,end_to_end,Full-S1,True,0,225,38.240812020376325
cpu,HIT,end_to_end,Full-S1,True,0,226,38.23576995637268
cpu,HIT,end_to_end,Full-S1,True,0,227,38.270288961939514
cpu,HIT,end_to_end,Full-S1,True,0,228,38.22414198657498
cpu,HIT,end_to_end,Full-S1,True,0,229,38.197863032110035
cpu,HIT,end_to_end,Full-S1,True,0,230,38.273782993201166
cpu,HIT,end_to_end,Full-S1,True,0,231,38.30190800363198
cpu,HIT,end_to_end,Full-S1,True,0,232,38.28721400350332
cpu,HIT,end_to_end,Full-S1,True,0,233,38.20468403864652
cpu,HIT,end_to_end,Full-S1,True,0,234,38.24247297598049
cpu,HIT,end_to_end,Full-S1,True,0,235,38.680983998347074
cpu,HIT,end_to_end,Full-S1,True,0,236,38.488868973217905
cpu,HIT,end_to_end,Full-S1,True,0,237,38.58262300491333
cpu,HIT,end_to_end,Full-S1,True,0,238,38.2929680054076
cpu,HIT,end_to_end,Full-S1,True,0,239,38.25517604127526
cpu,HIT,end_to_end,Full-S1,True,0,240,38.34766201907769
cpu,HIT,end_to_end,Full-S1,True,0,241,38.64551201695576
cpu,HIT,end_to_end,Full-S1,True,0,242,38.264492992311716
cpu,HIT,end_to_end,Full-S1,True,0,243,38.310320989694446
cpu,HIT,end_to_end,Full-S1,True,0,244,38.31709997029975
cpu,HIT,end_to_end,Full-S1,True,0,245,38.24952099239454
cpu,HIT,end_to_end,Full-S1,True,0,246,38.26525900512934
cpu,HIT,end_to_end,Full-S1,True,0,247,38.24375895783305
cpu,HIT,end_to_end,Full-S1,True,0,248,38.254293031059206
cpu,HIT,end_to_end,Full-S1,True,0,249,38.516045024152845
cpu,HIT,end_to_end,K1,True,0,0,20.817334996536374
cpu,HIT,end_to_end,K1,True,0,1,20.69934899918735
cpu,HIT,end_to_end,K1,True,0,2,20.743661967571825
cpu,HIT,end_to_end,K1,True,0,3,20.626819983590394
cpu,HIT,end_to_end,K1,True,0,4,20.604317949619144
cpu,HIT,end_to_end,K1,True,0,5,20.61004494316876
cpu,HIT,end_to_end,K1,True,0,6,20.65462595783174
cpu,HIT,end_to_end,K1,True,0,7,20.62248100992292
cpu,HIT,end_to_end,K1,True,0,8,20.62673296313733
cpu,HIT,end_to_end,K1,True,0,9,20.605048048309982
cpu,HIT,end_to_end,K1,True,0,10,20.640012982767075
cpu,HIT,end_to_end,K1,True,0,11,20.62907099025324
cpu,HIT,end_to_end,K1,True,0,12,20.64740500645712
cpu,HIT,end_to_end,K1,True,0,13,20.671773003414273
cpu,HIT,end_to_end,K1,True,0,14,20.661943999584764
cpu,HIT,end_to_end,K1,True,0,15,20.74114902643487
cpu,HIT,end_to_end,K1,True,0,16,20.64436097862199
cpu,HIT,end_to_end,K1,True,0,17,20.643297990318388
cpu,HIT,end_to_end,K1,True,0,18,20.623538992367685
cpu,HIT,end_to_end,K1,True,0,19,20.621989970095456
cpu,HIT,end_to_end,K1,True,0,20,20.63162694685161
cpu,HIT,end_to_end,K1,True,0,21,21.100735990330577
cpu,HIT,end_to_end,K1,True,0,22,20.745828980579972
cpu,HIT,end_to_end,K1,True,0,23,20.655104017350823
cpu,HIT,end_to_end,K1,True,0,24,20.73079498950392
cpu,HIT,end_to_end,K1,True,0,25,20.738499995786697
cpu,HIT,end_to_end,K1,True,0,26,20.632405998185277
cpu,HIT,end_to_end,K1,True,0,27,20.98930301144719
cpu,HIT,end_to_end,K1,True,0,28,20.613379019778222
cpu,HIT,end_to_end,K1,True,0,29,20.620092982426286
cpu,HIT,end_to_end,K1,True,0,30,20.6222030101344
cpu,HIT,end_to_end,K1,True,0,31,20.7637760322541
cpu,HIT,end_to_end,K1,True,0,32,20.6319970311597
cpu,HIT,end_to_end,K1,True,0,33,20.61479800613597
cpu,HIT,end_to_end,K1,True,0,34,20.677851978689432
cpu,HIT,end_to_end,K1,True,0,35,20.653508021496236
cpu,HIT,end_to_end,K1,True,0,36,20.659943984355778
cpu,HIT,end_to_end,K1,True,0,37,20.629831007681787
cpu,HIT,end_to_end,K1,True,0,38,20.604642981197685
cpu,HIT,end_to_end,K1,True,0,39,20.65061399480328
cpu,HIT,end_to_end,K1,True,0,40,20.618828013539314
cpu,HIT,end_to_end,K1,True,0,41,20.636113011278212
cpu,HIT,end_to_end,K1,True,0,42,20.6372489919886
cpu,HIT,end_to_end,K1,True,0,43,20.636915985960513
cpu,HIT,end_to_end,K1,True,0,44,20.59696096694097
cpu,HIT,end_to_end,K1,True,0,45,20.64149099169299
cpu,HIT,end_to_end,K1,True,0,46,20.72622801642865
cpu,HIT,end_to_end,K1,True,0,47,20.634542976040393
cpu,HIT,end_to_end,K1,True,0,48,20.936133980285376
cpu,HIT,end_to_end,K1,True,0,49,20.97715000854805
cpu,HIT,end_to_end,K1,True,0,50,20.650074002332985
cpu,HIT,end_to_end,K1,True,0,51,20.61691804556176
cpu,HIT,end_to_end,K1,True,0,52,20.621232979465276
cpu,HIT,end_to_end,K1,True,0,53,20.63248900230974
cpu,HIT,end_to_end,K1,True,0,54,20.752138982061297
cpu,HIT,end_to_end,K1,True,0,55,20.779016020242125
cpu,HIT,end_to_end,K1,True,0,56,20.64068295294419
cpu,HIT,end_to_end,K1,True,0,57,20.634236047044396
cpu,HIT,end_to_end,K1,True,0,58,20.68203000817448
cpu,HIT,end_to_end,K1,True,0,59,20.624536962714046
cpu,HIT,end_to_end,K1,True,0,60,20.580066018737853
cpu,HIT,end_to_end,K1,True,0,61,20.64804796827957
cpu,HIT,end_to_end,K1,True,0,62,20.688676042482257
cpu,HIT,end_to_end,K1,True,0,63,20.615341956727207
cpu,HIT,end_to_end,K1,True,0,64,20.666048978455365
cpu,HIT,end_to_end,K1,True,0,65,20.626042038202286
cpu,HIT,end_to_end,K1,True,0,66,20.629923965316266
cpu,HIT,end_to_end,K1,True,0,67,20.718624989967793
cpu,HIT,end_to_end,K1,True,0,68,20.617433998268098
cpu,HIT,end_to_end,K1,True,0,69,21.154822024982423
cpu,HIT,end_to_end,K1,True,0,70,20.83077299175784
cpu,HIT,end_to_end,K1,True,0,71,20.651584025472403
cpu,HIT,end_to_end,K1,True,0,72,20.636959990952164
cpu,HIT,end_to_end,K1,True,0,73,20.640422008000314
cpu,HIT,end_to_end,K1,True,0,74,20.7012880127877
cpu,HIT,end_to_end,K1,True,0,75,20.599566982127726
cpu,HIT,end_to_end,K1,True,0,76,20.6114340107888
cpu,HIT,end_to_end,K1,True,0,77,20.618024980649352
cpu,HIT,end_to_end,K1,True,0,78,20.620986993890256
cpu,HIT,end_to_end,K1,True,0,79,20.621447009034455
cpu,HIT,end_to_end,K1,True,0,80,20.685278985183686
cpu,HIT,end_to_end,K1,True,0,81,20.63005103264004
cpu,HIT,end_to_end,K1,True,0,82,20.6343510071747
cpu,HIT,end_to_end,K1,True,0,83,20.581358985509723
cpu,HIT,end_to_end,K1,True,0,84,20.674006023909897
cpu,HIT,end_to_end,K1,True,0,85,20.63793403794989
cpu,HIT,end_to_end,K1,True,0,86,20.618559967260808
cpu,HIT,end_to_end,K1,True,0,87,20.615850982721895
cpu,HIT,end_to_end,K1,True,0,88,20.623666001483798
cpu,HIT,end_to_end,K1,True,0,89,20.63232596265152
cpu,HIT,end_to_end,K1,True,0,90,20.648829988203943
cpu,HIT,end_to_end,K1,True,0,91,20.617371948901564
cpu,HIT,end_to_end,K1,True,0,92,20.659892994444817
cpu,HIT,end_to_end,K1,True,0,93,20.61033499194309
cpu,HIT,end_to_end,K1,True,0,94,20.639194000978023
cpu,HIT,end_to_end,K1,True,0,95,20.61317500192672
cpu,HIT,end_to_end,K1,True,0,96,20.66367695806548
cpu,HIT,end_to_end,K1,True,0,97,20.63699596328661
cpu,HIT,end_to_end,K1,True,0,98,20.71514999261126
cpu,HIT,end_to_end,K1,True,0,99,20.618309965357184
cpu,HIT,end_to_end,K1,True,0,100,20.618150010704994
cpu,HIT,end_to_end,K1,True,0,101,20.59411397203803
cpu,HIT,end_to_end,K1,True,0,102,20.615293993614614
cpu,HIT,end_to_end,K1,True,0,103,20.655650994740427
cpu,HIT,end_to_end,K1,True,0,104,20.653999992646277
cpu,HIT,end_to_end,K1,True,0,105,20.62764996662736
cpu,HIT,end_to_end,K1,True,0,106,20.597951021045446
cpu,HIT,end_to_end,K1,True,0,107,20.606431004125625
cpu,HIT,end_to_end,K1,True,0,108,20.60626505408436
cpu,HIT,end_to_end,K1,True,0,109,20.63064300455153
cpu,HIT,end_to_end,K1,True,0,110,20.647131954319775
cpu,HIT,end_to_end,K1,True,0,111,20.609927945770323
cpu,HIT,end_to_end,K1,True,0,112,20.62738302629441
cpu,HIT,end_to_end,K1,True,0,113,20.658654044382274
cpu,HIT,end_to_end,K1,True,0,114,20.61410597525537
cpu,HIT,end_to_end,K1,True,0,115,20.637772977352142
cpu,HIT,end_to_end,K1,True,0,116,20.61409002635628
cpu,HIT,end_to_end,K1,True,0,117,21.036049001850188
cpu,HIT,end_to_end,K1,True,0,118,20.900154020637274
cpu,HIT,end_to_end,K1,True,0,119,20.672897982876748
cpu,HIT,end_to_end,K1,True,0,120,20.61887097079307
cpu,HIT,end_to_end,K1,True,0,121,20.61561297159642
cpu,HIT,end_to_end,K1,True,0,122,20.64588002394885
cpu,HIT,end_to_end,K1,True,0,123,20.654083986300975
cpu,HIT,end_to_end,K1,True,0,124,20.6436250009574
cpu,HIT,end_to_end,K1,True,0,125,20.592196960933506
cpu,HIT,end_to_end,K1,True,0,126,20.62830503564328
cpu,HIT,end_to_end,K1,True,0,127,20.68399399286136
cpu,HIT,end_to_end,K1,True,0,128,20.601461990736425
cpu,HIT,end_to_end,K1,True,0,129,20.646265998948365
cpu,HIT,end_to_end,K1,True,0,130,20.631393999792635
cpu,HIT,end_to_end,K1,True,0,131,20.620683033484966
cpu,HIT,end_to_end,K1,True,0,132,20.623521995730698
cpu,HIT,end_to_end,K1,True,0,133,20.60820796759799
cpu,HIT,end_to_end,K1,True,0,134,20.61418496305123
cpu,HIT,end_to_end,K1,True,0,135,20.621918025426567
cpu,HIT,end_to_end,K1,True,0,136,20.60904400423169
cpu,HIT,end_to_end,K1,True,0,137,20.61059098923579
cpu,HIT,end_to_end,K1,True,0,138,20.618061011191458
cpu,HIT,end_to_end,K1,True,0,139,20.65564796794206
cpu,HIT,end_to_end,K1,True,0,140,20.615658024325967
cpu,HIT,end_to_end,K1,True,0,141,20.69205598672852
cpu,HIT,end_to_end,K1,True,0,142,20.662229042500257
cpu,HIT,end_to_end,K1,True,0,143,20.634158980101347
cpu,HIT,end_to_end,K1,True,0,144,20.633081963751465
cpu,HIT,end_to_end,K1,True,0,145,20.772618998307735
cpu,HIT,end_to_end,K1,True,0,146,20.635364984627813
cpu,HIT,end_to_end,K1,True,0,147,20.637223962694407
cpu,HIT,end_to_end,K1,True,0,148,20.61409503221512
cpu,HIT,end_to_end,K1,True,0,149,20.608370017725974
cpu,HIT,end_to_end,K1,True,0,150,20.583170000463724
cpu,HIT,end_to_end,K1,True,0,151,20.6063810037449
cpu,HIT,end_to_end,K1,True,0,152,20.635259978007525
cpu,HIT,end_to_end,K1,True,0,153,20.656380977015942
cpu,HIT,end_to_end,K1,True,0,154,20.653829036746174
cpu,HIT,end_to_end,K1,True,0,155,22.801787010394037
cpu,HIT,end_to_end,K1,True,0,156,20.986863994039595
cpu,HIT,end_to_end,K1,True,0,157,20.615368033759296
cpu,HIT,end_to_end,K1,True,0,158,20.738626015372574
cpu,HIT,end_to_end,K1,True,0,159,20.6478459876962
cpu,HIT,end_to_end,K1,True,0,160,20.64350398723036
cpu,HIT,end_to_end,K1,True,0,161,20.637917041312903
cpu,HIT,end_to_end,K1,True,0,162,20.63528198050335
cpu,HIT,end_to_end,K1,True,0,163,20.62954503344372
cpu,HIT,end_to_end,K1,True,0,164,20.63900895882398
cpu,HIT,end_to_end,K1,True,0,165,20.653943007346243
cpu,HIT,end_to_end,K1,True,0,166,21.05413400568068
cpu,HIT,end_to_end,K1,True,0,167,20.721486012917012
cpu,HIT,end_to_end,K1,True,0,168,20.658689027186483
cpu,HIT,end_to_end,K1,True,0,169,20.62361198477447
cpu,HIT,end_to_end,K1,True,0,170,20.600133982952684
cpu,HIT,end_to_end,K1,True,0,171,20.671156991738826
cpu,HIT,end_to_end,K1,True,0,172,20.95451403874904
cpu,HIT,end_to_end,K1,True,0,173,20.739077997859567
cpu,HIT,end_to_end,K1,True,0,174,20.567775005474687
cpu,HIT,end_to_end,K1,True,0,175,20.61690902337432
cpu,HIT,end_to_end,K1,True,0,176,20.660954003687948
cpu,HIT,end_to_end,K1,True,0,177,20.630424027331173
cpu,HIT,end_to_end,K1,True,0,178,20.589066960383207
cpu,HIT,end_to_end,K1,True,0,179,20.584299054462463
cpu,HIT,end_to_end,K1,True,0,180,20.585342950653285
cpu,HIT,end_to_end,K1,True,0,181,20.680005953181535
cpu,HIT,end_to_end,K1,True,0,182,20.614166976884007
cpu,HIT,end_to_end,K1,True,0,183,20.606101024895906
cpu,HIT,end_to_end,K1,True,0,184,20.625798031687737
cpu,HIT,end_to_end,K1,True,0,185,20.6287830369547
cpu,HIT,end_to_end,K1,True,0,186,20.60055499896407
cpu,HIT,end_to_end,K1,True,0,187,20.628899976145476
cpu,HIT,end_to_end,K1,True,0,188,20.74256504420191
cpu,HIT,end_to_end,K1,True,0,189,20.667342003434896
cpu,HIT,end_to_end,K1,True,0,190,20.623061049263924
cpu,HIT,end_to_end,K1,True,0,191,20.64926503226161
cpu,HIT,end_to_end,K1,True,0,192,20.60578402597457
cpu,HIT,end_to_end,K1,True,0,193,20.681626978330314
cpu,HIT,end_to_end,K1,True,0,194,21.821885951794684
cpu,HIT,end_to_end,K1,True,0,195,20.900454954244196
cpu,HIT,end_to_end,K1,True,0,196,20.6257370300591
cpu,HIT,end_to_end,K1,True,0,197,20.605289028026164
cpu,HIT,end_to_end,K1,True,0,198,20.646667981054634
cpu,HIT,end_to_end,K1,True,0,199,20.609471015632153
cpu,HIT,end_to_end,K1,True,0,200,20.693875034339726
cpu,HIT,end_to_end,K1,True,0,201,20.631494000554085
cpu,HIT,end_to_end,K1,True,0,202,20.635123015381396
cpu,HIT,end_to_end,K1,True,0,203,20.62228199793026
cpu,HIT,end_to_end,K1,True,0,204,20.60912799788639
cpu,HIT,end_to_end,K1,True,0,205,20.610744948498905
cpu,HIT,end_to_end,K1,True,0,206,20.61455202056095
cpu,HIT,end_to_end,K1,True,0,207,20.66558098886162
cpu,HIT,end_to_end,K1,True,0,208,20.630126993637532
cpu,HIT,end_to_end,K1,True,0,209,20.742503984365612
cpu,HIT,end_to_end,K1,True,0,210,20.62862302409485
cpu,HIT,end_to_end,K1,True,0,211,20.597638038452715
cpu,HIT,end_to_end,K1,True,0,212,20.625276025384665
cpu,HIT,end_to_end,K1,True,0,213,20.63563698902726
cpu,HIT,end_to_end,K1,True,0,214,21.070392976980656
cpu,HIT,end_to_end,K1,True,0,215,21.034973964560777
cpu,HIT,end_to_end,K1,True,0,216,20.707098010461777
cpu,HIT,end_to_end,K1,True,0,217,20.655099011491984
cpu,HIT,end_to_end,K1,True,0,218,20.62725502764806
cpu,HIT,end_to_end,K1,True,0,219,21.672587958164513
cpu,HIT,end_to_end,K1,True,0,220,21.190378989558667
cpu,HIT,end_to_end,K1,True,0,221,20.58840898098424
cpu,HIT,end_to_end,K1,True,0,222,20.67412104224786
cpu,HIT,end_to_end,K1,True,0,223,20.651798986364156
cpu,HIT,end_to_end,K1,True,0,224,20.691940968390554
cpu,HIT,end_to_end,K1,True,0,225,20.925552991684526
cpu,HIT,end_to_end,K1,True,0,226,20.7771550049074
cpu,HIT,end_to_end,K1,True,0,227,20.628232043236494
cpu,HIT,end_to_end,K1,True,0,228,20.638010988477618
cpu,HIT,end_to_end,K1,True,0,229,20.64133796375245
cpu,HIT,end_to_end,K1,True,0,230,20.67731402348727
cpu,HIT,end_to_end,K1,True,0,231,20.65863902680576
cpu,HIT,end_to_end,K1,True,0,232,20.61712701106444
cpu,HIT,end_to_end,K1,True,0,233,20.600675023160875
cpu,HIT,end_to_end,K1,True,0,234,20.654330030083656
cpu,HIT,end_to_end,K1,True,0,235,20.620408991817385
cpu,HIT,end_to_end,K1,True,0,236,20.681279012933373
cpu,HIT,end_to_end,K1,True,0,237,20.64509701449424
cpu,HIT,end_to_end,K1,True,0,238,20.621909003239125
cpu,HIT,end_to_end,K1,True,0,239,20.63394198194146
cpu,HIT,end_to_end,K1,True,0,240,20.646391029004008
cpu,HIT,end_to_end,K1,True,0,241,20.652883977163583
cpu,HIT,end_to_end,K1,True,0,242,20.901027019135654
cpu,HIT,end_to_end,K1,True,0,243,20.653835963457823
cpu,HIT,end_to_end,K1,True,0,244,20.576916984282434
cpu,HIT,end_to_end,K1,True,0,245,20.614014007151127
cpu,HIT,end_to_end,K1,True,0,246,20.59604396345094
cpu,HIT,end_to_end,K1,True,0,247,20.709989010356367
cpu,HIT,end_to_end,K1,True,0,248,20.794353971723467
cpu,HIT,end_to_end,K1,True,0,249,20.65184898674488
cpu,HIT,end_to_end,K1,True,1,0,20.63508896389976
cpu,HIT,end_to_end,K1,True,1,1,20.60862199869007
cpu,HIT,end_to_end,K1,True,1,2,20.623705990146846
cpu,HIT,end_to_end,K1,True,1,3,20.646411983761936
cpu,HIT,end_to_end,K1,True,1,4,20.64380398951471
cpu,HIT,end_to_end,K1,True,1,5,20.65418305573985
cpu,HIT,end_to_end,K1,True,1,6,20.627994963433594
cpu,HIT,end_to_end,K1,True,1,7,20.62130195554346
cpu,HIT,end_to_end,K1,True,1,8,20.65018698340282
cpu,HIT,end_to_end,K1,True,1,9,20.63077100319788
cpu,HIT,end_to_end,K1,True,1,10,20.670805999543518
cpu,HIT,end_to_end,K1,True,1,11,20.650480000767857
cpu,HIT,end_to_end,K1,True,1,12,21.025713998824358
cpu,HIT,end_to_end,K1,True,1,13,20.853746973443776
cpu,HIT,end_to_end,K1,True,1,14,20.68053896073252
cpu,HIT,end_to_end,K1,True,1,15,20.633420965168625
cpu,HIT,end_to_end,K1,True,1,16,20.6602779799141
cpu,HIT,end_to_end,K1,True,1,17,20.64984495518729
cpu,HIT,end_to_end,K1,True,1,18,20.634351996704936
cpu,HIT,end_to_end,K1,True,1,19,20.589156018104404
cpu,HIT,end_to_end,K1,True,1,20,20.580288022756577
cpu,HIT,end_to_end,K1,True,1,21,20.64295602031052
cpu,HIT,end_to_end,K1,True,1,22,20.714576996397227
cpu,HIT,end_to_end,K1,True,1,23,20.621303003281355
cpu,HIT,end_to_end,K1,True,1,24,20.59418597491458
cpu,HIT,end_to_end,K1,True,1,25,20.608852966688573
cpu,HIT,end_to_end,K1,True,1,26,20.61351598240435
cpu,HIT,end_to_end,K1,True,1,27,20.62637300696224
cpu,HIT,end_to_end,K1,True,1,28,20.686523988842964
cpu,HIT,end_to_end,K1,True,1,29,20.64902597339824
cpu,HIT,end_to_end,K1,True,1,30,20.60354599962011
cpu,HIT,end_to_end,K1,True,1,31,20.60103602707386
cpu,HIT,end_to_end,K1,True,1,32,20.606601960025728
cpu,HIT,end_to_end,K1,True,1,33,20.668098994065076
cpu,HIT,end_to_end,K1,True,1,34,20.66142699914053
cpu,HIT,end_to_end,K1,True,1,35,20.622564014047384
cpu,HIT,end_to_end,K1,True,1,36,20.60022100340575
cpu,HIT,end_to_end,K1,True,1,37,20.64567501656711
cpu,HIT,end_to_end,K1,True,1,38,20.621653005946428
cpu,HIT,end_to_end,K1,True,1,39,20.642990013584495
cpu,HIT,end_to_end,K1,True,1,40,20.73623100295663
cpu,HIT,end_to_end,K1,True,1,41,21.74883900443092
cpu,HIT,end_to_end,K1,True,1,42,20.638133981265128
cpu,HIT,end_to_end,K1,True,1,43,20.656025037169456
cpu,HIT,end_to_end,K1,True,1,44,20.647045981604606
cpu,HIT,end_to_end,K1,True,1,45,20.66640497650951
cpu,HIT,end_to_end,K1,True,1,46,20.797498000320047
cpu,HIT,end_to_end,K1,True,1,47,20.669192948844284
cpu,HIT,end_to_end,K1,True,1,48,20.58228198438883
cpu,HIT,end_to_end,K1,True,1,49,20.620239025447518
cpu,HIT,end_to_end,K1,True,1,50,20.624843949917704
cpu,HIT,end_to_end,K1,True,1,51,20.593077002558857
cpu,HIT,end_to_end,K1,True,1,52,20.63108200673014
cpu,HIT,end_to_end,K1,True,1,53,20.703259971924126
cpu,HIT,end_to_end,K1,True,1,54,20.632928994018584
cpu,HIT,end_to_end,K1,True,1,55,20.59246099088341
cpu,HIT,end_to_end,K1,True,1,56,20.612406020518392
cpu,HIT,end_to_end,K1,True,1,57,20.640913979150355
cpu,HIT,end_to_end,K1,True,1,58,20.619407994672656
cpu,HIT,end_to_end,K1,True,1,59,20.71964996866882
cpu,HIT,end_to_end,K1,True,1,60,20.609850995242596
cpu,HIT,end_to_end,K1,True,1,61,21.079669008031487
cpu,HIT,end_to_end,K1,True,1,62,20.718072017189115
cpu,HIT,end_to_end,K1,True,1,63,20.62246500281617
cpu,HIT,end_to_end,K1,True,1,64,20.59391199145466
cpu,HIT,end_to_end,K1,True,1,65,20.604829012881964
cpu,HIT,end_to_end,K1,True,1,66,20.626492972951382
cpu,HIT,end_to_end,K1,True,1,67,20.712691999506205
cpu,HIT,end_to_end,K1,True,1,68,20.631491031963378
cpu,HIT,end_to_end,K1,True,1,69,20.643675001338124
cpu,HIT,end_to_end,K1,True,1,70,20.62755700899288
cpu,HIT,end_to_end,K1,True,1,71,20.656852051615715
cpu,HIT,end_to_end,K1,True,1,72,20.596938964445144
cpu,HIT,end_to_end,K1,True,1,73,20.656612992752343
cpu,HIT,end_to_end,K1,True,1,74,20.62246698187664
cpu,HIT,end_to_end,K1,True,1,75,20.62055596616119
cpu,HIT,end_to_end,K1,True,1,76,20.640630973502994
cpu,HIT,end_to_end,K1,True,1,77,20.708538009785116
cpu,HIT,end_to_end,K1,True,1,78,20.602373988367617
cpu,HIT,end_to_end,K1,True,1,79,20.63743898179382
cpu,HIT,end_to_end,K1,True,1,80,20.612992986571044
cpu,HIT,end_to_end,K1,True,1,81,20.67774097668007
cpu,HIT,end_to_end,K1,True,1,82,20.608676015399396
cpu,HIT,end_to_end,K1,True,1,83,20.66234400263056
cpu,HIT,end_to_end,K1,True,1,84,20.59888403164223
cpu,HIT,end_to_end,K1,True,1,85,20.61320497887209
cpu,HIT,end_to_end,K1,True,1,86,20.672345999628305
cpu,HIT,end_to_end,K1,True,1,87,20.674219995271415
cpu,HIT,end_to_end,K1,True,1,88,20.586651982739568
cpu,HIT,end_to_end,K1,True,1,89,20.775601034983993
cpu,HIT,end_to_end,K1,True,1,90,20.644716976676136
cpu,HIT,end_to_end,K1,True,1,91,20.63971699681133
cpu,HIT,end_to_end,K1,True,1,92,20.60162101406604
cpu,HIT,end_to_end,K1,True,1,93,20.64962702570483
cpu,HIT,end_to_end,K1,True,1,94,20.61220200266689
cpu,HIT,end_to_end,K1,True,1,95,20.596965972799808
cpu,HIT,end_to_end,K1,True,1,96,20.661797025240958
cpu,HIT,end_to_end,K1,True,1,97,20.623282995074987
cpu,HIT,end_to_end,K1,True,1,98,20.62483801273629
cpu,HIT,end_to_end,K1,True,1,99,20.596961956471205
cpu,HIT,end_to_end,K1,True,1,100,20.592102024238557
cpu,HIT,end_to_end,K1,True,1,101,20.65011695958674
cpu,HIT,end_to_end,K1,True,1,102,20.67615801934153
cpu,HIT,end_to_end,K1,True,1,103,20.649271027650684
cpu,HIT,end_to_end,K1,True,1,104,20.624901982955635
cpu,HIT,end_to_end,K1,True,1,105,20.6350110238418
cpu,HIT,end_to_end,K1,True,1,106,20.618353970348835
cpu,HIT,end_to_end,K1,True,1,107,20.637475012335926
cpu,HIT,end_to_end,K1,True,1,108,20.603888027835637
cpu,HIT,end_to_end,K1,True,1,109,21.015784004703164
cpu,HIT,end_to_end,K1,True,1,110,20.734066027216613
cpu,HIT,end_to_end,K1,True,1,111,20.664309966377914
cpu,HIT,end_to_end,K1,True,1,112,20.63268597703427
cpu,HIT,end_to_end,K1,True,1,113,20.65247599966824
cpu,HIT,end_to_end,K1,True,1,114,20.640014961827546
cpu,HIT,end_to_end,K1,True,1,115,20.64071496715769
cpu,HIT,end_to_end,K1,True,1,116,20.632288011256605
cpu,HIT,end_to_end,K1,True,1,117,20.61586600029841
cpu,HIT,end_to_end,K1,True,1,118,20.628334023058414
cpu,HIT,end_to_end,K1,True,1,119,20.685729978140444
cpu,HIT,end_to_end,K1,True,1,120,20.632859028410167
cpu,HIT,end_to_end,K1,True,1,121,20.717180974315852
cpu,HIT,end_to_end,K1,True,1,122,20.635276974644512
cpu,HIT,end_to_end,K1,True,1,123,20.580181968398392
cpu,HIT,end_to_end,K1,True,1,124,20.596968999598175
cpu,HIT,end_to_end,K1,True,1,125,20.686072995886207
cpu,HIT,end_to_end,K1,True,1,126,20.648960024118423
cpu,HIT,end_to_end,K1,True,1,127,20.598319999407977
cpu,HIT,end_to_end,K1,True,1,128,20.64193197293207
cpu,HIT,end_to_end,K1,True,1,129,20.624574040994048
cpu,HIT,end_to_end,K1,True,1,130,20.644273958168924
cpu,HIT,end_to_end,K1,True,1,131,20.64486895687878
cpu,HIT,end_to_end,K1,True,1,132,20.645368960686028
cpu,HIT,end_to_end,K1,True,1,133,20.63362399348989
cpu,HIT,end_to_end,K1,True,1,134,20.64969198545441
cpu,HIT,end_to_end,K1,True,1,135,20.637767971493304
cpu,HIT,end_to_end,K1,True,1,136,20.616683992557228
cpu,HIT,end_to_end,K1,True,1,137,20.633877022191882
cpu,HIT,end_to_end,K1,True,1,138,20.80366894369945
cpu,HIT,end_to_end,K1,True,1,139,20.757187972776592
cpu,HIT,end_to_end,K1,True,1,140,20.663085975684226
cpu,HIT,end_to_end,K1,True,1,141,20.61162900645286
cpu,HIT,end_to_end,K1,True,1,142,20.61360195511952
cpu,HIT,end_to_end,K1,True,1,143,20.633748965337873
cpu,HIT,end_to_end,K1,True,1,144,20.666508993599564
cpu,HIT,end_to_end,K1,True,1,145,20.601045980583876
cpu,HIT,end_to_end,K1,True,1,146,20.569016982335597
cpu,HIT,end_to_end,K1,True,1,147,20.62530699186027
cpu,HIT,end_to_end,K1,True,1,148,20.62764100264758
cpu,HIT,end_to_end,K1,True,1,149,20.627316960599273
cpu,HIT,end_to_end,K1,True,1,150,20.63255402026698
cpu,HIT,end_to_end,K1,True,1,151,20.601262978743762
cpu,HIT,end_to_end,K1,True,1,152,20.75616701040417
cpu,HIT,end_to_end,K1,True,1,153,20.627544028684497
cpu,HIT,end_to_end,K1,True,1,154,20.62893600668758
cpu,HIT,end_to_end,K1,True,1,155,20.641147973947227
cpu,HIT,end_to_end,K1,True,1,156,20.615742017980665
cpu,HIT,end_to_end,K1,True,1,157,20.63755498966202
cpu,HIT,end_to_end,K1,True,1,158,21.201463998295367
cpu,HIT,end_to_end,K1,True,1,159,20.697388041298836
cpu,HIT,end_to_end,K1,True,1,160,20.61891497578472
cpu,HIT,end_to_end,K1,True,1,161,20.62964899232611
cpu,HIT,end_to_end,K1,True,1,162,20.624239987228066
cpu,HIT,end_to_end,K1,True,1,163,20.61477699317038
cpu,HIT,end_to_end,K1,True,1,164,20.917346002534032
cpu,HIT,end_to_end,K1,True,1,165,21.04841999243945
cpu,HIT,end_to_end,K1,True,1,166,20.627192046958953
cpu,HIT,end_to_end,K1,True,1,167,20.615763030946255
cpu,HIT,end_to_end,K1,True,1,168,20.622020005248487
cpu,HIT,end_to_end,K1,True,1,169,20.937784982379526
cpu,HIT,end_to_end,K1,True,1,170,20.635797001887113
cpu,HIT,end_to_end,K1,True,1,171,20.62879700679332
cpu,HIT,end_to_end,K1,True,1,172,20.597636001184583
cpu,HIT,end_to_end,K1,True,1,173,20.73078998364508
cpu,HIT,end_to_end,K1,True,1,174,20.8680959767662
cpu,HIT,end_to_end,K1,True,1,175,20.640803035348654
cpu,HIT,end_to_end,K1,True,1,176,20.644863019697368
cpu,HIT,end_to_end,K1,True,1,177,20.635558001231402
cpu,HIT,end_to_end,K1,True,1,178,20.626668992917985
cpu,HIT,end_to_end,K1,True,1,179,20.658706955146044
cpu,HIT,end_to_end,K1,True,1,180,20.734217017889023
cpu,HIT,end_to_end,K1,True,1,181,20.634521963074803
cpu,HIT,end_to_end,K1,True,1,182,20.636436995118856
cpu,HIT,end_to_end,K1,True,1,183,20.635513006709516
cpu,HIT,end_to_end,K1,True,1,184,20.600078045390546
cpu,HIT,end_to_end,K1,True,1,185,20.620915049221367
cpu,HIT,end_to_end,K1,True,1,186,20.746824040543288
cpu,HIT,end_to_end,K1,True,1,187,20.631894993130118
cpu,HIT,end_to_end,K1,True,1,188,20.63346398063004
cpu,HIT,end_to_end,K1,True,1,189,20.621028961613774
cpu,HIT,end_to_end,K1,True,1,190,20.594692963641137
cpu,HIT,end_to_end,K1,True,1,191,20.59412800008431
cpu,HIT,end_to_end,K1,True,1,192,20.66390501568094
cpu,HIT,end_to_end,K1,True,1,193,20.616575027815998
cpu,HIT,end_to_end,K1,True,1,194,20.60145401628688
cpu,HIT,end_to_end,K1,True,1,195,20.604709978215396
cpu,HIT,end_to_end,K1,True,1,196,20.59901802567765
cpu,HIT,end_to_end,K1,True,1,197,20.59004904003814
cpu,HIT,end_to_end,K1,True,1,198,20.68767399759963
cpu,HIT,end_to_end,K1,True,1,199,20.683930022642016
cpu,HIT,end_to_end,K1,True,1,200,20.64212504774332
cpu,HIT,end_to_end,K1,True,1,201,20.666878030169755
cpu,HIT,end_to_end,K1,True,1,202,20.59838402783498
cpu,HIT,end_to_end,K1,True,1,203,20.614698994904757
cpu,HIT,end_to_end,K1,True,1,204,20.660090958699584
cpu,HIT,end_to_end,K1,True,1,205,20.61414299532771
cpu,HIT,end_to_end,K1,True,1,206,21.049766975920647
cpu,HIT,end_to_end,K1,True,1,207,20.748440991155803
cpu,HIT,end_to_end,K1,True,1,208,20.635991997551173
cpu,HIT,end_to_end,K1,True,1,209,20.603006007149816
cpu,HIT,end_to_end,K1,True,1,210,20.621406962163746
cpu,HIT,end_to_end,K1,True,1,211,20.897274021990597
cpu,HIT,end_to_end,K1,True,1,212,20.63195896334946
cpu,HIT,end_to_end,K1,True,1,213,20.614715002011508
cpu,HIT,end_to_end,K1,True,1,214,20.62915201531723
cpu,HIT,end_to_end,K1,True,1,215,20.631232007872313
cpu,HIT,end_to_end,K1,True,1,216,20.628840022254735
cpu,HIT,end_to_end,K1,True,1,217,20.661487011238933
cpu,HIT,end_to_end,K1,True,1,218,20.74591303244233
cpu,HIT,end_to_end,K1,True,1,219,20.607239974197
cpu,HIT,end_to_end,K1,True,1,220,20.666025986429304
cpu,HIT,end_to_end,K1,True,1,221,20.679634995758533
cpu,HIT,end_to_end,K1,True,1,222,20.739323983434588
cpu,HIT,end_to_end,K1,True,1,223,20.677629974670708
cpu,HIT,end_to_end,K1,True,1,224,20.64786897972226
cpu,HIT,end_to_end,K1,True,1,225,20.679936977103353
cpu,HIT,end_to_end,K1,True,1,226,20.63470403663814
cpu,HIT,end_to_end,K1,True,1,227,20.606103993486613
cpu,HIT,end_to_end,K1,True,1,228,20.61179600423202
cpu,HIT,end_to_end,K1,True,1,229,20.629268954508007
cpu,HIT,end_to_end,K1,True,1,230,20.64696402521804
cpu,HIT,end_to_end,K1,True,1,231,20.63283894676715
cpu,HIT,end_to_end,K1,True,1,232,20.6314210081473
cpu,HIT,end_to_end,K1,True,1,233,20.64994804095477
cpu,HIT,end_to_end,K1,True,1,234,20.604786986950785
cpu,HIT,end_to_end,K1,True,1,235,20.896903006359935
cpu,HIT,end_to_end,K1,True,1,236,20.667795033659786
cpu,HIT,end_to_end,K1,True,1,237,20.60741395689547
cpu,HIT,end_to_end,K1,True,1,238,20.591309992596507
cpu,HIT,end_to_end,K1,True,1,239,20.60141699621454
cpu,HIT,end_to_end,K1,True,1,240,20.691791956778616
cpu,HIT,end_to_end,K1,True,1,241,20.6435410073027
cpu,HIT,end_to_end,K1,True,1,242,20.61441499972716
cpu,HIT,end_to_end,K1,True,1,243,20.584632991813123
cpu,HIT,end_to_end,K1,True,1,244,20.603415032383054
cpu,HIT,end_to_end,K1,True,1,245,20.62026603380218
cpu,HIT,end_to_end,K1,True,1,246,20.588946994394064
cpu,HIT,end_to_end,K1,True,1,247,20.66816098522395
cpu,HIT,end_to_end,K1,True,1,248,20.63442999497056
cpu,HIT,end_to_end,K1,True,1,249,20.615359011571854
cpu,HIT,end_to_end,Full-S1,True,1,0,38.48862199811265
cpu,HIT,end_to_end,Full-S1,True,1,1,38.395271985791624
cpu,HIT,end_to_end,Full-S1,True,1,2,38.70572498999536
cpu,HIT,end_to_end,Full-S1,True,1,3,38.37940696394071
cpu,HIT,end_to_end,Full-S1,True,1,4,38.296076003462076
cpu,HIT,end_to_end,Full-S1,True,1,5,38.34576701046899
cpu,HIT,end_to_end,Full-S1,True,1,6,38.293275982141495
cpu,HIT,end_to_end,Full-S1,True,1,7,38.223186042159796
cpu,HIT,end_to_end,Full-S1,True,1,8,38.41835801722482
cpu,HIT,end_to_end,Full-S1,True,1,9,38.309028022922575
cpu,HIT,end_to_end,Full-S1,True,1,10,38.36077096639201
cpu,HIT,end_to_end,Full-S1,True,1,11,38.2871680194512
cpu,HIT,end_to_end,Full-S1,True,1,12,38.29074202803895
cpu,HIT,end_to_end,Full-S1,True,1,13,38.300097978208214
cpu,HIT,end_to_end,Full-S1,True,1,14,38.30276400549337
cpu,HIT,end_to_end,Full-S1,True,1,15,38.29530702205375
cpu,HIT,end_to_end,Full-S1,True,1,16,38.264348986558616
cpu,HIT,end_to_end,Full-S1,True,1,17,38.39922399492934
cpu,HIT,end_to_end,Full-S1,True,1,18,38.49483898375183
cpu,HIT,end_to_end,Full-S1,True,1,19,38.23387698503211
cpu,HIT,end_to_end,Full-S1,True,1,20,38.25780301121995
cpu,HIT,end_to_end,Full-S1,True,1,21,38.271891011390835
cpu,HIT,end_to_end,Full-S1,True,1,22,38.28378900652751
cpu,HIT,end_to_end,Full-S1,True,1,23,38.215107982978225
cpu,HIT,end_to_end,Full-S1,True,1,24,38.35289599373937
cpu,HIT,end_to_end,Full-S1,True,1,25,38.27294002985582
cpu,HIT,end_to_end,Full-S1,True,1,26,38.2351620355621
cpu,HIT,end_to_end,Full-S1,True,1,27,38.377365039195865
cpu,HIT,end_to_end,Full-S1,True,1,28,38.704737031366676
cpu,HIT,end_to_end,Full-S1,True,1,29,38.436513976193964
cpu,HIT,end_to_end,Full-S1,True,1,30,38.37235097307712
cpu,HIT,end_to_end,Full-S1,True,1,31,38.24314795201644
cpu,HIT,end_to_end,Full-S1,True,1,32,38.28316001454368
cpu,HIT,end_to_end,Full-S1,True,1,33,38.220879971049726
cpu,HIT,end_to_end,Full-S1,True,1,34,38.33027504151687
cpu,HIT,end_to_end,Full-S1,True,1,35,38.230389007367194
cpu,HIT,end_to_end,Full-S1,True,1,36,38.24922698549926
cpu,HIT,end_to_end,Full-S1,True,1,37,38.40541501995176
cpu,HIT,end_to_end,Full-S1,True,1,38,38.34253503009677
cpu,HIT,end_to_end,Full-S1,True,1,39,38.292303041089326
cpu,HIT,end_to_end,Full-S1,True,1,40,38.268408039584756
cpu,HIT,end_to_end,Full-S1,True,1,41,38.267665018793195
cpu,HIT,end_to_end,Full-S1,True,1,42,38.27594901667908
cpu,HIT,end_to_end,Full-S1,True,1,43,38.38758898200467
cpu,HIT,end_to_end,Full-S1,True,1,44,38.53817901108414
cpu,HIT,end_to_end,Full-S1,True,1,45,38.25965599389747
cpu,HIT,end_to_end,Full-S1,True,1,46,38.20398199604824
cpu,HIT,end_to_end,Full-S1,True,1,47,38.184541976079345
cpu,HIT,end_to_end,Full-S1,True,1,48,38.25639100978151
cpu,HIT,end_to_end,Full-S1,True,1,49,38.5703049832955
cpu,HIT,end_to_end,Full-S1,True,1,50,38.59805496176705
cpu,HIT,end_to_end,Full-S1,True,1,51,38.376873009838164
cpu,HIT,end_to_end,Full-S1,True,1,52,38.272279023658484
cpu,HIT,end_to_end,Full-S1,True,1,53,38.29193901037797
cpu,HIT,end_to_end,Full-S1,True,1,54,38.62889000447467
cpu,HIT,end_to_end,Full-S1,True,1,55,38.85892604012042
cpu,HIT,end_to_end,Full-S1,True,1,56,38.446005957666785
cpu,HIT,end_to_end,Full-S1,True,1,57,38.283828005660325
cpu,HIT,end_to_end,Full-S1,True,1,58,38.279933971352875
cpu,HIT,end_to_end,Full-S1,True,1,59,38.27287699095905
cpu,HIT,end_to_end,Full-S1,True,1,60,38.52582897525281
cpu,HIT,end_to_end,Full-S1,True,1,61,38.23674900922924
cpu,HIT,end_to_end,Full-S1,True,1,62,38.276469975244254
cpu,HIT,end_to_end,Full-S1,True,1,63,38.25229202629998
cpu,HIT,end_to_end,Full-S1,True,1,64,38.251499994657934
cpu,HIT,end_to_end,Full-S1,True,1,65,38.344837026670575
cpu,HIT,end_to_end,Full-S1,True,1,66,38.2450710167177
cpu,HIT,end_to_end,Full-S1,True,1,67,38.29046303872019
cpu,HIT,end_to_end,Full-S1,True,1,68,38.24998496565968
cpu,HIT,end_to_end,Full-S1,True,1,69,38.512152968905866
cpu,HIT,end_to_end,Full-S1,True,1,70,38.35401497781277
cpu,HIT,end_to_end,Full-S1,True,1,71,38.32960198633373
cpu,HIT,end_to_end,Full-S1,True,1,72,38.28738600714132
cpu,HIT,end_to_end,Full-S1,True,1,73,38.34598802495748
cpu,HIT,end_to_end,Full-S1,True,1,74,38.259112974628806
cpu,HIT,end_to_end,Full-S1,True,1,75,38.312317978125066
cpu,HIT,end_to_end,Full-S1,True,1,76,38.29294198658317
cpu,HIT,end_to_end,Full-S1,True,1,77,38.21657004300505
cpu,HIT,end_to_end,Full-S1,True,1,78,38.226071977987885
cpu,HIT,end_to_end,Full-S1,True,1,79,38.275583006907254
cpu,HIT,end_to_end,Full-S1,True,1,80,40.18746700603515
cpu,HIT,end_to_end,Full-S1,True,1,81,40.55910697206855
cpu,HIT,end_to_end,Full-S1,True,1,82,39.00494100525975
cpu,HIT,end_to_end,Full-S1,True,1,83,38.287087983917445
cpu,HIT,end_to_end,Full-S1,True,1,84,39.91258499445394
cpu,HIT,end_to_end,Full-S1,True,1,85,38.611077005043626
cpu,HIT,end_to_end,Full-S1,True,1,86,38.27805595938116
cpu,HIT,end_to_end,Full-S1,True,1,87,38.24063600040972
cpu,HIT,end_to_end,Full-S1,True,1,88,38.3630670257844
cpu,HIT,end_to_end,Full-S1,True,1,89,38.36425405461341
cpu,HIT,end_to_end,Full-S1,True,1,90,38.3679989608936
cpu,HIT,end_to_end,Full-S1,True,1,91,38.351218041498214
cpu,HIT,end_to_end,Full-S1,True,1,92,38.37493498576805
cpu,HIT,end_to_end,Full-S1,True,1,93,38.36473700357601
cpu,HIT,end_to_end,Full-S1,True,1,94,38.39645395055413
cpu,HIT,end_to_end,Full-S1,True,1,95,38.43352303374559
cpu,HIT,end_to_end,Full-S1,True,1,96,38.471596024464816
cpu,HIT,end_to_end,Full-S1,True,1,97,38.28172996873036
cpu,HIT,end_to_end,Full-S1,True,1,98,38.23317604837939
cpu,HIT,end_to_end,Full-S1,True,1,99,38.31594000803307
cpu,HIT,end_to_end,Full-S1,True,1,100,38.3677480276674
cpu,HIT,end_to_end,Full-S1,True,1,101,38.26132195536047
cpu,HIT,end_to_end,Full-S1,True,1,102,38.2887139567174
cpu,HIT,end_to_end,Full-S1,True,1,103,38.2597980205901
cpu,HIT,end_to_end,Full-S1,True,1,104,38.255202991422266
cpu,HIT,end_to_end,Full-S1,True,1,105,38.28607901232317
cpu,HIT,end_to_end,Full-S1,True,1,106,38.66692801238969
cpu,HIT,end_to_end,Full-S1,True,1,107,38.54648000560701
cpu,HIT,end_to_end,Full-S1,True,1,108,38.3503710036166
cpu,HIT,end_to_end,Full-S1,True,1,109,38.637609977740794
cpu,HIT,end_to_end,Full-S1,True,1,110,38.28451596200466
cpu,HIT,end_to_end,Full-S1,True,1,111,38.28709601657465
cpu,HIT,end_to_end,Full-S1,True,1,112,38.329344999510795
cpu,HIT,end_to_end,Full-S1,True,1,113,38.46115100895986
cpu,HIT,end_to_end,Full-S1,True,1,114,38.27218298101798
cpu,HIT,end_to_end,Full-S1,True,1,115,38.690988963935524
cpu,HIT,end_to_end,Full-S1,True,1,116,38.44763297820464
cpu,HIT,end_to_end,Full-S1,True,1,117,38.28939801314846
cpu,HIT,end_to_end,Full-S1,True,1,118,38.32647699164227
cpu,HIT,end_to_end,Full-S1,True,1,119,38.228507968597114
cpu,HIT,end_to_end,Full-S1,True,1,120,38.37462601950392
cpu,HIT,end_to_end,Full-S1,True,1,121,38.25139801483601
cpu,HIT,end_to_end,Full-S1,True,1,122,38.528614037204534
cpu,HIT,end_to_end,Full-S1,True,1,123,38.27158396597952
cpu,HIT,end_to_end,Full-S1,True,1,124,38.25559897813946
cpu,HIT,end_to_end,Full-S1,True,1,125,38.41097099939361
cpu,HIT,end_to_end,Full-S1,True,1,126,38.37737301364541
cpu,HIT,end_to_end,Full-S1,True,1,127,38.2641059695743
cpu,HIT,end_to_end,Full-S1,True,1,128,38.310057017952204
cpu,HIT,end_to_end,Full-S1,True,1,129,38.246417010668665
cpu,HIT,end_to_end,Full-S1,True,1,130,38.24117500334978
cpu,HIT,end_to_end,Full-S1,True,1,131,38.21880399482325
cpu,HIT,end_to_end,Full-S1,True,1,132,38.76410098746419
cpu,HIT,end_to_end,Full-S1,True,1,133,38.52568904403597
cpu,HIT,end_to_end,Full-S1,True,1,134,38.428762985859066
cpu,HIT,end_to_end,Full-S1,True,1,135,38.22142694843933
cpu,HIT,end_to_end,Full-S1,True,1,136,38.365127984434366
cpu,HIT,end_to_end,Full-S1,True,1,137,38.29141199821606
cpu,HIT,end_to_end,Full-S1,True,1,138,38.22297404985875
cpu,HIT,end_to_end,Full-S1,True,1,139,38.3086500223726
cpu,HIT,end_to_end,Full-S1,True,1,140,38.23564702179283
cpu,HIT,end_to_end,Full-S1,True,1,141,38.2695909938775
cpu,HIT,end_to_end,Full-S1,True,1,142,38.207211007829756
cpu,HIT,end_to_end,Full-S1,True,1,143,38.24768803315237
cpu,HIT,end_to_end,Full-S1,True,1,144,38.34125801222399
cpu,HIT,end_to_end,Full-S1,True,1,145,38.28588197939098
cpu,HIT,end_to_end,Full-S1,True,1,146,38.27539103804156
cpu,HIT,end_to_end,Full-S1,True,1,147,38.224757998250425
cpu,HIT,end_to_end,Full-S1,True,1,148,41.597983974497765
cpu,HIT,end_to_end,Full-S1,True,1,149,40.17101495992392
cpu,HIT,end_to_end,Full-S1,True,1,150,38.93805202096701
cpu,HIT,end_to_end,Full-S1,True,1,151,38.29181002220139
cpu,HIT,end_to_end,Full-S1,True,1,152,38.34574401844293
cpu,HIT,end_to_end,Full-S1,True,1,153,38.270204968284816
cpu,HIT,end_to_end,Full-S1,True,1,154,38.292336044833064
cpu,HIT,end_to_end,Full-S1,True,1,155,38.39376900577918
cpu,HIT,end_to_end,Full-S1,True,1,156,38.25169097399339
cpu,HIT,end_to_end,Full-S1,True,1,157,38.28776098089293
cpu,HIT,end_to_end,Full-S1,True,1,158,38.575607002712786
cpu,HIT,end_to_end,Full-S1,True,1,159,38.44372398452833
cpu,HIT,end_to_end,Full-S1,True,1,160,38.35000901017338
cpu,HIT,end_to_end,Full-S1,True,1,161,38.27122098300606
cpu,HIT,end_to_end,Full-S1,True,1,162,38.35719701601192
cpu,HIT,end_to_end,Full-S1,True,1,163,38.26070897048339
cpu,HIT,end_to_end,Full-S1,True,1,164,38.28058298677206
cpu,HIT,end_to_end,Full-S1,True,1,165,38.543078990187496
cpu,HIT,end_to_end,Full-S1,True,1,166,38.25368901016191
cpu,HIT,end_to_end,Full-S1,True,1,167,38.32619299646467
cpu,HIT,end_to_end,Full-S1,True,1,168,38.25396596221253
cpu,HIT,end_to_end,Full-S1,True,1,169,38.25166600290686
cpu,HIT,end_to_end,Full-S1,True,1,170,38.33948995452374
cpu,HIT,end_to_end,Full-S1,True,1,171,38.263274007476866
cpu,HIT,end_to_end,Full-S1,True,1,172,38.290736032649875
cpu,HIT,end_to_end,Full-S1,True,1,173,38.25628099730238
cpu,HIT,end_to_end,Full-S1,True,1,174,38.26681600185111
cpu,HIT,end_to_end,Full-S1,True,1,175,38.43345399945974
cpu,HIT,end_to_end,Full-S1,True,1,176,38.285744027234614
cpu,HIT,end_to_end,Full-S1,True,1,177,38.29017002135515
cpu,HIT,end_to_end,Full-S1,True,1,178,38.26854599174112
cpu,HIT,end_to_end,Full-S1,True,1,179,38.25187298934907
cpu,HIT,end_to_end,Full-S1,True,1,180,38.242587994318455
cpu,HIT,end_to_end,Full-S1,True,1,181,38.22951600886881
cpu,HIT,end_to_end,Full-S1,True,1,182,38.20530901430175
cpu,HIT,end_to_end,Full-S1,True,1,183,38.24479196919128
cpu,HIT,end_to_end,Full-S1,True,1,184,38.582918990869075
cpu,HIT,end_to_end,Full-S1,True,1,185,38.5166360065341
cpu,HIT,end_to_end,Full-S1,True,1,186,38.34246704354882
cpu,HIT,end_to_end,Full-S1,True,1,187,38.29737601336092
cpu,HIT,end_to_end,Full-S1,True,1,188,38.22957701049745
cpu,HIT,end_to_end,Full-S1,True,1,189,38.26963697792962
cpu,HIT,end_to_end,Full-S1,True,1,190,38.24893897399306
cpu,HIT,end_to_end,Full-S1,True,1,191,38.26798900263384
cpu,HIT,end_to_end,Full-S1,True,1,192,38.24073198484257
cpu,HIT,end_to_end,Full-S1,True,1,193,38.2944869925268
cpu,HIT,end_to_end,Full-S1,True,1,194,38.28767198137939
cpu,HIT,end_to_end,Full-S1,True,1,195,38.252361002378166
cpu,HIT,end_to_end,Full-S1,True,1,196,38.30796800320968
cpu,HIT,end_to_end,Full-S1,True,1,197,38.30693702911958
cpu,HIT,end_to_end,Full-S1,True,1,198,38.257083971984684
cpu,HIT,end_to_end,Full-S1,True,1,199,38.27356902183965
cpu,HIT,end_to_end,Full-S1,True,1,200,38.420489989221096
cpu,HIT,end_to_end,Full-S1,True,1,201,38.45759795513004
cpu,HIT,end_to_end,Full-S1,True,1,202,38.23191998526454
cpu,HIT,end_to_end,Full-S1,True,1,203,38.262977031990886
cpu,HIT,end_to_end,Full-S1,True,1,204,38.26661198399961
cpu,HIT,end_to_end,Full-S1,True,1,205,38.26312499586493
cpu,HIT,end_to_end,Full-S1,True,1,206,38.338953047059476
cpu,HIT,end_to_end,Full-S1,True,1,207,38.23847696185112
cpu,HIT,end_to_end,Full-S1,True,1,208,38.25272398535162
cpu,HIT,end_to_end,Full-S1,True,1,209,38.282628054730594
cpu,HIT,end_to_end,Full-S1,True,1,210,38.2654540007934
cpu,HIT,end_to_end,Full-S1,True,1,211,38.83382899221033
cpu,HIT,end_to_end,Full-S1,True,1,212,38.41934399679303
cpu,HIT,end_to_end,Full-S1,True,1,213,38.272164994850755
cpu,HIT,end_to_end,Full-S1,True,1,214,38.50879200035706
cpu,HIT,end_to_end,Full-S1,True,1,215,38.352083996869624
cpu,HIT,end_to_end,Full-S1,True,1,216,38.31169195473194
cpu,HIT,end_to_end,Full-S1,True,1,217,38.25175104429945
cpu,HIT,end_to_end,Full-S1,True,1,218,38.233544037211686
cpu,HIT,end_to_end,Full-S1,True,1,219,38.275203958619386
cpu,HIT,end_to_end,Full-S1,True,1,220,38.269720040261745
cpu,HIT,end_to_end,Full-S1,True,1,221,38.26133202528581
cpu,HIT,end_to_end,Full-S1,True,1,222,38.36494998540729
cpu,HIT,end_to_end,Full-S1,True,1,223,38.24279300170019
cpu,HIT,end_to_end,Full-S1,True,1,224,38.33392896922305
cpu,HIT,end_to_end,Full-S1,True,1,225,38.324959052260965
cpu,HIT,end_to_end,Full-S1,True,1,226,38.26559701701626
cpu,HIT,end_to_end,Full-S1,True,1,227,38.47263799980283
cpu,HIT,end_to_end,Full-S1,True,1,228,38.25602401047945
cpu,HIT,end_to_end,Full-S1,True,1,229,38.29405299620703
cpu,HIT,end_to_end,Full-S1,True,1,230,38.28328097006306
cpu,HIT,end_to_end,Full-S1,True,1,231,38.249087985605
cpu,HIT,end_to_end,Full-S1,True,1,232,38.26920501887798
cpu,HIT,end_to_end,Full-S1,True,1,233,38.23996300343424
cpu,HIT,end_to_end,Full-S1,True,1,234,38.26176299480721
cpu,HIT,end_to_end,Full-S1,True,1,235,38.2879160461016
cpu,HIT,end_to_end,Full-S1,True,1,236,38.224535004701465
cpu,HIT,end_to_end,Full-S1,True,1,237,38.758344016969204
cpu,HIT,end_to_end,Full-S1,True,1,238,38.40055497130379
cpu,HIT,end_to_end,Full-S1,True,1,239,38.4400500333868
cpu,HIT,end_to_end,Full-S1,True,1,240,38.340223021805286
cpu,HIT,end_to_end,Full-S1,True,1,241,38.303148990962654
cpu,HIT,end_to_end,Full-S1,True,1,242,38.32079598214477
cpu,HIT,end_to_end,Full-S1,True,1,243,39.40070903627202
cpu,HIT,end_to_end,Full-S1,True,1,244,38.25707401847467
cpu,HIT,end_to_end,Full-S1,True,1,245,38.426792016252875
cpu,HIT,end_to_end,Full-S1,True,1,246,38.409553992096335
cpu,HIT,end_to_end,Full-S1,True,1,247,38.29969797516242
cpu,HIT,end_to_end,Full-S1,True,1,248,38.37958397343755
cpu,HIT,end_to_end,Full-S1,True,1,249,38.297032995615155
cpu,HIT,end_to_end,Full-S1,True,2,0,38.34141400875524
cpu,HIT,end_to_end,Full-S1,True,2,1,38.303273962810636
cpu,HIT,end_to_end,Full-S1,True,2,2,38.39875798439607
cpu,HIT,end_to_end,Full-S1,True,2,3,38.4773209807463
cpu,HIT,end_to_end,Full-S1,True,2,4,38.34819101030007
cpu,HIT,end_to_end,Full-S1,True,2,5,38.245313975494355
cpu,HIT,end_to_end,Full-S1,True,2,6,38.23394497158006
cpu,HIT,end_to_end,Full-S1,True,2,7,38.23898604605347
cpu,HIT,end_to_end,Full-S1,True,2,8,38.23520301375538
cpu,HIT,end_to_end,Full-S1,True,2,9,38.27387298224494
cpu,HIT,end_to_end,Full-S1,True,2,10,38.36383600719273
cpu,HIT,end_to_end,Full-S1,True,2,11,38.36368600605056
cpu,HIT,end_to_end,Full-S1,True,2,12,38.24226598953828
cpu,HIT,end_to_end,Full-S1,True,2,13,38.74558600364253
cpu,HIT,end_to_end,Full-S1,True,2,14,38.43543998664245
cpu,HIT,end_to_end,Full-S1,True,2,15,38.37323997868225
cpu,HIT,end_to_end,Full-S1,True,2,16,38.27930201077834
cpu,HIT,end_to_end,Full-S1,True,2,17,38.75852102646604
cpu,HIT,end_to_end,Full-S1,True,2,18,38.37979899253696
cpu,HIT,end_to_end,Full-S1,True,2,19,38.50150294601917
cpu,HIT,end_to_end,Full-S1,True,2,20,38.25584100559354
cpu,HIT,end_to_end,Full-S1,True,2,21,38.29590103123337
cpu,HIT,end_to_end,Full-S1,True,2,22,38.34619704866782
cpu,HIT,end_to_end,Full-S1,True,2,23,38.372315000742674
cpu,HIT,end_to_end,Full-S1,True,2,24,38.309585012029856
cpu,HIT,end_to_end,Full-S1,True,2,25,38.30211900640279
cpu,HIT,end_to_end,Full-S1,True,2,26,38.29999396111816
cpu,HIT,end_to_end,Full-S1,True,2,27,38.38516602991149
cpu,HIT,end_to_end,Full-S1,True,2,28,42.416431999299675
cpu,HIT,end_to_end,Full-S1,True,2,29,41.84275300940499
cpu,HIT,end_to_end,Full-S1,True,2,30,40.18859600182623
cpu,HIT,end_to_end,Full-S1,True,2,31,39.541671983897686
cpu,HIT,end_to_end,Full-S1,True,2,32,38.55398704763502
cpu,HIT,end_to_end,Full-S1,True,2,33,38.41350501170382
cpu,HIT,end_to_end,Full-S1,True,2,34,38.41114300303161
cpu,HIT,end_to_end,Full-S1,True,2,35,38.44307200051844
cpu,HIT,end_to_end,Full-S1,True,2,36,38.36711001349613
cpu,HIT,end_to_end,Full-S1,True,2,37,38.27507799724117
cpu,HIT,end_to_end,Full-S1,True,2,38,38.618367980234325
cpu,HIT,end_to_end,Full-S1,True,2,39,39.969445031601936
cpu,HIT,end_to_end,Full-S1,True,2,40,38.55982597451657
cpu,HIT,end_to_end,Full-S1,True,2,41,38.765889999922365
cpu,HIT,end_to_end,Full-S1,True,2,42,38.53080602129921
cpu,HIT,end_to_end,Full-S1,True,2,43,38.399954966735095
cpu,HIT,end_to_end,Full-S1,True,2,44,38.66477601695806
cpu,HIT,end_to_end,Full-S1,True,2,45,38.43747900100425
cpu,HIT,end_to_end,Full-S1,True,2,46,38.24939799960703
cpu,HIT,end_to_end,Full-S1,True,2,47,38.769770006183535
cpu,HIT,end_to_end,Full-S1,True,2,48,38.34984399145469
cpu,HIT,end_to_end,Full-S1,True,2,49,38.36071497062221
cpu,HIT,end_to_end,Full-S1,True,2,50,38.372100971173495
cpu,HIT,end_to_end,Full-S1,True,2,51,38.28407300170511
cpu,HIT,end_to_end,Full-S1,True,2,52,38.27691305195913
cpu,HIT,end_to_end,Full-S1,True,2,53,38.66562602343038
cpu,HIT,end_to_end,Full-S1,True,2,54,38.34753297269344
cpu,HIT,end_to_end,Full-S1,True,2,55,38.54783298447728
cpu,HIT,end_to_end,Full-S1,True,2,56,38.38835202623159
cpu,HIT,end_to_end,Full-S1,True,2,57,38.2634709822014
cpu,HIT,end_to_end,Full-S1,True,2,58,38.27881399774924
cpu,HIT,end_to_end,Full-S1,True,2,59,38.42771099880338
cpu,HIT,end_to_end,Full-S1,True,2,60,38.33931201370433
cpu,HIT,end_to_end,Full-S1,True,2,61,38.53807604173198
cpu,HIT,end_to_end,Full-S1,True,2,62,38.36321900598705
cpu,HIT,end_to_end,Full-S1,True,2,63,38.3270779857412
cpu,HIT,end_to_end,Full-S1,True,2,64,38.56553899822757
cpu,HIT,end_to_end,Full-S1,True,2,65,38.87524199672043
cpu,HIT,end_to_end,Full-S1,True,2,66,38.44448900781572
cpu,HIT,end_to_end,Full-S1,True,2,67,38.42911502579227
cpu,HIT,end_to_end,Full-S1,True,2,68,38.44911098713055
cpu,HIT,end_to_end,Full-S1,True,2,69,38.31478802021593
cpu,HIT,end_to_end,Full-S1,True,2,70,38.483566022478044
cpu,HIT,end_to_end,Full-S1,True,2,71,38.40551699977368
cpu,HIT,end_to_end,Full-S1,True,2,72,38.74305495992303
cpu,HIT,end_to_end,Full-S1,True,2,73,38.65053202025592
cpu,HIT,end_to_end,Full-S1,True,2,74,38.80763897905126
cpu,HIT,end_to_end,Full-S1,True,2,75,38.61686697928235
cpu,HIT,end_to_end,Full-S1,True,2,76,38.451167987659574
cpu,HIT,end_to_end,Full-S1,True,2,77,38.3218249771744
cpu,HIT,end_to_end,Full-S1,True,2,78,38.37291203672066
cpu,HIT,end_to_end,Full-S1,True,2,79,38.56893698684871
cpu,HIT,end_to_end,Full-S1,True,2,80,38.632343988865614
cpu,HIT,end_to_end,Full-S1,True,2,81,38.688111992087215
cpu,HIT,end_to_end,Full-S1,True,2,82,38.4865389787592
cpu,HIT,end_to_end,Full-S1,True,2,83,39.36735598836094
cpu,HIT,end_to_end,Full-S1,True,2,84,38.692258996888995
cpu,HIT,end_to_end,Full-S1,True,2,85,38.69465197203681
cpu,HIT,end_to_end,Full-S1,True,2,86,38.53816300397739
cpu,HIT,end_to_end,Full-S1,True,2,87,38.50918903481215
cpu,HIT,end_to_end,Full-S1,True,2,88,38.4335249545984
cpu,HIT,end_to_end,Full-S1,True,2,89,38.382203958462924
cpu,HIT,end_to_end,Full-S1,True,2,90,39.08682899782434
cpu,HIT,end_to_end,Full-S1,True,2,91,44.2497719777748
cpu,HIT,end_to_end,Full-S1,True,2,92,38.84999395813793
cpu,HIT,end_to_end,Full-S1,True,2,93,38.729018997401
cpu,HIT,end_to_end,Full-S1,True,2,94,40.08463001810014
cpu,HIT,end_to_end,Full-S1,True,2,95,39.26712699467316
cpu,HIT,end_to_end,Full-S1,True,2,96,38.98305702023208
cpu,HIT,end_to_end,Full-S1,True,2,97,40.005181974265724
cpu,HIT,end_to_end,Full-S1,True,2,98,38.44177897553891
cpu,HIT,end_to_end,Full-S1,True,2,99,39.155260019470006
cpu,HIT,end_to_end,Full-S1,True,2,100,38.400588964577764
cpu,HIT,end_to_end,Full-S1,True,2,101,38.35934499511495
cpu,HIT,end_to_end,Full-S1,True,2,102,38.79381302976981
cpu,HIT,end_to_end,Full-S1,True,2,103,38.50676596630365
cpu,HIT,end_to_end,Full-S1,True,2,104,38.45744498539716
cpu,HIT,end_to_end,Full-S1,True,2,105,38.910605013370514
cpu,HIT,end_to_end,Full-S1,True,2,106,39.39358104253188
cpu,HIT,end_to_end,Full-S1,True,2,107,38.71515899663791
cpu,HIT,end_to_end,Full-S1,True,2,108,38.56454900233075
cpu,HIT,end_to_end,Full-S1,True,2,109,38.410139037296176
cpu,HIT,end_to_end,Full-S1,True,2,110,38.569280004594475
cpu,HIT,end_to_end,Full-S1,True,2,111,38.399364973884076
cpu,HIT,end_to_end,Full-S1,True,2,112,38.4910490247421
cpu,HIT,end_to_end,Full-S1,True,2,113,38.56183297466487
cpu,HIT,end_to_end,Full-S1,True,2,114,38.41308399569243
cpu,HIT,end_to_end,Full-S1,True,2,115,38.43144199345261
cpu,HIT,end_to_end,Full-S1,True,2,116,38.98994601331651
cpu,HIT,end_to_end,Full-S1,True,2,117,38.54165499797091
cpu,HIT,end_to_end,Full-S1,True,2,118,38.573710015043616
cpu,HIT,end_to_end,Full-S1,True,2,119,39.0850140247494
cpu,HIT,end_to_end,Full-S1,True,2,120,38.4412570274435
cpu,HIT,end_to_end,Full-S1,True,2,121,38.36958500323817
cpu,HIT,end_to_end,Full-S1,True,2,122,38.92964601982385
cpu,HIT,end_to_end,Full-S1,True,2,123,38.50485396105796
cpu,HIT,end_to_end,Full-S1,True,2,124,38.40068995486945
cpu,HIT,end_to_end,Full-S1,True,2,125,38.92820200417191
cpu,HIT,end_to_end,Full-S1,True,2,126,38.606646994594485
cpu,HIT,end_to_end,Full-S1,True,2,127,38.389761990401894
cpu,HIT,end_to_end,Full-S1,True,2,128,38.622485008090734
cpu,HIT,end_to_end,Full-S1,True,2,129,38.41761901276186
cpu,HIT,end_to_end,Full-S1,True,2,130,38.423085992690176
cpu,HIT,end_to_end,Full-S1,True,2,131,38.58591098105535
cpu,HIT,end_to_end,Full-S1,True,2,132,38.36214798502624
cpu,HIT,end_to_end,Full-S1,True,2,133,38.91321294941008
cpu,HIT,end_to_end,Full-S1,True,2,134,38.456241018138826
cpu,HIT,end_to_end,Full-S1,True,2,135,38.39391598012298
cpu,HIT,end_to_end,Full-S1,True,2,136,38.403403013944626
cpu,HIT,end_to_end,Full-S1,True,2,137,38.48588501568884
cpu,HIT,end_to_end,Full-S1,True,2,138,38.38872298365459
cpu,HIT,end_to_end,Full-S1,True,2,139,38.46781101310626
cpu,HIT,end_to_end,Full-S1,True,2,140,38.59613498207182
cpu,HIT,end_to_end,Full-S1,True,2,141,38.369849033188075
cpu,HIT,end_to_end,Full-S1,True,2,142,38.9535550493747
cpu,HIT,end_to_end,Full-S1,True,2,143,38.82507694652304
cpu,HIT,end_to_end,Full-S1,True,2,144,38.47317403415218
cpu,HIT,end_to_end,Full-S1,True,2,145,38.5906960000284
cpu,HIT,end_to_end,Full-S1,True,2,146,38.48277602810413
cpu,HIT,end_to_end,Full-S1,True,2,147,38.328167982399464
cpu,HIT,end_to_end,Full-S1,True,2,148,38.60563598573208
cpu,HIT,end_to_end,Full-S1,True,2,149,38.36984699591994
cpu,HIT,end_to_end,Full-S1,True,2,150,38.298903964459896
cpu,HIT,end_to_end,Full-S1,True,2,151,38.56756701134145
cpu,HIT,end_to_end,Full-S1,True,2,152,38.46559202065691
cpu,HIT,end_to_end,Full-S1,True,2,153,38.375244999770075
cpu,HIT,end_to_end,Full-S1,True,2,154,38.58801198657602
cpu,HIT,end_to_end,Full-S1,True,2,155,38.30132901202887
cpu,HIT,end_to_end,Full-S1,True,2,156,39.40147202229127
cpu,HIT,end_to_end,Full-S1,True,2,157,43.32147800596431
cpu,HIT,end_to_end,Full-S1,True,2,158,41.293295042123646
cpu,HIT,end_to_end,Full-S1,True,2,159,39.20147102326155
cpu,HIT,end_to_end,Full-S1,True,2,160,39.62660301476717
cpu,HIT,end_to_end,Full-S1,True,2,161,38.64742798032239
cpu,HIT,end_to_end,Full-S1,True,2,162,38.68240601150319
cpu,HIT,end_to_end,Full-S1,True,2,163,38.37820905027911
cpu,HIT,end_to_end,Full-S1,True,2,164,38.27287501189858
cpu,HIT,end_to_end,Full-S1,True,2,165,38.247829012107104
cpu,HIT,end_to_end,Full-S1,True,2,166,38.372151961084455
cpu,HIT,end_to_end,Full-S1,True,2,167,38.24435704154894
cpu,HIT,end_to_end,Full-S1,True,2,168,39.737999031785876
cpu,HIT,end_to_end,Full-S1,True,2,169,38.80341904005036
cpu,HIT,end_to_end,Full-S1,True,2,170,38.35024300497025
cpu,HIT,end_to_end,Full-S1,True,2,171,38.685898995026946
cpu,HIT,end_to_end,Full-S1,True,2,172,38.69307099375874
cpu,HIT,end_to_end,Full-S1,True,2,173,38.488881022203714
cpu,HIT,end_to_end,Full-S1,True,2,174,38.47236098954454
cpu,HIT,end_to_end,Full-S1,True,2,175,38.375604955945164
cpu,HIT,end_to_end,Full-S1,True,2,176,38.30606699921191
cpu,HIT,end_to_end,Full-S1,True,2,177,38.449793006293476
cpu,HIT,end_to_end,Full-S1,True,2,178,38.27476501464844
cpu,HIT,end_to_end,Full-S1,True,2,179,38.24392496608198
cpu,HIT,end_to_end,Full-S1,True,2,180,38.30548201221973
cpu,HIT,end_to_end,Full-S1,True,2,181,38.28445204999298
cpu,HIT,end_to_end,Full-S1,True,2,182,38.36858301656321
cpu,HIT,end_to_end,Full-S1,True,2,183,38.406561012379825
cpu,HIT,end_to_end,Full-S1,True,2,184,38.680430967360735
cpu,HIT,end_to_end,Full-S1,True,2,185,38.57329400489107
cpu,HIT,end_to_end,Full-S1,True,2,186,38.56310999253765
cpu,HIT,end_to_end,Full-S1,True,2,187,38.35807595169172
cpu,HIT,end_to_end,Full-S1,True,2,188,38.416940020397305
cpu,HIT,end_to_end,Full-S1,True,2,189,38.26176701113582
cpu,HIT,end_to_end,Full-S1,True,2,190,38.267670024652034
cpu,HIT,end_to_end,Full-S1,True,2,191,38.23195298900828
cpu,HIT,end_to_end,Full-S1,True,2,192,38.447287981398404
cpu,HIT,end_to_end,Full-S1,True,2,193,38.3105679647997
cpu,HIT,end_to_end,Full-S1,True,2,194,39.00167596293613
cpu,HIT,end_to_end,Full-S1,True,2,195,38.47552300430834
cpu,HIT,end_to_end,Full-S1,True,2,196,38.34116499638185
cpu,HIT,end_to_end,Full-S1,True,2,197,38.227023964282125
cpu,HIT,end_to_end,Full-S1,True,2,198,38.56240602908656
cpu,HIT,end_to_end,Full-S1,True,2,199,38.25301502365619
cpu,HIT,end_to_end,Full-S1,True,2,200,38.94846996990964
cpu,HIT,end_to_end,Full-S1,True,2,201,38.426566985435784
cpu,HIT,end_to_end,Full-S1,True,2,202,38.30386797199026
cpu,HIT,end_to_end,Full-S1,True,2,203,38.50399696966633
cpu,HIT,end_to_end,Full-S1,True,2,204,38.46436698222533
cpu,HIT,end_to_end,Full-S1,True,2,205,38.24651596369222
cpu,HIT,end_to_end,Full-S1,True,2,206,38.27843494946137
cpu,HIT,end_to_end,Full-S1,True,2,207,38.257892010733485
cpu,HIT,end_to_end,Full-S1,True,2,208,38.45686302520335
cpu,HIT,end_to_end,Full-S1,True,2,209,38.60833001090214
cpu,HIT,end_to_end,Full-S1,True,2,210,38.32381300162524
cpu,HIT,end_to_end,Full-S1,True,2,211,38.87549199862406
cpu,HIT,end_to_end,Full-S1,True,2,212,38.509028032422066
cpu,HIT,end_to_end,Full-S1,True,2,213,38.35451201302931
cpu,HIT,end_to_end,Full-S1,True,2,214,38.30291499616578
cpu,HIT,end_to_end,Full-S1,True,2,215,38.29278802732006
cpu,HIT,end_to_end,Full-S1,True,2,216,38.316068006679416
cpu,HIT,end_to_end,Full-S1,True,2,217,38.48497295984998
cpu,HIT,end_to_end,Full-S1,True,2,218,38.5185950435698
cpu,HIT,end_to_end,Full-S1,True,2,219,38.26263401424512
cpu,HIT,end_to_end,Full-S1,True,2,220,38.884143985342234
cpu,HIT,end_to_end,Full-S1,True,2,221,38.75924501335248
cpu,HIT,end_to_end,Full-S1,True,2,222,38.3391150389798
cpu,HIT,end_to_end,Full-S1,True,2,223,38.237002037931234
cpu,HIT,end_to_end,Full-S1,True,2,224,38.67161402013153
cpu,HIT,end_to_end,Full-S1,True,2,225,38.24899805476889
cpu,HIT,end_to_end,Full-S1,True,2,226,38.778180023655295
cpu,HIT,end_to_end,Full-S1,True,2,227,38.33531099371612
cpu,HIT,end_to_end,Full-S1,True,2,228,39.76833098568022
cpu,HIT,end_to_end,Full-S1,True,2,229,39.49698602082208
cpu,HIT,end_to_end,Full-S1,True,2,230,39.255043026059866
cpu,HIT,end_to_end,Full-S1,True,2,231,39.27865996956825
cpu,HIT,end_to_end,Full-S1,True,2,232,39.032350992783904
cpu,HIT,end_to_end,Full-S1,True,2,233,38.273924961686134
cpu,HIT,end_to_end,Full-S1,True,2,234,38.25055598281324
cpu,HIT,end_to_end,Full-S1,True,2,235,38.38686196831986
cpu,HIT,end_to_end,Full-S1,True,2,236,38.2815120392479
cpu,HIT,end_to_end,Full-S1,True,2,237,38.4450179990381
cpu,HIT,end_to_end,Full-S1,True,2,238,38.58294396195561
cpu,HIT,end_to_end,Full-S1,True,2,239,38.3410649956204
cpu,HIT,end_to_end,Full-S1,True,2,240,38.203011034056544
cpu,HIT,end_to_end,Full-S1,True,2,241,38.24572201119736
cpu,HIT,end_to_end,Full-S1,True,2,242,38.21425995556638
cpu,HIT,end_to_end,Full-S1,True,2,243,38.3442270103842
cpu,HIT,end_to_end,Full-S1,True,2,244,38.43053797027096
cpu,HIT,end_to_end,Full-S1,True,2,245,38.30271301558241
cpu,HIT,end_to_end,Full-S1,True,2,246,38.82396302651614
cpu,HIT,end_to_end,Full-S1,True,2,247,38.68141700513661
cpu,HIT,end_to_end,Full-S1,True,2,248,39.55227800179273
cpu,HIT,end_to_end,Full-S1,True,2,249,38.508752011694014
cpu,HIT,end_to_end,K1,True,2,0,20.932823012117296
cpu,HIT,end_to_end,K1,True,2,1,20.766870002262294
cpu,HIT,end_to_end,K1,True,2,2,20.800100988708436
cpu,HIT,end_to_end,K1,True,2,3,20.678979984950274
cpu,HIT,end_to_end,K1,True,2,4,20.90104401577264
cpu,HIT,end_to_end,K1,True,2,5,20.739220024552196
cpu,HIT,end_to_end,K1,True,2,6,20.724640984553844
cpu,HIT,end_to_end,K1,True,2,7,20.700000051874667
cpu,HIT,end_to_end,K1,True,2,8,20.794579992070794
cpu,HIT,end_to_end,K1,True,2,9,20.6952000153251
cpu,HIT,end_to_end,K1,True,2,10,20.89135500136763
cpu,HIT,end_to_end,K1,True,2,11,20.748571027070284
cpu,HIT,end_to_end,K1,True,2,12,20.6836880533956
cpu,HIT,end_to_end,K1,True,2,13,20.688793039880693
cpu,HIT,end_to_end,K1,True,2,14,20.6883359933272
cpu,HIT,end_to_end,K1,True,2,15,20.674227038398385
cpu,HIT,end_to_end,K1,True,2,16,20.865345024503767
cpu,HIT,end_to_end,K1,True,2,17,20.775265991687775
cpu,HIT,end_to_end,K1,True,2,18,20.70385799743235
cpu,HIT,end_to_end,K1,True,2,19,20.74511197861284
cpu,HIT,end_to_end,K1,True,2,20,20.847779989708215
cpu,HIT,end_to_end,K1,True,2,21,20.781954983249307
cpu,HIT,end_to_end,K1,True,2,22,20.766831003129482
cpu,HIT,end_to_end,K1,True,2,23,20.736098987981677
cpu,HIT,end_to_end,K1,True,2,24,20.864985999651253
cpu,HIT,end_to_end,K1,True,2,25,20.71509399684146
cpu,HIT,end_to_end,K1,True,2,26,20.717795006930828
cpu,HIT,end_to_end,K1,True,2,27,20.852421002928168
cpu,HIT,end_to_end,K1,True,2,28,20.751959003973752
cpu,HIT,end_to_end,K1,True,2,29,20.77979000750929
cpu,HIT,end_to_end,K1,True,2,30,20.691222976893187
cpu,HIT,end_to_end,K1,True,2,31,20.684682007413357
cpu,HIT,end_to_end,K1,True,2,32,20.71385004092008
cpu,HIT,end_to_end,K1,True,2,33,20.78028704272583
cpu,HIT,end_to_end,K1,True,2,34,20.726480055600405
cpu,HIT,end_to_end,K1,True,2,35,20.706898998469114
cpu,HIT,end_to_end,K1,True,2,36,20.66723397001624
cpu,HIT,end_to_end,K1,True,2,37,20.717778999824077
cpu,HIT,end_to_end,K1,True,2,38,20.90733702061698
cpu,HIT,end_to_end,K1,True,2,39,20.788995025213808
cpu,HIT,end_to_end,K1,True,2,40,21.15650597261265
cpu,HIT,end_to_end,K1,True,2,41,20.95588599331677
cpu,HIT,end_to_end,K1,True,2,42,20.7532619824633
cpu,HIT,end_to_end,K1,True,2,43,20.84206702420488
cpu,HIT,end_to_end,K1,True,2,44,20.743606030009687
cpu,HIT,end_to_end,K1,True,2,45,20.69144998677075
cpu,HIT,end_to_end,K1,True,2,46,20.663372008129954
cpu,HIT,end_to_end,K1,True,2,47,20.71528200758621
cpu,HIT,end_to_end,K1,True,2,48,20.698526001069695
cpu,HIT,end_to_end,K1,True,2,49,20.83311596652493
cpu,HIT,end_to_end,K1,True,2,50,20.76006500283256
cpu,HIT,end_to_end,K1,True,2,51,20.682224014308304
cpu,HIT,end_to_end,K1,True,2,52,20.719076972454786
cpu,HIT,end_to_end,K1,True,2,53,20.701829984318465
cpu,HIT,end_to_end,K1,True,2,54,20.981848996598274
cpu,HIT,end_to_end,K1,True,2,55,20.74261399684474
cpu,HIT,end_to_end,K1,True,2,56,20.745604997500777
cpu,HIT,end_to_end,K1,True,2,57,20.988732983823866
cpu,HIT,end_to_end,K1,True,2,58,20.707921008579433
cpu,HIT,end_to_end,K1,True,2,59,20.707141025923193
cpu,HIT,end_to_end,K1,True,2,60,20.781928033102304
cpu,HIT,end_to_end,K1,True,2,61,20.751748990733176
cpu,HIT,end_to_end,K1,True,2,62,20.707927003968507
cpu,HIT,end_to_end,K1,True,2,63,20.761003019288182
cpu,HIT,end_to_end,K1,True,2,64,20.793812000192702
cpu,HIT,end_to_end,K1,True,2,65,20.821911981329322
cpu,HIT,end_to_end,K1,True,2,66,20.78440401237458
cpu,HIT,end_to_end,K1,True,2,67,20.709254022222012
cpu,HIT,end_to_end,K1,True,2,68,20.71861200965941
cpu,HIT,end_to_end,K1,True,2,69,20.72093397146091
cpu,HIT,end_to_end,K1,True,2,70,20.672840997576714
cpu,HIT,end_to_end,K1,True,2,71,21.01663500070572
cpu,HIT,end_to_end,K1,True,2,72,20.837205986026675
cpu,HIT,end_to_end,K1,True,2,73,20.72785096243024
cpu,HIT,end_to_end,K1,True,2,74,20.696082967333496
cpu,HIT,end_to_end,K1,True,2,75,20.96288895700127
cpu,HIT,end_to_end,K1,True,2,76,20.754910015966743
cpu,HIT,end_to_end,K1,True,2,77,20.705280010588467
cpu,HIT,end_to_end,K1,True,2,78,20.729943993501365
cpu,HIT,end_to_end,K1,True,2,79,20.683446957264096
cpu,HIT,end_to_end,K1,True,2,80,20.74993500718847
cpu,HIT,end_to_end,K1,True,2,81,20.826010033488274
cpu,HIT,end_to_end,K1,True,2,82,20.73471900075674
cpu,HIT,end_to_end,K1,True,2,83,20.67709300899878
cpu,HIT,end_to_end,K1,True,2,84,20.70924697909504
cpu,HIT,end_to_end,K1,True,2,85,20.721521985251456
cpu,HIT,end_to_end,K1,True,2,86,20.872149034403265
cpu,HIT,end_to_end,K1,True,2,87,20.79396299086511
cpu,HIT,end_to_end,K1,True,2,88,20.924244017805904
cpu,HIT,end_to_end,K1,True,2,89,21.011192991863936
cpu,HIT,end_to_end,K1,True,2,90,20.750356023199856
cpu,HIT,end_to_end,K1,True,2,91,20.969561010133475
cpu,HIT,end_to_end,K1,True,2,92,20.780718012247235
cpu,HIT,end_to_end,K1,True,2,93,21.308933035470545
cpu,HIT,end_to_end,K1,True,2,94,21.485027042217553
cpu,HIT,end_to_end,K1,True,2,95,20.859976997599006
cpu,HIT,end_to_end,K1,True,2,96,20.775960001628846
cpu,HIT,end_to_end,K1,True,2,97,20.815734984353185
cpu,HIT,end_to_end,K1,True,2,98,21.249092009384185
cpu,HIT,end_to_end,K1,True,2,99,20.871078013442457
cpu,HIT,end_to_end,K1,True,2,100,20.77740302775055
cpu,HIT,end_to_end,K1,True,2,101,20.72441898053512
cpu,HIT,end_to_end,K1,True,2,102,21.02400700096041
cpu,HIT,end_to_end,K1,True,2,103,20.833776041399688
cpu,HIT,end_to_end,K1,True,2,104,20.781958010047674
cpu,HIT,end_to_end,K1,True,2,105,20.855840004514903
cpu,HIT,end_to_end,K1,True,2,106,20.762030966579914
cpu,HIT,end_to_end,K1,True,2,107,20.725544018205255
cpu,HIT,end_to_end,K1,True,2,108,20.82362398505211
cpu,HIT,end_to_end,K1,True,2,109,21.016114042140543
cpu,HIT,end_to_end,K1,True,2,110,20.841456949710846
cpu,HIT,end_to_end,K1,True,2,111,20.776438992470503
cpu,HIT,end_to_end,K1,True,2,112,20.922308962326497
cpu,HIT,end_to_end,K1,True,2,113,20.801346050575376
cpu,HIT,end_to_end,K1,True,2,114,20.75462997891009
cpu,HIT,end_to_end,K1,True,2,115,20.81957197515294
cpu,HIT,end_to_end,K1,True,2,116,20.7786780083552
cpu,HIT,end_to_end,K1,True,2,117,20.706788985989988
cpu,HIT,end_to_end,K1,True,2,118,21.00536599755287
cpu,HIT,end_to_end,K1,True,2,119,20.871507993433625
cpu,HIT,end_to_end,K1,True,2,120,20.789499976672232
cpu,HIT,end_to_end,K1,True,2,121,20.946884993463755
cpu,HIT,end_to_end,K1,True,2,122,20.792377006728202
cpu,HIT,end_to_end,K1,True,2,123,20.821128971874714
cpu,HIT,end_to_end,K1,True,2,124,21.031073993071914
cpu,HIT,end_to_end,K1,True,2,125,20.8137669833377
cpu,HIT,end_to_end,K1,True,2,126,20.849557011388242
cpu,HIT,end_to_end,K1,True,2,127,20.8487679483369
cpu,HIT,end_to_end,K1,True,2,128,20.783905987627804
cpu,HIT,end_to_end,K1,True,2,129,20.922637020703405
cpu,HIT,end_to_end,K1,True,2,130,20.821118028834462
cpu,HIT,end_to_end,K1,True,2,131,20.898738002870232
cpu,HIT,end_to_end,K1,True,2,132,21.085965970996767
cpu,HIT,end_to_end,K1,True,2,133,21.30464999936521
cpu,HIT,end_to_end,K1,True,2,134,21.209743048530072
cpu,HIT,end_to_end,K1,True,2,135,20.85530397016555
cpu,HIT,end_to_end,K1,True,2,136,21.141837001778185
cpu,HIT,end_to_end,K1,True,2,137,21.218014997430146
cpu,HIT,end_to_end,K1,True,2,138,21.060565020889044
cpu,HIT,end_to_end,K1,True,2,139,20.884645986370742
cpu,HIT,end_to_end,K1,True,2,140,20.778851001523435
cpu,HIT,end_to_end,K1,True,2,141,20.72697097901255
cpu,HIT,end_to_end,K1,True,2,142,20.874448004178703
cpu,HIT,end_to_end,K1,True,2,143,20.748916023876518
cpu,HIT,end_to_end,K1,True,2,144,20.734916033688933
cpu,HIT,end_to_end,K1,True,2,145,20.946657983586192
cpu,HIT,end_to_end,K1,True,2,146,20.91096999356523
cpu,HIT,end_to_end,K1,True,2,147,20.7885280251503
cpu,HIT,end_to_end,K1,True,2,148,21.02000400191173
cpu,HIT,end_to_end,K1,True,2,149,20.967805990949273
cpu,HIT,end_to_end,K1,True,2,150,20.932577026542276
cpu,HIT,end_to_end,K1,True,2,151,20.70297603495419
cpu,HIT,end_to_end,K1,True,2,152,20.7202440360561
cpu,HIT,end_to_end,K1,True,2,153,20.715427002869546
cpu,HIT,end_to_end,K1,True,2,154,21.54441300081089
cpu,HIT,end_to_end,K1,True,2,155,22.95449801022187
cpu,HIT,end_to_end,K1,True,2,156,23.29607302090153
cpu,HIT,end_to_end,K1,True,2,157,22.928086982574314
cpu,HIT,end_to_end,K1,True,2,158,21.210927981883287
cpu,HIT,end_to_end,K1,True,2,159,20.884432015009224
cpu,HIT,end_to_end,K1,True,2,160,20.899436029139906
cpu,HIT,end_to_end,K1,True,2,161,20.925090997479856
cpu,HIT,end_to_end,K1,True,2,162,21.15374500863254
cpu,HIT,end_to_end,K1,True,2,163,21.405596984550357
cpu,HIT,end_to_end,K1,True,2,164,20.739014027640224
cpu,HIT,end_to_end,K1,True,2,165,20.690670993644744
cpu,HIT,end_to_end,K1,True,2,166,20.881058007944375
cpu,HIT,end_to_end,K1,True,2,167,20.80265199765563
cpu,HIT,end_to_end,K1,True,2,168,20.904881006572396
cpu,HIT,end_to_end,K1,True,2,169,20.71591600542888
cpu,HIT,end_to_end,K1,True,2,170,20.73234098497778
cpu,HIT,end_to_end,K1,True,2,171,20.95575100975111
cpu,HIT,end_to_end,K1,True,2,172,20.784697961062193
cpu,HIT,end_to_end,K1,True,2,173,20.670297963079065
cpu,HIT,end_to_end,K1,True,2,174,20.680491987150162
cpu,HIT,end_to_end,K1,True,2,175,20.71628498379141
cpu,HIT,end_to_end,K1,True,2,176,20.81249497132376
cpu,HIT,end_to_end,K1,True,2,177,20.862348028458655
cpu,HIT,end_to_end,K1,True,2,178,20.72352496907115
cpu,HIT,end_to_end,K1,True,2,179,20.697422965895385
cpu,HIT,end_to_end,K1,True,2,180,20.71343903662637
cpu,HIT,end_to_end,K1,True,2,181,20.682169997598976
cpu,HIT,end_to_end,K1,True,2,182,21.041619998868555
cpu,HIT,end_to_end,K1,True,2,183,20.75584401609376
cpu,HIT,end_to_end,K1,True,2,184,21.33769099600613
cpu,HIT,end_to_end,K1,True,2,185,21.506590011995286
cpu,HIT,end_to_end,K1,True,2,186,20.893929002340883
cpu,HIT,end_to_end,K1,True,2,187,20.72896296158433
cpu,HIT,end_to_end,K1,True,2,188,20.972464000806212
cpu,HIT,end_to_end,K1,True,2,189,20.92354599153623
cpu,HIT,end_to_end,K1,True,2,190,20.860959019046277
cpu,HIT,end_to_end,K1,True,2,191,21.3617300032638
cpu,HIT,end_to_end,K1,True,2,192,20.849994965828955
cpu,HIT,end_to_end,K1,True,2,193,20.89915197575465
cpu,HIT,end_to_end,K1,True,2,194,20.742267020978034
cpu,HIT,end_to_end,K1,True,2,195,20.683026988990605
cpu,HIT,end_to_end,K1,True,2,196,20.90563002275303
cpu,HIT,end_to_end,K1,True,2,197,20.68886102642864
cpu,HIT,end_to_end,K1,True,2,198,20.666817959863693
cpu,HIT,end_to_end,K1,True,2,199,20.927589968778193
cpu,HIT,end_to_end,K1,True,2,200,20.793872012291104
cpu,HIT,end_to_end,K1,True,2,201,20.70336398901418
cpu,HIT,end_to_end,K1,True,2,202,20.68598399637267
cpu,HIT,end_to_end,K1,True,2,203,20.84119600476697
cpu,HIT,end_to_end,K1,True,2,204,20.791244984138757
cpu,HIT,end_to_end,K1,True,2,205,20.782182982657105
cpu,HIT,end_to_end,K1,True,2,206,20.706926996354014
cpu,HIT,end_to_end,K1,True,2,207,22.096322965808213
cpu,HIT,end_to_end,K1,True,2,208,20.71089099626988
cpu,HIT,end_to_end,K1,True,2,209,20.709766016807407
cpu,HIT,end_to_end,K1,True,2,210,20.82071005133912
cpu,HIT,end_to_end,K1,True,2,211,20.707498013507575
cpu,HIT,end_to_end,K1,True,2,212,20.693365950137377
cpu,HIT,end_to_end,K1,True,2,213,20.831778994761407
cpu,HIT,end_to_end,K1,True,2,214,20.792944997083396
cpu,HIT,end_to_end,K1,True,2,215,20.737797021865845
cpu,HIT,end_to_end,K1,True,2,216,20.99290699698031
cpu,HIT,end_to_end,K1,True,2,217,20.724408037494868
cpu,HIT,end_to_end,K1,True,2,218,20.68615099415183
cpu,HIT,end_to_end,K1,True,2,219,20.67923598224297
cpu,HIT,end_to_end,K1,True,2,220,20.86886001052335
cpu,HIT,end_to_end,K1,True,2,221,20.84602799732238
cpu,HIT,end_to_end,K1,True,2,222,20.743852015584707
cpu,HIT,end_to_end,K1,True,2,223,20.691777986939996
cpu,HIT,end_to_end,K1,True,2,224,20.72077401680872
cpu,HIT,end_to_end,K1,True,2,225,21.035928977653384
cpu,HIT,end_to_end,K1,True,2,226,20.74004296446219
cpu,HIT,end_to_end,K1,True,2,227,20.709924981929362
cpu,HIT,end_to_end,K1,True,2,228,20.887294958811253
cpu,HIT,end_to_end,K1,True,2,229,20.664838957600296
cpu,HIT,end_to_end,K1,True,2,230,20.71908104699105
cpu,HIT,end_to_end,K1,True,2,231,20.900030969642103
cpu,HIT,end_to_end,K1,True,2,232,21.251072001177818
cpu,HIT,end_to_end,K1,True,2,233,20.849702006671578
cpu,HIT,end_to_end,K1,True,2,234,20.734975987579674
cpu,HIT,end_to_end,K1,True,2,235,20.723421999718994
cpu,HIT,end_to_end,K1,True,2,236,21.199222945142537
cpu,HIT,end_to_end,K1,True,2,237,20.8077669958584
cpu,HIT,end_to_end,K1,True,2,238,20.67615103442222
cpu,HIT,end_to_end,K1,True,2,239,20.73262899648398
cpu,HIT,end_to_end,K1,True,2,240,20.695156999863684
cpu,HIT,end_to_end,K1,True,2,241,20.729702024254948
cpu,HIT,end_to_end,K1,True,2,242,20.79292997950688
cpu,HIT,end_to_end,K1,True,2,243,20.982019952498376
cpu,HIT,end_to_end,K1,True,2,244,21.28396200714633
cpu,HIT,end_to_end,K1,True,2,245,20.72531799785793
cpu,HIT,end_to_end,K1,True,2,246,20.694448030553758
cpu,HIT,end_to_end,K1,True,2,247,20.93029604293406
cpu,HIT,end_to_end,K1,True,2,248,20.829602028243244
cpu,HIT,end_to_end,K1,True,2,249,20.720724016427994
cpu,HIT,end_to_end,K1,True,3,0,20.786911016330123
cpu,HIT,end_to_end,K1,True,3,1,20.74988797539845
cpu,HIT,end_to_end,K1,True,3,2,20.684243994764984
cpu,HIT,end_to_end,K1,True,3,3,20.786070032045245
cpu,HIT,end_to_end,K1,True,3,4,20.752387994434685
cpu,HIT,end_to_end,K1,True,3,5,20.698766049463302
cpu,HIT,end_to_end,K1,True,3,6,20.758870989084244
cpu,HIT,end_to_end,K1,True,3,7,20.723781955894083
cpu,HIT,end_to_end,K1,True,3,8,20.72482998482883
cpu,HIT,end_to_end,K1,True,3,9,20.695974002592266
cpu,HIT,end_to_end,K1,True,3,10,20.6730900099501
cpu,HIT,end_to_end,K1,True,3,11,20.666258002165705
cpu,HIT,end_to_end,K1,True,3,12,20.680427027400583
cpu,HIT,end_to_end,K1,True,3,13,20.692563033662736
cpu,HIT,end_to_end,K1,True,3,14,20.79586300533265
cpu,HIT,end_to_end,K1,True,3,15,20.91369597474113
cpu,HIT,end_to_end,K1,True,3,16,20.685900992248207
cpu,HIT,end_to_end,K1,True,3,17,20.674990955740213
cpu,HIT,end_to_end,K1,True,3,18,20.887105027213693
cpu,HIT,end_to_end,K1,True,3,19,21.573098027147353
cpu,HIT,end_to_end,K1,True,3,20,21.077303041238338
cpu,HIT,end_to_end,K1,True,3,21,20.802395010832697
cpu,HIT,end_to_end,K1,True,3,22,20.726376969832927
cpu,HIT,end_to_end,K1,True,3,23,20.941617025528103
cpu,HIT,end_to_end,K1,True,3,24,20.826323016081005
cpu,HIT,end_to_end,K1,True,3,25,20.749943039845675
cpu,HIT,end_to_end,K1,True,3,26,20.685994008090347
cpu,HIT,end_to_end,K1,True,3,27,20.763073000125587
cpu,HIT,end_to_end,K1,True,3,28,20.723682013340294
cpu,HIT,end_to_end,K1,True,3,29,20.935476990416646
cpu,HIT,end_to_end,K1,True,3,30,21.115023992024362
cpu,HIT,end_to_end,K1,True,3,31,21.277781983371824
cpu,HIT,end_to_end,K1,True,3,32,20.804791012778878
cpu,HIT,end_to_end,K1,True,3,33,20.70389100117609
cpu,HIT,end_to_end,K1,True,3,34,20.958625013008714
cpu,HIT,end_to_end,K1,True,3,35,20.750530995428562
cpu,HIT,end_to_end,K1,True,3,36,20.770654024090618
cpu,HIT,end_to_end,K1,True,3,37,20.85706702200696
cpu,HIT,end_to_end,K1,True,3,38,20.690437988378108
cpu,HIT,end_to_end,K1,True,3,39,20.706211973447353
cpu,HIT,end_to_end,K1,True,3,40,20.851709006819874
cpu,HIT,end_to_end,K1,True,3,41,20.755411009304225
cpu,HIT,end_to_end,K1,True,3,42,20.72957600466907
cpu,HIT,end_to_end,K1,True,3,43,20.655364030972123
cpu,HIT,end_to_end,K1,True,3,44,20.67339199129492
cpu,HIT,end_to_end,K1,True,3,45,20.811452995985746
cpu,HIT,end_to_end,K1,True,3,46,20.727502007503062
cpu,HIT,end_to_end,K1,True,3,47,20.65684099216014
cpu,HIT,end_to_end,K1,True,3,48,20.722995046526194
cpu,HIT,end_to_end,K1,True,3,49,20.68373403744772
cpu,HIT,end_to_end,K1,True,3,50,20.68666002014652
cpu,HIT,end_to_end,K1,True,3,51,20.724380970932543
cpu,HIT,end_to_end,K1,True,3,52,20.745264017023146
cpu,HIT,end_to_end,K1,True,3,53,20.71198495104909
cpu,HIT,end_to_end,K1,True,3,54,20.683548995293677
cpu,HIT,end_to_end,K1,True,3,55,20.710309967398643
cpu,HIT,end_to_end,K1,True,3,56,20.846222003456205
cpu,HIT,end_to_end,K1,True,3,57,20.742475986480713
cpu,HIT,end_to_end,K1,True,3,58,21.602011984214187
cpu,HIT,end_to_end,K1,True,3,59,20.857686991803348
cpu,HIT,end_to_end,K1,True,3,60,20.742044027429074
cpu,HIT,end_to_end,K1,True,3,61,20.752582990098745
cpu,HIT,end_to_end,K1,True,3,62,21.01544401375577
cpu,HIT,end_to_end,K1,True,3,63,21.013632009271532
cpu,HIT,end_to_end,K1,True,3,64,20.869501982815564
cpu,HIT,end_to_end,K1,True,3,65,20.692605001386255
cpu,HIT,end_to_end,K1,True,3,66,20.828411972615868
cpu,HIT,end_to_end,K1,True,3,67,20.767569018062204
cpu,HIT,end_to_end,K1,True,3,68,20.758522965479642
cpu,HIT,end_to_end,K1,True,3,69,20.718552987091243
cpu,HIT,end_to_end,K1,True,3,70,20.689488039352
cpu,HIT,end_to_end,K1,True,3,71,20.694465027190745
cpu,HIT,end_to_end,K1,True,3,72,20.903922035358846
cpu,HIT,end_to_end,K1,True,3,73,20.86722699459642
cpu,HIT,end_to_end,K1,True,3,74,20.74550202814862
cpu,HIT,end_to_end,K1,True,3,75,20.740523003041744
cpu,HIT,end_to_end,K1,True,3,76,20.864797988906503
cpu,HIT,end_to_end,K1,True,3,77,20.92592796543613
cpu,HIT,end_to_end,K1,True,3,78,21.29370195325464
cpu,HIT,end_to_end,K1,True,3,79,20.90355200925842
cpu,HIT,end_to_end,K1,True,3,80,20.810551999602467
cpu,HIT,end_to_end,K1,True,3,81,20.739205996505916
cpu,HIT,end_to_end,K1,True,3,82,20.716482016723603
cpu,HIT,end_to_end,K1,True,3,83,20.842427969910204
cpu,HIT,end_to_end,K1,True,3,84,20.849583961535245
cpu,HIT,end_to_end,K1,True,3,85,20.70257399464026
cpu,HIT,end_to_end,K1,True,3,86,20.737382990773767
cpu,HIT,end_to_end,K1,True,3,87,20.69454500451684
cpu,HIT,end_to_end,K1,True,3,88,20.760743995197117
cpu,HIT,end_to_end,K1,True,3,89,20.731357974000275
cpu,HIT,end_to_end,K1,True,3,90,20.740109030157328
cpu,HIT,end_to_end,K1,True,3,91,20.941902010235935
cpu,HIT,end_to_end,K1,True,3,92,20.772212999872863
cpu,HIT,end_to_end,K1,True,3,93,20.697474014014006
cpu,HIT,end_to_end,K1,True,3,94,20.961450994946063
cpu,HIT,end_to_end,K1,True,3,95,20.771629991941154
cpu,HIT,end_to_end,K1,True,3,96,20.71142301429063
cpu,HIT,end_to_end,K1,True,3,97,20.774007018189877
cpu,HIT,end_to_end,K1,True,3,98,20.700160996057093
cpu,HIT,end_to_end,K1,True,3,99,20.912856969516724
cpu,HIT,end_to_end,K1,True,3,100,20.74698801152408
cpu,HIT,end_to_end,K1,True,3,101,20.77186497626826
cpu,HIT,end_to_end,K1,True,3,102,20.728128030896187
cpu,HIT,end_to_end,K1,True,3,103,20.692366000730544
cpu,HIT,end_to_end,K1,True,3,104,20.680379995610565
cpu,HIT,end_to_end,K1,True,3,105,20.82548598991707
cpu,HIT,end_to_end,K1,True,3,106,20.75784798944369
cpu,HIT,end_to_end,K1,True,3,107,20.679141976870596
cpu,HIT,end_to_end,K1,True,3,108,20.71920200251043
cpu,HIT,end_to_end,K1,True,3,109,20.722480956465006
cpu,HIT,end_to_end,K1,True,3,110,20.96268703462556
cpu,HIT,end_to_end,K1,True,3,111,20.840383018366992
cpu,HIT,end_to_end,K1,True,3,112,20.852131012361497
cpu,HIT,end_to_end,K1,True,3,113,20.70363098755479
cpu,HIT,end_to_end,K1,True,3,114,20.662650000303984
cpu,HIT,end_to_end,K1,True,3,115,20.679977955296636
cpu,HIT,end_to_end,K1,True,3,116,20.901805022731423
cpu,HIT,end_to_end,K1,True,3,117,20.76584700262174
cpu,HIT,end_to_end,K1,True,3,118,20.739929983392358
cpu,HIT,end_to_end,K1,True,3,119,20.717507984954864
cpu,HIT,end_to_end,K1,True,3,120,20.719724998343736
cpu,HIT,end_to_end,K1,True,3,121,20.92524996260181
cpu,HIT,end_to_end,K1,True,3,122,20.703484013210982
cpu,HIT,end_to_end,K1,True,3,123,20.757675054483116
cpu,HIT,end_to_end,K1,True,3,124,20.700614026281983
cpu,HIT,end_to_end,K1,True,3,125,20.81720600835979
cpu,HIT,end_to_end,K1,True,3,126,21.895773010328412
cpu,HIT,end_to_end,K1,True,3,127,23.36599596310407
cpu,HIT,end_to_end,K1,True,3,128,23.13288697041571
cpu,HIT,end_to_end,K1,True,3,129,22.68332301173359
cpu,HIT,end_to_end,K1,True,3,130,23.34927296033129
cpu,HIT,end_to_end,K1,True,3,131,21.896552003454417
cpu,HIT,end_to_end,K1,True,3,132,21.253225044347346
cpu,HIT,end_to_end,K1,True,3,133,20.894762012176216
cpu,HIT,end_to_end,K1,True,3,134,21.045431960374117
cpu,HIT,end_to_end,K1,True,3,135,21.147697989363223
cpu,HIT,end_to_end,K1,True,3,136,21.818284993059933
cpu,HIT,end_to_end,K1,True,3,137,20.877531031146646
cpu,HIT,end_to_end,K1,True,3,138,20.781076978892088
cpu,HIT,end_to_end,K1,True,3,139,20.734656020067632
cpu,HIT,end_to_end,K1,True,3,140,20.703049027360976
cpu,HIT,end_to_end,K1,True,3,141,20.972847007215023
cpu,HIT,end_to_end,K1,True,3,142,20.778824982699007
cpu,HIT,end_to_end,K1,True,3,143,20.67706495290622
cpu,HIT,end_to_end,K1,True,3,144,20.738151972182095
cpu,HIT,end_to_end,K1,True,3,145,20.710336044430733
cpu,HIT,end_to_end,K1,True,3,146,20.69910301361233
cpu,HIT,end_to_end,K1,True,3,147,20.89160803006962
cpu,HIT,end_to_end,K1,True,3,148,20.7478100201115
cpu,HIT,end_to_end,K1,True,3,149,20.709859032649547
cpu,HIT,end_to_end,K1,True,3,150,20.703412999864668
cpu,HIT,end_to_end,K1,True,3,151,20.67890699254349
cpu,HIT,end_to_end,K1,True,3,152,20.891650987323374
cpu,HIT,end_to_end,K1,True,3,153,20.98175702849403
cpu,HIT,end_to_end,K1,True,3,154,20.71302098920569
cpu,HIT,end_to_end,K1,True,3,155,20.722856977954507
cpu,HIT,end_to_end,K1,True,3,156,20.714174956083298
cpu,HIT,end_to_end,K1,True,3,157,20.684844988863915
cpu,HIT,end_to_end,K1,True,3,158,20.799947960767895
cpu,HIT,end_to_end,K1,True,3,159,20.932330982759595
cpu,HIT,end_to_end,K1,True,3,160,20.697232976090163
cpu,HIT,end_to_end,K1,True,3,161,20.671112986747175
cpu,HIT,end_to_end,K1,True,3,162,20.842814992647618
cpu,HIT,end_to_end,K1,True,3,163,20.869514031801373
cpu,HIT,end_to_end,K1,True,3,164,20.710112003143877
cpu,HIT,end_to_end,K1,True,3,165,20.71859600255266
cpu,HIT,end_to_end,K1,True,3,166,20.756944955792278
cpu,HIT,end_to_end,K1,True,3,167,20.709716016426682
cpu,HIT,end_to_end,K1,True,3,168,20.711719000246376
cpu,HIT,end_to_end,K1,True,3,169,20.806813961826265
cpu,HIT,end_to_end,K1,True,3,170,20.713936013635248
cpu,HIT,end_to_end,K1,True,3,171,20.75635700020939
cpu,HIT,end_to_end,K1,True,3,172,20.724994014017284
cpu,HIT,end_to_end,K1,True,3,173,20.820937992539257
cpu,HIT,end_to_end,K1,True,3,174,21.394836017861962
cpu,HIT,end_to_end,K1,True,3,175,21.260858979076147
cpu,HIT,end_to_end,K1,True,3,176,20.860665012151003
cpu,HIT,end_to_end,K1,True,3,177,20.76239202870056
cpu,HIT,end_to_end,K1,True,3,178,20.738685969263315
cpu,HIT,end_to_end,K1,True,3,179,20.818213000893593
cpu,HIT,end_to_end,K1,True,3,180,21.080113016068935
cpu,HIT,end_to_end,K1,True,3,181,20.92414494836703
cpu,HIT,end_to_end,K1,True,3,182,20.838737953454256
cpu,HIT,end_to_end,K1,True,3,183,20.785885048098862
cpu,HIT,end_to_end,K1,True,3,184,20.805661974009126
cpu,HIT,end_to_end,K1,True,3,185,20.73331701103598
cpu,HIT,end_to_end,K1,True,3,186,20.88055800413713
cpu,HIT,end_to_end,K1,True,3,187,20.753757969941944
cpu,HIT,end_to_end,K1,True,3,188,20.68716601934284
cpu,HIT,end_to_end,K1,True,3,189,20.66560398088768
cpu,HIT,end_to_end,K1,True,3,190,20.84022300550714
cpu,HIT,end_to_end,K1,True,3,191,20.818066026549786
cpu,HIT,end_to_end,K1,True,3,192,20.772086980286986
cpu,HIT,end_to_end,K1,True,3,193,20.68230602890253
cpu,HIT,end_to_end,K1,True,3,194,20.667581993620843
cpu,HIT,end_to_end,K1,True,3,195,20.97523200791329
cpu,HIT,end_to_end,K1,True,3,196,20.76014201156795
cpu,HIT,end_to_end,K1,True,3,197,20.728785020764917
cpu,HIT,end_to_end,K1,True,3,198,20.6784590263851
cpu,HIT,end_to_end,K1,True,3,199,20.714441023301333
cpu,HIT,end_to_end,K1,True,3,200,21.381962986197323
cpu,HIT,end_to_end,K1,True,3,201,20.90237196534872
cpu,HIT,end_to_end,K1,True,3,202,20.765798049978912
cpu,HIT,end_to_end,K1,True,3,203,20.721705979667604
cpu,HIT,end_to_end,K1,True,3,204,20.75676596723497
cpu,HIT,end_to_end,K1,True,3,205,21.261601999867707
cpu,HIT,end_to_end,K1,True,3,206,20.914159948006272
cpu,HIT,end_to_end,K1,True,3,207,20.955351006705314
cpu,HIT,end_to_end,K1,True,3,208,20.750972966197878
cpu,HIT,end_to_end,K1,True,3,209,20.69226698949933
cpu,HIT,end_to_end,K1,True,3,210,20.69549501175061
cpu,HIT,end_to_end,K1,True,3,211,20.683604991063476
cpu,HIT,end_to_end,K1,True,3,212,20.75128396973014
cpu,HIT,end_to_end,K1,True,3,213,20.78806998906657
cpu,HIT,end_to_end,K1,True,3,214,20.749485003761947
cpu,HIT,end_to_end,K1,True,3,215,20.722892018966377
cpu,HIT,end_to_end,K1,True,3,216,20.746422989759594
cpu,HIT,end_to_end,K1,True,3,217,20.948207995388657
cpu,HIT,end_to_end,K1,True,3,218,20.67714201984927
cpu,HIT,end_to_end,K1,True,3,219,20.684969029389322
cpu,HIT,end_to_end,K1,True,3,220,20.72478801710531
cpu,HIT,end_to_end,K1,True,3,221,20.742583030369133
cpu,HIT,end_to_end,K1,True,3,222,20.926344965118915
cpu,HIT,end_to_end,K1,True,3,223,21.689401008188725
cpu,HIT,end_to_end,K1,True,3,224,20.886026963125914
cpu,HIT,end_to_end,K1,True,3,225,20.771959971170872
cpu,HIT,end_to_end,K1,True,3,226,20.965528034139425
cpu,HIT,end_to_end,K1,True,3,227,20.709728996735066
cpu,HIT,end_to_end,K1,True,3,228,21.038702980149537
cpu,HIT,end_to_end,K1,True,3,229,20.73451702017337
cpu,HIT,end_to_end,K1,True,3,230,20.88876999914646
cpu,HIT,end_to_end,K1,True,3,231,21.930148010142148
cpu,HIT,end_to_end,K1,True,3,232,21.071578026749194
cpu,HIT,end_to_end,K1,True,3,233,21.272276993840933
cpu,HIT,end_to_end,K1,True,3,234,20.7888440345414
cpu,HIT,end_to_end,K1,True,3,235,20.71324602002278
cpu,HIT,end_to_end,K1,True,3,236,20.7825560355559
cpu,HIT,end_to_end,K1,True,3,237,20.678591972682625
cpu,HIT,end_to_end,K1,True,3,238,20.850316039286554
cpu,HIT,end_to_end,K1,True,3,239,20.87360603036359
cpu,HIT,end_to_end,K1,True,3,240,20.788496010936797
cpu,HIT,end_to_end,K1,True,3,241,20.73078596731648
cpu,HIT,end_to_end,K1,True,3,242,20.683070993982255
cpu,HIT,end_to_end,K1,True,3,243,20.81040700431913
cpu,HIT,end_to_end,K1,True,3,244,20.841195015236735
cpu,HIT,end_to_end,K1,True,3,245,20.748492039274424
cpu,HIT,end_to_end,K1,True,3,246,20.700349006801844
cpu,HIT,end_to_end,K1,True,3,247,20.712603989522904
cpu,HIT,end_to_end,K1,True,3,248,21.042144973762333
cpu,HIT,end_to_end,K1,True,3,249,20.880129013676196
cpu,HIT,end_to_end,Full-S1,True,3,0,39.08124897861853
cpu,HIT,end_to_end,Full-S1,True,3,1,38.62695797579363
cpu,HIT,end_to_end,Full-S1,True,3,2,38.94604800734669
cpu,HIT,end_to_end,Full-S1,True,3,3,38.5906039737165
cpu,HIT,end_to_end,Full-S1,True,3,4,38.50910603068769
cpu,HIT,end_to_end,Full-S1,True,3,5,38.645736989565194
cpu,HIT,end_to_end,Full-S1,True,3,6,38.50023198174313
cpu,HIT,end_to_end,Full-S1,True,3,7,38.59119099797681
cpu,HIT,end_to_end,Full-S1,True,3,8,38.73758501140401
cpu,HIT,end_to_end,Full-S1,True,3,9,38.53191394591704
cpu,HIT,end_to_end,Full-S1,True,3,10,38.68305101059377
cpu,HIT,end_to_end,Full-S1,True,3,11,39.63515703799203
cpu,HIT,end_to_end,Full-S1,True,3,12,38.755293993745
cpu,HIT,end_to_end,Full-S1,True,3,13,38.58158498769626
cpu,HIT,end_to_end,Full-S1,True,3,14,38.91910903621465
cpu,HIT,end_to_end,Full-S1,True,3,15,38.60801603877917
cpu,HIT,end_to_end,Full-S1,True,3,16,38.74417702900246
cpu,HIT,end_to_end,Full-S1,True,3,17,38.9175689779222
cpu,HIT,end_to_end,Full-S1,True,3,18,38.575754035264254
cpu,HIT,end_to_end,Full-S1,True,3,19,38.52637100499123
cpu,HIT,end_to_end,Full-S1,True,3,20,38.71175303356722
cpu,HIT,end_to_end,Full-S1,True,3,21,38.4658970288001
cpu,HIT,end_to_end,Full-S1,True,3,22,38.84670103434473
cpu,HIT,end_to_end,Full-S1,True,3,23,38.66139898309484
cpu,HIT,end_to_end,Full-S1,True,3,24,38.52840099716559
cpu,HIT,end_to_end,Full-S1,True,3,25,38.70084701338783
cpu,HIT,end_to_end,Full-S1,True,3,26,38.52919797645882
cpu,HIT,end_to_end,Full-S1,True,3,27,38.58770098304376
cpu,HIT,end_to_end,Full-S1,True,3,28,38.805356016382575
cpu,HIT,end_to_end,Full-S1,True,3,29,38.785370998084545
cpu,HIT,end_to_end,Full-S1,True,3,30,38.51421800209209
cpu,HIT,end_to_end,Full-S1,True,3,31,38.648587942589074
cpu,HIT,end_to_end,Full-S1,True,3,32,38.5479920078069
cpu,HIT,end_to_end,Full-S1,True,3,33,38.510542013682425
cpu,HIT,end_to_end,Full-S1,True,3,34,38.75410096952692
cpu,HIT,end_to_end,Full-S1,True,3,35,38.51194400340319
cpu,HIT,end_to_end,Full-S1,True,3,36,38.45270199235529
cpu,HIT,end_to_end,Full-S1,True,3,37,39.43916398566216
cpu,HIT,end_to_end,Full-S1,True,3,38,38.626353023573756
cpu,HIT,end_to_end,Full-S1,True,3,39,38.57412200886756
cpu,HIT,end_to_end,Full-S1,True,3,40,38.808538985904306
cpu,HIT,end_to_end,Full-S1,True,3,41,38.49187697051093
cpu,HIT,end_to_end,Full-S1,True,3,42,38.51763601414859
cpu,HIT,end_to_end,Full-S1,True,3,43,38.53439900558442
cpu,HIT,end_to_end,Full-S1,True,3,44,38.43795700231567
cpu,HIT,end_to_end,Full-S1,True,3,45,38.66341302637011
cpu,HIT,end_to_end,Full-S1,True,3,46,38.60218601766974
cpu,HIT,end_to_end,Full-S1,True,3,47,38.51932403631508
cpu,HIT,end_to_end,Full-S1,True,3,48,38.47537300316617
cpu,HIT,end_to_end,Full-S1,True,3,49,39.54186901682988
cpu,HIT,end_to_end,Full-S1,True,3,50,43.42725098831579
cpu,HIT,end_to_end,Full-S1,True,3,51,40.86290398845449
cpu,HIT,end_to_end,Full-S1,True,3,52,39.03019800782204
cpu,HIT,end_to_end,Full-S1,True,3,53,39.00862397858873
cpu,HIT,end_to_end,Full-S1,True,3,54,40.32272502081469
cpu,HIT,end_to_end,Full-S1,True,3,55,38.51973096607253
cpu,HIT,end_to_end,Full-S1,True,3,56,38.58700202545151
cpu,HIT,end_to_end,Full-S1,True,3,57,38.49662700667977
cpu,HIT,end_to_end,Full-S1,True,3,58,38.478095026221126
cpu,HIT,end_to_end,Full-S1,True,3,59,38.46266499022022
cpu,HIT,end_to_end,Full-S1,True,3,60,38.68882398819551
cpu,HIT,end_to_end,Full-S1,True,3,61,38.51909801596776
cpu,HIT,end_to_end,Full-S1,True,3,62,40.07096402347088
cpu,HIT,end_to_end,Full-S1,True,3,63,39.73850898910314
cpu,HIT,end_to_end,Full-S1,True,3,64,38.695286959409714
cpu,HIT,end_to_end,Full-S1,True,3,65,38.70910400291905
cpu,HIT,end_to_end,Full-S1,True,3,66,39.04006496304646
cpu,HIT,end_to_end,Full-S1,True,3,67,38.50733704166487
cpu,HIT,end_to_end,Full-S1,True,3,68,38.57220197096467
cpu,HIT,end_to_end,Full-S1,True,3,69,39.457330014556646
cpu,HIT,end_to_end,Full-S1,True,3,70,38.58231694903225
cpu,HIT,end_to_end,Full-S1,True,3,71,38.69875404052436
cpu,HIT,end_to_end,Full-S1,True,3,72,38.62456599017605
cpu,HIT,end_to_end,Full-S1,True,3,73,38.445809041149914
cpu,HIT,end_to_end,Full-S1,True,3,74,38.5403839754872
cpu,HIT,end_to_end,Full-S1,True,3,75,38.54574402794242
cpu,HIT,end_to_end,Full-S1,True,3,76,38.56232896214351
cpu,HIT,end_to_end,Full-S1,True,3,77,38.5849840240553
cpu,HIT,end_to_end,Full-S1,True,3,78,38.49761502351612
cpu,HIT,end_to_end,Full-S1,True,3,79,38.50472398335114
cpu,HIT,end_to_end,Full-S1,True,3,80,38.915676006581634
cpu,HIT,end_to_end,Full-S1,True,3,81,38.49962702952325
cpu,HIT,end_to_end,Full-S1,True,3,82,38.47374999895692
cpu,HIT,end_to_end,Full-S1,True,3,83,38.49999199155718
cpu,HIT,end_to_end,Full-S1,True,3,84,38.48303499398753
cpu,HIT,end_to_end,Full-S1,True,3,85,38.42312900815159
cpu,HIT,end_to_end,Full-S1,True,3,86,38.56545005692169
cpu,HIT,end_to_end,Full-S1,True,3,87,38.53924496797845
cpu,HIT,end_to_end,Full-S1,True,3,88,38.92630501650274
cpu,HIT,end_to_end,Full-S1,True,3,89,38.68598397821188
cpu,HIT,end_to_end,Full-S1,True,3,90,38.54571102419868
cpu,HIT,end_to_end,Full-S1,True,3,91,38.56977599207312
cpu,HIT,end_to_end,Full-S1,True,3,92,39.31549296248704
cpu,HIT,end_to_end,Full-S1,True,3,93,39.802088984288275
cpu,HIT,end_to_end,Full-S1,True,3,94,41.423560003750026
cpu,HIT,end_to_end,Full-S1,True,3,95,39.149402000475675
cpu,HIT,end_to_end,Full-S1,True,3,96,38.64579397486523
cpu,HIT,end_to_end,Full-S1,True,3,97,38.78192097181454
cpu,HIT,end_to_end,Full-S1,True,3,98,38.47572498489171
cpu,HIT,end_to_end,Full-S1,True,3,99,38.49510697182268
cpu,HIT,end_to_end,Full-S1,True,3,100,38.446581980679184
cpu,HIT,end_to_end,Full-S1,True,3,101,38.402109988965094
cpu,HIT,end_to_end,Full-S1,True,3,102,38.3777100360021
cpu,HIT,end_to_end,Full-S1,True,3,103,39.90366298239678
cpu,HIT,end_to_end,Full-S1,True,3,104,39.39394099870697
cpu,HIT,end_to_end,Full-S1,True,3,105,38.46695099491626
cpu,HIT,end_to_end,Full-S1,True,3,106,40.358869009651244
cpu,HIT,end_to_end,Full-S1,True,3,107,38.475631037727
cpu,HIT,end_to_end,Full-S1,True,3,108,38.42326399171725
cpu,HIT,end_to_end,Full-S1,True,3,109,38.43044099630788
cpu,HIT,end_to_end,Full-S1,True,3,110,38.535518979188055
cpu,HIT,end_to_end,Full-S1,True,3,111,38.421323988586664
cpu,HIT,end_to_end,Full-S1,True,3,112,38.36881596362218
cpu,HIT,end_to_end,Full-S1,True,3,113,38.38670102413744
cpu,HIT,end_to_end,Full-S1,True,3,114,39.45162100717425
cpu,HIT,end_to_end,Full-S1,True,3,115,38.65510504692793
cpu,HIT,end_to_end,Full-S1,True,3,116,38.90818596119061
cpu,HIT,end_to_end,Full-S1,True,3,117,38.567367009818554
cpu,HIT,end_to_end,Full-S1,True,3,118,38.514011015649885
cpu,HIT,end_to_end,Full-S1,True,3,119,38.68840797804296
cpu,HIT,end_to_end,Full-S1,True,3,120,38.7917939806357
cpu,HIT,end_to_end,Full-S1,True,3,121,38.51145500084385
cpu,HIT,end_to_end,Full-S1,True,3,122,38.65260002203286
cpu,HIT,end_to_end,Full-S1,True,3,123,38.435922004282475
cpu,HIT,end_to_end,Full-S1,True,3,124,38.47539401613176
cpu,HIT,end_to_end,Full-S1,True,3,125,38.43427600804716
cpu,HIT,end_to_end,Full-S1,True,3,126,38.52007398381829
cpu,HIT,end_to_end,Full-S1,True,3,127,38.41733996523544
cpu,HIT,end_to_end,Full-S1,True,3,128,38.430182030424476
cpu,HIT,end_to_end,Full-S1,True,3,129,38.425307953730226
cpu,HIT,end_to_end,Full-S1,True,3,130,38.41186000499874
cpu,HIT,end_to_end,Full-S1,True,3,131,38.42957998858765
cpu,HIT,end_to_end,Full-S1,True,3,132,38.85794401867315
cpu,HIT,end_to_end,Full-S1,True,3,133,38.42917695874348
cpu,HIT,end_to_end,Full-S1,True,3,134,38.35174802225083
cpu,HIT,end_to_end,Full-S1,True,3,135,38.39693800546229
cpu,HIT,end_to_end,Full-S1,True,3,136,38.38531003566459
cpu,HIT,end_to_end,Full-S1,True,3,137,38.35972101660445
cpu,HIT,end_to_end,Full-S1,True,3,138,38.39751100167632
cpu,HIT,end_to_end,Full-S1,True,3,139,38.377128017600626
cpu,HIT,end_to_end,Full-S1,True,3,140,38.853093050420284
cpu,HIT,end_to_end,Full-S1,True,3,141,38.514399027917534
cpu,HIT,end_to_end,Full-S1,True,3,142,38.52831502445042
cpu,HIT,end_to_end,Full-S1,True,3,143,38.451121014077216
cpu,HIT,end_to_end,Full-S1,True,3,144,38.48911798559129
cpu,HIT,end_to_end,Full-S1,True,3,145,38.49918500054628
cpu,HIT,end_to_end,Full-S1,True,3,146,38.45293802442029
cpu,HIT,end_to_end,Full-S1,True,3,147,38.44484401633963
cpu,HIT,end_to_end,Full-S1,True,3,148,38.48518099403009
cpu,HIT,end_to_end,Full-S1,True,3,149,38.450938009191304
cpu,HIT,end_to_end,Full-S1,True,3,150,38.4312070091255
cpu,HIT,end_to_end,Full-S1,True,3,151,38.45180198550224
cpu,HIT,end_to_end,Full-S1,True,3,152,38.396586023736745
cpu,HIT,end_to_end,Full-S1,True,3,153,38.38726598769426
cpu,HIT,end_to_end,Full-S1,True,3,154,38.59046002617106
cpu,HIT,end_to_end,Full-S1,True,3,155,38.37591101182625
cpu,HIT,end_to_end,Full-S1,True,3,156,38.41310099232942
cpu,HIT,end_to_end,Full-S1,True,3,157,38.45227899728343
cpu,HIT,end_to_end,Full-S1,True,3,158,38.58879400650039
cpu,HIT,end_to_end,Full-S1,True,3,159,38.44586596824229
cpu,HIT,end_to_end,Full-S1,True,3,160,38.422607991378754
cpu,HIT,end_to_end,Full-S1,True,3,161,38.37906097760424
cpu,HIT,end_to_end,Full-S1,True,3,162,38.39135798625648
cpu,HIT,end_to_end,Full-S1,True,3,163,38.3931320393458
cpu,HIT,end_to_end,Full-S1,True,3,164,38.4381819749251
cpu,HIT,end_to_end,Full-S1,True,3,165,38.41736103640869
cpu,HIT,end_to_end,Full-S1,True,3,166,38.91210601432249
cpu,HIT,end_to_end,Full-S1,True,3,167,41.90791898872703
cpu,HIT,end_to_end,Full-S1,True,3,168,40.02439801115543
cpu,HIT,end_to_end,Full-S1,True,3,169,39.68821495072916
cpu,HIT,end_to_end,Full-S1,True,3,170,39.16625498095527
cpu,HIT,end_to_end,Full-S1,True,3,171,39.58216204773635
cpu,HIT,end_to_end,Full-S1,True,3,172,38.657162978779525
cpu,HIT,end_to_end,Full-S1,True,3,173,39.015315007418394
cpu,HIT,end_to_end,Full-S1,True,3,174,38.673061004374176
cpu,HIT,end_to_end,Full-S1,True,3,175,38.5311659774743
cpu,HIT,end_to_end,Full-S1,True,3,176,38.473938999231905
cpu,HIT,end_to_end,Full-S1,True,3,177,38.487693993374705
cpu,HIT,end_to_end,Full-S1,True,3,178,38.34561997791752
cpu,HIT,end_to_end,Full-S1,True,3,179,38.81105803884566
cpu,HIT,end_to_end,Full-S1,True,3,180,38.45301101682708
cpu,HIT,end_to_end,Full-S1,True,3,181,38.48108998499811
cpu,HIT,end_to_end,Full-S1,True,3,182,38.444534002337605
cpu,HIT,end_to_end,Full-S1,True,3,183,38.48299599485472
cpu,HIT,end_to_end,Full-S1,True,3,184,38.48371101776138
cpu,HIT,end_to_end,Full-S1,True,3,185,38.52809697855264
cpu,HIT,end_to_end,Full-S1,True,3,186,39.137466985266656
cpu,HIT,end_to_end,Full-S1,True,3,187,38.537569984328
cpu,HIT,end_to_end,Full-S1,True,3,188,38.372281996998936
cpu,HIT,end_to_end,Full-S1,True,3,189,38.41567499330267
cpu,HIT,end_to_end,Full-S1,True,3,190,38.42183097731322
cpu,HIT,end_to_end,Full-S1,True,3,191,38.857149018440396
cpu,HIT,end_to_end,Full-S1,True,3,192,38.69190003024414
cpu,HIT,end_to_end,Full-S1,True,3,193,38.494386011734605
cpu,HIT,end_to_end,Full-S1,True,3,194,38.43745600897819
cpu,HIT,end_to_end,Full-S1,True,3,195,38.48325798753649
cpu,HIT,end_to_end,Full-S1,True,3,196,38.40838000178337
cpu,HIT,end_to_end,Full-S1,True,3,197,38.45349996117875
cpu,HIT,end_to_end,Full-S1,True,3,198,38.35971199441701
cpu,HIT,end_to_end,Full-S1,True,3,199,38.36664499249309
cpu,HIT,end_to_end,Full-S1,True,3,200,38.41616399586201
cpu,HIT,end_to_end,Full-S1,True,3,201,38.40041800867766
cpu,HIT,end_to_end,Full-S1,True,3,202,38.413795991800725
cpu,HIT,end_to_end,Full-S1,True,3,203,38.4347410290502
cpu,HIT,end_to_end,Full-S1,True,3,204,38.40127005241811
cpu,HIT,end_to_end,Full-S1,True,3,205,38.36927097290754
cpu,HIT,end_to_end,Full-S1,True,3,206,38.39283197885379
cpu,HIT,end_to_end,Full-S1,True,3,207,38.58119895448908
cpu,HIT,end_to_end,Full-S1,True,3,208,38.40771003160626
cpu,HIT,end_to_end,Full-S1,True,3,209,38.389202032703906
cpu,HIT,end_to_end,Full-S1,True,3,210,38.658094010315835
cpu,HIT,end_to_end,Full-S1,True,3,211,38.43095700722188
cpu,HIT,end_to_end,Full-S1,True,3,212,38.4270140202716
cpu,HIT,end_to_end,Full-S1,True,3,213,38.41363900573924
cpu,HIT,end_to_end,Full-S1,True,3,214,38.45071996329352
cpu,HIT,end_to_end,Full-S1,True,3,215,38.442147022578865
cpu,HIT,end_to_end,Full-S1,True,3,216,38.384296000003815
cpu,HIT,end_to_end,Full-S1,True,3,217,38.82199199870229
cpu,HIT,end_to_end,Full-S1,True,3,218,38.70711603667587
cpu,HIT,end_to_end,Full-S1,True,3,219,38.44873799243942
cpu,HIT,end_to_end,Full-S1,True,3,220,38.39389100903645
cpu,HIT,end_to_end,Full-S1,True,3,221,38.71379100019112
cpu,HIT,end_to_end,Full-S1,True,3,222,38.61500299535692
cpu,HIT,end_to_end,Full-S1,True,3,223,38.40751899406314
cpu,HIT,end_to_end,Full-S1,True,3,224,38.76447398215532
cpu,HIT,end_to_end,Full-S1,True,3,225,38.46194996731356
cpu,HIT,end_to_end,Full-S1,True,3,226,38.41212601400912
cpu,HIT,end_to_end,Full-S1,True,3,227,38.41694298898801
cpu,HIT,end_to_end,Full-S1,True,3,228,38.475362001918256
cpu,HIT,end_to_end,Full-S1,True,3,229,38.4852210409008
cpu,HIT,end_to_end,Full-S1,True,3,230,38.44892600318417
cpu,HIT,end_to_end,Full-S1,True,3,231,38.40806195512414
cpu,HIT,end_to_end,Full-S1,True,3,232,38.386957021430135
cpu,HIT,end_to_end,Full-S1,True,3,233,38.36833703098819
cpu,HIT,end_to_end,Full-S1,True,3,234,38.39545598020777
cpu,HIT,end_to_end,Full-S1,True,3,235,38.469150953460485
cpu,HIT,end_to_end,Full-S1,True,3,236,38.644103973638266
cpu,HIT,end_to_end,Full-S1,True,3,237,38.41167100472376
cpu,HIT,end_to_end,Full-S1,True,3,238,38.47558400593698
cpu,HIT,end_to_end,Full-S1,True,3,239,38.46508002607152
cpu,HIT,end_to_end,Full-S1,True,3,240,38.41127100167796
cpu,HIT,end_to_end,Full-S1,True,3,241,38.36674301419407
cpu,HIT,end_to_end,Full-S1,True,3,242,38.43336598947644
cpu,HIT,end_to_end,Full-S1,True,3,243,38.79000595770776
cpu,HIT,end_to_end,Full-S1,True,3,244,38.65930798929185
cpu,HIT,end_to_end,Full-S1,True,3,245,38.587585964705795
cpu,HIT,end_to_end,Full-S1,True,3,246,38.50599197903648
cpu,HIT,end_to_end,Full-S1,True,3,247,38.49426697706804
cpu,HIT,end_to_end,Full-S1,True,3,248,38.402681006118655
cpu,HIT,end_to_end,Full-S1,True,3,249,38.645197986625135
cpu,MAFAULDA,model_only,Full-S1,True,0,0,78.37382901925594
cpu,MAFAULDA,model_only,Full-S1,True,0,1,79.00242903269827
cpu,MAFAULDA,model_only,Full-S1,True,0,2,79.54838703153655
cpu,MAFAULDA,model_only,Full-S1,True,0,3,79.0802160045132
cpu,MAFAULDA,model_only,Full-S1,True,0,4,79.03904799604788
cpu,MAFAULDA,model_only,Full-S1,True,0,5,79.03185399482027
cpu,MAFAULDA,model_only,Full-S1,True,0,6,79.08871996914968
cpu,MAFAULDA,model_only,Full-S1,True,0,7,78.99766199989244
cpu,MAFAULDA,model_only,Full-S1,True,0,8,79.08006699290127
cpu,MAFAULDA,model_only,Full-S1,True,0,9,79.03531601186842
cpu,MAFAULDA,model_only,Full-S1,True,0,10,79.11559101194143
cpu,MAFAULDA,model_only,Full-S1,True,0,11,78.97909102030098
cpu,MAFAULDA,model_only,Full-S1,True,0,12,79.33184399735183
cpu,MAFAULDA,model_only,Full-S1,True,0,13,79.99893598025665
cpu,MAFAULDA,model_only,Full-S1,True,0,14,78.86823295848444
cpu,MAFAULDA,model_only,Full-S1,True,0,15,79.52893601031974
cpu,MAFAULDA,model_only,Full-S1,True,0,16,79.17381002334878
cpu,MAFAULDA,model_only,Full-S1,True,0,17,79.48659895919263
cpu,MAFAULDA,model_only,Full-S1,True,0,18,79.04005300952122
cpu,MAFAULDA,model_only,Full-S1,True,0,19,78.98945402121171
cpu,MAFAULDA,model_only,Full-S1,True,0,20,79.0329150040634
cpu,MAFAULDA,model_only,Full-S1,True,0,21,79.06800496857613
cpu,MAFAULDA,model_only,Full-S1,True,0,22,80.57166001526639
cpu,MAFAULDA,model_only,Full-S1,True,0,23,79.75591998547316
cpu,MAFAULDA,model_only,Full-S1,True,0,24,79.04171297559515
cpu,MAFAULDA,model_only,Full-S1,True,0,25,79.22994502587244
cpu,MAFAULDA,model_only,Full-S1,True,0,26,79.21799900941551
cpu,MAFAULDA,model_only,Full-S1,True,0,27,79.10822500707582
cpu,MAFAULDA,model_only,Full-S1,True,0,28,79.7223259578459
cpu,MAFAULDA,model_only,Full-S1,True,0,29,79.14748799521476
cpu,MAFAULDA,model_only,Full-S1,True,0,30,80.21968201501295
cpu,MAFAULDA,model_only,Full-S1,True,0,31,79.79155000066385
cpu,MAFAULDA,model_only,Full-S1,True,0,32,79.11990600405261
cpu,MAFAULDA,model_only,Full-S1,True,0,33,79.02826997451484
cpu,MAFAULDA,model_only,Full-S1,True,0,34,79.11599898943678
cpu,MAFAULDA,model_only,Full-S1,True,0,35,78.97639198927209
cpu,MAFAULDA,model_only,Full-S1,True,0,36,79.20078001916409
cpu,MAFAULDA,model_only,Full-S1,True,0,37,79.2627549963072
cpu,MAFAULDA,model_only,Full-S1,True,0,38,79.04569699894637
cpu,MAFAULDA,model_only,Full-S1,True,0,39,78.97391001461074
cpu,MAFAULDA,model_only,Full-S1,True,0,40,79.70118103548884
cpu,MAFAULDA,model_only,Full-S1,True,0,41,79.11451597465202
cpu,MAFAULDA,model_only,Full-S1,True,0,42,79.06710897805169
cpu,MAFAULDA,model_only,Full-S1,True,0,43,79.29856603732333
cpu,MAFAULDA,model_only,Full-S1,True,0,44,79.09061096142977
cpu,MAFAULDA,model_only,Full-S1,True,0,45,78.99838103912771
cpu,MAFAULDA,model_only,Full-S1,True,0,46,78.94146401667967
cpu,MAFAULDA,model_only,Full-S1,True,0,47,79.33257997501642
cpu,MAFAULDA,model_only,Full-S1,True,0,48,79.1067160316743
cpu,MAFAULDA,model_only,Full-S1,True,0,49,78.94523302093148
cpu,MAFAULDA,model_only,Full-S1,True,0,50,79.4276759843342
cpu,MAFAULDA,model_only,Full-S1,True,0,51,79.04549001250416
cpu,MAFAULDA,model_only,Full-S1,True,0,52,79.05835198471323
cpu,MAFAULDA,model_only,Full-S1,True,0,53,79.9454019870609
cpu,MAFAULDA,model_only,Full-S1,True,0,54,79.12026101257652
cpu,MAFAULDA,model_only,Full-S1,True,0,55,79.06282902695239
cpu,MAFAULDA,model_only,Full-S1,True,0,56,80.76426200568676
cpu,MAFAULDA,model_only,Full-S1,True,0,57,79.5931140310131
cpu,MAFAULDA,model_only,Full-S1,True,0,58,79.07813403289765
cpu,MAFAULDA,model_only,Full-S1,True,0,59,79.33310401858762
cpu,MAFAULDA,model_only,Full-S1,True,0,60,79.74004896823317
cpu,MAFAULDA,model_only,Full-S1,True,0,61,79.14479001192376
cpu,MAFAULDA,model_only,Full-S1,True,0,62,79.07912798691541
cpu,MAFAULDA,model_only,Full-S1,True,0,63,79.07680503558367
cpu,MAFAULDA,model_only,Full-S1,True,0,64,78.97737098392099
cpu,MAFAULDA,model_only,Full-S1,True,0,65,79.5448930002749
cpu,MAFAULDA,model_only,Full-S1,True,0,66,79.20848100911826
cpu,MAFAULDA,model_only,Full-S1,True,0,67,78.99916404858232
cpu,MAFAULDA,model_only,Full-S1,True,0,68,79.25298600457609
cpu,MAFAULDA,model_only,Full-S1,True,0,69,79.07747197896242
cpu,MAFAULDA,model_only,Full-S1,True,0,70,78.95988505333662
cpu,MAFAULDA,model_only,Full-S1,True,0,71,78.95774295320734
cpu,MAFAULDA,model_only,Full-S1,True,0,72,79.18939198134467
cpu,MAFAULDA,model_only,Full-S1,True,0,73,79.03737702872604
cpu,MAFAULDA,model_only,Full-S1,True,0,74,78.96415796130896
cpu,MAFAULDA,model_only,Full-S1,True,0,75,79.41587100503966
cpu,MAFAULDA,model_only,Full-S1,True,0,76,79.17607499985024
cpu,MAFAULDA,model_only,Full-S1,True,0,77,78.92609399277717
cpu,MAFAULDA,model_only,Full-S1,True,0,78,79.79492499725893
cpu,MAFAULDA,model_only,Full-S1,True,0,79,79.0918929851614
cpu,MAFAULDA,model_only,Full-S1,True,0,80,79.54393798718229
cpu,MAFAULDA,model_only,Full-S1,True,0,81,79.32142703793943
cpu,MAFAULDA,model_only,Full-S1,True,0,82,79.18510300805792
cpu,MAFAULDA,model_only,Full-S1,True,0,83,79.00157495168969
cpu,MAFAULDA,model_only,Full-S1,True,0,84,79.1620240197517
cpu,MAFAULDA,model_only,Full-S1,True,0,85,79.0185799705796
cpu,MAFAULDA,model_only,Full-S1,True,0,86,78.9596019894816
cpu,MAFAULDA,model_only,Full-S1,True,0,87,79.06947698211297
cpu,MAFAULDA,model_only,Full-S1,True,0,88,79.5748209930025
cpu,MAFAULDA,model_only,Full-S1,True,0,89,79.00272100232542
cpu,MAFAULDA,model_only,Full-S1,True,0,90,78.91646801726893
cpu,MAFAULDA,model_only,Full-S1,True,0,91,79.94858996244147
cpu,MAFAULDA,model_only,Full-S1,True,0,92,79.21102404361591
cpu,MAFAULDA,model_only,Full-S1,True,0,93,79.34855297207832
cpu,MAFAULDA,model_only,Full-S1,True,0,94,79.36183299170807
cpu,MAFAULDA,model_only,Full-S1,True,0,95,79.10734199685976
cpu,MAFAULDA,model_only,Full-S1,True,0,96,79.02718597324565
cpu,MAFAULDA,model_only,Full-S1,True,0,97,79.36154399067163
cpu,MAFAULDA,model_only,Full-S1,True,0,98,79.03836201876402
cpu,MAFAULDA,model_only,Full-S1,True,0,99,78.95176199963316
cpu,MAFAULDA,model_only,Full-S1,True,0,100,79.11317300749943
cpu,MAFAULDA,model_only,Full-S1,True,0,101,79.22173099359497
cpu,MAFAULDA,model_only,Full-S1,True,0,102,78.98813096107915
cpu,MAFAULDA,model_only,Full-S1,True,0,103,79.487380979117
cpu,MAFAULDA,model_only,Full-S1,True,0,104,79.14362801238894
cpu,MAFAULDA,model_only,Full-S1,True,0,105,79.02590598678216
cpu,MAFAULDA,model_only,Full-S1,True,0,106,79.09280603053048
cpu,MAFAULDA,model_only,Full-S1,True,0,107,79.03621799778193
cpu,MAFAULDA,model_only,Full-S1,True,0,108,79.021139012184
cpu,MAFAULDA,model_only,Full-S1,True,0,109,79.03417001944035
cpu,MAFAULDA,model_only,Full-S1,True,0,110,79.09955596551299
cpu,MAFAULDA,model_only,Full-S1,True,0,111,79.01021599536762
cpu,MAFAULDA,model_only,Full-S1,True,0,112,79.13887605536729
cpu,MAFAULDA,model_only,Full-S1,True,0,113,79.44046898046508
cpu,MAFAULDA,model_only,Full-S1,True,0,114,79.9744559917599
cpu,MAFAULDA,model_only,Full-S1,True,0,115,79.05954500893131
cpu,MAFAULDA,model_only,Full-S1,True,0,116,79.6518330462277
cpu,MAFAULDA,model_only,Full-S1,True,0,117,79.06897395150736
cpu,MAFAULDA,model_only,Full-S1,True,0,118,78.9778180187568
cpu,MAFAULDA,model_only,Full-S1,True,0,119,79.06788500258699
cpu,MAFAULDA,model_only,Full-S1,True,0,120,79.09905497217551
cpu,MAFAULDA,model_only,Full-S1,True,0,121,78.9882109966129
cpu,MAFAULDA,model_only,Full-S1,True,0,122,79.5068729785271
cpu,MAFAULDA,model_only,Full-S1,True,0,123,79.33912199223414
cpu,MAFAULDA,model_only,Full-S1,True,0,124,78.92225997056812
cpu,MAFAULDA,model_only,Full-S1,True,0,125,79.00303800124675
cpu,MAFAULDA,model_only,Full-S1,True,0,126,79.39243299188092
cpu,MAFAULDA,model_only,Full-S1,True,0,127,79.13509098580107
cpu,MAFAULDA,model_only,Full-S1,True,0,128,79.21502098906785
cpu,MAFAULDA,model_only,Full-S1,True,0,129,79.51403199695051
cpu,MAFAULDA,model_only,Full-S1,True,0,130,78.9468900184147
cpu,MAFAULDA,model_only,Full-S1,True,0,131,79.00554401567206
cpu,MAFAULDA,model_only,Full-S1,True,0,132,79.7050769906491
cpu,MAFAULDA,model_only,Full-S1,True,0,133,79.09698999719694
cpu,MAFAULDA,model_only,Full-S1,True,0,134,79.04426398454234
cpu,MAFAULDA,model_only,Full-S1,True,0,135,79.26502701593563
cpu,MAFAULDA,model_only,Full-S1,True,0,136,79.05488496180624
cpu,MAFAULDA,model_only,Full-S1,True,0,137,79.28510202327743
cpu,MAFAULDA,model_only,Full-S1,True,0,138,78.9633360109292
cpu,MAFAULDA,model_only,Full-S1,True,0,139,79.23106697853655
cpu,MAFAULDA,model_only,Full-S1,True,0,140,79.01935395784676
cpu,MAFAULDA,model_only,Full-S1,True,0,141,79.39073396846652
cpu,MAFAULDA,model_only,Full-S1,True,0,142,79.11697396775708
cpu,MAFAULDA,model_only,Full-S1,True,0,143,79.30402096826583
cpu,MAFAULDA,model_only,Full-S1,True,0,144,79.180428001564
cpu,MAFAULDA,model_only,Full-S1,True,0,145,79.15868604322895
cpu,MAFAULDA,model_only,Full-S1,True,0,146,79.03875201009214
cpu,MAFAULDA,model_only,Full-S1,True,0,147,79.01269500143826
cpu,MAFAULDA,model_only,Full-S1,True,0,148,79.1484450455755
cpu,MAFAULDA,model_only,Full-S1,True,0,149,78.96927196998149
cpu,MAFAULDA,model_only,Full-S1,True,0,150,79.19581403257325
cpu,MAFAULDA,model_only,Full-S1,True,0,151,79.23824700992554
cpu,MAFAULDA,model_only,Full-S1,True,0,152,79.07702104421332
cpu,MAFAULDA,model_only,Full-S1,True,0,153,79.01624805526808
cpu,MAFAULDA,model_only,Full-S1,True,0,154,79.60673398338258
cpu,MAFAULDA,model_only,Full-S1,True,0,155,79.45386896608397
cpu,MAFAULDA,model_only,Full-S1,True,0,156,79.23629402648658
cpu,MAFAULDA,model_only,Full-S1,True,0,157,79.08745697932318
cpu,MAFAULDA,model_only,Full-S1,True,0,158,79.80779104400426
cpu,MAFAULDA,model_only,Full-S1,True,0,159,79.26821598084643
cpu,MAFAULDA,model_only,Full-S1,True,0,160,79.09501699032262
cpu,MAFAULDA,model_only,Full-S1,True,0,161,79.07571701798588
cpu,MAFAULDA,model_only,Full-S1,True,0,162,78.98853998631239
cpu,MAFAULDA,model_only,Full-S1,True,0,163,79.01327504077926
cpu,MAFAULDA,model_only,Full-S1,True,0,164,79.31954599916935
cpu,MAFAULDA,model_only,Full-S1,True,0,165,79.11561196669936
cpu,MAFAULDA,model_only,Full-S1,True,0,166,79.82135098427534
cpu,MAFAULDA,model_only,Full-S1,True,0,167,79.16038198163733
cpu,MAFAULDA,model_only,Full-S1,True,0,168,79.06527997693047
cpu,MAFAULDA,model_only,Full-S1,True,0,169,79.02191299945116
cpu,MAFAULDA,model_only,Full-S1,True,0,170,78.97829898865893
cpu,MAFAULDA,model_only,Full-S1,True,0,171,79.16792598553002
cpu,MAFAULDA,model_only,Full-S1,True,0,172,79.07916995463893
cpu,MAFAULDA,model_only,Full-S1,True,0,173,79.14772199001163
cpu,MAFAULDA,model_only,Full-S1,True,0,174,79.0088499779813
cpu,MAFAULDA,model_only,Full-S1,True,0,175,79.00212099775672
cpu,MAFAULDA,model_only,Full-S1,True,0,176,78.97325605154037
cpu,MAFAULDA,model_only,Full-S1,True,0,177,79.48687096359208
cpu,MAFAULDA,model_only,Full-S1,True,0,178,79.08374100225046
cpu,MAFAULDA,model_only,Full-S1,True,0,179,79.5893999747932
cpu,MAFAULDA,model_only,Full-S1,True,0,180,79.20775399543345
cpu,MAFAULDA,model_only,Full-S1,True,0,181,79.04971996322274
cpu,MAFAULDA,model_only,Full-S1,True,0,182,81.06605097418651
cpu,MAFAULDA,model_only,Full-S1,True,0,183,79.7175980405882
cpu,MAFAULDA,model_only,Full-S1,True,0,184,79.10854299552739
cpu,MAFAULDA,model_only,Full-S1,True,0,185,81.0963999829255
cpu,MAFAULDA,model_only,Full-S1,True,0,186,79.25601000897586
cpu,MAFAULDA,model_only,Full-S1,True,0,187,79.14995797909796
cpu,MAFAULDA,model_only,Full-S1,True,0,188,79.07694799359888
cpu,MAFAULDA,model_only,Full-S1,True,0,189,79.86195100238547
cpu,MAFAULDA,model_only,Full-S1,True,0,190,79.03293799608946
cpu,MAFAULDA,model_only,Full-S1,True,0,191,78.99306999752298
cpu,MAFAULDA,model_only,Full-S1,True,0,192,80.0022259936668
cpu,MAFAULDA,model_only,Full-S1,True,0,193,79.19160701567307
cpu,MAFAULDA,model_only,Full-S1,True,0,194,79.03596595861018
cpu,MAFAULDA,model_only,Full-S1,True,0,195,78.95175804151222
cpu,MAFAULDA,model_only,Full-S1,True,0,196,79.07111797248945
cpu,MAFAULDA,model_only,Full-S1,True,0,197,79.0211699786596
cpu,MAFAULDA,model_only,Full-S1,True,0,198,79.19514901004732
cpu,MAFAULDA,model_only,Full-S1,True,0,199,78.9718619780615
cpu,MAFAULDA,model_only,Full-S1,True,0,200,78.96572700701654
cpu,MAFAULDA,model_only,Full-S1,True,0,201,78.9368289988488
cpu,MAFAULDA,model_only,Full-S1,True,0,202,79.44375602528453
cpu,MAFAULDA,model_only,Full-S1,True,0,203,78.98825401207432
cpu,MAFAULDA,model_only,Full-S1,True,0,204,79.36921203508973
cpu,MAFAULDA,model_only,Full-S1,True,0,205,79.1899700416252
cpu,MAFAULDA,model_only,Full-S1,True,0,206,79.02871700935066
cpu,MAFAULDA,model_only,Full-S1,True,0,207,79.32934100972489
cpu,MAFAULDA,model_only,Full-S1,True,0,208,79.12671199301258
cpu,MAFAULDA,model_only,Full-S1,True,0,209,79.02615499915555
cpu,MAFAULDA,model_only,Full-S1,True,0,210,79.16430901968852
cpu,MAFAULDA,model_only,Full-S1,True,0,211,79.12205200409517
cpu,MAFAULDA,model_only,Full-S1,True,0,212,79.00393905583769
cpu,MAFAULDA,model_only,Full-S1,True,0,213,79.08135303296149
cpu,MAFAULDA,model_only,Full-S1,True,0,214,78.97697202861309
cpu,MAFAULDA,model_only,Full-S1,True,0,215,80.44143096776679
cpu,MAFAULDA,model_only,Full-S1,True,0,216,78.9746479713358
cpu,MAFAULDA,model_only,Full-S1,True,0,217,79.75545799126849
cpu,MAFAULDA,model_only,Full-S1,True,0,218,79.57903097849339
cpu,MAFAULDA,model_only,Full-S1,True,0,219,79.09372396534309
cpu,MAFAULDA,model_only,Full-S1,True,0,220,79.6223230427131
cpu,MAFAULDA,model_only,Full-S1,True,0,221,79.209916992113
cpu,MAFAULDA,model_only,Full-S1,True,0,222,79.02394194388762
cpu,MAFAULDA,model_only,Full-S1,True,0,223,79.0434560040012
cpu,MAFAULDA,model_only,Full-S1,True,0,224,79.28077701944858
cpu,MAFAULDA,model_only,Full-S1,True,0,225,79.25787300337106
cpu,MAFAULDA,model_only,Full-S1,True,0,226,78.92641902435571
cpu,MAFAULDA,model_only,Full-S1,True,0,227,79.51510098064318
cpu,MAFAULDA,model_only,Full-S1,True,0,228,79.28367902059108
cpu,MAFAULDA,model_only,Full-S1,True,0,229,79.31377197382972
cpu,MAFAULDA,model_only,Full-S1,True,0,230,79.24134196946397
cpu,MAFAULDA,model_only,Full-S1,True,0,231,79.03863600222394
cpu,MAFAULDA,model_only,Full-S1,True,0,232,78.96940497448668
cpu,MAFAULDA,model_only,Full-S1,True,0,233,79.40893096383661
cpu,MAFAULDA,model_only,Full-S1,True,0,234,79.1441829642281
cpu,MAFAULDA,model_only,Full-S1,True,0,235,79.01582203339785
cpu,MAFAULDA,model_only,Full-S1,True,0,236,79.21090500894934
cpu,MAFAULDA,model_only,Full-S1,True,0,237,79.00144997984171
cpu,MAFAULDA,model_only,Full-S1,True,0,238,79.12027998827398
cpu,MAFAULDA,model_only,Full-S1,True,0,239,79.00697703007609
cpu,MAFAULDA,model_only,Full-S1,True,0,240,79.38887900672853
cpu,MAFAULDA,model_only,Full-S1,True,0,241,79.04522703029215
cpu,MAFAULDA,model_only,Full-S1,True,0,242,79.72156995674595
cpu,MAFAULDA,model_only,Full-S1,True,0,243,79.15311999386176
cpu,MAFAULDA,model_only,Full-S1,True,0,244,78.92583101056516
cpu,MAFAULDA,model_only,Full-S1,True,0,245,79.02119995560497
cpu,MAFAULDA,model_only,Full-S1,True,0,246,79.18793801218271
cpu,MAFAULDA,model_only,Full-S1,True,0,247,79.07141494797543
cpu,MAFAULDA,model_only,Full-S1,True,0,248,79.30217200191692
cpu,MAFAULDA,model_only,Full-S1,True,0,249,79.23851197119802
cpu,MAFAULDA,model_only,K1,True,0,0,42.088347021490335
cpu,MAFAULDA,model_only,K1,True,0,1,41.916037967894226
cpu,MAFAULDA,model_only,K1,True,0,2,41.958183981478214
cpu,MAFAULDA,model_only,K1,True,0,3,41.95560299558565
cpu,MAFAULDA,model_only,K1,True,0,4,41.854749026242644
cpu,MAFAULDA,model_only,K1,True,0,5,42.10607201093808
cpu,MAFAULDA,model_only,K1,True,0,6,41.934925015084445
cpu,MAFAULDA,model_only,K1,True,0,7,42.05329099204391
cpu,MAFAULDA,model_only,K1,True,0,8,41.917491995263845
cpu,MAFAULDA,model_only,K1,True,0,9,42.717822012491524
cpu,MAFAULDA,model_only,K1,True,0,10,42.11761394981295
cpu,MAFAULDA,model_only,K1,True,0,11,42.00612899148837
cpu,MAFAULDA,model_only,K1,True,0,12,41.95681103738025
cpu,MAFAULDA,model_only,K1,True,0,13,41.952383995521814
cpu,MAFAULDA,model_only,K1,True,0,14,42.02442499808967
cpu,MAFAULDA,model_only,K1,True,0,15,41.8930109590292
cpu,MAFAULDA,model_only,K1,True,0,16,41.95681301644072
cpu,MAFAULDA,model_only,K1,True,0,17,41.98159498628229
cpu,MAFAULDA,model_only,K1,True,0,18,42.147792992182076
cpu,MAFAULDA,model_only,K1,True,0,19,42.000507994089276
cpu,MAFAULDA,model_only,K1,True,0,20,41.95987497223541
cpu,MAFAULDA,model_only,K1,True,0,21,42.044892034027725
cpu,MAFAULDA,model_only,K1,True,0,22,42.17989195603877
cpu,MAFAULDA,model_only,K1,True,0,23,41.944003954995424
cpu,MAFAULDA,model_only,K1,True,0,24,42.01643500709906
cpu,MAFAULDA,model_only,K1,True,0,25,41.81423899717629
cpu,MAFAULDA,model_only,K1,True,0,26,41.990141035057604
cpu,MAFAULDA,model_only,K1,True,0,27,41.95416596485302
cpu,MAFAULDA,model_only,K1,True,0,28,41.926600970327854
cpu,MAFAULDA,model_only,K1,True,0,29,42.37000097054988
cpu,MAFAULDA,model_only,K1,True,0,30,41.94555198773742
cpu,MAFAULDA,model_only,K1,True,0,31,42.032928962726146
cpu,MAFAULDA,model_only,K1,True,0,32,41.908331972081214
cpu,MAFAULDA,model_only,K1,True,0,33,42.82911098562181
cpu,MAFAULDA,model_only,K1,True,0,34,42.072276992257684
cpu,MAFAULDA,model_only,K1,True,0,35,41.95862996857613
cpu,MAFAULDA,model_only,K1,True,0,36,41.9710369897075
cpu,MAFAULDA,model_only,K1,True,0,37,42.42869699373841
cpu,MAFAULDA,model_only,K1,True,0,38,45.45936203794554
cpu,MAFAULDA,model_only,K1,True,0,39,43.845937005244195
cpu,MAFAULDA,model_only,K1,True,0,40,41.99301596963778
cpu,MAFAULDA,model_only,K1,True,0,41,42.04060701886192
cpu,MAFAULDA,model_only,K1,True,0,42,41.96405899710953
cpu,MAFAULDA,model_only,K1,True,0,43,42.0220679952763
cpu,MAFAULDA,model_only,K1,True,0,44,41.93002003012225
cpu,MAFAULDA,model_only,K1,True,0,45,41.974100982770324
cpu,MAFAULDA,model_only,K1,True,0,46,42.20640897983685
cpu,MAFAULDA,model_only,K1,True,0,47,43.14449895173311
cpu,MAFAULDA,model_only,K1,True,0,48,43.43032400356606
cpu,MAFAULDA,model_only,K1,True,0,49,42.126408021431416
cpu,MAFAULDA,model_only,K1,True,0,50,41.97047703200951
cpu,MAFAULDA,model_only,K1,True,0,51,41.950931947212666
cpu,MAFAULDA,model_only,K1,True,0,52,41.90069099422544
cpu,MAFAULDA,model_only,K1,True,0,53,42.29379998287186
cpu,MAFAULDA,model_only,K1,True,0,54,41.98724596062675
cpu,MAFAULDA,model_only,K1,True,0,55,41.986111958976835
cpu,MAFAULDA,model_only,K1,True,0,56,41.96896200301126
cpu,MAFAULDA,model_only,K1,True,0,57,42.73243300849572
cpu,MAFAULDA,model_only,K1,True,0,58,42.05270000966266
cpu,MAFAULDA,model_only,K1,True,0,59,42.424583982210606
cpu,MAFAULDA,model_only,K1,True,0,60,41.9067710172385
cpu,MAFAULDA,model_only,K1,True,0,61,42.003615002613515
cpu,MAFAULDA,model_only,K1,True,0,62,42.32214897638187
cpu,MAFAULDA,model_only,K1,True,0,63,41.93228395888582
cpu,MAFAULDA,model_only,K1,True,0,64,42.65508201206103
cpu,MAFAULDA,model_only,K1,True,0,65,41.98079003253952
cpu,MAFAULDA,model_only,K1,True,0,66,41.95106803672388
cpu,MAFAULDA,model_only,K1,True,0,67,41.975402971729636
cpu,MAFAULDA,model_only,K1,True,0,68,41.998474043793976
cpu,MAFAULDA,model_only,K1,True,0,69,41.9788759900257
cpu,MAFAULDA,model_only,K1,True,0,70,41.92884004442021
cpu,MAFAULDA,model_only,K1,True,0,71,42.02547000022605
cpu,MAFAULDA,model_only,K1,True,0,72,41.88871802762151
cpu,MAFAULDA,model_only,K1,True,0,73,42.038301995489746
cpu,MAFAULDA,model_only,K1,True,0,74,42.024177964776754
cpu,MAFAULDA,model_only,K1,True,0,75,41.9110749498941
cpu,MAFAULDA,model_only,K1,True,0,76,41.917513008229434
cpu,MAFAULDA,model_only,K1,True,0,77,42.340407031588256
cpu,MAFAULDA,model_only,K1,True,0,78,41.945521952584386
cpu,MAFAULDA,model_only,K1,True,0,79,41.93501698318869
cpu,MAFAULDA,model_only,K1,True,0,80,42.19493898563087
cpu,MAFAULDA,model_only,K1,True,0,81,42.571521014906466
cpu,MAFAULDA,model_only,K1,True,0,82,41.91420000279322
cpu,MAFAULDA,model_only,K1,True,0,83,42.019360000267625
cpu,MAFAULDA,model_only,K1,True,0,84,41.95816197898239
cpu,MAFAULDA,model_only,K1,True,0,85,41.91441199509427
cpu,MAFAULDA,model_only,K1,True,0,86,41.98220302350819
cpu,MAFAULDA,model_only,K1,True,0,87,41.89910099375993
cpu,MAFAULDA,model_only,K1,True,0,88,41.97857098188251
cpu,MAFAULDA,model_only,K1,True,0,89,41.96817899355665
cpu,MAFAULDA,model_only,K1,True,0,90,41.96915001375601
cpu,MAFAULDA,model_only,K1,True,0,91,42.02992399223149
cpu,MAFAULDA,model_only,K1,True,0,92,41.966507968027145
cpu,MAFAULDA,model_only,K1,True,0,93,42.19590296270326
cpu,MAFAULDA,model_only,K1,True,0,94,41.94660595385358
cpu,MAFAULDA,model_only,K1,True,0,95,41.97878099512309
cpu,MAFAULDA,model_only,K1,True,0,96,41.8956900248304
cpu,MAFAULDA,model_only,K1,True,0,97,42.001805966719985
cpu,MAFAULDA,model_only,K1,True,0,98,41.96380899520591
cpu,MAFAULDA,model_only,K1,True,0,99,41.8696139822714
cpu,MAFAULDA,model_only,K1,True,0,100,41.96017899084836
cpu,MAFAULDA,model_only,K1,True,0,101,42.13832103414461
cpu,MAFAULDA,model_only,K1,True,0,102,41.98510595597327
cpu,MAFAULDA,model_only,K1,True,0,103,41.92969499854371
cpu,MAFAULDA,model_only,K1,True,0,104,42.865541006904095
cpu,MAFAULDA,model_only,K1,True,0,105,42.10071201669052
cpu,MAFAULDA,model_only,K1,True,0,106,41.94005503086373
cpu,MAFAULDA,model_only,K1,True,0,107,42.03090799273923
cpu,MAFAULDA,model_only,K1,True,0,108,41.9599199667573
cpu,MAFAULDA,model_only,K1,True,0,109,41.9377779471688
cpu,MAFAULDA,model_only,K1,True,0,110,41.961264971178025
cpu,MAFAULDA,model_only,K1,True,0,111,41.95200197864324
cpu,MAFAULDA,model_only,K1,True,0,112,42.037917010020465
cpu,MAFAULDA,model_only,K1,True,0,113,41.969674988649786
cpu,MAFAULDA,model_only,K1,True,0,114,41.942390031181276
cpu,MAFAULDA,model_only,K1,True,0,115,42.015694023575634
cpu,MAFAULDA,model_only,K1,True,0,116,42.302880028728396
cpu,MAFAULDA,model_only,K1,True,0,117,42.01760800788179
cpu,MAFAULDA,model_only,K1,True,0,118,41.93427704740316
cpu,MAFAULDA,model_only,K1,True,0,119,42.13799099670723
cpu,MAFAULDA,model_only,K1,True,0,120,41.94393800571561
cpu,MAFAULDA,model_only,K1,True,0,121,41.99066897854209
cpu,MAFAULDA,model_only,K1,True,0,122,41.942455049138516
cpu,MAFAULDA,model_only,K1,True,0,123,41.859737946651876
cpu,MAFAULDA,model_only,K1,True,0,124,42.008756019640714
cpu,MAFAULDA,model_only,K1,True,0,125,41.98890901170671
cpu,MAFAULDA,model_only,K1,True,0,126,41.969840007368475
cpu,MAFAULDA,model_only,K1,True,0,127,41.90384998219088
cpu,MAFAULDA,model_only,K1,True,0,128,42.93908295221627
cpu,MAFAULDA,model_only,K1,True,0,129,42.090216011274606
cpu,MAFAULDA,model_only,K1,True,0,130,41.94540099706501
cpu,MAFAULDA,model_only,K1,True,0,131,42.03313100151718
cpu,MAFAULDA,model_only,K1,True,0,132,41.91391199128702
cpu,MAFAULDA,model_only,K1,True,0,133,42.01889003161341
cpu,MAFAULDA,model_only,K1,True,0,134,41.92056698957458
cpu,MAFAULDA,model_only,K1,True,0,135,42.08768502576277
cpu,MAFAULDA,model_only,K1,True,0,136,42.04581503290683
cpu,MAFAULDA,model_only,K1,True,0,137,41.96672298712656
cpu,MAFAULDA,model_only,K1,True,0,138,41.931572020985186
cpu,MAFAULDA,model_only,K1,True,0,139,41.969824000261724
cpu,MAFAULDA,model_only,K1,True,0,140,42.08565497538075
cpu,MAFAULDA,model_only,K1,True,0,141,42.112003022339195
cpu,MAFAULDA,model_only,K1,True,0,142,42.03989601228386
cpu,MAFAULDA,model_only,K1,True,0,143,41.96332598803565
cpu,MAFAULDA,model_only,K1,True,0,144,41.981673042755574
cpu,MAFAULDA,model_only,K1,True,0,145,41.992587968707085
cpu,MAFAULDA,model_only,K1,True,0,146,41.92196304211393
cpu,MAFAULDA,model_only,K1,True,0,147,41.93626198684797
cpu,MAFAULDA,model_only,K1,True,0,148,42.17162204440683
cpu,MAFAULDA,model_only,K1,True,0,149,42.03758202493191
cpu,MAFAULDA,model_only,K1,True,0,150,41.97122197365388
cpu,MAFAULDA,model_only,K1,True,0,151,41.97550599928945
cpu,MAFAULDA,model_only,K1,True,0,152,42.771057051140815
cpu,MAFAULDA,model_only,K1,True,0,153,42.12888999609277
cpu,MAFAULDA,model_only,K1,True,0,154,41.92967095877975
cpu,MAFAULDA,model_only,K1,True,0,155,41.93478304659948
cpu,MAFAULDA,model_only,K1,True,0,156,41.93486401345581
cpu,MAFAULDA,model_only,K1,True,0,157,42.297967011108994
cpu,MAFAULDA,model_only,K1,True,0,158,41.97010298958048
cpu,MAFAULDA,model_only,K1,True,0,159,42.5896979868412
cpu,MAFAULDA,model_only,K1,True,0,160,42.10267902817577
cpu,MAFAULDA,model_only,K1,True,0,161,41.92462796345353
cpu,MAFAULDA,model_only,K1,True,0,162,42.022981971967965
cpu,MAFAULDA,model_only,K1,True,0,163,42.00335300993174
cpu,MAFAULDA,model_only,K1,True,0,164,41.95464198710397
cpu,MAFAULDA,model_only,K1,True,0,165,41.91509896190837
cpu,MAFAULDA,model_only,K1,True,0,166,41.93859698716551
cpu,MAFAULDA,model_only,K1,True,0,167,41.97433096123859
cpu,MAFAULDA,model_only,K1,True,0,168,42.08646196639165
cpu,MAFAULDA,model_only,K1,True,0,169,42.01463103527203
cpu,MAFAULDA,model_only,K1,True,0,170,44.18652399908751
cpu,MAFAULDA,model_only,K1,True,0,171,41.97487700730562
cpu,MAFAULDA,model_only,K1,True,0,172,42.52803896088153
cpu,MAFAULDA,model_only,K1,True,0,173,42.02325799269602
cpu,MAFAULDA,model_only,K1,True,0,174,41.94849100895226
cpu,MAFAULDA,model_only,K1,True,0,175,41.873537993524224
cpu,MAFAULDA,model_only,K1,True,0,176,43.616770999506116
cpu,MAFAULDA,model_only,K1,True,0,177,42.52061899751425
cpu,MAFAULDA,model_only,K1,True,0,178,42.65941900666803
cpu,MAFAULDA,model_only,K1,True,0,179,42.04240196850151
cpu,MAFAULDA,model_only,K1,True,0,180,42.38128301221877
cpu,MAFAULDA,model_only,K1,True,0,181,42.27110097417608
cpu,MAFAULDA,model_only,K1,True,0,182,41.94918600842357
cpu,MAFAULDA,model_only,K1,True,0,183,42.10748098557815
cpu,MAFAULDA,model_only,K1,True,0,184,42.04735200619325
cpu,MAFAULDA,model_only,K1,True,0,185,42.10238700034097
cpu,MAFAULDA,model_only,K1,True,0,186,42.01548802666366
cpu,MAFAULDA,model_only,K1,True,0,187,41.928216989617795
cpu,MAFAULDA,model_only,K1,True,0,188,42.058950988575816
cpu,MAFAULDA,model_only,K1,True,0,189,42.1251300140284
cpu,MAFAULDA,model_only,K1,True,0,190,42.1536709764041
cpu,MAFAULDA,model_only,K1,True,0,191,41.97813494829461
cpu,MAFAULDA,model_only,K1,True,0,192,41.9866630109027
cpu,MAFAULDA,model_only,K1,True,0,193,41.92792100366205
cpu,MAFAULDA,model_only,K1,True,0,194,41.92536702612415
cpu,MAFAULDA,model_only,K1,True,0,195,41.97507502976805
cpu,MAFAULDA,model_only,K1,True,0,196,42.203644989058375
cpu,MAFAULDA,model_only,K1,True,0,197,42.017353989649564
cpu,MAFAULDA,model_only,K1,True,0,198,41.899735981132835
cpu,MAFAULDA,model_only,K1,True,0,199,42.49107401119545
cpu,MAFAULDA,model_only,K1,True,0,200,42.10125101963058
cpu,MAFAULDA,model_only,K1,True,0,201,42.01498598558828
cpu,MAFAULDA,model_only,K1,True,0,202,42.13843896286562
cpu,MAFAULDA,model_only,K1,True,0,203,41.977541986852884
cpu,MAFAULDA,model_only,K1,True,0,204,41.98211396578699
cpu,MAFAULDA,model_only,K1,True,0,205,41.96647397475317
cpu,MAFAULDA,model_only,K1,True,0,206,41.91049002110958
cpu,MAFAULDA,model_only,K1,True,0,207,42.04855300486088
cpu,MAFAULDA,model_only,K1,True,0,208,42.079647013451904
cpu,MAFAULDA,model_only,K1,True,0,209,41.97990498505533
cpu,MAFAULDA,model_only,K1,True,0,210,41.896487993653864
cpu,MAFAULDA,model_only,K1,True,0,211,41.9898210093379
cpu,MAFAULDA,model_only,K1,True,0,212,42.003161972388625
cpu,MAFAULDA,model_only,K1,True,0,213,41.90642002504319
cpu,MAFAULDA,model_only,K1,True,0,214,42.056922044139355
cpu,MAFAULDA,model_only,K1,True,0,215,41.92191100446507
cpu,MAFAULDA,model_only,K1,True,0,216,41.96003096876666
cpu,MAFAULDA,model_only,K1,True,0,217,42.02440899098292
cpu,MAFAULDA,model_only,K1,True,0,218,41.88496898859739
cpu,MAFAULDA,model_only,K1,True,0,219,42.038436979055405
cpu,MAFAULDA,model_only,K1,True,0,220,42.57481702370569
cpu,MAFAULDA,model_only,K1,True,0,221,42.03354998026043
cpu,MAFAULDA,model_only,K1,True,0,222,41.92921699723229
cpu,MAFAULDA,model_only,K1,True,0,223,42.94846602715552
cpu,MAFAULDA,model_only,K1,True,0,224,42.19126398675144
cpu,MAFAULDA,model_only,K1,True,0,225,42.01008001109585
cpu,MAFAULDA,model_only,K1,True,0,226,42.01284202281386
cpu,MAFAULDA,model_only,K1,True,0,227,41.90432099858299
cpu,MAFAULDA,model_only,K1,True,0,228,41.94507101783529
cpu,MAFAULDA,model_only,K1,True,0,229,41.928626014851034
cpu,MAFAULDA,model_only,K1,True,0,230,41.840622026938945
cpu,MAFAULDA,model_only,K1,True,0,231,42.05377504695207
cpu,MAFAULDA,model_only,K1,True,0,232,41.91958496812731
cpu,MAFAULDA,model_only,K1,True,0,233,42.01763996388763
cpu,MAFAULDA,model_only,K1,True,0,234,41.919179959222674
cpu,MAFAULDA,model_only,K1,True,0,235,42.580197972711176
cpu,MAFAULDA,model_only,K1,True,0,236,42.23226202884689
cpu,MAFAULDA,model_only,K1,True,0,237,42.110678972676396
cpu,MAFAULDA,model_only,K1,True,0,238,42.01947501860559
cpu,MAFAULDA,model_only,K1,True,0,239,41.93387500708923
cpu,MAFAULDA,model_only,K1,True,0,240,41.96953400969505
cpu,MAFAULDA,model_only,K1,True,0,241,41.97018995182589
cpu,MAFAULDA,model_only,K1,True,0,242,41.96571500506252
cpu,MAFAULDA,model_only,K1,True,0,243,41.97874601231888
cpu,MAFAULDA,model_only,K1,True,0,244,42.089022987056524
cpu,MAFAULDA,model_only,K1,True,0,245,41.954205953516066
cpu,MAFAULDA,model_only,K1,True,0,246,41.86695005046204
cpu,MAFAULDA,model_only,K1,True,0,247,42.841775983106345
cpu,MAFAULDA,model_only,K1,True,0,248,42.07122197840363
cpu,MAFAULDA,model_only,K1,True,0,249,41.940708993934095
cpu,MAFAULDA,model_only,K1,True,1,0,42.05454100156203
cpu,MAFAULDA,model_only,K1,True,1,1,41.98582796379924
cpu,MAFAULDA,model_only,K1,True,1,2,41.95262701250613
cpu,MAFAULDA,model_only,K1,True,1,3,41.91803699359298
cpu,MAFAULDA,model_only,K1,True,1,4,42.56803396856412
cpu,MAFAULDA,model_only,K1,True,1,5,42.205107980407774
cpu,MAFAULDA,model_only,K1,True,1,6,41.92070401040837
cpu,MAFAULDA,model_only,K1,True,1,7,41.92854400025681
cpu,MAFAULDA,model_only,K1,True,1,8,41.902626981027424
cpu,MAFAULDA,model_only,K1,True,1,9,41.98100802022964
cpu,MAFAULDA,model_only,K1,True,1,10,41.96119599509984
cpu,MAFAULDA,model_only,K1,True,1,11,41.973591956775635
cpu,MAFAULDA,model_only,K1,True,1,12,41.93129896884784
cpu,MAFAULDA,model_only,K1,True,1,13,42.05534199718386
cpu,MAFAULDA,model_only,K1,True,1,14,41.94649902638048
cpu,MAFAULDA,model_only,K1,True,1,15,42.02234197873622
cpu,MAFAULDA,model_only,K1,True,1,16,41.97029600618407
cpu,MAFAULDA,model_only,K1,True,1,17,42.08221100270748
cpu,MAFAULDA,model_only,K1,True,1,18,41.97677900083363
cpu,MAFAULDA,model_only,K1,True,1,19,41.93627298809588
cpu,MAFAULDA,model_only,K1,True,1,20,41.86623397981748
cpu,MAFAULDA,model_only,K1,True,1,21,42.74747701128945
cpu,MAFAULDA,model_only,K1,True,1,22,42.07617900101468
cpu,MAFAULDA,model_only,K1,True,1,23,41.93972499342635
cpu,MAFAULDA,model_only,K1,True,1,24,41.97155503788963
cpu,MAFAULDA,model_only,K1,True,1,25,41.93642397876829
cpu,MAFAULDA,model_only,K1,True,1,26,42.33981197467074
cpu,MAFAULDA,model_only,K1,True,1,27,41.9134339899756
cpu,MAFAULDA,model_only,K1,True,1,28,42.039142979774624
cpu,MAFAULDA,model_only,K1,True,1,29,41.901068994775414
cpu,MAFAULDA,model_only,K1,True,1,30,41.95404698839411
cpu,MAFAULDA,model_only,K1,True,1,31,41.92660900298506
cpu,MAFAULDA,model_only,K1,True,1,32,41.85618500923738
cpu,MAFAULDA,model_only,K1,True,1,33,41.98863700730726
cpu,MAFAULDA,model_only,K1,True,1,34,42.106853041332215
cpu,MAFAULDA,model_only,K1,True,1,35,41.9501310097985
cpu,MAFAULDA,model_only,K1,True,1,36,41.88448400236666
cpu,MAFAULDA,model_only,K1,True,1,37,41.91750200698152
cpu,MAFAULDA,model_only,K1,True,1,38,41.976722015533596
cpu,MAFAULDA,model_only,K1,True,1,39,41.93433001637459
cpu,MAFAULDA,model_only,K1,True,1,40,41.94043105235323
cpu,MAFAULDA,model_only,K1,True,1,41,42.011059005744755
cpu,MAFAULDA,model_only,K1,True,1,42,41.94564599310979
cpu,MAFAULDA,model_only,K1,True,1,43,42.3532470013015
cpu,MAFAULDA,model_only,K1,True,1,44,41.93714604480192
cpu,MAFAULDA,model_only,K1,True,1,45,42.700331017840654
cpu,MAFAULDA,model_only,K1,True,1,46,42.47047402895987
cpu,MAFAULDA,model_only,K1,True,1,47,42.05940500833094
cpu,MAFAULDA,model_only,K1,True,1,48,41.90689598908648
cpu,MAFAULDA,model_only,K1,True,1,49,42.148792010266334
cpu,MAFAULDA,model_only,K1,True,1,50,42.03960200538859
cpu,MAFAULDA,model_only,K1,True,1,51,41.893835994414985
cpu,MAFAULDA,model_only,K1,True,1,52,42.048325994983315
cpu,MAFAULDA,model_only,K1,True,1,53,42.10332501679659
cpu,MAFAULDA,model_only,K1,True,1,54,41.943837015423924
cpu,MAFAULDA,model_only,K1,True,1,55,41.97206301614642
cpu,MAFAULDA,model_only,K1,True,1,56,41.96453496115282
cpu,MAFAULDA,model_only,K1,True,1,57,42.03534300904721
cpu,MAFAULDA,model_only,K1,True,1,58,42.07170504378155
cpu,MAFAULDA,model_only,K1,True,1,59,42.02589299529791
cpu,MAFAULDA,model_only,K1,True,1,60,41.93383001256734
cpu,MAFAULDA,model_only,K1,True,1,61,41.922107979189605
cpu,MAFAULDA,model_only,K1,True,1,62,41.974172985646874
cpu,MAFAULDA,model_only,K1,True,1,63,42.02573100337759
cpu,MAFAULDA,model_only,K1,True,1,64,42.00757702346891
cpu,MAFAULDA,model_only,K1,True,1,65,42.01446898514405
cpu,MAFAULDA,model_only,K1,True,1,66,41.980023961514235
cpu,MAFAULDA,model_only,K1,True,1,67,41.935323970392346
cpu,MAFAULDA,model_only,K1,True,1,68,42.74219996295869
cpu,MAFAULDA,model_only,K1,True,1,69,43.17598300985992
cpu,MAFAULDA,model_only,K1,True,1,70,41.97330999886617
cpu,MAFAULDA,model_only,K1,True,1,71,42.069787974469364
cpu,MAFAULDA,model_only,K1,True,1,72,41.91352799534798
cpu,MAFAULDA,model_only,K1,True,1,73,42.01832099352032
cpu,MAFAULDA,model_only,K1,True,1,74,41.940319002605975
cpu,MAFAULDA,model_only,K1,True,1,75,41.87784600071609
cpu,MAFAULDA,model_only,K1,True,1,76,42.0984270167537
cpu,MAFAULDA,model_only,K1,True,1,77,41.88051598612219
cpu,MAFAULDA,model_only,K1,True,1,78,41.930923005566
cpu,MAFAULDA,model_only,K1,True,1,79,41.96760000195354
cpu,MAFAULDA,model_only,K1,True,1,80,41.89164598938078
cpu,MAFAULDA,model_only,K1,True,1,81,42.03965101623908
cpu,MAFAULDA,model_only,K1,True,1,82,42.082462983671576
cpu,MAFAULDA,model_only,K1,True,1,83,41.92276200046763
cpu,MAFAULDA,model_only,K1,True,1,84,41.913808963727206
cpu,MAFAULDA,model_only,K1,True,1,85,41.93451802711934
cpu,MAFAULDA,model_only,K1,True,1,86,41.869406995829195
cpu,MAFAULDA,model_only,K1,True,1,87,41.96119902189821
cpu,MAFAULDA,model_only,K1,True,1,88,41.931700019631535
cpu,MAFAULDA,model_only,K1,True,1,89,42.36441705143079
cpu,MAFAULDA,model_only,K1,True,1,90,41.993242979515344
cpu,MAFAULDA,model_only,K1,True,1,91,41.940349037759006
cpu,MAFAULDA,model_only,K1,True,1,92,42.805533041246235
cpu,MAFAULDA,model_only,K1,True,1,93,42.08402399672195
cpu,MAFAULDA,model_only,K1,True,1,94,41.97937302524224
cpu,MAFAULDA,model_only,K1,True,1,95,42.032319004647434
cpu,MAFAULDA,model_only,K1,True,1,96,41.8936189962551
cpu,MAFAULDA,model_only,K1,True,1,97,41.93168203346431
cpu,MAFAULDA,model_only,K1,True,1,98,41.96702694753185
cpu,MAFAULDA,model_only,K1,True,1,99,42.48745203949511
cpu,MAFAULDA,model_only,K1,True,1,100,42.08094801288098
cpu,MAFAULDA,model_only,K1,True,1,101,42.70873300265521
cpu,MAFAULDA,model_only,K1,True,1,102,41.97206499520689
cpu,MAFAULDA,model_only,K1,True,1,103,41.972531005740166
cpu,MAFAULDA,model_only,K1,True,1,104,42.44348901556805
cpu,MAFAULDA,model_only,K1,True,1,105,41.970811027567834
cpu,MAFAULDA,model_only,K1,True,1,106,41.94808698957786
cpu,MAFAULDA,model_only,K1,True,1,107,41.96299205068499
cpu,MAFAULDA,model_only,K1,True,1,108,42.016455030534416
cpu,MAFAULDA,model_only,K1,True,1,109,41.967466997448355
cpu,MAFAULDA,model_only,K1,True,1,110,41.92197398515418
cpu,MAFAULDA,model_only,K1,True,1,111,42.01370198279619
cpu,MAFAULDA,model_only,K1,True,1,112,41.97339800884947
cpu,MAFAULDA,model_only,K1,True,1,113,42.59807599009946
cpu,MAFAULDA,model_only,K1,True,1,114,42.01101599028334
cpu,MAFAULDA,model_only,K1,True,1,115,41.90578899579123
cpu,MAFAULDA,model_only,K1,True,1,116,42.652992997318506
cpu,MAFAULDA,model_only,K1,True,1,117,42.07258502719924
cpu,MAFAULDA,model_only,K1,True,1,118,41.88340698601678
cpu,MAFAULDA,model_only,K1,True,1,119,41.99539701221511
cpu,MAFAULDA,model_only,K1,True,1,120,41.87256202567369
cpu,MAFAULDA,model_only,K1,True,1,121,41.94837994873524
cpu,MAFAULDA,model_only,K1,True,1,122,42.006469971966
cpu,MAFAULDA,model_only,K1,True,1,123,41.99772799620405
cpu,MAFAULDA,model_only,K1,True,1,124,42.05568798352033
cpu,MAFAULDA,model_only,K1,True,1,125,41.954796004574746
cpu,MAFAULDA,model_only,K1,True,1,126,42.01659496175125
cpu,MAFAULDA,model_only,K1,True,1,127,41.95473698200658
cpu,MAFAULDA,model_only,K1,True,1,128,42.02196397818625
cpu,MAFAULDA,model_only,K1,True,1,129,42.06588497618213
cpu,MAFAULDA,model_only,K1,True,1,130,41.96646698983386
cpu,MAFAULDA,model_only,K1,True,1,131,41.894746012985706
cpu,MAFAULDA,model_only,K1,True,1,132,41.94134200224653
cpu,MAFAULDA,model_only,K1,True,1,133,41.98154795449227
cpu,MAFAULDA,model_only,K1,True,1,134,41.879412019625306
cpu,MAFAULDA,model_only,K1,True,1,135,41.93910397589207
cpu,MAFAULDA,model_only,K1,True,1,136,41.86322301393375
cpu,MAFAULDA,model_only,K1,True,1,137,42.120858968701214
cpu,MAFAULDA,model_only,K1,True,1,138,42.001415975391865
cpu,MAFAULDA,model_only,K1,True,1,139,41.99963103746995
cpu,MAFAULDA,model_only,K1,True,1,140,42.77961701154709
cpu,MAFAULDA,model_only,K1,True,1,141,41.98210296453908
cpu,MAFAULDA,model_only,K1,True,1,142,41.92656499799341
cpu,MAFAULDA,model_only,K1,True,1,143,41.98649903992191
cpu,MAFAULDA,model_only,K1,True,1,144,41.92594101186842
cpu,MAFAULDA,model_only,K1,True,1,145,42.43105195928365
cpu,MAFAULDA,model_only,K1,True,1,146,42.22030902747065
cpu,MAFAULDA,model_only,K1,True,1,147,41.938479989767075
cpu,MAFAULDA,model_only,K1,True,1,148,41.989581019151956
cpu,MAFAULDA,model_only,K1,True,1,149,41.914219968020916
cpu,MAFAULDA,model_only,K1,True,1,150,41.968564968556166
cpu,MAFAULDA,model_only,K1,True,1,151,42.003067035693675
cpu,MAFAULDA,model_only,K1,True,1,152,42.01700398698449
cpu,MAFAULDA,model_only,K1,True,1,153,41.89086199039593
cpu,MAFAULDA,model_only,K1,True,1,154,41.927371989004314
cpu,MAFAULDA,model_only,K1,True,1,155,41.948944970499724
cpu,MAFAULDA,model_only,K1,True,1,156,41.87761398497969
cpu,MAFAULDA,model_only,K1,True,1,157,41.98918101610616
cpu,MAFAULDA,model_only,K1,True,1,158,41.903974022716284
cpu,MAFAULDA,model_only,K1,True,1,159,41.895313013810664
cpu,MAFAULDA,model_only,K1,True,1,160,41.95193003397435
cpu,MAFAULDA,model_only,K1,True,1,161,42.5294769811444
cpu,MAFAULDA,model_only,K1,True,1,162,42.006075964309275
cpu,MAFAULDA,model_only,K1,True,1,163,44.09166396362707
cpu,MAFAULDA,model_only,K1,True,1,164,42.38916398026049
cpu,MAFAULDA,model_only,K1,True,1,165,42.76147502241656
cpu,MAFAULDA,model_only,K1,True,1,166,42.049148003570735
cpu,MAFAULDA,model_only,K1,True,1,167,41.952645988203585
cpu,MAFAULDA,model_only,K1,True,1,168,42.285589966923
cpu,MAFAULDA,model_only,K1,True,1,169,41.96567396866158
cpu,MAFAULDA,model_only,K1,True,1,170,41.94290598388761
cpu,MAFAULDA,model_only,K1,True,1,171,42.01733600348234
cpu,MAFAULDA,model_only,K1,True,1,172,42.043089983053505
cpu,MAFAULDA,model_only,K1,True,1,173,41.95140296360478
cpu,MAFAULDA,model_only,K1,True,1,174,42.3380239517428
cpu,MAFAULDA,model_only,K1,True,1,175,41.98009200626984
cpu,MAFAULDA,model_only,K1,True,1,176,41.94909299258143
cpu,MAFAULDA,model_only,K1,True,1,177,42.10230702301487
cpu,MAFAULDA,model_only,K1,True,1,178,41.93627100903541
cpu,MAFAULDA,model_only,K1,True,1,179,41.91781301051378
cpu,MAFAULDA,model_only,K1,True,1,180,41.97074199328199
cpu,MAFAULDA,model_only,K1,True,1,181,41.912517976015806
cpu,MAFAULDA,model_only,K1,True,1,182,41.8769340030849
cpu,MAFAULDA,model_only,K1,True,1,183,41.989037999883294
cpu,MAFAULDA,model_only,K1,True,1,184,42.15403797570616
cpu,MAFAULDA,model_only,K1,True,1,185,42.022612993605435
cpu,MAFAULDA,model_only,K1,True,1,186,42.01130702858791
cpu,MAFAULDA,model_only,K1,True,1,187,43.008929991628975
cpu,MAFAULDA,model_only,K1,True,1,188,42.19990101410076
cpu,MAFAULDA,model_only,K1,True,1,189,42.08236903650686
cpu,MAFAULDA,model_only,K1,True,1,190,42.08330297842622
cpu,MAFAULDA,model_only,K1,True,1,191,42.003072041552514
cpu,MAFAULDA,model_only,K1,True,1,192,41.97373200440779
cpu,MAFAULDA,model_only,K1,True,1,193,42.051562981214374
cpu,MAFAULDA,model_only,K1,True,1,194,42.01663099229336
cpu,MAFAULDA,model_only,K1,True,1,195,42.428604036103934
cpu,MAFAULDA,model_only,K1,True,1,196,42.07031201804057
cpu,MAFAULDA,model_only,K1,True,1,197,42.060988023877144
cpu,MAFAULDA,model_only,K1,True,1,198,42.067517002578825
cpu,MAFAULDA,model_only,K1,True,1,199,42.077681981027126
cpu,MAFAULDA,model_only,K1,True,1,200,42.04286797903478
cpu,MAFAULDA,model_only,K1,True,1,201,42.17443201923743
cpu,MAFAULDA,model_only,K1,True,1,202,42.006998031865805
cpu,MAFAULDA,model_only,K1,True,1,203,42.10291098570451
cpu,MAFAULDA,model_only,K1,True,1,204,41.9938379782252
cpu,MAFAULDA,model_only,K1,True,1,205,42.04237600788474
cpu,MAFAULDA,model_only,K1,True,1,206,41.95558000355959
cpu,MAFAULDA,model_only,K1,True,1,207,42.05891001038253
cpu,MAFAULDA,model_only,K1,True,1,208,42.48516296502203
cpu,MAFAULDA,model_only,K1,True,1,209,42.188101971987635
cpu,MAFAULDA,model_only,K1,True,1,210,42.06698195775971
cpu,MAFAULDA,model_only,K1,True,1,211,42.83167398534715
cpu,MAFAULDA,model_only,K1,True,1,212,42.19673102488741
cpu,MAFAULDA,model_only,K1,True,1,213,41.990243014879525
cpu,MAFAULDA,model_only,K1,True,1,214,42.05544095020741
cpu,MAFAULDA,model_only,K1,True,1,215,42.08390798885375
cpu,MAFAULDA,model_only,K1,True,1,216,42.01138002099469
cpu,MAFAULDA,model_only,K1,True,1,217,41.96634702384472
cpu,MAFAULDA,model_only,K1,True,1,218,41.9531490188092
cpu,MAFAULDA,model_only,K1,True,1,219,42.23506699781865
cpu,MAFAULDA,model_only,K1,True,1,220,42.03351098112762
cpu,MAFAULDA,model_only,K1,True,1,221,42.070453986525536
cpu,MAFAULDA,model_only,K1,True,1,222,41.96938400855288
cpu,MAFAULDA,model_only,K1,True,1,223,42.425181018188596
cpu,MAFAULDA,model_only,K1,True,1,224,42.236000997945666
cpu,MAFAULDA,model_only,K1,True,1,225,41.98264499427751
cpu,MAFAULDA,model_only,K1,True,1,226,42.02127904864028
cpu,MAFAULDA,model_only,K1,True,1,227,42.018190026283264
cpu,MAFAULDA,model_only,K1,True,1,228,42.0195659971796
cpu,MAFAULDA,model_only,K1,True,1,229,42.060996987856925
cpu,MAFAULDA,model_only,K1,True,1,230,42.04272397328168
cpu,MAFAULDA,model_only,K1,True,1,231,42.04283200670034
cpu,MAFAULDA,model_only,K1,True,1,232,42.54590399796143
cpu,MAFAULDA,model_only,K1,True,1,233,42.081501975189894
cpu,MAFAULDA,model_only,K1,True,1,234,41.987603006418794
cpu,MAFAULDA,model_only,K1,True,1,235,42.94863704126328
cpu,MAFAULDA,model_only,K1,True,1,236,42.19391301739961
cpu,MAFAULDA,model_only,K1,True,1,237,41.991594014689326
cpu,MAFAULDA,model_only,K1,True,1,238,42.05906798597425
cpu,MAFAULDA,model_only,K1,True,1,239,42.01016202569008
cpu,MAFAULDA,model_only,K1,True,1,240,42.00631001731381
cpu,MAFAULDA,model_only,K1,True,1,241,41.9713850133121
cpu,MAFAULDA,model_only,K1,True,1,242,42.01857600128278
cpu,MAFAULDA,model_only,K1,True,1,243,42.20240900758654
cpu,MAFAULDA,model_only,K1,True,1,244,42.03590104589239
cpu,MAFAULDA,model_only,K1,True,1,245,42.0038640149869
cpu,MAFAULDA,model_only,K1,True,1,246,42.06707898993045
cpu,MAFAULDA,model_only,K1,True,1,247,42.26927901618183
cpu,MAFAULDA,model_only,K1,True,1,248,42.03400103142485
cpu,MAFAULDA,model_only,K1,True,1,249,42.000462010037154
cpu,MAFAULDA,model_only,Full-S1,True,1,0,79.26783402217552
cpu,MAFAULDA,model_only,Full-S1,True,1,1,79.1459979955107
cpu,MAFAULDA,model_only,Full-S1,True,1,2,79.11907997913659
cpu,MAFAULDA,model_only,Full-S1,True,1,3,79.62870801566169
cpu,MAFAULDA,model_only,Full-S1,True,1,4,79.7818920109421
cpu,MAFAULDA,model_only,Full-S1,True,1,5,80.32682200428098
cpu,MAFAULDA,model_only,Full-S1,True,1,6,79.14908102247864
cpu,MAFAULDA,model_only,Full-S1,True,1,7,80.66810597665608
cpu,MAFAULDA,model_only,Full-S1,True,1,8,79.12703900365159
cpu,MAFAULDA,model_only,Full-S1,True,1,9,79.15326702641323
cpu,MAFAULDA,model_only,Full-S1,True,1,10,79.00575903477147
cpu,MAFAULDA,model_only,Full-S1,True,1,11,79.08778096316382
cpu,MAFAULDA,model_only,Full-S1,True,1,12,81.98249799897894
cpu,MAFAULDA,model_only,Full-S1,True,1,13,79.23020998714492
cpu,MAFAULDA,model_only,Full-S1,True,1,14,79.04399296967313
cpu,MAFAULDA,model_only,Full-S1,True,1,15,79.16519499849528
cpu,MAFAULDA,model_only,Full-S1,True,1,16,79.14010598324239
cpu,MAFAULDA,model_only,Full-S1,True,1,17,79.94480698835105
cpu,MAFAULDA,model_only,Full-S1,True,1,18,79.38617799663916
cpu,MAFAULDA,model_only,Full-S1,True,1,19,79.29230702575296
cpu,MAFAULDA,model_only,Full-S1,True,1,20,79.02539998758584
cpu,MAFAULDA,model_only,Full-S1,True,1,21,79.81333398493007
cpu,MAFAULDA,model_only,Full-S1,True,1,22,79.08719900297001
cpu,MAFAULDA,model_only,Full-S1,True,1,23,79.08067799871787
cpu,MAFAULDA,model_only,Full-S1,True,1,24,79.21761699253693
cpu,MAFAULDA,model_only,Full-S1,True,1,25,79.22837900696322
cpu,MAFAULDA,model_only,Full-S1,True,1,26,79.01492400560528
cpu,MAFAULDA,model_only,Full-S1,True,1,27,79.06828401610255
cpu,MAFAULDA,model_only,Full-S1,True,1,28,79.42144200205803
cpu,MAFAULDA,model_only,Full-S1,True,1,29,79.94014205178246
cpu,MAFAULDA,model_only,Full-S1,True,1,30,79.26469400990754
cpu,MAFAULDA,model_only,Full-S1,True,1,31,79.12163896253332
cpu,MAFAULDA,model_only,Full-S1,True,1,32,78.92039301805198
cpu,MAFAULDA,model_only,Full-S1,True,1,33,79.00548400357366
cpu,MAFAULDA,model_only,Full-S1,True,1,34,79.02779598953202
cpu,MAFAULDA,model_only,Full-S1,True,1,35,78.97940097609535
cpu,MAFAULDA,model_only,Full-S1,True,1,36,79.02682200074196
cpu,MAFAULDA,model_only,Full-S1,True,1,37,79.1773889795877
cpu,MAFAULDA,model_only,Full-S1,True,1,38,78.97418003994972
cpu,MAFAULDA,model_only,Full-S1,True,1,39,78.97744997171685
cpu,MAFAULDA,model_only,Full-S1,True,1,40,79.00824397802353
cpu,MAFAULDA,model_only,Full-S1,True,1,41,79.19339701766148
cpu,MAFAULDA,model_only,Full-S1,True,1,42,79.72449297085404
cpu,MAFAULDA,model_only,Full-S1,True,1,43,79.15506197605282
cpu,MAFAULDA,model_only,Full-S1,True,1,44,79.04627698007971
cpu,MAFAULDA,model_only,Full-S1,True,1,45,78.98035197285935
cpu,MAFAULDA,model_only,Full-S1,True,1,46,79.11552599398419
cpu,MAFAULDA,model_only,Full-S1,True,1,47,78.96179298404604
cpu,MAFAULDA,model_only,Full-S1,True,1,48,79.1043079807423
cpu,MAFAULDA,model_only,Full-S1,True,1,49,79.13569000083953
cpu,MAFAULDA,model_only,Full-S1,True,1,50,79.07232997240499
cpu,MAFAULDA,model_only,Full-S1,True,1,51,79.00251500541344
cpu,MAFAULDA,model_only,Full-S1,True,1,52,79.00941302068532
cpu,MAFAULDA,model_only,Full-S1,True,1,53,78.97762401262298
cpu,MAFAULDA,model_only,Full-S1,True,1,54,79.18629300547764
cpu,MAFAULDA,model_only,Full-S1,True,1,55,79.7076279995963
cpu,MAFAULDA,model_only,Full-S1,True,1,56,79.13837599335238
cpu,MAFAULDA,model_only,Full-S1,True,1,57,79.11317597609013
cpu,MAFAULDA,model_only,Full-S1,True,1,58,79.00412299204618
cpu,MAFAULDA,model_only,Full-S1,True,1,59,79.29987402167171
cpu,MAFAULDA,model_only,Full-S1,True,1,60,79.07238299958408
cpu,MAFAULDA,model_only,Full-S1,True,1,61,78.9289100212045
cpu,MAFAULDA,model_only,Full-S1,True,1,62,79.29282396798953
cpu,MAFAULDA,model_only,Full-S1,True,1,63,79.05124197714031
cpu,MAFAULDA,model_only,Full-S1,True,1,64,78.9077720255591
cpu,MAFAULDA,model_only,Full-S1,True,1,65,79.08635097555816
cpu,MAFAULDA,model_only,Full-S1,True,1,66,79.15003300877288
cpu,MAFAULDA,model_only,Full-S1,True,1,67,79.99270799336955
cpu,MAFAULDA,model_only,Full-S1,True,1,68,79.08600399969146
cpu,MAFAULDA,model_only,Full-S1,True,1,69,79.11217701621354
cpu,MAFAULDA,model_only,Full-S1,True,1,70,79.41523403860629
cpu,MAFAULDA,model_only,Full-S1,True,1,71,79.4805150362663
cpu,MAFAULDA,model_only,Full-S1,True,1,72,79.028754029423
cpu,MAFAULDA,model_only,Full-S1,True,1,73,79.0728610008955
cpu,MAFAULDA,model_only,Full-S1,True,1,74,79.17265902506188
cpu,MAFAULDA,model_only,Full-S1,True,1,75,78.94024398410693
cpu,MAFAULDA,model_only,Full-S1,True,1,76,79.11674701608717
cpu,MAFAULDA,model_only,Full-S1,True,1,77,79.0805320139043
cpu,MAFAULDA,model_only,Full-S1,True,1,78,79.05969198327512
cpu,MAFAULDA,model_only,Full-S1,True,1,79,79.28096601972356
cpu,MAFAULDA,model_only,Full-S1,True,1,80,79.97731800423935
cpu,MAFAULDA,model_only,Full-S1,True,1,81,79.29116900777444
cpu,MAFAULDA,model_only,Full-S1,True,1,82,79.53703298699111
cpu,MAFAULDA,model_only,Full-S1,True,1,83,81.40071202069521
cpu,MAFAULDA,model_only,Full-S1,True,1,84,79.38837097026408
cpu,MAFAULDA,model_only,Full-S1,True,1,85,79.03281901963055
cpu,MAFAULDA,model_only,Full-S1,True,1,86,78.99954699678347
cpu,MAFAULDA,model_only,Full-S1,True,1,87,79.22888296889141
cpu,MAFAULDA,model_only,Full-S1,True,1,88,78.93281296128407
cpu,MAFAULDA,model_only,Full-S1,True,1,89,79.02592001482844
cpu,MAFAULDA,model_only,Full-S1,True,1,90,79.03325505321845
cpu,MAFAULDA,model_only,Full-S1,True,1,91,78.90301500447094
cpu,MAFAULDA,model_only,Full-S1,True,1,92,79.14936699671671
cpu,MAFAULDA,model_only,Full-S1,True,1,93,79.63401300366968
cpu,MAFAULDA,model_only,Full-S1,True,1,94,79.15498095098883
cpu,MAFAULDA,model_only,Full-S1,True,1,95,79.07392201013863
cpu,MAFAULDA,model_only,Full-S1,True,1,96,79.15885996771976
cpu,MAFAULDA,model_only,Full-S1,True,1,97,79.12746397778392
cpu,MAFAULDA,model_only,Full-S1,True,1,98,79.01153597049415
cpu,MAFAULDA,model_only,Full-S1,True,1,99,79.07867099856958
cpu,MAFAULDA,model_only,Full-S1,True,1,100,79.17138701304793
cpu,MAFAULDA,model_only,Full-S1,True,1,101,79.0757880313322
cpu,MAFAULDA,model_only,Full-S1,True,1,102,79.01025097817183
cpu,MAFAULDA,model_only,Full-S1,True,1,103,79.03826102847233
cpu,MAFAULDA,model_only,Full-S1,True,1,104,79.06331098638475
cpu,MAFAULDA,model_only,Full-S1,True,1,105,79.88620997639373
cpu,MAFAULDA,model_only,Full-S1,True,1,106,78.9919929811731
cpu,MAFAULDA,model_only,Full-S1,True,1,107,79.01341700926423
cpu,MAFAULDA,model_only,Full-S1,True,1,108,79.64156597154215
cpu,MAFAULDA,model_only,Full-S1,True,1,109,79.24392400309443
cpu,MAFAULDA,model_only,Full-S1,True,1,110,79.0998759912327
cpu,MAFAULDA,model_only,Full-S1,True,1,111,79.51900002080947
cpu,MAFAULDA,model_only,Full-S1,True,1,112,79.06411599833518
cpu,MAFAULDA,model_only,Full-S1,True,1,113,79.21619497938082
cpu,MAFAULDA,model_only,Full-S1,True,1,114,79.01992002734914
cpu,MAFAULDA,model_only,Full-S1,True,1,115,78.98871798533946
cpu,MAFAULDA,model_only,Full-S1,True,1,116,79.12355504231527
cpu,MAFAULDA,model_only,Full-S1,True,1,117,79.27389600081369
cpu,MAFAULDA,model_only,Full-S1,True,1,118,79.75838199490681
cpu,MAFAULDA,model_only,Full-S1,True,1,119,79.08447197405621
cpu,MAFAULDA,model_only,Full-S1,True,1,120,79.11477400921285
cpu,MAFAULDA,model_only,Full-S1,True,1,121,79.05434601707384
cpu,MAFAULDA,model_only,Full-S1,True,1,122,79.47899802820757
cpu,MAFAULDA,model_only,Full-S1,True,1,123,79.03881097445264
cpu,MAFAULDA,model_only,Full-S1,True,1,124,79.10952199017629
cpu,MAFAULDA,model_only,Full-S1,True,1,125,79.03443998657167
cpu,MAFAULDA,model_only,Full-S1,True,1,126,79.14774003438652
cpu,MAFAULDA,model_only,Full-S1,True,1,127,79.08176997443661
cpu,MAFAULDA,model_only,Full-S1,True,1,128,79.09520401153713
cpu,MAFAULDA,model_only,Full-S1,True,1,129,78.96484999218956
cpu,MAFAULDA,model_only,Full-S1,True,1,130,80.36250801524147
cpu,MAFAULDA,model_only,Full-S1,True,1,131,79.30946501437575
cpu,MAFAULDA,model_only,Full-S1,True,1,132,79.04044905444607
cpu,MAFAULDA,model_only,Full-S1,True,1,133,79.43785400129855
cpu,MAFAULDA,model_only,Full-S1,True,1,134,79.0519790025428
cpu,MAFAULDA,model_only,Full-S1,True,1,135,79.10966296913102
cpu,MAFAULDA,model_only,Full-S1,True,1,136,79.05049802502617
cpu,MAFAULDA,model_only,Full-S1,True,1,137,79.13307700073346
cpu,MAFAULDA,model_only,Full-S1,True,1,138,79.37439798843116
cpu,MAFAULDA,model_only,Full-S1,True,1,139,79.06169100897387
cpu,MAFAULDA,model_only,Full-S1,True,1,140,78.89134401921183
cpu,MAFAULDA,model_only,Full-S1,True,1,141,79.13098100107163
cpu,MAFAULDA,model_only,Full-S1,True,1,142,79.22889298060909
cpu,MAFAULDA,model_only,Full-S1,True,1,143,79.87776800291613
cpu,MAFAULDA,model_only,Full-S1,True,1,144,79.33082099771127
cpu,MAFAULDA,model_only,Full-S1,True,1,145,79.26477800356224
cpu,MAFAULDA,model_only,Full-S1,True,1,146,79.82695696409792
cpu,MAFAULDA,model_only,Full-S1,True,1,147,82.71821000380442
cpu,MAFAULDA,model_only,Full-S1,True,1,148,82.59918197290972
cpu,MAFAULDA,model_only,Full-S1,True,1,149,79.2046039714478
cpu,MAFAULDA,model_only,Full-S1,True,1,150,79.17079597245902
cpu,MAFAULDA,model_only,Full-S1,True,1,151,79.14215401979163
cpu,MAFAULDA,model_only,Full-S1,True,1,152,79.05802095774561
cpu,MAFAULDA,model_only,Full-S1,True,1,153,79.05631500761956
cpu,MAFAULDA,model_only,Full-S1,True,1,154,79.05463897623122
cpu,MAFAULDA,model_only,Full-S1,True,1,155,79.45359096629545
cpu,MAFAULDA,model_only,Full-S1,True,1,156,79.9550840165466
cpu,MAFAULDA,model_only,Full-S1,True,1,157,79.10349103622139
cpu,MAFAULDA,model_only,Full-S1,True,1,158,79.04651196440682
cpu,MAFAULDA,model_only,Full-S1,True,1,159,79.0686039836146
cpu,MAFAULDA,model_only,Full-S1,True,1,160,81.07819902943447
cpu,MAFAULDA,model_only,Full-S1,True,1,161,81.14478801144287
cpu,MAFAULDA,model_only,Full-S1,True,1,162,78.99350399384275
cpu,MAFAULDA,model_only,Full-S1,True,1,163,79.38856503460556
cpu,MAFAULDA,model_only,Full-S1,True,1,164,79.12112202029675
cpu,MAFAULDA,model_only,Full-S1,True,1,165,78.99896200979128
cpu,MAFAULDA,model_only,Full-S1,True,1,166,79.47551499819383
cpu,MAFAULDA,model_only,Full-S1,True,1,167,79.32507700752467
cpu,MAFAULDA,model_only,Full-S1,True,1,168,79.847325978335
cpu,MAFAULDA,model_only,Full-S1,True,1,169,79.047414008528
cpu,MAFAULDA,model_only,Full-S1,True,1,170,79.11523396614939
cpu,MAFAULDA,model_only,Full-S1,True,1,171,78.99228599853814
cpu,MAFAULDA,model_only,Full-S1,True,1,172,80.00272500794381
cpu,MAFAULDA,model_only,Full-S1,True,1,173,79.25036695087329
cpu,MAFAULDA,model_only,Full-S1,True,1,174,79.21225402969867
cpu,MAFAULDA,model_only,Full-S1,True,1,175,79.05455899890512
cpu,MAFAULDA,model_only,Full-S1,True,1,176,79.10914195235819
cpu,MAFAULDA,model_only,Full-S1,True,1,177,79.14629200240597
cpu,MAFAULDA,model_only,Full-S1,True,1,178,79.10162897314876
cpu,MAFAULDA,model_only,Full-S1,True,1,179,78.96353298565373
cpu,MAFAULDA,model_only,Full-S1,True,1,180,79.49917996302247
cpu,MAFAULDA,model_only,Full-S1,True,1,181,79.56083602039143
cpu,MAFAULDA,model_only,Full-S1,True,1,182,79.18174599763006
cpu,MAFAULDA,model_only,Full-S1,True,1,183,79.03680496383458
cpu,MAFAULDA,model_only,Full-S1,True,1,184,79.09767801174894
cpu,MAFAULDA,model_only,Full-S1,True,1,185,79.12645902251825
cpu,MAFAULDA,model_only,Full-S1,True,1,186,79.13642202038318
cpu,MAFAULDA,model_only,Full-S1,True,1,187,79.0794009808451
cpu,MAFAULDA,model_only,Full-S1,True,1,188,79.28772299783304
cpu,MAFAULDA,model_only,Full-S1,True,1,189,78.9871760061942
cpu,MAFAULDA,model_only,Full-S1,True,1,190,78.90569197479635
cpu,MAFAULDA,model_only,Full-S1,True,1,191,79.03736102161929
cpu,MAFAULDA,model_only,Full-S1,True,1,192,78.98001396097243
cpu,MAFAULDA,model_only,Full-S1,True,1,193,79.78725503198802
cpu,MAFAULDA,model_only,Full-S1,True,1,194,79.16024496080354
cpu,MAFAULDA,model_only,Full-S1,True,1,195,79.10240499768406
cpu,MAFAULDA,model_only,Full-S1,True,1,196,80.47818799968809
cpu,MAFAULDA,model_only,Full-S1,True,1,197,79.2651490191929
cpu,MAFAULDA,model_only,Full-S1,True,1,198,79.52292199479416
cpu,MAFAULDA,model_only,Full-S1,True,1,199,79.00030096061528
cpu,MAFAULDA,model_only,Full-S1,True,1,200,79.17118002660573
cpu,MAFAULDA,model_only,Full-S1,True,1,201,79.37619701260701
cpu,MAFAULDA,model_only,Full-S1,True,1,202,78.99918704060838
cpu,MAFAULDA,model_only,Full-S1,True,1,203,78.93819600576535
cpu,MAFAULDA,model_only,Full-S1,True,1,204,79.09261400345713
cpu,MAFAULDA,model_only,Full-S1,True,1,205,79.49008099967614
cpu,MAFAULDA,model_only,Full-S1,True,1,206,79.76844400400296
cpu,MAFAULDA,model_only,Full-S1,True,1,207,79.43131896900013
cpu,MAFAULDA,model_only,Full-S1,True,1,208,79.18471901211888
cpu,MAFAULDA,model_only,Full-S1,True,1,209,79.37433902407065
cpu,MAFAULDA,model_only,Full-S1,True,1,210,79.74272896535695
cpu,MAFAULDA,model_only,Full-S1,True,1,211,79.19751299778
cpu,MAFAULDA,model_only,Full-S1,True,1,212,80.7050209841691
cpu,MAFAULDA,model_only,Full-S1,True,1,213,81.00046700565144
cpu,MAFAULDA,model_only,Full-S1,True,1,214,79.23359901178628
cpu,MAFAULDA,model_only,Full-S1,True,1,215,78.95640196511522
cpu,MAFAULDA,model_only,Full-S1,True,1,216,79.04648204566911
cpu,MAFAULDA,model_only,Full-S1,True,1,217,79.45012400159612
cpu,MAFAULDA,model_only,Full-S1,True,1,218,79.24209599150345
cpu,MAFAULDA,model_only,Full-S1,True,1,219,79.91517300251871
cpu,MAFAULDA,model_only,Full-S1,True,1,220,79.09012702293694
cpu,MAFAULDA,model_only,Full-S1,True,1,221,78.97087599849328
cpu,MAFAULDA,model_only,Full-S1,True,1,222,79.4776440015994
cpu,MAFAULDA,model_only,Full-S1,True,1,223,79.51933599542826
cpu,MAFAULDA,model_only,Full-S1,True,1,224,79.04553395928815
cpu,MAFAULDA,model_only,Full-S1,True,1,225,79.07710102153942
cpu,MAFAULDA,model_only,Full-S1,True,1,226,79.08846199279651
cpu,MAFAULDA,model_only,Full-S1,True,1,227,79.09707998624071
cpu,MAFAULDA,model_only,Full-S1,True,1,228,78.95811297930777
cpu,MAFAULDA,model_only,Full-S1,True,1,229,79.12466797279194
cpu,MAFAULDA,model_only,Full-S1,True,1,230,78.92668800195679
cpu,MAFAULDA,model_only,Full-S1,True,1,231,80.12170298025012
cpu,MAFAULDA,model_only,Full-S1,True,1,232,79.14594997419044
cpu,MAFAULDA,model_only,Full-S1,True,1,233,79.0613450226374
cpu,MAFAULDA,model_only,Full-S1,True,1,234,78.96658196114004
cpu,MAFAULDA,model_only,Full-S1,True,1,235,79.03871597955003
cpu,MAFAULDA,model_only,Full-S1,True,1,236,79.01099999435246
cpu,MAFAULDA,model_only,Full-S1,True,1,237,79.26873804535717
cpu,MAFAULDA,model_only,Full-S1,True,1,238,79.40178003627807
cpu,MAFAULDA,model_only,Full-S1,True,1,239,79.27650399506092
cpu,MAFAULDA,model_only,Full-S1,True,1,240,78.93786998465657
cpu,MAFAULDA,model_only,Full-S1,True,1,241,79.07635602168739
cpu,MAFAULDA,model_only,Full-S1,True,1,242,79.00836097542197
cpu,MAFAULDA,model_only,Full-S1,True,1,243,79.47691797744483
cpu,MAFAULDA,model_only,Full-S1,True,1,244,79.9969129730016
cpu,MAFAULDA,model_only,Full-S1,True,1,245,79.12880496587604
cpu,MAFAULDA,model_only,Full-S1,True,1,246,79.05869599198923
cpu,MAFAULDA,model_only,Full-S1,True,1,247,79.04806005535647
cpu,MAFAULDA,model_only,Full-S1,True,1,248,79.06213100068271
cpu,MAFAULDA,model_only,Full-S1,True,1,249,79.00233002146706
cpu,MAFAULDA,model_only,Full-S1,True,2,0,79.17363103479147
cpu,MAFAULDA,model_only,Full-S1,True,2,1,79.0170609834604
cpu,MAFAULDA,model_only,Full-S1,True,2,2,79.03903996339068
cpu,MAFAULDA,model_only,Full-S1,True,2,3,78.9596380200237
cpu,MAFAULDA,model_only,Full-S1,True,2,4,79.16000502882525
cpu,MAFAULDA,model_only,Full-S1,True,2,5,78.9749879622832
cpu,MAFAULDA,model_only,Full-S1,True,2,6,79.87346599111333
cpu,MAFAULDA,model_only,Full-S1,True,2,7,79.3731749872677
cpu,MAFAULDA,model_only,Full-S1,True,2,8,79.04022798174992
cpu,MAFAULDA,model_only,Full-S1,True,2,9,79.2020580265671
cpu,MAFAULDA,model_only,Full-S1,True,2,10,80.02966397907585
cpu,MAFAULDA,model_only,Full-S1,True,2,11,79.18109401362017
cpu,MAFAULDA,model_only,Full-S1,True,2,12,79.02170805027708
cpu,MAFAULDA,model_only,Full-S1,True,2,13,79.26530600525439
cpu,MAFAULDA,model_only,Full-S1,True,2,14,80.07646404439583
cpu,MAFAULDA,model_only,Full-S1,True,2,15,80.14581596944481
cpu,MAFAULDA,model_only,Full-S1,True,2,16,79.13696602918208
cpu,MAFAULDA,model_only,Full-S1,True,2,17,79.24028299748898
cpu,MAFAULDA,model_only,Full-S1,True,2,18,78.96636199438944
cpu,MAFAULDA,model_only,Full-S1,True,2,19,80.3095200099051
cpu,MAFAULDA,model_only,Full-S1,True,2,20,79.63295298395678
cpu,MAFAULDA,model_only,Full-S1,True,2,21,79.12101299734786
cpu,MAFAULDA,model_only,Full-S1,True,2,22,79.36809601960704
cpu,MAFAULDA,model_only,Full-S1,True,2,23,79.7677900409326
cpu,MAFAULDA,model_only,Full-S1,True,2,24,79.1126280091703
cpu,MAFAULDA,model_only,Full-S1,True,2,25,79.21950099989772
cpu,MAFAULDA,model_only,Full-S1,True,2,26,79.13116901181638
cpu,MAFAULDA,model_only,Full-S1,True,2,27,79.00766498642042
cpu,MAFAULDA,model_only,Full-S1,True,2,28,79.20170301804319
cpu,MAFAULDA,model_only,Full-S1,True,2,29,79.07446299213916
cpu,MAFAULDA,model_only,Full-S1,True,2,30,78.95507203647867
cpu,MAFAULDA,model_only,Full-S1,True,2,31,79.0972689865157
cpu,MAFAULDA,model_only,Full-S1,True,2,32,79.74023401038721
cpu,MAFAULDA,model_only,Full-S1,True,2,33,79.09283100161701
cpu,MAFAULDA,model_only,Full-S1,True,2,34,79.09087598090991
cpu,MAFAULDA,model_only,Full-S1,True,2,35,78.98682600352913
cpu,MAFAULDA,model_only,Full-S1,True,2,36,79.06392397126183
cpu,MAFAULDA,model_only,Full-S1,True,2,37,79.10477195400745
cpu,MAFAULDA,model_only,Full-S1,True,2,38,79.27348697558045
cpu,MAFAULDA,model_only,Full-S1,True,2,39,79.04663600493222
cpu,MAFAULDA,model_only,Full-S1,True,2,40,79.06177098629996
cpu,MAFAULDA,model_only,Full-S1,True,2,41,79.07819200772792
cpu,MAFAULDA,model_only,Full-S1,True,2,42,79.05177702195942
cpu,MAFAULDA,model_only,Full-S1,True,2,43,78.89672205783427
cpu,MAFAULDA,model_only,Full-S1,True,2,44,80.15536901075393
cpu,MAFAULDA,model_only,Full-S1,True,2,45,79.09678795840591
cpu,MAFAULDA,model_only,Full-S1,True,2,46,79.13491397630423
cpu,MAFAULDA,model_only,Full-S1,True,2,47,79.01297498028725
cpu,MAFAULDA,model_only,Full-S1,True,2,48,79.01272003073245
cpu,MAFAULDA,model_only,Full-S1,True,2,49,79.04941297601908
cpu,MAFAULDA,model_only,Full-S1,True,2,50,79.07846901798621
cpu,MAFAULDA,model_only,Full-S1,True,2,51,79.37018998200074
cpu,MAFAULDA,model_only,Full-S1,True,2,52,79.20022000325844
cpu,MAFAULDA,model_only,Full-S1,True,2,53,79.07699700444937
cpu,MAFAULDA,model_only,Full-S1,True,2,54,79.04336298815906
cpu,MAFAULDA,model_only,Full-S1,True,2,55,79.05798801220953
cpu,MAFAULDA,model_only,Full-S1,True,2,56,78.99828400695696
cpu,MAFAULDA,model_only,Full-S1,True,2,57,80.28395799919963
cpu,MAFAULDA,model_only,Full-S1,True,2,58,79.13325598929077
cpu,MAFAULDA,model_only,Full-S1,True,2,59,79.10952402744442
cpu,MAFAULDA,model_only,Full-S1,True,2,60,79.0024979505688
cpu,MAFAULDA,model_only,Full-S1,True,2,61,79.04146204236895
cpu,MAFAULDA,model_only,Full-S1,True,2,62,79.10824596183375
cpu,MAFAULDA,model_only,Full-S1,True,2,63,78.96352297393605
cpu,MAFAULDA,model_only,Full-S1,True,2,64,79.27143800770864
cpu,MAFAULDA,model_only,Full-S1,True,2,65,79.18937900103629
cpu,MAFAULDA,model_only,Full-S1,True,2,66,79.05205601127818
cpu,MAFAULDA,model_only,Full-S1,True,2,67,79.11234704079106
cpu,MAFAULDA,model_only,Full-S1,True,2,68,79.08332097576931
cpu,MAFAULDA,model_only,Full-S1,True,2,69,79.41256096819416
cpu,MAFAULDA,model_only,Full-S1,True,2,70,79.73750901874155
cpu,MAFAULDA,model_only,Full-S1,True,2,71,79.02964099776
cpu,MAFAULDA,model_only,Full-S1,True,2,72,80.34788502845913
cpu,MAFAULDA,model_only,Full-S1,True,2,73,79.5725510106422
cpu,MAFAULDA,model_only,Full-S1,True,2,74,79.77251597912982
cpu,MAFAULDA,model_only,Full-S1,True,2,75,79.10085702314973
cpu,MAFAULDA,model_only,Full-S1,True,2,76,79.12861794466153
cpu,MAFAULDA,model_only,Full-S1,True,2,77,79.0517189889215
cpu,MAFAULDA,model_only,Full-S1,True,2,78,79.13007994648069
cpu,MAFAULDA,model_only,Full-S1,True,2,79,78.93085398245603
cpu,MAFAULDA,model_only,Full-S1,True,2,80,79.13909800117835
cpu,MAFAULDA,model_only,Full-S1,True,2,81,79.14861000608653
cpu,MAFAULDA,model_only,Full-S1,True,2,82,80.21093904972076
cpu,MAFAULDA,model_only,Full-S1,True,2,83,79.64794297004119
cpu,MAFAULDA,model_only,Full-S1,True,2,84,79.1985560208559
cpu,MAFAULDA,model_only,Full-S1,True,2,85,79.18367499951273
cpu,MAFAULDA,model_only,Full-S1,True,2,86,79.42858297610655
cpu,MAFAULDA,model_only,Full-S1,True,2,87,79.29289899766445
cpu,MAFAULDA,model_only,Full-S1,True,2,88,79.0465889731422
cpu,MAFAULDA,model_only,Full-S1,True,2,89,79.32101702317595
cpu,MAFAULDA,model_only,Full-S1,True,2,90,79.31515201926231
cpu,MAFAULDA,model_only,Full-S1,True,2,91,78.94023699918762
cpu,MAFAULDA,model_only,Full-S1,True,2,92,79.13598598679528
cpu,MAFAULDA,model_only,Full-S1,True,2,93,79.05026699882
cpu,MAFAULDA,model_only,Full-S1,True,2,94,78.97444296395406
cpu,MAFAULDA,model_only,Full-S1,True,2,95,79.77143401512876
cpu,MAFAULDA,model_only,Full-S1,True,2,96,79.17223498225212
cpu,MAFAULDA,model_only,Full-S1,True,2,97,79.0952270035632
cpu,MAFAULDA,model_only,Full-S1,True,2,98,79.06435104086995
cpu,MAFAULDA,model_only,Full-S1,True,2,99,79.0751320309937
cpu,MAFAULDA,model_only,Full-S1,True,2,100,79.3087650090456
cpu,MAFAULDA,model_only,Full-S1,True,2,101,79.08964500529692
cpu,MAFAULDA,model_only,Full-S1,True,2,102,79.07283998792991
cpu,MAFAULDA,model_only,Full-S1,True,2,103,79.22594097908586
cpu,MAFAULDA,model_only,Full-S1,True,2,104,79.00254504056647
cpu,MAFAULDA,model_only,Full-S1,True,2,105,79.0897379629314
cpu,MAFAULDA,model_only,Full-S1,True,2,106,79.04590800171718
cpu,MAFAULDA,model_only,Full-S1,True,2,107,80.04296600120142
cpu,MAFAULDA,model_only,Full-S1,True,2,108,79.20919201569632
cpu,MAFAULDA,model_only,Full-S1,True,2,109,79.06900596572086
cpu,MAFAULDA,model_only,Full-S1,True,2,110,79.05910798581317
cpu,MAFAULDA,model_only,Full-S1,True,2,111,79.00158403208479
cpu,MAFAULDA,model_only,Full-S1,True,2,112,79.14192898897454
cpu,MAFAULDA,model_only,Full-S1,True,2,113,79.00029001757503
cpu,MAFAULDA,model_only,Full-S1,True,2,114,80.44211397645995
cpu,MAFAULDA,model_only,Full-S1,True,2,115,79.22492595389485
cpu,MAFAULDA,model_only,Full-S1,True,2,116,79.03197902487591
cpu,MAFAULDA,model_only,Full-S1,True,2,117,78.91826401464641
cpu,MAFAULDA,model_only,Full-S1,True,2,118,81.87441498739645
cpu,MAFAULDA,model_only,Full-S1,True,2,119,79.2095409706235
cpu,MAFAULDA,model_only,Full-S1,True,2,120,79.72516398876905
cpu,MAFAULDA,model_only,Full-S1,True,2,121,79.12067900178954
cpu,MAFAULDA,model_only,Full-S1,True,2,122,78.95606599049643
cpu,MAFAULDA,model_only,Full-S1,True,2,123,79.0849460172467
cpu,MAFAULDA,model_only,Full-S1,True,2,124,79.43376601906493
cpu,MAFAULDA,model_only,Full-S1,True,2,125,79.06256703427061
cpu,MAFAULDA,model_only,Full-S1,True,2,126,79.04342602705583
cpu,MAFAULDA,model_only,Full-S1,True,2,127,79.4388689682819
cpu,MAFAULDA,model_only,Full-S1,True,2,128,79.12051700986922
cpu,MAFAULDA,model_only,Full-S1,True,2,129,79.24219797132537
cpu,MAFAULDA,model_only,Full-S1,True,2,130,79.09045298583806
cpu,MAFAULDA,model_only,Full-S1,True,2,131,79.13778600050136
cpu,MAFAULDA,model_only,Full-S1,True,2,132,78.88395403278992
cpu,MAFAULDA,model_only,Full-S1,True,2,133,80.04031097516418
cpu,MAFAULDA,model_only,Full-S1,True,2,134,79.20850196387619
cpu,MAFAULDA,model_only,Full-S1,True,2,135,79.29271698230878
cpu,MAFAULDA,model_only,Full-S1,True,2,136,79.38798499526456
cpu,MAFAULDA,model_only,Full-S1,True,2,137,79.13255202583969
cpu,MAFAULDA,model_only,Full-S1,True,2,138,79.84766399022192
cpu,MAFAULDA,model_only,Full-S1,True,2,139,79.36379103921354
cpu,MAFAULDA,model_only,Full-S1,True,2,140,79.17906600050628
cpu,MAFAULDA,model_only,Full-S1,True,2,141,78.9405420073308
cpu,MAFAULDA,model_only,Full-S1,True,2,142,78.98854394443333
cpu,MAFAULDA,model_only,Full-S1,True,2,143,79.07879800768569
cpu,MAFAULDA,model_only,Full-S1,True,2,144,78.94584099994972
cpu,MAFAULDA,model_only,Full-S1,True,2,145,81.07434900011867
cpu,MAFAULDA,model_only,Full-S1,True,2,146,79.46332299616188
cpu,MAFAULDA,model_only,Full-S1,True,2,147,79.1140950168483
cpu,MAFAULDA,model_only,Full-S1,True,2,148,79.29570396663621
cpu,MAFAULDA,model_only,Full-S1,True,2,149,79.21036198968068
cpu,MAFAULDA,model_only,Full-S1,True,2,150,79.50788800371811
cpu,MAFAULDA,model_only,Full-S1,True,2,151,79.09059099620208
cpu,MAFAULDA,model_only,Full-S1,True,2,152,79.09359800396487
cpu,MAFAULDA,model_only,Full-S1,True,2,153,78.95455503603444
cpu,MAFAULDA,model_only,Full-S1,True,2,154,78.99743301095441
cpu,MAFAULDA,model_only,Full-S1,True,2,155,79.08966596005484
cpu,MAFAULDA,model_only,Full-S1,True,2,156,78.98480794392526
cpu,MAFAULDA,model_only,Full-S1,True,2,157,79.05064499936998
cpu,MAFAULDA,model_only,Full-S1,True,2,158,80.10883000679314
cpu,MAFAULDA,model_only,Full-S1,True,2,159,79.19040898559615
cpu,MAFAULDA,model_only,Full-S1,True,2,160,79.03664000332355
cpu,MAFAULDA,model_only,Full-S1,True,2,161,79.00217501446605
cpu,MAFAULDA,model_only,Full-S1,True,2,162,79.19966802001
cpu,MAFAULDA,model_only,Full-S1,True,2,163,78.96831497782841
cpu,MAFAULDA,model_only,Full-S1,True,2,164,79.03057197108865
cpu,MAFAULDA,model_only,Full-S1,True,2,165,79.3462329893373
cpu,MAFAULDA,model_only,Full-S1,True,2,166,79.05717298854142
cpu,MAFAULDA,model_only,Full-S1,True,2,167,78.93431896809489
cpu,MAFAULDA,model_only,Full-S1,True,2,168,79.23148397821933
cpu,MAFAULDA,model_only,Full-S1,True,2,169,79.12458304781467
cpu,MAFAULDA,model_only,Full-S1,True,2,170,79.09226097399369
cpu,MAFAULDA,model_only,Full-S1,True,2,171,80.1277169957757
cpu,MAFAULDA,model_only,Full-S1,True,2,172,79.11722199060023
cpu,MAFAULDA,model_only,Full-S1,True,2,173,78.97693902486935
cpu,MAFAULDA,model_only,Full-S1,True,2,174,79.1869509848766
cpu,MAFAULDA,model_only,Full-S1,True,2,175,79.50101100141183
cpu,MAFAULDA,model_only,Full-S1,True,2,176,80.02568600932136
cpu,MAFAULDA,model_only,Full-S1,True,2,177,79.61026899283752
cpu,MAFAULDA,model_only,Full-S1,True,2,178,79.13842902053148
cpu,MAFAULDA,model_only,Full-S1,True,2,179,79.14623100077733
cpu,MAFAULDA,model_only,Full-S1,True,2,180,78.95885099424049
cpu,MAFAULDA,model_only,Full-S1,True,2,181,79.10230901325122
cpu,MAFAULDA,model_only,Full-S1,True,2,182,79.10228194668889
cpu,MAFAULDA,model_only,Full-S1,True,2,183,80.42771695181727
cpu,MAFAULDA,model_only,Full-S1,True,2,184,79.12692404352129
cpu,MAFAULDA,model_only,Full-S1,True,2,185,78.99746496696025
cpu,MAFAULDA,model_only,Full-S1,True,2,186,79.028517997358
cpu,MAFAULDA,model_only,Full-S1,True,2,187,78.94959504483268
cpu,MAFAULDA,model_only,Full-S1,True,2,188,79.06425098190084
cpu,MAFAULDA,model_only,Full-S1,True,2,189,79.0185559890233
cpu,MAFAULDA,model_only,Full-S1,True,2,190,79.34863801347092
cpu,MAFAULDA,model_only,Full-S1,True,2,191,79.07808700110763
cpu,MAFAULDA,model_only,Full-S1,True,2,192,78.89495702693239
cpu,MAFAULDA,model_only,Full-S1,True,2,193,79.18080501258373
cpu,MAFAULDA,model_only,Full-S1,True,2,194,78.98489298531786
cpu,MAFAULDA,model_only,Full-S1,True,2,195,78.85365904076025
cpu,MAFAULDA,model_only,Full-S1,True,2,196,80.23142599267885
cpu,MAFAULDA,model_only,Full-S1,True,2,197,79.15076502831653
cpu,MAFAULDA,model_only,Full-S1,True,2,198,79.03355301823467
cpu,MAFAULDA,model_only,Full-S1,True,2,199,79.64205194730312
cpu,MAFAULDA,model_only,Full-S1,True,2,200,79.12921201204881
cpu,MAFAULDA,model_only,Full-S1,True,2,201,79.10786499269307
cpu,MAFAULDA,model_only,Full-S1,True,2,202,79.20898200245574
cpu,MAFAULDA,model_only,Full-S1,True,2,203,78.9612410007976
cpu,MAFAULDA,model_only,Full-S1,True,2,204,79.1105730459094
cpu,MAFAULDA,model_only,Full-S1,True,2,205,79.1466649970971
cpu,MAFAULDA,model_only,Full-S1,True,2,206,79.0881069842726
cpu,MAFAULDA,model_only,Full-S1,True,2,207,78.93932703882456
cpu,MAFAULDA,model_only,Full-S1,True,2,208,79.71671997802332
cpu,MAFAULDA,model_only,Full-S1,True,2,209,79.85489995917305
cpu,MAFAULDA,model_only,Full-S1,True,2,210,79.13967099739239
cpu,MAFAULDA,model_only,Full-S1,True,2,211,79.62302403757349
cpu,MAFAULDA,model_only,Full-S1,True,2,212,79.63041501352564
cpu,MAFAULDA,model_only,Full-S1,True,2,213,79.06865101540461
cpu,MAFAULDA,model_only,Full-S1,True,2,214,79.1291689965874
cpu,MAFAULDA,model_only,Full-S1,True,2,215,79.1830220259726
cpu,MAFAULDA,model_only,Full-S1,True,2,216,79.06555297086015
cpu,MAFAULDA,model_only,Full-S1,True,2,217,79.109180951491
cpu,MAFAULDA,model_only,Full-S1,True,2,218,78.89857300324365
cpu,MAFAULDA,model_only,Full-S1,True,2,219,79.25673498539254
cpu,MAFAULDA,model_only,Full-S1,True,2,220,78.9895310299471
cpu,MAFAULDA,model_only,Full-S1,True,2,221,80.13304299674928
cpu,MAFAULDA,model_only,Full-S1,True,2,222,79.20681702671573
cpu,MAFAULDA,model_only,Full-S1,True,2,223,79.05296597164124
cpu,MAFAULDA,model_only,Full-S1,True,2,224,79.10330197773874
cpu,MAFAULDA,model_only,Full-S1,True,2,225,79.48944403324276
cpu,MAFAULDA,model_only,Full-S1,True,2,226,79.23900702735409
cpu,MAFAULDA,model_only,Full-S1,True,2,227,79.16769001167268
cpu,MAFAULDA,model_only,Full-S1,True,2,228,79.09928902518004
cpu,MAFAULDA,model_only,Full-S1,True,2,229,79.12364200456068
cpu,MAFAULDA,model_only,Full-S1,True,2,230,79.139593988657
cpu,MAFAULDA,model_only,Full-S1,True,2,231,79.0595049620606
cpu,MAFAULDA,model_only,Full-S1,True,2,232,78.97169300122187
cpu,MAFAULDA,model_only,Full-S1,True,2,233,79.07266495749354
cpu,MAFAULDA,model_only,Full-S1,True,2,234,80.52169001894072
cpu,MAFAULDA,model_only,Full-S1,True,2,235,79.13220598129556
cpu,MAFAULDA,model_only,Full-S1,True,2,236,79.02400998864323
cpu,MAFAULDA,model_only,Full-S1,True,2,237,79.05336399562657
cpu,MAFAULDA,model_only,Full-S1,True,2,238,79.40414699260145
cpu,MAFAULDA,model_only,Full-S1,True,2,239,79.54108197009191
cpu,MAFAULDA,model_only,Full-S1,True,2,240,79.5563209685497
cpu,MAFAULDA,model_only,Full-S1,True,2,241,79.04602400958538
cpu,MAFAULDA,model_only,Full-S1,True,2,242,79.06512200133875
cpu,MAFAULDA,model_only,Full-S1,True,2,243,78.9290249813348
cpu,MAFAULDA,model_only,Full-S1,True,2,244,79.04291903832927
cpu,MAFAULDA,model_only,Full-S1,True,2,245,78.99078400805593
cpu,MAFAULDA,model_only,Full-S1,True,2,246,81.10519498586655
cpu,MAFAULDA,model_only,Full-S1,True,2,247,79.74403799744323
cpu,MAFAULDA,model_only,Full-S1,True,2,248,79.22129903454334
cpu,MAFAULDA,model_only,Full-S1,True,2,249,79.02606099378318
cpu,MAFAULDA,model_only,K1,True,2,0,42.91475599166006
cpu,MAFAULDA,model_only,K1,True,2,1,42.073177988640964
cpu,MAFAULDA,model_only,K1,True,2,2,42.27116599213332
cpu,MAFAULDA,model_only,K1,True,2,3,42.103904008399695
cpu,MAFAULDA,model_only,K1,True,2,4,42.09257400361821
cpu,MAFAULDA,model_only,K1,True,2,5,42.119511985220015
cpu,MAFAULDA,model_only,K1,True,2,6,42.03175602015108
cpu,MAFAULDA,model_only,K1,True,2,7,42.115132964681834
cpu,MAFAULDA,model_only,K1,True,2,8,42.136135045439005
cpu,MAFAULDA,model_only,K1,True,2,9,42.122800019569695
cpu,MAFAULDA,model_only,K1,True,2,10,42.03519399743527
cpu,MAFAULDA,model_only,K1,True,2,11,41.99776001041755
cpu,MAFAULDA,model_only,K1,True,2,12,42.09119698498398
cpu,MAFAULDA,model_only,K1,True,2,13,42.123822029680014
cpu,MAFAULDA,model_only,K1,True,2,14,41.988786950241774
cpu,MAFAULDA,model_only,K1,True,2,15,42.03509498620406
cpu,MAFAULDA,model_only,K1,True,2,16,41.988845041487366
cpu,MAFAULDA,model_only,K1,True,2,17,42.68469597445801
cpu,MAFAULDA,model_only,K1,True,2,18,42.647149006370455
cpu,MAFAULDA,model_only,K1,True,2,19,42.146413994487375
cpu,MAFAULDA,model_only,K1,True,2,20,42.18403296545148
cpu,MAFAULDA,model_only,K1,True,2,21,42.175551992841065
cpu,MAFAULDA,model_only,K1,True,2,22,42.05730196554214
cpu,MAFAULDA,model_only,K1,True,2,23,42.42885997518897
cpu,MAFAULDA,model_only,K1,True,2,24,42.08359500626102
cpu,MAFAULDA,model_only,K1,True,2,25,42.010720004327595
cpu,MAFAULDA,model_only,K1,True,2,26,42.22477099392563
cpu,MAFAULDA,model_only,K1,True,2,27,42.32097195927054
cpu,MAFAULDA,model_only,K1,True,2,28,42.12589800590649
cpu,MAFAULDA,model_only,K1,True,2,29,42.19471197575331
cpu,MAFAULDA,model_only,K1,True,2,30,42.019849992357194
cpu,MAFAULDA,model_only,K1,True,2,31,42.158632015343755
cpu,MAFAULDA,model_only,K1,True,2,32,43.500578962266445
cpu,MAFAULDA,model_only,K1,True,2,33,43.397186032962054
cpu,MAFAULDA,model_only,K1,True,2,34,42.124451021663845
cpu,MAFAULDA,model_only,K1,True,2,35,42.028513038530946
cpu,MAFAULDA,model_only,K1,True,2,36,42.08101500989869
cpu,MAFAULDA,model_only,K1,True,2,37,42.27155999979004
cpu,MAFAULDA,model_only,K1,True,2,38,42.108317953534424
cpu,MAFAULDA,model_only,K1,True,2,39,42.008885997347534
cpu,MAFAULDA,model_only,K1,True,2,40,41.99890804011375
cpu,MAFAULDA,model_only,K1,True,2,41,42.98386996379122
cpu,MAFAULDA,model_only,K1,True,2,42,42.56147600244731
cpu,MAFAULDA,model_only,K1,True,2,43,43.27071097213775
cpu,MAFAULDA,model_only,K1,True,2,44,42.23604901926592
cpu,MAFAULDA,model_only,K1,True,2,45,42.821321985684335
cpu,MAFAULDA,model_only,K1,True,2,46,42.09715500473976
cpu,MAFAULDA,model_only,K1,True,2,47,41.99881001841277
cpu,MAFAULDA,model_only,K1,True,2,48,42.14688698993996
cpu,MAFAULDA,model_only,K1,True,2,49,42.77482797624543
cpu,MAFAULDA,model_only,K1,True,2,50,42.11499902885407
cpu,MAFAULDA,model_only,K1,True,2,51,42.04341798322275
cpu,MAFAULDA,model_only,K1,True,2,52,42.15981502784416
cpu,MAFAULDA,model_only,K1,True,2,53,42.09679999621585
cpu,MAFAULDA,model_only,K1,True,2,54,42.054903984535486
cpu,MAFAULDA,model_only,K1,True,2,55,42.07914200378582
cpu,MAFAULDA,model_only,K1,True,2,56,42.14781103655696
cpu,MAFAULDA,model_only,K1,True,2,57,42.166499013546854
cpu,MAFAULDA,model_only,K1,True,2,58,42.04623302211985
cpu,MAFAULDA,model_only,K1,True,2,59,42.01949399430305
cpu,MAFAULDA,model_only,K1,True,2,60,42.16953401919454
cpu,MAFAULDA,model_only,K1,True,2,61,42.08672296954319
cpu,MAFAULDA,model_only,K1,True,2,62,42.029739008285105
cpu,MAFAULDA,model_only,K1,True,2,63,42.04821301391348
cpu,MAFAULDA,model_only,K1,True,2,64,42.80720604583621
cpu,MAFAULDA,model_only,K1,True,2,65,42.98218397889286
cpu,MAFAULDA,model_only,K1,True,2,66,42.08003805251792
cpu,MAFAULDA,model_only,K1,True,2,67,42.294793005567044
cpu,MAFAULDA,model_only,K1,True,2,68,42.06481698201969
cpu,MAFAULDA,model_only,K1,True,2,69,42.17154404614121
cpu,MAFAULDA,model_only,K1,True,2,70,42.011924961116165
cpu,MAFAULDA,model_only,K1,True,2,71,41.98420996544883
cpu,MAFAULDA,model_only,K1,True,2,72,42.07963903900236
cpu,MAFAULDA,model_only,K1,True,2,73,42.111828981433064
cpu,MAFAULDA,model_only,K1,True,2,74,42.08819998893887
cpu,MAFAULDA,model_only,K1,True,2,75,42.05865698168054
cpu,MAFAULDA,model_only,K1,True,2,76,42.0491750119254
cpu,MAFAULDA,model_only,K1,True,2,77,41.99157899711281
cpu,MAFAULDA,model_only,K1,True,2,78,42.30427497532219
cpu,MAFAULDA,model_only,K1,True,2,79,42.23150899633765
cpu,MAFAULDA,model_only,K1,True,2,80,42.12902899598703
cpu,MAFAULDA,model_only,K1,True,2,81,42.01585496775806
cpu,MAFAULDA,model_only,K1,True,2,82,42.02477098442614
cpu,MAFAULDA,model_only,K1,True,2,83,42.077449965290725
cpu,MAFAULDA,model_only,K1,True,2,84,42.126572981942445
cpu,MAFAULDA,model_only,K1,True,2,85,42.046148038934916
cpu,MAFAULDA,model_only,K1,True,2,86,42.03040199354291
cpu,MAFAULDA,model_only,K1,True,2,87,42.02527197776362
cpu,MAFAULDA,model_only,K1,True,2,88,43.168179981876165
cpu,MAFAULDA,model_only,K1,True,2,89,42.61116305133328
cpu,MAFAULDA,model_only,K1,True,2,90,42.24571702070534
cpu,MAFAULDA,model_only,K1,True,2,91,42.01224900316447
cpu,MAFAULDA,model_only,K1,True,2,92,42.023118992801756
cpu,MAFAULDA,model_only,K1,True,2,93,42.03077999409288
cpu,MAFAULDA,model_only,K1,True,2,94,42.118154000490904
cpu,MAFAULDA,model_only,K1,True,2,95,42.06128005171195
cpu,MAFAULDA,model_only,K1,True,2,96,42.20859601628035
cpu,MAFAULDA,model_only,K1,True,2,97,42.162888974417
cpu,MAFAULDA,model_only,K1,True,2,98,42.032672034110874
cpu,MAFAULDA,model_only,K1,True,2,99,42.15335100889206
cpu,MAFAULDA,model_only,K1,True,2,100,42.73463098797947
cpu,MAFAULDA,model_only,K1,True,2,101,42.06562100443989
cpu,MAFAULDA,model_only,K1,True,2,102,42.26352198747918
cpu,MAFAULDA,model_only,K1,True,2,103,42.113280040211976
cpu,MAFAULDA,model_only,K1,True,2,104,42.03452297952026
cpu,MAFAULDA,model_only,K1,True,2,105,42.33178700087592
cpu,MAFAULDA,model_only,K1,True,2,106,42.057540034875274
cpu,MAFAULDA,model_only,K1,True,2,107,42.07795602269471
cpu,MAFAULDA,model_only,K1,True,2,108,42.11491200840101
cpu,MAFAULDA,model_only,K1,True,2,109,42.01130702858791
cpu,MAFAULDA,model_only,K1,True,2,110,42.08540002582595
cpu,MAFAULDA,model_only,K1,True,2,111,42.0442380127497
cpu,MAFAULDA,model_only,K1,True,2,112,42.6533889840357
cpu,MAFAULDA,model_only,K1,True,2,113,42.680167010985315
cpu,MAFAULDA,model_only,K1,True,2,114,42.220537026878446
cpu,MAFAULDA,model_only,K1,True,2,115,42.04303404549137
cpu,MAFAULDA,model_only,K1,True,2,116,41.996503015980124
cpu,MAFAULDA,model_only,K1,True,2,117,42.071446019690484
cpu,MAFAULDA,model_only,K1,True,2,118,42.00091300299391
cpu,MAFAULDA,model_only,K1,True,2,119,42.095741955563426
cpu,MAFAULDA,model_only,K1,True,2,120,42.18679200857878
cpu,MAFAULDA,model_only,K1,True,2,121,42.15148201910779
cpu,MAFAULDA,model_only,K1,True,2,122,42.055653990246356
cpu,MAFAULDA,model_only,K1,True,2,123,42.0239309896715
cpu,MAFAULDA,model_only,K1,True,2,124,42.13478497695178
cpu,MAFAULDA,model_only,K1,True,2,125,42.42507601156831
cpu,MAFAULDA,model_only,K1,True,2,126,42.096967983525246
cpu,MAFAULDA,model_only,K1,True,2,127,42.114095005672425
cpu,MAFAULDA,model_only,K1,True,2,128,42.04333300003782
cpu,MAFAULDA,model_only,K1,True,2,129,42.04801196465269
cpu,MAFAULDA,model_only,K1,True,2,130,42.00467199552804
cpu,MAFAULDA,model_only,K1,True,2,131,42.12633200222626
cpu,MAFAULDA,model_only,K1,True,2,132,42.22917801234871
cpu,MAFAULDA,model_only,K1,True,2,133,42.06233803415671
cpu,MAFAULDA,model_only,K1,True,2,134,42.03449800843373
cpu,MAFAULDA,model_only,K1,True,2,135,42.05040296074003
cpu,MAFAULDA,model_only,K1,True,2,136,42.72766801295802
cpu,MAFAULDA,model_only,K1,True,2,137,42.76923701399937
cpu,MAFAULDA,model_only,K1,True,2,138,42.123701015952975
cpu,MAFAULDA,model_only,K1,True,2,139,42.07018599845469
cpu,MAFAULDA,model_only,K1,True,2,140,42.01671003829688
cpu,MAFAULDA,model_only,K1,True,2,141,42.26395796285942
cpu,MAFAULDA,model_only,K1,True,2,142,42.86854597739875
cpu,MAFAULDA,model_only,K1,True,2,143,42.214297980535775
cpu,MAFAULDA,model_only,K1,True,2,144,42.4409179831855
cpu,MAFAULDA,model_only,K1,True,2,145,42.080572980921715
cpu,MAFAULDA,model_only,K1,True,2,146,42.05570096382871
cpu,MAFAULDA,model_only,K1,True,2,147,42.092358984518796
cpu,MAFAULDA,model_only,K1,True,2,148,42.1219959971495
cpu,MAFAULDA,model_only,K1,True,2,149,41.980059002526104
cpu,MAFAULDA,model_only,K1,True,2,150,42.01468895189464
cpu,MAFAULDA,model_only,K1,True,2,151,42.17673698440194
cpu,MAFAULDA,model_only,K1,True,2,152,42.06290596630424
cpu,MAFAULDA,model_only,K1,True,2,153,42.034185025841
cpu,MAFAULDA,model_only,K1,True,2,154,42.20994794741273
cpu,MAFAULDA,model_only,K1,True,2,155,42.10521496133879
cpu,MAFAULDA,model_only,K1,True,2,156,42.06167999655008
cpu,MAFAULDA,model_only,K1,True,2,157,42.01584099791944
cpu,MAFAULDA,model_only,K1,True,2,158,41.97639902122319
cpu,MAFAULDA,model_only,K1,True,2,159,42.6412730012089
cpu,MAFAULDA,model_only,K1,True,2,160,42.41901001660153
cpu,MAFAULDA,model_only,K1,True,2,161,43.22240001056343
cpu,MAFAULDA,model_only,K1,True,2,162,42.17247699853033
cpu,MAFAULDA,model_only,K1,True,2,163,42.12131001986563
cpu,MAFAULDA,model_only,K1,True,2,164,42.28557297028601
cpu,MAFAULDA,model_only,K1,True,2,165,42.11151099298149
cpu,MAFAULDA,model_only,K1,True,2,166,42.27554198587313
cpu,MAFAULDA,model_only,K1,True,2,167,42.22987801767886
cpu,MAFAULDA,model_only,K1,True,2,168,42.101668019313365
cpu,MAFAULDA,model_only,K1,True,2,169,42.06855199299753
cpu,MAFAULDA,model_only,K1,True,2,170,42.05680300947279
cpu,MAFAULDA,model_only,K1,True,2,171,42.00471402145922
cpu,MAFAULDA,model_only,K1,True,2,172,42.289600998628885
cpu,MAFAULDA,model_only,K1,True,2,173,42.02962201088667
cpu,MAFAULDA,model_only,K1,True,2,174,42.02307900413871
cpu,MAFAULDA,model_only,K1,True,2,175,42.067995003890246
cpu,MAFAULDA,model_only,K1,True,2,176,42.060528008732945
cpu,MAFAULDA,model_only,K1,True,2,177,42.01805399497971
cpu,MAFAULDA,model_only,K1,True,2,178,42.32920502545312
cpu,MAFAULDA,model_only,K1,True,2,179,42.127581022214144
cpu,MAFAULDA,model_only,K1,True,2,180,42.05836699111387
cpu,MAFAULDA,model_only,K1,True,2,181,42.00172901619226
cpu,MAFAULDA,model_only,K1,True,2,182,42.016841005533934
cpu,MAFAULDA,model_only,K1,True,2,183,43.01986697828397
cpu,MAFAULDA,model_only,K1,True,2,184,42.4657819676213
cpu,MAFAULDA,model_only,K1,True,2,185,42.10382601013407
cpu,MAFAULDA,model_only,K1,True,2,186,42.037122999317944
cpu,MAFAULDA,model_only,K1,True,2,187,42.05146001186222
cpu,MAFAULDA,model_only,K1,True,2,188,42.02609899220988
cpu,MAFAULDA,model_only,K1,True,2,189,42.14995796792209
cpu,MAFAULDA,model_only,K1,True,2,190,42.18946897890419
cpu,MAFAULDA,model_only,K1,True,2,191,42.087698995601386
cpu,MAFAULDA,model_only,K1,True,2,192,42.07471100380644
cpu,MAFAULDA,model_only,K1,True,2,193,42.07839904120192
cpu,MAFAULDA,model_only,K1,True,2,194,42.05346398521215
cpu,MAFAULDA,model_only,K1,True,2,195,42.22820798167959
cpu,MAFAULDA,model_only,K1,True,2,196,42.1572889899835
cpu,MAFAULDA,model_only,K1,True,2,197,42.07824805052951
cpu,MAFAULDA,model_only,K1,True,2,198,42.04814595868811
cpu,MAFAULDA,model_only,K1,True,2,199,42.23560402169824
cpu,MAFAULDA,model_only,K1,True,2,200,42.03891003271565
cpu,MAFAULDA,model_only,K1,True,2,201,42.111485032364726
cpu,MAFAULDA,model_only,K1,True,2,202,42.16708999592811
cpu,MAFAULDA,model_only,K1,True,2,203,42.031072021927685
cpu,MAFAULDA,model_only,K1,True,2,204,42.04534902237356
cpu,MAFAULDA,model_only,K1,True,2,205,42.0573249575682
cpu,MAFAULDA,model_only,K1,True,2,206,41.99350101407617
cpu,MAFAULDA,model_only,K1,True,2,207,43.069921026472
cpu,MAFAULDA,model_only,K1,True,2,208,42.553945968393236
cpu,MAFAULDA,model_only,K1,True,2,209,42.15560696320608
cpu,MAFAULDA,model_only,K1,True,2,210,42.04406001372263
cpu,MAFAULDA,model_only,K1,True,2,211,41.99965100269765
cpu,MAFAULDA,model_only,K1,True,2,212,42.03559400048107
cpu,MAFAULDA,model_only,K1,True,2,213,42.16863703913987
cpu,MAFAULDA,model_only,K1,True,2,214,42.133740964345634
cpu,MAFAULDA,model_only,K1,True,2,215,42.09558299044147
cpu,MAFAULDA,model_only,K1,True,2,216,42.04169497825205
cpu,MAFAULDA,model_only,K1,True,2,217,42.1177470125258
cpu,MAFAULDA,model_only,K1,True,2,218,42.482166027184576
cpu,MAFAULDA,model_only,K1,True,2,219,42.13212098693475
cpu,MAFAULDA,model_only,K1,True,2,220,42.24631004035473
cpu,MAFAULDA,model_only,K1,True,2,221,42.136820033192635
cpu,MAFAULDA,model_only,K1,True,2,222,42.08843596279621
cpu,MAFAULDA,model_only,K1,True,2,223,41.99952998897061
cpu,MAFAULDA,model_only,K1,True,2,224,42.06509597133845
cpu,MAFAULDA,model_only,K1,True,2,225,42.015868006274104
cpu,MAFAULDA,model_only,K1,True,2,226,42.10122296353802
cpu,MAFAULDA,model_only,K1,True,2,227,42.22756501985714
cpu,MAFAULDA,model_only,K1,True,2,228,41.992161015514284
cpu,MAFAULDA,model_only,K1,True,2,229,41.99935699580237
cpu,MAFAULDA,model_only,K1,True,2,230,42.85280697513372
cpu,MAFAULDA,model_only,K1,True,2,231,42.226167977787554
cpu,MAFAULDA,model_only,K1,True,2,232,42.53838397562504
cpu,MAFAULDA,model_only,K1,True,2,233,42.1701529994607
cpu,MAFAULDA,model_only,K1,True,2,234,42.055537982378155
cpu,MAFAULDA,model_only,K1,True,2,235,42.008715972770005
cpu,MAFAULDA,model_only,K1,True,2,236,43.342221004422754
cpu,MAFAULDA,model_only,K1,True,2,237,42.21146897180006
cpu,MAFAULDA,model_only,K1,True,2,238,42.05233202083036
cpu,MAFAULDA,model_only,K1,True,2,239,42.860529967583716
cpu,MAFAULDA,model_only,K1,True,2,240,42.11044101975858
cpu,MAFAULDA,model_only,K1,True,2,241,42.12912899674848
cpu,MAFAULDA,model_only,K1,True,2,242,42.22008603392169
cpu,MAFAULDA,model_only,K1,True,2,243,42.168657993897796
cpu,MAFAULDA,model_only,K1,True,2,244,42.157959018368274
cpu,MAFAULDA,model_only,K1,True,2,245,42.032196011859924
cpu,MAFAULDA,model_only,K1,True,2,246,42.14480397058651
cpu,MAFAULDA,model_only,K1,True,2,247,42.109781003091484
cpu,MAFAULDA,model_only,K1,True,2,248,42.083851993083954
cpu,MAFAULDA,model_only,K1,True,2,249,42.10959700867534
cpu,MAFAULDA,model_only,K1,True,3,0,42.091455950867385
cpu,MAFAULDA,model_only,K1,True,3,1,42.12884296430275
cpu,MAFAULDA,model_only,K1,True,3,2,42.018820997327566
cpu,MAFAULDA,model_only,K1,True,3,3,42.0919309835881
cpu,MAFAULDA,model_only,K1,True,3,4,42.86283202236518
cpu,MAFAULDA,model_only,K1,True,3,5,42.193069006316364
cpu,MAFAULDA,model_only,K1,True,3,6,42.589803982991725
cpu,MAFAULDA,model_only,K1,True,3,7,42.1342320041731
cpu,MAFAULDA,model_only,K1,True,3,8,42.03799500828609
cpu,MAFAULDA,model_only,K1,True,3,9,42.07582102390006
cpu,MAFAULDA,model_only,K1,True,3,10,43.28847100259736
cpu,MAFAULDA,model_only,K1,True,3,11,42.249621998053044
cpu,MAFAULDA,model_only,K1,True,3,12,42.058192018885165
cpu,MAFAULDA,model_only,K1,True,3,13,42.20227897167206
cpu,MAFAULDA,model_only,K1,True,3,14,42.25543700158596
cpu,MAFAULDA,model_only,K1,True,3,15,42.23952995380387
cpu,MAFAULDA,model_only,K1,True,3,16,42.049832991324365
cpu,MAFAULDA,model_only,K1,True,3,17,42.16978698968887
cpu,MAFAULDA,model_only,K1,True,3,18,42.21942397998646
cpu,MAFAULDA,model_only,K1,True,3,19,42.041633976623416
cpu,MAFAULDA,model_only,K1,True,3,20,42.14406595565379
cpu,MAFAULDA,model_only,K1,True,3,21,42.07617399515584
cpu,MAFAULDA,model_only,K1,True,3,22,42.026513954624534
cpu,MAFAULDA,model_only,K1,True,3,23,42.0834050164558
cpu,MAFAULDA,model_only,K1,True,3,24,42.02351102139801
cpu,MAFAULDA,model_only,K1,True,3,25,42.165605002082884
cpu,MAFAULDA,model_only,K1,True,3,26,42.034287995193154
cpu,MAFAULDA,model_only,K1,True,3,27,42.31722297845408
cpu,MAFAULDA,model_only,K1,True,3,28,42.780369985848665
cpu,MAFAULDA,model_only,K1,True,3,29,42.64042800059542
cpu,MAFAULDA,model_only,K1,True,3,30,42.31866495683789
cpu,MAFAULDA,model_only,K1,True,3,31,42.0927059603855
cpu,MAFAULDA,model_only,K1,True,3,32,42.44909301633015
cpu,MAFAULDA,model_only,K1,True,3,33,43.092547042761
cpu,MAFAULDA,model_only,K1,True,3,34,42.11574699729681
cpu,MAFAULDA,model_only,K1,True,3,35,42.2273040167056
cpu,MAFAULDA,model_only,K1,True,3,36,42.18982899328694
cpu,MAFAULDA,model_only,K1,True,3,37,42.12075698887929
cpu,MAFAULDA,model_only,K1,True,3,38,42.119432997424155
cpu,MAFAULDA,model_only,K1,True,3,39,42.05213603563607
cpu,MAFAULDA,model_only,K1,True,3,40,42.10939595941454
cpu,MAFAULDA,model_only,K1,True,3,41,41.99034703196958
cpu,MAFAULDA,model_only,K1,True,3,42,42.107042972929776
cpu,MAFAULDA,model_only,K1,True,3,43,42.098774982150644
cpu,MAFAULDA,model_only,K1,True,3,44,42.16883599292487
cpu,MAFAULDA,model_only,K1,True,3,45,42.068311013281345
cpu,MAFAULDA,model_only,K1,True,3,46,42.02643199823797
cpu,MAFAULDA,model_only,K1,True,3,47,42.090761999133974
cpu,MAFAULDA,model_only,K1,True,3,48,42.05602698493749
cpu,MAFAULDA,model_only,K1,True,3,49,42.02247801003978
cpu,MAFAULDA,model_only,K1,True,3,50,42.129812005441636
cpu,MAFAULDA,model_only,K1,True,3,51,42.480694013647735
cpu,MAFAULDA,model_only,K1,True,3,52,42.300722969230264
cpu,MAFAULDA,model_only,K1,True,3,53,42.68829501233995
cpu,MAFAULDA,model_only,K1,True,3,54,42.16900002211332
cpu,MAFAULDA,model_only,K1,True,3,55,42.11016301997006
cpu,MAFAULDA,model_only,K1,True,3,56,42.21080197021365
cpu,MAFAULDA,model_only,K1,True,3,57,42.010224948171526
cpu,MAFAULDA,model_only,K1,True,3,58,42.164698999840766
cpu,MAFAULDA,model_only,K1,True,3,59,42.1318489825353
cpu,MAFAULDA,model_only,K1,True,3,60,42.10194799816236
cpu,MAFAULDA,model_only,K1,True,3,61,42.17123897979036
cpu,MAFAULDA,model_only,K1,True,3,62,42.06818901002407
cpu,MAFAULDA,model_only,K1,True,3,63,42.099029989913106
cpu,MAFAULDA,model_only,K1,True,3,64,42.115263000596315
cpu,MAFAULDA,model_only,K1,True,3,65,42.05430002184585
cpu,MAFAULDA,model_only,K1,True,3,66,42.09725896362215
cpu,MAFAULDA,model_only,K1,True,3,67,42.13977698236704
cpu,MAFAULDA,model_only,K1,True,3,68,42.066801979672164
cpu,MAFAULDA,model_only,K1,True,3,69,42.04083600779995
cpu,MAFAULDA,model_only,K1,True,3,70,42.084157990757376
cpu,MAFAULDA,model_only,K1,True,3,71,42.15995600679889
cpu,MAFAULDA,model_only,K1,True,3,72,42.08270600065589
cpu,MAFAULDA,model_only,K1,True,3,73,42.13371401419863
cpu,MAFAULDA,model_only,K1,True,3,74,42.10975195746869
cpu,MAFAULDA,model_only,K1,True,3,75,42.932558979373425
cpu,MAFAULDA,model_only,K1,True,3,76,42.19008795917034
cpu,MAFAULDA,model_only,K1,True,3,77,42.23433701554313
cpu,MAFAULDA,model_only,K1,True,3,78,42.075611010659486
cpu,MAFAULDA,model_only,K1,True,3,79,42.11676801787689
cpu,MAFAULDA,model_only,K1,True,3,80,42.018596024718136
cpu,MAFAULDA,model_only,K1,True,3,81,42.06134198466316
cpu,MAFAULDA,model_only,K1,True,3,82,42.09268599515781
cpu,MAFAULDA,model_only,K1,True,3,83,42.08985000150278
cpu,MAFAULDA,model_only,K1,True,3,84,42.744876991491765
cpu,MAFAULDA,model_only,K1,True,3,85,42.15779801597819
cpu,MAFAULDA,model_only,K1,True,3,86,42.102202016394585
cpu,MAFAULDA,model_only,K1,True,3,87,42.59462299523875
cpu,MAFAULDA,model_only,K1,True,3,88,42.0497459708713
cpu,MAFAULDA,model_only,K1,True,3,89,42.31659398647025
cpu,MAFAULDA,model_only,K1,True,3,90,42.03003499424085
cpu,MAFAULDA,model_only,K1,True,3,91,42.30292100692168
cpu,MAFAULDA,model_only,K1,True,3,92,42.06962196622044
cpu,MAFAULDA,model_only,K1,True,3,93,41.996893007308245
cpu,MAFAULDA,model_only,K1,True,3,94,42.11199004203081
cpu,MAFAULDA,model_only,K1,True,3,95,42.18983300961554
cpu,MAFAULDA,model_only,K1,True,3,96,42.18381404643878
cpu,MAFAULDA,model_only,K1,True,3,97,42.10398596478626
cpu,MAFAULDA,model_only,K1,True,3,98,42.097146972082555
cpu,MAFAULDA,model_only,K1,True,3,99,42.87207097513601
cpu,MAFAULDA,model_only,K1,True,3,100,42.18983795726672
cpu,MAFAULDA,model_only,K1,True,3,101,42.631972988601774
cpu,MAFAULDA,model_only,K1,True,3,102,42.07511298591271
cpu,MAFAULDA,model_only,K1,True,3,103,41.96677898289636
cpu,MAFAULDA,model_only,K1,True,3,104,42.00315900379792
cpu,MAFAULDA,model_only,K1,True,3,105,42.02432499732822
cpu,MAFAULDA,model_only,K1,True,3,106,42.11031197337434
cpu,MAFAULDA,model_only,K1,True,3,107,42.121775972191244
cpu,MAFAULDA,model_only,K1,True,3,108,42.18436300288886
cpu,MAFAULDA,model_only,K1,True,3,109,42.055427038576454
cpu,MAFAULDA,model_only,K1,True,3,110,42.15583996847272
cpu,MAFAULDA,model_only,K1,True,3,111,42.18018299434334
cpu,MAFAULDA,model_only,K1,True,3,112,42.078861966729164
cpu,MAFAULDA,model_only,K1,True,3,113,42.05003095557913
cpu,MAFAULDA,model_only,K1,True,3,114,42.11351304547861
cpu,MAFAULDA,model_only,K1,True,3,115,42.0690739993006
cpu,MAFAULDA,model_only,K1,True,3,116,42.064509994816035
cpu,MAFAULDA,model_only,K1,True,3,117,42.015297047328204
cpu,MAFAULDA,model_only,K1,True,3,118,42.0628129504621
cpu,MAFAULDA,model_only,K1,True,3,119,42.03087597852573
cpu,MAFAULDA,model_only,K1,True,3,120,42.09424601867795
cpu,MAFAULDA,model_only,K1,True,3,121,42.06930397776887
cpu,MAFAULDA,model_only,K1,True,3,122,42.137277021538466
cpu,MAFAULDA,model_only,K1,True,3,123,42.80635301256552
cpu,MAFAULDA,model_only,K1,True,3,124,42.1599869732745
cpu,MAFAULDA,model_only,K1,True,3,125,42.33995696995407
cpu,MAFAULDA,model_only,K1,True,3,126,42.12370602181181
cpu,MAFAULDA,model_only,K1,True,3,127,42.03028604388237
cpu,MAFAULDA,model_only,K1,True,3,128,42.02060797251761
cpu,MAFAULDA,model_only,K1,True,3,129,42.49991796677932
cpu,MAFAULDA,model_only,K1,True,3,130,42.15463699074462
cpu,MAFAULDA,model_only,K1,True,3,131,42.193891014903784
cpu,MAFAULDA,model_only,K1,True,3,132,42.06387198064476
cpu,MAFAULDA,model_only,K1,True,3,133,42.120723985135555
cpu,MAFAULDA,model_only,K1,True,3,134,42.21334797330201
cpu,MAFAULDA,model_only,K1,True,3,135,42.00612602289766
cpu,MAFAULDA,model_only,K1,True,3,136,42.11578599642962
cpu,MAFAULDA,model_only,K1,True,3,137,42.09595202701166
cpu,MAFAULDA,model_only,K1,True,3,138,42.056092992424965
cpu,MAFAULDA,model_only,K1,True,3,139,42.09132102550939
cpu,MAFAULDA,model_only,K1,True,3,140,42.04009904060513
cpu,MAFAULDA,model_only,K1,True,3,141,41.98738996637985
cpu,MAFAULDA,model_only,K1,True,3,142,42.08187299082056
cpu,MAFAULDA,model_only,K1,True,3,143,42.21218801103532
cpu,MAFAULDA,model_only,K1,True,3,144,41.9781559612602
cpu,MAFAULDA,model_only,K1,True,3,145,42.049897951073945
cpu,MAFAULDA,model_only,K1,True,3,146,42.78149298625067
cpu,MAFAULDA,model_only,K1,True,3,147,42.24150598747656
cpu,MAFAULDA,model_only,K1,True,3,148,42.97349299304187
cpu,MAFAULDA,model_only,K1,True,3,149,42.250474041793495
cpu,MAFAULDA,model_only,K1,True,3,150,42.114630981814116
cpu,MAFAULDA,model_only,K1,True,3,151,42.316920997109264
cpu,MAFAULDA,model_only,K1,True,3,152,42.03951597446576
cpu,MAFAULDA,model_only,K1,True,3,153,42.10319503908977
cpu,MAFAULDA,model_only,K1,True,3,154,42.371389048639685
cpu,MAFAULDA,model_only,K1,True,3,155,42.269550962373614
cpu,MAFAULDA,model_only,K1,True,3,156,42.03869600314647
cpu,MAFAULDA,model_only,K1,True,3,157,42.07321896683425
cpu,MAFAULDA,model_only,K1,True,3,158,42.19120304333046
cpu,MAFAULDA,model_only,K1,True,3,159,42.088071000762284
cpu,MAFAULDA,model_only,K1,True,3,160,42.22528502577916
cpu,MAFAULDA,model_only,K1,True,3,161,42.013141966890544
cpu,MAFAULDA,model_only,K1,True,3,162,42.050128045957536
cpu,MAFAULDA,model_only,K1,True,3,163,41.97312600445002
cpu,MAFAULDA,model_only,K1,True,3,164,42.04025701619685
cpu,MAFAULDA,model_only,K1,True,3,165,42.04480699263513
cpu,MAFAULDA,model_only,K1,True,3,166,42.20061399973929
cpu,MAFAULDA,model_only,K1,True,3,167,42.151289992034435
cpu,MAFAULDA,model_only,K1,True,3,168,42.07954794401303
cpu,MAFAULDA,model_only,K1,True,3,169,42.032386001665145
cpu,MAFAULDA,model_only,K1,True,3,170,42.557368986308575
cpu,MAFAULDA,model_only,K1,True,3,171,42.1781349577941
cpu,MAFAULDA,model_only,K1,True,3,172,42.82141197472811
cpu,MAFAULDA,model_only,K1,True,3,173,42.090654955245554
cpu,MAFAULDA,model_only,K1,True,3,174,42.03215200686827
cpu,MAFAULDA,model_only,K1,True,3,175,42.05412196461111
cpu,MAFAULDA,model_only,K1,True,3,176,42.009608005173504
cpu,MAFAULDA,model_only,K1,True,3,177,42.09864197764546
cpu,MAFAULDA,model_only,K1,True,3,178,42.10762697039172
cpu,MAFAULDA,model_only,K1,True,3,179,42.524733988102525
cpu,MAFAULDA,model_only,K1,True,3,180,42.16474900022149
cpu,MAFAULDA,model_only,K1,True,3,181,42.03026299364865
cpu,MAFAULDA,model_only,K1,True,3,182,42.05041698878631
cpu,MAFAULDA,model_only,K1,True,3,183,42.162621044553816
cpu,MAFAULDA,model_only,K1,True,3,184,42.10436105495319
cpu,MAFAULDA,model_only,K1,True,3,185,42.07624203991145
cpu,MAFAULDA,model_only,K1,True,3,186,42.17757500009611
cpu,MAFAULDA,model_only,K1,True,3,187,42.08762897178531
cpu,MAFAULDA,model_only,K1,True,3,188,42.01550403377041
cpu,MAFAULDA,model_only,K1,True,3,189,42.047870985697955
cpu,MAFAULDA,model_only,K1,True,3,190,42.1544790151529
cpu,MAFAULDA,model_only,K1,True,3,191,42.06179000902921
cpu,MAFAULDA,model_only,K1,True,3,192,42.00260300422087
cpu,MAFAULDA,model_only,K1,True,3,193,42.029580974485725
cpu,MAFAULDA,model_only,K1,True,3,194,42.65405097976327
cpu,MAFAULDA,model_only,K1,True,3,195,42.22630197182298
cpu,MAFAULDA,model_only,K1,True,3,196,42.58210101397708
cpu,MAFAULDA,model_only,K1,True,3,197,42.07834001863375
cpu,MAFAULDA,model_only,K1,True,3,198,42.004666989669204
cpu,MAFAULDA,model_only,K1,True,3,199,42.04548499546945
cpu,MAFAULDA,model_only,K1,True,3,200,42.03590704128146
cpu,MAFAULDA,model_only,K1,True,3,201,42.16014704434201
cpu,MAFAULDA,model_only,K1,True,3,202,42.131145019084215
cpu,MAFAULDA,model_only,K1,True,3,203,42.07286500604823
cpu,MAFAULDA,model_only,K1,True,3,204,42.04043297795579
cpu,MAFAULDA,model_only,K1,True,3,205,42.26961394306272
cpu,MAFAULDA,model_only,K1,True,3,206,43.04825502913445
cpu,MAFAULDA,model_only,K1,True,3,207,42.3974699806422
cpu,MAFAULDA,model_only,K1,True,3,208,42.20864805392921
cpu,MAFAULDA,model_only,K1,True,3,209,42.051000986248255
cpu,MAFAULDA,model_only,K1,True,3,210,42.07988502457738
cpu,MAFAULDA,model_only,K1,True,3,211,42.069624993018806
cpu,MAFAULDA,model_only,K1,True,3,212,42.03186999075115
cpu,MAFAULDA,model_only,K1,True,3,213,42.14013501768932
cpu,MAFAULDA,model_only,K1,True,3,214,42.00754297198728
cpu,MAFAULDA,model_only,K1,True,3,215,42.12218400789425
cpu,MAFAULDA,model_only,K1,True,3,216,42.12868999456987
cpu,MAFAULDA,model_only,K1,True,3,217,42.223119002301246
cpu,MAFAULDA,model_only,K1,True,3,218,42.60317498119548
cpu,MAFAULDA,model_only,K1,True,3,219,42.29532100725919
cpu,MAFAULDA,model_only,K1,True,3,220,42.61462000431493
cpu,MAFAULDA,model_only,K1,True,3,221,42.18725295504555
cpu,MAFAULDA,model_only,K1,True,3,222,42.06580598838627
cpu,MAFAULDA,model_only,K1,True,3,223,42.12344001280144
cpu,MAFAULDA,model_only,K1,True,3,224,42.225045966915786
cpu,MAFAULDA,model_only,K1,True,3,225,42.23089799052104
cpu,MAFAULDA,model_only,K1,True,3,226,42.18135995324701
cpu,MAFAULDA,model_only,K1,True,3,227,42.16107103275135
cpu,MAFAULDA,model_only,K1,True,3,228,42.093930998817086
cpu,MAFAULDA,model_only,K1,True,3,229,43.625437014270574
cpu,MAFAULDA,model_only,K1,True,3,230,42.48104098951444
cpu,MAFAULDA,model_only,K1,True,3,231,42.21194703131914
cpu,MAFAULDA,model_only,K1,True,3,232,42.186789971310645
cpu,MAFAULDA,model_only,K1,True,3,233,42.14283899636939
cpu,MAFAULDA,model_only,K1,True,3,234,42.23220702260733
cpu,MAFAULDA,model_only,K1,True,3,235,42.18014201615006
cpu,MAFAULDA,model_only,K1,True,3,236,42.196236026939005
cpu,MAFAULDA,model_only,K1,True,3,237,42.1260500443168
cpu,MAFAULDA,model_only,K1,True,3,238,42.220754956360906
cpu,MAFAULDA,model_only,K1,True,3,239,42.1678579878062
cpu,MAFAULDA,model_only,K1,True,3,240,42.134367977268994
cpu,MAFAULDA,model_only,K1,True,3,241,43.123692041262984
cpu,MAFAULDA,model_only,K1,True,3,242,42.29959502117708
cpu,MAFAULDA,model_only,K1,True,3,243,42.342268978245556
cpu,MAFAULDA,model_only,K1,True,3,244,42.21792198950425
cpu,MAFAULDA,model_only,K1,True,3,245,42.090747971087694
cpu,MAFAULDA,model_only,K1,True,3,246,42.08189598284662
cpu,MAFAULDA,model_only,K1,True,3,247,42.29920299258083
cpu,MAFAULDA,model_only,K1,True,3,248,42.51948499586433
cpu,MAFAULDA,model_only,K1,True,3,249,42.158226016908884
cpu,MAFAULDA,model_only,Full-S1,True,3,0,82.55808701505885
cpu,MAFAULDA,model_only,Full-S1,True,3,1,83.14312598668039
cpu,MAFAULDA,model_only,Full-S1,True,3,2,83.48602504702285
cpu,MAFAULDA,model_only,Full-S1,True,3,3,85.26814897777513
cpu,MAFAULDA,model_only,Full-S1,True,3,4,83.64451001398265
cpu,MAFAULDA,model_only,Full-S1,True,3,5,83.49118998739868
cpu,MAFAULDA,model_only,Full-S1,True,3,6,83.206229028292
cpu,MAFAULDA,model_only,Full-S1,True,3,7,83.83992296876386
cpu,MAFAULDA,model_only,Full-S1,True,3,8,83.86209700256586
cpu,MAFAULDA,model_only,Full-S1,True,3,9,83.2763240323402
cpu,MAFAULDA,model_only,Full-S1,True,3,10,83.64436600822955
cpu,MAFAULDA,model_only,Full-S1,True,3,11,83.1075040041469
cpu,MAFAULDA,model_only,Full-S1,True,3,12,84.09561205189675
cpu,MAFAULDA,model_only,Full-S1,True,3,13,83.09403096791357
cpu,MAFAULDA,model_only,Full-S1,True,3,14,82.98327500233427
cpu,MAFAULDA,model_only,Full-S1,True,3,15,83.10167799936607
cpu,MAFAULDA,model_only,Full-S1,True,3,16,83.07557494845241
cpu,MAFAULDA,model_only,Full-S1,True,3,17,82.98455801559612
cpu,MAFAULDA,model_only,Full-S1,True,3,18,82.873011007905
cpu,MAFAULDA,model_only,Full-S1,True,3,19,83.55951402336359
cpu,MAFAULDA,model_only,Full-S1,True,3,20,83.07132497429848
cpu,MAFAULDA,model_only,Full-S1,True,3,21,83.27569399261847
cpu,MAFAULDA,model_only,Full-S1,True,3,22,82.99993100808933
cpu,MAFAULDA,model_only,Full-S1,True,3,23,82.92054198682308
cpu,MAFAULDA,model_only,Full-S1,True,3,24,82.96427800087258
cpu,MAFAULDA,model_only,Full-S1,True,3,25,83.02883699070662
cpu,MAFAULDA,model_only,Full-S1,True,3,26,82.99593097763136
cpu,MAFAULDA,model_only,Full-S1,True,3,27,82.93173898709938
cpu,MAFAULDA,model_only,Full-S1,True,3,28,83.06438900763169
cpu,MAFAULDA,model_only,Full-S1,True,3,29,82.96109398361295
cpu,MAFAULDA,model_only,Full-S1,True,3,30,82.8478760086
cpu,MAFAULDA,model_only,Full-S1,True,3,31,83.88858800753951
cpu,MAFAULDA,model_only,Full-S1,True,3,32,83.00988900009543
cpu,MAFAULDA,model_only,Full-S1,True,3,33,83.44208897324279
cpu,MAFAULDA,model_only,Full-S1,True,3,34,82.94242102419958
cpu,MAFAULDA,model_only,Full-S1,True,3,35,82.90077798301354
cpu,MAFAULDA,model_only,Full-S1,True,3,36,83.0447530024685
cpu,MAFAULDA,model_only,Full-S1,True,3,37,83.25642003910616
cpu,MAFAULDA,model_only,Full-S1,True,3,38,83.5701419855468
cpu,MAFAULDA,model_only,Full-S1,True,3,39,82.98594900406897
cpu,MAFAULDA,model_only,Full-S1,True,3,40,82.974225981161
cpu,MAFAULDA,model_only,Full-S1,True,3,41,82.92743400670588
cpu,MAFAULDA,model_only,Full-S1,True,3,42,82.78312301263213
cpu,MAFAULDA,model_only,Full-S1,True,3,43,83.80515803582966
cpu,MAFAULDA,model_only,Full-S1,True,3,44,83.03989697014913
cpu,MAFAULDA,model_only,Full-S1,True,3,45,83.11214699642733
cpu,MAFAULDA,model_only,Full-S1,True,3,46,82.99575600540265
cpu,MAFAULDA,model_only,Full-S1,True,3,47,82.9127139877528
cpu,MAFAULDA,model_only,Full-S1,True,3,48,82.92971999617293
cpu,MAFAULDA,model_only,Full-S1,True,3,49,82.95423298841342
cpu,MAFAULDA,model_only,Full-S1,True,3,50,83.16675300011411
cpu,MAFAULDA,model_only,Full-S1,True,3,51,82.89702801266685
cpu,MAFAULDA,model_only,Full-S1,True,3,52,83.01593398209661
cpu,MAFAULDA,model_only,Full-S1,True,3,53,83.02685199305415
cpu,MAFAULDA,model_only,Full-S1,True,3,54,82.87145395297557
cpu,MAFAULDA,model_only,Full-S1,True,3,55,83.40694702928886
cpu,MAFAULDA,model_only,Full-S1,True,3,56,83.03232700563967
cpu,MAFAULDA,model_only,Full-S1,True,3,57,83.45802896656096
cpu,MAFAULDA,model_only,Full-S1,True,3,58,83.0424609594047
cpu,MAFAULDA,model_only,Full-S1,True,3,59,83.49960000487044
cpu,MAFAULDA,model_only,Full-S1,True,3,60,83.28333805548027
cpu,MAFAULDA,model_only,Full-S1,True,3,61,83.04072299506515
cpu,MAFAULDA,model_only,Full-S1,True,3,62,82.87697500782087
cpu,MAFAULDA,model_only,Full-S1,True,3,63,83.2040180102922
cpu,MAFAULDA,model_only,Full-S1,True,3,64,83.18894798867404
cpu,MAFAULDA,model_only,Full-S1,True,3,65,82.8916720347479
cpu,MAFAULDA,model_only,Full-S1,True,3,66,82.94266200391576
cpu,MAFAULDA,model_only,Full-S1,True,3,67,83.6204300285317
cpu,MAFAULDA,model_only,Full-S1,True,3,68,83.1913540023379
cpu,MAFAULDA,model_only,Full-S1,True,3,69,83.63798202481121
cpu,MAFAULDA,model_only,Full-S1,True,3,70,83.19787302752957
cpu,MAFAULDA,model_only,Full-S1,True,3,71,83.52970599662513
cpu,MAFAULDA,model_only,Full-S1,True,3,72,83.12956301961094
cpu,MAFAULDA,model_only,Full-S1,True,3,73,82.95032300520688
cpu,MAFAULDA,model_only,Full-S1,True,3,74,82.97935198061168
cpu,MAFAULDA,model_only,Full-S1,True,3,75,82.97129202401266
cpu,MAFAULDA,model_only,Full-S1,True,3,76,83.08212400879711
cpu,MAFAULDA,model_only,Full-S1,True,3,77,82.89300097385421
cpu,MAFAULDA,model_only,Full-S1,True,3,78,84.39718798035756
cpu,MAFAULDA,model_only,Full-S1,True,3,79,83.83100799983367
cpu,MAFAULDA,model_only,Full-S1,True,3,80,83.00991100259125
cpu,MAFAULDA,model_only,Full-S1,True,3,81,83.33284000400454
cpu,MAFAULDA,model_only,Full-S1,True,3,82,82.90226600365713
cpu,MAFAULDA,model_only,Full-S1,True,3,83,82.95773196732625
cpu,MAFAULDA,model_only,Full-S1,True,3,84,83.07883399538696
cpu,MAFAULDA,model_only,Full-S1,True,3,85,82.86116400267929
cpu,MAFAULDA,model_only,Full-S1,True,3,86,83.00468599190935
cpu,MAFAULDA,model_only,Full-S1,True,3,87,82.96561596216634
cpu,MAFAULDA,model_only,Full-S1,True,3,88,82.92447298299521
cpu,MAFAULDA,model_only,Full-S1,True,3,89,83.0654320307076
cpu,MAFAULDA,model_only,Full-S1,True,3,90,82.99936196999624
cpu,MAFAULDA,model_only,Full-S1,True,3,91,83.6051229853183
cpu,MAFAULDA,model_only,Full-S1,True,3,92,82.98588899197057
cpu,MAFAULDA,model_only,Full-S1,True,3,93,83.50834500743076
cpu,MAFAULDA,model_only,Full-S1,True,3,94,82.91738602565601
cpu,MAFAULDA,model_only,Full-S1,True,3,95,83.03051203256473
cpu,MAFAULDA,model_only,Full-S1,True,3,96,83.10993696795776
cpu,MAFAULDA,model_only,Full-S1,True,3,97,83.09127599932253
cpu,MAFAULDA,model_only,Full-S1,True,3,98,83.28199497191235
cpu,MAFAULDA,model_only,Full-S1,True,3,99,82.8989939764142
cpu,MAFAULDA,model_only,Full-S1,True,3,100,82.99685502424836
cpu,MAFAULDA,model_only,Full-S1,True,3,101,83.03676499053836
cpu,MAFAULDA,model_only,Full-S1,True,3,102,83.10792001429945
cpu,MAFAULDA,model_only,Full-S1,True,3,103,83.4762099548243
cpu,MAFAULDA,model_only,Full-S1,True,3,104,83.24165100930259
cpu,MAFAULDA,model_only,Full-S1,True,3,105,83.22399202734232
cpu,MAFAULDA,model_only,Full-S1,True,3,106,83.03380396682769
cpu,MAFAULDA,model_only,Full-S1,True,3,107,83.02925899624825
cpu,MAFAULDA,model_only,Full-S1,True,3,108,83.6935059633106
cpu,MAFAULDA,model_only,Full-S1,True,3,109,82.98127999296412
cpu,MAFAULDA,model_only,Full-S1,True,3,110,82.94377301353961
cpu,MAFAULDA,model_only,Full-S1,True,3,111,83.11478805262595
cpu,MAFAULDA,model_only,Full-S1,True,3,112,84.38512199791148
cpu,MAFAULDA,model_only,Full-S1,True,3,113,83.0852419603616
cpu,MAFAULDA,model_only,Full-S1,True,3,114,83.0026239855215
cpu,MAFAULDA,model_only,Full-S1,True,3,115,83.39586603688076
cpu,MAFAULDA,model_only,Full-S1,True,3,116,83.1560249789618
cpu,MAFAULDA,model_only,Full-S1,True,3,117,83.74056301545352
cpu,MAFAULDA,model_only,Full-S1,True,3,118,83.04405800299719
cpu,MAFAULDA,model_only,Full-S1,True,3,119,83.47265399061143
cpu,MAFAULDA,model_only,Full-S1,True,3,120,83.06835900293663
cpu,MAFAULDA,model_only,Full-S1,True,3,121,82.93242496438324
cpu,MAFAULDA,model_only,Full-S1,True,3,122,83.0524199991487
cpu,MAFAULDA,model_only,Full-S1,True,3,123,82.99162704497576
cpu,MAFAULDA,model_only,Full-S1,True,3,124,82.9908240120858
cpu,MAFAULDA,model_only,Full-S1,True,3,125,83.01894599571824
cpu,MAFAULDA,model_only,Full-S1,True,3,126,83.03778897970915
cpu,MAFAULDA,model_only,Full-S1,True,3,127,83.10189103940502
cpu,MAFAULDA,model_only,Full-S1,True,3,128,83.46885599894449
cpu,MAFAULDA,model_only,Full-S1,True,3,129,83.38786999229342
cpu,MAFAULDA,model_only,Full-S1,True,3,130,83.15147901885211
cpu,MAFAULDA,model_only,Full-S1,True,3,131,83.1488179974258
cpu,MAFAULDA,model_only,Full-S1,True,3,132,87.71098800934851
cpu,MAFAULDA,model_only,Full-S1,True,3,133,86.07521798694506
cpu,MAFAULDA,model_only,Full-S1,True,3,134,83.14967597834766
cpu,MAFAULDA,model_only,Full-S1,True,3,135,82.93320698430762
cpu,MAFAULDA,model_only,Full-S1,True,3,136,83.00508296815678
cpu,MAFAULDA,model_only,Full-S1,True,3,137,83.00105400849134
cpu,MAFAULDA,model_only,Full-S1,True,3,138,83.01057299831882
cpu,MAFAULDA,model_only,Full-S1,True,3,139,83.8181980070658
cpu,MAFAULDA,model_only,Full-S1,True,3,140,83.29304796643555
cpu,MAFAULDA,model_only,Full-S1,True,3,141,83.74674996593967
cpu,MAFAULDA,model_only,Full-S1,True,3,142,82.87766197463498
cpu,MAFAULDA,model_only,Full-S1,True,3,143,83.10835098382086
cpu,MAFAULDA,model_only,Full-S1,True,3,144,83.02047598408535
cpu,MAFAULDA,model_only,Full-S1,True,3,145,85.22156398976222
cpu,MAFAULDA,model_only,Full-S1,True,3,146,83.21571297710761
cpu,MAFAULDA,model_only,Full-S1,True,3,147,83.09954998549074
cpu,MAFAULDA,model_only,Full-S1,True,3,148,83.01760902395472
cpu,MAFAULDA,model_only,Full-S1,True,3,149,83.14021397382021
cpu,MAFAULDA,model_only,Full-S1,True,3,150,83.77606101566926
cpu,MAFAULDA,model_only,Full-S1,True,3,151,83.91241799108684
cpu,MAFAULDA,model_only,Full-S1,True,3,152,83.28304998576641
cpu,MAFAULDA,model_only,Full-S1,True,3,153,83.04367499658838
cpu,MAFAULDA,model_only,Full-S1,True,3,154,82.90327800204977
cpu,MAFAULDA,model_only,Full-S1,True,3,155,83.05030001793057
cpu,MAFAULDA,model_only,Full-S1,True,3,156,83.7352040107362
cpu,MAFAULDA,model_only,Full-S1,True,3,157,84.14141600951552
cpu,MAFAULDA,model_only,Full-S1,True,3,158,83.21553701534867
cpu,MAFAULDA,model_only,Full-S1,True,3,159,83.04066199343652
cpu,MAFAULDA,model_only,Full-S1,True,3,160,82.9901629476808
cpu,MAFAULDA,model_only,Full-S1,True,3,161,83.14154902473092
cpu,MAFAULDA,model_only,Full-S1,True,3,162,82.89530401816592
cpu,MAFAULDA,model_only,Full-S1,True,3,163,83.83104199310765
cpu,MAFAULDA,model_only,Full-S1,True,3,164,83.17824295954779
cpu,MAFAULDA,model_only,Full-S1,True,3,165,83.44426698749885
cpu,MAFAULDA,model_only,Full-S1,True,3,166,82.90775201749057
cpu,MAFAULDA,model_only,Full-S1,True,3,167,83.08789995498955
cpu,MAFAULDA,model_only,Full-S1,True,3,168,82.9860390513204
cpu,MAFAULDA,model_only,Full-S1,True,3,169,82.96185499057174
cpu,MAFAULDA,model_only,Full-S1,True,3,170,83.48701399518177
cpu,MAFAULDA,model_only,Full-S1,True,3,171,82.9596680123359
cpu,MAFAULDA,model_only,Full-S1,True,3,172,82.96092302771285
cpu,MAFAULDA,model_only,Full-S1,True,3,173,83.1002130289562
cpu,MAFAULDA,model_only,Full-S1,True,3,174,82.81263499520719
cpu,MAFAULDA,model_only,Full-S1,True,3,175,83.43906496884301
cpu,MAFAULDA,model_only,Full-S1,True,3,176,83.30472704255953
cpu,MAFAULDA,model_only,Full-S1,True,3,177,84.2303530080244
cpu,MAFAULDA,model_only,Full-S1,True,3,178,82.89529901230708
cpu,MAFAULDA,model_only,Full-S1,True,3,179,83.44656397821382
cpu,MAFAULDA,model_only,Full-S1,True,3,180,83.00222700927407
cpu,MAFAULDA,model_only,Full-S1,True,3,181,83.07246601907536
cpu,MAFAULDA,model_only,Full-S1,True,3,182,83.0123369814828
cpu,MAFAULDA,model_only,Full-S1,True,3,183,82.82940997742116
cpu,MAFAULDA,model_only,Full-S1,True,3,184,82.97422004397959
cpu,MAFAULDA,model_only,Full-S1,True,3,185,83.06350401835516
cpu,MAFAULDA,model_only,Full-S1,True,3,186,82.82705798046663
cpu,MAFAULDA,model_only,Full-S1,True,3,187,83.44639698043466
cpu,MAFAULDA,model_only,Full-S1,True,3,188,83.46325199818239
cpu,MAFAULDA,model_only,Full-S1,True,3,189,83.48266495158896
cpu,MAFAULDA,model_only,Full-S1,True,3,190,83.3108100341633
cpu,MAFAULDA,model_only,Full-S1,True,3,191,84.14007601095363
cpu,MAFAULDA,model_only,Full-S1,True,3,192,83.16224202280864
cpu,MAFAULDA,model_only,Full-S1,True,3,193,83.06786802131683
cpu,MAFAULDA,model_only,Full-S1,True,3,194,83.20559002459049
cpu,MAFAULDA,model_only,Full-S1,True,3,195,82.85223401617259
cpu,MAFAULDA,model_only,Full-S1,True,3,196,82.94588699936867
cpu,MAFAULDA,model_only,Full-S1,True,3,197,83.08274199953303
cpu,MAFAULDA,model_only,Full-S1,True,3,198,83.05698202457279
cpu,MAFAULDA,model_only,Full-S1,True,3,199,83.4136190242134
cpu,MAFAULDA,model_only,Full-S1,True,3,200,83.16868200199679
cpu,MAFAULDA,model_only,Full-S1,True,3,201,83.11321499058977
cpu,MAFAULDA,model_only,Full-S1,True,3,202,83.0342230037786
cpu,MAFAULDA,model_only,Full-S1,True,3,203,82.93762197718024
cpu,MAFAULDA,model_only,Full-S1,True,3,204,83.47428397974
cpu,MAFAULDA,model_only,Full-S1,True,3,205,83.18631601287052
cpu,MAFAULDA,model_only,Full-S1,True,3,206,83.04789598332718
cpu,MAFAULDA,model_only,Full-S1,True,3,207,82.91489898692816
cpu,MAFAULDA,model_only,Full-S1,True,3,208,83.1362140015699
cpu,MAFAULDA,model_only,Full-S1,True,3,209,82.9531159834005
cpu,MAFAULDA,model_only,Full-S1,True,3,210,82.82479597255588
cpu,MAFAULDA,model_only,Full-S1,True,3,211,83.02429696777835
cpu,MAFAULDA,model_only,Full-S1,True,3,212,83.54649902321398
cpu,MAFAULDA,model_only,Full-S1,True,3,213,83.0327210132964
cpu,MAFAULDA,model_only,Full-S1,True,3,214,83.03442201577127
cpu,MAFAULDA,model_only,Full-S1,True,3,215,82.84698100760579
cpu,MAFAULDA,model_only,Full-S1,True,3,216,82.95563800493255
cpu,MAFAULDA,model_only,Full-S1,True,3,217,83.2305490039289
cpu,MAFAULDA,model_only,Full-S1,True,3,218,83.16325600026175
cpu,MAFAULDA,model_only,Full-S1,True,3,219,83.13339500455186
cpu,MAFAULDA,model_only,Full-S1,True,3,220,83.12070299871266
cpu,MAFAULDA,model_only,Full-S1,True,3,221,82.97068998217583
cpu,MAFAULDA,model_only,Full-S1,True,3,222,83.01390596898273
cpu,MAFAULDA,model_only,Full-S1,True,3,223,83.20791402366012
cpu,MAFAULDA,model_only,Full-S1,True,3,224,83.9821330155246
cpu,MAFAULDA,model_only,Full-S1,True,3,225,83.01233500242233
cpu,MAFAULDA,model_only,Full-S1,True,3,226,83.2386429538019
cpu,MAFAULDA,model_only,Full-S1,True,3,227,82.95176300453022
cpu,MAFAULDA,model_only,Full-S1,True,3,228,82.97923998907208
cpu,MAFAULDA,model_only,Full-S1,True,3,229,83.13814998837188
cpu,MAFAULDA,model_only,Full-S1,True,3,230,83.02101795561612
cpu,MAFAULDA,model_only,Full-S1,True,3,231,82.80783798545599
cpu,MAFAULDA,model_only,Full-S1,True,3,232,83.05810298770666
cpu,MAFAULDA,model_only,Full-S1,True,3,233,82.98300497699529
cpu,MAFAULDA,model_only,Full-S1,True,3,234,82.84684998216107
cpu,MAFAULDA,model_only,Full-S1,True,3,235,85.10726696113124
cpu,MAFAULDA,model_only,Full-S1,True,3,236,83.77507596742362
cpu,MAFAULDA,model_only,Full-S1,True,3,237,82.99666905077174
cpu,MAFAULDA,model_only,Full-S1,True,3,238,83.20490404730663
cpu,MAFAULDA,model_only,Full-S1,True,3,239,83.3290980081074
cpu,MAFAULDA,model_only,Full-S1,True,3,240,83.03831401281059
cpu,MAFAULDA,model_only,Full-S1,True,3,241,83.0143749481067
cpu,MAFAULDA,model_only,Full-S1,True,3,242,83.227333961986
cpu,MAFAULDA,model_only,Full-S1,True,3,243,82.97800901345909
cpu,MAFAULDA,model_only,Full-S1,True,3,244,85.27184301055968
cpu,MAFAULDA,model_only,Full-S1,True,3,245,82.99772901227698
cpu,MAFAULDA,model_only,Full-S1,True,3,246,83.09549995465204
cpu,MAFAULDA,model_only,Full-S1,True,3,247,82.9836199991405
cpu,MAFAULDA,model_only,Full-S1,True,3,248,83.92368501517922
cpu,MAFAULDA,model_only,Full-S1,True,3,249,83.22791400132701
cpu,MAFAULDA,end_to_end,Full-S1,True,0,0,83.39674904709682
cpu,MAFAULDA,end_to_end,Full-S1,True,0,1,83.46783102024347
cpu,MAFAULDA,end_to_end,Full-S1,True,0,2,83.52500601904467
cpu,MAFAULDA,end_to_end,Full-S1,True,0,3,83.3394430228509
cpu,MAFAULDA,end_to_end,Full-S1,True,0,4,83.58736196532845
cpu,MAFAULDA,end_to_end,Full-S1,True,0,5,83.44227494671941
cpu,MAFAULDA,end_to_end,Full-S1,True,0,6,83.3500640001148
cpu,MAFAULDA,end_to_end,Full-S1,True,0,7,83.46034301212057
cpu,MAFAULDA,end_to_end,Full-S1,True,0,8,83.31265399465337
cpu,MAFAULDA,end_to_end,Full-S1,True,0,9,83.4344020113349
cpu,MAFAULDA,end_to_end,Full-S1,True,0,10,83.4679719991982
cpu,MAFAULDA,end_to_end,Full-S1,True,0,11,84.01416399283335
cpu,MAFAULDA,end_to_end,Full-S1,True,0,12,83.4311589715071
cpu,MAFAULDA,end_to_end,Full-S1,True,0,13,83.42543098842725
cpu,MAFAULDA,end_to_end,Full-S1,True,0,14,83.46346102189273
cpu,MAFAULDA,end_to_end,Full-S1,True,0,15,83.88595998985693
cpu,MAFAULDA,end_to_end,Full-S1,True,0,16,83.55629799189046
cpu,MAFAULDA,end_to_end,Full-S1,True,0,17,83.31338799325749
cpu,MAFAULDA,end_to_end,Full-S1,True,0,18,83.46326899481937
cpu,MAFAULDA,end_to_end,Full-S1,True,0,19,83.46152497688308
cpu,MAFAULDA,end_to_end,Full-S1,True,0,20,83.28066603280604
cpu,MAFAULDA,end_to_end,Full-S1,True,0,21,83.35481100948527
cpu,MAFAULDA,end_to_end,Full-S1,True,0,22,83.43820995651186
cpu,MAFAULDA,end_to_end,Full-S1,True,0,23,83.74182594707236
cpu,MAFAULDA,end_to_end,Full-S1,True,0,24,84.66136502102017
cpu,MAFAULDA,end_to_end,Full-S1,True,0,25,84.21178901335225
cpu,MAFAULDA,end_to_end,Full-S1,True,0,26,84.21292999992147
cpu,MAFAULDA,end_to_end,Full-S1,True,0,27,84.28688597632572
cpu,MAFAULDA,end_to_end,Full-S1,True,0,28,83.42673402512446
cpu,MAFAULDA,end_to_end,Full-S1,True,0,29,83.34617997752503
cpu,MAFAULDA,end_to_end,Full-S1,True,0,30,83.57992098899558
cpu,MAFAULDA,end_to_end,Full-S1,True,0,31,83.37798400316387
cpu,MAFAULDA,end_to_end,Full-S1,True,0,32,83.29658297589049
cpu,MAFAULDA,end_to_end,Full-S1,True,0,33,83.63425004063174
cpu,MAFAULDA,end_to_end,Full-S1,True,0,34,83.29058100935072
cpu,MAFAULDA,end_to_end,Full-S1,True,0,35,84.21463100239635
cpu,MAFAULDA,end_to_end,Full-S1,True,0,36,83.46359396819025
cpu,MAFAULDA,end_to_end,Full-S1,True,0,37,83.34622700931504
cpu,MAFAULDA,end_to_end,Full-S1,True,0,38,83.71553500182927
cpu,MAFAULDA,end_to_end,Full-S1,True,0,39,83.53609003825113
cpu,MAFAULDA,end_to_end,Full-S1,True,0,40,84.09301802748814
cpu,MAFAULDA,end_to_end,Full-S1,True,0,41,83.4413239499554
cpu,MAFAULDA,end_to_end,Full-S1,True,0,42,83.55366997420788
cpu,MAFAULDA,end_to_end,Full-S1,True,0,43,83.56014895252883
cpu,MAFAULDA,end_to_end,Full-S1,True,0,44,83.35773803992197
cpu,MAFAULDA,end_to_end,Full-S1,True,0,45,83.57276202877983
cpu,MAFAULDA,end_to_end,Full-S1,True,0,46,83.25788396177813
cpu,MAFAULDA,end_to_end,Full-S1,True,0,47,84.20793898403645
cpu,MAFAULDA,end_to_end,Full-S1,True,0,48,83.40567903360352
cpu,MAFAULDA,end_to_end,Full-S1,True,0,49,83.35148898186162
cpu,MAFAULDA,end_to_end,Full-S1,True,0,50,83.7097039911896
cpu,MAFAULDA,end_to_end,Full-S1,True,0,51,83.48573301918805
cpu,MAFAULDA,end_to_end,Full-S1,True,0,52,83.7398039875552
cpu,MAFAULDA,end_to_end,Full-S1,True,0,53,83.56394100701436
cpu,MAFAULDA,end_to_end,Full-S1,True,0,54,83.87142198625952
cpu,MAFAULDA,end_to_end,Full-S1,True,0,55,83.34525499958545
cpu,MAFAULDA,end_to_end,Full-S1,True,0,56,83.4180120145902
cpu,MAFAULDA,end_to_end,Full-S1,True,0,57,83.44870404107496
cpu,MAFAULDA,end_to_end,Full-S1,True,0,58,83.40160001534969
cpu,MAFAULDA,end_to_end,Full-S1,True,0,59,83.89281196286902
cpu,MAFAULDA,end_to_end,Full-S1,True,0,60,83.46420101588592
cpu,MAFAULDA,end_to_end,Full-S1,True,0,61,83.42790295137092
cpu,MAFAULDA,end_to_end,Full-S1,True,0,62,83.35000200895593
cpu,MAFAULDA,end_to_end,Full-S1,True,0,63,83.40199099620804
cpu,MAFAULDA,end_to_end,Full-S1,True,0,64,83.4894779836759
cpu,MAFAULDA,end_to_end,Full-S1,True,0,65,83.37767102057114
cpu,MAFAULDA,end_to_end,Full-S1,True,0,66,83.51850102189928
cpu,MAFAULDA,end_to_end,Full-S1,True,0,67,83.32359901396558
cpu,MAFAULDA,end_to_end,Full-S1,True,0,68,83.33148900419474
cpu,MAFAULDA,end_to_end,Full-S1,True,0,69,83.40635302010924
cpu,MAFAULDA,end_to_end,Full-S1,True,0,70,83.25508999405429
cpu,MAFAULDA,end_to_end,Full-S1,True,0,71,84.11914395401254
cpu,MAFAULDA,end_to_end,Full-S1,True,0,72,83.4277700050734
cpu,MAFAULDA,end_to_end,Full-S1,True,0,73,83.6925670155324
cpu,MAFAULDA,end_to_end,Full-S1,True,0,74,83.47554400097579
cpu,MAFAULDA,end_to_end,Full-S1,True,0,75,85.14568797545508
cpu,MAFAULDA,end_to_end,Full-S1,True,0,76,83.42979697044939
cpu,MAFAULDA,end_to_end,Full-S1,True,0,77,83.46932497806847
cpu,MAFAULDA,end_to_end,Full-S1,True,0,78,83.31325696781278
cpu,MAFAULDA,end_to_end,Full-S1,True,0,79,85.7293630251661
cpu,MAFAULDA,end_to_end,Full-S1,True,0,80,85.03320999443531
cpu,MAFAULDA,end_to_end,Full-S1,True,0,81,83.53091101162136
cpu,MAFAULDA,end_to_end,Full-S1,True,0,82,83.30783096607774
cpu,MAFAULDA,end_to_end,Full-S1,True,0,83,84.00153898401186
cpu,MAFAULDA,end_to_end,Full-S1,True,0,84,83.78967602038756
cpu,MAFAULDA,end_to_end,Full-S1,True,0,85,83.67622300283983
cpu,MAFAULDA,end_to_end,Full-S1,True,0,86,83.90454400796443
cpu,MAFAULDA,end_to_end,Full-S1,True,0,87,83.480405039154
cpu,MAFAULDA,end_to_end,Full-S1,True,0,88,85.31110599869862
cpu,MAFAULDA,end_to_end,Full-S1,True,0,89,83.64297903608531
cpu,MAFAULDA,end_to_end,Full-S1,True,0,90,83.40000605676323
cpu,MAFAULDA,end_to_end,Full-S1,True,0,91,83.50985997822136
cpu,MAFAULDA,end_to_end,Full-S1,True,0,92,83.45518400892615
cpu,MAFAULDA,end_to_end,Full-S1,True,0,93,83.336110052187
cpu,MAFAULDA,end_to_end,Full-S1,True,0,94,83.30287400167435
cpu,MAFAULDA,end_to_end,Full-S1,True,0,95,84.39588599139825
cpu,MAFAULDA,end_to_end,Full-S1,True,0,96,83.53081997483969
cpu,MAFAULDA,end_to_end,Full-S1,True,0,97,83.44602602301165
cpu,MAFAULDA,end_to_end,Full-S1,True,0,98,83.64112203707919
cpu,MAFAULDA,end_to_end,Full-S1,True,0,99,83.35643203463405
cpu,MAFAULDA,end_to_end,Full-S1,True,0,100,83.34009198006243
cpu,MAFAULDA,end_to_end,Full-S1,True,0,101,83.64060200983658
cpu,MAFAULDA,end_to_end,Full-S1,True,0,102,83.34331400692463
cpu,MAFAULDA,end_to_end,Full-S1,True,0,103,83.39982101460919
cpu,MAFAULDA,end_to_end,Full-S1,True,0,104,83.45680899219587
cpu,MAFAULDA,end_to_end,Full-S1,True,0,105,83.28798599541187
cpu,MAFAULDA,end_to_end,Full-S1,True,0,106,83.30448303604499
cpu,MAFAULDA,end_to_end,Full-S1,True,0,107,84.29321902804077
cpu,MAFAULDA,end_to_end,Full-S1,True,0,108,83.47195200622082
cpu,MAFAULDA,end_to_end,Full-S1,True,0,109,83.38966901646927
cpu,MAFAULDA,end_to_end,Full-S1,True,0,110,83.52513698628172
cpu,MAFAULDA,end_to_end,Full-S1,True,0,111,83.3879749989137
cpu,MAFAULDA,end_to_end,Full-S1,True,0,112,83.42858601827174
cpu,MAFAULDA,end_to_end,Full-S1,True,0,113,83.86104297824204
cpu,MAFAULDA,end_to_end,Full-S1,True,0,114,83.40321300784126
cpu,MAFAULDA,end_to_end,Full-S1,True,0,115,83.37778301211074
cpu,MAFAULDA,end_to_end,Full-S1,True,0,116,83.41755997389555
cpu,MAFAULDA,end_to_end,Full-S1,True,0,117,83.31509097479284
cpu,MAFAULDA,end_to_end,Full-S1,True,0,118,83.31210300093517
cpu,MAFAULDA,end_to_end,Full-S1,True,0,119,83.84274499258026
cpu,MAFAULDA,end_to_end,Full-S1,True,0,120,83.41764495708048
cpu,MAFAULDA,end_to_end,Full-S1,True,0,121,83.39928701752797
cpu,MAFAULDA,end_to_end,Full-S1,True,0,122,83.74638500390574
cpu,MAFAULDA,end_to_end,Full-S1,True,0,123,83.41103798011318
cpu,MAFAULDA,end_to_end,Full-S1,True,0,124,83.40791799128056
cpu,MAFAULDA,end_to_end,Full-S1,True,0,125,83.52268702583387
cpu,MAFAULDA,end_to_end,Full-S1,True,0,126,83.52195605402812
cpu,MAFAULDA,end_to_end,Full-S1,True,0,127,83.27365200966597
cpu,MAFAULDA,end_to_end,Full-S1,True,0,128,83.37202499387786
cpu,MAFAULDA,end_to_end,Full-S1,True,0,129,83.42821098631248
cpu,MAFAULDA,end_to_end,Full-S1,True,0,130,83.38273694971576
cpu,MAFAULDA,end_to_end,Full-S1,True,0,131,84.13416700204834
cpu,MAFAULDA,end_to_end,Full-S1,True,0,132,83.38333299616352
cpu,MAFAULDA,end_to_end,Full-S1,True,0,133,83.48983700852841
cpu,MAFAULDA,end_to_end,Full-S1,True,0,134,83.67942395852879
cpu,MAFAULDA,end_to_end,Full-S1,True,0,135,83.85754196206108
cpu,MAFAULDA,end_to_end,Full-S1,True,0,136,84.01242701802403
cpu,MAFAULDA,end_to_end,Full-S1,True,0,137,83.41383101651445
cpu,MAFAULDA,end_to_end,Full-S1,True,0,138,83.30463600577787
cpu,MAFAULDA,end_to_end,Full-S1,True,0,139,83.39382003759965
cpu,MAFAULDA,end_to_end,Full-S1,True,0,140,83.36573198903352
cpu,MAFAULDA,end_to_end,Full-S1,True,0,141,83.26908102026209
cpu,MAFAULDA,end_to_end,Full-S1,True,0,142,83.32385797984898
cpu,MAFAULDA,end_to_end,Full-S1,True,0,143,84.19004798633978
cpu,MAFAULDA,end_to_end,Full-S1,True,0,144,83.80368101643398
cpu,MAFAULDA,end_to_end,Full-S1,True,0,145,85.19102697027847
cpu,MAFAULDA,end_to_end,Full-S1,True,0,146,83.95322802243754
cpu,MAFAULDA,end_to_end,Full-S1,True,0,147,83.62138795200735
cpu,MAFAULDA,end_to_end,Full-S1,True,0,148,83.57872097985819
cpu,MAFAULDA,end_to_end,Full-S1,True,0,149,83.62086600391194
cpu,MAFAULDA,end_to_end,Full-S1,True,0,150,83.3575309952721
cpu,MAFAULDA,end_to_end,Full-S1,True,0,151,83.45059998100623
cpu,MAFAULDA,end_to_end,Full-S1,True,0,152,83.42801500111818
cpu,MAFAULDA,end_to_end,Full-S1,True,0,153,83.23153702076524
cpu,MAFAULDA,end_to_end,Full-S1,True,0,154,83.37485900847241
cpu,MAFAULDA,end_to_end,Full-S1,True,0,155,84.13089998066425
cpu,MAFAULDA,end_to_end,Full-S1,True,0,156,83.29346601385623
cpu,MAFAULDA,end_to_end,Full-S1,True,0,157,83.59120297245681
cpu,MAFAULDA,end_to_end,Full-S1,True,0,158,83.5356850293465
cpu,MAFAULDA,end_to_end,Full-S1,True,0,159,83.62005394883454
cpu,MAFAULDA,end_to_end,Full-S1,True,0,160,83.33503297762945
cpu,MAFAULDA,end_to_end,Full-S1,True,0,161,83.34619901143014
cpu,MAFAULDA,end_to_end,Full-S1,True,0,162,83.40041997143999
cpu,MAFAULDA,end_to_end,Full-S1,True,0,163,83.38819100754336
cpu,MAFAULDA,end_to_end,Full-S1,True,0,164,83.44230899820104
cpu,MAFAULDA,end_to_end,Full-S1,True,0,165,83.38327798992395
cpu,MAFAULDA,end_to_end,Full-S1,True,0,166,83.29303003847599
cpu,MAFAULDA,end_to_end,Full-S1,True,0,167,83.85440800338984
cpu,MAFAULDA,end_to_end,Full-S1,True,0,168,83.52831995580345
cpu,MAFAULDA,end_to_end,Full-S1,True,0,169,83.50999001413584
cpu,MAFAULDA,end_to_end,Full-S1,True,0,170,83.43977300683036
cpu,MAFAULDA,end_to_end,Full-S1,True,0,171,83.48250295966864
cpu,MAFAULDA,end_to_end,Full-S1,True,0,172,83.65946100093424
cpu,MAFAULDA,end_to_end,Full-S1,True,0,173,83.50846299435943
cpu,MAFAULDA,end_to_end,Full-S1,True,0,174,83.50296795833856
cpu,MAFAULDA,end_to_end,Full-S1,True,0,175,83.32756400341168
cpu,MAFAULDA,end_to_end,Full-S1,True,0,176,84.32924997759983
cpu,MAFAULDA,end_to_end,Full-S1,True,0,177,83.54313700692728
cpu,MAFAULDA,end_to_end,Full-S1,True,0,178,83.24176201131195
cpu,MAFAULDA,end_to_end,Full-S1,True,0,179,83.93242303282022
cpu,MAFAULDA,end_to_end,Full-S1,True,0,180,83.59184104483575
cpu,MAFAULDA,end_to_end,Full-S1,True,0,181,83.47507804865018
cpu,MAFAULDA,end_to_end,Full-S1,True,0,182,83.68846302619204
cpu,MAFAULDA,end_to_end,Full-S1,True,0,183,83.40721699642017
cpu,MAFAULDA,end_to_end,Full-S1,True,0,184,84.0624799602665
cpu,MAFAULDA,end_to_end,Full-S1,True,0,185,83.48585898056626
cpu,MAFAULDA,end_to_end,Full-S1,True,0,186,83.71322904713452
cpu,MAFAULDA,end_to_end,Full-S1,True,0,187,83.57107598567382
cpu,MAFAULDA,end_to_end,Full-S1,True,0,188,83.61470198724419
cpu,MAFAULDA,end_to_end,Full-S1,True,0,189,83.66432704497129
cpu,MAFAULDA,end_to_end,Full-S1,True,0,190,83.60360900405794
cpu,MAFAULDA,end_to_end,Full-S1,True,0,191,84.40066396724433
cpu,MAFAULDA,end_to_end,Full-S1,True,0,192,83.75645795604214
cpu,MAFAULDA,end_to_end,Full-S1,True,0,193,83.48718099296093
cpu,MAFAULDA,end_to_end,Full-S1,True,0,194,83.91681802459061
cpu,MAFAULDA,end_to_end,Full-S1,True,0,195,83.90809001866728
cpu,MAFAULDA,end_to_end,Full-S1,True,0,196,83.5860199877061
cpu,MAFAULDA,end_to_end,Full-S1,True,0,197,83.70925096096471
cpu,MAFAULDA,end_to_end,Full-S1,True,0,198,83.77930801361799
cpu,MAFAULDA,end_to_end,Full-S1,True,0,199,83.27597001334652
cpu,MAFAULDA,end_to_end,Full-S1,True,0,200,83.41829595156014
cpu,MAFAULDA,end_to_end,Full-S1,True,0,201,83.37720396229997
cpu,MAFAULDA,end_to_end,Full-S1,True,0,202,83.17298698239028
cpu,MAFAULDA,end_to_end,Full-S1,True,0,203,84.91625002352521
cpu,MAFAULDA,end_to_end,Full-S1,True,0,204,83.60120101133361
cpu,MAFAULDA,end_to_end,Full-S1,True,0,205,94.7170439758338
cpu,MAFAULDA,end_to_end,Full-S1,True,0,206,88.25043396791443
cpu,MAFAULDA,end_to_end,Full-S1,True,0,207,84.34374601347372
cpu,MAFAULDA,end_to_end,Full-S1,True,0,208,83.98206502897665
cpu,MAFAULDA,end_to_end,Full-S1,True,0,209,83.64975400036201
cpu,MAFAULDA,end_to_end,Full-S1,True,0,210,83.4421330364421
cpu,MAFAULDA,end_to_end,Full-S1,True,0,211,83.66329100681469
cpu,MAFAULDA,end_to_end,Full-S1,True,0,212,83.55192199815065
cpu,MAFAULDA,end_to_end,Full-S1,True,0,213,83.9496860280633
cpu,MAFAULDA,end_to_end,Full-S1,True,0,214,84.61184095358476
cpu,MAFAULDA,end_to_end,Full-S1,True,0,215,84.47329001501203
cpu,MAFAULDA,end_to_end,Full-S1,True,0,216,83.85183103382587
cpu,MAFAULDA,end_to_end,Full-S1,True,0,217,84.2003240250051
cpu,MAFAULDA,end_to_end,Full-S1,True,0,218,84.40774399787188
cpu,MAFAULDA,end_to_end,Full-S1,True,0,219,83.70234299218282
cpu,MAFAULDA,end_to_end,Full-S1,True,0,220,84.00297799380496
cpu,MAFAULDA,end_to_end,Full-S1,True,0,221,83.6847280152142
cpu,MAFAULDA,end_to_end,Full-S1,True,0,222,83.62115395721048
cpu,MAFAULDA,end_to_end,Full-S1,True,0,223,83.79991399124265
cpu,MAFAULDA,end_to_end,Full-S1,True,0,224,85.18042101059109
cpu,MAFAULDA,end_to_end,Full-S1,True,0,225,84.13481601746753
cpu,MAFAULDA,end_to_end,Full-S1,True,0,226,85.15442098723724
cpu,MAFAULDA,end_to_end,Full-S1,True,0,227,84.06248496612534
cpu,MAFAULDA,end_to_end,Full-S1,True,0,228,83.78400898072869
cpu,MAFAULDA,end_to_end,Full-S1,True,0,229,83.84803001536056
cpu,MAFAULDA,end_to_end,Full-S1,True,0,230,84.29384598275647
cpu,MAFAULDA,end_to_end,Full-S1,True,0,231,89.3092870246619
cpu,MAFAULDA,end_to_end,Full-S1,True,0,232,88.5953709948808
cpu,MAFAULDA,end_to_end,Full-S1,True,0,233,86.25050698174164
cpu,MAFAULDA,end_to_end,Full-S1,True,0,234,83.90312595292926
cpu,MAFAULDA,end_to_end,Full-S1,True,0,235,84.87591904122382
cpu,MAFAULDA,end_to_end,Full-S1,True,0,236,84.02743900660425
cpu,MAFAULDA,end_to_end,Full-S1,True,0,237,83.98868195945397
cpu,MAFAULDA,end_to_end,Full-S1,True,0,238,84.66123300604522
cpu,MAFAULDA,end_to_end,Full-S1,True,0,239,84.37395398505032
cpu,MAFAULDA,end_to_end,Full-S1,True,0,240,83.77362100873142
cpu,MAFAULDA,end_to_end,Full-S1,True,0,241,84.25140898907557
cpu,MAFAULDA,end_to_end,Full-S1,True,0,242,84.07054300187156
cpu,MAFAULDA,end_to_end,Full-S1,True,0,243,84.08115402562544
cpu,MAFAULDA,end_to_end,Full-S1,True,0,244,84.13213602034375
cpu,MAFAULDA,end_to_end,Full-S1,True,0,245,84.13196902256459
cpu,MAFAULDA,end_to_end,Full-S1,True,0,246,83.77963595557958
cpu,MAFAULDA,end_to_end,Full-S1,True,0,247,84.15006601717323
cpu,MAFAULDA,end_to_end,Full-S1,True,0,248,84.06807499704883
cpu,MAFAULDA,end_to_end,Full-S1,True,0,249,83.89712899224833
cpu,MAFAULDA,end_to_end,K1,True,0,0,46.24694801168516
cpu,MAFAULDA,end_to_end,K1,True,0,1,45.694432978052646
cpu,MAFAULDA,end_to_end,K1,True,0,2,45.18424201523885
cpu,MAFAULDA,end_to_end,K1,True,0,3,45.243387983646244
cpu,MAFAULDA,end_to_end,K1,True,0,4,45.306903950404376
cpu,MAFAULDA,end_to_end,K1,True,0,5,45.09501397842541
cpu,MAFAULDA,end_to_end,K1,True,0,6,45.782011991832405
cpu,MAFAULDA,end_to_end,K1,True,0,7,45.436348009388894
cpu,MAFAULDA,end_to_end,K1,True,0,8,46.42676602816209
cpu,MAFAULDA,end_to_end,K1,True,0,9,45.204535010270774
cpu,MAFAULDA,end_to_end,K1,True,0,10,45.38068501278758
cpu,MAFAULDA,end_to_end,K1,True,0,11,45.65320996334776
cpu,MAFAULDA,end_to_end,K1,True,0,12,45.03098898567259
cpu,MAFAULDA,end_to_end,K1,True,0,13,45.45333399437368
cpu,MAFAULDA,end_to_end,K1,True,0,14,45.409323007334024
cpu,MAFAULDA,end_to_end,K1,True,0,15,45.37629499100149
cpu,MAFAULDA,end_to_end,K1,True,0,16,45.4098770278506
cpu,MAFAULDA,end_to_end,K1,True,0,17,45.115476998034865
cpu,MAFAULDA,end_to_end,K1,True,0,18,46.72989499522373
cpu,MAFAULDA,end_to_end,K1,True,0,19,45.35995499463752
cpu,MAFAULDA,end_to_end,K1,True,0,20,45.14081100933254
cpu,MAFAULDA,end_to_end,K1,True,0,21,45.429850986693054
cpu,MAFAULDA,end_to_end,K1,True,0,22,51.35404801694676
cpu,MAFAULDA,end_to_end,K1,True,0,23,53.23272501118481
cpu,MAFAULDA,end_to_end,K1,True,0,24,50.16085400711745
cpu,MAFAULDA,end_to_end,K1,True,0,25,46.08508094679564
cpu,MAFAULDA,end_to_end,K1,True,0,26,45.41362100280821
cpu,MAFAULDA,end_to_end,K1,True,0,27,45.14333500992507
cpu,MAFAULDA,end_to_end,K1,True,0,28,46.39437102014199
cpu,MAFAULDA,end_to_end,K1,True,0,29,45.07426999043673
cpu,MAFAULDA,end_to_end,K1,True,0,30,46.361073036678135
cpu,MAFAULDA,end_to_end,K1,True,0,31,45.26911600260064
cpu,MAFAULDA,end_to_end,K1,True,0,32,45.06353195756674
cpu,MAFAULDA,end_to_end,K1,True,0,33,45.57705303886905
cpu,MAFAULDA,end_to_end,K1,True,0,34,44.97293004533276
cpu,MAFAULDA,end_to_end,K1,True,0,35,45.193702972028404
cpu,MAFAULDA,end_to_end,K1,True,0,36,45.027278014458716
cpu,MAFAULDA,end_to_end,K1,True,0,37,45.03664100775495
cpu,MAFAULDA,end_to_end,K1,True,0,38,45.50133796874434
cpu,MAFAULDA,end_to_end,K1,True,0,39,45.11212796205655
cpu,MAFAULDA,end_to_end,K1,True,0,40,45.551681017968804
cpu,MAFAULDA,end_to_end,K1,True,0,41,44.99453096650541
cpu,MAFAULDA,end_to_end,K1,True,0,42,45.01036601141095
cpu,MAFAULDA,end_to_end,K1,True,0,43,45.66683998564258
cpu,MAFAULDA,end_to_end,K1,True,0,44,47.292027971707284
cpu,MAFAULDA,end_to_end,K1,True,0,45,45.73440697276965
cpu,MAFAULDA,end_to_end,K1,True,0,46,45.10261298855767
cpu,MAFAULDA,end_to_end,K1,True,0,47,45.427054981701076
cpu,MAFAULDA,end_to_end,K1,True,0,48,45.16736097866669
cpu,MAFAULDA,end_to_end,K1,True,0,49,45.21886998554692
cpu,MAFAULDA,end_to_end,K1,True,0,50,46.99637199519202
cpu,MAFAULDA,end_to_end,K1,True,0,51,45.29410001123324
cpu,MAFAULDA,end_to_end,K1,True,0,52,46.3600599905476
cpu,MAFAULDA,end_to_end,K1,True,0,53,46.287644014228135
cpu,MAFAULDA,end_to_end,K1,True,0,54,45.214208017569035
cpu,MAFAULDA,end_to_end,K1,True,0,55,45.36681703757495
cpu,MAFAULDA,end_to_end,K1,True,0,56,45.0558930169791
cpu,MAFAULDA,end_to_end,K1,True,0,57,48.475656018126756
cpu,MAFAULDA,end_to_end,K1,True,0,58,45.28865701286122
cpu,MAFAULDA,end_to_end,K1,True,0,59,45.338527008425444
cpu,MAFAULDA,end_to_end,K1,True,0,60,45.36458500660956
cpu,MAFAULDA,end_to_end,K1,True,0,61,45.51649704808369
cpu,MAFAULDA,end_to_end,K1,True,0,62,45.50076898885891
cpu,MAFAULDA,end_to_end,K1,True,0,63,45.15589599031955
cpu,MAFAULDA,end_to_end,K1,True,0,64,45.1489599654451
cpu,MAFAULDA,end_to_end,K1,True,0,65,45.397834037430584
cpu,MAFAULDA,end_to_end,K1,True,0,66,47.542218992020935
cpu,MAFAULDA,end_to_end,K1,True,0,67,45.812475960701704
cpu,MAFAULDA,end_to_end,K1,True,0,68,45.52390903700143
cpu,MAFAULDA,end_to_end,K1,True,0,69,45.1264469884336
cpu,MAFAULDA,end_to_end,K1,True,0,70,45.53033399861306
cpu,MAFAULDA,end_to_end,K1,True,0,71,45.16117001185194
cpu,MAFAULDA,end_to_end,K1,True,0,72,45.80320400418714
cpu,MAFAULDA,end_to_end,K1,True,0,73,45.24258302990347
cpu,MAFAULDA,end_to_end,K1,True,0,74,45.19786103628576
cpu,MAFAULDA,end_to_end,K1,True,0,75,45.66805996000767
cpu,MAFAULDA,end_to_end,K1,True,0,76,46.307226992212236
cpu,MAFAULDA,end_to_end,K1,True,0,77,45.91147304745391
cpu,MAFAULDA,end_to_end,K1,True,0,78,45.32147396821529
cpu,MAFAULDA,end_to_end,K1,True,0,79,45.118549023754895
cpu,MAFAULDA,end_to_end,K1,True,0,80,45.67843902623281
cpu,MAFAULDA,end_to_end,K1,True,0,81,45.373653003480285
cpu,MAFAULDA,end_to_end,K1,True,0,82,45.38798599969596
cpu,MAFAULDA,end_to_end,K1,True,0,83,45.305655046831816
cpu,MAFAULDA,end_to_end,K1,True,0,84,45.29348202049732
cpu,MAFAULDA,end_to_end,K1,True,0,85,45.43169599492103
cpu,MAFAULDA,end_to_end,K1,True,0,86,45.17479700734839
cpu,MAFAULDA,end_to_end,K1,True,0,87,45.3653929871507
cpu,MAFAULDA,end_to_end,K1,True,0,88,47.352497989777476
cpu,MAFAULDA,end_to_end,K1,True,0,89,45.787210983689874
cpu,MAFAULDA,end_to_end,K1,True,0,90,45.39584799204022
cpu,MAFAULDA,end_to_end,K1,True,0,91,45.129475998692214
cpu,MAFAULDA,end_to_end,K1,True,0,92,45.56526296073571
cpu,MAFAULDA,end_to_end,K1,True,0,93,45.052074012346566
cpu,MAFAULDA,end_to_end,K1,True,0,94,45.69957498461008
cpu,MAFAULDA,end_to_end,K1,True,0,95,45.667037018574774
cpu,MAFAULDA,end_to_end,K1,True,0,96,45.12716003227979
cpu,MAFAULDA,end_to_end,K1,True,0,97,45.64730200218037
cpu,MAFAULDA,end_to_end,K1,True,0,98,45.34679796779528
cpu,MAFAULDA,end_to_end,K1,True,0,99,45.8144840085879
cpu,MAFAULDA,end_to_end,K1,True,0,100,45.11069000000134
cpu,MAFAULDA,end_to_end,K1,True,0,101,45.10786000173539
cpu,MAFAULDA,end_to_end,K1,True,0,102,45.45220598811284
cpu,MAFAULDA,end_to_end,K1,True,0,103,45.070964959450066
cpu,MAFAULDA,end_to_end,K1,True,0,104,45.52873002830893
cpu,MAFAULDA,end_to_end,K1,True,0,105,45.16047501238063
cpu,MAFAULDA,end_to_end,K1,True,0,106,45.21457804366946
cpu,MAFAULDA,end_to_end,K1,True,0,107,45.36024702247232
cpu,MAFAULDA,end_to_end,K1,True,0,108,45.13152001891285
cpu,MAFAULDA,end_to_end,K1,True,0,109,45.42085900902748
cpu,MAFAULDA,end_to_end,K1,True,0,110,46.6274080099538
cpu,MAFAULDA,end_to_end,K1,True,0,111,45.09980202419683
cpu,MAFAULDA,end_to_end,K1,True,0,112,45.56323296856135
cpu,MAFAULDA,end_to_end,K1,True,0,113,54.27072400925681
cpu,MAFAULDA,end_to_end,K1,True,0,114,48.31087600905448
cpu,MAFAULDA,end_to_end,K1,True,0,115,45.4298589611426
cpu,MAFAULDA,end_to_end,K1,True,0,116,46.30725597962737
cpu,MAFAULDA,end_to_end,K1,True,0,117,45.618073956575245
cpu,MAFAULDA,end_to_end,K1,True,0,118,45.31484498875216
cpu,MAFAULDA,end_to_end,K1,True,0,119,45.60795100405812
cpu,MAFAULDA,end_to_end,K1,True,0,120,45.04318902036175
cpu,MAFAULDA,end_to_end,K1,True,0,121,45.18965497845784
cpu,MAFAULDA,end_to_end,K1,True,0,122,45.10604700772092
cpu,MAFAULDA,end_to_end,K1,True,0,123,45.02144700381905
cpu,MAFAULDA,end_to_end,K1,True,0,124,45.28479801956564
cpu,MAFAULDA,end_to_end,K1,True,0,125,46.98225000174716
cpu,MAFAULDA,end_to_end,K1,True,0,126,46.965934976469725
cpu,MAFAULDA,end_to_end,K1,True,0,127,45.20304000470787
cpu,MAFAULDA,end_to_end,K1,True,0,128,45.017958036623895
cpu,MAFAULDA,end_to_end,K1,True,0,129,45.28788902098313
cpu,MAFAULDA,end_to_end,K1,True,0,130,44.96491694590077
cpu,MAFAULDA,end_to_end,K1,True,0,131,46.54209199361503
cpu,MAFAULDA,end_to_end,K1,True,0,132,47.27922199526802
cpu,MAFAULDA,end_to_end,K1,True,0,133,45.588864013552666
cpu,MAFAULDA,end_to_end,K1,True,0,134,45.61839601956308
cpu,MAFAULDA,end_to_end,K1,True,0,135,45.10384198511019
cpu,MAFAULDA,end_to_end,K1,True,0,136,45.94552598427981
cpu,MAFAULDA,end_to_end,K1,True,0,137,44.94339396478608
cpu,MAFAULDA,end_to_end,K1,True,0,138,45.19349703332409
cpu,MAFAULDA,end_to_end,K1,True,0,139,45.31339998356998
cpu,MAFAULDA,end_to_end,K1,True,0,140,45.262812986038625
cpu,MAFAULDA,end_to_end,K1,True,0,141,45.7215909846127
cpu,MAFAULDA,end_to_end,K1,True,0,142,45.07578501943499
cpu,MAFAULDA,end_to_end,K1,True,0,143,45.11947394348681
cpu,MAFAULDA,end_to_end,K1,True,0,144,45.33346003154293
cpu,MAFAULDA,end_to_end,K1,True,0,145,45.102083997335285
cpu,MAFAULDA,end_to_end,K1,True,0,146,45.272663002833724
cpu,MAFAULDA,end_to_end,K1,True,0,147,45.03964801551774
cpu,MAFAULDA,end_to_end,K1,True,0,148,45.85428303107619
cpu,MAFAULDA,end_to_end,K1,True,0,149,46.87699000351131
cpu,MAFAULDA,end_to_end,K1,True,0,150,49.46824401849881
cpu,MAFAULDA,end_to_end,K1,True,0,151,45.33718101447448
cpu,MAFAULDA,end_to_end,K1,True,0,152,45.156640000641346
cpu,MAFAULDA,end_to_end,K1,True,0,153,45.954921981319785
cpu,MAFAULDA,end_to_end,K1,True,0,154,46.29113897681236
cpu,MAFAULDA,end_to_end,K1,True,0,155,45.06307403789833
cpu,MAFAULDA,end_to_end,K1,True,0,156,45.57642200961709
cpu,MAFAULDA,end_to_end,K1,True,0,157,44.952724943868816
cpu,MAFAULDA,end_to_end,K1,True,0,158,45.25337996892631
cpu,MAFAULDA,end_to_end,K1,True,0,159,44.942323002032936
cpu,MAFAULDA,end_to_end,K1,True,0,160,45.36766302771866
cpu,MAFAULDA,end_to_end,K1,True,0,161,45.21543497685343
cpu,MAFAULDA,end_to_end,K1,True,0,162,44.99832401052117
cpu,MAFAULDA,end_to_end,K1,True,0,163,45.005230989772826
cpu,MAFAULDA,end_to_end,K1,True,0,164,44.93224003817886
cpu,MAFAULDA,end_to_end,K1,True,0,165,45.10986997047439
cpu,MAFAULDA,end_to_end,K1,True,0,166,44.941122992895544
cpu,MAFAULDA,end_to_end,K1,True,0,167,45.130075013730675
cpu,MAFAULDA,end_to_end,K1,True,0,168,44.93599297711626
cpu,MAFAULDA,end_to_end,K1,True,0,169,44.89143303362653
cpu,MAFAULDA,end_to_end,K1,True,0,170,44.87759299809113
cpu,MAFAULDA,end_to_end,K1,True,0,171,44.97083101887256
cpu,MAFAULDA,end_to_end,K1,True,0,172,45.1129240100272
cpu,MAFAULDA,end_to_end,K1,True,0,173,44.9733100249432
cpu,MAFAULDA,end_to_end,K1,True,0,174,45.01741100102663
cpu,MAFAULDA,end_to_end,K1,True,0,175,45.388403988908976
cpu,MAFAULDA,end_to_end,K1,True,0,176,45.22583703510463
cpu,MAFAULDA,end_to_end,K1,True,0,177,45.097769994754344
cpu,MAFAULDA,end_to_end,K1,True,0,178,45.01713498029858
cpu,MAFAULDA,end_to_end,K1,True,0,179,44.95078098261729
cpu,MAFAULDA,end_to_end,K1,True,0,180,44.91677595069632
cpu,MAFAULDA,end_to_end,K1,True,0,181,44.94173300918192
cpu,MAFAULDA,end_to_end,K1,True,0,182,45.36761500639841
cpu,MAFAULDA,end_to_end,K1,True,0,183,45.088050013873726
cpu,MAFAULDA,end_to_end,K1,True,0,184,44.93720695609227
cpu,MAFAULDA,end_to_end,K1,True,0,185,45.035109971649945
cpu,MAFAULDA,end_to_end,K1,True,0,186,45.370246982201934
cpu,MAFAULDA,end_to_end,K1,True,0,187,44.98454800341278
cpu,MAFAULDA,end_to_end,K1,True,0,188,45.321197947487235
cpu,MAFAULDA,end_to_end,K1,True,0,189,45.04381201695651
cpu,MAFAULDA,end_to_end,K1,True,0,190,44.88439002307132
cpu,MAFAULDA,end_to_end,K1,True,0,191,44.96114095672965
cpu,MAFAULDA,end_to_end,K1,True,0,192,44.926619972102344
cpu,MAFAULDA,end_to_end,K1,True,0,193,44.98939705081284
cpu,MAFAULDA,end_to_end,K1,True,0,194,45.005907013546675
cpu,MAFAULDA,end_to_end,K1,True,0,195,45.123353018425405
cpu,MAFAULDA,end_to_end,K1,True,0,196,45.06460897391662
cpu,MAFAULDA,end_to_end,K1,True,0,197,47.019870951771736
cpu,MAFAULDA,end_to_end,K1,True,0,198,45.65583897056058
cpu,MAFAULDA,end_to_end,K1,True,0,199,45.08891701698303
cpu,MAFAULDA,end_to_end,K1,True,0,200,45.06204999051988
cpu,MAFAULDA,end_to_end,K1,True,0,201,44.99041102826595
cpu,MAFAULDA,end_to_end,K1,True,0,202,44.89811498206109
cpu,MAFAULDA,end_to_end,K1,True,0,203,44.87175901886076
cpu,MAFAULDA,end_to_end,K1,True,0,204,44.91626599337906
cpu,MAFAULDA,end_to_end,K1,True,0,205,45.20776297431439
cpu,MAFAULDA,end_to_end,K1,True,0,206,44.99932797625661
cpu,MAFAULDA,end_to_end,K1,True,0,207,44.96117704547942
cpu,MAFAULDA,end_to_end,K1,True,0,208,44.90110103506595
cpu,MAFAULDA,end_to_end,K1,True,0,209,45.05188495386392
cpu,MAFAULDA,end_to_end,K1,True,0,210,44.95628603035584
cpu,MAFAULDA,end_to_end,K1,True,0,211,44.92583801038563
cpu,MAFAULDA,end_to_end,K1,True,0,212,44.997062999755144
cpu,MAFAULDA,end_to_end,K1,True,0,213,44.904401001986116
cpu,MAFAULDA,end_to_end,K1,True,0,214,44.968639966100454
cpu,MAFAULDA,end_to_end,K1,True,0,215,45.074012014083564
cpu,MAFAULDA,end_to_end,K1,True,0,216,45.11828697286546
cpu,MAFAULDA,end_to_end,K1,True,0,217,44.925965019501746
cpu,MAFAULDA,end_to_end,K1,True,0,218,44.92155200568959
cpu,MAFAULDA,end_to_end,K1,True,0,219,44.901363959070295
cpu,MAFAULDA,end_to_end,K1,True,0,220,45.484941045288
cpu,MAFAULDA,end_to_end,K1,True,0,221,45.13474501436576
cpu,MAFAULDA,end_to_end,K1,True,0,222,44.994972995482385
cpu,MAFAULDA,end_to_end,K1,True,0,223,45.18783604726195
cpu,MAFAULDA,end_to_end,K1,True,0,224,44.95621199021116
cpu,MAFAULDA,end_to_end,K1,True,0,225,45.010450994595885
cpu,MAFAULDA,end_to_end,K1,True,0,226,44.97080302098766
cpu,MAFAULDA,end_to_end,K1,True,0,227,45.72551901219413
cpu,MAFAULDA,end_to_end,K1,True,0,228,45.89355399366468
cpu,MAFAULDA,end_to_end,K1,True,0,229,45.436204003635794
cpu,MAFAULDA,end_to_end,K1,True,0,230,44.94561400497332
cpu,MAFAULDA,end_to_end,K1,True,0,231,45.00954900868237
cpu,MAFAULDA,end_to_end,K1,True,0,232,45.038602023851126
cpu,MAFAULDA,end_to_end,K1,True,0,233,44.99193996889517
cpu,MAFAULDA,end_to_end,K1,True,0,234,45.114057953469455
cpu,MAFAULDA,end_to_end,K1,True,0,235,44.91041897563264
cpu,MAFAULDA,end_to_end,K1,True,0,236,44.925033987965435
cpu,MAFAULDA,end_to_end,K1,True,0,237,45.07846100023016
cpu,MAFAULDA,end_to_end,K1,True,0,238,45.00425298465416
cpu,MAFAULDA,end_to_end,K1,True,0,239,44.86385697964579
cpu,MAFAULDA,end_to_end,K1,True,0,240,44.90572900976986
cpu,MAFAULDA,end_to_end,K1,True,0,241,44.89139898214489
cpu,MAFAULDA,end_to_end,K1,True,0,242,45.87520199129358
cpu,MAFAULDA,end_to_end,K1,True,0,243,45.112287043593824
cpu,MAFAULDA,end_to_end,K1,True,0,244,45.35807203501463
cpu,MAFAULDA,end_to_end,K1,True,0,245,44.912626035511494
cpu,MAFAULDA,end_to_end,K1,True,0,246,46.20770097244531
cpu,MAFAULDA,end_to_end,K1,True,0,247,45.40375201031566
cpu,MAFAULDA,end_to_end,K1,True,0,248,45.03739799838513
cpu,MAFAULDA,end_to_end,K1,True,0,249,45.43966404162347
cpu,MAFAULDA,end_to_end,K1,True,1,0,45.357950031757355
cpu,MAFAULDA,end_to_end,K1,True,1,1,45.00714398454875
cpu,MAFAULDA,end_to_end,K1,True,1,2,44.93128595640883
cpu,MAFAULDA,end_to_end,K1,True,1,3,45.06905103335157
cpu,MAFAULDA,end_to_end,K1,True,1,4,45.010126021225005
cpu,MAFAULDA,end_to_end,K1,True,1,5,45.280100021045655
cpu,MAFAULDA,end_to_end,K1,True,1,6,45.020015037152916
cpu,MAFAULDA,end_to_end,K1,True,1,7,44.873451988678426
cpu,MAFAULDA,end_to_end,K1,True,1,8,44.95696199592203
cpu,MAFAULDA,end_to_end,K1,True,1,9,45.03493302036077
cpu,MAFAULDA,end_to_end,K1,True,1,10,44.93766598170623
cpu,MAFAULDA,end_to_end,K1,True,1,11,44.96944899437949
cpu,MAFAULDA,end_to_end,K1,True,1,12,44.88733399193734
cpu,MAFAULDA,end_to_end,K1,True,1,13,44.91218697512522
cpu,MAFAULDA,end_to_end,K1,True,1,14,45.82347901305184
cpu,MAFAULDA,end_to_end,K1,True,1,15,45.352940971497446
cpu,MAFAULDA,end_to_end,K1,True,1,16,44.99496903736144
cpu,MAFAULDA,end_to_end,K1,True,1,17,44.94822304695845
cpu,MAFAULDA,end_to_end,K1,True,1,18,44.87461602548137
cpu,MAFAULDA,end_to_end,K1,True,1,19,45.00511096557602
cpu,MAFAULDA,end_to_end,K1,True,1,20,44.97733595781028
cpu,MAFAULDA,end_to_end,K1,True,1,21,45.38292903453112
cpu,MAFAULDA,end_to_end,K1,True,1,22,45.008047949522734
cpu,MAFAULDA,end_to_end,K1,True,1,23,45.0680369976908
cpu,MAFAULDA,end_to_end,K1,True,1,24,45.04869901575148
cpu,MAFAULDA,end_to_end,K1,True,1,25,44.995837030000985
cpu,MAFAULDA,end_to_end,K1,True,1,26,45.19708699081093
cpu,MAFAULDA,end_to_end,K1,True,1,27,45.01626698765904
cpu,MAFAULDA,end_to_end,K1,True,1,28,45.033805014099926
cpu,MAFAULDA,end_to_end,K1,True,1,29,45.04990403074771
cpu,MAFAULDA,end_to_end,K1,True,1,30,44.92824396584183
cpu,MAFAULDA,end_to_end,K1,True,1,31,45.02918303478509
cpu,MAFAULDA,end_to_end,K1,True,1,32,44.87737303134054
cpu,MAFAULDA,end_to_end,K1,True,1,33,45.00920599093661
cpu,MAFAULDA,end_to_end,K1,True,1,34,44.91033800877631
cpu,MAFAULDA,end_to_end,K1,True,1,35,44.87335600424558
cpu,MAFAULDA,end_to_end,K1,True,1,36,46.86144198058173
cpu,MAFAULDA,end_to_end,K1,True,1,37,46.163899009115994
cpu,MAFAULDA,end_to_end,K1,True,1,38,45.89299100916833
cpu,MAFAULDA,end_to_end,K1,True,1,39,44.872398022562265
cpu,MAFAULDA,end_to_end,K1,True,1,40,44.77588599547744
cpu,MAFAULDA,end_to_end,K1,True,1,41,44.748345972038805
cpu,MAFAULDA,end_to_end,K1,True,1,42,44.84481405233964
cpu,MAFAULDA,end_to_end,K1,True,1,43,44.80216297088191
cpu,MAFAULDA,end_to_end,K1,True,1,44,45.0028270133771
cpu,MAFAULDA,end_to_end,K1,True,1,45,44.839395966846496
cpu,MAFAULDA,end_to_end,K1,True,1,46,44.773270026780665
cpu,MAFAULDA,end_to_end,K1,True,1,47,45.13113503344357
cpu,MAFAULDA,end_to_end,K1,True,1,48,44.75498996907845
cpu,MAFAULDA,end_to_end,K1,True,1,49,44.91781903197989
cpu,MAFAULDA,end_to_end,K1,True,1,50,44.84856501221657
cpu,MAFAULDA,end_to_end,K1,True,1,51,44.791216030716896
cpu,MAFAULDA,end_to_end,K1,True,1,52,44.80599897215143
cpu,MAFAULDA,end_to_end,K1,True,1,53,44.837921974249184
cpu,MAFAULDA,end_to_end,K1,True,1,54,44.86407700460404
cpu,MAFAULDA,end_to_end,K1,True,1,55,44.96896400814876
cpu,MAFAULDA,end_to_end,K1,True,1,56,44.73804699955508
cpu,MAFAULDA,end_to_end,K1,True,1,57,44.73729198798537
cpu,MAFAULDA,end_to_end,K1,True,1,58,44.76529604289681
cpu,MAFAULDA,end_to_end,K1,True,1,59,45.51367700332776
cpu,MAFAULDA,end_to_end,K1,True,1,60,46.04904795996845
cpu,MAFAULDA,end_to_end,K1,True,1,61,45.89902999578044
cpu,MAFAULDA,end_to_end,K1,True,1,62,45.895304006990045
cpu,MAFAULDA,end_to_end,K1,True,1,63,45.88977701496333
cpu,MAFAULDA,end_to_end,K1,True,1,64,45.90042302152142
cpu,MAFAULDA,end_to_end,K1,True,1,65,45.83170003024861
cpu,MAFAULDA,end_to_end,K1,True,1,66,46.36732395738363
cpu,MAFAULDA,end_to_end,K1,True,1,67,45.99444003542885
cpu,MAFAULDA,end_to_end,K1,True,1,68,46.2442779680714
cpu,MAFAULDA,end_to_end,K1,True,1,69,45.933593006338924
cpu,MAFAULDA,end_to_end,K1,True,1,70,46.041555993724614
cpu,MAFAULDA,end_to_end,K1,True,1,71,45.425753982272
cpu,MAFAULDA,end_to_end,K1,True,1,72,44.77616195799783
cpu,MAFAULDA,end_to_end,K1,True,1,73,45.059617958031595
cpu,MAFAULDA,end_to_end,K1,True,1,74,44.92643300909549
cpu,MAFAULDA,end_to_end,K1,True,1,75,44.77946797851473
cpu,MAFAULDA,end_to_end,K1,True,1,76,44.89634599303827
cpu,MAFAULDA,end_to_end,K1,True,1,77,44.78999297134578
cpu,MAFAULDA,end_to_end,K1,True,1,78,44.740824960172176
cpu,MAFAULDA,end_to_end,K1,True,1,79,44.7431179927662
cpu,MAFAULDA,end_to_end,K1,True,1,80,44.8549659922719
cpu,MAFAULDA,end_to_end,K1,True,1,81,45.374793000519276
cpu,MAFAULDA,end_to_end,K1,True,1,82,44.85373297939077
cpu,MAFAULDA,end_to_end,K1,True,1,83,44.78486598236486
cpu,MAFAULDA,end_to_end,K1,True,1,84,45.01263197744265
cpu,MAFAULDA,end_to_end,K1,True,1,85,45.72705499595031
cpu,MAFAULDA,end_to_end,K1,True,1,86,44.87920401152223
cpu,MAFAULDA,end_to_end,K1,True,1,87,44.75209699012339
cpu,MAFAULDA,end_to_end,K1,True,1,88,45.818195038009435
cpu,MAFAULDA,end_to_end,K1,True,1,89,44.938614999409765
cpu,MAFAULDA,end_to_end,K1,True,1,90,44.73853501258418
cpu,MAFAULDA,end_to_end,K1,True,1,91,44.939637009520084
cpu,MAFAULDA,end_to_end,K1,True,1,92,44.84998696716502
cpu,MAFAULDA,end_to_end,K1,True,1,93,44.785712962038815
cpu,MAFAULDA,end_to_end,K1,True,1,94,44.84975099330768
cpu,MAFAULDA,end_to_end,K1,True,1,95,44.89300795830786
cpu,MAFAULDA,end_to_end,K1,True,1,96,44.89168198779225
cpu,MAFAULDA,end_to_end,K1,True,1,97,44.93789002299309
cpu,MAFAULDA,end_to_end,K1,True,1,98,44.87824998795986
cpu,MAFAULDA,end_to_end,K1,True,1,99,44.774930051062256
cpu,MAFAULDA,end_to_end,K1,True,1,100,44.82807102613151
cpu,MAFAULDA,end_to_end,K1,True,1,101,44.80030300328508
cpu,MAFAULDA,end_to_end,K1,True,1,102,44.92482700152323
cpu,MAFAULDA,end_to_end,K1,True,1,103,45.88772600982338
cpu,MAFAULDA,end_to_end,K1,True,1,104,45.27994699310511
cpu,MAFAULDA,end_to_end,K1,True,1,105,45.83290696609765
cpu,MAFAULDA,end_to_end,K1,True,1,106,44.75881397956982
cpu,MAFAULDA,end_to_end,K1,True,1,107,45.171099016442895
cpu,MAFAULDA,end_to_end,K1,True,1,108,44.81928801396862
cpu,MAFAULDA,end_to_end,K1,True,1,109,44.75583997555077
cpu,MAFAULDA,end_to_end,K1,True,1,110,45.18968099728227
cpu,MAFAULDA,end_to_end,K1,True,1,111,44.92861998733133
cpu,MAFAULDA,end_to_end,K1,True,1,112,45.01533298753202
cpu,MAFAULDA,end_to_end,K1,True,1,113,50.48738396726549
cpu,MAFAULDA,end_to_end,K1,True,1,114,46.148429973982275
cpu,MAFAULDA,end_to_end,K1,True,1,115,44.87797501496971
cpu,MAFAULDA,end_to_end,K1,True,1,116,44.80955196777359
cpu,MAFAULDA,end_to_end,K1,True,1,117,44.871410995256156
cpu,MAFAULDA,end_to_end,K1,True,1,118,44.94890198111534
cpu,MAFAULDA,end_to_end,K1,True,1,119,44.9993209913373
cpu,MAFAULDA,end_to_end,K1,True,1,120,44.85098202712834
cpu,MAFAULDA,end_to_end,K1,True,1,121,44.93811499560252
cpu,MAFAULDA,end_to_end,K1,True,1,122,45.093182008713484
cpu,MAFAULDA,end_to_end,K1,True,1,123,44.97684596572071
cpu,MAFAULDA,end_to_end,K1,True,1,124,44.896038016304374
cpu,MAFAULDA,end_to_end,K1,True,1,125,45.46507797203958
cpu,MAFAULDA,end_to_end,K1,True,1,126,45.03788996953517
cpu,MAFAULDA,end_to_end,K1,True,1,127,44.82225200626999
cpu,MAFAULDA,end_to_end,K1,True,1,128,44.876465981360525
cpu,MAFAULDA,end_to_end,K1,True,1,129,44.93730899412185
cpu,MAFAULDA,end_to_end,K1,True,1,130,44.76803494617343
cpu,MAFAULDA,end_to_end,K1,True,1,131,44.87674101255834
cpu,MAFAULDA,end_to_end,K1,True,1,132,45.080290001351386
cpu,MAFAULDA,end_to_end,K1,True,1,133,45.07061303593218
cpu,MAFAULDA,end_to_end,K1,True,1,134,45.01690302276984
cpu,MAFAULDA,end_to_end,K1,True,1,135,45.85609899368137
cpu,MAFAULDA,end_to_end,K1,True,1,136,45.42362899519503
cpu,MAFAULDA,end_to_end,K1,True,1,137,45.047104998957366
cpu,MAFAULDA,end_to_end,K1,True,1,138,44.867768010590225
cpu,MAFAULDA,end_to_end,K1,True,1,139,44.95338397100568
cpu,MAFAULDA,end_to_end,K1,True,1,140,45.00599397579208
cpu,MAFAULDA,end_to_end,K1,True,1,141,44.92280399426818
cpu,MAFAULDA,end_to_end,K1,True,1,142,45.01941002672538
cpu,MAFAULDA,end_to_end,K1,True,1,143,44.95248501189053
cpu,MAFAULDA,end_to_end,K1,True,1,144,44.86612195614725
cpu,MAFAULDA,end_to_end,K1,True,1,145,44.88792398478836
cpu,MAFAULDA,end_to_end,K1,True,1,146,45.70659401360899
cpu,MAFAULDA,end_to_end,K1,True,1,147,45.37640395574272
cpu,MAFAULDA,end_to_end,K1,True,1,148,44.99474499607459
cpu,MAFAULDA,end_to_end,K1,True,1,149,45.027119980659336
cpu,MAFAULDA,end_to_end,K1,True,1,150,44.831130013335496
cpu,MAFAULDA,end_to_end,K1,True,1,151,44.89002499030903
cpu,MAFAULDA,end_to_end,K1,True,1,152,44.76527497172356
cpu,MAFAULDA,end_to_end,K1,True,1,153,44.855911983177066
cpu,MAFAULDA,end_to_end,K1,True,1,154,44.81579799903557
cpu,MAFAULDA,end_to_end,K1,True,1,155,45.50097603350878
cpu,MAFAULDA,end_to_end,K1,True,1,156,45.035890012513846
cpu,MAFAULDA,end_to_end,K1,True,1,157,46.20838299160823
cpu,MAFAULDA,end_to_end,K1,True,1,158,46.14025598857552
cpu,MAFAULDA,end_to_end,K1,True,1,159,44.920208980329335
cpu,MAFAULDA,end_to_end,K1,True,1,160,44.82622997602448
cpu,MAFAULDA,end_to_end,K1,True,1,161,45.11794098652899
cpu,MAFAULDA,end_to_end,K1,True,1,162,45.19635799806565
cpu,MAFAULDA,end_to_end,K1,True,1,163,44.95610797312111
cpu,MAFAULDA,end_to_end,K1,True,1,164,44.92562002269551
cpu,MAFAULDA,end_to_end,K1,True,1,165,44.877207023091614
cpu,MAFAULDA,end_to_end,K1,True,1,166,44.8502289946191
cpu,MAFAULDA,end_to_end,K1,True,1,167,44.91261200746521
cpu,MAFAULDA,end_to_end,K1,True,1,168,44.846814998891205
cpu,MAFAULDA,end_to_end,K1,True,1,169,46.091429016087204
cpu,MAFAULDA,end_to_end,K1,True,1,170,45.63427303219214
cpu,MAFAULDA,end_to_end,K1,True,1,171,44.87054899800569
cpu,MAFAULDA,end_to_end,K1,True,1,172,44.908172043506056
cpu,MAFAULDA,end_to_end,K1,True,1,173,45.982731971889734
cpu,MAFAULDA,end_to_end,K1,True,1,174,47.14542900910601
cpu,MAFAULDA,end_to_end,K1,True,1,175,45.15360901132226
cpu,MAFAULDA,end_to_end,K1,True,1,176,44.83056301251054
cpu,MAFAULDA,end_to_end,K1,True,1,177,45.26983399409801
cpu,MAFAULDA,end_to_end,K1,True,1,178,45.05412402795628
cpu,MAFAULDA,end_to_end,K1,True,1,179,44.811238010879606
cpu,MAFAULDA,end_to_end,K1,True,1,180,44.932471006177366
cpu,MAFAULDA,end_to_end,K1,True,1,181,44.80427101952955
cpu,MAFAULDA,end_to_end,K1,True,1,182,44.850306992884725
cpu,MAFAULDA,end_to_end,K1,True,1,183,44.919314968865365
cpu,MAFAULDA,end_to_end,K1,True,1,184,44.965017994400114
cpu,MAFAULDA,end_to_end,K1,True,1,185,45.016863965429366
cpu,MAFAULDA,end_to_end,K1,True,1,186,44.84982701251283
cpu,MAFAULDA,end_to_end,K1,True,1,187,44.822452997323126
cpu,MAFAULDA,end_to_end,K1,True,1,188,44.91791798500344
cpu,MAFAULDA,end_to_end,K1,True,1,189,44.94445800082758
cpu,MAFAULDA,end_to_end,K1,True,1,190,44.77271198993549
cpu,MAFAULDA,end_to_end,K1,True,1,191,45.69328197976574
cpu,MAFAULDA,end_to_end,K1,True,1,192,45.05741997854784
cpu,MAFAULDA,end_to_end,K1,True,1,193,44.82388001633808
cpu,MAFAULDA,end_to_end,K1,True,1,194,44.96209800709039
cpu,MAFAULDA,end_to_end,K1,True,1,195,44.93897798238322
cpu,MAFAULDA,end_to_end,K1,True,1,196,44.8604550329037
cpu,MAFAULDA,end_to_end,K1,True,1,197,44.927416020073
cpu,MAFAULDA,end_to_end,K1,True,1,198,44.8787190252915
cpu,MAFAULDA,end_to_end,K1,True,1,199,46.05682397959754
cpu,MAFAULDA,end_to_end,K1,True,1,200,45.948089042212814
cpu,MAFAULDA,end_to_end,K1,True,1,201,44.725721003487706
cpu,MAFAULDA,end_to_end,K1,True,1,202,44.90480798995122
cpu,MAFAULDA,end_to_end,K1,True,1,203,44.81690999818966
cpu,MAFAULDA,end_to_end,K1,True,1,204,44.71637599635869
cpu,MAFAULDA,end_to_end,K1,True,1,205,44.92775397375226
cpu,MAFAULDA,end_to_end,K1,True,1,206,44.85209897393361
cpu,MAFAULDA,end_to_end,K1,True,1,207,44.855925953015685
cpu,MAFAULDA,end_to_end,K1,True,1,208,44.75987801561132
cpu,MAFAULDA,end_to_end,K1,True,1,209,44.90664496552199
cpu,MAFAULDA,end_to_end,K1,True,1,210,44.90090400213376
cpu,MAFAULDA,end_to_end,K1,True,1,211,44.7592549608089
cpu,MAFAULDA,end_to_end,K1,True,1,212,44.74937601480633
cpu,MAFAULDA,end_to_end,K1,True,1,213,44.751078996341676
cpu,MAFAULDA,end_to_end,K1,True,1,214,45.53610895527527
cpu,MAFAULDA,end_to_end,K1,True,1,215,45.1055490411818
cpu,MAFAULDA,end_to_end,K1,True,1,216,45.08221102878451
cpu,MAFAULDA,end_to_end,K1,True,1,217,44.927090988494456
cpu,MAFAULDA,end_to_end,K1,True,1,218,44.86168402945623
cpu,MAFAULDA,end_to_end,K1,True,1,219,44.7927939821966
cpu,MAFAULDA,end_to_end,K1,True,1,220,44.846181001048535
cpu,MAFAULDA,end_to_end,K1,True,1,221,45.1635789941065
cpu,MAFAULDA,end_to_end,K1,True,1,222,45.44312396319583
cpu,MAFAULDA,end_to_end,K1,True,1,223,44.94087403872982
cpu,MAFAULDA,end_to_end,K1,True,1,224,44.76068000076339
cpu,MAFAULDA,end_to_end,K1,True,1,225,44.79305597487837
cpu,MAFAULDA,end_to_end,K1,True,1,226,44.927102979272604
cpu,MAFAULDA,end_to_end,K1,True,1,227,44.8126089759171
cpu,MAFAULDA,end_to_end,K1,True,1,228,44.772543013095856
cpu,MAFAULDA,end_to_end,K1,True,1,229,44.83673599315807
cpu,MAFAULDA,end_to_end,K1,True,1,230,44.93572498904541
cpu,MAFAULDA,end_to_end,K1,True,1,231,44.87153299851343
cpu,MAFAULDA,end_to_end,K1,True,1,232,45.036820985842496
cpu,MAFAULDA,end_to_end,K1,True,1,233,44.92033098358661
cpu,MAFAULDA,end_to_end,K1,True,1,234,44.77411799598485
cpu,MAFAULDA,end_to_end,K1,True,1,235,44.76469900691882
cpu,MAFAULDA,end_to_end,K1,True,1,236,45.2744280337356
cpu,MAFAULDA,end_to_end,K1,True,1,237,44.8565409751609
cpu,MAFAULDA,end_to_end,K1,True,1,238,44.953110977075994
cpu,MAFAULDA,end_to_end,K1,True,1,239,43.93912403611466
cpu,MAFAULDA,end_to_end,K1,True,1,240,43.98739099269733
cpu,MAFAULDA,end_to_end,K1,True,1,241,44.795172987505794
cpu,MAFAULDA,end_to_end,K1,True,1,242,44.74850697442889
cpu,MAFAULDA,end_to_end,K1,True,1,243,44.88842701539397
cpu,MAFAULDA,end_to_end,K1,True,1,244,45.006225001998246
cpu,MAFAULDA,end_to_end,K1,True,1,245,44.89672800991684
cpu,MAFAULDA,end_to_end,K1,True,1,246,45.10998004116118
cpu,MAFAULDA,end_to_end,K1,True,1,247,44.944275985471904
cpu,MAFAULDA,end_to_end,K1,True,1,248,44.7775479988195
cpu,MAFAULDA,end_to_end,K1,True,1,249,44.84306799713522
cpu,MAFAULDA,end_to_end,Full-S1,True,1,0,83.27816298697144
cpu,MAFAULDA,end_to_end,Full-S1,True,1,1,83.16351001849398
cpu,MAFAULDA,end_to_end,Full-S1,True,1,2,83.18089402746409
cpu,MAFAULDA,end_to_end,Full-S1,True,1,3,83.08111201040447
cpu,MAFAULDA,end_to_end,Full-S1,True,1,4,83.88291200390086
cpu,MAFAULDA,end_to_end,Full-S1,True,1,5,83.20457400986925
cpu,MAFAULDA,end_to_end,Full-S1,True,1,6,83.01838400075212
cpu,MAFAULDA,end_to_end,Full-S1,True,1,7,83.07318098377436
cpu,MAFAULDA,end_to_end,Full-S1,True,1,8,83.44388694968075
cpu,MAFAULDA,end_to_end,Full-S1,True,1,9,83.41806603129953
cpu,MAFAULDA,end_to_end,Full-S1,True,1,10,83.14818097278476
cpu,MAFAULDA,end_to_end,Full-S1,True,1,11,83.13772699330002
cpu,MAFAULDA,end_to_end,Full-S1,True,1,12,83.08024203870445
cpu,MAFAULDA,end_to_end,Full-S1,True,1,13,83.07142200646922
cpu,MAFAULDA,end_to_end,Full-S1,True,1,14,83.05542700691149
cpu,MAFAULDA,end_to_end,Full-S1,True,1,15,83.20675801951438
cpu,MAFAULDA,end_to_end,Full-S1,True,1,16,83.9623489882797
cpu,MAFAULDA,end_to_end,Full-S1,True,1,17,83.16772396210581
cpu,MAFAULDA,end_to_end,Full-S1,True,1,18,83.097098977305
cpu,MAFAULDA,end_to_end,Full-S1,True,1,19,82.93349103769287
cpu,MAFAULDA,end_to_end,Full-S1,True,1,20,83.1583309918642
cpu,MAFAULDA,end_to_end,Full-S1,True,1,21,83.45094800461084
cpu,MAFAULDA,end_to_end,Full-S1,True,1,22,83.03755696397275
cpu,MAFAULDA,end_to_end,Full-S1,True,1,23,83.03122199140489
cpu,MAFAULDA,end_to_end,Full-S1,True,1,24,83.07626098394394
cpu,MAFAULDA,end_to_end,Full-S1,True,1,25,83.03042000625283
cpu,MAFAULDA,end_to_end,Full-S1,True,1,26,83.21507199434564
cpu,MAFAULDA,end_to_end,Full-S1,True,1,27,83.1211680197157
cpu,MAFAULDA,end_to_end,Full-S1,True,1,28,84.03351396555081
cpu,MAFAULDA,end_to_end,Full-S1,True,1,29,83.33439903799444
cpu,MAFAULDA,end_to_end,Full-S1,True,1,30,83.19976297207177
cpu,MAFAULDA,end_to_end,Full-S1,True,1,31,83.16624897997826
cpu,MAFAULDA,end_to_end,Full-S1,True,1,32,83.37033301359043
cpu,MAFAULDA,end_to_end,Full-S1,True,1,33,83.72219302691519
cpu,MAFAULDA,end_to_end,Full-S1,True,1,34,83.2139159901999
cpu,MAFAULDA,end_to_end,Full-S1,True,1,35,83.18088902160525
cpu,MAFAULDA,end_to_end,Full-S1,True,1,36,83.09436100535095
cpu,MAFAULDA,end_to_end,Full-S1,True,1,37,85.56600601878017
cpu,MAFAULDA,end_to_end,Full-S1,True,1,38,83.68988503934816
cpu,MAFAULDA,end_to_end,Full-S1,True,1,39,83.12862500315532
cpu,MAFAULDA,end_to_end,Full-S1,True,1,40,85.67001903429627
cpu,MAFAULDA,end_to_end,Full-S1,True,1,41,85.56279196636751
cpu,MAFAULDA,end_to_end,Full-S1,True,1,42,85.77949699247256
cpu,MAFAULDA,end_to_end,Full-S1,True,1,43,85.44656098820269
cpu,MAFAULDA,end_to_end,Full-S1,True,1,44,85.1712700095959
cpu,MAFAULDA,end_to_end,Full-S1,True,1,45,86.82134299306199
cpu,MAFAULDA,end_to_end,Full-S1,True,1,46,85.47917701071128
cpu,MAFAULDA,end_to_end,Full-S1,True,1,47,85.11153800645843
cpu,MAFAULDA,end_to_end,Full-S1,True,1,48,85.43597999960184
cpu,MAFAULDA,end_to_end,Full-S1,True,1,49,85.4627110529691
cpu,MAFAULDA,end_to_end,Full-S1,True,1,50,84.8675609449856
cpu,MAFAULDA,end_to_end,Full-S1,True,1,51,83.48906901665032
cpu,MAFAULDA,end_to_end,Full-S1,True,1,52,84.1611810028553
cpu,MAFAULDA,end_to_end,Full-S1,True,1,53,83.47692701499909
cpu,MAFAULDA,end_to_end,Full-S1,True,1,54,83.4388299845159
cpu,MAFAULDA,end_to_end,Full-S1,True,1,55,83.25206901645288
cpu,MAFAULDA,end_to_end,Full-S1,True,1,56,83.6913000093773
cpu,MAFAULDA,end_to_end,Full-S1,True,1,57,83.43697502277792
cpu,MAFAULDA,end_to_end,Full-S1,True,1,58,83.45124300103635
cpu,MAFAULDA,end_to_end,Full-S1,True,1,59,83.31086701946333
cpu,MAFAULDA,end_to_end,Full-S1,True,1,60,83.31134001491591
cpu,MAFAULDA,end_to_end,Full-S1,True,1,61,83.52829201612622
cpu,MAFAULDA,end_to_end,Full-S1,True,1,62,83.25304999016225
cpu,MAFAULDA,end_to_end,Full-S1,True,1,63,83.36074103135616
cpu,MAFAULDA,end_to_end,Full-S1,True,1,64,84.1301359469071
cpu,MAFAULDA,end_to_end,Full-S1,True,1,65,83.48680997733027
cpu,MAFAULDA,end_to_end,Full-S1,True,1,66,83.23080104310066
cpu,MAFAULDA,end_to_end,Full-S1,True,1,67,83.41152901994064
cpu,MAFAULDA,end_to_end,Full-S1,True,1,68,83.66725302767009
cpu,MAFAULDA,end_to_end,Full-S1,True,1,69,83.8064769632183
cpu,MAFAULDA,end_to_end,Full-S1,True,1,70,83.40830996166915
cpu,MAFAULDA,end_to_end,Full-S1,True,1,71,83.3274339674972
cpu,MAFAULDA,end_to_end,Full-S1,True,1,72,83.35740503389388
cpu,MAFAULDA,end_to_end,Full-S1,True,1,73,83.4460660116747
cpu,MAFAULDA,end_to_end,Full-S1,True,1,74,83.13285501208156
cpu,MAFAULDA,end_to_end,Full-S1,True,1,75,83.34654901409522
cpu,MAFAULDA,end_to_end,Full-S1,True,1,76,84.3540410278365
cpu,MAFAULDA,end_to_end,Full-S1,True,1,77,83.46119901398197
cpu,MAFAULDA,end_to_end,Full-S1,True,1,78,83.29775801394135
cpu,MAFAULDA,end_to_end,Full-S1,True,1,79,83.38464697590098
cpu,MAFAULDA,end_to_end,Full-S1,True,1,80,83.54292798321694
cpu,MAFAULDA,end_to_end,Full-S1,True,1,81,85.56957502150908
cpu,MAFAULDA,end_to_end,Full-S1,True,1,82,83.62670300994068
cpu,MAFAULDA,end_to_end,Full-S1,True,1,83,83.51810398744419
cpu,MAFAULDA,end_to_end,Full-S1,True,1,84,83.32174696261063
cpu,MAFAULDA,end_to_end,Full-S1,True,1,85,83.55236699571833
cpu,MAFAULDA,end_to_end,Full-S1,True,1,86,83.3954670233652
cpu,MAFAULDA,end_to_end,Full-S1,True,1,87,83.4379430161789
cpu,MAFAULDA,end_to_end,Full-S1,True,1,88,83.88680598000064
cpu,MAFAULDA,end_to_end,Full-S1,True,1,89,83.55752198258415
cpu,MAFAULDA,end_to_end,Full-S1,True,1,90,83.70954595739022
cpu,MAFAULDA,end_to_end,Full-S1,True,1,91,83.33123498596251
cpu,MAFAULDA,end_to_end,Full-S1,True,1,92,83.87651696102694
cpu,MAFAULDA,end_to_end,Full-S1,True,1,93,83.6993950069882
cpu,MAFAULDA,end_to_end,Full-S1,True,1,94,83.40833894908428
cpu,MAFAULDA,end_to_end,Full-S1,True,1,95,83.31418799934909
cpu,MAFAULDA,end_to_end,Full-S1,True,1,96,83.41613895026967
cpu,MAFAULDA,end_to_end,Full-S1,True,1,97,83.35258398437873
cpu,MAFAULDA,end_to_end,Full-S1,True,1,98,83.32375797908753
cpu,MAFAULDA,end_to_end,Full-S1,True,1,99,83.34828598890454
cpu,MAFAULDA,end_to_end,Full-S1,True,1,100,83.98409397341311
cpu,MAFAULDA,end_to_end,Full-S1,True,1,101,83.80528999259695
cpu,MAFAULDA,end_to_end,Full-S1,True,1,102,83.41017202474177
cpu,MAFAULDA,end_to_end,Full-S1,True,1,103,83.21106800576672
cpu,MAFAULDA,end_to_end,Full-S1,True,1,104,83.89204600825906
cpu,MAFAULDA,end_to_end,Full-S1,True,1,105,83.42237799661234
cpu,MAFAULDA,end_to_end,Full-S1,True,1,106,83.34909996483475
cpu,MAFAULDA,end_to_end,Full-S1,True,1,107,84.07385600730777
cpu,MAFAULDA,end_to_end,Full-S1,True,1,108,83.41638400452211
cpu,MAFAULDA,end_to_end,Full-S1,True,1,109,83.49580899812281
cpu,MAFAULDA,end_to_end,Full-S1,True,1,110,83.17416399950162
cpu,MAFAULDA,end_to_end,Full-S1,True,1,111,83.38510902831331
cpu,MAFAULDA,end_to_end,Full-S1,True,1,112,84.2968009528704
cpu,MAFAULDA,end_to_end,Full-S1,True,1,113,83.44238001154736
cpu,MAFAULDA,end_to_end,Full-S1,True,1,114,83.57134100515395
cpu,MAFAULDA,end_to_end,Full-S1,True,1,115,83.31868198001757
cpu,MAFAULDA,end_to_end,Full-S1,True,1,116,83.53259402792901
cpu,MAFAULDA,end_to_end,Full-S1,True,1,117,83.34840199677274
cpu,MAFAULDA,end_to_end,Full-S1,True,1,118,83.66797101916745
cpu,MAFAULDA,end_to_end,Full-S1,True,1,119,83.33483099704608
cpu,MAFAULDA,end_to_end,Full-S1,True,1,120,83.32737197633833
cpu,MAFAULDA,end_to_end,Full-S1,True,1,121,83.45558500150219
cpu,MAFAULDA,end_to_end,Full-S1,True,1,122,83.29534897347912
cpu,MAFAULDA,end_to_end,Full-S1,True,1,123,83.31760502187535
cpu,MAFAULDA,end_to_end,Full-S1,True,1,124,84.62551102275029
cpu,MAFAULDA,end_to_end,Full-S1,True,1,125,83.5307480301708
cpu,MAFAULDA,end_to_end,Full-S1,True,1,126,83.36016198154539
cpu,MAFAULDA,end_to_end,Full-S1,True,1,127,83.31794699188322
cpu,MAFAULDA,end_to_end,Full-S1,True,1,128,83.63723196089268
cpu,MAFAULDA,end_to_end,Full-S1,True,1,129,83.60969496425241
cpu,MAFAULDA,end_to_end,Full-S1,True,1,130,83.47408100962639
cpu,MAFAULDA,end_to_end,Full-S1,True,1,131,83.468978991732
cpu,MAFAULDA,end_to_end,Full-S1,True,1,132,83.36507499916479
cpu,MAFAULDA,end_to_end,Full-S1,True,1,133,83.35914299823344
cpu,MAFAULDA,end_to_end,Full-S1,True,1,134,83.99167598690838
cpu,MAFAULDA,end_to_end,Full-S1,True,1,135,83.47530197352171
cpu,MAFAULDA,end_to_end,Full-S1,True,1,136,83.7952220463194
cpu,MAFAULDA,end_to_end,Full-S1,True,1,137,83.59674899838865
cpu,MAFAULDA,end_to_end,Full-S1,True,1,138,83.32988899201155
cpu,MAFAULDA,end_to_end,Full-S1,True,1,139,83.47105997381732
cpu,MAFAULDA,end_to_end,Full-S1,True,1,140,83.40272400528193
cpu,MAFAULDA,end_to_end,Full-S1,True,1,141,84.29971797158942
cpu,MAFAULDA,end_to_end,Full-S1,True,1,142,83.49546696990728
cpu,MAFAULDA,end_to_end,Full-S1,True,1,143,83.38797598844394
cpu,MAFAULDA,end_to_end,Full-S1,True,1,144,83.40946800308302
cpu,MAFAULDA,end_to_end,Full-S1,True,1,145,83.4518700139597
cpu,MAFAULDA,end_to_end,Full-S1,True,1,146,83.32535100635141
cpu,MAFAULDA,end_to_end,Full-S1,True,1,147,83.31478200852871
cpu,MAFAULDA,end_to_end,Full-S1,True,1,148,83.87785003287718
cpu,MAFAULDA,end_to_end,Full-S1,True,1,149,83.69279798353091
cpu,MAFAULDA,end_to_end,Full-S1,True,1,150,83.30353297060356
cpu,MAFAULDA,end_to_end,Full-S1,True,1,151,83.34301301511005
cpu,MAFAULDA,end_to_end,Full-S1,True,1,152,83.16927403211594
cpu,MAFAULDA,end_to_end,Full-S1,True,1,153,83.51763896644115
cpu,MAFAULDA,end_to_end,Full-S1,True,1,154,83.38313095737249
cpu,MAFAULDA,end_to_end,Full-S1,True,1,155,83.45633000135422
cpu,MAFAULDA,end_to_end,Full-S1,True,1,156,83.34443997591734
cpu,MAFAULDA,end_to_end,Full-S1,True,1,157,83.17425299901515
cpu,MAFAULDA,end_to_end,Full-S1,True,1,158,83.1995609914884
cpu,MAFAULDA,end_to_end,Full-S1,True,1,159,83.27313099289313
cpu,MAFAULDA,end_to_end,Full-S1,True,1,160,83.83545000106096
cpu,MAFAULDA,end_to_end,Full-S1,True,1,161,83.8393640005961
cpu,MAFAULDA,end_to_end,Full-S1,True,1,162,83.43721000710502
cpu,MAFAULDA,end_to_end,Full-S1,True,1,163,83.31748604541644
cpu,MAFAULDA,end_to_end,Full-S1,True,1,164,83.75279000028968
cpu,MAFAULDA,end_to_end,Full-S1,True,1,165,83.52855499833822
cpu,MAFAULDA,end_to_end,Full-S1,True,1,166,83.51192995905876
cpu,MAFAULDA,end_to_end,Full-S1,True,1,167,83.39197299210355
cpu,MAFAULDA,end_to_end,Full-S1,True,1,168,83.36898300331086
cpu,MAFAULDA,end_to_end,Full-S1,True,1,169,83.35010701557621
cpu,MAFAULDA,end_to_end,Full-S1,True,1,170,83.29655101988465
cpu,MAFAULDA,end_to_end,Full-S1,True,1,171,83.32009799778461
cpu,MAFAULDA,end_to_end,Full-S1,True,1,172,84.09281098283827
cpu,MAFAULDA,end_to_end,Full-S1,True,1,173,83.47940701059997
cpu,MAFAULDA,end_to_end,Full-S1,True,1,174,83.42611201805994
cpu,MAFAULDA,end_to_end,Full-S1,True,1,175,83.35376804461703
cpu,MAFAULDA,end_to_end,Full-S1,True,1,176,83.4374200203456
cpu,MAFAULDA,end_to_end,Full-S1,True,1,177,83.46785203320906
cpu,MAFAULDA,end_to_end,Full-S1,True,1,178,83.4359559812583
cpu,MAFAULDA,end_to_end,Full-S1,True,1,179,83.51059700362384
cpu,MAFAULDA,end_to_end,Full-S1,True,1,180,83.35690200328827
cpu,MAFAULDA,end_to_end,Full-S1,True,1,181,83.66245502838865
cpu,MAFAULDA,end_to_end,Full-S1,True,1,182,82.74644601624459
cpu,MAFAULDA,end_to_end,Full-S1,True,1,183,83.24781502597034
cpu,MAFAULDA,end_to_end,Full-S1,True,1,184,84.19583097565919
cpu,MAFAULDA,end_to_end,Full-S1,True,1,185,83.3661460201256
cpu,MAFAULDA,end_to_end,Full-S1,True,1,186,83.3357049850747
cpu,MAFAULDA,end_to_end,Full-S1,True,1,187,83.48508301423863
cpu,MAFAULDA,end_to_end,Full-S1,True,1,188,83.47816200694069
cpu,MAFAULDA,end_to_end,Full-S1,True,1,189,84.58300400525331
cpu,MAFAULDA,end_to_end,Full-S1,True,1,190,83.71023699874058
cpu,MAFAULDA,end_to_end,Full-S1,True,1,191,83.36665702518076
cpu,MAFAULDA,end_to_end,Full-S1,True,1,192,83.37388897780329
cpu,MAFAULDA,end_to_end,Full-S1,True,1,193,83.3428039913997
cpu,MAFAULDA,end_to_end,Full-S1,True,1,194,83.19282601587474
cpu,MAFAULDA,end_to_end,Full-S1,True,1,195,83.39450199855492
cpu,MAFAULDA,end_to_end,Full-S1,True,1,196,84.07571498537436
cpu,MAFAULDA,end_to_end,Full-S1,True,1,197,83.33623403450474
cpu,MAFAULDA,end_to_end,Full-S1,True,1,198,83.41038797516376
cpu,MAFAULDA,end_to_end,Full-S1,True,1,199,83.35713599808514
cpu,MAFAULDA,end_to_end,Full-S1,True,1,200,83.26466998551041
cpu,MAFAULDA,end_to_end,Full-S1,True,1,201,83.66865100106224
cpu,MAFAULDA,end_to_end,Full-S1,True,1,202,83.515208971221
cpu,MAFAULDA,end_to_end,Full-S1,True,1,203,83.26377504272386
cpu,MAFAULDA,end_to_end,Full-S1,True,1,204,83.37796403793618
cpu,MAFAULDA,end_to_end,Full-S1,True,1,205,82.91201596148312
cpu,MAFAULDA,end_to_end,Full-S1,True,1,206,83.12726399162784
cpu,MAFAULDA,end_to_end,Full-S1,True,1,207,84.11954500479624
cpu,MAFAULDA,end_to_end,Full-S1,True,1,208,84.08360200701281
cpu,MAFAULDA,end_to_end,Full-S1,True,1,209,83.58707802835852
cpu,MAFAULDA,end_to_end,Full-S1,True,1,210,83.50778499152511
cpu,MAFAULDA,end_to_end,Full-S1,True,1,211,83.08412501355633
cpu,MAFAULDA,end_to_end,Full-S1,True,1,212,83.58192298328504
cpu,MAFAULDA,end_to_end,Full-S1,True,1,213,83.73720600502566
cpu,MAFAULDA,end_to_end,Full-S1,True,1,214,83.13390100374818
cpu,MAFAULDA,end_to_end,Full-S1,True,1,215,83.01880600629374
cpu,MAFAULDA,end_to_end,Full-S1,True,1,216,85.8768240432255
cpu,MAFAULDA,end_to_end,Full-S1,True,1,217,85.95106698339805
cpu,MAFAULDA,end_to_end,Full-S1,True,1,218,85.51691198954359
cpu,MAFAULDA,end_to_end,Full-S1,True,1,219,86.32301702164114
cpu,MAFAULDA,end_to_end,Full-S1,True,1,220,86.2269529607147
cpu,MAFAULDA,end_to_end,Full-S1,True,1,221,85.73577197967097
cpu,MAFAULDA,end_to_end,Full-S1,True,1,222,85.89775598375127
cpu,MAFAULDA,end_to_end,Full-S1,True,1,223,85.76027699746192
cpu,MAFAULDA,end_to_end,Full-S1,True,1,224,86.19206998264417
cpu,MAFAULDA,end_to_end,Full-S1,True,1,225,85.65543597796932
cpu,MAFAULDA,end_to_end,Full-S1,True,1,226,85.421152994968
cpu,MAFAULDA,end_to_end,Full-S1,True,1,227,85.44587198412046
cpu,MAFAULDA,end_to_end,Full-S1,True,1,228,85.51094197900966
cpu,MAFAULDA,end_to_end,Full-S1,True,1,229,85.80412296578288
cpu,MAFAULDA,end_to_end,Full-S1,True,1,230,83.73357099480927
cpu,MAFAULDA,end_to_end,Full-S1,True,1,231,83.9684410020709
cpu,MAFAULDA,end_to_end,Full-S1,True,1,232,83.3026900072582
cpu,MAFAULDA,end_to_end,Full-S1,True,1,233,83.39030301431194
cpu,MAFAULDA,end_to_end,Full-S1,True,1,234,83.35771097335964
cpu,MAFAULDA,end_to_end,Full-S1,True,1,235,83.49342597648501
cpu,MAFAULDA,end_to_end,Full-S1,True,1,236,83.87533301720396
cpu,MAFAULDA,end_to_end,Full-S1,True,1,237,84.2438560212031
cpu,MAFAULDA,end_to_end,Full-S1,True,1,238,83.33659498021007
cpu,MAFAULDA,end_to_end,Full-S1,True,1,239,83.31938501214609
cpu,MAFAULDA,end_to_end,Full-S1,True,1,240,83.6067019845359
cpu,MAFAULDA,end_to_end,Full-S1,True,1,241,83.35978101240471
cpu,MAFAULDA,end_to_end,Full-S1,True,1,242,83.32716202130541
cpu,MAFAULDA,end_to_end,Full-S1,True,1,243,83.85119697777554
cpu,MAFAULDA,end_to_end,Full-S1,True,1,244,83.36525998311117
cpu,MAFAULDA,end_to_end,Full-S1,True,1,245,83.36269698338583
cpu,MAFAULDA,end_to_end,Full-S1,True,1,246,83.42092001112178
cpu,MAFAULDA,end_to_end,Full-S1,True,1,247,83.43105501262471
cpu,MAFAULDA,end_to_end,Full-S1,True,1,248,83.82569602690637
cpu,MAFAULDA,end_to_end,Full-S1,True,1,249,83.9153760462068
cpu,MAFAULDA,end_to_end,Full-S1,True,2,0,83.50230997893959
cpu,MAFAULDA,end_to_end,Full-S1,True,2,1,83.41657096752897
cpu,MAFAULDA,end_to_end,Full-S1,True,2,2,83.45370797906071
cpu,MAFAULDA,end_to_end,Full-S1,True,2,3,83.30676599871367
cpu,MAFAULDA,end_to_end,Full-S1,True,2,4,83.40140798827633
cpu,MAFAULDA,end_to_end,Full-S1,True,2,5,83.93022097880021
cpu,MAFAULDA,end_to_end,Full-S1,True,2,6,83.41040299274027
cpu,MAFAULDA,end_to_end,Full-S1,True,2,7,83.49021099274978
cpu,MAFAULDA,end_to_end,Full-S1,True,2,8,82.95179397100583
cpu,MAFAULDA,end_to_end,Full-S1,True,2,9,83.4271409548819
cpu,MAFAULDA,end_to_end,Full-S1,True,2,10,83.91534496331587
cpu,MAFAULDA,end_to_end,Full-S1,True,2,11,83.45187298255041
cpu,MAFAULDA,end_to_end,Full-S1,True,2,12,83.29447801224887
cpu,MAFAULDA,end_to_end,Full-S1,True,2,13,83.3518979488872
cpu,MAFAULDA,end_to_end,Full-S1,True,2,14,83.34775100229308
cpu,MAFAULDA,end_to_end,Full-S1,True,2,15,83.33098102593794
cpu,MAFAULDA,end_to_end,Full-S1,True,2,16,83.36714102188125
cpu,MAFAULDA,end_to_end,Full-S1,True,2,17,83.95723503781483
cpu,MAFAULDA,end_to_end,Full-S1,True,2,18,82.92212698142976
cpu,MAFAULDA,end_to_end,Full-S1,True,2,19,83.6335810017772
cpu,MAFAULDA,end_to_end,Full-S1,True,2,20,83.4529220010154
cpu,MAFAULDA,end_to_end,Full-S1,True,2,21,83.38517602533102
cpu,MAFAULDA,end_to_end,Full-S1,True,2,22,85.13120200950652
cpu,MAFAULDA,end_to_end,Full-S1,True,2,23,83.25349498772994
cpu,MAFAULDA,end_to_end,Full-S1,True,2,24,83.43903999775648
cpu,MAFAULDA,end_to_end,Full-S1,True,2,25,83.3956350106746
cpu,MAFAULDA,end_to_end,Full-S1,True,2,26,85.20241896621883
cpu,MAFAULDA,end_to_end,Full-S1,True,2,27,83.44639401184395
cpu,MAFAULDA,end_to_end,Full-S1,True,2,28,83.44708196818829
cpu,MAFAULDA,end_to_end,Full-S1,True,2,29,83.93425500253215
cpu,MAFAULDA,end_to_end,Full-S1,True,2,30,83.51199299795553
cpu,MAFAULDA,end_to_end,Full-S1,True,2,31,83.49793497473001
cpu,MAFAULDA,end_to_end,Full-S1,True,2,32,83.23068998288363
cpu,MAFAULDA,end_to_end,Full-S1,True,2,33,83.43473501736298
cpu,MAFAULDA,end_to_end,Full-S1,True,2,34,83.81981600541621
cpu,MAFAULDA,end_to_end,Full-S1,True,2,35,83.79882900044322
cpu,MAFAULDA,end_to_end,Full-S1,True,2,36,83.42568599618971
cpu,MAFAULDA,end_to_end,Full-S1,True,2,37,83.47682101884857
cpu,MAFAULDA,end_to_end,Full-S1,True,2,38,82.99102500313893
cpu,MAFAULDA,end_to_end,Full-S1,True,2,39,83.30898795975372
cpu,MAFAULDA,end_to_end,Full-S1,True,2,40,83.48335901973769
cpu,MAFAULDA,end_to_end,Full-S1,True,2,41,84.02748202206567
cpu,MAFAULDA,end_to_end,Full-S1,True,2,42,83.4291169885546
cpu,MAFAULDA,end_to_end,Full-S1,True,2,43,83.52352597285062
cpu,MAFAULDA,end_to_end,Full-S1,True,2,44,82.80462300172076
cpu,MAFAULDA,end_to_end,Full-S1,True,2,45,83.3671010332182
cpu,MAFAULDA,end_to_end,Full-S1,True,2,46,83.59271002700552
cpu,MAFAULDA,end_to_end,Full-S1,True,2,47,83.61495099961758
cpu,MAFAULDA,end_to_end,Full-S1,True,2,48,83.38402002118528
cpu,MAFAULDA,end_to_end,Full-S1,True,2,49,83.5269779781811
cpu,MAFAULDA,end_to_end,Full-S1,True,2,50,83.41601595748216
cpu,MAFAULDA,end_to_end,Full-S1,True,2,51,83.3662849618122
cpu,MAFAULDA,end_to_end,Full-S1,True,2,52,83.5394809837453
cpu,MAFAULDA,end_to_end,Full-S1,True,2,53,84.23764503095299
cpu,MAFAULDA,end_to_end,Full-S1,True,2,54,83.42809299938381
cpu,MAFAULDA,end_to_end,Full-S1,True,2,55,83.35699001327157
cpu,MAFAULDA,end_to_end,Full-S1,True,2,56,83.25225103180856
cpu,MAFAULDA,end_to_end,Full-S1,True,2,57,83.47100799437612
cpu,MAFAULDA,end_to_end,Full-S1,True,2,58,83.81630200892687
cpu,MAFAULDA,end_to_end,Full-S1,True,2,59,84.67050100443885
cpu,MAFAULDA,end_to_end,Full-S1,True,2,60,83.8054500054568
cpu,MAFAULDA,end_to_end,Full-S1,True,2,61,83.44111999031156
cpu,MAFAULDA,end_to_end,Full-S1,True,2,62,83.31721997819841
cpu,MAFAULDA,end_to_end,Full-S1,True,2,63,83.25227000750601
cpu,MAFAULDA,end_to_end,Full-S1,True,2,64,83.36594997672364
cpu,MAFAULDA,end_to_end,Full-S1,True,2,65,83.91088398639113
cpu,MAFAULDA,end_to_end,Full-S1,True,2,66,83.36505299666896
cpu,MAFAULDA,end_to_end,Full-S1,True,2,67,83.39306095149368
cpu,MAFAULDA,end_to_end,Full-S1,True,2,68,83.21541600162163
cpu,MAFAULDA,end_to_end,Full-S1,True,2,69,83.359542011749
cpu,MAFAULDA,end_to_end,Full-S1,True,2,70,83.76946696080267
cpu,MAFAULDA,end_to_end,Full-S1,True,2,71,83.84218701394275
cpu,MAFAULDA,end_to_end,Full-S1,True,2,72,83.39429297484457
cpu,MAFAULDA,end_to_end,Full-S1,True,2,73,83.33155902801082
cpu,MAFAULDA,end_to_end,Full-S1,True,2,74,83.46214104676619
cpu,MAFAULDA,end_to_end,Full-S1,True,2,75,83.48464401206002
cpu,MAFAULDA,end_to_end,Full-S1,True,2,76,83.38212099624798
cpu,MAFAULDA,end_to_end,Full-S1,True,2,77,83.81620398722589
cpu,MAFAULDA,end_to_end,Full-S1,True,2,78,83.42967095086351
cpu,MAFAULDA,end_to_end,Full-S1,True,2,79,84.73284199135378
cpu,MAFAULDA,end_to_end,Full-S1,True,2,80,83.7989790015854
cpu,MAFAULDA,end_to_end,Full-S1,True,2,81,83.62882694927976
cpu,MAFAULDA,end_to_end,Full-S1,True,2,82,84.86588200321421
cpu,MAFAULDA,end_to_end,Full-S1,True,2,83,83.81538098910823
cpu,MAFAULDA,end_to_end,Full-S1,True,2,84,83.36964901536703
cpu,MAFAULDA,end_to_end,Full-S1,True,2,85,83.39505695039406
cpu,MAFAULDA,end_to_end,Full-S1,True,2,86,83.37960997596383
cpu,MAFAULDA,end_to_end,Full-S1,True,2,87,83.30855600070208
cpu,MAFAULDA,end_to_end,Full-S1,True,2,88,83.28104997053742
cpu,MAFAULDA,end_to_end,Full-S1,True,2,89,84.31045000907034
cpu,MAFAULDA,end_to_end,Full-S1,True,2,90,83.78069999162108
cpu,MAFAULDA,end_to_end,Full-S1,True,2,91,83.48471502540633
cpu,MAFAULDA,end_to_end,Full-S1,True,2,92,83.23678700253367
cpu,MAFAULDA,end_to_end,Full-S1,True,2,93,83.38195999385789
cpu,MAFAULDA,end_to_end,Full-S1,True,2,94,83.70039099827409
cpu,MAFAULDA,end_to_end,Full-S1,True,2,95,83.24514795094728
cpu,MAFAULDA,end_to_end,Full-S1,True,2,96,86.62277599796653
cpu,MAFAULDA,end_to_end,Full-S1,True,2,97,83.77374400151893
cpu,MAFAULDA,end_to_end,Full-S1,True,2,98,83.47609400516376
cpu,MAFAULDA,end_to_end,Full-S1,True,2,99,83.25332903768867
cpu,MAFAULDA,end_to_end,Full-S1,True,2,100,84.68052395619452
cpu,MAFAULDA,end_to_end,Full-S1,True,2,101,84.06272000866011
cpu,MAFAULDA,end_to_end,Full-S1,True,2,102,83.29881000099704
cpu,MAFAULDA,end_to_end,Full-S1,True,2,103,83.37452198611572
cpu,MAFAULDA,end_to_end,Full-S1,True,2,104,83.35186197655275
cpu,MAFAULDA,end_to_end,Full-S1,True,2,105,83.33583100466058
cpu,MAFAULDA,end_to_end,Full-S1,True,2,106,83.5740200127475
cpu,MAFAULDA,end_to_end,Full-S1,True,2,107,83.57244700891897
cpu,MAFAULDA,end_to_end,Full-S1,True,2,108,83.30460201250389
cpu,MAFAULDA,end_to_end,Full-S1,True,2,109,83.3575029973872
cpu,MAFAULDA,end_to_end,Full-S1,True,2,110,83.40359199792147
cpu,MAFAULDA,end_to_end,Full-S1,True,2,111,83.27906799968332
cpu,MAFAULDA,end_to_end,Full-S1,True,2,112,83.24926201021299
cpu,MAFAULDA,end_to_end,Full-S1,True,2,113,84.02650797506794
cpu,MAFAULDA,end_to_end,Full-S1,True,2,114,83.30918505089357
cpu,MAFAULDA,end_to_end,Full-S1,True,2,115,82.88030000403523
cpu,MAFAULDA,end_to_end,Full-S1,True,2,116,83.41522701084614
cpu,MAFAULDA,end_to_end,Full-S1,True,2,117,83.37033702991903
cpu,MAFAULDA,end_to_end,Full-S1,True,2,118,84.18877696385607
cpu,MAFAULDA,end_to_end,Full-S1,True,2,119,83.84580101119354
cpu,MAFAULDA,end_to_end,Full-S1,True,2,120,83.35503801936284
cpu,MAFAULDA,end_to_end,Full-S1,True,2,121,83.31005199579522
cpu,MAFAULDA,end_to_end,Full-S1,True,2,122,83.58531503472477
cpu,MAFAULDA,end_to_end,Full-S1,True,2,123,83.45189498504624
cpu,MAFAULDA,end_to_end,Full-S1,True,2,124,83.31311395158991
cpu,MAFAULDA,end_to_end,Full-S1,True,2,125,84.17837100569159
cpu,MAFAULDA,end_to_end,Full-S1,True,2,126,83.33305304404348
cpu,MAFAULDA,end_to_end,Full-S1,True,2,127,83.41794298030436
cpu,MAFAULDA,end_to_end,Full-S1,True,2,128,83.37603398831561
cpu,MAFAULDA,end_to_end,Full-S1,True,2,129,83.35536799859256
cpu,MAFAULDA,end_to_end,Full-S1,True,2,130,83.86794500984251
cpu,MAFAULDA,end_to_end,Full-S1,True,2,131,83.52728601312265
cpu,MAFAULDA,end_to_end,Full-S1,True,2,132,83.54538097046316
cpu,MAFAULDA,end_to_end,Full-S1,True,2,133,83.31399102462456
cpu,MAFAULDA,end_to_end,Full-S1,True,2,134,83.48212804412469
cpu,MAFAULDA,end_to_end,Full-S1,True,2,135,83.20215303683653
cpu,MAFAULDA,end_to_end,Full-S1,True,2,136,83.26382702216506
cpu,MAFAULDA,end_to_end,Full-S1,True,2,137,84.31765000568703
cpu,MAFAULDA,end_to_end,Full-S1,True,2,138,83.66107800975442
cpu,MAFAULDA,end_to_end,Full-S1,True,2,139,83.63746502436697
cpu,MAFAULDA,end_to_end,Full-S1,True,2,140,83.42276699841022
cpu,MAFAULDA,end_to_end,Full-S1,True,2,141,83.77380599267781
cpu,MAFAULDA,end_to_end,Full-S1,True,2,142,84.01510899420828
cpu,MAFAULDA,end_to_end,Full-S1,True,2,143,83.65871099522337
cpu,MAFAULDA,end_to_end,Full-S1,True,2,144,82.9710359685123
cpu,MAFAULDA,end_to_end,Full-S1,True,2,145,83.40541704092175
cpu,MAFAULDA,end_to_end,Full-S1,True,2,146,83.31350702792406
cpu,MAFAULDA,end_to_end,Full-S1,True,2,147,83.19992996985093
cpu,MAFAULDA,end_to_end,Full-S1,True,2,148,83.34117603953928
cpu,MAFAULDA,end_to_end,Full-S1,True,2,149,84.01299099205062
cpu,MAFAULDA,end_to_end,Full-S1,True,2,150,84.07600299688056
cpu,MAFAULDA,end_to_end,Full-S1,True,2,151,83.76298402436078
cpu,MAFAULDA,end_to_end,Full-S1,True,2,152,83.70455901604146
cpu,MAFAULDA,end_to_end,Full-S1,True,2,153,83.60870101023465
cpu,MAFAULDA,end_to_end,Full-S1,True,2,154,84.35785304754972
cpu,MAFAULDA,end_to_end,Full-S1,True,2,155,83.75630300724879
cpu,MAFAULDA,end_to_end,Full-S1,True,2,156,83.54482502909377
cpu,MAFAULDA,end_to_end,Full-S1,True,2,157,83.6353360209614
cpu,MAFAULDA,end_to_end,Full-S1,True,2,158,83.40851502725855
cpu,MAFAULDA,end_to_end,Full-S1,True,2,159,83.20060803089291
cpu,MAFAULDA,end_to_end,Full-S1,True,2,160,84.29962501395494
cpu,MAFAULDA,end_to_end,Full-S1,True,2,161,84.11848894320428
cpu,MAFAULDA,end_to_end,Full-S1,True,2,162,83.4311040234752
cpu,MAFAULDA,end_to_end,Full-S1,True,2,163,83.50707002682611
cpu,MAFAULDA,end_to_end,Full-S1,True,2,164,83.28582800459117
cpu,MAFAULDA,end_to_end,Full-S1,True,2,165,83.39777198852971
cpu,MAFAULDA,end_to_end,Full-S1,True,2,166,83.88949901564047
cpu,MAFAULDA,end_to_end,Full-S1,True,2,167,83.59021600335836
cpu,MAFAULDA,end_to_end,Full-S1,True,2,168,83.48342997487634
cpu,MAFAULDA,end_to_end,Full-S1,True,2,169,83.34078802727163
cpu,MAFAULDA,end_to_end,Full-S1,True,2,170,83.50119000533596
cpu,MAFAULDA,end_to_end,Full-S1,True,2,171,83.28213996719569
cpu,MAFAULDA,end_to_end,Full-S1,True,2,172,83.29660701565444
cpu,MAFAULDA,end_to_end,Full-S1,True,2,173,84.36712203547359
cpu,MAFAULDA,end_to_end,Full-S1,True,2,174,82.9525800072588
cpu,MAFAULDA,end_to_end,Full-S1,True,2,175,83.48394598579034
cpu,MAFAULDA,end_to_end,Full-S1,True,2,176,83.30384996952489
cpu,MAFAULDA,end_to_end,Full-S1,True,2,177,82.97263499116525
cpu,MAFAULDA,end_to_end,Full-S1,True,2,178,84.38119903439656
cpu,MAFAULDA,end_to_end,Full-S1,True,2,179,83.57932500075549
cpu,MAFAULDA,end_to_end,Full-S1,True,2,180,82.9982950235717
cpu,MAFAULDA,end_to_end,Full-S1,True,2,181,83.46984902163967
cpu,MAFAULDA,end_to_end,Full-S1,True,2,182,83.2685370114632
cpu,MAFAULDA,end_to_end,Full-S1,True,2,183,83.25053396401927
cpu,MAFAULDA,end_to_end,Full-S1,True,2,184,83.43376696575433
cpu,MAFAULDA,end_to_end,Full-S1,True,2,185,84.16072698310018
cpu,MAFAULDA,end_to_end,Full-S1,True,2,186,83.40613701147959
cpu,MAFAULDA,end_to_end,Full-S1,True,2,187,83.4240970434621
cpu,MAFAULDA,end_to_end,Full-S1,True,2,188,83.31383700715378
cpu,MAFAULDA,end_to_end,Full-S1,True,2,189,83.4216020302847
cpu,MAFAULDA,end_to_end,Full-S1,True,2,190,83.4797800052911
cpu,MAFAULDA,end_to_end,Full-S1,True,2,191,83.73964496422559
cpu,MAFAULDA,end_to_end,Full-S1,True,2,192,82.87391299381852
cpu,MAFAULDA,end_to_end,Full-S1,True,2,193,83.2765480154194
cpu,MAFAULDA,end_to_end,Full-S1,True,2,194,83.47250102087855
cpu,MAFAULDA,end_to_end,Full-S1,True,2,195,82.85957196494564
cpu,MAFAULDA,end_to_end,Full-S1,True,2,196,83.23228900553659
cpu,MAFAULDA,end_to_end,Full-S1,True,2,197,84.03386099962518
cpu,MAFAULDA,end_to_end,Full-S1,True,2,198,83.61990400590003
cpu,MAFAULDA,end_to_end,Full-S1,True,2,199,83.39344302657992
cpu,MAFAULDA,end_to_end,Full-S1,True,2,200,83.39714998146519
cpu,MAFAULDA,end_to_end,Full-S1,True,2,201,83.75155803514645
cpu,MAFAULDA,end_to_end,Full-S1,True,2,202,83.45210604602471
cpu,MAFAULDA,end_to_end,Full-S1,True,2,203,83.50363001227379
cpu,MAFAULDA,end_to_end,Full-S1,True,2,204,83.40873901033774
cpu,MAFAULDA,end_to_end,Full-S1,True,2,205,83.31071096472442
cpu,MAFAULDA,end_to_end,Full-S1,True,2,206,83.39342498220503
cpu,MAFAULDA,end_to_end,Full-S1,True,2,207,82.90916099213064
cpu,MAFAULDA,end_to_end,Full-S1,True,2,208,83.22943700477481
cpu,MAFAULDA,end_to_end,Full-S1,True,2,209,83.44751497497782
cpu,MAFAULDA,end_to_end,Full-S1,True,2,210,84.55894596409053
cpu,MAFAULDA,end_to_end,Full-S1,True,2,211,83.6966399801895
cpu,MAFAULDA,end_to_end,Full-S1,True,2,212,83.33731902530417
cpu,MAFAULDA,end_to_end,Full-S1,True,2,213,83.11843400588259
cpu,MAFAULDA,end_to_end,Full-S1,True,2,214,83.35622301092371
cpu,MAFAULDA,end_to_end,Full-S1,True,2,215,83.72048800811172
cpu,MAFAULDA,end_to_end,Full-S1,True,2,216,82.84649299457669
cpu,MAFAULDA,end_to_end,Full-S1,True,2,217,83.2767550018616
cpu,MAFAULDA,end_to_end,Full-S1,True,2,218,83.50303303450346
cpu,MAFAULDA,end_to_end,Full-S1,True,2,219,82.84353301860392
cpu,MAFAULDA,end_to_end,Full-S1,True,2,220,83.28284602612257
cpu,MAFAULDA,end_to_end,Full-S1,True,2,221,83.87569297337905
cpu,MAFAULDA,end_to_end,Full-S1,True,2,222,83.40793999377638
cpu,MAFAULDA,end_to_end,Full-S1,True,2,223,85.05375299137086
cpu,MAFAULDA,end_to_end,Full-S1,True,2,224,83.3648819825612
cpu,MAFAULDA,end_to_end,Full-S1,True,2,225,83.46242998959497
cpu,MAFAULDA,end_to_end,Full-S1,True,2,226,83.75411899760365
cpu,MAFAULDA,end_to_end,Full-S1,True,2,227,83.76302901888266
cpu,MAFAULDA,end_to_end,Full-S1,True,2,228,83.36928801145405
cpu,MAFAULDA,end_to_end,Full-S1,True,2,229,83.4534490131773
cpu,MAFAULDA,end_to_end,Full-S1,True,2,230,82.98292401013896
cpu,MAFAULDA,end_to_end,Full-S1,True,2,231,83.31037004245445
cpu,MAFAULDA,end_to_end,Full-S1,True,2,232,83.24586699018255
cpu,MAFAULDA,end_to_end,Full-S1,True,2,233,83.89171300223097
cpu,MAFAULDA,end_to_end,Full-S1,True,2,234,83.18869798677042
cpu,MAFAULDA,end_to_end,Full-S1,True,2,235,83.2843380048871
cpu,MAFAULDA,end_to_end,Full-S1,True,2,236,83.36578402668238
cpu,MAFAULDA,end_to_end,Full-S1,True,2,237,82.94859301531687
cpu,MAFAULDA,end_to_end,Full-S1,True,2,238,83.67259398801252
cpu,MAFAULDA,end_to_end,Full-S1,True,2,239,83.82137201260775
cpu,MAFAULDA,end_to_end,Full-S1,True,2,240,82.86756498273462
cpu,MAFAULDA,end_to_end,Full-S1,True,2,241,83.27335899230093
cpu,MAFAULDA,end_to_end,Full-S1,True,2,242,83.38488300796598
cpu,MAFAULDA,end_to_end,Full-S1,True,2,243,83.25526601402089
cpu,MAFAULDA,end_to_end,Full-S1,True,2,244,82.83944096183404
cpu,MAFAULDA,end_to_end,Full-S1,True,2,245,83.92234501661733
cpu,MAFAULDA,end_to_end,Full-S1,True,2,246,83.18715798668563
cpu,MAFAULDA,end_to_end,Full-S1,True,2,247,83.348459971603
cpu,MAFAULDA,end_to_end,Full-S1,True,2,248,83.45356897916645
cpu,MAFAULDA,end_to_end,Full-S1,True,2,249,83.38465000269935
cpu,MAFAULDA,end_to_end,K1,True,2,0,44.666947971563786
cpu,MAFAULDA,end_to_end,K1,True,2,1,44.62668497581035
cpu,MAFAULDA,end_to_end,K1,True,2,2,44.70893100369722
cpu,MAFAULDA,end_to_end,K1,True,2,3,44.84882700489834
cpu,MAFAULDA,end_to_end,K1,True,2,4,44.66762696392834
cpu,MAFAULDA,end_to_end,K1,True,2,5,44.680121005512774
cpu,MAFAULDA,end_to_end,K1,True,2,6,44.71956199267879
cpu,MAFAULDA,end_to_end,K1,True,2,7,44.65216904645786
cpu,MAFAULDA,end_to_end,K1,True,2,8,44.774972018785775
cpu,MAFAULDA,end_to_end,K1,True,2,9,44.62899500504136
cpu,MAFAULDA,end_to_end,K1,True,2,10,44.635485974140465
cpu,MAFAULDA,end_to_end,K1,True,2,11,44.696344004478306
cpu,MAFAULDA,end_to_end,K1,True,2,12,44.664710003416985
cpu,MAFAULDA,end_to_end,K1,True,2,13,45.224101981148124
cpu,MAFAULDA,end_to_end,K1,True,2,14,44.73029501968995
cpu,MAFAULDA,end_to_end,K1,True,2,15,44.692007009871304
cpu,MAFAULDA,end_to_end,K1,True,2,16,44.86897599417716
cpu,MAFAULDA,end_to_end,K1,True,2,17,44.72938796970993
cpu,MAFAULDA,end_to_end,K1,True,2,18,44.809152954258025
cpu,MAFAULDA,end_to_end,K1,True,2,19,44.579834036994725
cpu,MAFAULDA,end_to_end,K1,True,2,20,44.77655497612432
cpu,MAFAULDA,end_to_end,K1,True,2,21,45.334956026636064
cpu,MAFAULDA,end_to_end,K1,True,2,22,45.88045901618898
cpu,MAFAULDA,end_to_end,K1,True,2,23,44.70614797901362
cpu,MAFAULDA,end_to_end,K1,True,2,24,45.104155025910586
cpu,MAFAULDA,end_to_end,K1,True,2,25,44.80827698716894
cpu,MAFAULDA,end_to_end,K1,True,2,26,44.62759604211897
cpu,MAFAULDA,end_to_end,K1,True,2,27,44.63543003657833
cpu,MAFAULDA,end_to_end,K1,True,2,28,44.73893594695255
cpu,MAFAULDA,end_to_end,K1,True,2,29,46.28407099517062
cpu,MAFAULDA,end_to_end,K1,True,2,30,45.55399902164936
cpu,MAFAULDA,end_to_end,K1,True,2,31,44.804386037867516
cpu,MAFAULDA,end_to_end,K1,True,2,32,44.65224000159651
cpu,MAFAULDA,end_to_end,K1,True,2,33,44.65817997697741
cpu,MAFAULDA,end_to_end,K1,True,2,34,44.65010704007
cpu,MAFAULDA,end_to_end,K1,True,2,35,45.16212601447478
cpu,MAFAULDA,end_to_end,K1,True,2,36,44.755804003216326
cpu,MAFAULDA,end_to_end,K1,True,2,37,45.02901999512687
cpu,MAFAULDA,end_to_end,K1,True,2,38,44.6302390191704
cpu,MAFAULDA,end_to_end,K1,True,2,39,44.85087801003829
cpu,MAFAULDA,end_to_end,K1,True,2,40,44.60359801305458
cpu,MAFAULDA,end_to_end,K1,True,2,41,44.70240796217695
cpu,MAFAULDA,end_to_end,K1,True,2,42,44.77745300391689
cpu,MAFAULDA,end_to_end,K1,True,2,43,44.84961798880249
cpu,MAFAULDA,end_to_end,K1,True,2,44,44.77699298877269
cpu,MAFAULDA,end_to_end,K1,True,2,45,44.598751002922654
cpu,MAFAULDA,end_to_end,K1,True,2,46,45.466830022633076
cpu,MAFAULDA,end_to_end,K1,True,2,47,44.824731012340635
cpu,MAFAULDA,end_to_end,K1,True,2,48,44.71452796133235
cpu,MAFAULDA,end_to_end,K1,True,2,49,44.769092986825854
cpu,MAFAULDA,end_to_end,K1,True,2,50,44.61707500740886
cpu,MAFAULDA,end_to_end,K1,True,2,51,44.547189027071
cpu,MAFAULDA,end_to_end,K1,True,2,52,44.853825005702674
cpu,MAFAULDA,end_to_end,K1,True,2,53,44.64956297306344
cpu,MAFAULDA,end_to_end,K1,True,2,54,44.90363097283989
cpu,MAFAULDA,end_to_end,K1,True,2,55,44.67638401547447
cpu,MAFAULDA,end_to_end,K1,True,2,56,44.663164007943124
cpu,MAFAULDA,end_to_end,K1,True,2,57,45.47590698348358
cpu,MAFAULDA,end_to_end,K1,True,2,58,44.813153974246234
cpu,MAFAULDA,end_to_end,K1,True,2,59,44.78750599082559
cpu,MAFAULDA,end_to_end,K1,True,2,60,44.70681498060003
cpu,MAFAULDA,end_to_end,K1,True,2,61,44.630848977249116
cpu,MAFAULDA,end_to_end,K1,True,2,62,44.63494603987783
cpu,MAFAULDA,end_to_end,K1,True,2,63,44.69335003523156
cpu,MAFAULDA,end_to_end,K1,True,2,64,44.61042903130874
cpu,MAFAULDA,end_to_end,K1,True,2,65,44.707350025419146
cpu,MAFAULDA,end_to_end,K1,True,2,66,44.83792698010802
cpu,MAFAULDA,end_to_end,K1,True,2,67,44.60491897771135
cpu,MAFAULDA,end_to_end,K1,True,2,68,44.82195299351588
cpu,MAFAULDA,end_to_end,K1,True,2,69,45.329932996537536
cpu,MAFAULDA,end_to_end,K1,True,2,70,44.67516497243196
cpu,MAFAULDA,end_to_end,K1,True,2,71,44.65860896743834
cpu,MAFAULDA,end_to_end,K1,True,2,72,44.73640595097095
cpu,MAFAULDA,end_to_end,K1,True,2,73,44.56991498591378
cpu,MAFAULDA,end_to_end,K1,True,2,74,44.79916801210493
cpu,MAFAULDA,end_to_end,K1,True,2,75,44.77669799234718
cpu,MAFAULDA,end_to_end,K1,True,2,76,44.64673000620678
cpu,MAFAULDA,end_to_end,K1,True,2,77,44.71531300805509
cpu,MAFAULDA,end_to_end,K1,True,2,78,44.71584298880771
cpu,MAFAULDA,end_to_end,K1,True,2,79,44.64286396978423
cpu,MAFAULDA,end_to_end,K1,True,2,80,45.3084820182994
cpu,MAFAULDA,end_to_end,K1,True,2,81,44.77288998896256
cpu,MAFAULDA,end_to_end,K1,True,2,82,44.66343903914094
cpu,MAFAULDA,end_to_end,K1,True,2,83,44.619610998779535
cpu,MAFAULDA,end_to_end,K1,True,2,84,44.72413199255243
cpu,MAFAULDA,end_to_end,K1,True,2,85,44.67208398273215
cpu,MAFAULDA,end_to_end,K1,True,2,86,44.68468698905781
cpu,MAFAULDA,end_to_end,K1,True,2,87,44.79086602805182
cpu,MAFAULDA,end_to_end,K1,True,2,88,44.738708005752414
cpu,MAFAULDA,end_to_end,K1,True,2,89,44.77494198363274
cpu,MAFAULDA,end_to_end,K1,True,2,90,45.01791798975319
cpu,MAFAULDA,end_to_end,K1,True,2,91,45.217928010970354
cpu,MAFAULDA,end_to_end,K1,True,2,92,44.85456203110516
cpu,MAFAULDA,end_to_end,K1,True,2,93,44.78400299558416
cpu,MAFAULDA,end_to_end,K1,True,2,94,44.74717198172584
cpu,MAFAULDA,end_to_end,K1,True,2,95,44.68061897205189
cpu,MAFAULDA,end_to_end,K1,True,2,96,44.705157983116806
cpu,MAFAULDA,end_to_end,K1,True,2,97,44.673867989331484
cpu,MAFAULDA,end_to_end,K1,True,2,98,44.64601300423965
cpu,MAFAULDA,end_to_end,K1,True,2,99,44.595066050533205
cpu,MAFAULDA,end_to_end,K1,True,2,100,44.75790698779747
cpu,MAFAULDA,end_to_end,K1,True,2,101,44.6389329736121
cpu,MAFAULDA,end_to_end,K1,True,2,102,45.40130903478712
cpu,MAFAULDA,end_to_end,K1,True,2,103,44.77952199522406
cpu,MAFAULDA,end_to_end,K1,True,2,104,44.686476001515985
cpu,MAFAULDA,end_to_end,K1,True,2,105,44.655331003014
cpu,MAFAULDA,end_to_end,K1,True,2,106,44.71712198574096
cpu,MAFAULDA,end_to_end,K1,True,2,107,44.68059400096536
cpu,MAFAULDA,end_to_end,K1,True,2,108,44.73218403290957
cpu,MAFAULDA,end_to_end,K1,True,2,109,44.67412002850324
cpu,MAFAULDA,end_to_end,K1,True,2,110,44.790557003580034
cpu,MAFAULDA,end_to_end,K1,True,2,111,44.83315598918125
cpu,MAFAULDA,end_to_end,K1,True,2,112,44.61435100529343
cpu,MAFAULDA,end_to_end,K1,True,2,113,44.76056102430448
cpu,MAFAULDA,end_to_end,K1,True,2,114,45.086727011948824
cpu,MAFAULDA,end_to_end,K1,True,2,115,44.730754976626486
cpu,MAFAULDA,end_to_end,K1,True,2,116,44.567321019712836
cpu,MAFAULDA,end_to_end,K1,True,2,117,44.642623979598284
cpu,MAFAULDA,end_to_end,K1,True,2,118,44.68606098089367
cpu,MAFAULDA,end_to_end,K1,True,2,119,44.62324600899592
cpu,MAFAULDA,end_to_end,K1,True,2,120,44.86791096860543
cpu,MAFAULDA,end_to_end,K1,True,2,121,44.6585770114325
cpu,MAFAULDA,end_to_end,K1,True,2,122,44.58480695029721
cpu,MAFAULDA,end_to_end,K1,True,2,123,44.69503596192226
cpu,MAFAULDA,end_to_end,K1,True,2,124,45.13849498471245
cpu,MAFAULDA,end_to_end,K1,True,2,125,44.7212370345369
cpu,MAFAULDA,end_to_end,K1,True,2,126,44.65902398806065
cpu,MAFAULDA,end_to_end,K1,True,2,127,44.693553005345166
cpu,MAFAULDA,end_to_end,K1,True,2,128,44.96997699607164
cpu,MAFAULDA,end_to_end,K1,True,2,129,44.724075007252395
cpu,MAFAULDA,end_to_end,K1,True,2,130,44.78159098653123
cpu,MAFAULDA,end_to_end,K1,True,2,131,44.64703903067857
cpu,MAFAULDA,end_to_end,K1,True,2,132,44.60371797904372
cpu,MAFAULDA,end_to_end,K1,True,2,133,45.25328997988254
cpu,MAFAULDA,end_to_end,K1,True,2,134,45.29160400852561
cpu,MAFAULDA,end_to_end,K1,True,2,135,45.115780958440155
cpu,MAFAULDA,end_to_end,K1,True,2,136,44.7360870311968
cpu,MAFAULDA,end_to_end,K1,True,2,137,44.712189002893865
cpu,MAFAULDA,end_to_end,K1,True,2,138,44.798659975640476
cpu,MAFAULDA,end_to_end,K1,True,2,139,44.58554496522993
cpu,MAFAULDA,end_to_end,K1,True,2,140,45.08471698500216
cpu,MAFAULDA,end_to_end,K1,True,2,141,44.66112802037969
cpu,MAFAULDA,end_to_end,K1,True,2,142,44.749419030267745
cpu,MAFAULDA,end_to_end,K1,True,2,143,44.650588009972125
cpu,MAFAULDA,end_to_end,K1,True,2,144,44.53617299441248
cpu,MAFAULDA,end_to_end,K1,True,2,145,44.666683999821544
cpu,MAFAULDA,end_to_end,K1,True,2,146,44.72717799944803
cpu,MAFAULDA,end_to_end,K1,True,2,147,45.249246002640575
cpu,MAFAULDA,end_to_end,K1,True,2,148,44.89830700913444
cpu,MAFAULDA,end_to_end,K1,True,2,149,44.67031202511862
cpu,MAFAULDA,end_to_end,K1,True,2,150,44.595621002372354
cpu,MAFAULDA,end_to_end,K1,True,2,151,44.913265039213
cpu,MAFAULDA,end_to_end,K1,True,2,152,45.03209301037714
cpu,MAFAULDA,end_to_end,K1,True,2,153,44.582661997992545
cpu,MAFAULDA,end_to_end,K1,True,2,154,44.6361509966664
cpu,MAFAULDA,end_to_end,K1,True,2,155,44.746109982952476
cpu,MAFAULDA,end_to_end,K1,True,2,156,44.867307995446026
cpu,MAFAULDA,end_to_end,K1,True,2,157,44.792853004764766
cpu,MAFAULDA,end_to_end,K1,True,2,158,44.89971901057288
cpu,MAFAULDA,end_to_end,K1,True,2,159,44.673811993561685
cpu,MAFAULDA,end_to_end,K1,True,2,160,44.693069998174906
cpu,MAFAULDA,end_to_end,K1,True,2,161,44.70294702332467
cpu,MAFAULDA,end_to_end,K1,True,2,162,44.68607698800042
cpu,MAFAULDA,end_to_end,K1,True,2,163,44.68307102797553
cpu,MAFAULDA,end_to_end,K1,True,2,164,44.768104038666934
cpu,MAFAULDA,end_to_end,K1,True,2,165,44.637251005042344
cpu,MAFAULDA,end_to_end,K1,True,2,166,44.588855002075434
cpu,MAFAULDA,end_to_end,K1,True,2,167,44.64937304146588
cpu,MAFAULDA,end_to_end,K1,True,2,168,44.66677497839555
cpu,MAFAULDA,end_to_end,K1,True,2,169,45.42797099566087
cpu,MAFAULDA,end_to_end,K1,True,2,170,44.702525017783046
cpu,MAFAULDA,end_to_end,K1,True,2,171,44.63307495461777
cpu,MAFAULDA,end_to_end,K1,True,2,172,44.75915298098698
cpu,MAFAULDA,end_to_end,K1,True,2,173,44.73736399086192
cpu,MAFAULDA,end_to_end,K1,True,2,174,44.60718698101118
cpu,MAFAULDA,end_to_end,K1,True,2,175,44.735609961207956
cpu,MAFAULDA,end_to_end,K1,True,2,176,44.69692101702094
cpu,MAFAULDA,end_to_end,K1,True,2,177,44.629852985963225
cpu,MAFAULDA,end_to_end,K1,True,2,178,44.83375896234065
cpu,MAFAULDA,end_to_end,K1,True,2,179,46.65034997742623
cpu,MAFAULDA,end_to_end,K1,True,2,180,44.69916899688542
cpu,MAFAULDA,end_to_end,K1,True,2,181,44.84553198562935
cpu,MAFAULDA,end_to_end,K1,True,2,182,44.720167003106326
cpu,MAFAULDA,end_to_end,K1,True,2,183,44.77352096000686
cpu,MAFAULDA,end_to_end,K1,True,2,184,44.752642046660185
cpu,MAFAULDA,end_to_end,K1,True,2,185,44.614569982513785
cpu,MAFAULDA,end_to_end,K1,True,2,186,44.70228299032897
cpu,MAFAULDA,end_to_end,K1,True,2,187,44.66811602469534
cpu,MAFAULDA,end_to_end,K1,True,2,188,44.527113961521536
cpu,MAFAULDA,end_to_end,K1,True,2,189,44.67221797676757
cpu,MAFAULDA,end_to_end,K1,True,2,190,44.61647098651156
cpu,MAFAULDA,end_to_end,K1,True,2,191,45.514054014347494
cpu,MAFAULDA,end_to_end,K1,True,2,192,45.141933020204306
cpu,MAFAULDA,end_to_end,K1,True,2,193,44.69641298055649
cpu,MAFAULDA,end_to_end,K1,True,2,194,44.59429898997769
cpu,MAFAULDA,end_to_end,K1,True,2,195,44.76969101233408
cpu,MAFAULDA,end_to_end,K1,True,2,196,44.71577797085047
cpu,MAFAULDA,end_to_end,K1,True,2,197,44.652858981862664
cpu,MAFAULDA,end_to_end,K1,True,2,198,44.705349020659924
cpu,MAFAULDA,end_to_end,K1,True,2,199,44.71258696867153
cpu,MAFAULDA,end_to_end,K1,True,2,200,44.670804985798895
cpu,MAFAULDA,end_to_end,K1,True,2,201,44.888380041811615
cpu,MAFAULDA,end_to_end,K1,True,2,202,44.6717239683494
cpu,MAFAULDA,end_to_end,K1,True,2,203,45.005544961895794
cpu,MAFAULDA,end_to_end,K1,True,2,204,44.82524801278487
cpu,MAFAULDA,end_to_end,K1,True,2,205,44.69393199542537
cpu,MAFAULDA,end_to_end,K1,True,2,206,44.6698049781844
cpu,MAFAULDA,end_to_end,K1,True,2,207,44.66808500001207
cpu,MAFAULDA,end_to_end,K1,True,2,208,44.69743400113657
cpu,MAFAULDA,end_to_end,K1,True,2,209,44.754567032214254
cpu,MAFAULDA,end_to_end,K1,True,2,210,44.64399500284344
cpu,MAFAULDA,end_to_end,K1,True,2,211,44.67965196818113
cpu,MAFAULDA,end_to_end,K1,True,2,212,44.59283803589642
cpu,MAFAULDA,end_to_end,K1,True,2,213,44.70588098047301
cpu,MAFAULDA,end_to_end,K1,True,2,214,45.24317698087543
cpu,MAFAULDA,end_to_end,K1,True,2,215,44.7096029529348
cpu,MAFAULDA,end_to_end,K1,True,2,216,44.68893999001011
cpu,MAFAULDA,end_to_end,K1,True,2,217,44.63740799110383
cpu,MAFAULDA,end_to_end,K1,True,2,218,45.67007697187364
cpu,MAFAULDA,end_to_end,K1,True,2,219,44.71959901275113
cpu,MAFAULDA,end_to_end,K1,True,2,220,44.70815404783934
cpu,MAFAULDA,end_to_end,K1,True,2,221,45.173869002610445
cpu,MAFAULDA,end_to_end,K1,True,2,222,44.61108200484887
cpu,MAFAULDA,end_to_end,K1,True,2,223,44.73362403223291
cpu,MAFAULDA,end_to_end,K1,True,2,224,44.649419025518
cpu,MAFAULDA,end_to_end,K1,True,2,225,45.46072299126536
cpu,MAFAULDA,end_to_end,K1,True,2,226,44.910666008945554
cpu,MAFAULDA,end_to_end,K1,True,2,227,44.76392699871212
cpu,MAFAULDA,end_to_end,K1,True,2,228,44.67177699552849
cpu,MAFAULDA,end_to_end,K1,True,2,229,44.65114005142823
cpu,MAFAULDA,end_to_end,K1,True,2,230,44.60956098046154
cpu,MAFAULDA,end_to_end,K1,True,2,231,44.61438296129927
cpu,MAFAULDA,end_to_end,K1,True,2,232,45.10523297358304
cpu,MAFAULDA,end_to_end,K1,True,2,233,44.711065012961626
cpu,MAFAULDA,end_to_end,K1,True,2,234,44.700149970594794
cpu,MAFAULDA,end_to_end,K1,True,2,235,44.60266703972593
cpu,MAFAULDA,end_to_end,K1,True,2,236,45.265367021784186
cpu,MAFAULDA,end_to_end,K1,True,2,237,44.722941995132715
cpu,MAFAULDA,end_to_end,K1,True,2,238,44.7332410258241
cpu,MAFAULDA,end_to_end,K1,True,2,239,44.76898303255439
cpu,MAFAULDA,end_to_end,K1,True,2,240,44.577417022082955
cpu,MAFAULDA,end_to_end,K1,True,2,241,44.54736999468878
cpu,MAFAULDA,end_to_end,K1,True,2,242,44.48192799463868
cpu,MAFAULDA,end_to_end,K1,True,2,243,44.50713295955211
cpu,MAFAULDA,end_to_end,K1,True,2,244,44.989194022491574
cpu,MAFAULDA,end_to_end,K1,True,2,245,44.98314904049039
cpu,MAFAULDA,end_to_end,K1,True,2,246,44.60347001440823
cpu,MAFAULDA,end_to_end,K1,True,2,247,44.664536020718515
cpu,MAFAULDA,end_to_end,K1,True,2,248,44.85531698446721
cpu,MAFAULDA,end_to_end,K1,True,2,249,44.611770019400865
cpu,MAFAULDA,end_to_end,K1,True,3,0,44.52016204595566
cpu,MAFAULDA,end_to_end,K1,True,3,1,44.54527300549671
cpu,MAFAULDA,end_to_end,K1,True,3,2,44.45528896758333
cpu,MAFAULDA,end_to_end,K1,True,3,3,44.54963200259954
cpu,MAFAULDA,end_to_end,K1,True,3,4,44.49572501471266
cpu,MAFAULDA,end_to_end,K1,True,3,5,44.55699399113655
cpu,MAFAULDA,end_to_end,K1,True,3,6,44.48936402332038
cpu,MAFAULDA,end_to_end,K1,True,3,7,44.472375011537224
cpu,MAFAULDA,end_to_end,K1,True,3,8,45.025524974334985
cpu,MAFAULDA,end_to_end,K1,True,3,9,44.67187501722947
cpu,MAFAULDA,end_to_end,K1,True,3,10,44.688408030197024
cpu,MAFAULDA,end_to_end,K1,True,3,11,44.61580596398562
cpu,MAFAULDA,end_to_end,K1,True,3,12,44.50839798664674
cpu,MAFAULDA,end_to_end,K1,True,3,13,44.64377596741542
cpu,MAFAULDA,end_to_end,K1,True,3,14,44.52253400813788
cpu,MAFAULDA,end_to_end,K1,True,3,15,44.52304798178375
cpu,MAFAULDA,end_to_end,K1,True,3,16,44.58056000294164
cpu,MAFAULDA,end_to_end,K1,True,3,17,44.687004992738366
cpu,MAFAULDA,end_to_end,K1,True,3,18,44.53330399701372
cpu,MAFAULDA,end_to_end,K1,True,3,19,45.65865104086697
cpu,MAFAULDA,end_to_end,K1,True,3,20,49.62058301316574
cpu,MAFAULDA,end_to_end,K1,True,3,21,46.41831899061799
cpu,MAFAULDA,end_to_end,K1,True,3,22,44.78571203071624
cpu,MAFAULDA,end_to_end,K1,True,3,23,44.5529849966988
cpu,MAFAULDA,end_to_end,K1,True,3,24,44.56111299805343
cpu,MAFAULDA,end_to_end,K1,True,3,25,44.49530097190291
cpu,MAFAULDA,end_to_end,K1,True,3,26,44.55264296848327
cpu,MAFAULDA,end_to_end,K1,True,3,27,44.506211997941136
cpu,MAFAULDA,end_to_end,K1,True,3,28,44.482302968390286
cpu,MAFAULDA,end_to_end,K1,True,3,29,44.49206998106092
cpu,MAFAULDA,end_to_end,K1,True,3,30,44.684797001536936
cpu,MAFAULDA,end_to_end,K1,True,3,31,44.85221597133204
cpu,MAFAULDA,end_to_end,K1,True,3,32,44.558911002241075
cpu,MAFAULDA,end_to_end,K1,True,3,33,44.67259597731754
cpu,MAFAULDA,end_to_end,K1,True,3,34,44.50132802594453
cpu,MAFAULDA,end_to_end,K1,True,3,35,44.57732901209965
cpu,MAFAULDA,end_to_end,K1,True,3,36,45.02885596593842
cpu,MAFAULDA,end_to_end,K1,True,3,37,44.61267200531438
cpu,MAFAULDA,end_to_end,K1,True,3,38,44.60635897703469
cpu,MAFAULDA,end_to_end,K1,True,3,39,44.53710402594879
cpu,MAFAULDA,end_to_end,K1,True,3,40,44.630085001699626
cpu,MAFAULDA,end_to_end,K1,True,3,41,44.51793199405074
cpu,MAFAULDA,end_to_end,K1,True,3,42,45.31719797523692
cpu,MAFAULDA,end_to_end,K1,True,3,43,45.986048004124314
cpu,MAFAULDA,end_to_end,K1,True,3,44,44.77070999564603
cpu,MAFAULDA,end_to_end,K1,True,3,45,44.593247002922
cpu,MAFAULDA,end_to_end,K1,True,3,46,44.56265695625916
cpu,MAFAULDA,end_to_end,K1,True,3,47,44.58151705330238
cpu,MAFAULDA,end_to_end,K1,True,3,48,44.59306498756632
cpu,MAFAULDA,end_to_end,K1,True,3,49,44.71470002317801
cpu,MAFAULDA,end_to_end,K1,True,3,50,44.4869109778665
cpu,MAFAULDA,end_to_end,K1,True,3,51,44.535016000736505
cpu,MAFAULDA,end_to_end,K1,True,3,52,44.76098599843681
cpu,MAFAULDA,end_to_end,K1,True,3,53,46.83687898796052
cpu,MAFAULDA,end_to_end,K1,True,3,54,44.674981967546046
cpu,MAFAULDA,end_to_end,K1,True,3,55,44.59917498752475
cpu,MAFAULDA,end_to_end,K1,True,3,56,44.49033603304997
cpu,MAFAULDA,end_to_end,K1,True,3,57,44.55091099953279
cpu,MAFAULDA,end_to_end,K1,True,3,58,44.475642032921314
cpu,MAFAULDA,end_to_end,K1,True,3,59,44.48066296754405
cpu,MAFAULDA,end_to_end,K1,True,3,60,44.60180999012664
cpu,MAFAULDA,end_to_end,K1,True,3,61,44.56742602633312
cpu,MAFAULDA,end_to_end,K1,True,3,62,44.60064601153135
cpu,MAFAULDA,end_to_end,K1,True,3,63,44.69157196581364
cpu,MAFAULDA,end_to_end,K1,True,3,64,45.45356298331171
cpu,MAFAULDA,end_to_end,K1,True,3,65,45.11148401070386
cpu,MAFAULDA,end_to_end,K1,True,3,66,44.646316033322364
cpu,MAFAULDA,end_to_end,K1,True,3,67,44.66120101278648
cpu,MAFAULDA,end_to_end,K1,True,3,68,44.55885599600151
cpu,MAFAULDA,end_to_end,K1,True,3,69,44.507340993732214
cpu,MAFAULDA,end_to_end,K1,True,3,70,44.54586695646867
cpu,MAFAULDA,end_to_end,K1,True,3,71,44.58691203035414
cpu,MAFAULDA,end_to_end,K1,True,3,72,44.55575597239658
cpu,MAFAULDA,end_to_end,K1,True,3,73,44.48953701648861
cpu,MAFAULDA,end_to_end,K1,True,3,74,44.53396302415058
cpu,MAFAULDA,end_to_end,K1,True,3,75,45.22073798580095
cpu,MAFAULDA,end_to_end,K1,True,3,76,44.73687399877235
cpu,MAFAULDA,end_to_end,K1,True,3,77,44.62979600066319
cpu,MAFAULDA,end_to_end,K1,True,3,78,44.47684803744778
cpu,MAFAULDA,end_to_end,K1,True,3,79,44.469161017332226
cpu,MAFAULDA,end_to_end,K1,True,3,80,44.52634003246203
cpu,MAFAULDA,end_to_end,K1,True,3,81,44.544737960677594
cpu,MAFAULDA,end_to_end,K1,True,3,82,44.59078999934718
cpu,MAFAULDA,end_to_end,K1,True,3,83,44.54082698794082
cpu,MAFAULDA,end_to_end,K1,True,3,84,44.60816498612985
cpu,MAFAULDA,end_to_end,K1,True,3,85,44.53498200746253
cpu,MAFAULDA,end_to_end,K1,True,3,86,44.66926003806293
cpu,MAFAULDA,end_to_end,K1,True,3,87,44.7219799971208
cpu,MAFAULDA,end_to_end,K1,True,3,88,44.82852801447734
cpu,MAFAULDA,end_to_end,K1,True,3,89,44.564815994817764
cpu,MAFAULDA,end_to_end,K1,True,3,90,44.572672981303185
cpu,MAFAULDA,end_to_end,K1,True,3,91,44.51386898290366
cpu,MAFAULDA,end_to_end,K1,True,3,92,44.519777002278715
cpu,MAFAULDA,end_to_end,K1,True,3,93,44.721318990923464
cpu,MAFAULDA,end_to_end,K1,True,3,94,44.51392701594159
cpu,MAFAULDA,end_to_end,K1,True,3,95,44.47529901517555
cpu,MAFAULDA,end_to_end,K1,True,3,96,44.471841014456004
cpu,MAFAULDA,end_to_end,K1,True,3,97,44.47967401938513
cpu,MAFAULDA,end_to_end,K1,True,3,98,45.43365997960791
cpu,MAFAULDA,end_to_end,K1,True,3,99,44.55245996359736
cpu,MAFAULDA,end_to_end,K1,True,3,100,44.54996500862762
cpu,MAFAULDA,end_to_end,K1,True,3,101,44.76055596023798
cpu,MAFAULDA,end_to_end,K1,True,3,102,44.63045299053192
cpu,MAFAULDA,end_to_end,K1,True,3,103,44.632903998717666
cpu,MAFAULDA,end_to_end,K1,True,3,104,44.596279971301556
cpu,MAFAULDA,end_to_end,K1,True,3,105,44.52104296069592
cpu,MAFAULDA,end_to_end,K1,True,3,106,44.4901249720715
cpu,MAFAULDA,end_to_end,K1,True,3,107,45.16162601066753
cpu,MAFAULDA,end_to_end,K1,True,3,108,44.72057003295049
cpu,MAFAULDA,end_to_end,K1,True,3,109,44.55053899437189
cpu,MAFAULDA,end_to_end,K1,True,3,110,44.77763397153467
cpu,MAFAULDA,end_to_end,K1,True,3,111,44.59648102056235
cpu,MAFAULDA,end_to_end,K1,True,3,112,44.51644199434668
cpu,MAFAULDA,end_to_end,K1,True,3,113,44.59833400323987
cpu,MAFAULDA,end_to_end,K1,True,3,114,44.49316201498732
cpu,MAFAULDA,end_to_end,K1,True,3,115,44.605929986573756
cpu,MAFAULDA,end_to_end,K1,True,3,116,44.60761498194188
cpu,MAFAULDA,end_to_end,K1,True,3,117,44.50574395013973
cpu,MAFAULDA,end_to_end,K1,True,3,118,44.486297003459185
cpu,MAFAULDA,end_to_end,K1,True,3,119,44.44844200043008
cpu,MAFAULDA,end_to_end,K1,True,3,120,45.10086798109114
cpu,MAFAULDA,end_to_end,K1,True,3,121,44.697225966956466
cpu,MAFAULDA,end_to_end,K1,True,3,122,44.80007302481681
cpu,MAFAULDA,end_to_end,K1,True,3,123,44.535233988426626
cpu,MAFAULDA,end_to_end,K1,True,3,124,44.63662096532062
cpu,MAFAULDA,end_to_end,K1,True,3,125,44.51300104847178
cpu,MAFAULDA,end_to_end,K1,True,3,126,44.54404901480302
cpu,MAFAULDA,end_to_end,K1,True,3,127,44.600462017115206
cpu,MAFAULDA,end_to_end,K1,True,3,128,44.50420901412144
cpu,MAFAULDA,end_to_end,K1,True,3,129,44.849867990706116
cpu,MAFAULDA,end_to_end,K1,True,3,130,45.65954202553257
cpu,MAFAULDA,end_to_end,K1,True,3,131,44.667839945759624
cpu,MAFAULDA,end_to_end,K1,True,3,132,44.47465902194381
cpu,MAFAULDA,end_to_end,K1,True,3,133,44.95907004456967
cpu,MAFAULDA,end_to_end,K1,True,3,134,44.56389503320679
cpu,MAFAULDA,end_to_end,K1,True,3,135,44.55847799545154
cpu,MAFAULDA,end_to_end,K1,True,3,136,44.579399982467294
cpu,MAFAULDA,end_to_end,K1,True,3,137,44.62118400260806
cpu,MAFAULDA,end_to_end,K1,True,3,138,44.88718800712377
cpu,MAFAULDA,end_to_end,K1,True,3,139,45.53226300049573
cpu,MAFAULDA,end_to_end,K1,True,3,140,44.584347982890904
cpu,MAFAULDA,end_to_end,K1,True,3,141,44.93670299416408
cpu,MAFAULDA,end_to_end,K1,True,3,142,45.25436199037358
cpu,MAFAULDA,end_to_end,K1,True,3,143,44.63522805599496
cpu,MAFAULDA,end_to_end,K1,True,3,144,44.52560096979141
cpu,MAFAULDA,end_to_end,K1,True,3,145,44.63139997096732
cpu,MAFAULDA,end_to_end,K1,True,3,146,44.87207200145349
cpu,MAFAULDA,end_to_end,K1,True,3,147,44.64687901781872
cpu,MAFAULDA,end_to_end,K1,True,3,148,44.58953603170812
cpu,MAFAULDA,end_to_end,K1,True,3,149,44.541823968756944
cpu,MAFAULDA,end_to_end,K1,True,3,150,44.59234594833106
cpu,MAFAULDA,end_to_end,K1,True,3,151,44.52848102664575
cpu,MAFAULDA,end_to_end,K1,True,3,152,44.63019303511828
cpu,MAFAULDA,end_to_end,K1,True,3,153,44.52286596642807
cpu,MAFAULDA,end_to_end,K1,True,3,154,44.99533801572397
cpu,MAFAULDA,end_to_end,K1,True,3,155,44.846086006145924
cpu,MAFAULDA,end_to_end,K1,True,3,156,45.55146204074845
cpu,MAFAULDA,end_to_end,K1,True,3,157,46.471609035506845
cpu,MAFAULDA,end_to_end,K1,True,3,158,46.04657500749454
cpu,MAFAULDA,end_to_end,K1,True,3,159,44.78511499473825
cpu,MAFAULDA,end_to_end,K1,True,3,160,44.624365982599556
cpu,MAFAULDA,end_to_end,K1,True,3,161,44.54844200517982
cpu,MAFAULDA,end_to_end,K1,True,3,162,44.4642020156607
cpu,MAFAULDA,end_to_end,K1,True,3,163,44.47952297050506
cpu,MAFAULDA,end_to_end,K1,True,3,164,44.53894100151956
cpu,MAFAULDA,end_to_end,K1,True,3,165,45.707028999459
cpu,MAFAULDA,end_to_end,K1,True,3,166,44.579965993762016
cpu,MAFAULDA,end_to_end,K1,True,3,167,44.59684097673744
cpu,MAFAULDA,end_to_end,K1,True,3,168,44.53597299288958
cpu,MAFAULDA,end_to_end,K1,True,3,169,44.639943982474506
cpu,MAFAULDA,end_to_end,K1,True,3,170,44.633565004915
cpu,MAFAULDA,end_to_end,K1,True,3,171,44.48834800859913
cpu,MAFAULDA,end_to_end,K1,True,3,172,44.54781499225646
cpu,MAFAULDA,end_to_end,K1,True,3,173,44.53558404929936
cpu,MAFAULDA,end_to_end,K1,True,3,174,44.82294002082199
cpu,MAFAULDA,end_to_end,K1,True,3,175,45.043685007840395
cpu,MAFAULDA,end_to_end,K1,True,3,176,44.894193997606635
cpu,MAFAULDA,end_to_end,K1,True,3,177,44.684780994430184
cpu,MAFAULDA,end_to_end,K1,True,3,178,44.833792955614626
cpu,MAFAULDA,end_to_end,K1,True,3,179,44.568626035470515
cpu,MAFAULDA,end_to_end,K1,True,3,180,44.57847698358819
cpu,MAFAULDA,end_to_end,K1,True,3,181,44.60667597595602
cpu,MAFAULDA,end_to_end,K1,True,3,182,44.64985599042848
cpu,MAFAULDA,end_to_end,K1,True,3,183,44.57387200091034
cpu,MAFAULDA,end_to_end,K1,True,3,184,44.58255099598318
cpu,MAFAULDA,end_to_end,K1,True,3,185,44.48891198262572
cpu,MAFAULDA,end_to_end,K1,True,3,186,44.495664013084024
cpu,MAFAULDA,end_to_end,K1,True,3,187,45.13198201311752
cpu,MAFAULDA,end_to_end,K1,True,3,188,44.64545304654166
cpu,MAFAULDA,end_to_end,K1,True,3,189,44.59452198352665
cpu,MAFAULDA,end_to_end,K1,True,3,190,44.50412403093651
cpu,MAFAULDA,end_to_end,K1,True,3,191,44.58002804312855
cpu,MAFAULDA,end_to_end,K1,True,3,192,44.62471802253276
cpu,MAFAULDA,end_to_end,K1,True,3,193,44.43936800817028
cpu,MAFAULDA,end_to_end,K1,True,3,194,44.58661802345887
cpu,MAFAULDA,end_to_end,K1,True,3,195,44.58240297390148
cpu,MAFAULDA,end_to_end,K1,True,3,196,44.76978396996856
cpu,MAFAULDA,end_to_end,K1,True,3,197,44.666302972473204
cpu,MAFAULDA,end_to_end,K1,True,3,198,44.45907199988142
cpu,MAFAULDA,end_to_end,K1,True,3,199,44.48883602162823
cpu,MAFAULDA,end_to_end,K1,True,3,200,44.742119032889605
cpu,MAFAULDA,end_to_end,K1,True,3,201,44.57456897944212
cpu,MAFAULDA,end_to_end,K1,True,3,202,44.59279798902571
cpu,MAFAULDA,end_to_end,K1,True,3,203,44.65272603556514
cpu,MAFAULDA,end_to_end,K1,True,3,204,44.562928029336035
cpu,MAFAULDA,end_to_end,K1,True,3,205,44.69641100149602
cpu,MAFAULDA,end_to_end,K1,True,3,206,44.498448027297854
cpu,MAFAULDA,end_to_end,K1,True,3,207,44.4926229538396
cpu,MAFAULDA,end_to_end,K1,True,3,208,44.53940998064354
cpu,MAFAULDA,end_to_end,K1,True,3,209,44.61251001339406
cpu,MAFAULDA,end_to_end,K1,True,3,210,45.109051046893
cpu,MAFAULDA,end_to_end,K1,True,3,211,44.536985049489886
cpu,MAFAULDA,end_to_end,K1,True,3,212,44.65596697991714
cpu,MAFAULDA,end_to_end,K1,True,3,213,44.831959006842226
cpu,MAFAULDA,end_to_end,K1,True,3,214,44.660361018031836
cpu,MAFAULDA,end_to_end,K1,True,3,215,44.64098997414112
cpu,MAFAULDA,end_to_end,K1,True,3,216,44.56405795644969
cpu,MAFAULDA,end_to_end,K1,True,3,217,44.57541002193466
cpu,MAFAULDA,end_to_end,K1,True,3,218,44.4816870149225
cpu,MAFAULDA,end_to_end,K1,True,3,219,45.084420999046415
cpu,MAFAULDA,end_to_end,K1,True,3,220,44.55348401097581
cpu,MAFAULDA,end_to_end,K1,True,3,221,44.52336503891274
cpu,MAFAULDA,end_to_end,K1,True,3,222,44.65758299920708
cpu,MAFAULDA,end_to_end,K1,True,3,223,44.71463698428124
cpu,MAFAULDA,end_to_end,K1,True,3,224,44.549175014253706
cpu,MAFAULDA,end_to_end,K1,True,3,225,44.55838300054893
cpu,MAFAULDA,end_to_end,K1,True,3,226,46.48594604805112
cpu,MAFAULDA,end_to_end,K1,True,3,227,44.944953988306224
cpu,MAFAULDA,end_to_end,K1,True,3,228,44.70774298533797
cpu,MAFAULDA,end_to_end,K1,True,3,229,44.53675402328372
cpu,MAFAULDA,end_to_end,K1,True,3,230,44.56309101078659
cpu,MAFAULDA,end_to_end,K1,True,3,231,44.462655030656606
cpu,MAFAULDA,end_to_end,K1,True,3,232,45.25480803567916
cpu,MAFAULDA,end_to_end,K1,True,3,233,44.59851700812578
cpu,MAFAULDA,end_to_end,K1,True,3,234,44.65948400320485
cpu,MAFAULDA,end_to_end,K1,True,3,235,44.54440699191764
cpu,MAFAULDA,end_to_end,K1,True,3,236,44.60453899810091
cpu,MAFAULDA,end_to_end,K1,True,3,237,44.60753395687789
cpu,MAFAULDA,end_to_end,K1,True,3,238,44.530240003950894
cpu,MAFAULDA,end_to_end,K1,True,3,239,44.55026000505313
cpu,MAFAULDA,end_to_end,K1,True,3,240,44.56713603576645
cpu,MAFAULDA,end_to_end,K1,True,3,241,44.646880007348955
cpu,MAFAULDA,end_to_end,K1,True,3,242,44.62407698156312
cpu,MAFAULDA,end_to_end,K1,True,3,243,45.258050959091634
cpu,MAFAULDA,end_to_end,K1,True,3,244,44.525750970933586
cpu,MAFAULDA,end_to_end,K1,True,3,245,45.114595035556704
cpu,MAFAULDA,end_to_end,K1,True,3,246,44.64934504358098
cpu,MAFAULDA,end_to_end,K1,True,3,247,44.53584895236418
cpu,MAFAULDA,end_to_end,K1,True,3,248,44.516226975247264
cpu,MAFAULDA,end_to_end,K1,True,3,249,44.51581201283261
cpu,MAFAULDA,end_to_end,Full-S1,True,3,0,83.02095398539677
cpu,MAFAULDA,end_to_end,Full-S1,True,3,1,82.8983670216985
cpu,MAFAULDA,end_to_end,Full-S1,True,3,2,83.84512097109109
cpu,MAFAULDA,end_to_end,Full-S1,True,3,3,82.91012403788045
cpu,MAFAULDA,end_to_end,Full-S1,True,3,4,82.99986197380349
cpu,MAFAULDA,end_to_end,Full-S1,True,3,5,82.86607003537938
cpu,MAFAULDA,end_to_end,Full-S1,True,3,6,82.93732698075473
cpu,MAFAULDA,end_to_end,Full-S1,True,3,7,83.04244698956609
cpu,MAFAULDA,end_to_end,Full-S1,True,3,8,83.28434597933665
cpu,MAFAULDA,end_to_end,Full-S1,True,3,9,83.10167700983584
cpu,MAFAULDA,end_to_end,Full-S1,True,3,10,83.02415400976315
cpu,MAFAULDA,end_to_end,Full-S1,True,3,11,82.95249898219481
cpu,MAFAULDA,end_to_end,Full-S1,True,3,12,83.0049579963088
cpu,MAFAULDA,end_to_end,Full-S1,True,3,13,82.80038001248613
cpu,MAFAULDA,end_to_end,Full-S1,True,3,14,83.6449739872478
cpu,MAFAULDA,end_to_end,Full-S1,True,3,15,83.04227498592809
cpu,MAFAULDA,end_to_end,Full-S1,True,3,16,82.8696220414713
cpu,MAFAULDA,end_to_end,Full-S1,True,3,17,82.88146398263052
cpu,MAFAULDA,end_to_end,Full-S1,True,3,18,83.00500496989116
cpu,MAFAULDA,end_to_end,Full-S1,True,3,19,83.07791000697762
cpu,MAFAULDA,end_to_end,Full-S1,True,3,20,83.31091899890453
cpu,MAFAULDA,end_to_end,Full-S1,True,3,21,83.19193497300148
cpu,MAFAULDA,end_to_end,Full-S1,True,3,22,83.00881402101368
cpu,MAFAULDA,end_to_end,Full-S1,True,3,23,82.92996801901609
cpu,MAFAULDA,end_to_end,Full-S1,True,3,24,82.9529840266332
cpu,MAFAULDA,end_to_end,Full-S1,True,3,25,82.9488699673675
cpu,MAFAULDA,end_to_end,Full-S1,True,3,26,83.38599099079147
cpu,MAFAULDA,end_to_end,Full-S1,True,3,27,82.99168199300766
cpu,MAFAULDA,end_to_end,Full-S1,True,3,28,82.88397203432396
cpu,MAFAULDA,end_to_end,Full-S1,True,3,29,82.84154400462285
cpu,MAFAULDA,end_to_end,Full-S1,True,3,30,82.94042298803106
cpu,MAFAULDA,end_to_end,Full-S1,True,3,31,88.25560001423582
cpu,MAFAULDA,end_to_end,Full-S1,True,3,32,83.73464102623984
cpu,MAFAULDA,end_to_end,Full-S1,True,3,33,83.27783300774172
cpu,MAFAULDA,end_to_end,Full-S1,True,3,34,87.11297903209925
cpu,MAFAULDA,end_to_end,Full-S1,True,3,35,84.50766798341647
cpu,MAFAULDA,end_to_end,Full-S1,True,3,36,83.09266599826515
cpu,MAFAULDA,end_to_end,Full-S1,True,3,37,82.92947901645675
cpu,MAFAULDA,end_to_end,Full-S1,True,3,38,83.6242790101096
cpu,MAFAULDA,end_to_end,Full-S1,True,3,39,83.06461304891855
cpu,MAFAULDA,end_to_end,Full-S1,True,3,40,83.06255098432302
cpu,MAFAULDA,end_to_end,Full-S1,True,3,41,82.86647801287472
cpu,MAFAULDA,end_to_end,Full-S1,True,3,42,82.99546199850738
cpu,MAFAULDA,end_to_end,Full-S1,True,3,43,83.97020096890628
cpu,MAFAULDA,end_to_end,Full-S1,True,3,44,83.29802699154243
cpu,MAFAULDA,end_to_end,Full-S1,True,3,45,83.13287602504715
cpu,MAFAULDA,end_to_end,Full-S1,True,3,46,83.02037103567272
cpu,MAFAULDA,end_to_end,Full-S1,True,3,47,82.86299201427028
cpu,MAFAULDA,end_to_end,Full-S1,True,3,48,84.00593599071726
cpu,MAFAULDA,end_to_end,Full-S1,True,3,49,82.98025099793449
cpu,MAFAULDA,end_to_end,Full-S1,True,3,50,83.69232201948762
cpu,MAFAULDA,end_to_end,Full-S1,True,3,51,83.54253799188882
cpu,MAFAULDA,end_to_end,Full-S1,True,3,52,82.98330300021917
cpu,MAFAULDA,end_to_end,Full-S1,True,3,53,83.00005999626592
cpu,MAFAULDA,end_to_end,Full-S1,True,3,54,83.11170700471848
cpu,MAFAULDA,end_to_end,Full-S1,True,3,55,83.20295601151884
cpu,MAFAULDA,end_to_end,Full-S1,True,3,56,83.1335440161638
cpu,MAFAULDA,end_to_end,Full-S1,True,3,57,83.52018397999927
cpu,MAFAULDA,end_to_end,Full-S1,True,3,58,82.93390099424869
cpu,MAFAULDA,end_to_end,Full-S1,True,3,59,82.95750798424706
cpu,MAFAULDA,end_to_end,Full-S1,True,3,60,82.90067902998999
cpu,MAFAULDA,end_to_end,Full-S1,True,3,61,82.95440202346072
cpu,MAFAULDA,end_to_end,Full-S1,True,3,62,83.71219702530652
cpu,MAFAULDA,end_to_end,Full-S1,True,3,63,83.09171401197091
cpu,MAFAULDA,end_to_end,Full-S1,True,3,64,82.9436699859798
cpu,MAFAULDA,end_to_end,Full-S1,True,3,65,82.89928804151714
cpu,MAFAULDA,end_to_end,Full-S1,True,3,66,82.98728003865108
cpu,MAFAULDA,end_to_end,Full-S1,True,3,67,83.17764999810606
cpu,MAFAULDA,end_to_end,Full-S1,True,3,68,82.96825498109683
cpu,MAFAULDA,end_to_end,Full-S1,True,3,69,83.04999297251925
cpu,MAFAULDA,end_to_end,Full-S1,True,3,70,83.06257496587932
cpu,MAFAULDA,end_to_end,Full-S1,True,3,71,83.01324298372492
cpu,MAFAULDA,end_to_end,Full-S1,True,3,72,82.93520502047613
cpu,MAFAULDA,end_to_end,Full-S1,True,3,73,84.74344800924882
cpu,MAFAULDA,end_to_end,Full-S1,True,3,74,83.74774298863485
cpu,MAFAULDA,end_to_end,Full-S1,True,3,75,83.05418799864128
cpu,MAFAULDA,end_to_end,Full-S1,True,3,76,82.8356749843806
cpu,MAFAULDA,end_to_end,Full-S1,True,3,77,82.87969697266817
cpu,MAFAULDA,end_to_end,Full-S1,True,3,78,82.95514102792367
cpu,MAFAULDA,end_to_end,Full-S1,True,3,79,83.09801702853292
cpu,MAFAULDA,end_to_end,Full-S1,True,3,80,84.14376195287332
cpu,MAFAULDA,end_to_end,Full-S1,True,3,81,83.63708201795816
cpu,MAFAULDA,end_to_end,Full-S1,True,3,82,82.95230299700052
cpu,MAFAULDA,end_to_end,Full-S1,True,3,83,82.94986601686105
cpu,MAFAULDA,end_to_end,Full-S1,True,3,84,83.0030320212245
cpu,MAFAULDA,end_to_end,Full-S1,True,3,85,83.07170396437868
cpu,MAFAULDA,end_to_end,Full-S1,True,3,86,83.58740800758824
cpu,MAFAULDA,end_to_end,Full-S1,True,3,87,83.25764600886032
cpu,MAFAULDA,end_to_end,Full-S1,True,3,88,83.17261503543705
cpu,MAFAULDA,end_to_end,Full-S1,True,3,89,83.0571289989166
cpu,MAFAULDA,end_to_end,Full-S1,True,3,90,83.2515480578877
cpu,MAFAULDA,end_to_end,Full-S1,True,3,91,83.21762701962143
cpu,MAFAULDA,end_to_end,Full-S1,True,3,92,83.89114204328507
cpu,MAFAULDA,end_to_end,Full-S1,True,3,93,83.19816802395508
cpu,MAFAULDA,end_to_end,Full-S1,True,3,94,83.29029398737475
cpu,MAFAULDA,end_to_end,Full-S1,True,3,95,83.20069900946692
cpu,MAFAULDA,end_to_end,Full-S1,True,3,96,83.24880601139739
cpu,MAFAULDA,end_to_end,Full-S1,True,3,97,83.0870009958744
cpu,MAFAULDA,end_to_end,Full-S1,True,3,98,83.82541197352111
cpu,MAFAULDA,end_to_end,Full-S1,True,3,99,83.2189210341312
cpu,MAFAULDA,end_to_end,Full-S1,True,3,100,84.25839099800214
cpu,MAFAULDA,end_to_end,Full-S1,True,3,101,83.07641302235425
cpu,MAFAULDA,end_to_end,Full-S1,True,3,102,83.00550101557747
cpu,MAFAULDA,end_to_end,Full-S1,True,3,103,83.29439599765465
cpu,MAFAULDA,end_to_end,Full-S1,True,3,104,83.28196901129559
cpu,MAFAULDA,end_to_end,Full-S1,True,3,105,82.97842694446445
cpu,MAFAULDA,end_to_end,Full-S1,True,3,106,83.24708300642669
cpu,MAFAULDA,end_to_end,Full-S1,True,3,107,82.97312096692622
cpu,MAFAULDA,end_to_end,Full-S1,True,3,108,82.91041600750759
cpu,MAFAULDA,end_to_end,Full-S1,True,3,109,82.87079003639519
cpu,MAFAULDA,end_to_end,Full-S1,True,3,110,83.65303400205448
cpu,MAFAULDA,end_to_end,Full-S1,True,3,111,83.48823199048638
cpu,MAFAULDA,end_to_end,Full-S1,True,3,112,82.9514850047417
cpu,MAFAULDA,end_to_end,Full-S1,True,3,113,82.88670098409057
cpu,MAFAULDA,end_to_end,Full-S1,True,3,114,83.00952397985384
cpu,MAFAULDA,end_to_end,Full-S1,True,3,115,83.36574502754956
cpu,MAFAULDA,end_to_end,Full-S1,True,3,116,83.22628802852705
cpu,MAFAULDA,end_to_end,Full-S1,True,3,117,82.96407398302108
cpu,MAFAULDA,end_to_end,Full-S1,True,3,118,83.08995101833716
cpu,MAFAULDA,end_to_end,Full-S1,True,3,119,82.97588001005352
cpu,MAFAULDA,end_to_end,Full-S1,True,3,120,83.52073701098561
cpu,MAFAULDA,end_to_end,Full-S1,True,3,121,82.90589600801468
cpu,MAFAULDA,end_to_end,Full-S1,True,3,122,83.82853597868234
cpu,MAFAULDA,end_to_end,Full-S1,True,3,123,83.54621101170778
cpu,MAFAULDA,end_to_end,Full-S1,True,3,124,83.02866498706862
cpu,MAFAULDA,end_to_end,Full-S1,True,3,125,83.10266397893429
cpu,MAFAULDA,end_to_end,Full-S1,True,3,126,82.890177029185
cpu,MAFAULDA,end_to_end,Full-S1,True,3,127,82.87749899318442
cpu,MAFAULDA,end_to_end,Full-S1,True,3,128,83.06928601814434
cpu,MAFAULDA,end_to_end,Full-S1,True,3,129,82.86718500312418
cpu,MAFAULDA,end_to_end,Full-S1,True,3,130,83.12033000402153
cpu,MAFAULDA,end_to_end,Full-S1,True,3,131,82.98584498697892
cpu,MAFAULDA,end_to_end,Full-S1,True,3,132,83.03115598391742
cpu,MAFAULDA,end_to_end,Full-S1,True,3,133,82.837890018709
cpu,MAFAULDA,end_to_end,Full-S1,True,3,134,83.73821899294853
cpu,MAFAULDA,end_to_end,Full-S1,True,3,135,83.11914099613205
cpu,MAFAULDA,end_to_end,Full-S1,True,3,136,82.90357905207202
cpu,MAFAULDA,end_to_end,Full-S1,True,3,137,82.93052797671407
cpu,MAFAULDA,end_to_end,Full-S1,True,3,138,82.87339500384405
cpu,MAFAULDA,end_to_end,Full-S1,True,3,139,83.02671200362965
cpu,MAFAULDA,end_to_end,Full-S1,True,3,140,83.28518597409129
cpu,MAFAULDA,end_to_end,Full-S1,True,3,141,83.2735340227373
cpu,MAFAULDA,end_to_end,Full-S1,True,3,142,83.62487296108156
cpu,MAFAULDA,end_to_end,Full-S1,True,3,143,83.06371897924691
cpu,MAFAULDA,end_to_end,Full-S1,True,3,144,82.90341799147427
cpu,MAFAULDA,end_to_end,Full-S1,True,3,145,83.06612103478983
cpu,MAFAULDA,end_to_end,Full-S1,True,3,146,83.45665299566463
cpu,MAFAULDA,end_to_end,Full-S1,True,3,147,83.04443402448669
cpu,MAFAULDA,end_to_end,Full-S1,True,3,148,83.3194520091638
cpu,MAFAULDA,end_to_end,Full-S1,True,3,149,83.00722698913887
cpu,MAFAULDA,end_to_end,Full-S1,True,3,150,82.90520199807361
cpu,MAFAULDA,end_to_end,Full-S1,True,3,151,82.9394559841603
cpu,MAFAULDA,end_to_end,Full-S1,True,3,152,83.10534502379596
cpu,MAFAULDA,end_to_end,Full-S1,True,3,153,82.9102160059847
cpu,MAFAULDA,end_to_end,Full-S1,True,3,154,83.04536098148674
cpu,MAFAULDA,end_to_end,Full-S1,True,3,155,82.94321101857349
cpu,MAFAULDA,end_to_end,Full-S1,True,3,156,82.86351303104311
cpu,MAFAULDA,end_to_end,Full-S1,True,3,157,82.89422100642696
cpu,MAFAULDA,end_to_end,Full-S1,True,3,158,83.55695102363825
cpu,MAFAULDA,end_to_end,Full-S1,True,3,159,82.96391100157052
cpu,MAFAULDA,end_to_end,Full-S1,True,3,160,83.49446603097022
cpu,MAFAULDA,end_to_end,Full-S1,True,3,161,82.97007001237944
cpu,MAFAULDA,end_to_end,Full-S1,True,3,162,82.98452000599355
cpu,MAFAULDA,end_to_end,Full-S1,True,3,163,83.10169301694259
cpu,MAFAULDA,end_to_end,Full-S1,True,3,164,83.28194601926953
cpu,MAFAULDA,end_to_end,Full-S1,True,3,165,83.03623698884621
cpu,MAFAULDA,end_to_end,Full-S1,True,3,166,83.31277896650136
cpu,MAFAULDA,end_to_end,Full-S1,True,3,167,83.0233619781211
cpu,MAFAULDA,end_to_end,Full-S1,True,3,168,82.8135859919712
cpu,MAFAULDA,end_to_end,Full-S1,True,3,169,82.9946140293032
cpu,MAFAULDA,end_to_end,Full-S1,True,3,170,83.60666903899983
cpu,MAFAULDA,end_to_end,Full-S1,True,3,171,83.28014897415414
cpu,MAFAULDA,end_to_end,Full-S1,True,3,172,83.0543990014121
cpu,MAFAULDA,end_to_end,Full-S1,True,3,173,82.9742620117031
cpu,MAFAULDA,end_to_end,Full-S1,True,3,174,82.94893201673403
cpu,MAFAULDA,end_to_end,Full-S1,True,3,175,83.08787696296349
cpu,MAFAULDA,end_to_end,Full-S1,True,3,176,83.05651799309999
cpu,MAFAULDA,end_to_end,Full-S1,True,3,177,82.93769997544587
cpu,MAFAULDA,end_to_end,Full-S1,True,3,178,83.1132130115293
cpu,MAFAULDA,end_to_end,Full-S1,True,3,179,82.96128700021654
cpu,MAFAULDA,end_to_end,Full-S1,True,3,180,83.0768920131959
cpu,MAFAULDA,end_to_end,Full-S1,True,3,181,82.93978899018839
cpu,MAFAULDA,end_to_end,Full-S1,True,3,182,83.27965199714527
cpu,MAFAULDA,end_to_end,Full-S1,True,3,183,82.9828410060145
cpu,MAFAULDA,end_to_end,Full-S1,True,3,184,83.15885701449588
cpu,MAFAULDA,end_to_end,Full-S1,True,3,185,82.89363502990454
cpu,MAFAULDA,end_to_end,Full-S1,True,3,186,82.92280801106244
cpu,MAFAULDA,end_to_end,Full-S1,True,3,187,83.03986000828445
cpu,MAFAULDA,end_to_end,Full-S1,True,3,188,82.97904598293826
cpu,MAFAULDA,end_to_end,Full-S1,True,3,189,83.5620429716073
cpu,MAFAULDA,end_to_end,Full-S1,True,3,190,83.52339902194217
cpu,MAFAULDA,end_to_end,Full-S1,True,3,191,82.90401799604297
cpu,MAFAULDA,end_to_end,Full-S1,True,3,192,82.95239100698382
cpu,MAFAULDA,end_to_end,Full-S1,True,3,193,82.82113599125296
cpu,MAFAULDA,end_to_end,Full-S1,True,3,194,83.6927029886283
cpu,MAFAULDA,end_to_end,Full-S1,True,3,195,82.98282197210938
cpu,MAFAULDA,end_to_end,Full-S1,True,3,196,84.30227800272405
cpu,MAFAULDA,end_to_end,Full-S1,True,3,197,82.94041099725291
cpu,MAFAULDA,end_to_end,Full-S1,True,3,198,82.99162099137902
cpu,MAFAULDA,end_to_end,Full-S1,True,3,199,83.01211899379268
cpu,MAFAULDA,end_to_end,Full-S1,True,3,200,83.96072895266116
cpu,MAFAULDA,end_to_end,Full-S1,True,3,201,83.07225699536502
cpu,MAFAULDA,end_to_end,Full-S1,True,3,202,83.23820499936119
cpu,MAFAULDA,end_to_end,Full-S1,True,3,203,83.00717599922791
cpu,MAFAULDA,end_to_end,Full-S1,True,3,204,82.85652700578794
cpu,MAFAULDA,end_to_end,Full-S1,True,3,205,82.91268098400906
cpu,MAFAULDA,end_to_end,Full-S1,True,3,206,83.70643499074504
cpu,MAFAULDA,end_to_end,Full-S1,True,3,207,82.9404320102185
cpu,MAFAULDA,end_to_end,Full-S1,True,3,208,82.9219039878808
cpu,MAFAULDA,end_to_end,Full-S1,True,3,209,82.98245305195451
cpu,MAFAULDA,end_to_end,Full-S1,True,3,210,83.00479600438848
cpu,MAFAULDA,end_to_end,Full-S1,True,3,211,83.02112098317593
cpu,MAFAULDA,end_to_end,Full-S1,True,3,212,82.95693102991208
cpu,MAFAULDA,end_to_end,Full-S1,True,3,213,83.04594800574705
cpu,MAFAULDA,end_to_end,Full-S1,True,3,214,83.36252701701596
cpu,MAFAULDA,end_to_end,Full-S1,True,3,215,83.00112502183765
cpu,MAFAULDA,end_to_end,Full-S1,True,3,216,82.96222699573264
cpu,MAFAULDA,end_to_end,Full-S1,True,3,217,82.75124500505626
cpu,MAFAULDA,end_to_end,Full-S1,True,3,218,83.26489804312587
cpu,MAFAULDA,end_to_end,Full-S1,True,3,219,83.18414998939261
cpu,MAFAULDA,end_to_end,Full-S1,True,3,220,83.47451797453687
cpu,MAFAULDA,end_to_end,Full-S1,True,3,221,83.04514701012522
cpu,MAFAULDA,end_to_end,Full-S1,True,3,222,83.12073699198663
cpu,MAFAULDA,end_to_end,Full-S1,True,3,223,82.91288302280009
cpu,MAFAULDA,end_to_end,Full-S1,True,3,224,83.5544079891406
cpu,MAFAULDA,end_to_end,Full-S1,True,3,225,83.20669701788574
cpu,MAFAULDA,end_to_end,Full-S1,True,3,226,83.00444000633433
cpu,MAFAULDA,end_to_end,Full-S1,True,3,227,83.00179499201477
cpu,MAFAULDA,end_to_end,Full-S1,True,3,228,85.14800202101469
cpu,MAFAULDA,end_to_end,Full-S1,True,3,229,82.98976701917127
cpu,MAFAULDA,end_to_end,Full-S1,True,3,230,83.51868897443637
cpu,MAFAULDA,end_to_end,Full-S1,True,3,231,84.41851398674771
cpu,MAFAULDA,end_to_end,Full-S1,True,3,232,83.61114101717249
cpu,MAFAULDA,end_to_end,Full-S1,True,3,233,83.01340497564524
cpu,MAFAULDA,end_to_end,Full-S1,True,3,234,83.19525996921584
cpu,MAFAULDA,end_to_end,Full-S1,True,3,235,83.07240897556767
cpu,MAFAULDA,end_to_end,Full-S1,True,3,236,82.90109800873324
cpu,MAFAULDA,end_to_end,Full-S1,True,3,237,83.94138200674206
cpu,MAFAULDA,end_to_end,Full-S1,True,3,238,83.39345402782783
cpu,MAFAULDA,end_to_end,Full-S1,True,3,239,83.04652699735016
cpu,MAFAULDA,end_to_end,Full-S1,True,3,240,82.98389497213066
cpu,MAFAULDA,end_to_end,Full-S1,True,3,241,82.936579012312
cpu,MAFAULDA,end_to_end,Full-S1,True,3,242,83.20843399269506
cpu,MAFAULDA,end_to_end,Full-S1,True,3,243,83.28894601436332
cpu,MAFAULDA,end_to_end,Full-S1,True,3,244,83.02047295728698
cpu,MAFAULDA,end_to_end,Full-S1,True,3,245,82.84826797898859
cpu,MAFAULDA,end_to_end,Full-S1,True,3,246,82.99775602063164
cpu,MAFAULDA,end_to_end,Full-S1,True,3,247,82.83677499275655
cpu,MAFAULDA,end_to_end,Full-S1,True,3,248,83.10221403371543
cpu,MAFAULDA,end_to_end,Full-S1,True,3,249,83.7574529577978
