device,dataset,scope,family,inference_mode,round,iteration,latency_ms
cuda,CWRU,model_only,Full-S1,True,0,0,7.506785972509533
cuda,CWRU,model_only,Full-S1,True,0,1,7.434099039528519
cuda,CWRU,model_only,Full-S1,True,0,2,7.517129008192569
cuda,CWRU,model_only,Full-S1,True,0,3,7.4583530076779425
cuda,CWRU,model_only,Full-S1,True,0,4,7.499137020204216
cuda,CWRU,model_only,Full-S1,True,0,5,7.456893043126911
cuda,CWRU,model_only,Full-S1,True,0,6,7.480893982574344
cuda,CWRU,model_only,Full-S1,True,0,7,7.468210998922586
cuda,CWRU,model_only,Full-S1,True,0,8,7.422788999974728
cuda,CWRU,model_only,Full-S1,True,0,9,7.473719015251845
cuda,CWRU,model_only,Full-S1,True,0,10,7.442625996191055
cuda,CWRU,model_only,Full-S1,True,0,11,7.453468046151102
cuda,CWRU,model_only,Full-S1,True,0,12,7.458310981746763
cuda,CWRU,model_only,Full-S1,True,0,13,7.448666030541062
cuda,CWRU,model_only,Full-S1,True,0,14,7.467996038030833
cuda,CWRU,model_only,Full-S1,True,0,15,7.492045988328755
cuda,CWRU,model_only,Full-S1,True,0,16,7.474070996977389
cuda,CWRU,model_only,Full-S1,True,0,17,7.508665963541716
cuda,CWRU,model_only,Full-S1,True,0,18,7.47010501800105
cuda,CWRU,model_only,Full-S1,True,0,19,7.46696098940447
cuda,CWRU,model_only,Full-S1,True,0,20,7.52716202987358
cuda,CWRU,model_only,Full-S1,True,0,21,7.465051021426916
cuda,CWRU,model_only,Full-S1,True,0,22,7.468839990906417
cuda,CWRU,model_only,Full-S1,True,0,23,7.464511028956622
cuda,CWRU,model_only,Full-S1,True,0,24,7.445103023201227
cuda,CWRU,model_only,Full-S1,True,0,25,7.42862798506394
cuda,CWRU,model_only,Full-S1,True,0,26,7.450816978234798
cuda,CWRU,model_only,Full-S1,True,0,27,7.4208000442013144
cuda,CWRU,model_only,Full-S1,True,0,28,7.442531990818679
cuda,CWRU,model_only,Full-S1,True,0,29,7.4434790294617414
cuda,CWRU,model_only,Full-S1,True,0,30,7.449756027199328
cuda,CWRU,model_only,Full-S1,True,0,31,7.4354850221425295
cuda,CWRU,model_only,Full-S1,True,0,32,7.511222036555409
cuda,CWRU,model_only,Full-S1,True,0,33,7.483225024770945
cuda,CWRU,model_only,Full-S1,True,0,34,7.443043985404074
cuda,CWRU,model_only,Full-S1,True,0,35,7.531268987804651
cuda,CWRU,model_only,Full-S1,True,0,36,7.460666005499661
cuda,CWRU,model_only,Full-S1,True,0,37,7.47707299888134
cuda,CWRU,model_only,Full-S1,True,0,38,7.439871958922595
cuda,CWRU,model_only,Full-S1,True,0,39,7.44862703140825
cuda,CWRU,model_only,Full-S1,True,0,40,7.434879953507334
cuda,CWRU,model_only,Full-S1,True,0,41,7.470214972272515
cuda,CWRU,model_only,Full-S1,True,0,42,7.442891015671194
cuda,CWRU,model_only,Full-S1,True,0,43,7.481548993382603
cuda,CWRU,model_only,Full-S1,True,0,44,7.480518950615078
cuda,CWRU,model_only,Full-S1,True,0,45,7.527843990828842
cuda,CWRU,model_only,Full-S1,True,0,46,7.443413021974266
cuda,CWRU,model_only,Full-S1,True,0,47,7.751249999273568
cuda,CWRU,model_only,Full-S1,True,0,48,7.526804052758962
cuda,CWRU,model_only,Full-S1,True,0,49,7.5101410038769245
cuda,CWRU,model_only,Full-S1,True,0,50,7.518258003983647
cuda,CWRU,model_only,Full-S1,True,0,51,7.549857022240758
cuda,CWRU,model_only,Full-S1,True,0,52,7.52102502156049
cuda,CWRU,model_only,Full-S1,True,0,53,7.461116008926183
cuda,CWRU,model_only,Full-S1,True,0,54,7.776868995279074
cuda,CWRU,model_only,Full-S1,True,0,55,12.284662981983274
cuda,CWRU,model_only,Full-S1,True,0,56,7.9349830048158765
cuda,CWRU,model_only,Full-S1,True,0,57,7.515072007663548
cuda,CWRU,model_only,Full-S1,True,0,58,7.497338985558599
cuda,CWRU,model_only,Full-S1,True,0,59,7.494297984521836
cuda,CWRU,model_only,Full-S1,True,0,60,7.487502007279545
cuda,CWRU,model_only,Full-S1,True,0,61,7.5108829769305885
cuda,CWRU,model_only,Full-S1,True,0,62,7.8948509762994945
cuda,CWRU,model_only,Full-S1,True,0,63,7.493132958188653
cuda,CWRU,model_only,Full-S1,True,0,64,7.4905980145558715
cuda,CWRU,model_only,Full-S1,True,0,65,7.438850996550173
cuda,CWRU,model_only,Full-S1,True,0,66,7.508017006330192
cuda,CWRU,model_only,Full-S1,True,0,67,7.580171979498118
cuda,CWRU,model_only,Full-S1,True,0,68,7.468447962310165
cuda,CWRU,model_only,Full-S1,True,0,69,7.469884993042797
cuda,CWRU,model_only,Full-S1,True,0,70,7.511922041885555
cuda,CWRU,model_only,Full-S1,True,0,71,7.4767349869944155
cuda,CWRU,model_only,Full-S1,True,0,72,7.459076005034149
cuda,CWRU,model_only,Full-S1,True,0,73,7.4769220082089305
cuda,CWRU,model_only,Full-S1,True,0,74,7.754843041766435
cuda,CWRU,model_only,Full-S1,True,0,75,7.576067000627518
cuda,CWRU,model_only,Full-S1,True,0,76,7.492054952308536
cuda,CWRU,model_only,Full-S1,True,0,77,7.4993009911850095
cuda,CWRU,model_only,Full-S1,True,0,78,7.510719995480031
cuda,CWRU,model_only,Full-S1,True,0,79,7.520276005379856
cuda,CWRU,model_only,Full-S1,True,0,80,7.48678797390312
cuda,CWRU,model_only,Full-S1,True,0,81,7.439130044076592
cuda,CWRU,model_only,Full-S1,True,0,82,7.465992996003479
cuda,CWRU,model_only,Full-S1,True,0,83,7.5272920075803995
cuda,CWRU,model_only,Full-S1,True,0,84,7.507332018576562
cuda,CWRU,model_only,Full-S1,True,0,85,7.472206023521721
cuda,CWRU,model_only,Full-S1,True,0,86,7.493541983421892
cuda,CWRU,model_only,Full-S1,True,0,87,7.512471987865865
cuda,CWRU,model_only,Full-S1,True,0,88,7.506285037379712
cuda,CWRU,model_only,Full-S1,True,0,89,7.455660030245781
cuda,CWRU,model_only,Full-S1,True,0,90,7.48067902168259
cuda,CWRU,model_only,Full-S1,True,0,91,7.473853009287268
cuda,CWRU,model_only,Full-S1,True,0,92,7.999011024367064
cuda,CWRU,model_only,Full-S1,True,0,93,7.452386023942381
cuda,CWRU,model_only,Full-S1,True,0,94,7.464680005796254
cuda,CWRU,model_only,Full-S1,True,0,95,7.471443037502468
cuda,CWRU,model_only,Full-S1,True,0,96,7.488889037631452
cuda,CWRU,model_only,Full-S1,True,0,97,7.452148012816906
cuda,CWRU,model_only,Full-S1,True,0,98,7.442103000357747
cuda,CWRU,model_only,Full-S1,True,0,99,7.44371599284932
cuda,CWRU,model_only,Full-S1,True,0,100,7.493760029319674
cuda,CWRU,model_only,Full-S1,True,0,101,7.471093034837395
cuda,CWRU,model_only,Full-S1,True,0,102,7.472447003237903
cuda,CWRU,model_only,Full-S1,True,0,103,7.412678038235754
cuda,CWRU,model_only,Full-S1,True,0,104,7.5305369682610035
cuda,CWRU,model_only,Full-S1,True,0,105,7.4235599604435265
cuda,CWRU,model_only,Full-S1,True,0,106,7.464217022061348
cuda,CWRU,model_only,Full-S1,True,0,107,7.466654991731048
cuda,CWRU,model_only,Full-S1,True,0,108,7.4515099986456335
cuda,CWRU,model_only,Full-S1,True,0,109,7.450649980455637
cuda,CWRU,model_only,Full-S1,True,0,110,7.688505982514471
cuda,CWRU,model_only,Full-S1,True,0,111,7.564710977021605
cuda,CWRU,model_only,Full-S1,True,0,112,7.49397900654003
cuda,CWRU,model_only,Full-S1,True,0,113,7.4724750011228025
cuda,CWRU,model_only,Full-S1,True,0,114,7.537005003541708
cuda,CWRU,model_only,Full-S1,True,0,115,7.514822005759925
cuda,CWRU,model_only,Full-S1,True,0,116,7.482500979676843
cuda,CWRU,model_only,Full-S1,True,0,117,7.480084954295307
cuda,CWRU,model_only,Full-S1,True,0,118,7.464509981218725
cuda,CWRU,model_only,Full-S1,True,0,119,7.458031002897769
cuda,CWRU,model_only,Full-S1,True,0,120,7.451907964423299
cuda,CWRU,model_only,Full-S1,True,0,121,7.450020988471806
cuda,CWRU,model_only,Full-S1,True,0,122,7.560233003459871
cuda,CWRU,model_only,Full-S1,True,0,123,7.490317046176642
cuda,CWRU,model_only,Full-S1,True,0,124,7.5250500231049955
cuda,CWRU,model_only,Full-S1,True,0,125,7.44159403257072
cuda,CWRU,model_only,Full-S1,True,0,126,7.4864819762296975
cuda,CWRU,model_only,Full-S1,True,0,127,7.455492974258959
cuda,CWRU,model_only,Full-S1,True,0,128,7.46460200753063
cuda,CWRU,model_only,Full-S1,True,0,129,7.6012000208720565
cuda,CWRU,model_only,Full-S1,True,0,130,7.485156005714089
cuda,CWRU,model_only,Full-S1,True,0,131,7.464800029993057
cuda,CWRU,model_only,Full-S1,True,0,132,7.452903955709189
cuda,CWRU,model_only,Full-S1,True,0,133,7.466444978490472
cuda,CWRU,model_only,Full-S1,True,0,134,7.4493850115686655
cuda,CWRU,model_only,Full-S1,True,0,135,7.528299989644438
cuda,CWRU,model_only,Full-S1,True,0,136,7.443743001203984
cuda,CWRU,model_only,Full-S1,True,0,137,7.477779989130795
cuda,CWRU,model_only,Full-S1,True,0,138,7.475950988009572
cuda,CWRU,model_only,Full-S1,True,0,139,7.483409019187093
cuda,CWRU,model_only,Full-S1,True,0,140,7.427146018017083
cuda,CWRU,model_only,Full-S1,True,0,141,7.460328983142972
cuda,CWRU,model_only,Full-S1,True,0,142,7.5086409924551845
cuda,CWRU,model_only,Full-S1,True,0,143,7.541389029938728
cuda,CWRU,model_only,Full-S1,True,0,144,7.465397997293621
cuda,CWRU,model_only,Full-S1,True,0,145,7.455877028405666
cuda,CWRU,model_only,Full-S1,True,0,146,7.460785971488804
cuda,CWRU,model_only,Full-S1,True,0,147,7.4826800264418125
cuda,CWRU,model_only,Full-S1,True,0,148,7.465056027285755
cuda,CWRU,model_only,Full-S1,True,0,149,7.484244997613132
cuda,CWRU,model_only,Full-S1,True,0,150,7.477745006326586
cuda,CWRU,model_only,Full-S1,True,0,151,7.441144029144198
cuda,CWRU,model_only,Full-S1,True,0,152,7.53004802390933
cuda,CWRU,model_only,Full-S1,True,0,153,7.505854999180883
cuda,CWRU,model_only,Full-S1,True,0,154,7.49763404019177
cuda,CWRU,model_only,Full-S1,True,0,155,7.4654839700087905
cuda,CWRU,model_only,Full-S1,True,0,156,7.469978998415172
cuda,CWRU,model_only,Full-S1,True,0,157,7.459235028363764
cuda,CWRU,model_only,Full-S1,True,0,158,7.449947996065021
cuda,CWRU,model_only,Full-S1,True,0,159,7.455747050698847
cuda,CWRU,model_only,Full-S1,True,0,160,7.45442695915699
cuda,CWRU,model_only,Full-S1,True,0,161,7.463898044079542
cuda,CWRU,model_only,Full-S1,True,0,162,7.4339520069770515
cuda,CWRU,model_only,Full-S1,True,0,163,7.44838803075254
cuda,CWRU,model_only,Full-S1,True,0,164,7.475448015611619
cuda,CWRU,model_only,Full-S1,True,0,165,7.562935003079474
cuda,CWRU,model_only,Full-S1,True,0,166,7.43211799999699
cuda,CWRU,model_only,Full-S1,True,0,167,7.430882018525153
cuda,CWRU,model_only,Full-S1,True,0,168,7.534764998126775
cuda,CWRU,model_only,Full-S1,True,0,169,7.5125659932382405
cuda,CWRU,model_only,Full-S1,True,0,170,7.560417987406254
cuda,CWRU,model_only,Full-S1,True,0,171,7.596131006721407
cuda,CWRU,model_only,Full-S1,True,0,172,7.519808015786111
cuda,CWRU,model_only,Full-S1,True,0,173,7.448888965882361
cuda,CWRU,model_only,Full-S1,True,0,174,7.489581999834627
cuda,CWRU,model_only,Full-S1,True,0,175,7.443604990839958
cuda,CWRU,model_only,Full-S1,True,0,176,7.459054002538323
cuda,CWRU,model_only,Full-S1,True,0,177,7.4642610270529985
cuda,CWRU,model_only,Full-S1,True,0,178,7.474621990695596
cuda,CWRU,model_only,Full-S1,True,0,179,7.427164004184306
cuda,CWRU,model_only,Full-S1,True,0,180,7.443149981554598
cuda,CWRU,model_only,Full-S1,True,0,181,7.540603051893413
cuda,CWRU,model_only,Full-S1,True,0,182,7.52819498302415
cuda,CWRU,model_only,Full-S1,True,0,183,7.490918971598148
cuda,CWRU,model_only,Full-S1,True,0,184,7.474787998944521
cuda,CWRU,model_only,Full-S1,True,0,185,7.448068994563073
cuda,CWRU,model_only,Full-S1,True,0,186,7.479031977709383
cuda,CWRU,model_only,Full-S1,True,0,187,7.819841965101659
cuda,CWRU,model_only,Full-S1,True,0,188,7.863265986088663
cuda,CWRU,model_only,Full-S1,True,0,189,7.528946036472917
cuda,CWRU,model_only,Full-S1,True,0,190,7.5079380185343325
cuda,CWRU,model_only,Full-S1,True,0,191,7.571576978079975
cuda,CWRU,model_only,Full-S1,True,0,192,7.487822964321822
cuda,CWRU,model_only,Full-S1,True,0,193,7.436965999659151
cuda,CWRU,model_only,Full-S1,True,0,194,7.43493001209572
cuda,CWRU,model_only,Full-S1,True,0,195,7.528871996328235
cuda,CWRU,model_only,Full-S1,True,0,196,7.491954020224512
cuda,CWRU,model_only,Full-S1,True,0,197,7.464803988113999
cuda,CWRU,model_only,Full-S1,True,0,198,7.4730790220201015
cuda,CWRU,model_only,Full-S1,True,0,199,7.455786981154233
cuda,CWRU,model_only,Full-S1,True,0,200,7.51692900666967
cuda,CWRU,model_only,Full-S1,True,0,201,7.881633995566517
cuda,CWRU,model_only,Full-S1,True,0,202,7.484983012545854
cuda,CWRU,model_only,Full-S1,True,0,203,7.480103988200426
cuda,CWRU,model_only,Full-S1,True,0,204,7.436401036102325
cuda,CWRU,model_only,Full-S1,True,0,205,7.429365010466427
cuda,CWRU,model_only,Full-S1,True,0,206,7.43424502434209
cuda,CWRU,model_only,Full-S1,True,0,207,7.431797974277288
cuda,CWRU,model_only,Full-S1,True,0,208,7.4855900020338595
cuda,CWRU,model_only,Full-S1,True,0,209,7.49662599992007
cuda,CWRU,model_only,Full-S1,True,0,210,7.42065702797845
cuda,CWRU,model_only,Full-S1,True,0,211,7.495100027881563
cuda,CWRU,model_only,Full-S1,True,0,212,7.482886023353785
cuda,CWRU,model_only,Full-S1,True,0,213,7.473081001080573
cuda,CWRU,model_only,Full-S1,True,0,214,7.516095996834338
cuda,CWRU,model_only,Full-S1,True,0,215,7.461482018698007
cuda,CWRU,model_only,Full-S1,True,0,216,7.541277969721705
cuda,CWRU,model_only,Full-S1,True,0,217,7.4582330416888
cuda,CWRU,model_only,Full-S1,True,0,218,7.457654981408268
cuda,CWRU,model_only,Full-S1,True,0,219,7.446136965882033
cuda,CWRU,model_only,Full-S1,True,0,220,7.504000968765467
cuda,CWRU,model_only,Full-S1,True,0,221,7.453397032804787
cuda,CWRU,model_only,Full-S1,True,0,222,7.526158005930483
cuda,CWRU,model_only,Full-S1,True,0,223,7.441929017659277
cuda,CWRU,model_only,Full-S1,True,0,224,7.439617998898029
cuda,CWRU,model_only,Full-S1,True,0,225,7.550606038421392
cuda,CWRU,model_only,Full-S1,True,0,226,7.46277702273801
cuda,CWRU,model_only,Full-S1,True,0,227,7.4388039647601545
cuda,CWRU,model_only,Full-S1,True,0,228,7.449722965247929
cuda,CWRU,model_only,Full-S1,True,0,229,7.489504001569003
cuda,CWRU,model_only,Full-S1,True,0,230,7.4657819932326674
cuda,CWRU,model_only,Full-S1,True,0,231,7.4429240194149315
cuda,CWRU,model_only,Full-S1,True,0,232,7.464074995368719
cuda,CWRU,model_only,Full-S1,True,0,233,7.465167029295117
cuda,CWRU,model_only,Full-S1,True,0,234,7.450334960594773
cuda,CWRU,model_only,Full-S1,True,0,235,7.437217049300671
cuda,CWRU,model_only,Full-S1,True,0,236,7.475925958715379
cuda,CWRU,model_only,Full-S1,True,0,237,7.447657990269363
cuda,CWRU,model_only,Full-S1,True,0,238,7.470676035154611
cuda,CWRU,model_only,Full-S1,True,0,239,7.437820953782648
cuda,CWRU,model_only,Full-S1,True,0,240,7.430952042341232
cuda,CWRU,model_only,Full-S1,True,0,241,7.428553013596684
cuda,CWRU,model_only,Full-S1,True,0,242,7.501536048948765
cuda,CWRU,model_only,Full-S1,True,0,243,7.468638999853283
cuda,CWRU,model_only,Full-S1,True,0,244,7.8107029548846185
cuda,CWRU,model_only,Full-S1,True,0,245,7.5956350192427635
cuda,CWRU,model_only,Full-S1,True,0,246,7.523323001805693
cuda,CWRU,model_only,Full-S1,True,0,247,7.613274967297912
cuda,CWRU,model_only,Full-S1,True,0,248,7.4799819849431515
cuda,CWRU,model_only,Full-S1,True,0,249,7.47446296736598
cuda,CWRU,model_only,K1,True,0,0,4.078175988979638
cuda,CWRU,model_only,K1,True,0,1,4.025208007078618
cuda,CWRU,model_only,K1,True,0,2,4.185522964689881
cuda,CWRU,model_only,K1,True,0,3,4.142204008530825
cuda,CWRU,model_only,K1,True,0,4,4.041239968501031
cuda,CWRU,model_only,K1,True,0,5,4.027849994599819
cuda,CWRU,model_only,K1,True,0,6,4.015416954644024
cuda,CWRU,model_only,K1,True,0,7,4.033796023577452
cuda,CWRU,model_only,K1,True,0,8,4.015819984488189
cuda,CWRU,model_only,K1,True,0,9,4.034624027553946
cuda,CWRU,model_only,K1,True,0,10,4.081503953784704
cuda,CWRU,model_only,K1,True,0,11,4.027834045700729
cuda,CWRU,model_only,K1,True,0,12,4.098406992852688
cuda,CWRU,model_only,K1,True,0,13,4.073832998983562
cuda,CWRU,model_only,K1,True,0,14,4.05632599722594
cuda,CWRU,model_only,K1,True,0,15,4.044771019835025
cuda,CWRU,model_only,K1,True,0,16,4.0278699598275125
cuda,CWRU,model_only,K1,True,0,17,4.032398050185293
cuda,CWRU,model_only,K1,True,0,18,4.031823016703129
cuda,CWRU,model_only,K1,True,0,19,4.018646955955774
cuda,CWRU,model_only,K1,True,0,20,4.023925983346999
cuda,CWRU,model_only,K1,True,0,21,3.99367802310735
cuda,CWRU,model_only,K1,True,0,22,4.01078601134941
cuda,CWRU,model_only,K1,True,0,23,4.041537991724908
cuda,CWRU,model_only,K1,True,0,24,4.013143014162779
cuda,CWRU,model_only,K1,True,0,25,4.015951999463141
cuda,CWRU,model_only,K1,True,0,26,4.041081992909312
cuda,CWRU,model_only,K1,True,0,27,4.045806999783963
cuda,CWRU,model_only,K1,True,0,28,4.043075023218989
cuda,CWRU,model_only,K1,True,0,29,4.021816013846546
cuda,CWRU,model_only,K1,True,0,30,3.9968930068425834
cuda,CWRU,model_only,K1,True,0,31,4.01090201921761
cuda,CWRU,model_only,K1,True,0,32,4.016742983367294
cuda,CWRU,model_only,K1,True,0,33,4.013333003968
cuda,CWRU,model_only,K1,True,0,34,4.056742996908724
cuda,CWRU,model_only,K1,True,0,35,4.019712971057743
cuda,CWRU,model_only,K1,True,0,36,4.04037901898846
cuda,CWRU,model_only,K1,True,0,37,4.031253047287464
cuda,CWRU,model_only,K1,True,0,38,4.030782030895352
cuda,CWRU,model_only,K1,True,0,39,4.028666997328401
cuda,CWRU,model_only,K1,True,0,40,4.03121899580583
cuda,CWRU,model_only,K1,True,0,41,4.041000967845321
cuda,CWRU,model_only,K1,True,0,42,4.0968580287881196
cuda,CWRU,model_only,K1,True,0,43,4.040334024466574
cuda,CWRU,model_only,K1,True,0,44,4.001228022389114
cuda,CWRU,model_only,K1,True,0,45,4.049381997901946
cuda,CWRU,model_only,K1,True,0,46,4.0301299886778
cuda,CWRU,model_only,K1,True,0,47,4.050379968248308
cuda,CWRU,model_only,K1,True,0,48,4.015556012745947
cuda,CWRU,model_only,K1,True,0,49,4.020933003630489
cuda,CWRU,model_only,K1,True,0,50,4.035225021652877
cuda,CWRU,model_only,K1,True,0,51,4.008473013527691
cuda,CWRU,model_only,K1,True,0,52,4.0224569966085255
cuda,CWRU,model_only,K1,True,0,53,4.040147003252059
cuda,CWRU,model_only,K1,True,0,54,4.012977995444089
cuda,CWRU,model_only,K1,True,0,55,4.059522005263716
cuda,CWRU,model_only,K1,True,0,56,4.016616032458842
cuda,CWRU,model_only,K1,True,0,57,4.033352015540004
cuda,CWRU,model_only,K1,True,0,58,4.055444966070354
cuda,CWRU,model_only,K1,True,0,59,4.000373010057956
cuda,CWRU,model_only,K1,True,0,60,4.008451011031866
cuda,CWRU,model_only,K1,True,0,61,4.015826969407499
cuda,CWRU,model_only,K1,True,0,62,4.038447979837656
cuda,CWRU,model_only,K1,True,0,63,4.031611024402082
cuda,CWRU,model_only,K1,True,0,64,4.0347459726035595
cuda,CWRU,model_only,K1,True,0,65,4.025057947728783
cuda,CWRU,model_only,K1,True,0,66,4.100871970877051
cuda,CWRU,model_only,K1,True,0,67,4.042854008730501
cuda,CWRU,model_only,K1,True,0,68,4.052994016092271
cuda,CWRU,model_only,K1,True,0,69,4.024089954327792
cuda,CWRU,model_only,K1,True,0,70,4.0803790325298905
cuda,CWRU,model_only,K1,True,0,71,4.03246097266674
cuda,CWRU,model_only,K1,True,0,72,3.998540050815791
cuda,CWRU,model_only,K1,True,0,73,4.075953038409352
cuda,CWRU,model_only,K1,True,0,74,4.022995010018349
cuda,CWRU,model_only,K1,True,0,75,4.031075979582965
cuda,CWRU,model_only,K1,True,0,76,4.0349370101466775
cuda,CWRU,model_only,K1,True,0,77,4.017479019239545
cuda,CWRU,model_only,K1,True,0,78,4.028645984362811
cuda,CWRU,model_only,K1,True,0,79,4.061222018208355
cuda,CWRU,model_only,K1,True,0,80,4.032387980259955
cuda,CWRU,model_only,K1,True,0,81,4.036569967865944
cuda,CWRU,model_only,K1,True,0,82,4.0387099725194275
cuda,CWRU,model_only,K1,True,0,83,4.020844993647188
cuda,CWRU,model_only,K1,True,0,84,4.010820994153619
cuda,CWRU,model_only,K1,True,0,85,4.028340976219624
cuda,CWRU,model_only,K1,True,0,86,4.014266014564782
cuda,CWRU,model_only,K1,True,0,87,4.028933006338775
cuda,CWRU,model_only,K1,True,0,88,4.020363965537399
cuda,CWRU,model_only,K1,True,0,89,4.028937022667378
cuda,CWRU,model_only,K1,True,0,90,4.016357008367777
cuda,CWRU,model_only,K1,True,0,91,4.004454996902496
cuda,CWRU,model_only,K1,True,0,92,4.022768000140786
cuda,CWRU,model_only,K1,True,0,93,4.026429960504174
cuda,CWRU,model_only,K1,True,0,94,4.023363988380879
cuda,CWRU,model_only,K1,True,0,95,4.101279017049819
cuda,CWRU,model_only,K1,True,0,96,4.036447964608669
cuda,CWRU,model_only,K1,True,0,97,4.007563984487206
cuda,CWRU,model_only,K1,True,0,98,4.104341962374747
cuda,CWRU,model_only,K1,True,0,99,4.035464953631163
cuda,CWRU,model_only,K1,True,0,100,4.027885966934264
cuda,CWRU,model_only,K1,True,0,101,4.0231290040537715
cuda,CWRU,model_only,K1,True,0,102,4.09253902034834
cuda,CWRU,model_only,K1,True,0,103,4.05114603927359
cuda,CWRU,model_only,K1,True,0,104,4.004162969067693
cuda,CWRU,model_only,K1,True,0,105,4.046486981678754
cuda,CWRU,model_only,K1,True,0,106,4.015932034235448
cuda,CWRU,model_only,K1,True,0,107,4.017669009044766
cuda,CWRU,model_only,K1,True,0,108,4.010270000435412
cuda,CWRU,model_only,K1,True,0,109,4.0344069711863995
cuda,CWRU,model_only,K1,True,0,110,3.994193975813687
cuda,CWRU,model_only,K1,True,0,111,4.022957000415772
cuda,CWRU,model_only,K1,True,0,112,4.018368956167251
cuda,CWRU,model_only,K1,True,0,113,4.053264041431248
cuda,CWRU,model_only,K1,True,0,114,4.019814019557089
cuda,CWRU,model_only,K1,True,0,115,4.026263020932674
cuda,CWRU,model_only,K1,True,0,116,4.07039700075984
cuda,CWRU,model_only,K1,True,0,117,4.052896983921528
cuda,CWRU,model_only,K1,True,0,118,4.02518903138116
cuda,CWRU,model_only,K1,True,0,119,4.0319429826922715
cuda,CWRU,model_only,K1,True,0,120,4.044112982228398
cuda,CWRU,model_only,K1,True,0,121,4.018552019260824
cuda,CWRU,model_only,K1,True,0,122,4.072994983289391
cuda,CWRU,model_only,K1,True,0,123,4.041805979795754
cuda,CWRU,model_only,K1,True,0,124,4.03018802171573
cuda,CWRU,model_only,K1,True,0,125,4.040417959913611
cuda,CWRU,model_only,K1,True,0,126,4.033663019072264
cuda,CWRU,model_only,K1,True,0,127,4.030558979138732
cuda,CWRU,model_only,K1,True,0,128,4.055212019011378
cuda,CWRU,model_only,K1,True,0,129,4.05704096192494
cuda,CWRU,model_only,K1,True,0,130,4.04976902063936
cuda,CWRU,model_only,K1,True,0,131,4.181111988145858
cuda,CWRU,model_only,K1,True,0,132,4.1975550120696425
cuda,CWRU,model_only,K1,True,0,133,4.086643981281668
cuda,CWRU,model_only,K1,True,0,134,4.096531018149108
cuda,CWRU,model_only,K1,True,0,135,4.116737982258201
cuda,CWRU,model_only,K1,True,0,136,4.038267012219876
cuda,CWRU,model_only,K1,True,0,137,4.05359803698957
cuda,CWRU,model_only,K1,True,0,138,4.061526036821306
cuda,CWRU,model_only,K1,True,0,139,4.018435021862388
cuda,CWRU,model_only,K1,True,0,140,4.029086034279317
cuda,CWRU,model_only,K1,True,0,141,4.0195430046878755
cuda,CWRU,model_only,K1,True,0,142,4.008741001598537
cuda,CWRU,model_only,K1,True,0,143,4.022501991130412
cuda,CWRU,model_only,K1,True,0,144,4.074833996128291
cuda,CWRU,model_only,K1,True,0,145,4.103752027731389
cuda,CWRU,model_only,K1,True,0,146,4.047981987241656
cuda,CWRU,model_only,K1,True,0,147,4.0554020088166
cuda,CWRU,model_only,K1,True,0,148,4.032180004287511
cuda,CWRU,model_only,K1,True,0,149,4.027916002087295
cuda,CWRU,model_only,K1,True,0,150,4.012200981378555
cuda,CWRU,model_only,K1,True,0,151,4.028014023788273
cuda,CWRU,model_only,K1,True,0,152,4.023622954264283
cuda,CWRU,model_only,K1,True,0,153,4.038565035443753
cuda,CWRU,model_only,K1,True,0,154,4.016068996861577
cuda,CWRU,model_only,K1,True,0,155,4.021472996100783
cuda,CWRU,model_only,K1,True,0,156,4.080211976543069
cuda,CWRU,model_only,K1,True,0,157,4.01890795910731
cuda,CWRU,model_only,K1,True,0,158,4.382554965559393
cuda,CWRU,model_only,K1,True,0,159,4.042177984956652
cuda,CWRU,model_only,K1,True,0,160,4.0117360185831785
cuda,CWRU,model_only,K1,True,0,161,4.034307959955186
cuda,CWRU,model_only,K1,True,0,162,4.052340984344482
cuda,CWRU,model_only,K1,True,0,163,4.026085953228176
cuda,CWRU,model_only,K1,True,0,164,4.029553034342825
cuda,CWRU,model_only,K1,True,0,165,3.9930189959704876
cuda,CWRU,model_only,K1,True,0,166,4.0283609996549785
cuda,CWRU,model_only,K1,True,0,167,4.008382034953684
cuda,CWRU,model_only,K1,True,0,168,4.016538965515792
cuda,CWRU,model_only,K1,True,0,169,4.0390859940089285
cuda,CWRU,model_only,K1,True,0,170,4.058764956425875
cuda,CWRU,model_only,K1,True,0,171,4.012919031083584
cuda,CWRU,model_only,K1,True,0,172,4.044091037940234
cuda,CWRU,model_only,K1,True,0,173,4.008575982879847
cuda,CWRU,model_only,K1,True,0,174,4.046914982609451
cuda,CWRU,model_only,K1,True,0,175,4.011386015918106
cuda,CWRU,model_only,K1,True,0,176,4.110701964236796
cuda,CWRU,model_only,K1,True,0,177,4.09346999367699
cuda,CWRU,model_only,K1,True,0,178,4.040020983666182
cuda,CWRU,model_only,K1,True,0,179,4.04082698514685
cuda,CWRU,model_only,K1,True,0,180,4.019759013317525
cuda,CWRU,model_only,K1,True,0,181,4.0477910079061985
cuda,CWRU,model_only,K1,True,0,182,4.03489702148363
cuda,CWRU,model_only,K1,True,0,183,4.006625036709011
cuda,CWRU,model_only,K1,True,0,184,4.031479998957366
cuda,CWRU,model_only,K1,True,0,185,4.054164979606867
cuda,CWRU,model_only,K1,True,0,186,4.092650022357702
cuda,CWRU,model_only,K1,True,0,187,4.072352021466941
cuda,CWRU,model_only,K1,True,0,188,4.085012013092637
cuda,CWRU,model_only,K1,True,0,189,4.005655995570123
cuda,CWRU,model_only,K1,True,0,190,4.027168033644557
cuda,CWRU,model_only,K1,True,0,191,4.0157480398193
cuda,CWRU,model_only,K1,True,0,192,4.018731007818133
cuda,CWRU,model_only,K1,True,0,193,4.075841978192329
cuda,CWRU,model_only,K1,True,0,194,4.016878025140613
cuda,CWRU,model_only,K1,True,0,195,4.032135009765625
cuda,CWRU,model_only,K1,True,0,196,4.038575978484005
cuda,CWRU,model_only,K1,True,0,197,4.041348991449922
cuda,CWRU,model_only,K1,True,0,198,3.997677005827427
cuda,CWRU,model_only,K1,True,0,199,3.9805039996281266
cuda,CWRU,model_only,K1,True,0,200,4.020888009108603
cuda,CWRU,model_only,K1,True,0,201,4.071843053679913
cuda,CWRU,model_only,K1,True,0,202,4.033696022816002
cuda,CWRU,model_only,K1,True,0,203,4.038477025460452
cuda,CWRU,model_only,K1,True,0,204,4.017833969555795
cuda,CWRU,model_only,K1,True,0,205,4.045343026518822
cuda,CWRU,model_only,K1,True,0,206,4.01506299385801
cuda,CWRU,model_only,K1,True,0,207,4.029914969578385
cuda,CWRU,model_only,K1,True,0,208,4.039158986415714
cuda,CWRU,model_only,K1,True,0,209,4.045648034662008
cuda,CWRU,model_only,K1,True,0,210,4.023953981231898
cuda,CWRU,model_only,K1,True,0,211,4.030972020700574
cuda,CWRU,model_only,K1,True,0,212,4.018403007648885
cuda,CWRU,model_only,K1,True,0,213,4.034202953334898
cuda,CWRU,model_only,K1,True,0,214,4.039331048261374
cuda,CWRU,model_only,K1,True,0,215,4.0284309652633965
cuda,CWRU,model_only,K1,True,0,216,4.024461028166115
cuda,CWRU,model_only,K1,True,0,217,4.032747994642705
cuda,CWRU,model_only,K1,True,0,218,4.022862005513161
cuda,CWRU,model_only,K1,True,0,219,4.05732897343114
cuda,CWRU,model_only,K1,True,0,220,4.014332022052258
cuda,CWRU,model_only,K1,True,0,221,4.036658036056906
cuda,CWRU,model_only,K1,True,0,222,4.053430981002748
cuda,CWRU,model_only,K1,True,0,223,4.013541038148105
cuda,CWRU,model_only,K1,True,0,224,4.041153006255627
cuda,CWRU,model_only,K1,True,0,225,4.023382032755762
cuda,CWRU,model_only,K1,True,0,226,4.004632995929569
cuda,CWRU,model_only,K1,True,0,227,4.023606015834957
cuda,CWRU,model_only,K1,True,0,228,4.010445962194353
cuda,CWRU,model_only,K1,True,0,229,4.013432015199214
cuda,CWRU,model_only,K1,True,0,230,4.040636005811393
cuda,CWRU,model_only,K1,True,0,231,4.005577997304499
cuda,CWRU,model_only,K1,True,0,232,4.032498982269317
cuda,CWRU,model_only,K1,True,0,233,4.099249024875462
cuda,CWRU,model_only,K1,True,0,234,4.025193047709763
cuda,CWRU,model_only,K1,True,0,235,4.029639007057995
cuda,CWRU,model_only,K1,True,0,236,4.132649977691472
cuda,CWRU,model_only,K1,True,0,237,4.493093001656234
cuda,CWRU,model_only,K1,True,0,238,4.28377598291263
cuda,CWRU,model_only,K1,True,0,239,4.269613011274487
cuda,CWRU,model_only,K1,True,0,240,4.276569001376629
cuda,CWRU,model_only,K1,True,0,241,4.026626003906131
cuda,CWRU,model_only,K1,True,0,242,4.059274040628225
cuda,CWRU,model_only,K1,True,0,243,4.053540003951639
cuda,CWRU,model_only,K1,True,0,244,4.013865953311324
cuda,CWRU,model_only,K1,True,0,245,4.023822024464607
cuda,CWRU,model_only,K1,True,0,246,4.056926001794636
cuda,CWRU,model_only,K1,True,0,247,4.039855964947492
cuda,CWRU,model_only,K1,True,0,248,4.01647703256458
cuda,CWRU,model_only,K1,True,0,249,4.0280529647134244
cuda,CWRU,model_only,K1,True,1,0,4.060434002894908
cuda,CWRU,model_only,K1,True,1,1,4.01783298002556
cuda,CWRU,model_only,K1,True,1,2,4.043042019475251
cuda,CWRU,model_only,K1,True,1,3,4.034771991427988
cuda,CWRU,model_only,K1,True,1,4,4.041298001538962
cuda,CWRU,model_only,K1,True,1,5,4.128973989281803
cuda,CWRU,model_only,K1,True,1,6,4.130802990403026
cuda,CWRU,model_only,K1,True,1,7,4.084029991645366
cuda,CWRU,model_only,K1,True,1,8,4.0265999850817025
cuda,CWRU,model_only,K1,True,1,9,3.990702040027827
cuda,CWRU,model_only,K1,True,1,10,4.047436988912523
cuda,CWRU,model_only,K1,True,1,11,4.02687699533999
cuda,CWRU,model_only,K1,True,1,12,4.051352967508137
cuda,CWRU,model_only,K1,True,1,13,4.02608496369794
cuda,CWRU,model_only,K1,True,1,14,4.014288017060608
cuda,CWRU,model_only,K1,True,1,15,4.020027001388371
cuda,CWRU,model_only,K1,True,1,16,4.032564989756793
cuda,CWRU,model_only,K1,True,1,17,4.018585023004562
cuda,CWRU,model_only,K1,True,1,18,4.043103952426463
cuda,CWRU,model_only,K1,True,1,19,4.03181801084429
cuda,CWRU,model_only,K1,True,1,20,4.03323897626251
cuda,CWRU,model_only,K1,True,1,21,4.01030300417915
cuda,CWRU,model_only,K1,True,1,22,4.044780973345041
cuda,CWRU,model_only,K1,True,1,23,4.002358997240663
cuda,CWRU,model_only,K1,True,1,24,4.042873973958194
cuda,CWRU,model_only,K1,True,1,25,4.009629948996007
cuda,CWRU,model_only,K1,True,1,26,4.024925990961492
cuda,CWRU,model_only,K1,True,1,27,4.00157697731629
cuda,CWRU,model_only,K1,True,1,28,4.017882980406284
cuda,CWRU,model_only,K1,True,1,29,4.010542004834861
cuda,CWRU,model_only,K1,True,1,30,4.0391230140812695
cuda,CWRU,model_only,K1,True,1,31,4.006606002803892
cuda,CWRU,model_only,K1,True,1,32,4.029465024359524
cuda,CWRU,model_only,K1,True,1,33,4.012535035144538
cuda,CWRU,model_only,K1,True,1,34,4.041120992042124
cuda,CWRU,model_only,K1,True,1,35,4.030731972306967
cuda,CWRU,model_only,K1,True,1,36,4.014304024167359
cuda,CWRU,model_only,K1,True,1,37,4.034622979816049
cuda,CWRU,model_only,K1,True,1,38,4.093384020961821
cuda,CWRU,model_only,K1,True,1,39,4.029728996101767
cuda,CWRU,model_only,K1,True,1,40,4.019415006041527
cuda,CWRU,model_only,K1,True,1,41,4.025546018965542
cuda,CWRU,model_only,K1,True,1,42,4.049556970130652
cuda,CWRU,model_only,K1,True,1,43,4.027594055514783
cuda,CWRU,model_only,K1,True,1,44,4.035049001686275
cuda,CWRU,model_only,K1,True,1,45,4.010767035651952
cuda,CWRU,model_only,K1,True,1,46,4.076401004567742
cuda,CWRU,model_only,K1,True,1,47,4.016155027784407
cuda,CWRU,model_only,K1,True,1,48,4.047907015774399
cuda,CWRU,model_only,K1,True,1,49,4.0312709752470255
cuda,CWRU,model_only,K1,True,1,50,4.011420998722315
cuda,CWRU,model_only,K1,True,1,51,4.030418989714235
cuda,CWRU,model_only,K1,True,1,52,4.020514956209809
cuda,CWRU,model_only,K1,True,1,53,4.02780796866864
cuda,CWRU,model_only,K1,True,1,54,4.034676996525377
cuda,CWRU,model_only,K1,True,1,55,4.047501017339528
cuda,CWRU,model_only,K1,True,1,56,4.032611032016575
cuda,CWRU,model_only,K1,True,1,57,4.013608966488391
cuda,CWRU,model_only,K1,True,1,58,4.002460045740008
cuda,CWRU,model_only,K1,True,1,59,4.026873968541622
cuda,CWRU,model_only,K1,True,1,60,4.0162879740819335
cuda,CWRU,model_only,K1,True,1,61,4.022355016786605
cuda,CWRU,model_only,K1,True,1,62,4.064448992721736
cuda,CWRU,model_only,K1,True,1,63,4.018062027171254
cuda,CWRU,model_only,K1,True,1,64,4.033831006381661
cuda,CWRU,model_only,K1,True,1,65,4.0640850202180445
cuda,CWRU,model_only,K1,True,1,66,4.036334983538836
cuda,CWRU,model_only,K1,True,1,67,4.022144014015794
cuda,CWRU,model_only,K1,True,1,68,4.0130040142685175
cuda,CWRU,model_only,K1,True,1,69,4.0204019751399755
cuda,CWRU,model_only,K1,True,1,70,4.019920015707612
cuda,CWRU,model_only,K1,True,1,71,4.067083005793393
cuda,CWRU,model_only,K1,True,1,72,4.006040981039405
cuda,CWRU,model_only,K1,True,1,73,4.0392299997620285
cuda,CWRU,model_only,K1,True,1,74,4.024458001367748
cuda,CWRU,model_only,K1,True,1,75,4.020438005682081
cuda,CWRU,model_only,K1,True,1,76,4.027009999845177
cuda,CWRU,model_only,K1,True,1,77,3.9991189842112362
cuda,CWRU,model_only,K1,True,1,78,4.039378021843731
cuda,CWRU,model_only,K1,True,1,79,4.015351005364209
cuda,CWRU,model_only,K1,True,1,80,4.024707013741136
cuda,CWRU,model_only,K1,True,1,81,4.008058051113039
cuda,CWRU,model_only,K1,True,1,82,3.9819760131649673
cuda,CWRU,model_only,K1,True,1,83,4.033419012557715
cuda,CWRU,model_only,K1,True,1,84,4.0086760418489575
cuda,CWRU,model_only,K1,True,1,85,4.020449006929994
cuda,CWRU,model_only,K1,True,1,86,3.99721204303205
cuda,CWRU,model_only,K1,True,1,87,4.039685009047389
cuda,CWRU,model_only,K1,True,1,88,4.038762010168284
cuda,CWRU,model_only,K1,True,1,89,3.9886810118332505
cuda,CWRU,model_only,K1,True,1,90,4.03339701006189
cuda,CWRU,model_only,K1,True,1,91,4.029689996968955
cuda,CWRU,model_only,K1,True,1,92,4.071295028552413
cuda,CWRU,model_only,K1,True,1,93,4.0207410347647965
cuda,CWRU,model_only,K1,True,1,94,4.089095978997648
cuda,CWRU,model_only,K1,True,1,95,4.015830985736102
cuda,CWRU,model_only,K1,True,1,96,4.053907003253698
cuda,CWRU,model_only,K1,True,1,97,4.015963990241289
cuda,CWRU,model_only,K1,True,1,98,4.032836994156241
cuda,CWRU,model_only,K1,True,1,99,4.025175992865115
cuda,CWRU,model_only,K1,True,1,100,4.071957024279982
cuda,CWRU,model_only,K1,True,1,101,4.0043729823082685
cuda,CWRU,model_only,K1,True,1,102,4.034365992993116
cuda,CWRU,model_only,K1,True,1,103,4.04647400137037
cuda,CWRU,model_only,K1,True,1,104,4.016501014120877
cuda,CWRU,model_only,K1,True,1,105,4.026945971418172
cuda,CWRU,model_only,K1,True,1,106,4.043857043143362
cuda,CWRU,model_only,K1,True,1,107,4.010503995232284
cuda,CWRU,model_only,K1,True,1,108,4.032211028970778
cuda,CWRU,model_only,K1,True,1,109,4.033789038658142
cuda,CWRU,model_only,K1,True,1,110,4.069387970957905
cuda,CWRU,model_only,K1,True,1,111,4.03864705003798
cuda,CWRU,model_only,K1,True,1,112,4.0456270216964185
cuda,CWRU,model_only,K1,True,1,113,4.038085986394435
cuda,CWRU,model_only,K1,True,1,114,4.038609971757978
cuda,CWRU,model_only,K1,True,1,115,4.01300098747015
cuda,CWRU,model_only,K1,True,1,116,4.040796018671244
cuda,CWRU,model_only,K1,True,1,117,4.019271000288427
cuda,CWRU,model_only,K1,True,1,118,4.08034201245755
cuda,CWRU,model_only,K1,True,1,119,4.047873953823
cuda,CWRU,model_only,K1,True,1,120,3.995148988906294
cuda,CWRU,model_only,K1,True,1,121,4.071918956469744
cuda,CWRU,model_only,K1,True,1,122,4.050199990160763
cuda,CWRU,model_only,K1,True,1,123,4.035144986119121
cuda,CWRU,model_only,K1,True,1,124,4.013959958683699
cuda,CWRU,model_only,K1,True,1,125,4.02676803059876
cuda,CWRU,model_only,K1,True,1,126,4.033882985822856
cuda,CWRU,model_only,K1,True,1,127,4.021510016173124
cuda,CWRU,model_only,K1,True,1,128,4.004022048320621
cuda,CWRU,model_only,K1,True,1,129,4.219455004204065
cuda,CWRU,model_only,K1,True,1,130,4.072841024026275
cuda,CWRU,model_only,K1,True,1,131,4.115435993298888
cuda,CWRU,model_only,K1,True,1,132,4.068055015522987
cuda,CWRU,model_only,K1,True,1,133,4.093636991456151
cuda,CWRU,model_only,K1,True,1,134,4.054474004078656
cuda,CWRU,model_only,K1,True,1,135,4.050897026900202
cuda,CWRU,model_only,K1,True,1,136,4.0304180001839995
cuda,CWRU,model_only,K1,True,1,137,4.003075009677559
cuda,CWRU,model_only,K1,True,1,138,4.03609499335289
cuda,CWRU,model_only,K1,True,1,139,4.02196601498872
cuda,CWRU,model_only,K1,True,1,140,4.086349043063819
cuda,CWRU,model_only,K1,True,1,141,4.018832987640053
cuda,CWRU,model_only,K1,True,1,142,4.04319103108719
cuda,CWRU,model_only,K1,True,1,143,4.024680994916707
cuda,CWRU,model_only,K1,True,1,144,4.013321013189852
cuda,CWRU,model_only,K1,True,1,145,4.032631986774504
cuda,CWRU,model_only,K1,True,1,146,4.028689989354461
cuda,CWRU,model_only,K1,True,1,147,4.003013018518686
cuda,CWRU,model_only,K1,True,1,148,4.084012995008379
cuda,CWRU,model_only,K1,True,1,149,4.0616170153953135
cuda,CWRU,model_only,K1,True,1,150,4.082177008967847
cuda,CWRU,model_only,K1,True,1,151,4.034820012748241
cuda,CWRU,model_only,K1,True,1,152,4.026589973364025
cuda,CWRU,model_only,K1,True,1,153,4.067015019245446
cuda,CWRU,model_only,K1,True,1,154,4.072201030794531
cuda,CWRU,model_only,K1,True,1,155,4.033919016364962
cuda,CWRU,model_only,K1,True,1,156,4.318011982832104
cuda,CWRU,model_only,K1,True,1,157,4.033835022710264
cuda,CWRU,model_only,K1,True,1,158,4.045775975100696
cuda,CWRU,model_only,K1,True,1,159,4.016564984340221
cuda,CWRU,model_only,K1,True,1,160,4.016252001747489
cuda,CWRU,model_only,K1,True,1,161,4.015106009319425
cuda,CWRU,model_only,K1,True,1,162,4.011660988908261
cuda,CWRU,model_only,K1,True,1,163,4.040481988340616
cuda,CWRU,model_only,K1,True,1,164,4.031343036331236
cuda,CWRU,model_only,K1,True,1,165,4.012471006717533
cuda,CWRU,model_only,K1,True,1,166,4.050891031511128
cuda,CWRU,model_only,K1,True,1,167,4.022665962111205
cuda,CWRU,model_only,K1,True,1,168,4.012195975519717
cuda,CWRU,model_only,K1,True,1,169,4.023296991363168
cuda,CWRU,model_only,K1,True,1,170,4.082527011632919
cuda,CWRU,model_only,K1,True,1,171,4.045778012368828
cuda,CWRU,model_only,K1,True,1,172,4.042577988002449
cuda,CWRU,model_only,K1,True,1,173,4.05177305219695
cuda,CWRU,model_only,K1,True,1,174,4.0768239996396005
cuda,CWRU,model_only,K1,True,1,175,4.018407955300063
cuda,CWRU,model_only,K1,True,1,176,4.04617004096508
cuda,CWRU,model_only,K1,True,1,177,4.025249043479562
cuda,CWRU,model_only,K1,True,1,178,4.030262993182987
cuda,CWRU,model_only,K1,True,1,179,3.9903619908727705
cuda,CWRU,model_only,K1,True,1,180,4.03833796735853
cuda,CWRU,model_only,K1,True,1,181,4.020331020001322
cuda,CWRU,model_only,K1,True,1,182,4.045778012368828
cuda,CWRU,model_only,K1,True,1,183,4.038205021061003
cuda,CWRU,model_only,K1,True,1,184,4.001302004326135
cuda,CWRU,model_only,K1,True,1,185,4.0115099982358515
cuda,CWRU,model_only,K1,True,1,186,4.0236940258182585
cuda,CWRU,model_only,K1,True,1,187,4.039250023197383
cuda,CWRU,model_only,K1,True,1,188,4.096443997696042
cuda,CWRU,model_only,K1,True,1,189,4.128827014937997
cuda,CWRU,model_only,K1,True,1,190,4.120760015211999
cuda,CWRU,model_only,K1,True,1,191,4.0752149652689695
cuda,CWRU,model_only,K1,True,1,192,4.005728987976909
cuda,CWRU,model_only,K1,True,1,193,4.03553998330608
cuda,CWRU,model_only,K1,True,1,194,4.029759962577373
cuda,CWRU,model_only,K1,True,1,195,4.087142006028444
cuda,CWRU,model_only,K1,True,1,196,4.039804975036532
cuda,CWRU,model_only,K1,True,1,197,4.03869099682197
cuda,CWRU,model_only,K1,True,1,198,4.032302007544786
cuda,CWRU,model_only,K1,True,1,199,4.004208953119814
cuda,CWRU,model_only,K1,True,1,200,4.022052977234125
cuda,CWRU,model_only,K1,True,1,201,4.025637987069786
cuda,CWRU,model_only,K1,True,1,202,4.0314599755220115
cuda,CWRU,model_only,K1,True,1,203,3.994095022790134
cuda,CWRU,model_only,K1,True,1,204,4.025028028991073
cuda,CWRU,model_only,K1,True,1,205,4.084031970705837
cuda,CWRU,model_only,K1,True,1,206,4.070661962032318
cuda,CWRU,model_only,K1,True,1,207,4.0312790079042315
cuda,CWRU,model_only,K1,True,1,208,4.025639966130257
cuda,CWRU,model_only,K1,True,1,209,4.050731949973851
cuda,CWRU,model_only,K1,True,1,210,4.023379005957395
cuda,CWRU,model_only,K1,True,1,211,4.021906992420554
cuda,CWRU,model_only,K1,True,1,212,4.038177023176104
cuda,CWRU,model_only,K1,True,1,213,4.022145003546029
cuda,CWRU,model_only,K1,True,1,214,4.033372970297933
cuda,CWRU,model_only,K1,True,1,215,4.03602299047634
cuda,CWRU,model_only,K1,True,1,216,4.059107042849064
cuda,CWRU,model_only,K1,True,1,217,3.9927749894559383
cuda,CWRU,model_only,K1,True,1,218,4.032046010252088
cuda,CWRU,model_only,K1,True,1,219,3.9927830221131444
cuda,CWRU,model_only,K1,True,1,220,4.059597966261208
cuda,CWRU,model_only,K1,True,1,221,4.0435679838992655
cuda,CWRU,model_only,K1,True,1,222,4.024250025395304
cuda,CWRU,model_only,K1,True,1,223,4.039112012833357
cuda,CWRU,model_only,K1,True,1,224,4.019061976578087
cuda,CWRU,model_only,K1,True,1,225,4.024296998977661
cuda,CWRU,model_only,K1,True,1,226,4.016589024104178
cuda,CWRU,model_only,K1,True,1,227,4.022040986455977
cuda,CWRU,model_only,K1,True,1,228,4.028696974273771
cuda,CWRU,model_only,K1,True,1,229,4.0797770489007235
cuda,CWRU,model_only,K1,True,1,230,4.0534670115448534
cuda,CWRU,model_only,K1,True,1,231,4.027662973385304
cuda,CWRU,model_only,K1,True,1,232,4.038913000840694
cuda,CWRU,model_only,K1,True,1,233,4.038605955429375
cuda,CWRU,model_only,K1,True,1,234,4.4981910032220185
cuda,CWRU,model_only,K1,True,1,235,4.2814729968085885
cuda,CWRU,model_only,K1,True,1,236,4.27908799611032
cuda,CWRU,model_only,K1,True,1,237,4.244537034537643
cuda,CWRU,model_only,K1,True,1,238,4.190765030216426
cuda,CWRU,model_only,K1,True,1,239,4.184954043012112
cuda,CWRU,model_only,K1,True,1,240,4.04824095312506
cuda,CWRU,model_only,K1,True,1,241,4.0367599576711655
cuda,CWRU,model_only,K1,True,1,242,4.036010999698192
cuda,CWRU,model_only,K1,True,1,243,4.030453972518444
cuda,CWRU,model_only,K1,True,1,244,4.026058013550937
cuda,CWRU,model_only,K1,True,1,245,4.037583013996482
cuda,CWRU,model_only,K1,True,1,246,4.0394950192421675
cuda,CWRU,model_only,K1,True,1,247,4.01219999184832
cuda,CWRU,model_only,K1,True,1,248,4.0225789998658
cuda,CWRU,model_only,K1,True,1,249,4.024485999252647
cuda,CWRU,model_only,Full-S1,True,1,0,7.517470046877861
cuda,CWRU,model_only,Full-S1,True,1,1,7.456891005858779
cuda,CWRU,model_only,Full-S1,True,1,2,7.449309981893748
cuda,CWRU,model_only,Full-S1,True,1,3,7.443943002726883
cuda,CWRU,model_only,Full-S1,True,1,4,7.503605971578509
cuda,CWRU,model_only,Full-S1,True,1,5,7.460511988028884
cuda,CWRU,model_only,Full-S1,True,1,6,7.448207994457334
cuda,CWRU,model_only,Full-S1,True,1,7,7.495354977436364
cuda,CWRU,model_only,Full-S1,True,1,8,7.486185000743717
cuda,CWRU,model_only,Full-S1,True,1,9,7.440574991051108
cuda,CWRU,model_only,Full-S1,True,1,10,7.499930041376501
cuda,CWRU,model_only,Full-S1,True,1,11,7.413871993776411
cuda,CWRU,model_only,Full-S1,True,1,12,7.482716988306493
cuda,CWRU,model_only,Full-S1,True,1,13,7.459759013727307
cuda,CWRU,model_only,Full-S1,True,1,14,7.443435024470091
cuda,CWRU,model_only,Full-S1,True,1,15,7.479568012058735
cuda,CWRU,model_only,Full-S1,True,1,16,7.453621015883982
cuda,CWRU,model_only,Full-S1,True,1,17,7.44652800494805
cuda,CWRU,model_only,Full-S1,True,1,18,7.449949043802917
cuda,CWRU,model_only,Full-S1,True,1,19,7.517766964156181
cuda,CWRU,model_only,Full-S1,True,1,20,7.4690659530460835
cuda,CWRU,model_only,Full-S1,True,1,21,7.453842030372471
cuda,CWRU,model_only,Full-S1,True,1,22,7.489017967600375
cuda,CWRU,model_only,Full-S1,True,1,23,7.531020033638924
cuda,CWRU,model_only,Full-S1,True,1,24,7.456062012352049
cuda,CWRU,model_only,Full-S1,True,1,25,7.452055986505002
cuda,CWRU,model_only,Full-S1,True,1,26,7.4798010173253715
cuda,CWRU,model_only,Full-S1,True,1,27,7.446981966495514
cuda,CWRU,model_only,Full-S1,True,1,28,7.512099982704967
cuda,CWRU,model_only,Full-S1,True,1,29,7.437811989802867
cuda,CWRU,model_only,Full-S1,True,1,30,7.443354988936335
cuda,CWRU,model_only,Full-S1,True,1,31,7.450868026353419
cuda,CWRU,model_only,Full-S1,True,1,32,7.4605540139600635
cuda,CWRU,model_only,Full-S1,True,1,33,7.465642993338406
cuda,CWRU,model_only,Full-S1,True,1,34,7.470556010957807
cuda,CWRU,model_only,Full-S1,True,1,35,7.438000000547618
cuda,CWRU,model_only,Full-S1,True,1,36,7.532012998126447
cuda,CWRU,model_only,Full-S1,True,1,37,7.492062984965742
cuda,CWRU,model_only,Full-S1,True,1,38,7.443487003911287
cuda,CWRU,model_only,Full-S1,True,1,39,7.463194022420794
cuda,CWRU,model_only,Full-S1,True,1,40,7.487383030820638
cuda,CWRU,model_only,Full-S1,True,1,41,7.444266986567527
cuda,CWRU,model_only,Full-S1,True,1,42,7.415575033519417
cuda,CWRU,model_only,Full-S1,True,1,43,7.441826979629695
cuda,CWRU,model_only,Full-S1,True,1,44,7.457387982867658
cuda,CWRU,model_only,Full-S1,True,1,45,7.483112043701112
cuda,CWRU,model_only,Full-S1,True,1,46,7.464455033186823
cuda,CWRU,model_only,Full-S1,True,1,47,7.46692402753979
cuda,CWRU,model_only,Full-S1,True,1,48,7.5171979842707515
cuda,CWRU,model_only,Full-S1,True,1,49,7.452750985976309
cuda,CWRU,model_only,Full-S1,True,1,50,7.469775970093906
cuda,CWRU,model_only,Full-S1,True,1,51,7.591140980366617
cuda,CWRU,model_only,Full-S1,True,1,52,7.474009005818516
cuda,CWRU,model_only,Full-S1,True,1,53,7.457920000888407
cuda,CWRU,model_only,Full-S1,True,1,54,7.456844032276422
cuda,CWRU,model_only,Full-S1,True,1,55,7.4785680044442415
cuda,CWRU,model_only,Full-S1,True,1,56,7.52629799535498
cuda,CWRU,model_only,Full-S1,True,1,57,7.476238009985536
cuda,CWRU,model_only,Full-S1,True,1,58,7.47410295298323
cuda,CWRU,model_only,Full-S1,True,1,59,7.443071983288974
cuda,CWRU,model_only,Full-S1,True,1,60,7.459207030478865
cuda,CWRU,model_only,Full-S1,True,1,61,7.436369021888822
cuda,CWRU,model_only,Full-S1,True,1,62,7.505047018639743
cuda,CWRU,model_only,Full-S1,True,1,63,7.433131977450103
cuda,CWRU,model_only,Full-S1,True,1,64,7.489922980312258
cuda,CWRU,model_only,Full-S1,True,1,65,7.447423995472491
cuda,CWRU,model_only,Full-S1,True,1,66,7.495726982597262
cuda,CWRU,model_only,Full-S1,True,1,67,7.468931027688086
cuda,CWRU,model_only,Full-S1,True,1,68,7.598857977427542
cuda,CWRU,model_only,Full-S1,True,1,69,7.603492005728185
cuda,CWRU,model_only,Full-S1,True,1,70,7.528996036853641
cuda,CWRU,model_only,Full-S1,True,1,71,7.556916039902717
cuda,CWRU,model_only,Full-S1,True,1,72,7.467409013770521
cuda,CWRU,model_only,Full-S1,True,1,73,7.485508976969868
cuda,CWRU,model_only,Full-S1,True,1,74,7.476525031961501
cuda,CWRU,model_only,Full-S1,True,1,75,7.451878977008164
cuda,CWRU,model_only,Full-S1,True,1,76,7.458993990439922
cuda,CWRU,model_only,Full-S1,True,1,77,7.457821979187429
cuda,CWRU,model_only,Full-S1,True,1,78,7.439274981152266
cuda,CWRU,model_only,Full-S1,True,1,79,7.4987480184063315
cuda,CWRU,model_only,Full-S1,True,1,80,7.476843020413071
cuda,CWRU,model_only,Full-S1,True,1,81,7.532385992817581
cuda,CWRU,model_only,Full-S1,True,1,82,7.49196601100266
cuda,CWRU,model_only,Full-S1,True,1,83,7.829145004507154
cuda,CWRU,model_only,Full-S1,True,1,84,7.518803002312779
cuda,CWRU,model_only,Full-S1,True,1,85,7.4042429914698005
cuda,CWRU,model_only,Full-S1,True,1,86,7.449511031154543
cuda,CWRU,model_only,Full-S1,True,1,87,7.408145989757031
cuda,CWRU,model_only,Full-S1,True,1,88,7.53399298992008
cuda,CWRU,model_only,Full-S1,True,1,89,7.473965000826865
cuda,CWRU,model_only,Full-S1,True,1,90,7.516370038501918
cuda,CWRU,model_only,Full-S1,True,1,91,7.473185018170625
cuda,CWRU,model_only,Full-S1,True,1,92,7.528422982431948
cuda,CWRU,model_only,Full-S1,True,1,93,7.45439698221162
cuda,CWRU,model_only,Full-S1,True,1,94,7.452232006471604
cuda,CWRU,model_only,Full-S1,True,1,95,7.465263013727963
cuda,CWRU,model_only,Full-S1,True,1,96,7.493247976526618
cuda,CWRU,model_only,Full-S1,True,1,97,7.484099012799561
cuda,CWRU,model_only,Full-S1,True,1,98,7.4715070077218115
cuda,CWRU,model_only,Full-S1,True,1,99,7.4541670037433505
cuda,CWRU,model_only,Full-S1,True,1,100,7.446885982062668
cuda,CWRU,model_only,Full-S1,True,1,101,7.473190955352038
cuda,CWRU,model_only,Full-S1,True,1,102,7.426185999065638
cuda,CWRU,model_only,Full-S1,True,1,103,7.425808988045901
cuda,CWRU,model_only,Full-S1,True,1,104,7.483155990485102
cuda,CWRU,model_only,Full-S1,True,1,105,7.472571975085884
cuda,CWRU,model_only,Full-S1,True,1,106,7.469690986908972
cuda,CWRU,model_only,Full-S1,True,1,107,7.442583970259875
cuda,CWRU,model_only,Full-S1,True,1,108,7.418547989800572
cuda,CWRU,model_only,Full-S1,True,1,109,7.498538005165756
cuda,CWRU,model_only,Full-S1,True,1,110,7.4805900221690536
cuda,CWRU,model_only,Full-S1,True,1,111,7.485104026272893
cuda,CWRU,model_only,Full-S1,True,1,112,7.449890021234751
cuda,CWRU,model_only,Full-S1,True,1,113,7.475866004824638
cuda,CWRU,model_only,Full-S1,True,1,114,7.473870005924255
cuda,CWRU,model_only,Full-S1,True,1,115,7.4798749992623925
cuda,CWRU,model_only,Full-S1,True,1,116,7.4441180331632495
cuda,CWRU,model_only,Full-S1,True,1,117,7.46207102201879
cuda,CWRU,model_only,Full-S1,True,1,118,7.461074041202664
cuda,CWRU,model_only,Full-S1,True,1,119,7.436135958414525
cuda,CWRU,model_only,Full-S1,True,1,120,7.4595079640857875
cuda,CWRU,model_only,Full-S1,True,1,121,7.460898021236062
cuda,CWRU,model_only,Full-S1,True,1,122,7.505782006774098
cuda,CWRU,model_only,Full-S1,True,1,123,7.442648988217115
cuda,CWRU,model_only,Full-S1,True,1,124,7.450428034644574
cuda,CWRU,model_only,Full-S1,True,1,125,7.658459013327956
cuda,CWRU,model_only,Full-S1,True,1,126,7.546871027443558
cuda,CWRU,model_only,Full-S1,True,1,127,7.711830025073141
cuda,CWRU,model_only,Full-S1,True,1,128,7.54169502761215
cuda,CWRU,model_only,Full-S1,True,1,129,7.47250800486654
cuda,CWRU,model_only,Full-S1,True,1,130,7.464439026080072
cuda,CWRU,model_only,Full-S1,True,1,131,7.489785959478468
cuda,CWRU,model_only,Full-S1,True,1,132,7.476347032934427
cuda,CWRU,model_only,Full-S1,True,1,133,7.477239007130265
cuda,CWRU,model_only,Full-S1,True,1,134,7.470073003787547
cuda,CWRU,model_only,Full-S1,True,1,135,7.478750019799918
cuda,CWRU,model_only,Full-S1,True,1,136,7.473131001461297
cuda,CWRU,model_only,Full-S1,True,1,137,7.484339992515743
cuda,CWRU,model_only,Full-S1,True,1,138,7.456010032910854
cuda,CWRU,model_only,Full-S1,True,1,139,7.526188972406089
cuda,CWRU,model_only,Full-S1,True,1,140,7.464311027433723
cuda,CWRU,model_only,Full-S1,True,1,141,7.489533047191799
cuda,CWRU,model_only,Full-S1,True,1,142,7.463907008059323
cuda,CWRU,model_only,Full-S1,True,1,143,7.4286829913035035
cuda,CWRU,model_only,Full-S1,True,1,144,7.521251973230392
cuda,CWRU,model_only,Full-S1,True,1,145,7.436314015649259
cuda,CWRU,model_only,Full-S1,True,1,146,7.4324230081401765
cuda,CWRU,model_only,Full-S1,True,1,147,7.457814994268119
cuda,CWRU,model_only,Full-S1,True,1,148,7.481636013835669
cuda,CWRU,model_only,Full-S1,True,1,149,7.426922966260463
cuda,CWRU,model_only,Full-S1,True,1,150,7.439339999109507
cuda,CWRU,model_only,Full-S1,True,1,151,7.477320963516831
cuda,CWRU,model_only,Full-S1,True,1,152,7.460881024599075
cuda,CWRU,model_only,Full-S1,True,1,153,7.4944389634765685
cuda,CWRU,model_only,Full-S1,True,1,154,7.448050018865615
cuda,CWRU,model_only,Full-S1,True,1,155,7.475564954802394
cuda,CWRU,model_only,Full-S1,True,1,156,7.452344987541437
cuda,CWRU,model_only,Full-S1,True,1,157,7.540244027040899
cuda,CWRU,model_only,Full-S1,True,1,158,7.45771499350667
cuda,CWRU,model_only,Full-S1,True,1,159,7.437399006448686
cuda,CWRU,model_only,Full-S1,True,1,160,7.474892016034573
cuda,CWRU,model_only,Full-S1,True,1,161,7.4687369633466005
cuda,CWRU,model_only,Full-S1,True,1,162,7.499483006540686
cuda,CWRU,model_only,Full-S1,True,1,163,7.454211008735001
cuda,CWRU,model_only,Full-S1,True,1,164,7.481115986593068
cuda,CWRU,model_only,Full-S1,True,1,165,7.477790990378708
cuda,CWRU,model_only,Full-S1,True,1,166,7.451630022842437
cuda,CWRU,model_only,Full-S1,True,1,167,7.455726969055831
cuda,CWRU,model_only,Full-S1,True,1,168,7.474477984942496
cuda,CWRU,model_only,Full-S1,True,1,169,7.470997981727123
cuda,CWRU,model_only,Full-S1,True,1,170,7.5274400296621025
cuda,CWRU,model_only,Full-S1,True,1,171,7.471213990356773
cuda,CWRU,model_only,Full-S1,True,1,172,7.457582978531718
cuda,CWRU,model_only,Full-S1,True,1,173,7.442531001288444
cuda,CWRU,model_only,Full-S1,True,1,174,7.4347699992358685
cuda,CWRU,model_only,Full-S1,True,1,175,7.446045987308025
cuda,CWRU,model_only,Full-S1,True,1,176,7.43618601700291
cuda,CWRU,model_only,Full-S1,True,1,177,7.438050000928342
cuda,CWRU,model_only,Full-S1,True,1,178,7.456934021320194
cuda,CWRU,model_only,Full-S1,True,1,179,7.460627006366849
cuda,CWRU,model_only,Full-S1,True,1,180,7.4624569970183074
cuda,CWRU,model_only,Full-S1,True,1,181,7.467463030479848
cuda,CWRU,model_only,Full-S1,True,1,182,7.537092023994774
cuda,CWRU,model_only,Full-S1,True,1,183,7.475311984308064
cuda,CWRU,model_only,Full-S1,True,1,184,7.540472026448697
cuda,CWRU,model_only,Full-S1,True,1,185,7.441114052198827
cuda,CWRU,model_only,Full-S1,True,1,186,7.486259040888399
cuda,CWRU,model_only,Full-S1,True,1,187,7.493687036912888
cuda,CWRU,model_only,Full-S1,True,1,188,7.446219970006496
cuda,CWRU,model_only,Full-S1,True,1,189,7.629388011991978
cuda,CWRU,model_only,Full-S1,True,1,190,7.464108988642693
cuda,CWRU,model_only,Full-S1,True,1,191,7.48121301876381
cuda,CWRU,model_only,Full-S1,True,1,192,7.457463012542576
cuda,CWRU,model_only,Full-S1,True,1,193,7.43923697154969
cuda,CWRU,model_only,Full-S1,True,1,194,7.4443399789743125
cuda,CWRU,model_only,Full-S1,True,1,195,7.476472994312644
cuda,CWRU,model_only,Full-S1,True,1,196,7.466089038643986
cuda,CWRU,model_only,Full-S1,True,1,197,7.449847995303571
cuda,CWRU,model_only,Full-S1,True,1,198,7.4852899997495115
cuda,CWRU,model_only,Full-S1,True,1,199,7.457329018507153
cuda,CWRU,model_only,Full-S1,True,1,200,7.52075802301988
cuda,CWRU,model_only,Full-S1,True,1,201,7.467635965440422
cuda,CWRU,model_only,Full-S1,True,1,202,7.6406950247474015
cuda,CWRU,model_only,Full-S1,True,1,203,7.588319014757872
cuda,CWRU,model_only,Full-S1,True,1,204,7.595086994115263
cuda,CWRU,model_only,Full-S1,True,1,205,7.45144602842629
cuda,CWRU,model_only,Full-S1,True,1,206,7.448496005963534
cuda,CWRU,model_only,Full-S1,True,1,207,7.440818997565657
cuda,CWRU,model_only,Full-S1,True,1,208,7.475733000319451
cuda,CWRU,model_only,Full-S1,True,1,209,7.432809972669929
cuda,CWRU,model_only,Full-S1,True,1,210,7.53836496733129
cuda,CWRU,model_only,Full-S1,True,1,211,7.463226036634296
cuda,CWRU,model_only,Full-S1,True,1,212,7.518191996496171
cuda,CWRU,model_only,Full-S1,True,1,213,7.466404989827424
cuda,CWRU,model_only,Full-S1,True,1,214,7.476861996110529
cuda,CWRU,model_only,Full-S1,True,1,215,7.516940007917583
cuda,CWRU,model_only,Full-S1,True,1,216,7.452163961715996
cuda,CWRU,model_only,Full-S1,True,1,217,7.954111031722277
cuda,CWRU,model_only,Full-S1,True,1,218,7.531221024692059
cuda,CWRU,model_only,Full-S1,True,1,219,7.519008999224752
cuda,CWRU,model_only,Full-S1,True,1,220,7.463008048944175
cuda,CWRU,model_only,Full-S1,True,1,221,7.456521969288588
cuda,CWRU,model_only,Full-S1,True,1,222,7.443930953741074
cuda,CWRU,model_only,Full-S1,True,1,223,7.453795988112688
cuda,CWRU,model_only,Full-S1,True,1,224,7.4539080378599465
cuda,CWRU,model_only,Full-S1,True,1,225,7.45973497396335
cuda,CWRU,model_only,Full-S1,True,1,226,7.508612994570285
cuda,CWRU,model_only,Full-S1,True,1,227,7.514857978094369
cuda,CWRU,model_only,Full-S1,True,1,228,7.4348869966343045
cuda,CWRU,model_only,Full-S1,True,1,229,7.413954008370638
cuda,CWRU,model_only,Full-S1,True,1,230,7.499941042624414
cuda,CWRU,model_only,Full-S1,True,1,231,7.437019026838243
cuda,CWRU,model_only,Full-S1,True,1,232,7.463001005817205
cuda,CWRU,model_only,Full-S1,True,1,233,7.448511954862624
cuda,CWRU,model_only,Full-S1,True,1,234,7.465949980542064
cuda,CWRU,model_only,Full-S1,True,1,235,7.466633978765458
cuda,CWRU,model_only,Full-S1,True,1,236,7.4716159724630415
cuda,CWRU,model_only,Full-S1,True,1,237,7.42683099815622
cuda,CWRU,model_only,Full-S1,True,1,238,7.464267953764647
cuda,CWRU,model_only,Full-S1,True,1,239,7.448199030477554
cuda,CWRU,model_only,Full-S1,True,1,240,7.464951951988041
cuda,CWRU,model_only,Full-S1,True,1,241,7.452062040101737
cuda,CWRU,model_only,Full-S1,True,1,242,7.499326020479202
cuda,CWRU,model_only,Full-S1,True,1,243,7.477828999981284
cuda,CWRU,model_only,Full-S1,True,1,244,7.445609022397548
cuda,CWRU,model_only,Full-S1,True,1,245,7.4784980388358235
cuda,CWRU,model_only,Full-S1,True,1,246,7.4432590045034885
cuda,CWRU,model_only,Full-S1,True,1,247,7.42717896355316
cuda,CWRU,model_only,Full-S1,True,1,248,7.419855974148959
cuda,CWRU,model_only,Full-S1,True,1,249,7.463524001650512
cuda,CWRU,model_only,Full-S1,True,2,0,7.4613430188037455
cuda,CWRU,model_only,Full-S1,True,2,1,7.494611025322229
cuda,CWRU,model_only,Full-S1,True,2,2,7.479441002942622
cuda,CWRU,model_only,Full-S1,True,2,3,7.466027047485113
cuda,CWRU,model_only,Full-S1,True,2,4,7.438643020577729
cuda,CWRU,model_only,Full-S1,True,2,5,7.479031977709383
cuda,CWRU,model_only,Full-S1,True,2,6,7.440134009812027
cuda,CWRU,model_only,Full-S1,True,2,7,7.449005031958222
cuda,CWRU,model_only,Full-S1,True,2,8,7.580735022202134
cuda,CWRU,model_only,Full-S1,True,2,9,7.481039967387915
cuda,CWRU,model_only,Full-S1,True,2,10,8.057402970734984
cuda,CWRU,model_only,Full-S1,True,2,11,7.914891990367323
cuda,CWRU,model_only,Full-S1,True,2,12,7.910449989140034
cuda,CWRU,model_only,Full-S1,True,2,13,7.680920010898262
cuda,CWRU,model_only,Full-S1,True,2,14,7.505753019358963
cuda,CWRU,model_only,Full-S1,True,2,15,7.43798102485016
cuda,CWRU,model_only,Full-S1,True,2,16,7.440222019795328
cuda,CWRU,model_only,Full-S1,True,2,17,7.456465042196214
cuda,CWRU,model_only,Full-S1,True,2,18,7.490232994314283
cuda,CWRU,model_only,Full-S1,True,2,19,7.506915018893778
cuda,CWRU,model_only,Full-S1,True,2,20,7.46827496914193
cuda,CWRU,model_only,Full-S1,True,2,21,7.485499023459852
cuda,CWRU,model_only,Full-S1,True,2,22,7.528091955464333
cuda,CWRU,model_only,Full-S1,True,2,23,7.492456992622465
cuda,CWRU,model_only,Full-S1,True,2,24,7.4481129995547235
cuda,CWRU,model_only,Full-S1,True,2,25,7.471734017599374
cuda,CWRU,model_only,Full-S1,True,2,26,7.467938994523138
cuda,CWRU,model_only,Full-S1,True,2,27,7.780386018566787
cuda,CWRU,model_only,Full-S1,True,2,28,7.921506999991834
cuda,CWRU,model_only,Full-S1,True,2,29,7.601258985232562
cuda,CWRU,model_only,Full-S1,True,2,30,7.424890995025635
cuda,CWRU,model_only,Full-S1,True,2,31,7.466678973287344
cuda,CWRU,model_only,Full-S1,True,2,32,7.461458968464285
cuda,CWRU,model_only,Full-S1,True,2,33,7.433783961459994
cuda,CWRU,model_only,Full-S1,True,2,34,7.502939028199762
cuda,CWRU,model_only,Full-S1,True,2,35,7.436736021190882
cuda,CWRU,model_only,Full-S1,True,2,36,7.470859971363097
cuda,CWRU,model_only,Full-S1,True,2,37,7.440930989105254
cuda,CWRU,model_only,Full-S1,True,2,38,7.433079998008907
cuda,CWRU,model_only,Full-S1,True,2,39,7.4550610152073205
cuda,CWRU,model_only,Full-S1,True,2,40,7.570238027255982
cuda,CWRU,model_only,Full-S1,True,2,41,7.468806987162679
cuda,CWRU,model_only,Full-S1,True,2,42,7.452093996107578
cuda,CWRU,model_only,Full-S1,True,2,43,7.447634998243302
cuda,CWRU,model_only,Full-S1,True,2,44,7.4756170506589115
cuda,CWRU,model_only,Full-S1,True,2,45,7.456769002601504
cuda,CWRU,model_only,Full-S1,True,2,46,7.439411012455821
cuda,CWRU,model_only,Full-S1,True,2,47,7.436915009748191
cuda,CWRU,model_only,Full-S1,True,2,48,7.473893987480551
cuda,CWRU,model_only,Full-S1,True,2,49,7.468481955584139
cuda,CWRU,model_only,Full-S1,True,2,50,7.44608003878966
cuda,CWRU,model_only,Full-S1,True,2,51,7.473776990082115
cuda,CWRU,model_only,Full-S1,True,2,52,7.4530430138111115
cuda,CWRU,model_only,Full-S1,True,2,53,7.514127995818853
cuda,CWRU,model_only,Full-S1,True,2,54,7.4639570084400475
cuda,CWRU,model_only,Full-S1,True,2,55,7.486457994673401
cuda,CWRU,model_only,Full-S1,True,2,56,7.436479034367949
cuda,CWRU,model_only,Full-S1,True,2,57,7.467090035788715
cuda,CWRU,model_only,Full-S1,True,2,58,7.43902800604701
cuda,CWRU,model_only,Full-S1,True,2,59,7.443210983183235
cuda,CWRU,model_only,Full-S1,True,2,60,7.4511070270091295
cuda,CWRU,model_only,Full-S1,True,2,61,7.454506994690746
cuda,CWRU,model_only,Full-S1,True,2,62,7.457740022800863
cuda,CWRU,model_only,Full-S1,True,2,63,7.433667022269219
cuda,CWRU,model_only,Full-S1,True,2,64,7.452477002516389
cuda,CWRU,model_only,Full-S1,True,2,65,7.497830025386065
cuda,CWRU,model_only,Full-S1,True,2,66,7.484667003154755
cuda,CWRU,model_only,Full-S1,True,2,67,7.501420972403139
cuda,CWRU,model_only,Full-S1,True,2,68,7.483861991204321
cuda,CWRU,model_only,Full-S1,True,2,69,7.6658399775624275
cuda,CWRU,model_only,Full-S1,True,2,70,7.57165503455326
cuda,CWRU,model_only,Full-S1,True,2,71,7.450216973666102
cuda,CWRU,model_only,Full-S1,True,2,72,7.481387990992516
cuda,CWRU,model_only,Full-S1,True,2,73,7.428034965414554
cuda,CWRU,model_only,Full-S1,True,2,74,7.503969012759626
cuda,CWRU,model_only,Full-S1,True,2,75,7.455607003066689
cuda,CWRU,model_only,Full-S1,True,2,76,7.451701967511326
cuda,CWRU,model_only,Full-S1,True,2,77,7.445561001077294
cuda,CWRU,model_only,Full-S1,True,2,78,7.453825033735484
cuda,CWRU,model_only,Full-S1,True,2,79,7.477605016902089
cuda,CWRU,model_only,Full-S1,True,2,80,7.474448007997125
cuda,CWRU,model_only,Full-S1,True,2,81,7.477429986465722
cuda,CWRU,model_only,Full-S1,True,2,82,7.456938968971372
cuda,CWRU,model_only,Full-S1,True,2,83,7.449241005815566
cuda,CWRU,model_only,Full-S1,True,2,84,7.4673600029200315
cuda,CWRU,model_only,Full-S1,True,2,85,7.88859004387632
cuda,CWRU,model_only,Full-S1,True,2,86,7.919745985418558
cuda,CWRU,model_only,Full-S1,True,2,87,7.962736999616027
cuda,CWRU,model_only,Full-S1,True,2,88,7.7363510499708354
cuda,CWRU,model_only,Full-S1,True,2,89,7.468171999789774
cuda,CWRU,model_only,Full-S1,True,2,90,7.454139005858451
cuda,CWRU,model_only,Full-S1,True,2,91,7.4663860141299665
cuda,CWRU,model_only,Full-S1,True,2,92,7.457803993020207
cuda,CWRU,model_only,Full-S1,True,2,93,7.458740030415356
cuda,CWRU,model_only,Full-S1,True,2,94,7.459608023054898
cuda,CWRU,model_only,Full-S1,True,2,95,7.4989740387536585
cuda,CWRU,model_only,Full-S1,True,2,96,7.51357403350994
cuda,CWRU,model_only,Full-S1,True,2,97,7.433782971929759
cuda,CWRU,model_only,Full-S1,True,2,98,7.475373975466937
cuda,CWRU,model_only,Full-S1,True,2,99,7.438182015903294
cuda,CWRU,model_only,Full-S1,True,2,100,7.680443988647312
cuda,CWRU,model_only,Full-S1,True,2,101,7.681137009058148
cuda,CWRU,model_only,Full-S1,True,2,102,7.517690013628453
cuda,CWRU,model_only,Full-S1,True,2,103,7.445395982358605
cuda,CWRU,model_only,Full-S1,True,2,104,7.535650976933539
cuda,CWRU,model_only,Full-S1,True,2,105,7.446450006682426
cuda,CWRU,model_only,Full-S1,True,2,106,7.4748320039361715
cuda,CWRU,model_only,Full-S1,True,2,107,7.469208969268948
cuda,CWRU,model_only,Full-S1,True,2,108,7.456970051862299
cuda,CWRU,model_only,Full-S1,True,2,109,7.487852009944618
cuda,CWRU,model_only,Full-S1,True,2,110,7.517860969528556
cuda,CWRU,model_only,Full-S1,True,2,111,7.448895019479096
cuda,CWRU,model_only,Full-S1,True,2,112,7.471324992366135
cuda,CWRU,model_only,Full-S1,True,2,113,7.633379951585084
cuda,CWRU,model_only,Full-S1,True,2,114,7.904516998678446
cuda,CWRU,model_only,Full-S1,True,2,115,8.028317999560386
cuda,CWRU,model_only,Full-S1,True,2,116,7.88266200106591
cuda,CWRU,model_only,Full-S1,True,2,117,7.838331977836788
cuda,CWRU,model_only,Full-S1,True,2,118,7.636002032086253
cuda,CWRU,model_only,Full-S1,True,2,119,7.425080984830856
cuda,CWRU,model_only,Full-S1,True,2,120,7.454379985574633
cuda,CWRU,model_only,Full-S1,True,2,121,7.505392946768552
cuda,CWRU,model_only,Full-S1,True,2,122,7.446172006893903
cuda,CWRU,model_only,Full-S1,True,2,123,7.41930102230981
cuda,CWRU,model_only,Full-S1,True,2,124,7.448184012901038
cuda,CWRU,model_only,Full-S1,True,2,125,7.471926975995302
cuda,CWRU,model_only,Full-S1,True,2,126,7.440902991220355
cuda,CWRU,model_only,Full-S1,True,2,127,7.451349985785782
cuda,CWRU,model_only,Full-S1,True,2,128,7.48268497409299
cuda,CWRU,model_only,Full-S1,True,2,129,7.4949999689124525
cuda,CWRU,model_only,Full-S1,True,2,130,7.442923029884696
cuda,CWRU,model_only,Full-S1,True,2,131,7.407600001897663
cuda,CWRU,model_only,Full-S1,True,2,132,7.522571017034352
cuda,CWRU,model_only,Full-S1,True,2,133,7.453429978340864
cuda,CWRU,model_only,Full-S1,True,2,134,7.510555966291577
cuda,CWRU,model_only,Full-S1,True,2,135,7.487210037652403
cuda,CWRU,model_only,Full-S1,True,2,136,7.457742001861334
cuda,CWRU,model_only,Full-S1,True,2,137,7.436859013978392
cuda,CWRU,model_only,Full-S1,True,2,138,7.487565977498889
cuda,CWRU,model_only,Full-S1,True,2,139,7.415706000756472
cuda,CWRU,model_only,Full-S1,True,2,140,7.446717005223036
cuda,CWRU,model_only,Full-S1,True,2,141,7.542499981354922
cuda,CWRU,model_only,Full-S1,True,2,142,7.739441993180662
cuda,CWRU,model_only,Full-S1,True,2,143,7.767821021843702
cuda,CWRU,model_only,Full-S1,True,2,144,7.563258986920118
cuda,CWRU,model_only,Full-S1,True,2,145,7.474067038856447
cuda,CWRU,model_only,Full-S1,True,2,146,7.432973012328148
cuda,CWRU,model_only,Full-S1,True,2,147,7.453808968421072
cuda,CWRU,model_only,Full-S1,True,2,148,7.485571026336402
cuda,CWRU,model_only,Full-S1,True,2,149,7.429826946463436
cuda,CWRU,model_only,Full-S1,True,2,150,7.432612997945398
cuda,CWRU,model_only,Full-S1,True,2,151,7.456792984157801
cuda,CWRU,model_only,Full-S1,True,2,152,7.4554019956849515
cuda,CWRU,model_only,Full-S1,True,2,153,7.437417050823569
cuda,CWRU,model_only,Full-S1,True,2,154,7.446811010595411
cuda,CWRU,model_only,Full-S1,True,2,155,7.5271200039424
cuda,CWRU,model_only,Full-S1,True,2,156,7.477303966879845
cuda,CWRU,model_only,Full-S1,True,2,157,7.4616699712350965
cuda,CWRU,model_only,Full-S1,True,2,158,7.447320036590099
cuda,CWRU,model_only,Full-S1,True,2,159,7.450789969880134
cuda,CWRU,model_only,Full-S1,True,2,160,7.492848963011056
cuda,CWRU,model_only,Full-S1,True,2,161,7.470391981769353
cuda,CWRU,model_only,Full-S1,True,2,162,7.491558033507317
cuda,CWRU,model_only,Full-S1,True,2,163,7.440032029990107
cuda,CWRU,model_only,Full-S1,True,2,164,7.526163011789322
cuda,CWRU,model_only,Full-S1,True,2,165,7.542706036474556
cuda,CWRU,model_only,Full-S1,True,2,166,7.478968997020274
cuda,CWRU,model_only,Full-S1,True,2,167,7.433189020957798
cuda,CWRU,model_only,Full-S1,True,2,168,7.487254042644054
cuda,CWRU,model_only,Full-S1,True,2,169,7.437430962454528
cuda,CWRU,model_only,Full-S1,True,2,170,7.440631045028567
cuda,CWRU,model_only,Full-S1,True,2,171,7.430449011735618
cuda,CWRU,model_only,Full-S1,True,2,172,7.514707976952195
cuda,CWRU,model_only,Full-S1,True,2,173,7.450510049238801
cuda,CWRU,model_only,Full-S1,True,2,174,7.4608600116334856
cuda,CWRU,model_only,Full-S1,True,2,175,7.4806929915212095
cuda,CWRU,model_only,Full-S1,True,2,176,7.459844055119902
cuda,CWRU,model_only,Full-S1,True,2,177,7.456880994141102
cuda,CWRU,model_only,Full-S1,True,2,178,7.472128025256097
cuda,CWRU,model_only,Full-S1,True,2,179,7.4681040132418275
cuda,CWRU,model_only,Full-S1,True,2,180,7.442794041708112
cuda,CWRU,model_only,Full-S1,True,2,181,7.476285041775554
cuda,CWRU,model_only,Full-S1,True,2,182,7.4511070270091295
cuda,CWRU,model_only,Full-S1,True,2,183,7.4265600414946675
cuda,CWRU,model_only,Full-S1,True,2,184,7.526642002630979
cuda,CWRU,model_only,Full-S1,True,2,185,7.477084000129253
cuda,CWRU,model_only,Full-S1,True,2,186,7.496686012018472
cuda,CWRU,model_only,Full-S1,True,2,187,7.466795039363205
cuda,CWRU,model_only,Full-S1,True,2,188,7.504521985538304
cuda,CWRU,model_only,Full-S1,True,2,189,7.446500996593386
cuda,CWRU,model_only,Full-S1,True,2,190,7.522628991864622
cuda,CWRU,model_only,Full-S1,True,2,191,7.446922943927348
cuda,CWRU,model_only,Full-S1,True,2,192,7.493847981095314
cuda,CWRU,model_only,Full-S1,True,2,193,7.46233097743243
cuda,CWRU,model_only,Full-S1,True,2,194,7.442492002155632
cuda,CWRU,model_only,Full-S1,True,2,195,7.431235979311168
cuda,CWRU,model_only,Full-S1,True,2,196,7.45353294769302
cuda,CWRU,model_only,Full-S1,True,2,197,7.4361529550515115
cuda,CWRU,model_only,Full-S1,True,2,198,7.539204030763358
cuda,CWRU,model_only,Full-S1,True,2,199,7.572473026812077
cuda,CWRU,model_only,Full-S1,True,2,200,7.469762989785522
cuda,CWRU,model_only,Full-S1,True,2,201,7.437433989252895
cuda,CWRU,model_only,Full-S1,True,2,202,7.480719010345638
cuda,CWRU,model_only,Full-S1,True,2,203,7.43767200037837
cuda,CWRU,model_only,Full-S1,True,2,204,7.451799989212304
cuda,CWRU,model_only,Full-S1,True,2,205,7.434391009155661
cuda,CWRU,model_only,Full-S1,True,2,206,7.471493969205767
cuda,CWRU,model_only,Full-S1,True,2,207,7.511442003306001
cuda,CWRU,model_only,Full-S1,True,2,208,7.456057006493211
cuda,CWRU,model_only,Full-S1,True,2,209,7.451243000105023
cuda,CWRU,model_only,Full-S1,True,2,210,7.451068959198892
cuda,CWRU,model_only,Full-S1,True,2,211,7.483753026463091
cuda,CWRU,model_only,Full-S1,True,2,212,7.477033999748528
cuda,CWRU,model_only,Full-S1,True,2,213,7.490578049328178
cuda,CWRU,model_only,Full-S1,True,2,214,7.475805003196001
cuda,CWRU,model_only,Full-S1,True,2,215,7.5411940342746675
cuda,CWRU,model_only,Full-S1,True,2,216,7.461863977368921
cuda,CWRU,model_only,Full-S1,True,2,217,7.463190995622426
cuda,CWRU,model_only,Full-S1,True,2,218,7.624015037436038
cuda,CWRU,model_only,Full-S1,True,2,219,7.489433977752924
cuda,CWRU,model_only,Full-S1,True,2,220,7.56932602962479
cuda,CWRU,model_only,Full-S1,True,2,221,7.525798981077969
cuda,CWRU,model_only,Full-S1,True,2,222,7.500359031837434
cuda,CWRU,model_only,Full-S1,True,2,223,7.454763050191104
cuda,CWRU,model_only,Full-S1,True,2,224,7.505032990593463
cuda,CWRU,model_only,Full-S1,True,2,225,7.483288994990289
cuda,CWRU,model_only,Full-S1,True,2,226,7.433897000737488
cuda,CWRU,model_only,Full-S1,True,2,227,7.445138006005436
cuda,CWRU,model_only,Full-S1,True,2,228,7.484128000214696
cuda,CWRU,model_only,Full-S1,True,2,229,7.458072039298713
cuda,CWRU,model_only,Full-S1,True,2,230,7.423680974170566
cuda,CWRU,model_only,Full-S1,True,2,231,7.494552992284298
cuda,CWRU,model_only,Full-S1,True,2,232,7.507983013056219
cuda,CWRU,model_only,Full-S1,True,2,233,7.529260998126119
cuda,CWRU,model_only,Full-S1,True,2,234,7.816588971763849
cuda,CWRU,model_only,Full-S1,True,2,235,7.527184032369405
cuda,CWRU,model_only,Full-S1,True,2,236,7.466447015758604
cuda,CWRU,model_only,Full-S1,True,2,237,7.466070994269103
cuda,CWRU,model_only,Full-S1,True,2,238,7.460316002834588
cuda,CWRU,model_only,Full-S1,True,2,239,7.5008709682151675
cuda,CWRU,model_only,Full-S1,True,2,240,7.456840015947819
cuda,CWRU,model_only,Full-S1,True,2,241,7.500524981878698
cuda,CWRU,model_only,Full-S1,True,2,242,7.550681009888649
cuda,CWRU,model_only,Full-S1,True,2,243,7.469351985491812
cuda,CWRU,model_only,Full-S1,True,2,244,7.428113021887839
cuda,CWRU,model_only,Full-S1,True,2,245,7.464048976544291
cuda,CWRU,model_only,Full-S1,True,2,246,7.454818987753242
cuda,CWRU,model_only,Full-S1,True,2,247,7.476209022570401
cuda,CWRU,model_only,Full-S1,True,2,248,7.453522004652768
cuda,CWRU,model_only,Full-S1,True,2,249,7.4751180363819
cuda,CWRU,model_only,K1,True,2,0,4.127737949602306
cuda,CWRU,model_only,K1,True,2,1,4.010028031188995
cuda,CWRU,model_only,K1,True,2,2,4.033933975733817
cuda,CWRU,model_only,K1,True,2,3,4.027787013910711
cuda,CWRU,model_only,K1,True,2,4,4.055462020915002
cuda,CWRU,model_only,K1,True,2,5,4.010680015198886
cuda,CWRU,model_only,K1,True,2,6,4.033176985103637
cuda,CWRU,model_only,K1,True,2,7,4.03751595877111
cuda,CWRU,model_only,K1,True,2,8,4.044439003337175
cuda,CWRU,model_only,K1,True,2,9,4.026905982755125
cuda,CWRU,model_only,K1,True,2,10,4.0452899993397295
cuda,CWRU,model_only,K1,True,2,11,4.008701012935489
cuda,CWRU,model_only,K1,True,2,12,4.02062403736636
cuda,CWRU,model_only,K1,True,2,13,4.023120971396565
cuda,CWRU,model_only,K1,True,2,14,4.034092999063432
cuda,CWRU,model_only,K1,True,2,15,4.012924968264997
cuda,CWRU,model_only,K1,True,2,16,4.040191997773945
cuda,CWRU,model_only,K1,True,2,17,4.0121100028045475
cuda,CWRU,model_only,K1,True,2,18,4.022634995635599
cuda,CWRU,model_only,K1,True,2,19,3.9963210001587868
cuda,CWRU,model_only,K1,True,2,20,4.024011024739593
cuda,CWRU,model_only,K1,True,2,21,4.013611003756523
cuda,CWRU,model_only,K1,True,2,22,4.057370009832084
cuda,CWRU,model_only,K1,True,2,23,4.004191025160253
cuda,CWRU,model_only,K1,True,2,24,4.078954982105643
cuda,CWRU,model_only,K1,True,2,25,4.0206260164268315
cuda,CWRU,model_only,K1,True,2,26,4.098580975551158
cuda,CWRU,model_only,K1,True,2,27,4.032404976896942
cuda,CWRU,model_only,K1,True,2,28,4.069175978656858
cuda,CWRU,model_only,K1,True,2,29,4.044016997795552
cuda,CWRU,model_only,K1,True,2,30,4.0176400216296315
cuda,CWRU,model_only,K1,True,2,31,4.021070024464279
cuda,CWRU,model_only,K1,True,2,32,4.035198944620788
cuda,CWRU,model_only,K1,True,2,33,4.017731989733875
cuda,CWRU,model_only,K1,True,2,34,4.025729955174029
cuda,CWRU,model_only,K1,True,2,35,4.034094046801329
cuda,CWRU,model_only,K1,True,2,36,4.0404649917036295
cuda,CWRU,model_only,K1,True,2,37,4.020916996523738
cuda,CWRU,model_only,K1,True,2,38,4.023490997496992
cuda,CWRU,model_only,K1,True,2,39,4.0191650041379035
cuda,CWRU,model_only,K1,True,2,40,4.0251080063171685
cuda,CWRU,model_only,K1,True,2,41,3.995253995526582
cuda,CWRU,model_only,K1,True,2,42,4.032043972983956
cuda,CWRU,model_only,K1,True,2,43,4.018220992293209
cuda,CWRU,model_only,K1,True,2,44,4.01486101327464
cuda,CWRU,model_only,K1,True,2,45,4.017128027044237
cuda,CWRU,model_only,K1,True,2,46,4.008101008366793
cuda,CWRU,model_only,K1,True,2,47,4.3404370080679655
cuda,CWRU,model_only,K1,True,2,48,4.106815962586552
cuda,CWRU,model_only,K1,True,2,49,4.078242985997349
cuda,CWRU,model_only,K1,True,2,50,4.048718023113906
cuda,CWRU,model_only,K1,True,2,51,4.02996496995911
cuda,CWRU,model_only,K1,True,2,52,4.0233510080724955
cuda,CWRU,model_only,K1,True,2,53,4.0252540493384
cuda,CWRU,model_only,K1,True,2,54,4.047235997859389
cuda,CWRU,model_only,K1,True,2,55,4.018534964416176
cuda,CWRU,model_only,K1,True,2,56,4.056745034176856
cuda,CWRU,model_only,K1,True,2,57,4.009992000646889
cuda,CWRU,model_only,K1,True,2,58,4.022334993351251
cuda,CWRU,model_only,K1,True,2,59,4.042124026454985
cuda,CWRU,model_only,K1,True,2,60,4.0212199673987925
cuda,CWRU,model_only,K1,True,2,61,4.036628000903875
cuda,CWRU,model_only,K1,True,2,62,4.0071040275506675
cuda,CWRU,model_only,K1,True,2,63,4.028984985779971
cuda,CWRU,model_only,K1,True,2,64,4.041331994812936
cuda,CWRU,model_only,K1,True,2,65,4.023398971185088
cuda,CWRU,model_only,K1,True,2,66,4.007070034276694
cuda,CWRU,model_only,K1,True,2,67,4.022689012344927
cuda,CWRU,model_only,K1,True,2,68,4.032084019854665
cuda,CWRU,model_only,K1,True,2,69,4.005177994258702
cuda,CWRU,model_only,K1,True,2,70,4.026064008940011
cuda,CWRU,model_only,K1,True,2,71,4.025002010166645
cuda,CWRU,model_only,K1,True,2,72,4.077844030689448
cuda,CWRU,model_only,K1,True,2,73,4.04641596833244
cuda,CWRU,model_only,K1,True,2,74,4.033049044664949
cuda,CWRU,model_only,K1,True,2,75,4.036728001665324
cuda,CWRU,model_only,K1,True,2,76,4.0301489643752575
cuda,CWRU,model_only,K1,True,2,77,4.015121958218515
cuda,CWRU,model_only,K1,True,2,78,4.03598602861166
cuda,CWRU,model_only,K1,True,2,79,4.086069006007165
cuda,CWRU,model_only,K1,True,2,80,4.102359001990408
cuda,CWRU,model_only,K1,True,2,81,4.063193977344781
cuda,CWRU,model_only,K1,True,2,82,4.027884977404028
cuda,CWRU,model_only,K1,True,2,83,4.038668004795909
cuda,CWRU,model_only,K1,True,2,84,4.068172012921423
cuda,CWRU,model_only,K1,True,2,85,4.01026097824797
cuda,CWRU,model_only,K1,True,2,86,4.047049966175109
cuda,CWRU,model_only,K1,True,2,87,4.04744001571089
cuda,CWRU,model_only,K1,True,2,88,4.0262319962494075
cuda,CWRU,model_only,K1,True,2,89,4.047524998895824
cuda,CWRU,model_only,K1,True,2,90,4.026554001029581
cuda,CWRU,model_only,K1,True,2,91,4.028687020763755
cuda,CWRU,model_only,K1,True,2,92,4.0403910097666085
cuda,CWRU,model_only,K1,True,2,93,4.004946036729962
cuda,CWRU,model_only,K1,True,2,94,4.018382984213531
cuda,CWRU,model_only,K1,True,2,95,4.024891008157283
cuda,CWRU,model_only,K1,True,2,96,4.092992981895804
cuda,CWRU,model_only,K1,True,2,97,4.015621962025762
cuda,CWRU,model_only,K1,True,2,98,4.02975402539596
cuda,CWRU,model_only,K1,True,2,99,4.039959982037544
cuda,CWRU,model_only,K1,True,2,100,4.024014982860535
cuda,CWRU,model_only,K1,True,2,101,4.029029980301857
cuda,CWRU,model_only,K1,True,2,102,3.9997179992496967
cuda,CWRU,model_only,K1,True,2,103,4.0420370060019195
cuda,CWRU,model_only,K1,True,2,104,4.106011998374015
cuda,CWRU,model_only,K1,True,2,105,4.030782962217927
cuda,CWRU,model_only,K1,True,2,106,4.029046976938844
cuda,CWRU,model_only,K1,True,2,107,4.016774008050561
cuda,CWRU,model_only,K1,True,2,108,4.052195989061147
cuda,CWRU,model_only,K1,True,2,109,4.047586990054697
cuda,CWRU,model_only,K1,True,2,110,4.034887999296188
cuda,CWRU,model_only,K1,True,2,111,4.021817003376782
cuda,CWRU,model_only,K1,True,2,112,4.039810970425606
cuda,CWRU,model_only,K1,True,2,113,4.008529998827726
cuda,CWRU,model_only,K1,True,2,114,4.023078945465386
cuda,CWRU,model_only,K1,True,2,115,4.032386990729719
cuda,CWRU,model_only,K1,True,2,116,4.026202019304037
cuda,CWRU,model_only,K1,True,2,117,4.0176750044338405
cuda,CWRU,model_only,K1,True,2,118,4.028353025205433
cuda,CWRU,model_only,K1,True,2,119,4.027740971650928
cuda,CWRU,model_only,K1,True,2,120,4.032618016935885
cuda,CWRU,model_only,K1,True,2,121,4.048693983349949
cuda,CWRU,model_only,K1,True,2,122,3.998211002908647
cuda,CWRU,model_only,K1,True,2,123,4.026691021863371
cuda,CWRU,model_only,K1,True,2,124,4.009049036540091
cuda,CWRU,model_only,K1,True,2,125,4.0465969941578805
cuda,CWRU,model_only,K1,True,2,126,4.017369996290654
cuda,CWRU,model_only,K1,True,2,127,4.053564975038171
cuda,CWRU,model_only,K1,True,2,128,4.016904043965042
cuda,CWRU,model_only,K1,True,2,129,4.023374000098556
cuda,CWRU,model_only,K1,True,2,130,4.0354260127060115
cuda,CWRU,model_only,K1,True,2,131,4.036431957501918
cuda,CWRU,model_only,K1,True,2,132,4.019479965791106
cuda,CWRU,model_only,K1,True,2,133,4.027586022857577
cuda,CWRU,model_only,K1,True,2,134,4.049623035825789
cuda,CWRU,model_only,K1,True,2,135,4.024756024591625
cuda,CWRU,model_only,K1,True,2,136,4.070501017849892
cuda,CWRU,model_only,K1,True,2,137,4.0554869920015335
cuda,CWRU,model_only,K1,True,2,138,4.033375007566065
cuda,CWRU,model_only,K1,True,2,139,4.022331035230309
cuda,CWRU,model_only,K1,True,2,140,4.032775992527604
cuda,CWRU,model_only,K1,True,2,141,4.013618046883494
cuda,CWRU,model_only,K1,True,2,142,4.042126005515456
cuda,CWRU,model_only,K1,True,2,143,4.036458965856582
cuda,CWRU,model_only,K1,True,2,144,4.056292993482202
cuda,CWRU,model_only,K1,True,2,145,3.9866470033302903
cuda,CWRU,model_only,K1,True,2,146,4.015175974927843
cuda,CWRU,model_only,K1,True,2,147,4.052357980981469
cuda,CWRU,model_only,K1,True,2,148,4.020750988274813
cuda,CWRU,model_only,K1,True,2,149,4.000121029093862
cuda,CWRU,model_only,K1,True,2,150,4.061368992552161
cuda,CWRU,model_only,K1,True,2,151,4.019468964543194
cuda,CWRU,model_only,K1,True,2,152,4.076507000718266
cuda,CWRU,model_only,K1,True,2,153,4.091074981261045
cuda,CWRU,model_only,K1,True,2,154,4.0097180171869695
cuda,CWRU,model_only,K1,True,2,155,4.018298990558833
cuda,CWRU,model_only,K1,True,2,156,4.01253200834617
cuda,CWRU,model_only,K1,True,2,157,4.03428403660655
cuda,CWRU,model_only,K1,True,2,158,4.015870043076575
cuda,CWRU,model_only,K1,True,2,159,4.048653005156666
cuda,CWRU,model_only,K1,True,2,160,4.080697020981461
cuda,CWRU,model_only,K1,True,2,161,4.012738005258143
cuda,CWRU,model_only,K1,True,2,162,4.032379016280174
cuda,CWRU,model_only,K1,True,2,163,4.0013890247792006
cuda,CWRU,model_only,K1,True,2,164,4.055212019011378
cuda,CWRU,model_only,K1,True,2,165,3.989414020907134
cuda,CWRU,model_only,K1,True,2,166,4.0377050172537565
cuda,CWRU,model_only,K1,True,2,167,4.015547980088741
cuda,CWRU,model_only,K1,True,2,168,4.051358031574637
cuda,CWRU,model_only,K1,True,2,169,4.033588047605008
cuda,CWRU,model_only,K1,True,2,170,4.022488952614367
cuda,CWRU,model_only,K1,True,2,171,4.0471230167895555
cuda,CWRU,model_only,K1,True,2,172,4.0241400129161775
cuda,CWRU,model_only,K1,True,2,173,4.007468989584595
cuda,CWRU,model_only,K1,True,2,174,4.107376036699861
cuda,CWRU,model_only,K1,True,2,175,4.035831021610647
cuda,CWRU,model_only,K1,True,2,176,4.025471047498286
cuda,CWRU,model_only,K1,True,2,177,4.036827012896538
cuda,CWRU,model_only,K1,True,2,178,4.030668991617858
cuda,CWRU,model_only,K1,True,2,179,4.024458001367748
cuda,CWRU,model_only,K1,True,2,180,4.024586989544332
cuda,CWRU,model_only,K1,True,2,181,4.01491898810491
cuda,CWRU,model_only,K1,True,2,182,4.019565996713936
cuda,CWRU,model_only,K1,True,2,183,4.018459003418684
cuda,CWRU,model_only,K1,True,2,184,4.0294049540534616
cuda,CWRU,model_only,K1,True,2,185,4.01457300176844
cuda,CWRU,model_only,K1,True,2,186,4.0184479439631104
cuda,CWRU,model_only,K1,True,2,187,4.035043006297201
cuda,CWRU,model_only,K1,True,2,188,4.024478024803102
cuda,CWRU,model_only,K1,True,2,189,4.189573985058814
cuda,CWRU,model_only,K1,True,2,190,4.300315049476922
cuda,CWRU,model_only,K1,True,2,191,4.20456804567948
cuda,CWRU,model_only,K1,True,2,192,4.179702023975551
cuda,CWRU,model_only,K1,True,2,193,4.114064970053732
cuda,CWRU,model_only,K1,True,2,194,4.057253012433648
cuda,CWRU,model_only,K1,True,2,195,4.02417202712968
cuda,CWRU,model_only,K1,True,2,196,4.062118998263031
cuda,CWRU,model_only,K1,True,2,197,4.013618978206068
cuda,CWRU,model_only,K1,True,2,198,4.040920990519226
cuda,CWRU,model_only,K1,True,2,199,4.017019004095346
cuda,CWRU,model_only,K1,True,2,200,4.045688023325056
cuda,CWRU,model_only,K1,True,2,201,3.9996320265345275
cuda,CWRU,model_only,K1,True,2,202,4.054377030115575
cuda,CWRU,model_only,K1,True,2,203,4.027322982437909
cuda,CWRU,model_only,K1,True,2,204,4.027489980217069
cuda,CWRU,model_only,K1,True,2,205,4.021678993012756
cuda,CWRU,model_only,K1,True,2,206,4.002927045803517
cuda,CWRU,model_only,K1,True,2,207,4.029208037536591
cuda,CWRU,model_only,K1,True,2,208,4.082450992427766
cuda,CWRU,model_only,K1,True,2,209,4.01688099373132
cuda,CWRU,model_only,K1,True,2,210,3.998962987679988
cuda,CWRU,model_only,K1,True,2,211,4.039052990265191
cuda,CWRU,model_only,K1,True,2,212,4.004816000815481
cuda,CWRU,model_only,K1,True,2,213,4.029412986710668
cuda,CWRU,model_only,K1,True,2,214,4.087723034899682
cuda,CWRU,model_only,K1,True,2,215,4.019307962153107
cuda,CWRU,model_only,K1,True,2,216,4.0813889936544
cuda,CWRU,model_only,K1,True,2,217,4.033025004900992
cuda,CWRU,model_only,K1,True,2,218,4.008335992693901
cuda,CWRU,model_only,K1,True,2,219,4.016442981082946
cuda,CWRU,model_only,K1,True,2,220,4.895130987279117
cuda,CWRU,model_only,K1,True,2,221,4.111061047296971
cuda,CWRU,model_only,K1,True,2,222,4.068539012223482
cuda,CWRU,model_only,K1,True,2,223,4.093714989721775
cuda,CWRU,model_only,K1,True,2,224,4.039616964291781
cuda,CWRU,model_only,K1,True,2,225,4.021999018732458
cuda,CWRU,model_only,K1,True,2,226,4.0121779893524945
cuda,CWRU,model_only,K1,True,2,227,4.045321024022996
cuda,CWRU,model_only,K1,True,2,228,4.011753015220165
cuda,CWRU,model_only,K1,True,2,229,4.063646018039435
cuda,CWRU,model_only,K1,True,2,230,4.019477986730635
cuda,CWRU,model_only,K1,True,2,231,4.028396971989423
cuda,CWRU,model_only,K1,True,2,232,4.042392014525831
cuda,CWRU,model_only,K1,True,2,233,4.0878470172174275
cuda,CWRU,model_only,K1,True,2,234,3.997154999524355
cuda,CWRU,model_only,K1,True,2,235,4.030160023830831
cuda,CWRU,model_only,K1,True,2,236,4.0178230265155435
cuda,CWRU,model_only,K1,True,2,237,4.084133019205183
cuda,CWRU,model_only,K1,True,2,238,4.035941034089774
cuda,CWRU,model_only,K1,True,2,239,4.0341520216315985
cuda,CWRU,model_only,K1,True,2,240,4.018024948891252
cuda,CWRU,model_only,K1,True,2,241,4.036672005895525
cuda,CWRU,model_only,K1,True,2,242,4.02308302000165
cuda,CWRU,model_only,K1,True,2,243,4.027680028229952
cuda,CWRU,model_only,K1,True,2,244,4.016229009721428
cuda,CWRU,model_only,K1,True,2,245,4.02911298442632
cuda,CWRU,model_only,K1,True,2,246,4.009263007901609
cuda,CWRU,model_only,K1,True,2,247,4.068136040586978
cuda,CWRU,model_only,K1,True,2,248,4.011898010503501
cuda,CWRU,model_only,K1,True,2,249,4.027334041893482
cuda,CWRU,model_only,K1,True,3,0,4.070463997777551
cuda,CWRU,model_only,K1,True,3,1,4.063823027536273
cuda,CWRU,model_only,K1,True,3,2,4.057785030454397
cuda,CWRU,model_only,K1,True,3,3,4.019209009129554
cuda,CWRU,model_only,K1,True,3,4,4.031208984088153
cuda,CWRU,model_only,K1,True,3,5,4.0279480163007975
cuda,CWRU,model_only,K1,True,3,6,4.025204048957676
cuda,CWRU,model_only,K1,True,3,7,4.037712002173066
cuda,CWRU,model_only,K1,True,3,8,4.056847013998777
cuda,CWRU,model_only,K1,True,3,9,4.0320559637621045
cuda,CWRU,model_only,K1,True,3,10,4.022284003440291
cuda,CWRU,model_only,K1,True,3,11,4.010370001196861
cuda,CWRU,model_only,K1,True,3,12,4.019789979793131
cuda,CWRU,model_only,K1,True,3,13,4.027561983093619
cuda,CWRU,model_only,K1,True,3,14,4.046658985316753
cuda,CWRU,model_only,K1,True,3,15,4.023153975140303
cuda,CWRU,model_only,K1,True,3,16,4.025887988973409
cuda,CWRU,model_only,K1,True,3,17,4.017659986857325
cuda,CWRU,model_only,K1,True,3,18,4.026402020826936
cuda,CWRU,model_only,K1,True,3,19,4.081933002453297
cuda,CWRU,model_only,K1,True,3,20,4.022851993795484
cuda,CWRU,model_only,K1,True,3,21,4.108602006454021
cuda,CWRU,model_only,K1,True,3,22,4.000485991127789
cuda,CWRU,model_only,K1,True,3,23,4.027318034786731
cuda,CWRU,model_only,K1,True,3,24,4.000564047601074
cuda,CWRU,model_only,K1,True,3,25,4.05139900976792
cuda,CWRU,model_only,K1,True,3,26,4.029494011774659
cuda,CWRU,model_only,K1,True,3,27,4.014066013041884
cuda,CWRU,model_only,K1,True,3,28,4.025537986308336
cuda,CWRU,model_only,K1,True,3,29,4.010993987321854
cuda,CWRU,model_only,K1,True,3,30,4.034293990116566
cuda,CWRU,model_only,K1,True,3,31,4.006590985227376
cuda,CWRU,model_only,K1,True,3,32,4.036889993585646
cuda,CWRU,model_only,K1,True,3,33,4.058548016473651
cuda,CWRU,model_only,K1,True,3,34,3.9985759649425745
cuda,CWRU,model_only,K1,True,3,35,4.0255190106108785
cuda,CWRU,model_only,K1,True,3,36,4.019807965960354
cuda,CWRU,model_only,K1,True,3,37,4.037356004118919
cuda,CWRU,model_only,K1,True,3,38,4.0249889716506
cuda,CWRU,model_only,K1,True,3,39,4.018971987534314
cuda,CWRU,model_only,K1,True,3,40,4.016913007944822
cuda,CWRU,model_only,K1,True,3,41,4.0221220115199685
cuda,CWRU,model_only,K1,True,3,42,4.03839600039646
cuda,CWRU,model_only,K1,True,3,43,4.026810987852514
cuda,CWRU,model_only,K1,True,3,44,4.1454629972577095
cuda,CWRU,model_only,K1,True,3,45,4.219795984681696
cuda,CWRU,model_only,K1,True,3,46,4.073676012922078
cuda,CWRU,model_only,K1,True,3,47,4.0717379888519645
cuda,CWRU,model_only,K1,True,3,48,4.038713988848031
cuda,CWRU,model_only,K1,True,3,49,4.035669029690325
cuda,CWRU,model_only,K1,True,3,50,4.02925000526011
cuda,CWRU,model_only,K1,True,3,51,4.065076005645096
cuda,CWRU,model_only,K1,True,3,52,4.013545985799283
cuda,CWRU,model_only,K1,True,3,53,4.035243997350335
cuda,CWRU,model_only,K1,True,3,54,4.11354802781716
cuda,CWRU,model_only,K1,True,3,55,4.038059967570007
cuda,CWRU,model_only,K1,True,3,56,4.019973974209279
cuda,CWRU,model_only,K1,True,3,57,4.060166014824063
cuda,CWRU,model_only,K1,True,3,58,4.0890349773690104
cuda,CWRU,model_only,K1,True,3,59,4.016953986138105
cuda,CWRU,model_only,K1,True,3,60,4.052591975778341
cuda,CWRU,model_only,K1,True,3,61,4.055663011968136
cuda,CWRU,model_only,K1,True,3,62,4.012868972495198
cuda,CWRU,model_only,K1,True,3,63,4.01647703256458
cuda,CWRU,model_only,K1,True,3,64,4.027076007332653
cuda,CWRU,model_only,K1,True,3,65,3.9959109853953123
cuda,CWRU,model_only,K1,True,3,66,4.016689024865627
cuda,CWRU,model_only,K1,True,3,67,4.020159016363323
cuda,CWRU,model_only,K1,True,3,68,4.009458003565669
cuda,CWRU,model_only,K1,True,3,69,4.075895994901657
cuda,CWRU,model_only,K1,True,3,70,4.0500740287825465
cuda,CWRU,model_only,K1,True,3,71,4.029306990560144
cuda,CWRU,model_only,K1,True,3,72,4.020398017019033
cuda,CWRU,model_only,K1,True,3,73,4.01619600597769
cuda,CWRU,model_only,K1,True,3,74,4.024330992251635
cuda,CWRU,model_only,K1,True,3,75,4.057215992361307
cuda,CWRU,model_only,K1,True,3,76,3.9997020503506064
cuda,CWRU,model_only,K1,True,3,77,4.041570005938411
cuda,CWRU,model_only,K1,True,3,78,4.047675000037998
cuda,CWRU,model_only,K1,True,3,79,4.030060023069382
cuda,CWRU,model_only,K1,True,3,80,4.031174990814179
cuda,CWRU,model_only,K1,True,3,81,4.034385026898235
cuda,CWRU,model_only,K1,True,3,82,4.109850968234241
cuda,CWRU,model_only,K1,True,3,83,4.0295940125361085
cuda,CWRU,model_only,K1,True,3,84,4.063659987878054
cuda,CWRU,model_only,K1,True,3,85,4.0205150144174695
cuda,CWRU,model_only,K1,True,3,86,4.02596197091043
cuda,CWRU,model_only,K1,True,3,87,4.01602202327922
cuda,CWRU,model_only,K1,True,3,88,4.01948404032737
cuda,CWRU,model_only,K1,True,3,89,3.9994660182856023
cuda,CWRU,model_only,K1,True,3,90,4.029016010463238
cuda,CWRU,model_only,K1,True,3,91,4.01159399189055
cuda,CWRU,model_only,K1,True,3,92,4.023259971290827
cuda,CWRU,model_only,K1,True,3,93,4.046079993713647
cuda,CWRU,model_only,K1,True,3,94,4.0270580211654305
cuda,CWRU,model_only,K1,True,3,95,4.007460956927389
cuda,CWRU,model_only,K1,True,3,96,4.035177000332624
cuda,CWRU,model_only,K1,True,3,97,4.025063011795282
cuda,CWRU,model_only,K1,True,3,98,4.058404010720551
cuda,CWRU,model_only,K1,True,3,99,4.0215650224126875
cuda,CWRU,model_only,K1,True,3,100,4.008059971965849
cuda,CWRU,model_only,K1,True,3,101,4.028113966342062
cuda,CWRU,model_only,K1,True,3,102,4.009098978713155
cuda,CWRU,model_only,K1,True,3,103,4.009241994936019
cuda,CWRU,model_only,K1,True,3,104,4.0333669749088585
cuda,CWRU,model_only,K1,True,3,105,4.0115430019795895
cuda,CWRU,model_only,K1,True,3,106,4.040141007862985
cuda,CWRU,model_only,K1,True,3,107,4.0909500094130635
cuda,CWRU,model_only,K1,True,3,108,4.007525974884629
cuda,CWRU,model_only,K1,True,3,109,4.103493993170559
cuda,CWRU,model_only,K1,True,3,110,4.026916984003037
cuda,CWRU,model_only,K1,True,3,111,4.036515019834042
cuda,CWRU,model_only,K1,True,3,112,4.01886401232332
cuda,CWRU,model_only,K1,True,3,113,4.013060010038316
cuda,CWRU,model_only,K1,True,3,114,4.058267979416996
cuda,CWRU,model_only,K1,True,3,115,4.03582799481228
cuda,CWRU,model_only,K1,True,3,116,4.015540005639195
cuda,CWRU,model_only,K1,True,3,117,4.034887999296188
cuda,CWRU,model_only,K1,True,3,118,4.013274039607495
cuda,CWRU,model_only,K1,True,3,119,4.030163981951773
cuda,CWRU,model_only,K1,True,3,120,4.0249190060421824
cuda,CWRU,model_only,K1,True,3,121,4.007451992947608
cuda,CWRU,model_only,K1,True,3,122,4.010636010207236
cuda,CWRU,model_only,K1,True,3,123,4.016195947770029
cuda,CWRU,model_only,K1,True,3,124,4.040672967676073
cuda,CWRU,model_only,K1,True,3,125,4.0708890301175416
cuda,CWRU,model_only,K1,True,3,126,4.004204994998872
cuda,CWRU,model_only,K1,True,3,127,4.043736029416323
cuda,CWRU,model_only,K1,True,3,128,4.050599003676325
cuda,CWRU,model_only,K1,True,3,129,4.020174033939838
cuda,CWRU,model_only,K1,True,3,130,4.015073005575687
cuda,CWRU,model_only,K1,True,3,131,4.033918026834726
cuda,CWRU,model_only,K1,True,3,132,4.033907956909388
cuda,CWRU,model_only,K1,True,3,133,4.092807997949421
cuda,CWRU,model_only,K1,True,3,134,4.023096989840269
cuda,CWRU,model_only,K1,True,3,135,4.018389969132841
cuda,CWRU,model_only,K1,True,3,136,4.048879025503993
cuda,CWRU,model_only,K1,True,3,137,4.023568006232381
cuda,CWRU,model_only,K1,True,3,138,4.018157022073865
cuda,CWRU,model_only,K1,True,3,139,4.032779019325972
cuda,CWRU,model_only,K1,True,3,140,4.080498008988798
cuda,CWRU,model_only,K1,True,3,141,4.040764004457742
cuda,CWRU,model_only,K1,True,3,142,4.0354590164497495
cuda,CWRU,model_only,K1,True,3,143,4.056972044054419
cuda,CWRU,model_only,K1,True,3,144,4.0141919744201005
cuda,CWRU,model_only,K1,True,3,145,4.053326032590121
cuda,CWRU,model_only,K1,True,3,146,4.019516985863447
cuda,CWRU,model_only,K1,True,3,147,4.0304920403286815
cuda,CWRU,model_only,K1,True,3,148,4.027339979074895
cuda,CWRU,model_only,K1,True,3,149,4.00987098691985
cuda,CWRU,model_only,K1,True,3,150,4.033486009575427
cuda,CWRU,model_only,K1,True,3,151,4.071224015206099
cuda,CWRU,model_only,K1,True,3,152,4.006078001111746
cuda,CWRU,model_only,K1,True,3,153,4.0270540048368275
cuda,CWRU,model_only,K1,True,3,154,4.00884699774906
cuda,CWRU,model_only,K1,True,3,155,4.128716012928635
cuda,CWRU,model_only,K1,True,3,156,4.053968004882336
cuda,CWRU,model_only,K1,True,3,157,4.149990971200168
cuda,CWRU,model_only,K1,True,3,158,4.032341006677598
cuda,CWRU,model_only,K1,True,3,159,4.028938943520188
cuda,CWRU,model_only,K1,True,3,160,4.0117400349117815
cuda,CWRU,model_only,K1,True,3,161,4.02965402463451
cuda,CWRU,model_only,K1,True,3,162,4.0673259645700455
cuda,CWRU,model_only,K1,True,3,163,4.012837016489357
cuda,CWRU,model_only,K1,True,3,164,4.02658898383379
cuda,CWRU,model_only,K1,True,3,165,4.028707044199109
cuda,CWRU,model_only,K1,True,3,166,4.036212980281562
cuda,CWRU,model_only,K1,True,3,167,4.046844958793372
cuda,CWRU,model_only,K1,True,3,168,4.042014013975859
cuda,CWRU,model_only,K1,True,3,169,4.044256987981498
cuda,CWRU,model_only,K1,True,3,170,4.025216039735824
cuda,CWRU,model_only,K1,True,3,171,4.023062996566296
cuda,CWRU,model_only,K1,True,3,172,3.989021002780646
cuda,CWRU,model_only,K1,True,3,173,4.040525993332267
cuda,CWRU,model_only,K1,True,3,174,4.02354501420632
cuda,CWRU,model_only,K1,True,3,175,4.004732007160783
cuda,CWRU,model_only,K1,True,3,176,4.023719986435026
cuda,CWRU,model_only,K1,True,3,177,4.033926990814507
cuda,CWRU,model_only,K1,True,3,178,4.023991990834475
cuda,CWRU,model_only,K1,True,3,179,4.02987003326416
cuda,CWRU,model_only,K1,True,3,180,4.082011000718921
cuda,CWRU,model_only,K1,True,3,181,4.005210008472204
cuda,CWRU,model_only,K1,True,3,182,4.026385024189949
cuda,CWRU,model_only,K1,True,3,183,3.9916159585118294
cuda,CWRU,model_only,K1,True,3,184,4.02865995420143
cuda,CWRU,model_only,K1,True,3,185,4.027577000670135
cuda,CWRU,model_only,K1,True,3,186,4.0209199651144445
cuda,CWRU,model_only,K1,True,3,187,4.339083970990032
cuda,CWRU,model_only,K1,True,3,188,4.071972973179072
cuda,CWRU,model_only,K1,True,3,189,4.2589069926179945
cuda,CWRU,model_only,K1,True,3,190,4.153441987000406
cuda,CWRU,model_only,K1,True,3,191,4.111986025236547
cuda,CWRU,model_only,K1,True,3,192,4.057619022205472
cuda,CWRU,model_only,K1,True,3,193,4.161146993283182
cuda,CWRU,model_only,K1,True,3,194,4.056856036186218
cuda,CWRU,model_only,K1,True,3,195,4.004119022283703
cuda,CWRU,model_only,K1,True,3,196,4.037007980514318
cuda,CWRU,model_only,K1,True,3,197,4.0531319682486355
cuda,CWRU,model_only,K1,True,3,198,4.009013995528221
cuda,CWRU,model_only,K1,True,3,199,4.0328039904125035
cuda,CWRU,model_only,K1,True,3,200,4.0297009982168674
cuda,CWRU,model_only,K1,True,3,201,4.060609033331275
cuda,CWRU,model_only,K1,True,3,202,4.027335962746292
cuda,CWRU,model_only,K1,True,3,203,4.039265040773898
cuda,CWRU,model_only,K1,True,3,204,4.022735985927284
cuda,CWRU,model_only,K1,True,3,205,4.032794036902487
cuda,CWRU,model_only,K1,True,3,206,4.025844973511994
cuda,CWRU,model_only,K1,True,3,207,4.025864996947348
cuda,CWRU,model_only,K1,True,3,208,4.021572996862233
cuda,CWRU,model_only,K1,True,3,209,4.052276024594903
cuda,CWRU,model_only,K1,True,3,210,4.008224990684539
cuda,CWRU,model_only,K1,True,3,211,4.119373043067753
cuda,CWRU,model_only,K1,True,3,212,4.032686003483832
cuda,CWRU,model_only,K1,True,3,213,4.049747018143535
cuda,CWRU,model_only,K1,True,3,214,4.012497025541961
cuda,CWRU,model_only,K1,True,3,215,4.017870000097901
cuda,CWRU,model_only,K1,True,3,216,4.020253953058273
cuda,CWRU,model_only,K1,True,3,217,4.00909100426361
cuda,CWRU,model_only,K1,True,3,218,4.163153993431479
cuda,CWRU,model_only,K1,True,3,219,4.081810999196023
cuda,CWRU,model_only,K1,True,3,220,4.080553015228361
cuda,CWRU,model_only,K1,True,3,221,4.15356399025768
cuda,CWRU,model_only,K1,True,3,222,4.045158973895013
cuda,CWRU,model_only,K1,True,3,223,4.0338109829463065
cuda,CWRU,model_only,K1,True,3,224,4.037478007376194
cuda,CWRU,model_only,K1,True,3,225,4.055247001815587
cuda,CWRU,model_only,K1,True,3,226,4.014360019937158
cuda,CWRU,model_only,K1,True,3,227,4.044579982291907
cuda,CWRU,model_only,K1,True,3,228,4.02256497181952
cuda,CWRU,model_only,K1,True,3,229,4.046916961669922
cuda,CWRU,model_only,K1,True,3,230,4.019351035822183
cuda,CWRU,model_only,K1,True,3,231,4.091488022822887
cuda,CWRU,model_only,K1,True,3,232,4.012291028629988
cuda,CWRU,model_only,K1,True,3,233,4.047730006277561
cuda,CWRU,model_only,K1,True,3,234,3.9941900176927447
cuda,CWRU,model_only,K1,True,3,235,4.023164976388216
cuda,CWRU,model_only,K1,True,3,236,4.017899977043271
cuda,CWRU,model_only,K1,True,3,237,4.058916005305946
cuda,CWRU,model_only,K1,True,3,238,3.9879209944047034
cuda,CWRU,model_only,K1,True,3,239,4.023224988486618
cuda,CWRU,model_only,K1,True,3,240,4.009164054878056
cuda,CWRU,model_only,K1,True,3,241,4.083895008079708
cuda,CWRU,model_only,K1,True,3,242,4.040744970552623
cuda,CWRU,model_only,K1,True,3,243,4.034561046864837
cuda,CWRU,model_only,K1,True,3,244,4.014575039036572
cuda,CWRU,model_only,K1,True,3,245,4.073760996107012
cuda,CWRU,model_only,K1,True,3,246,4.023435991257429
cuda,CWRU,model_only,K1,True,3,247,4.031359974760562
cuda,CWRU,model_only,K1,True,3,248,4.026736016385257
cuda,CWRU,model_only,K1,True,3,249,4.040139960125089
cuda,CWRU,model_only,Full-S1,True,3,0,7.5567360036075115
cuda,CWRU,model_only,Full-S1,True,3,1,7.4682930135168135
cuda,CWRU,model_only,Full-S1,True,3,2,7.44992500403896
cuda,CWRU,model_only,Full-S1,True,3,3,7.450538978446275
cuda,CWRU,model_only,Full-S1,True,3,4,7.431328005623072
cuda,CWRU,model_only,Full-S1,True,3,5,7.4221050017513335
cuda,CWRU,model_only,Full-S1,True,3,6,7.509218994528055
cuda,CWRU,model_only,Full-S1,True,3,7,7.466987008228898
cuda,CWRU,model_only,Full-S1,True,3,8,7.42550496943295
cuda,CWRU,model_only,Full-S1,True,3,9,7.467796967830509
cuda,CWRU,model_only,Full-S1,True,3,10,7.463936985004693
cuda,CWRU,model_only,Full-S1,True,3,11,7.44754500919953
cuda,CWRU,model_only,Full-S1,True,3,12,7.4485199875198305
cuda,CWRU,model_only,Full-S1,True,3,13,7.4526729877106845
cuda,CWRU,model_only,Full-S1,True,3,14,7.519163948018104
cuda,CWRU,model_only,Full-S1,True,3,15,7.444767979905009
cuda,CWRU,model_only,Full-S1,True,3,16,7.460193999577314
cuda,CWRU,model_only,Full-S1,True,3,17,7.441380003001541
cuda,CWRU,model_only,Full-S1,True,3,18,7.457602012436837
cuda,CWRU,model_only,Full-S1,True,3,19,7.422231021337211
cuda,CWRU,model_only,Full-S1,True,3,20,7.429810997564346
cuda,CWRU,model_only,Full-S1,True,3,21,7.415379048325121
cuda,CWRU,model_only,Full-S1,True,3,22,7.584716018754989
cuda,CWRU,model_only,Full-S1,True,3,23,7.77353800367564
cuda,CWRU,model_only,Full-S1,True,3,24,7.52998300595209
cuda,CWRU,model_only,Full-S1,True,3,25,7.52090202877298
cuda,CWRU,model_only,Full-S1,True,3,26,7.481762964744121
cuda,CWRU,model_only,Full-S1,True,3,27,7.5162299908697605
cuda,CWRU,model_only,Full-S1,True,3,28,7.42246798472479
cuda,CWRU,model_only,Full-S1,True,3,29,7.444126007612795
cuda,CWRU,model_only,Full-S1,True,3,30,7.472669007256627
cuda,CWRU,model_only,Full-S1,True,3,31,7.453694997821003
cuda,CWRU,model_only,Full-S1,True,3,32,7.438696047756821
cuda,CWRU,model_only,Full-S1,True,3,33,7.440045999828726
cuda,CWRU,model_only,Full-S1,True,3,34,7.4644400156103075
cuda,CWRU,model_only,Full-S1,True,3,35,7.418947003316134
cuda,CWRU,model_only,Full-S1,True,3,36,7.50054803211242
cuda,CWRU,model_only,Full-S1,True,3,37,7.455691986251622
cuda,CWRU,model_only,Full-S1,True,3,38,7.462822017259896
cuda,CWRU,model_only,Full-S1,True,3,39,7.461695000529289
cuda,CWRU,model_only,Full-S1,True,3,40,7.479130988940597
cuda,CWRU,model_only,Full-S1,True,3,41,7.426458003465086
cuda,CWRU,model_only,Full-S1,True,3,42,7.446139992680401
cuda,CWRU,model_only,Full-S1,True,3,43,7.464523951057345
cuda,CWRU,model_only,Full-S1,True,3,44,7.427431002724916
cuda,CWRU,model_only,Full-S1,True,3,45,7.441809982992709
cuda,CWRU,model_only,Full-S1,True,3,46,7.446403964422643
cuda,CWRU,model_only,Full-S1,True,3,47,7.459571002982557
cuda,CWRU,model_only,Full-S1,True,3,48,7.425200019497424
cuda,CWRU,model_only,Full-S1,True,3,49,7.479947991669178
cuda,CWRU,model_only,Full-S1,True,3,50,7.464207010343671
cuda,CWRU,model_only,Full-S1,True,3,51,7.487324997782707
cuda,CWRU,model_only,Full-S1,True,3,52,7.420937996357679
cuda,CWRU,model_only,Full-S1,True,3,53,7.4520360212773085
cuda,CWRU,model_only,Full-S1,True,3,54,7.451125013176352
cuda,CWRU,model_only,Full-S1,True,3,55,7.477301987819374
cuda,CWRU,model_only,Full-S1,True,3,56,7.4578989879228175
cuda,CWRU,model_only,Full-S1,True,3,57,7.4590969597920775
cuda,CWRU,model_only,Full-S1,True,3,58,7.519253005739301
cuda,CWRU,model_only,Full-S1,True,3,59,7.448286982253194
cuda,CWRU,model_only,Full-S1,True,3,60,7.489378971513361
cuda,CWRU,model_only,Full-S1,True,3,61,7.450781005900353
cuda,CWRU,model_only,Full-S1,True,3,62,7.458337990101427
cuda,CWRU,model_only,Full-S1,True,3,63,7.438888947945088
cuda,CWRU,model_only,Full-S1,True,3,64,7.448803982697427
cuda,CWRU,model_only,Full-S1,True,3,65,7.434116036165506
cuda,CWRU,model_only,Full-S1,True,3,66,7.48245301656425
cuda,CWRU,model_only,Full-S1,True,3,67,7.4374619871377945
cuda,CWRU,model_only,Full-S1,True,3,68,7.48390395892784
cuda,CWRU,model_only,Full-S1,True,3,69,7.447276031598449
cuda,CWRU,model_only,Full-S1,True,3,70,7.500872015953064
cuda,CWRU,model_only,Full-S1,True,3,71,7.481072971131653
cuda,CWRU,model_only,Full-S1,True,3,72,7.492970966268331
cuda,CWRU,model_only,Full-S1,True,3,73,7.491327996831387
cuda,CWRU,model_only,Full-S1,True,3,74,7.459425018168986
cuda,CWRU,model_only,Full-S1,True,3,75,7.46939197415486
cuda,CWRU,model_only,Full-S1,True,3,76,7.481633045244962
cuda,CWRU,model_only,Full-S1,True,3,77,7.461222005076706
cuda,CWRU,model_only,Full-S1,True,3,78,7.44278501952067
cuda,CWRU,model_only,Full-S1,True,3,79,7.463831978384405
cuda,CWRU,model_only,Full-S1,True,3,80,7.591244007926434
cuda,CWRU,model_only,Full-S1,True,3,81,7.515669974964112
cuda,CWRU,model_only,Full-S1,True,3,82,7.460642955265939
cuda,CWRU,model_only,Full-S1,True,3,83,7.510322029702365
cuda,CWRU,model_only,Full-S1,True,3,84,7.448024000041187
cuda,CWRU,model_only,Full-S1,True,3,85,7.480776985175908
cuda,CWRU,model_only,Full-S1,True,3,86,7.449553988408297
cuda,CWRU,model_only,Full-S1,True,3,87,7.431628997437656
cuda,CWRU,model_only,Full-S1,True,3,88,7.492044009268284
cuda,CWRU,model_only,Full-S1,True,3,89,7.498605991713703
cuda,CWRU,model_only,Full-S1,True,3,90,7.473231002222747
cuda,CWRU,model_only,Full-S1,True,3,91,7.469495001714677
cuda,CWRU,model_only,Full-S1,True,3,92,7.447559968568385
cuda,CWRU,model_only,Full-S1,True,3,93,7.451500976458192
cuda,CWRU,model_only,Full-S1,True,3,94,7.473662029951811
cuda,CWRU,model_only,Full-S1,True,3,95,7.4661949765868485
cuda,CWRU,model_only,Full-S1,True,3,96,7.482413959223777
cuda,CWRU,model_only,Full-S1,True,3,97,7.488246017601341
cuda,CWRU,model_only,Full-S1,True,3,98,7.488961040508002
cuda,CWRU,model_only,Full-S1,True,3,99,7.644461002200842
cuda,CWRU,model_only,Full-S1,True,3,100,7.583187019918114
cuda,CWRU,model_only,Full-S1,True,3,101,7.631058047991246
cuda,CWRU,model_only,Full-S1,True,3,102,7.514262979384512
cuda,CWRU,model_only,Full-S1,True,3,103,7.540787977632135
cuda,CWRU,model_only,Full-S1,True,3,104,7.453872007317841
cuda,CWRU,model_only,Full-S1,True,3,105,7.504685956519097
cuda,CWRU,model_only,Full-S1,True,3,106,7.490704010706395
cuda,CWRU,model_only,Full-S1,True,3,107,7.445461000315845
cuda,CWRU,model_only,Full-S1,True,3,108,7.43585400050506
cuda,CWRU,model_only,Full-S1,True,3,109,7.469284988474101
cuda,CWRU,model_only,Full-S1,True,3,110,7.451621990185231
cuda,CWRU,model_only,Full-S1,True,3,111,7.43181596044451
cuda,CWRU,model_only,Full-S1,True,3,112,7.431845006067306
cuda,CWRU,model_only,Full-S1,True,3,113,7.551575021352619
cuda,CWRU,model_only,Full-S1,True,3,114,7.4468470411375165
cuda,CWRU,model_only,Full-S1,True,3,115,7.442463014740497
cuda,CWRU,model_only,Full-S1,True,3,116,7.4905529618263245
cuda,CWRU,model_only,Full-S1,True,3,117,7.4850599630735815
cuda,CWRU,model_only,Full-S1,True,3,118,7.549720990937203
cuda,CWRU,model_only,Full-S1,True,3,119,7.443519018124789
cuda,CWRU,model_only,Full-S1,True,3,120,7.465455972123891
cuda,CWRU,model_only,Full-S1,True,3,121,7.480901957023889
cuda,CWRU,model_only,Full-S1,True,3,122,7.473608013242483
cuda,CWRU,model_only,Full-S1,True,3,123,7.521673978772014
cuda,CWRU,model_only,Full-S1,True,3,124,7.4805839685723186
cuda,CWRU,model_only,Full-S1,True,3,125,7.459969026967883
cuda,CWRU,model_only,Full-S1,True,3,126,7.441722962539643
cuda,CWRU,model_only,Full-S1,True,3,127,7.402727962471545
cuda,CWRU,model_only,Full-S1,True,3,128,7.463958987500519
cuda,CWRU,model_only,Full-S1,True,3,129,7.574723975267261
cuda,CWRU,model_only,Full-S1,True,3,130,7.503522036131471
cuda,CWRU,model_only,Full-S1,True,3,131,7.552631024736911
cuda,CWRU,model_only,Full-S1,True,3,132,7.5102930422872305
cuda,CWRU,model_only,Full-S1,True,3,133,7.523010019212961
cuda,CWRU,model_only,Full-S1,True,3,134,7.4493479914963245
cuda,CWRU,model_only,Full-S1,True,3,135,7.454837032128125
cuda,CWRU,model_only,Full-S1,True,3,136,7.437079970259219
cuda,CWRU,model_only,Full-S1,True,3,137,7.452903024386615
cuda,CWRU,model_only,Full-S1,True,3,138,7.469339994713664
cuda,CWRU,model_only,Full-S1,True,3,139,7.508477021474391
cuda,CWRU,model_only,Full-S1,True,3,140,7.441889028996229
cuda,CWRU,model_only,Full-S1,True,3,141,7.444147020578384
cuda,CWRU,model_only,Full-S1,True,3,142,7.4473239947110415
cuda,CWRU,model_only,Full-S1,True,3,143,7.459427986759692
cuda,CWRU,model_only,Full-S1,True,3,144,7.431984005961567
cuda,CWRU,model_only,Full-S1,True,3,145,7.445218972861767
cuda,CWRU,model_only,Full-S1,True,3,146,7.390487007796764
cuda,CWRU,model_only,Full-S1,True,3,147,7.470769982319325
cuda,CWRU,model_only,Full-S1,True,3,148,7.508253969717771
cuda,CWRU,model_only,Full-S1,True,3,149,7.413910992909223
cuda,CWRU,model_only,Full-S1,True,3,150,7.5021840166300535
cuda,CWRU,model_only,Full-S1,True,3,151,7.432988029904664
cuda,CWRU,model_only,Full-S1,True,3,152,7.458771986421198
cuda,CWRU,model_only,Full-S1,True,3,153,7.431442034430802
cuda,CWRU,model_only,Full-S1,True,3,154,7.470564974937588
cuda,CWRU,model_only,Full-S1,True,3,155,7.4344740132801235
cuda,CWRU,model_only,Full-S1,True,3,156,7.623745012097061
cuda,CWRU,model_only,Full-S1,True,3,157,7.715414045378566
cuda,CWRU,model_only,Full-S1,True,3,158,7.524728018324822
cuda,CWRU,model_only,Full-S1,True,3,159,7.432278012856841
cuda,CWRU,model_only,Full-S1,True,3,160,7.505964022129774
cuda,CWRU,model_only,Full-S1,True,3,161,7.501311018131673
cuda,CWRU,model_only,Full-S1,True,3,162,7.474474026821554
cuda,CWRU,model_only,Full-S1,True,3,163,7.505070010665804
cuda,CWRU,model_only,Full-S1,True,3,164,7.484286965336651
cuda,CWRU,model_only,Full-S1,True,3,165,7.457047002390027
cuda,CWRU,model_only,Full-S1,True,3,166,7.446832954883575
cuda,CWRU,model_only,Full-S1,True,3,167,7.444888993632048
cuda,CWRU,model_only,Full-S1,True,3,168,7.424024981446564
cuda,CWRU,model_only,Full-S1,True,3,169,7.437249005306512
cuda,CWRU,model_only,Full-S1,True,3,170,7.535741955507547
cuda,CWRU,model_only,Full-S1,True,3,171,7.458964944817126
cuda,CWRU,model_only,Full-S1,True,3,172,7.5035649933852255
cuda,CWRU,model_only,Full-S1,True,3,173,7.439733017235994
cuda,CWRU,model_only,Full-S1,True,3,174,7.443038979545236
cuda,CWRU,model_only,Full-S1,True,3,175,7.5346099911257625
cuda,CWRU,model_only,Full-S1,True,3,176,7.437821011990309
cuda,CWRU,model_only,Full-S1,True,3,177,7.481758017092943
cuda,CWRU,model_only,Full-S1,True,3,178,7.474501035176218
cuda,CWRU,model_only,Full-S1,True,3,179,7.452624966390431
cuda,CWRU,model_only,Full-S1,True,3,180,7.479045016225427
cuda,CWRU,model_only,Full-S1,True,3,181,7.458629028405994
cuda,CWRU,model_only,Full-S1,True,3,182,7.434756960719824
cuda,CWRU,model_only,Full-S1,True,3,183,7.520776998717338
cuda,CWRU,model_only,Full-S1,True,3,184,7.502711028791964
cuda,CWRU,model_only,Full-S1,True,3,185,7.484736968763173
cuda,CWRU,model_only,Full-S1,True,3,186,7.453446974977851
cuda,CWRU,model_only,Full-S1,True,3,187,7.46230297954753
cuda,CWRU,model_only,Full-S1,True,3,188,7.498853025026619
cuda,CWRU,model_only,Full-S1,True,3,189,7.434210041537881
cuda,CWRU,model_only,Full-S1,True,3,190,7.464173017069697
cuda,CWRU,model_only,Full-S1,True,3,191,7.543930027168244
cuda,CWRU,model_only,Full-S1,True,3,192,7.488853996619582
cuda,CWRU,model_only,Full-S1,True,3,193,7.460464024916291
cuda,CWRU,model_only,Full-S1,True,3,194,7.495881989598274
cuda,CWRU,model_only,Full-S1,True,3,195,7.463941990863532
cuda,CWRU,model_only,Full-S1,True,3,196,7.458826992660761
cuda,CWRU,model_only,Full-S1,True,3,197,7.439542037900537
cuda,CWRU,model_only,Full-S1,True,3,198,7.429127988871187
cuda,CWRU,model_only,Full-S1,True,3,199,7.472208002582192
cuda,CWRU,model_only,Full-S1,True,3,200,7.500889012590051
cuda,CWRU,model_only,Full-S1,True,3,201,7.467234041541815
cuda,CWRU,model_only,Full-S1,True,3,202,7.471121964044869
cuda,CWRU,model_only,Full-S1,True,3,203,7.48814397957176
cuda,CWRU,model_only,Full-S1,True,3,204,7.505582005251199
cuda,CWRU,model_only,Full-S1,True,3,205,7.468279975000769
cuda,CWRU,model_only,Full-S1,True,3,206,7.469165022484958
cuda,CWRU,model_only,Full-S1,True,3,207,7.451627985574305
cuda,CWRU,model_only,Full-S1,True,3,208,7.511875010095537
cuda,CWRU,model_only,Full-S1,True,3,209,7.472958997823298
cuda,CWRU,model_only,Full-S1,True,3,210,7.459204003680497
cuda,CWRU,model_only,Full-S1,True,3,211,7.468074967619032
cuda,CWRU,model_only,Full-S1,True,3,212,7.408366014715284
cuda,CWRU,model_only,Full-S1,True,3,213,7.461227010935545
cuda,CWRU,model_only,Full-S1,True,3,214,7.456997991539538
cuda,CWRU,model_only,Full-S1,True,3,215,7.4507619719952345
cuda,CWRU,model_only,Full-S1,True,3,216,7.474017969798297
cuda,CWRU,model_only,Full-S1,True,3,217,7.666115008760244
cuda,CWRU,model_only,Full-S1,True,3,218,7.617616967763752
cuda,CWRU,model_only,Full-S1,True,3,219,7.568253960926086
cuda,CWRU,model_only,Full-S1,True,3,220,7.465268950909376
cuda,CWRU,model_only,Full-S1,True,3,221,7.526296016294509
cuda,CWRU,model_only,Full-S1,True,3,222,7.45265802834183
cuda,CWRU,model_only,Full-S1,True,3,223,7.457273022737354
cuda,CWRU,model_only,Full-S1,True,3,224,7.454223989043385
cuda,CWRU,model_only,Full-S1,True,3,225,7.4602970271371305
cuda,CWRU,model_only,Full-S1,True,3,226,7.499424973502755
cuda,CWRU,model_only,Full-S1,True,3,227,7.460977009031922
cuda,CWRU,model_only,Full-S1,True,3,228,7.439797976985574
cuda,CWRU,model_only,Full-S1,True,3,229,7.461423985660076
cuda,CWRU,model_only,Full-S1,True,3,230,7.458802021574229
cuda,CWRU,model_only,Full-S1,True,3,231,7.4808080098591745
cuda,CWRU,model_only,Full-S1,True,3,232,7.437850988935679
cuda,CWRU,model_only,Full-S1,True,3,233,7.85740400897339
cuda,CWRU,model_only,Full-S1,True,3,234,7.841150974854827
cuda,CWRU,model_only,Full-S1,True,3,235,7.500675041228533
cuda,CWRU,model_only,Full-S1,True,3,236,7.637204020284116
cuda,CWRU,model_only,Full-S1,True,3,237,7.487772032618523
cuda,CWRU,model_only,Full-S1,True,3,238,7.429205987136811
cuda,CWRU,model_only,Full-S1,True,3,239,7.591903035063297
cuda,CWRU,model_only,Full-S1,True,3,240,7.467688003089279
cuda,CWRU,model_only,Full-S1,True,3,241,7.469488016795367
cuda,CWRU,model_only,Full-S1,True,3,242,7.467506045941263
cuda,CWRU,model_only,Full-S1,True,3,243,7.462284003850073
cuda,CWRU,model_only,Full-S1,True,3,244,7.4671360198408365
cuda,CWRU,model_only,Full-S1,True,3,245,7.4215090135112405
cuda,CWRU,model_only,Full-S1,True,3,246,7.467377989087254
cuda,CWRU,model_only,Full-S1,True,3,247,7.496387988794595
cuda,CWRU,model_only,Full-S1,True,3,248,7.445652037858963
cuda,CWRU,model_only,Full-S1,True,3,249,7.44157301960513
cuda,CWRU,end_to_end,Full-S1,True,0,0,8.155491028446704
cuda,CWRU,end_to_end,Full-S1,True,0,1,8.033716003410518
cuda,CWRU,end_to_end,Full-S1,True,0,2,8.063883055001497
cuda,CWRU,end_to_end,Full-S1,True,0,3,8.062255976255983
cuda,CWRU,end_to_end,Full-S1,True,0,4,8.073287026491016
cuda,CWRU,end_to_end,Full-S1,True,0,5,8.066039008554071
cuda,CWRU,end_to_end,Full-S1,True,0,6,8.063534973189235
cuda,CWRU,end_to_end,Full-S1,True,0,7,8.031008008401841
cuda,CWRU,end_to_end,Full-S1,True,0,8,8.118765952531248
cuda,CWRU,end_to_end,Full-S1,True,0,9,8.13279498834163
cuda,CWRU,end_to_end,Full-S1,True,0,10,8.098822960164398
cuda,CWRU,end_to_end,Full-S1,True,0,11,8.050865028053522
cuda,CWRU,end_to_end,Full-S1,True,0,12,8.052040007896721
cuda,CWRU,end_to_end,Full-S1,True,0,13,8.085283043328673
cuda,CWRU,end_to_end,Full-S1,True,0,14,8.03670403547585
cuda,CWRU,end_to_end,Full-S1,True,0,15,8.007525990251452
cuda,CWRU,end_to_end,Full-S1,True,0,16,8.03254300262779
cuda,CWRU,end_to_end,Full-S1,True,0,17,7.990594021975994
cuda,CWRU,end_to_end,Full-S1,True,0,18,8.010395977180451
cuda,CWRU,end_to_end,Full-S1,True,0,19,8.029985998291522
cuda,CWRU,end_to_end,Full-S1,True,0,20,8.104820037260652
cuda,CWRU,end_to_end,Full-S1,True,0,21,8.088039990980178
cuda,CWRU,end_to_end,Full-S1,True,0,22,7.98930402379483
cuda,CWRU,end_to_end,Full-S1,True,0,23,8.006997988559306
cuda,CWRU,end_to_end,Full-S1,True,0,24,8.041877998039126
cuda,CWRU,end_to_end,Full-S1,True,0,25,8.038353000301868
cuda,CWRU,end_to_end,Full-S1,True,0,26,8.100314997136593
cuda,CWRU,end_to_end,Full-S1,True,0,27,8.048449992202222
cuda,CWRU,end_to_end,Full-S1,True,0,28,8.0405049957335
cuda,CWRU,end_to_end,Full-S1,True,0,29,8.072883007116616
cuda,CWRU,end_to_end,Full-S1,True,0,30,8.045920985750854
cuda,CWRU,end_to_end,Full-S1,True,0,31,8.07472801534459
cuda,CWRU,end_to_end,Full-S1,True,0,32,8.020262001082301
cuda,CWRU,end_to_end,Full-S1,True,0,33,8.04174697259441
cuda,CWRU,end_to_end,Full-S1,True,0,34,8.049288997426629
cuda,CWRU,end_to_end,Full-S1,True,0,35,8.042667992413044
cuda,CWRU,end_to_end,Full-S1,True,0,36,8.02669202676043
cuda,CWRU,end_to_end,Full-S1,True,0,37,8.121346007101238
cuda,CWRU,end_to_end,Full-S1,True,0,38,8.101868035737425
cuda,CWRU,end_to_end,Full-S1,True,0,39,8.122843981254846
cuda,CWRU,end_to_end,Full-S1,True,0,40,8.037019986659288
cuda,CWRU,end_to_end,Full-S1,True,0,41,8.064597961492836
cuda,CWRU,end_to_end,Full-S1,True,0,42,8.186523045878857
cuda,CWRU,end_to_end,Full-S1,True,0,43,8.121203980408609
cuda,CWRU,end_to_end,Full-S1,True,0,44,8.094666991382837
cuda,CWRU,end_to_end,Full-S1,True,0,45,8.254912041593343
cuda,CWRU,end_to_end,Full-S1,True,0,46,8.023514004889876
cuda,CWRU,end_to_end,Full-S1,True,0,47,8.005593961570412
cuda,CWRU,end_to_end,Full-S1,True,0,48,8.106115972623229
cuda,CWRU,end_to_end,Full-S1,True,0,49,8.013714978005737
cuda,CWRU,end_to_end,Full-S1,True,0,50,8.008463017176837
cuda,CWRU,end_to_end,Full-S1,True,0,51,8.071681018918753
cuda,CWRU,end_to_end,Full-S1,True,0,52,8.028022013604641
cuda,CWRU,end_to_end,Full-S1,True,0,53,8.080727013293654
cuda,CWRU,end_to_end,Full-S1,True,0,54,8.00618197536096
cuda,CWRU,end_to_end,Full-S1,True,0,55,8.081019972451031
cuda,CWRU,end_to_end,Full-S1,True,0,56,8.02752299932763
cuda,CWRU,end_to_end,Full-S1,True,0,57,8.0204620026052
cuda,CWRU,end_to_end,Full-S1,True,0,58,8.009236014913768
cuda,CWRU,end_to_end,Full-S1,True,0,59,8.04461695952341
cuda,CWRU,end_to_end,Full-S1,True,0,60,8.072948025073856
cuda,CWRU,end_to_end,Full-S1,True,0,61,8.130338974297047
cuda,CWRU,end_to_end,Full-S1,True,0,62,8.043345995247364
cuda,CWRU,end_to_end,Full-S1,True,0,63,8.07561504188925
cuda,CWRU,end_to_end,Full-S1,True,0,64,8.103376952931285
cuda,CWRU,end_to_end,Full-S1,True,0,65,8.041266002692282
cuda,CWRU,end_to_end,Full-S1,True,0,66,8.072981028817594
cuda,CWRU,end_to_end,Full-S1,True,0,67,8.03121505305171
cuda,CWRU,end_to_end,Full-S1,True,0,68,8.065169036854059
cuda,CWRU,end_to_end,Full-S1,True,0,69,8.089374983683228
cuda,CWRU,end_to_end,Full-S1,True,0,70,8.179702970664948
cuda,CWRU,end_to_end,Full-S1,True,0,71,8.023697009775788
cuda,CWRU,end_to_end,Full-S1,True,0,72,8.036045008338988
cuda,CWRU,end_to_end,Full-S1,True,0,73,7.999468012712896
cuda,CWRU,end_to_end,Full-S1,True,0,74,8.022075984627008
cuda,CWRU,end_to_end,Full-S1,True,0,75,8.069213014096022
cuda,CWRU,end_to_end,Full-S1,True,0,76,8.06820101570338
cuda,CWRU,end_to_end,Full-S1,True,0,77,8.05709499400109
cuda,CWRU,end_to_end,Full-S1,True,0,78,8.062114007771015
cuda,CWRU,end_to_end,Full-S1,True,0,79,8.052530989516526
cuda,CWRU,end_to_end,Full-S1,True,0,80,8.041127992328256
cuda,CWRU,end_to_end,Full-S1,True,0,81,8.050290984101593
cuda,CWRU,end_to_end,Full-S1,True,0,82,8.009466982912272
cuda,CWRU,end_to_end,Full-S1,True,0,83,8.070942014455795
cuda,CWRU,end_to_end,Full-S1,True,0,84,8.090658986475319
cuda,CWRU,end_to_end,Full-S1,True,0,85,7.991580991074443
cuda,CWRU,end_to_end,Full-S1,True,0,86,8.037380990572274
cuda,CWRU,end_to_end,Full-S1,True,0,87,8.043384994380176
cuda,CWRU,end_to_end,Full-S1,True,0,88,8.001403999514878
cuda,CWRU,end_to_end,Full-S1,True,0,89,8.006010029930621
cuda,CWRU,end_to_end,Full-S1,True,0,90,8.00681597320363
cuda,CWRU,end_to_end,Full-S1,True,0,91,8.14921798883006
cuda,CWRU,end_to_end,Full-S1,True,0,92,8.06370796635747
cuda,CWRU,end_to_end,Full-S1,True,0,93,8.054581994656473
cuda,CWRU,end_to_end,Full-S1,True,0,94,8.00955801969394
cuda,CWRU,end_to_end,Full-S1,True,0,95,8.549661026336253
cuda,CWRU,end_to_end,Full-S1,True,0,96,8.61006899503991
cuda,CWRU,end_to_end,Full-S1,True,0,97,8.425239997450262
cuda,CWRU,end_to_end,Full-S1,True,0,98,8.086073969025165
cuda,CWRU,end_to_end,Full-S1,True,0,99,8.075898047536612
cuda,CWRU,end_to_end,Full-S1,True,0,100,7.9941380536183715
cuda,CWRU,end_to_end,Full-S1,True,0,101,8.031844045035541
cuda,CWRU,end_to_end,Full-S1,True,0,102,8.026960014831275
cuda,CWRU,end_to_end,Full-S1,True,0,103,8.058340987190604
cuda,CWRU,end_to_end,Full-S1,True,0,104,8.190869993995875
cuda,CWRU,end_to_end,Full-S1,True,0,105,8.056956983637065
cuda,CWRU,end_to_end,Full-S1,True,0,106,8.018614025786519
cuda,CWRU,end_to_end,Full-S1,True,0,107,8.01138102542609
cuda,CWRU,end_to_end,Full-S1,True,0,108,8.124570013023913
cuda,CWRU,end_to_end,Full-S1,True,0,109,8.069040020927787
cuda,CWRU,end_to_end,Full-S1,True,0,110,8.043921960052103
cuda,CWRU,end_to_end,Full-S1,True,0,111,8.01450398284942
cuda,CWRU,end_to_end,Full-S1,True,0,112,8.035756996832788
cuda,CWRU,end_to_end,Full-S1,True,0,113,8.004294009879231
cuda,CWRU,end_to_end,Full-S1,True,0,114,8.041361987125129
cuda,CWRU,end_to_end,Full-S1,True,0,115,7.999481982551515
cuda,CWRU,end_to_end,Full-S1,True,0,116,8.066900016274303
cuda,CWRU,end_to_end,Full-S1,True,0,117,8.014959981665015
cuda,CWRU,end_to_end,Full-S1,True,0,118,8.04031197912991
cuda,CWRU,end_to_end,Full-S1,True,0,119,8.03078495664522
cuda,CWRU,end_to_end,Full-S1,True,0,120,8.132914954330772
cuda,CWRU,end_to_end,Full-S1,True,0,121,8.087368973065168
cuda,CWRU,end_to_end,Full-S1,True,0,122,8.030497992876917
cuda,CWRU,end_to_end,Full-S1,True,0,123,8.010715013369918
cuda,CWRU,end_to_end,Full-S1,True,0,124,8.059862011577934
cuda,CWRU,end_to_end,Full-S1,True,0,125,8.0405930057168
cuda,CWRU,end_to_end,Full-S1,True,0,126,8.03984998492524
cuda,CWRU,end_to_end,Full-S1,True,0,127,8.000573958270252
cuda,CWRU,end_to_end,Full-S1,True,0,128,8.090082963462919
cuda,CWRU,end_to_end,Full-S1,True,0,129,7.98427895642817
cuda,CWRU,end_to_end,Full-S1,True,0,130,8.03623499814421
cuda,CWRU,end_to_end,Full-S1,True,0,131,8.054746023844928
cuda,CWRU,end_to_end,Full-S1,True,0,132,8.114704978652298
cuda,CWRU,end_to_end,Full-S1,True,0,133,8.100369945168495
cuda,CWRU,end_to_end,Full-S1,True,0,134,8.030000026337802
cuda,CWRU,end_to_end,Full-S1,True,0,135,8.073109027463943
cuda,CWRU,end_to_end,Full-S1,True,0,136,8.0569859710522
cuda,CWRU,end_to_end,Full-S1,True,0,137,8.08324699755758
cuda,CWRU,end_to_end,Full-S1,True,0,138,8.057806000579149
cuda,CWRU,end_to_end,Full-S1,True,0,139,8.047462964896113
cuda,CWRU,end_to_end,Full-S1,True,0,140,8.115330012515187
cuda,CWRU,end_to_end,Full-S1,True,0,141,7.998995017260313
cuda,CWRU,end_to_end,Full-S1,True,0,142,8.003867988009006
cuda,CWRU,end_to_end,Full-S1,True,0,143,8.028067008126527
cuda,CWRU,end_to_end,Full-S1,True,0,144,8.023703994695097
cuda,CWRU,end_to_end,Full-S1,True,0,145,8.04961402900517
cuda,CWRU,end_to_end,Full-S1,True,0,146,8.021461020689458
cuda,CWRU,end_to_end,Full-S1,True,0,147,8.033038990106434
cuda,CWRU,end_to_end,Full-S1,True,0,148,8.171943947672844
cuda,CWRU,end_to_end,Full-S1,True,0,149,8.086671005003154
cuda,CWRU,end_to_end,Full-S1,True,0,150,8.012287027668208
cuda,CWRU,end_to_end,Full-S1,True,0,151,8.056477992795408
cuda,CWRU,end_to_end,Full-S1,True,0,152,8.031580015085638
cuda,CWRU,end_to_end,Full-S1,True,0,153,8.064108027610928
cuda,CWRU,end_to_end,Full-S1,True,0,154,7.996461004950106
cuda,CWRU,end_to_end,Full-S1,True,0,155,8.05175700224936
cuda,CWRU,end_to_end,Full-S1,True,0,156,8.042569970712066
cuda,CWRU,end_to_end,Full-S1,True,0,157,7.999493973329663
cuda,CWRU,end_to_end,Full-S1,True,0,158,8.000294968951494
cuda,CWRU,end_to_end,Full-S1,True,0,159,8.047878975048661
cuda,CWRU,end_to_end,Full-S1,True,0,160,8.109406044241041
cuda,CWRU,end_to_end,Full-S1,True,0,161,8.057933009695262
cuda,CWRU,end_to_end,Full-S1,True,0,162,8.02116299746558
cuda,CWRU,end_to_end,Full-S1,True,0,163,8.043755951803178
cuda,CWRU,end_to_end,Full-S1,True,0,164,8.095920027699322
cuda,CWRU,end_to_end,Full-S1,True,0,165,8.036885992623866
cuda,CWRU,end_to_end,Full-S1,True,0,166,8.218876959290355
cuda,CWRU,end_to_end,Full-S1,True,0,167,8.444771985523403
cuda,CWRU,end_to_end,Full-S1,True,0,168,8.185822982341051
cuda,CWRU,end_to_end,Full-S1,True,0,169,8.214321976993233
cuda,CWRU,end_to_end,Full-S1,True,0,170,8.026537951081991
cuda,CWRU,end_to_end,Full-S1,True,0,171,8.039420994464308
cuda,CWRU,end_to_end,Full-S1,True,0,172,8.04508401779458
cuda,CWRU,end_to_end,Full-S1,True,0,173,8.068742987234145
cuda,CWRU,end_to_end,Full-S1,True,0,174,8.077647013124079
cuda,CWRU,end_to_end,Full-S1,True,0,175,8.013959974050522
cuda,CWRU,end_to_end,Full-S1,True,0,176,8.085670997388661
cuda,CWRU,end_to_end,Full-S1,True,0,177,8.039320993702859
cuda,CWRU,end_to_end,Full-S1,True,0,178,8.055577985942364
cuda,CWRU,end_to_end,Full-S1,True,0,179,8.154159993864596
cuda,CWRU,end_to_end,Full-S1,True,0,180,8.016510982997715
cuda,CWRU,end_to_end,Full-S1,True,0,181,8.030352008063346
cuda,CWRU,end_to_end,Full-S1,True,0,182,8.037680992856622
cuda,CWRU,end_to_end,Full-S1,True,0,183,8.03551502758637
cuda,CWRU,end_to_end,Full-S1,True,0,184,8.105101995170116
cuda,CWRU,end_to_end,Full-S1,True,0,185,8.0491749686189
cuda,CWRU,end_to_end,Full-S1,True,0,186,8.014616032596678
cuda,CWRU,end_to_end,Full-S1,True,0,187,8.058510022237897
cuda,CWRU,end_to_end,Full-S1,True,0,188,8.042806992307305
cuda,CWRU,end_to_end,Full-S1,True,0,189,8.058049017563462
cuda,CWRU,end_to_end,Full-S1,True,0,190,8.037263993173838
cuda,CWRU,end_to_end,Full-S1,True,0,191,8.053453988395631
cuda,CWRU,end_to_end,Full-S1,True,0,192,8.05515400134027
cuda,CWRU,end_to_end,Full-S1,True,0,193,8.042414963711053
cuda,CWRU,end_to_end,Full-S1,True,0,194,8.022213994991034
cuda,CWRU,end_to_end,Full-S1,True,0,195,8.087096968665719
cuda,CWRU,end_to_end,Full-S1,True,0,196,8.031436998862773
cuda,CWRU,end_to_end,Full-S1,True,0,197,8.030664990656078
cuda,CWRU,end_to_end,Full-S1,True,0,198,8.02062003640458
cuda,CWRU,end_to_end,Full-S1,True,0,199,8.084770990535617
cuda,CWRU,end_to_end,Full-S1,True,0,200,8.03485797950998
cuda,CWRU,end_to_end,Full-S1,True,0,201,7.993656035978347
cuda,CWRU,end_to_end,Full-S1,True,0,202,8.045019989367574
cuda,CWRU,end_to_end,Full-S1,True,0,203,8.109488990157843
cuda,CWRU,end_to_end,Full-S1,True,0,204,8.050125965382904
cuda,CWRU,end_to_end,Full-S1,True,0,205,8.052229997701943
cuda,CWRU,end_to_end,Full-S1,True,0,206,8.047693001572043
cuda,CWRU,end_to_end,Full-S1,True,0,207,8.049243013374507
cuda,CWRU,end_to_end,Full-S1,True,0,208,8.009508019313216
cuda,CWRU,end_to_end,Full-S1,True,0,209,8.046019996982068
cuda,CWRU,end_to_end,Full-S1,True,0,210,8.0681869876571
cuda,CWRU,end_to_end,Full-S1,True,0,211,8.094961987808347
cuda,CWRU,end_to_end,Full-S1,True,0,212,8.04333999985829
cuda,CWRU,end_to_end,Full-S1,True,0,213,8.024157024919987
cuda,CWRU,end_to_end,Full-S1,True,0,214,8.024893002584577
cuda,CWRU,end_to_end,Full-S1,True,0,215,8.119778998661786
cuda,CWRU,end_to_end,Full-S1,True,0,216,8.043574984185398
cuda,CWRU,end_to_end,Full-S1,True,0,217,8.128412009682506
cuda,CWRU,end_to_end,Full-S1,True,0,218,7.991160964593291
cuda,CWRU,end_to_end,Full-S1,True,0,219,8.340994012542069
cuda,CWRU,end_to_end,Full-S1,True,0,220,8.316869963891804
cuda,CWRU,end_to_end,Full-S1,True,0,221,8.256405999418348
cuda,CWRU,end_to_end,Full-S1,True,0,222,8.037531981244683
cuda,CWRU,end_to_end,Full-S1,True,0,223,8.114467025734484
cuda,CWRU,end_to_end,Full-S1,True,0,224,8.050347038079053
cuda,CWRU,end_to_end,Full-S1,True,0,225,7.985771982930601
cuda,CWRU,end_to_end,Full-S1,True,0,226,8.01027799025178
cuda,CWRU,end_to_end,Full-S1,True,0,227,8.030629949644208
cuda,CWRU,end_to_end,Full-S1,True,0,228,8.067621034570038
cuda,CWRU,end_to_end,Full-S1,True,0,229,8.039854001253843
cuda,CWRU,end_to_end,Full-S1,True,0,230,8.064023044425994
cuda,CWRU,end_to_end,Full-S1,True,0,231,8.030872035305947
cuda,CWRU,end_to_end,Full-S1,True,0,232,8.178560994565487
cuda,CWRU,end_to_end,Full-S1,True,0,233,8.042726025450975
cuda,CWRU,end_to_end,Full-S1,True,0,234,8.01232602680102
cuda,CWRU,end_to_end,Full-S1,True,0,235,8.040129963774234
cuda,CWRU,end_to_end,Full-S1,True,0,236,8.119228994473815
cuda,CWRU,end_to_end,Full-S1,True,0,237,8.046249975450337
cuda,CWRU,end_to_end,Full-S1,True,0,238,8.01029399735853
cuda,CWRU,end_to_end,Full-S1,True,0,239,8.00402497407049
cuda,CWRU,end_to_end,Full-S1,True,0,240,8.06550303241238
cuda,CWRU,end_to_end,Full-S1,True,0,241,8.021495013963431
cuda,CWRU,end_to_end,Full-S1,True,0,242,8.04500502999872
cuda,CWRU,end_to_end,Full-S1,True,0,243,8.029464981518686
cuda,CWRU,end_to_end,Full-S1,True,0,244,8.165456994902343
cuda,CWRU,end_to_end,Full-S1,True,0,245,8.045573020353913
cuda,CWRU,end_to_end,Full-S1,True,0,246,8.050857984926552
cuda,CWRU,end_to_end,Full-S1,True,0,247,8.018015010748059
cuda,CWRU,end_to_end,Full-S1,True,0,248,8.014337974600494
cuda,CWRU,end_to_end,Full-S1,True,0,249,8.086825953796506
cuda,CWRU,end_to_end,K1,True,0,0,4.655140975955874
cuda,CWRU,end_to_end,K1,True,0,1,4.614150035195053
cuda,CWRU,end_to_end,K1,True,0,2,4.6013949904590845
cuda,CWRU,end_to_end,K1,True,0,3,4.608100047335029
cuda,CWRU,end_to_end,K1,True,0,4,4.630720010027289
cuda,CWRU,end_to_end,K1,True,0,5,4.599230014719069
cuda,CWRU,end_to_end,K1,True,0,6,4.629219998605549
cuda,CWRU,end_to_end,K1,True,0,7,4.579177009873092
cuda,CWRU,end_to_end,K1,True,0,8,4.578774038236588
cuda,CWRU,end_to_end,K1,True,0,9,4.637670994270593
cuda,CWRU,end_to_end,K1,True,0,10,4.660136008169502
cuda,CWRU,end_to_end,K1,True,0,11,4.633523989468813
cuda,CWRU,end_to_end,K1,True,0,12,4.610313975717872
cuda,CWRU,end_to_end,K1,True,0,13,4.653492011129856
cuda,CWRU,end_to_end,K1,True,0,14,4.598734958563
cuda,CWRU,end_to_end,K1,True,0,15,4.618970968294889
cuda,CWRU,end_to_end,K1,True,0,16,4.624243010766804
cuda,CWRU,end_to_end,K1,True,0,17,4.6499340096488595
cuda,CWRU,end_to_end,K1,True,0,18,4.637461970560253
cuda,CWRU,end_to_end,K1,True,0,19,4.61157999234274
cuda,CWRU,end_to_end,K1,True,0,20,4.616872989572585
cuda,CWRU,end_to_end,K1,True,0,21,4.566724004689604
cuda,CWRU,end_to_end,K1,True,0,22,4.6041239984333515
cuda,CWRU,end_to_end,K1,True,0,23,4.589916032273322
cuda,CWRU,end_to_end,K1,True,0,24,4.615013021975756
cuda,CWRU,end_to_end,K1,True,0,25,4.616356978658587
cuda,CWRU,end_to_end,K1,True,0,26,4.634698037989438
cuda,CWRU,end_to_end,K1,True,0,27,4.60829702205956
cuda,CWRU,end_to_end,K1,True,0,28,4.586012975778431
cuda,CWRU,end_to_end,K1,True,0,29,4.5722509967163205
cuda,CWRU,end_to_end,K1,True,0,30,4.642195010092109
cuda,CWRU,end_to_end,K1,True,0,31,4.617039987351745
cuda,CWRU,end_to_end,K1,True,0,32,4.5827500289306045
cuda,CWRU,end_to_end,K1,True,0,33,4.608404007740319
cuda,CWRU,end_to_end,K1,True,0,34,4.616092017386109
cuda,CWRU,end_to_end,K1,True,0,35,4.640439001377672
cuda,CWRU,end_to_end,K1,True,0,36,4.6174640301615
cuda,CWRU,end_to_end,K1,True,0,37,4.599575011525303
cuda,CWRU,end_to_end,K1,True,0,38,4.688440007157624
cuda,CWRU,end_to_end,K1,True,0,39,4.617727012373507
cuda,CWRU,end_to_end,K1,True,0,40,4.652331990655512
cuda,CWRU,end_to_end,K1,True,0,41,4.650412010960281
cuda,CWRU,end_to_end,K1,True,0,42,4.578203021083027
cuda,CWRU,end_to_end,K1,True,0,43,4.558148037176579
cuda,CWRU,end_to_end,K1,True,0,44,4.596165963448584
cuda,CWRU,end_to_end,K1,True,0,45,4.631683987099677
cuda,CWRU,end_to_end,K1,True,0,46,4.605197987984866
cuda,CWRU,end_to_end,K1,True,0,47,4.633993958123028
cuda,CWRU,end_to_end,K1,True,0,48,4.726219980511814
cuda,CWRU,end_to_end,K1,True,0,49,4.689424007665366
cuda,CWRU,end_to_end,K1,True,0,50,4.626268986612558
cuda,CWRU,end_to_end,K1,True,0,51,4.591199976857752
cuda,CWRU,end_to_end,K1,True,0,52,4.622339038178325
cuda,CWRU,end_to_end,K1,True,0,53,4.630898009054363
cuda,CWRU,end_to_end,K1,True,0,54,4.577085026539862
cuda,CWRU,end_to_end,K1,True,0,55,4.634178010746837
cuda,CWRU,end_to_end,K1,True,0,56,4.6748549793846905
cuda,CWRU,end_to_end,K1,True,0,57,4.636936006136239
cuda,CWRU,end_to_end,K1,True,0,58,4.591987992171198
cuda,CWRU,end_to_end,K1,True,0,59,4.605096997693181
cuda,CWRU,end_to_end,K1,True,0,60,4.621982050593942
cuda,CWRU,end_to_end,K1,True,0,61,4.5885139843449
cuda,CWRU,end_to_end,K1,True,0,62,4.615665995515883
cuda,CWRU,end_to_end,K1,True,0,63,4.626759036909789
cuda,CWRU,end_to_end,K1,True,0,64,4.615114012267441
cuda,CWRU,end_to_end,K1,True,0,65,4.5802799868397415
cuda,CWRU,end_to_end,K1,True,0,66,4.629860981367528
cuda,CWRU,end_to_end,K1,True,0,67,4.623975022695959
cuda,CWRU,end_to_end,K1,True,0,68,4.6046460047364235
cuda,CWRU,end_to_end,K1,True,0,69,4.6322919661179185
cuda,CWRU,end_to_end,K1,True,0,70,4.6479489537887275
cuda,CWRU,end_to_end,K1,True,0,71,4.69638203503564
cuda,CWRU,end_to_end,K1,True,0,72,4.626612004358321
cuda,CWRU,end_to_end,K1,True,0,73,4.714547016192228
cuda,CWRU,end_to_end,K1,True,0,74,4.721448989585042
cuda,CWRU,end_to_end,K1,True,0,75,4.610633011907339
cuda,CWRU,end_to_end,K1,True,0,76,4.611470969393849
cuda,CWRU,end_to_end,K1,True,0,77,4.603341978508979
cuda,CWRU,end_to_end,K1,True,0,78,4.5942909782752395
cuda,CWRU,end_to_end,K1,True,0,79,4.614764009602368
cuda,CWRU,end_to_end,K1,True,0,80,4.6050180098973215
cuda,CWRU,end_to_end,K1,True,0,81,4.560981004033238
cuda,CWRU,end_to_end,K1,True,0,82,4.599104984663427
cuda,CWRU,end_to_end,K1,True,0,83,4.59739996585995
cuda,CWRU,end_to_end,K1,True,0,84,4.6140620252117515
cuda,CWRU,end_to_end,K1,True,0,85,4.650750022847205
cuda,CWRU,end_to_end,K1,True,0,86,4.597840015776455
cuda,CWRU,end_to_end,K1,True,0,87,4.689193970989436
cuda,CWRU,end_to_end,K1,True,0,88,4.607026989106089
cuda,CWRU,end_to_end,K1,True,0,89,4.625507979653776
cuda,CWRU,end_to_end,K1,True,0,90,4.616561986040324
cuda,CWRU,end_to_end,K1,True,0,91,4.644637985620648
cuda,CWRU,end_to_end,K1,True,0,92,4.678045981563628
cuda,CWRU,end_to_end,K1,True,0,93,4.666518012527376
cuda,CWRU,end_to_end,K1,True,0,94,4.67233796371147
cuda,CWRU,end_to_end,K1,True,0,95,4.613286000676453
cuda,CWRU,end_to_end,K1,True,0,96,4.62853501085192
cuda,CWRU,end_to_end,K1,True,0,97,4.614826990291476
cuda,CWRU,end_to_end,K1,True,0,98,4.561657027807087
cuda,CWRU,end_to_end,K1,True,0,99,4.643419990316033
cuda,CWRU,end_to_end,K1,True,0,100,4.658934019971639
cuda,CWRU,end_to_end,K1,True,0,101,4.602810018695891
cuda,CWRU,end_to_end,K1,True,0,102,4.688142973463982
cuda,CWRU,end_to_end,K1,True,0,103,4.637355974409729
cuda,CWRU,end_to_end,K1,True,0,104,4.688272951170802
cuda,CWRU,end_to_end,K1,True,0,105,4.576632985845208
cuda,CWRU,end_to_end,K1,True,0,106,4.583555040881038
cuda,CWRU,end_to_end,K1,True,0,107,4.641765030100942
cuda,CWRU,end_to_end,K1,True,0,108,4.622164007741958
cuda,CWRU,end_to_end,K1,True,0,109,4.614093049895018
cuda,CWRU,end_to_end,K1,True,0,110,4.6018040156923234
cuda,CWRU,end_to_end,K1,True,0,111,4.596979008056223
cuda,CWRU,end_to_end,K1,True,0,112,4.605929017998278
cuda,CWRU,end_to_end,K1,True,0,113,4.6272980398498476
cuda,CWRU,end_to_end,K1,True,0,114,4.616711987182498
cuda,CWRU,end_to_end,K1,True,0,115,4.600482992827892
cuda,CWRU,end_to_end,K1,True,0,116,4.630142007954419
cuda,CWRU,end_to_end,K1,True,0,117,4.587033996358514
cuda,CWRU,end_to_end,K1,True,0,118,4.597371036652476
cuda,CWRU,end_to_end,K1,True,0,119,4.601415013894439
cuda,CWRU,end_to_end,K1,True,0,120,4.609329043887556
cuda,CWRU,end_to_end,K1,True,0,121,4.626618989277631
cuda,CWRU,end_to_end,K1,True,0,122,4.6229620347730815
cuda,CWRU,end_to_end,K1,True,0,123,4.590702010318637
cuda,CWRU,end_to_end,K1,True,0,124,4.599025007337332
cuda,CWRU,end_to_end,K1,True,0,125,4.574363003484905
cuda,CWRU,end_to_end,K1,True,0,126,4.588833020534366
cuda,CWRU,end_to_end,K1,True,0,127,4.642285988666117
cuda,CWRU,end_to_end,K1,True,0,128,4.629253991879523
cuda,CWRU,end_to_end,K1,True,0,129,4.616820020601153
cuda,CWRU,end_to_end,K1,True,0,130,4.567145952023566
cuda,CWRU,end_to_end,K1,True,0,131,4.588214971590787
cuda,CWRU,end_to_end,K1,True,0,132,4.623860993888229
cuda,CWRU,end_to_end,K1,True,0,133,4.598558007273823
cuda,CWRU,end_to_end,K1,True,0,134,4.591135017108172
cuda,CWRU,end_to_end,K1,True,0,135,4.685193998739123
cuda,CWRU,end_to_end,K1,True,0,136,4.643529013264924
cuda,CWRU,end_to_end,K1,True,0,137,4.671336035244167
cuda,CWRU,end_to_end,K1,True,0,138,4.633575037587434
cuda,CWRU,end_to_end,K1,True,0,139,4.600249987561256
cuda,CWRU,end_to_end,K1,True,0,140,4.574434016831219
cuda,CWRU,end_to_end,K1,True,0,141,4.5846690190956
cuda,CWRU,end_to_end,K1,True,0,142,4.699149983935058
cuda,CWRU,end_to_end,K1,True,0,143,5.835474992636591
cuda,CWRU,end_to_end,K1,True,0,144,4.874360980466008
cuda,CWRU,end_to_end,K1,True,0,145,4.973297996912152
cuda,CWRU,end_to_end,K1,True,0,146,4.876675026025623
cuda,CWRU,end_to_end,K1,True,0,147,4.833701997995377
cuda,CWRU,end_to_end,K1,True,0,148,4.7307509812526405
cuda,CWRU,end_to_end,K1,True,0,149,4.601680964697152
cuda,CWRU,end_to_end,K1,True,0,150,4.613557015545666
cuda,CWRU,end_to_end,K1,True,0,151,4.582235007546842
cuda,CWRU,end_to_end,K1,True,0,152,4.581607994623482
cuda,CWRU,end_to_end,K1,True,0,153,4.598810977768153
cuda,CWRU,end_to_end,K1,True,0,154,4.651702998671681
cuda,CWRU,end_to_end,K1,True,0,155,4.614902951288968
cuda,CWRU,end_to_end,K1,True,0,156,4.724470025394112
cuda,CWRU,end_to_end,K1,True,0,157,4.585075017530471
cuda,CWRU,end_to_end,K1,True,0,158,4.566435993183404
cuda,CWRU,end_to_end,K1,True,0,159,4.626745998393744
cuda,CWRU,end_to_end,K1,True,0,160,4.579373053275049
cuda,CWRU,end_to_end,K1,True,0,161,4.569495038595051
cuda,CWRU,end_to_end,K1,True,0,162,4.734661022666842
cuda,CWRU,end_to_end,K1,True,0,163,4.826293035876006
cuda,CWRU,end_to_end,K1,True,0,164,4.77303599473089
cuda,CWRU,end_to_end,K1,True,0,165,4.714442999102175
cuda,CWRU,end_to_end,K1,True,0,166,4.66900400351733
cuda,CWRU,end_to_end,K1,True,0,167,4.5932839857414365
cuda,CWRU,end_to_end,K1,True,0,168,4.629731003660709
cuda,CWRU,end_to_end,K1,True,0,169,4.608371003996581
cuda,CWRU,end_to_end,K1,True,0,170,4.633669974282384
cuda,CWRU,end_to_end,K1,True,0,171,4.605673020705581
cuda,CWRU,end_to_end,K1,True,0,172,4.573969054035842
cuda,CWRU,end_to_end,K1,True,0,173,4.626067006029189
cuda,CWRU,end_to_end,K1,True,0,174,4.614703007973731
cuda,CWRU,end_to_end,K1,True,0,175,4.602718981914222
cuda,CWRU,end_to_end,K1,True,0,176,4.60749602643773
cuda,CWRU,end_to_end,K1,True,0,177,4.620407009497285
cuda,CWRU,end_to_end,K1,True,0,178,4.600412969011813
cuda,CWRU,end_to_end,K1,True,0,179,4.589930002111942
cuda,CWRU,end_to_end,K1,True,0,180,4.6068570227362216
cuda,CWRU,end_to_end,K1,True,0,181,4.6025149640627205
cuda,CWRU,end_to_end,K1,True,0,182,4.618160019163042
cuda,CWRU,end_to_end,K1,True,0,183,4.61288500810042
cuda,CWRU,end_to_end,K1,True,0,184,4.696873016655445
cuda,CWRU,end_to_end,K1,True,0,185,4.665559972636402
cuda,CWRU,end_to_end,K1,True,0,186,4.62585297646001
cuda,CWRU,end_to_end,K1,True,0,187,4.618494014721364
cuda,CWRU,end_to_end,K1,True,0,188,4.573261947371066
cuda,CWRU,end_to_end,K1,True,0,189,4.603512992616743
cuda,CWRU,end_to_end,K1,True,0,190,4.5844269916415215
cuda,CWRU,end_to_end,K1,True,0,191,4.601356980856508
cuda,CWRU,end_to_end,K1,True,0,192,4.6042720205150545
cuda,CWRU,end_to_end,K1,True,0,193,4.5733010047115386
cuda,CWRU,end_to_end,K1,True,0,194,4.605779016856104
cuda,CWRU,end_to_end,K1,True,0,195,4.607526992913336
cuda,CWRU,end_to_end,K1,True,0,196,4.583208996336907
cuda,CWRU,end_to_end,K1,True,0,197,4.627277026884258
cuda,CWRU,end_to_end,K1,True,0,198,4.583142988849431
cuda,CWRU,end_to_end,K1,True,0,199,4.625201050657779
cuda,CWRU,end_to_end,K1,True,0,200,4.573833022732288
cuda,CWRU,end_to_end,K1,True,0,201,4.606336005963385
cuda,CWRU,end_to_end,K1,True,0,202,4.590879019815475
cuda,CWRU,end_to_end,K1,True,0,203,4.567752010188997
cuda,CWRU,end_to_end,K1,True,0,204,4.644926055334508
cuda,CWRU,end_to_end,K1,True,0,205,4.597509978339076
cuda,CWRU,end_to_end,K1,True,0,206,4.6217599883675575
cuda,CWRU,end_to_end,K1,True,0,207,4.578634980134666
cuda,CWRU,end_to_end,K1,True,0,208,4.625360015779734
cuda,CWRU,end_to_end,K1,True,0,209,4.62968903593719
cuda,CWRU,end_to_end,K1,True,0,210,4.585265996865928
cuda,CWRU,end_to_end,K1,True,0,211,4.603436042089015
cuda,CWRU,end_to_end,K1,True,0,212,4.572039993945509
cuda,CWRU,end_to_end,K1,True,0,213,4.5509160263463855
cuda,CWRU,end_to_end,K1,True,0,214,4.565406998153776
cuda,CWRU,end_to_end,K1,True,0,215,4.607391019817442
cuda,CWRU,end_to_end,K1,True,0,216,4.599119012709707
cuda,CWRU,end_to_end,K1,True,0,217,4.579537955578417
cuda,CWRU,end_to_end,K1,True,0,218,4.63826599298045
cuda,CWRU,end_to_end,K1,True,0,219,4.5962019939906895
cuda,CWRU,end_to_end,K1,True,0,220,4.602240980602801
cuda,CWRU,end_to_end,K1,True,0,221,4.6295319916680455
cuda,CWRU,end_to_end,K1,True,0,222,4.622909997124225
cuda,CWRU,end_to_end,K1,True,0,223,4.5685129589401186
cuda,CWRU,end_to_end,K1,True,0,224,4.588530980981886
cuda,CWRU,end_to_end,K1,True,0,225,4.636487981770188
cuda,CWRU,end_to_end,K1,True,0,226,4.596912011038512
cuda,CWRU,end_to_end,K1,True,0,227,4.570320015773177
cuda,CWRU,end_to_end,K1,True,0,228,4.602344008162618
cuda,CWRU,end_to_end,K1,True,0,229,4.591555974911898
cuda,CWRU,end_to_end,K1,True,0,230,4.599044972565025
cuda,CWRU,end_to_end,K1,True,0,231,4.60025598295033
cuda,CWRU,end_to_end,K1,True,0,232,4.640881961677223
cuda,CWRU,end_to_end,K1,True,0,233,4.584226000588387
cuda,CWRU,end_to_end,K1,True,0,234,4.6553160063922405
cuda,CWRU,end_to_end,K1,True,0,235,4.620468011125922
cuda,CWRU,end_to_end,K1,True,0,236,4.6093559940345585
cuda,CWRU,end_to_end,K1,True,0,237,4.639149003196508
cuda,CWRU,end_to_end,K1,True,0,238,4.615615005604923
cuda,CWRU,end_to_end,K1,True,0,239,4.650957998819649
cuda,CWRU,end_to_end,K1,True,0,240,4.593538003973663
cuda,CWRU,end_to_end,K1,True,0,241,4.563172988127917
cuda,CWRU,end_to_end,K1,True,0,242,4.568925010971725
cuda,CWRU,end_to_end,K1,True,0,243,4.613103985320777
cuda,CWRU,end_to_end,K1,True,0,244,4.576701030600816
cuda,CWRU,end_to_end,K1,True,0,245,4.580790002364665
cuda,CWRU,end_to_end,K1,True,0,246,4.625622997991741
cuda,CWRU,end_to_end,K1,True,0,247,4.5877149677835405
cuda,CWRU,end_to_end,K1,True,0,248,4.592376993969083
cuda,CWRU,end_to_end,K1,True,0,249,4.607090028002858
cuda,CWRU,end_to_end,K1,True,1,0,4.590948985423893
cuda,CWRU,end_to_end,K1,True,1,1,4.649370035622269
cuda,CWRU,end_to_end,K1,True,1,2,4.587621020618826
cuda,CWRU,end_to_end,K1,True,1,3,4.6517259906977415
cuda,CWRU,end_to_end,K1,True,1,4,4.648349015042186
cuda,CWRU,end_to_end,K1,True,1,5,4.582864989060909
cuda,CWRU,end_to_end,K1,True,1,6,4.6258370275609195
cuda,CWRU,end_to_end,K1,True,1,7,4.607895971275866
cuda,CWRU,end_to_end,K1,True,1,8,4.586395050864667
cuda,CWRU,end_to_end,K1,True,1,9,4.558153043035418
cuda,CWRU,end_to_end,K1,True,1,10,4.6245670528151095
cuda,CWRU,end_to_end,K1,True,1,11,4.610440984833986
cuda,CWRU,end_to_end,K1,True,1,12,4.580328997690231
cuda,CWRU,end_to_end,K1,True,1,13,4.583172965794802
cuda,CWRU,end_to_end,K1,True,1,14,4.609080031514168
cuda,CWRU,end_to_end,K1,True,1,15,4.638582991901785
cuda,CWRU,end_to_end,K1,True,1,16,4.620350024197251
cuda,CWRU,end_to_end,K1,True,1,17,4.573884012643248
cuda,CWRU,end_to_end,K1,True,1,18,4.6082689659669995
cuda,CWRU,end_to_end,K1,True,1,19,4.60122199729085
cuda,CWRU,end_to_end,K1,True,1,20,4.574818012770265
cuda,CWRU,end_to_end,K1,True,1,21,4.5509900082834065
cuda,CWRU,end_to_end,K1,True,1,22,4.587798030115664
cuda,CWRU,end_to_end,K1,True,1,23,4.624439985491335
cuda,CWRU,end_to_end,K1,True,1,24,4.60260797990486
cuda,CWRU,end_to_end,K1,True,1,25,4.598433035425842
cuda,CWRU,end_to_end,K1,True,1,26,4.614674020558596
cuda,CWRU,end_to_end,K1,True,1,27,4.595552978571504
cuda,CWRU,end_to_end,K1,True,1,28,4.581133020110428
cuda,CWRU,end_to_end,K1,True,1,29,4.609790979884565
cuda,CWRU,end_to_end,K1,True,1,30,4.6068140072748065
cuda,CWRU,end_to_end,K1,True,1,31,4.657306999433786
cuda,CWRU,end_to_end,K1,True,1,32,4.677373974118382
cuda,CWRU,end_to_end,K1,True,1,33,4.662529972847551
cuda,CWRU,end_to_end,K1,True,1,34,4.5752329751849174
cuda,CWRU,end_to_end,K1,True,1,35,4.625431960448623
cuda,CWRU,end_to_end,K1,True,1,36,4.601846041623503
cuda,CWRU,end_to_end,K1,True,1,37,4.7957999631762505
cuda,CWRU,end_to_end,K1,True,1,38,4.699511977378279
cuda,CWRU,end_to_end,K1,True,1,39,4.620918014552444
cuda,CWRU,end_to_end,K1,True,1,40,4.82593197375536
cuda,CWRU,end_to_end,K1,True,1,41,4.764067009091377
cuda,CWRU,end_to_end,K1,True,1,42,4.978196986485273
cuda,CWRU,end_to_end,K1,True,1,43,5.001931975129992
cuda,CWRU,end_to_end,K1,True,1,44,4.909539013169706
cuda,CWRU,end_to_end,K1,True,1,45,4.86942904535681
cuda,CWRU,end_to_end,K1,True,1,46,4.7984980046749115
cuda,CWRU,end_to_end,K1,True,1,47,4.5888799941167235
cuda,CWRU,end_to_end,K1,True,1,48,4.615396959707141
cuda,CWRU,end_to_end,K1,True,1,49,4.634234996046871
cuda,CWRU,end_to_end,K1,True,1,50,4.590818018186837
cuda,CWRU,end_to_end,K1,True,1,51,4.630966985132545
cuda,CWRU,end_to_end,K1,True,1,52,4.585965012665838
cuda,CWRU,end_to_end,K1,True,1,53,4.665902990382165
cuda,CWRU,end_to_end,K1,True,1,54,4.598124010954052
cuda,CWRU,end_to_end,K1,True,1,55,4.5778899802826345
cuda,CWRU,end_to_end,K1,True,1,56,4.592377052176744
cuda,CWRU,end_to_end,K1,True,1,57,4.6426140470430255
cuda,CWRU,end_to_end,K1,True,1,58,4.619190993253142
cuda,CWRU,end_to_end,K1,True,1,59,4.6101369662210345
cuda,CWRU,end_to_end,K1,True,1,60,4.6096150181256235
cuda,CWRU,end_to_end,K1,True,1,61,4.606649978086352
cuda,CWRU,end_to_end,K1,True,1,62,4.606024012900889
cuda,CWRU,end_to_end,K1,True,1,63,4.590080003254116
cuda,CWRU,end_to_end,K1,True,1,64,4.605388035997748
cuda,CWRU,end_to_end,K1,True,1,65,4.61411097785458
cuda,CWRU,end_to_end,K1,True,1,66,4.595278995111585
cuda,CWRU,end_to_end,K1,True,1,67,4.595086968038231
cuda,CWRU,end_to_end,K1,True,1,68,4.627286980394274
cuda,CWRU,end_to_end,K1,True,1,69,4.727866966277361
cuda,CWRU,end_to_end,K1,True,1,70,4.669169022236019
cuda,CWRU,end_to_end,K1,True,1,71,4.66622004751116
cuda,CWRU,end_to_end,K1,True,1,72,4.601398017257452
cuda,CWRU,end_to_end,K1,True,1,73,4.647864028811455
cuda,CWRU,end_to_end,K1,True,1,74,4.6340529806911945
cuda,CWRU,end_to_end,K1,True,1,75,4.609564028214663
cuda,CWRU,end_to_end,K1,True,1,76,4.581852990668267
cuda,CWRU,end_to_end,K1,True,1,77,4.623824963346124
cuda,CWRU,end_to_end,K1,True,1,78,4.575835017021745
cuda,CWRU,end_to_end,K1,True,1,79,4.628080001566559
cuda,CWRU,end_to_end,K1,True,1,80,4.630758019629866
cuda,CWRU,end_to_end,K1,True,1,81,4.573001991957426
cuda,CWRU,end_to_end,K1,True,1,82,4.58871602313593
cuda,CWRU,end_to_end,K1,True,1,83,4.60245501017198
cuda,CWRU,end_to_end,K1,True,1,84,4.586983995977789
cuda,CWRU,end_to_end,K1,True,1,85,4.569989978335798
cuda,CWRU,end_to_end,K1,True,1,86,4.5877930242568254
cuda,CWRU,end_to_end,K1,True,1,87,4.5893649803474545
cuda,CWRU,end_to_end,K1,True,1,88,4.557523992843926
cuda,CWRU,end_to_end,K1,True,1,89,4.586923983879387
cuda,CWRU,end_to_end,K1,True,1,90,4.618912993464619
cuda,CWRU,end_to_end,K1,True,1,91,4.571645986288786
cuda,CWRU,end_to_end,K1,True,1,92,4.5871600159443915
cuda,CWRU,end_to_end,K1,True,1,93,4.617455997504294
cuda,CWRU,end_to_end,K1,True,1,94,4.628699040040374
cuda,CWRU,end_to_end,K1,True,1,95,4.602659959346056
cuda,CWRU,end_to_end,K1,True,1,96,4.6059900196269155
cuda,CWRU,end_to_end,K1,True,1,97,4.596551007125527
cuda,CWRU,end_to_end,K1,True,1,98,4.60406398633495
cuda,CWRU,end_to_end,K1,True,1,99,4.600997024681419
cuda,CWRU,end_to_end,K1,True,1,100,4.620208987034857
cuda,CWRU,end_to_end,K1,True,1,101,4.7013090224936604
cuda,CWRU,end_to_end,K1,True,1,102,4.619727027602494
cuda,CWRU,end_to_end,K1,True,1,103,4.620488034561276
cuda,CWRU,end_to_end,K1,True,1,104,4.5858180383220315
cuda,CWRU,end_to_end,K1,True,1,105,4.5905610313639045
cuda,CWRU,end_to_end,K1,True,1,106,4.571700992528349
cuda,CWRU,end_to_end,K1,True,1,107,4.5934829977341
cuda,CWRU,end_to_end,K1,True,1,108,4.637963022105396
cuda,CWRU,end_to_end,K1,True,1,109,4.586721013765782
cuda,CWRU,end_to_end,K1,True,1,110,4.580033011734486
cuda,CWRU,end_to_end,K1,True,1,111,4.58442501258105
cuda,CWRU,end_to_end,K1,True,1,112,4.624993016477674
cuda,CWRU,end_to_end,K1,True,1,113,4.572532023303211
cuda,CWRU,end_to_end,K1,True,1,114,4.6320350375026464
cuda,CWRU,end_to_end,K1,True,1,115,4.625634988769889
cuda,CWRU,end_to_end,K1,True,1,116,4.577769024763256
cuda,CWRU,end_to_end,K1,True,1,117,4.593463032506406
cuda,CWRU,end_to_end,K1,True,1,118,4.623448010534048
cuda,CWRU,end_to_end,K1,True,1,119,4.5833829790353775
cuda,CWRU,end_to_end,K1,True,1,120,4.577593004796654
cuda,CWRU,end_to_end,K1,True,1,121,4.575864993967116
cuda,CWRU,end_to_end,K1,True,1,122,4.570860997773707
cuda,CWRU,end_to_end,K1,True,1,123,4.649951995816082
cuda,CWRU,end_to_end,K1,True,1,124,4.5717619941569865
cuda,CWRU,end_to_end,K1,True,1,125,4.63135598693043
cuda,CWRU,end_to_end,K1,True,1,126,4.585591028444469
cuda,CWRU,end_to_end,K1,True,1,127,4.614347999449819
cuda,CWRU,end_to_end,K1,True,1,128,4.641269973944873
cuda,CWRU,end_to_end,K1,True,1,129,4.821426002308726
cuda,CWRU,end_to_end,K1,True,1,130,4.8514819936826825
cuda,CWRU,end_to_end,K1,True,1,131,4.848029988352209
cuda,CWRU,end_to_end,K1,True,1,132,4.812005034182221
cuda,CWRU,end_to_end,K1,True,1,133,4.803247982636094
cuda,CWRU,end_to_end,K1,True,1,134,4.67003503581509
cuda,CWRU,end_to_end,K1,True,1,135,4.616694001015276
cuda,CWRU,end_to_end,K1,True,1,136,4.64113597990945
cuda,CWRU,end_to_end,K1,True,1,137,4.600147949531674
cuda,CWRU,end_to_end,K1,True,1,138,4.589696007315069
cuda,CWRU,end_to_end,K1,True,1,139,4.573866026476026
cuda,CWRU,end_to_end,K1,True,1,140,4.600690968800336
cuda,CWRU,end_to_end,K1,True,1,141,4.607650975231081
cuda,CWRU,end_to_end,K1,True,1,142,4.607635026331991
cuda,CWRU,end_to_end,K1,True,1,143,4.593447025399655
cuda,CWRU,end_to_end,K1,True,1,144,4.6291889739222825
cuda,CWRU,end_to_end,K1,True,1,145,4.57186799030751
cuda,CWRU,end_to_end,K1,True,1,146,4.608211980666965
cuda,CWRU,end_to_end,K1,True,1,147,4.5905220322310925
cuda,CWRU,end_to_end,K1,True,1,148,4.611195996403694
cuda,CWRU,end_to_end,K1,True,1,149,4.561978974379599
cuda,CWRU,end_to_end,K1,True,1,150,4.700471006799489
cuda,CWRU,end_to_end,K1,True,1,151,4.598598985467106
cuda,CWRU,end_to_end,K1,True,1,152,4.638810001779348
cuda,CWRU,end_to_end,K1,True,1,153,4.633183008991182
cuda,CWRU,end_to_end,K1,True,1,154,4.667248984333128
cuda,CWRU,end_to_end,K1,True,1,155,4.581774002872407
cuda,CWRU,end_to_end,K1,True,1,156,4.561379028018564
cuda,CWRU,end_to_end,K1,True,1,157,4.620886989869177
cuda,CWRU,end_to_end,K1,True,1,158,4.635478020645678
cuda,CWRU,end_to_end,K1,True,1,159,4.573379002977163
cuda,CWRU,end_to_end,K1,True,1,160,4.59505501203239
cuda,CWRU,end_to_end,K1,True,1,161,4.590509983245283
cuda,CWRU,end_to_end,K1,True,1,162,4.602516011800617
cuda,CWRU,end_to_end,K1,True,1,163,4.587179981172085
cuda,CWRU,end_to_end,K1,True,1,164,4.628064983990043
cuda,CWRU,end_to_end,K1,True,1,165,4.5716509921476245
cuda,CWRU,end_to_end,K1,True,1,166,4.616642952896655
cuda,CWRU,end_to_end,K1,True,1,167,4.589237971231341
cuda,CWRU,end_to_end,K1,True,1,168,4.562843998428434
cuda,CWRU,end_to_end,K1,True,1,169,4.585148999467492
cuda,CWRU,end_to_end,K1,True,1,170,4.5534970122389495
cuda,CWRU,end_to_end,K1,True,1,171,4.58899699151516
cuda,CWRU,end_to_end,K1,True,1,172,4.596379003487527
cuda,CWRU,end_to_end,K1,True,1,173,4.574480000883341
cuda,CWRU,end_to_end,K1,True,1,174,4.594811995048076
cuda,CWRU,end_to_end,K1,True,1,175,4.5759850181639194
cuda,CWRU,end_to_end,K1,True,1,176,4.580592038109899
cuda,CWRU,end_to_end,K1,True,1,177,4.587384988553822
cuda,CWRU,end_to_end,K1,True,1,178,4.70884598325938
cuda,CWRU,end_to_end,K1,True,1,179,4.593632998876274
cuda,CWRU,end_to_end,K1,True,1,180,4.608288989402354
cuda,CWRU,end_to_end,K1,True,1,181,4.5935119851492345
cuda,CWRU,end_to_end,K1,True,1,182,4.5805450063198805
cuda,CWRU,end_to_end,K1,True,1,183,4.622998007107526
cuda,CWRU,end_to_end,K1,True,1,184,4.5798339997418225
cuda,CWRU,end_to_end,K1,True,1,185,4.595270031131804
cuda,CWRU,end_to_end,K1,True,1,186,4.597885999828577
cuda,CWRU,end_to_end,K1,True,1,187,4.580122011248022
cuda,CWRU,end_to_end,K1,True,1,188,4.64009097777307
cuda,CWRU,end_to_end,K1,True,1,189,4.586036957334727
cuda,CWRU,end_to_end,K1,True,1,190,4.5842850231565535
cuda,CWRU,end_to_end,K1,True,1,191,4.615348007064313
cuda,CWRU,end_to_end,K1,True,1,192,4.592673038132489
cuda,CWRU,end_to_end,K1,True,1,193,4.620549967512488
cuda,CWRU,end_to_end,K1,True,1,194,4.5716940076090395
cuda,CWRU,end_to_end,K1,True,1,195,4.559404973406345
cuda,CWRU,end_to_end,K1,True,1,196,4.610206000506878
cuda,CWRU,end_to_end,K1,True,1,197,4.611017007846385
cuda,CWRU,end_to_end,K1,True,1,198,4.5653790002688766
cuda,CWRU,end_to_end,K1,True,1,199,4.646069020964205
cuda,CWRU,end_to_end,K1,True,1,200,4.618895007297397
cuda,CWRU,end_to_end,K1,True,1,201,4.6026299824006855
cuda,CWRU,end_to_end,K1,True,1,202,4.652979027014226
cuda,CWRU,end_to_end,K1,True,1,203,4.571705008856952
cuda,CWRU,end_to_end,K1,True,1,204,4.581880057230592
cuda,CWRU,end_to_end,K1,True,1,205,4.611289012245834
cuda,CWRU,end_to_end,K1,True,1,206,4.606410977430642
cuda,CWRU,end_to_end,K1,True,1,207,4.585625021718442
cuda,CWRU,end_to_end,K1,True,1,208,4.658803984057158
cuda,CWRU,end_to_end,K1,True,1,209,4.592111974488944
cuda,CWRU,end_to_end,K1,True,1,210,4.60650201421231
cuda,CWRU,end_to_end,K1,True,1,211,4.6175329480320215
cuda,CWRU,end_to_end,K1,True,1,212,4.5563020394183695
cuda,CWRU,end_to_end,K1,True,1,213,4.623654007446021
cuda,CWRU,end_to_end,K1,True,1,214,4.613428027369082
cuda,CWRU,end_to_end,K1,True,1,215,4.563218040857464
cuda,CWRU,end_to_end,K1,True,1,216,4.64118696982041
cuda,CWRU,end_to_end,K1,True,1,217,4.577708954457194
cuda,CWRU,end_to_end,K1,True,1,218,4.583914997056127
cuda,CWRU,end_to_end,K1,True,1,219,4.591962962877005
cuda,CWRU,end_to_end,K1,True,1,220,4.682602011598647
cuda,CWRU,end_to_end,K1,True,1,221,4.628347000107169
cuda,CWRU,end_to_end,K1,True,1,222,4.791732004377991
cuda,CWRU,end_to_end,K1,True,1,223,4.624533990863711
cuda,CWRU,end_to_end,K1,True,1,224,4.570065997540951
cuda,CWRU,end_to_end,K1,True,1,225,4.596698970999569
cuda,CWRU,end_to_end,K1,True,1,226,4.575348983053118
cuda,CWRU,end_to_end,K1,True,1,227,4.613253055140376
cuda,CWRU,end_to_end,K1,True,1,228,4.58420196082443
cuda,CWRU,end_to_end,K1,True,1,229,4.5904890284873545
cuda,CWRU,end_to_end,K1,True,1,230,4.59857500391081
cuda,CWRU,end_to_end,K1,True,1,231,4.652334027923644
cuda,CWRU,end_to_end,K1,True,1,232,4.5846509747207165
cuda,CWRU,end_to_end,K1,True,1,233,4.590527038089931
cuda,CWRU,end_to_end,K1,True,1,234,4.580123990308493
cuda,CWRU,end_to_end,K1,True,1,235,4.563275026157498
cuda,CWRU,end_to_end,K1,True,1,236,4.665726970415562
cuda,CWRU,end_to_end,K1,True,1,237,4.592945042531937
cuda,CWRU,end_to_end,K1,True,1,238,4.629544971976429
cuda,CWRU,end_to_end,K1,True,1,239,4.582360037602484
cuda,CWRU,end_to_end,K1,True,1,240,4.580310021992773
cuda,CWRU,end_to_end,K1,True,1,241,4.612985998392105
cuda,CWRU,end_to_end,K1,True,1,242,4.58966800943017
cuda,CWRU,end_to_end,K1,True,1,243,4.56905597820878
cuda,CWRU,end_to_end,K1,True,1,244,4.602670960593969
cuda,CWRU,end_to_end,K1,True,1,245,4.624618974048644
cuda,CWRU,end_to_end,K1,True,1,246,4.598255967721343
cuda,CWRU,end_to_end,K1,True,1,247,4.5851049944758415
cuda,CWRU,end_to_end,K1,True,1,248,4.632730968296528
cuda,CWRU,end_to_end,K1,True,1,249,4.596137965563685
cuda,CWRU,end_to_end,Full-S1,True,1,0,8.110555994790047
cuda,CWRU,end_to_end,Full-S1,True,1,1,8.045688970014453
cuda,CWRU,end_to_end,Full-S1,True,1,2,8.314487989991903
cuda,CWRU,end_to_end,Full-S1,True,1,3,8.22811498073861
cuda,CWRU,end_to_end,Full-S1,True,1,4,8.253434963990003
cuda,CWRU,end_to_end,Full-S1,True,1,5,8.014680992346257
cuda,CWRU,end_to_end,Full-S1,True,1,6,8.09385598404333
cuda,CWRU,end_to_end,Full-S1,True,1,7,8.216601971071213
cuda,CWRU,end_to_end,Full-S1,True,1,8,8.049577998463064
cuda,CWRU,end_to_end,Full-S1,True,1,9,8.054558013100177
cuda,CWRU,end_to_end,Full-S1,True,1,10,8.07586603332311
cuda,CWRU,end_to_end,Full-S1,True,1,11,8.109034970402718
cuda,CWRU,end_to_end,Full-S1,True,1,12,8.086971996817738
cuda,CWRU,end_to_end,Full-S1,True,1,13,8.045959053561091
cuda,CWRU,end_to_end,Full-S1,True,1,14,8.11001902911812
cuda,CWRU,end_to_end,Full-S1,True,1,15,8.03239899687469
cuda,CWRU,end_to_end,Full-S1,True,1,16,7.998524000868201
cuda,CWRU,end_to_end,Full-S1,True,1,17,8.048292016610503
cuda,CWRU,end_to_end,Full-S1,True,1,18,8.023035945370793
cuda,CWRU,end_to_end,Full-S1,True,1,19,8.12992500141263
cuda,CWRU,end_to_end,Full-S1,True,1,20,8.100447012111545
cuda,CWRU,end_to_end,Full-S1,True,1,21,8.064310997724533
cuda,CWRU,end_to_end,Full-S1,True,1,22,8.154976007062942
cuda,CWRU,end_to_end,Full-S1,True,1,23,8.071603020653129
cuda,CWRU,end_to_end,Full-S1,True,1,24,8.089553040917963
cuda,CWRU,end_to_end,Full-S1,True,1,25,8.047791954595596
cuda,CWRU,end_to_end,Full-S1,True,1,26,8.035512000788003
cuda,CWRU,end_to_end,Full-S1,True,1,27,8.129552996251732
cuda,CWRU,end_to_end,Full-S1,True,1,28,7.991213002242148
cuda,CWRU,end_to_end,Full-S1,True,1,29,8.140374964568764
cuda,CWRU,end_to_end,Full-S1,True,1,30,8.074528013821691
cuda,CWRU,end_to_end,Full-S1,True,1,31,8.140718971844763
cuda,CWRU,end_to_end,Full-S1,True,1,32,8.052779012359679
cuda,CWRU,end_to_end,Full-S1,True,1,33,8.04990902543068
cuda,CWRU,end_to_end,Full-S1,True,1,34,8.078166982159019
cuda,CWRU,end_to_end,Full-S1,True,1,35,8.054373029153794
cuda,CWRU,end_to_end,Full-S1,True,1,36,8.024776994716376
cuda,CWRU,end_to_end,Full-S1,True,1,37,8.043140987865627
cuda,CWRU,end_to_end,Full-S1,True,1,38,8.034766011405736
cuda,CWRU,end_to_end,Full-S1,True,1,39,8.152050955686718
cuda,CWRU,end_to_end,Full-S1,True,1,40,8.035583014134318
cuda,CWRU,end_to_end,Full-S1,True,1,41,8.02395201753825
cuda,CWRU,end_to_end,Full-S1,True,1,42,8.02814296912402
cuda,CWRU,end_to_end,Full-S1,True,1,43,8.097863988950849
cuda,CWRU,end_to_end,Full-S1,True,1,44,7.982529990840703
cuda,CWRU,end_to_end,Full-S1,True,1,45,8.021607995033264
cuda,CWRU,end_to_end,Full-S1,True,1,46,8.23388498974964
cuda,CWRU,end_to_end,Full-S1,True,1,47,8.047920011449605
cuda,CWRU,end_to_end,Full-S1,True,1,48,8.040048007387668
cuda,CWRU,end_to_end,Full-S1,True,1,49,8.024113019928336
cuda,CWRU,end_to_end,Full-S1,True,1,50,8.044666959904134
cuda,CWRU,end_to_end,Full-S1,True,1,51,8.070126990787685
cuda,CWRU,end_to_end,Full-S1,True,1,52,8.041142020374537
cuda,CWRU,end_to_end,Full-S1,True,1,53,8.199074014555663
cuda,CWRU,end_to_end,Full-S1,True,1,54,8.258552988991141
cuda,CWRU,end_to_end,Full-S1,True,1,55,8.653454016894102
cuda,CWRU,end_to_end,Full-S1,True,1,56,8.424123981967568
cuda,CWRU,end_to_end,Full-S1,True,1,57,8.18461598828435
cuda,CWRU,end_to_end,Full-S1,True,1,58,8.037031977437437
cuda,CWRU,end_to_end,Full-S1,True,1,59,8.067571965511888
cuda,CWRU,end_to_end,Full-S1,True,1,60,8.042928006034344
cuda,CWRU,end_to_end,Full-S1,True,1,61,8.050295000430197
cuda,CWRU,end_to_end,Full-S1,True,1,62,8.092107018455863
cuda,CWRU,end_to_end,Full-S1,True,1,63,8.182285993825644
cuda,CWRU,end_to_end,Full-S1,True,1,64,8.049491967540234
cuda,CWRU,end_to_end,Full-S1,True,1,65,8.089378010481596
cuda,CWRU,end_to_end,Full-S1,True,1,66,8.041989000048488
cuda,CWRU,end_to_end,Full-S1,True,1,67,8.217766007874161
cuda,CWRU,end_to_end,Full-S1,True,1,68,8.188738021999598
cuda,CWRU,end_to_end,Full-S1,True,1,69,8.079173043370247
cuda,CWRU,end_to_end,Full-S1,True,1,70,8.048001967836171
cuda,CWRU,end_to_end,Full-S1,True,1,71,8.04584997240454
cuda,CWRU,end_to_end,Full-S1,True,1,72,7.995807973202318
cuda,CWRU,end_to_end,Full-S1,True,1,73,8.005546987988055
cuda,CWRU,end_to_end,Full-S1,True,1,74,8.031859993934631
cuda,CWRU,end_to_end,Full-S1,True,1,75,8.069760981015861
cuda,CWRU,end_to_end,Full-S1,True,1,76,8.0434629926458
cuda,CWRU,end_to_end,Full-S1,True,1,77,8.021196990739554
cuda,CWRU,end_to_end,Full-S1,True,1,78,8.019253029488027
cuda,CWRU,end_to_end,Full-S1,True,1,79,8.056850987486541
cuda,CWRU,end_to_end,Full-S1,True,1,80,8.038797008339316
cuda,CWRU,end_to_end,Full-S1,True,1,81,8.038210973609239
cuda,CWRU,end_to_end,Full-S1,True,1,82,8.03607195848599
cuda,CWRU,end_to_end,Full-S1,True,1,83,8.131444978062063
cuda,CWRU,end_to_end,Full-S1,True,1,84,8.057443017605692
cuda,CWRU,end_to_end,Full-S1,True,1,85,8.069940959103405
cuda,CWRU,end_to_end,Full-S1,True,1,86,7.9728320124559104
cuda,CWRU,end_to_end,Full-S1,True,1,87,8.039673033636063
cuda,CWRU,end_to_end,Full-S1,True,1,88,8.03673203336075
cuda,CWRU,end_to_end,Full-S1,True,1,89,7.989342033397406
cuda,CWRU,end_to_end,Full-S1,True,1,90,8.046860049944371
cuda,CWRU,end_to_end,Full-S1,True,1,91,8.022548980079591
cuda,CWRU,end_to_end,Full-S1,True,1,92,8.038578962441534
cuda,CWRU,end_to_end,Full-S1,True,1,93,8.094904012978077
cuda,CWRU,end_to_end,Full-S1,True,1,94,8.003483002539724
cuda,CWRU,end_to_end,Full-S1,True,1,95,8.091102994512767
cuda,CWRU,end_to_end,Full-S1,True,1,96,8.093312964774668
cuda,CWRU,end_to_end,Full-S1,True,1,97,8.07792297564447
cuda,CWRU,end_to_end,Full-S1,True,1,98,8.01260198932141
cuda,CWRU,end_to_end,Full-S1,True,1,99,8.044159039855003
cuda,CWRU,end_to_end,Full-S1,True,1,100,8.016164996661246
cuda,CWRU,end_to_end,Full-S1,True,1,101,8.055107959080487
cuda,CWRU,end_to_end,Full-S1,True,1,102,8.031921985093504
cuda,CWRU,end_to_end,Full-S1,True,1,103,8.047109993640333
cuda,CWRU,end_to_end,Full-S1,True,1,104,8.064705005381256
cuda,CWRU,end_to_end,Full-S1,True,1,105,8.071686956100166
cuda,CWRU,end_to_end,Full-S1,True,1,106,8.012327016331255
cuda,CWRU,end_to_end,Full-S1,True,1,107,8.00590100698173
cuda,CWRU,end_to_end,Full-S1,True,1,108,8.087413967587054
cuda,CWRU,end_to_end,Full-S1,True,1,109,8.044749032706022
cuda,CWRU,end_to_end,Full-S1,True,1,110,8.180523989722133
cuda,CWRU,end_to_end,Full-S1,True,1,111,8.18531500408426
cuda,CWRU,end_to_end,Full-S1,True,1,112,8.082290994934738
cuda,CWRU,end_to_end,Full-S1,True,1,113,8.044749032706022
cuda,CWRU,end_to_end,Full-S1,True,1,114,8.095223980490118
cuda,CWRU,end_to_end,Full-S1,True,1,115,8.016175008378923
cuda,CWRU,end_to_end,Full-S1,True,1,116,8.026976021938026
cuda,CWRU,end_to_end,Full-S1,True,1,117,8.053807017859071
cuda,CWRU,end_to_end,Full-S1,True,1,118,8.054993988480419
cuda,CWRU,end_to_end,Full-S1,True,1,119,8.050795004237443
cuda,CWRU,end_to_end,Full-S1,True,1,120,8.028515963815153
cuda,CWRU,end_to_end,Full-S1,True,1,121,8.006331976503134
cuda,CWRU,end_to_end,Full-S1,True,1,122,8.108781999908388
cuda,CWRU,end_to_end,Full-S1,True,1,123,8.074220037087798
cuda,CWRU,end_to_end,Full-S1,True,1,124,8.038567029871047
cuda,CWRU,end_to_end,Full-S1,True,1,125,8.158772019669414
cuda,CWRU,end_to_end,Full-S1,True,1,126,8.095030032563955
cuda,CWRU,end_to_end,Full-S1,True,1,127,8.244953991379589
cuda,CWRU,end_to_end,Full-S1,True,1,128,8.21689999429509
cuda,CWRU,end_to_end,Full-S1,True,1,129,8.084091998171061
cuda,CWRU,end_to_end,Full-S1,True,1,130,8.041121996939182
cuda,CWRU,end_to_end,Full-S1,True,1,131,8.094216987956315
cuda,CWRU,end_to_end,Full-S1,True,1,132,8.088596980087459
cuda,CWRU,end_to_end,Full-S1,True,1,133,8.007218013517559
cuda,CWRU,end_to_end,Full-S1,True,1,134,8.026243012864143
cuda,CWRU,end_to_end,Full-S1,True,1,135,8.076618949417025
cuda,CWRU,end_to_end,Full-S1,True,1,136,8.02641297923401
cuda,CWRU,end_to_end,Full-S1,True,1,137,8.056642021983862
cuda,CWRU,end_to_end,Full-S1,True,1,138,8.132032002322376
cuda,CWRU,end_to_end,Full-S1,True,1,139,8.069671981502324
cuda,CWRU,end_to_end,Full-S1,True,1,140,8.03431699750945
cuda,CWRU,end_to_end,Full-S1,True,1,141,8.135351992677897
cuda,CWRU,end_to_end,Full-S1,True,1,142,8.073801989667118
cuda,CWRU,end_to_end,Full-S1,True,1,143,8.060991007369012
cuda,CWRU,end_to_end,Full-S1,True,1,144,8.075796999037266
cuda,CWRU,end_to_end,Full-S1,True,1,145,8.048916992265731
cuda,CWRU,end_to_end,Full-S1,True,1,146,8.067068993113935
cuda,CWRU,end_to_end,Full-S1,True,1,147,8.048499003052711
cuda,CWRU,end_to_end,Full-S1,True,1,148,8.010225021280348
cuda,CWRU,end_to_end,Full-S1,True,1,149,8.033551974222064
cuda,CWRU,end_to_end,Full-S1,True,1,150,8.03303299471736
cuda,CWRU,end_to_end,Full-S1,True,1,151,8.143212995491922
cuda,CWRU,end_to_end,Full-S1,True,1,152,8.058424980845302
cuda,CWRU,end_to_end,Full-S1,True,1,153,8.054996957071126
cuda,CWRU,end_to_end,Full-S1,True,1,154,8.015386993065476
cuda,CWRU,end_to_end,Full-S1,True,1,155,8.08523700106889
cuda,CWRU,end_to_end,Full-S1,True,1,156,8.0238520167768
cuda,CWRU,end_to_end,Full-S1,True,1,157,8.023002999834716
cuda,CWRU,end_to_end,Full-S1,True,1,158,8.044140005949885
cuda,CWRU,end_to_end,Full-S1,True,1,159,8.036512008402497
cuda,CWRU,end_to_end,Full-S1,True,1,160,8.050895994529128
cuda,CWRU,end_to_end,Full-S1,True,1,161,8.079972001723945
cuda,CWRU,end_to_end,Full-S1,True,1,162,8.098062011413276
cuda,CWRU,end_to_end,Full-S1,True,1,163,8.05433897767216
cuda,CWRU,end_to_end,Full-S1,True,1,164,8.044173009693623
cuda,CWRU,end_to_end,Full-S1,True,1,165,8.036438026465476
cuda,CWRU,end_to_end,Full-S1,True,1,166,8.053469995502383
cuda,CWRU,end_to_end,Full-S1,True,1,167,8.128871966619045
cuda,CWRU,end_to_end,Full-S1,True,1,168,8.033449004869908
cuda,CWRU,end_to_end,Full-S1,True,1,169,8.019253029488027
cuda,CWRU,end_to_end,Full-S1,True,1,170,8.02541698794812
cuda,CWRU,end_to_end,Full-S1,True,1,171,8.026476949453354
cuda,CWRU,end_to_end,Full-S1,True,1,172,8.026611991226673
cuda,CWRU,end_to_end,Full-S1,True,1,173,8.022738969884813
cuda,CWRU,end_to_end,Full-S1,True,1,174,8.054162026382983
cuda,CWRU,end_to_end,Full-S1,True,1,175,8.074080978985876
cuda,CWRU,end_to_end,Full-S1,True,1,176,7.999815046787262
cuda,CWRU,end_to_end,Full-S1,True,1,177,8.024359995033592
cuda,CWRU,end_to_end,Full-S1,True,1,178,8.14918999094516
cuda,CWRU,end_to_end,Full-S1,True,1,179,8.715529984328896
cuda,CWRU,end_to_end,Full-S1,True,1,180,8.332894009072334
cuda,CWRU,end_to_end,Full-S1,True,1,181,8.106545021291822
cuda,CWRU,end_to_end,Full-S1,True,1,182,8.115775999613106
cuda,CWRU,end_to_end,Full-S1,True,1,183,8.114016032777727
cuda,CWRU,end_to_end,Full-S1,True,1,184,8.037279010750353
cuda,CWRU,end_to_end,Full-S1,True,1,185,8.027350006159395
cuda,CWRU,end_to_end,Full-S1,True,1,186,8.042154018767178
cuda,CWRU,end_to_end,Full-S1,True,1,187,8.055795973632485
cuda,CWRU,end_to_end,Full-S1,True,1,188,8.055259997490793
cuda,CWRU,end_to_end,Full-S1,True,1,189,8.023773960303515
cuda,CWRU,end_to_end,Full-S1,True,1,190,8.01844400120899
cuda,CWRU,end_to_end,Full-S1,True,1,191,8.059876970946789
cuda,CWRU,end_to_end,Full-S1,True,1,192,8.011623984202743
cuda,CWRU,end_to_end,Full-S1,True,1,193,8.006984018720686
cuda,CWRU,end_to_end,Full-S1,True,1,194,8.068978029768914
cuda,CWRU,end_to_end,Full-S1,True,1,195,8.005271025467664
cuda,CWRU,end_to_end,Full-S1,True,1,196,8.041744004003704
cuda,CWRU,end_to_end,Full-S1,True,1,197,8.01671703811735
cuda,CWRU,end_to_end,Full-S1,True,1,198,8.049485040828586
cuda,CWRU,end_to_end,Full-S1,True,1,199,8.01698595751077
cuda,CWRU,end_to_end,Full-S1,True,1,200,8.080645988229662
cuda,CWRU,end_to_end,Full-S1,True,1,201,8.01821704953909
cuda,CWRU,end_to_end,Full-S1,True,1,202,8.110115013550967
cuda,CWRU,end_to_end,Full-S1,True,1,203,8.03861499298364
cuda,CWRU,end_to_end,Full-S1,True,1,204,7.998531975317746
cuda,CWRU,end_to_end,Full-S1,True,1,205,8.028736978303641
cuda,CWRU,end_to_end,Full-S1,True,1,206,8.101926010567695
cuda,CWRU,end_to_end,Full-S1,True,1,207,8.027005998883396
cuda,CWRU,end_to_end,Full-S1,True,1,208,8.027978998143226
cuda,CWRU,end_to_end,Full-S1,True,1,209,8.03966901730746
cuda,CWRU,end_to_end,Full-S1,True,1,210,8.073454955592752
cuda,CWRU,end_to_end,Full-S1,True,1,211,8.024871000088751
cuda,CWRU,end_to_end,Full-S1,True,1,212,8.012181031517684
cuda,CWRU,end_to_end,Full-S1,True,1,213,8.046667033340782
cuda,CWRU,end_to_end,Full-S1,True,1,214,8.08267097454518
cuda,CWRU,end_to_end,Full-S1,True,1,215,7.986663025803864
cuda,CWRU,end_to_end,Full-S1,True,1,216,8.034840982872993
cuda,CWRU,end_to_end,Full-S1,True,1,217,8.084235014393926
cuda,CWRU,end_to_end,Full-S1,True,1,218,8.08413204504177
cuda,CWRU,end_to_end,Full-S1,True,1,219,8.026724972296506
cuda,CWRU,end_to_end,Full-S1,True,1,220,8.129076042678207
cuda,CWRU,end_to_end,Full-S1,True,1,221,8.010830031707883
cuda,CWRU,end_to_end,Full-S1,True,1,222,8.091656025499105
cuda,CWRU,end_to_end,Full-S1,True,1,223,8.0135150346905
cuda,CWRU,end_to_end,Full-S1,True,1,224,8.009949990082532
cuda,CWRU,end_to_end,Full-S1,True,1,225,8.071532007306814
cuda,CWRU,end_to_end,Full-S1,True,1,226,8.047785027883947
cuda,CWRU,end_to_end,Full-S1,True,1,227,8.00473801791668
cuda,CWRU,end_to_end,Full-S1,True,1,228,8.025819028262049
cuda,CWRU,end_to_end,Full-S1,True,1,229,8.045087044592947
cuda,CWRU,end_to_end,Full-S1,True,1,230,8.038186002522707
cuda,CWRU,end_to_end,Full-S1,True,1,231,8.042340981774032
cuda,CWRU,end_to_end,Full-S1,True,1,232,8.07750498643145
cuda,CWRU,end_to_end,Full-S1,True,1,233,8.022349968086928
cuda,CWRU,end_to_end,Full-S1,True,1,234,8.098777034319937
cuda,CWRU,end_to_end,Full-S1,True,1,235,8.027886971831322
cuda,CWRU,end_to_end,Full-S1,True,1,236,8.015733037609607
cuda,CWRU,end_to_end,Full-S1,True,1,237,8.085711975581944
cuda,CWRU,end_to_end,Full-S1,True,1,238,8.23213905096054
cuda,CWRU,end_to_end,Full-S1,True,1,239,8.044327958486974
cuda,CWRU,end_to_end,Full-S1,True,1,240,8.009475946892053
cuda,CWRU,end_to_end,Full-S1,True,1,241,8.02632700651884
cuda,CWRU,end_to_end,Full-S1,True,1,242,8.027373987715691
cuda,CWRU,end_to_end,Full-S1,True,1,243,8.019212982617319
cuda,CWRU,end_to_end,Full-S1,True,1,244,8.03201796952635
cuda,CWRU,end_to_end,Full-S1,True,1,245,8.026839001104236
cuda,CWRU,end_to_end,Full-S1,True,1,246,8.017121988814324
cuda,CWRU,end_to_end,Full-S1,True,1,247,8.053491008467972
cuda,CWRU,end_to_end,Full-S1,True,1,248,8.005228010006249
cuda,CWRU,end_to_end,Full-S1,True,1,249,8.165874052792788
cuda,CWRU,end_to_end,Full-S1,True,2,0,8.434788032900542
cuda,CWRU,end_to_end,Full-S1,True,2,1,8.28101800289005
cuda,CWRU,end_to_end,Full-S1,True,2,2,8.208507031667978
cuda,CWRU,end_to_end,Full-S1,True,2,3,8.08444496942684
cuda,CWRU,end_to_end,Full-S1,True,2,4,8.063265006057918
cuda,CWRU,end_to_end,Full-S1,True,2,5,8.063812972977757
cuda,CWRU,end_to_end,Full-S1,True,2,6,8.014402003027499
cuda,CWRU,end_to_end,Full-S1,True,2,7,8.052416029386222
cuda,CWRU,end_to_end,Full-S1,True,2,8,8.011436962988228
cuda,CWRU,end_to_end,Full-S1,True,2,9,8.02880001720041
cuda,CWRU,end_to_end,Full-S1,True,2,10,8.01453203894198
cuda,CWRU,end_to_end,Full-S1,True,2,11,8.018812979571521
cuda,CWRU,end_to_end,Full-S1,True,2,12,8.108116977382451
cuda,CWRU,end_to_end,Full-S1,True,2,13,8.1639249692671
cuda,CWRU,end_to_end,Full-S1,True,2,14,8.049338008277118
cuda,CWRU,end_to_end,Full-S1,True,2,15,8.029503980651498
cuda,CWRU,end_to_end,Full-S1,True,2,16,8.071063028182834
cuda,CWRU,end_to_end,Full-S1,True,2,17,8.054545964114368
cuda,CWRU,end_to_end,Full-S1,True,2,18,8.028467011172324
cuda,CWRU,end_to_end,Full-S1,True,2,19,8.075465972069651
cuda,CWRU,end_to_end,Full-S1,True,2,20,8.05382098769769
cuda,CWRU,end_to_end,Full-S1,True,2,21,8.075136982370168
cuda,CWRU,end_to_end,Full-S1,True,2,22,8.027102972846478
cuda,CWRU,end_to_end,Full-S1,True,2,23,8.045172959100455
cuda,CWRU,end_to_end,Full-S1,True,2,24,8.015315979719162
cuda,CWRU,end_to_end,Full-S1,True,2,25,8.091080002486706
cuda,CWRU,end_to_end,Full-S1,True,2,26,8.019374043215066
cuda,CWRU,end_to_end,Full-S1,True,2,27,8.066245005466044
cuda,CWRU,end_to_end,Full-S1,True,2,28,8.000442001502961
cuda,CWRU,end_to_end,Full-S1,True,2,29,8.036161016207188
cuda,CWRU,end_to_end,Full-S1,True,2,30,8.031626988667995
cuda,CWRU,end_to_end,Full-S1,True,2,31,7.983179995790124
cuda,CWRU,end_to_end,Full-S1,True,2,32,8.040365006309003
cuda,CWRU,end_to_end,Full-S1,True,2,33,8.04352102568373
cuda,CWRU,end_to_end,Full-S1,True,2,34,8.04252695525065
cuda,CWRU,end_to_end,Full-S1,True,2,35,8.022344030905515
cuda,CWRU,end_to_end,Full-S1,True,2,36,8.032783051021397
cuda,CWRU,end_to_end,Full-S1,True,2,37,8.068715978879482
cuda,CWRU,end_to_end,Full-S1,True,2,38,8.007458003703505
cuda,CWRU,end_to_end,Full-S1,True,2,39,8.040045038796961
cuda,CWRU,end_to_end,Full-S1,True,2,40,8.041232009418309
cuda,CWRU,end_to_end,Full-S1,True,2,41,8.111150993499905
cuda,CWRU,end_to_end,Full-S1,True,2,42,8.056521997787058
cuda,CWRU,end_to_end,Full-S1,True,2,43,8.079658960923553
cuda,CWRU,end_to_end,Full-S1,True,2,44,8.043716021347791
cuda,CWRU,end_to_end,Full-S1,True,2,45,8.056177000980824
cuda,CWRU,end_to_end,Full-S1,True,2,46,8.017593994736671
cuda,CWRU,end_to_end,Full-S1,True,2,47,8.00549000268802
cuda,CWRU,end_to_end,Full-S1,True,2,48,7.999258989002556
cuda,CWRU,end_to_end,Full-S1,True,2,49,8.037109044380486
cuda,CWRU,end_to_end,Full-S1,True,2,50,8.076847007032484
cuda,CWRU,end_to_end,Full-S1,True,2,51,8.075040008407086
cuda,CWRU,end_to_end,Full-S1,True,2,52,8.39945999905467
cuda,CWRU,end_to_end,Full-S1,True,2,53,8.186546037904918
cuda,CWRU,end_to_end,Full-S1,True,2,54,8.187038009054959
cuda,CWRU,end_to_end,Full-S1,True,2,55,8.093500044196844
cuda,CWRU,end_to_end,Full-S1,True,2,56,8.04311700630933
cuda,CWRU,end_to_end,Full-S1,True,2,57,8.058502979110926
cuda,CWRU,end_to_end,Full-S1,True,2,58,8.016873965971172
cuda,CWRU,end_to_end,Full-S1,True,2,59,8.04486300330609
cuda,CWRU,end_to_end,Full-S1,True,2,60,8.059280051384121
cuda,CWRU,end_to_end,Full-S1,True,2,61,8.076864993199706
cuda,CWRU,end_to_end,Full-S1,True,2,62,8.072256983723491
cuda,CWRU,end_to_end,Full-S1,True,2,63,8.024448994547129
cuda,CWRU,end_to_end,Full-S1,True,2,64,8.078399987425655
cuda,CWRU,end_to_end,Full-S1,True,2,65,8.141148020513356
cuda,CWRU,end_to_end,Full-S1,True,2,66,8.142831036821008
cuda,CWRU,end_to_end,Full-S1,True,2,67,8.144701947458088
cuda,CWRU,end_to_end,Full-S1,True,2,68,8.182202989701182
cuda,CWRU,end_to_end,Full-S1,True,2,69,8.328141004312783
cuda,CWRU,end_to_end,Full-S1,True,2,70,8.501266012899578
cuda,CWRU,end_to_end,Full-S1,True,2,71,8.219017996452749
cuda,CWRU,end_to_end,Full-S1,True,2,72,8.04372999118641
cuda,CWRU,end_to_end,Full-S1,True,2,73,8.087904949206859
cuda,CWRU,end_to_end,Full-S1,True,2,74,8.053227968048304
cuda,CWRU,end_to_end,Full-S1,True,2,75,8.08614498237148
cuda,CWRU,end_to_end,Full-S1,True,2,76,8.019050001166761
cuda,CWRU,end_to_end,Full-S1,True,2,77,8.052443037740886
cuda,CWRU,end_to_end,Full-S1,True,2,78,8.027756004594266
cuda,CWRU,end_to_end,Full-S1,True,2,79,8.045434020459652
cuda,CWRU,end_to_end,Full-S1,True,2,80,8.073888020589948
cuda,CWRU,end_to_end,Full-S1,True,2,81,8.115164004266262
cuda,CWRU,end_to_end,Full-S1,True,2,82,8.103984000626951
cuda,CWRU,end_to_end,Full-S1,True,2,83,8.069314993917942
cuda,CWRU,end_to_end,Full-S1,True,2,84,8.038532047066838
cuda,CWRU,end_to_end,Full-S1,True,2,85,8.04499996593222
cuda,CWRU,end_to_end,Full-S1,True,2,86,8.009704994037747
cuda,CWRU,end_to_end,Full-S1,True,2,87,8.037229999899864
cuda,CWRU,end_to_end,Full-S1,True,2,88,8.065322996117175
cuda,CWRU,end_to_end,Full-S1,True,2,89,8.041885972488672
cuda,CWRU,end_to_end,Full-S1,True,2,90,8.04691098164767
cuda,CWRU,end_to_end,Full-S1,True,2,91,8.041401975788176
cuda,CWRU,end_to_end,Full-S1,True,2,92,8.026180963497609
cuda,CWRU,end_to_end,Full-S1,True,2,93,8.057583996560425
cuda,CWRU,end_to_end,Full-S1,True,2,94,8.101232000626624
cuda,CWRU,end_to_end,Full-S1,True,2,95,8.014014980290085
cuda,CWRU,end_to_end,Full-S1,True,2,96,8.015848987270147
cuda,CWRU,end_to_end,Full-S1,True,2,97,8.060916035901755
cuda,CWRU,end_to_end,Full-S1,True,2,98,8.023647998925298
cuda,CWRU,end_to_end,Full-S1,True,2,99,8.075565041508526
cuda,CWRU,end_to_end,Full-S1,True,2,100,7.982204027939588
cuda,CWRU,end_to_end,Full-S1,True,2,101,8.022535999771208
cuda,CWRU,end_to_end,Full-S1,True,2,102,8.034328988287598
cuda,CWRU,end_to_end,Full-S1,True,2,103,8.048659947235137
cuda,CWRU,end_to_end,Full-S1,True,2,104,8.019812987186015
cuda,CWRU,end_to_end,Full-S1,True,2,105,8.062602020800114
cuda,CWRU,end_to_end,Full-S1,True,2,106,8.050095988437533
cuda,CWRU,end_to_end,Full-S1,True,2,107,8.079763036221266
cuda,CWRU,end_to_end,Full-S1,True,2,108,8.049163967370987
cuda,CWRU,end_to_end,Full-S1,True,2,109,8.101112034637481
cuda,CWRU,end_to_end,Full-S1,True,2,110,8.07459797943011
cuda,CWRU,end_to_end,Full-S1,True,2,111,8.200170996133238
cuda,CWRU,end_to_end,Full-S1,True,2,112,8.141719037666917
cuda,CWRU,end_to_end,Full-S1,True,2,113,8.046270988415927
cuda,CWRU,end_to_end,Full-S1,True,2,114,8.002909016795456
cuda,CWRU,end_to_end,Full-S1,True,2,115,8.192208013497293
cuda,CWRU,end_to_end,Full-S1,True,2,116,8.01542104454711
cuda,CWRU,end_to_end,Full-S1,True,2,117,8.019797969609499
cuda,CWRU,end_to_end,Full-S1,True,2,118,8.042659028433263
cuda,CWRU,end_to_end,Full-S1,True,2,119,8.024398994166404
cuda,CWRU,end_to_end,Full-S1,True,2,120,8.062625012826174
cuda,CWRU,end_to_end,Full-S1,True,2,121,8.03472101688385
cuda,CWRU,end_to_end,Full-S1,True,2,122,8.092547999694943
cuda,CWRU,end_to_end,Full-S1,True,2,123,8.216715010348707
cuda,CWRU,end_to_end,Full-S1,True,2,124,8.13635200029239
cuda,CWRU,end_to_end,Full-S1,True,2,125,8.123581006657332
cuda,CWRU,end_to_end,Full-S1,True,2,126,8.260614995379001
cuda,CWRU,end_to_end,Full-S1,True,2,127,8.089702052529901
cuda,CWRU,end_to_end,Full-S1,True,2,128,8.069399045780301
cuda,CWRU,end_to_end,Full-S1,True,2,129,8.009502023924142
cuda,CWRU,end_to_end,Full-S1,True,2,130,8.045566966757178
cuda,CWRU,end_to_end,Full-S1,True,2,131,8.003930968698114
cuda,CWRU,end_to_end,Full-S1,True,2,132,8.090973016805947
cuda,CWRU,end_to_end,Full-S1,True,2,133,8.039124018978328
cuda,CWRU,end_to_end,Full-S1,True,2,134,8.070010982919484
cuda,CWRU,end_to_end,Full-S1,True,2,135,8.049005991779268
cuda,CWRU,end_to_end,Full-S1,True,2,136,8.128710964228958
cuda,CWRU,end_to_end,Full-S1,True,2,137,8.038027037400752
cuda,CWRU,end_to_end,Full-S1,True,2,138,8.031012024730444
cuda,CWRU,end_to_end,Full-S1,True,2,139,8.069259987678379
cuda,CWRU,end_to_end,Full-S1,True,2,140,8.0926509690471
cuda,CWRU,end_to_end,Full-S1,True,2,141,8.010849996935576
cuda,CWRU,end_to_end,Full-S1,True,2,142,8.03868897492066
cuda,CWRU,end_to_end,Full-S1,True,2,143,8.108617970719934
cuda,CWRU,end_to_end,Full-S1,True,2,144,8.126843022182584
cuda,CWRU,end_to_end,Full-S1,True,2,145,8.080087951384485
cuda,CWRU,end_to_end,Full-S1,True,2,146,8.044489019084722
cuda,CWRU,end_to_end,Full-S1,True,2,147,8.014748978894204
cuda,CWRU,end_to_end,Full-S1,True,2,148,8.032078971154988
cuda,CWRU,end_to_end,Full-S1,True,2,149,8.054884034208953
cuda,CWRU,end_to_end,Full-S1,True,2,150,7.986503012944013
cuda,CWRU,end_to_end,Full-S1,True,2,151,8.00764700397849
cuda,CWRU,end_to_end,Full-S1,True,2,152,8.07519699446857
cuda,CWRU,end_to_end,Full-S1,True,2,153,8.028999029193074
cuda,CWRU,end_to_end,Full-S1,True,2,154,8.099119004327804
cuda,CWRU,end_to_end,Full-S1,True,2,155,8.011039986740798
cuda,CWRU,end_to_end,Full-S1,True,2,156,8.0745629966259
cuda,CWRU,end_to_end,Full-S1,True,2,157,8.023757953196764
cuda,CWRU,end_to_end,Full-S1,True,2,158,8.027778007090092
cuda,CWRU,end_to_end,Full-S1,True,2,159,8.036121958866715
cuda,CWRU,end_to_end,Full-S1,True,2,160,8.020220033358783
cuda,CWRU,end_to_end,Full-S1,True,2,161,8.0653170007281
cuda,CWRU,end_to_end,Full-S1,True,2,162,8.025094983167946
cuda,CWRU,end_to_end,Full-S1,True,2,163,8.007947006262839
cuda,CWRU,end_to_end,Full-S1,True,2,164,8.142229984514415
cuda,CWRU,end_to_end,Full-S1,True,2,165,8.05836997460574
cuda,CWRU,end_to_end,Full-S1,True,2,166,8.08260397752747
cuda,CWRU,end_to_end,Full-S1,True,2,167,8.059534011408687
cuda,CWRU,end_to_end,Full-S1,True,2,168,8.058995997998863
cuda,CWRU,end_to_end,Full-S1,True,2,169,8.015074010472745
cuda,CWRU,end_to_end,Full-S1,True,2,170,8.030196011532098
cuda,CWRU,end_to_end,Full-S1,True,2,171,8.056514023337513
cuda,CWRU,end_to_end,Full-S1,True,2,172,8.049439988099039
cuda,CWRU,end_to_end,Full-S1,True,2,173,8.030208991840482
cuda,CWRU,end_to_end,Full-S1,True,2,174,8.048721007071435
cuda,CWRU,end_to_end,Full-S1,True,2,175,8.02749500144273
cuda,CWRU,end_to_end,Full-S1,True,2,176,8.303533017169684
cuda,CWRU,end_to_end,Full-S1,True,2,177,8.271939004771411
cuda,CWRU,end_to_end,Full-S1,True,2,178,8.143293962348253
cuda,CWRU,end_to_end,Full-S1,True,2,179,8.033159945625812
cuda,CWRU,end_to_end,Full-S1,True,2,180,8.022487978450954
cuda,CWRU,end_to_end,Full-S1,True,2,181,8.098164980765432
cuda,CWRU,end_to_end,Full-S1,True,2,182,8.008393982890993
cuda,CWRU,end_to_end,Full-S1,True,2,183,8.046717033721507
cuda,CWRU,end_to_end,Full-S1,True,2,184,7.9993660328909755
cuda,CWRU,end_to_end,Full-S1,True,2,185,8.048773044720292
cuda,CWRU,end_to_end,Full-S1,True,2,186,8.088847971521318
cuda,CWRU,end_to_end,Full-S1,True,2,187,8.028235984966159
cuda,CWRU,end_to_end,Full-S1,True,2,188,8.034836035221815
cuda,CWRU,end_to_end,Full-S1,True,2,189,8.092425006907433
cuda,CWRU,end_to_end,Full-S1,True,2,190,8.053074998315424
cuda,CWRU,end_to_end,Full-S1,True,2,191,8.028490003198385
cuda,CWRU,end_to_end,Full-S1,True,2,192,8.04691796656698
cuda,CWRU,end_to_end,Full-S1,True,2,193,8.11002403497696
cuda,CWRU,end_to_end,Full-S1,True,2,194,8.059752988629043
cuda,CWRU,end_to_end,Full-S1,True,2,195,8.094853023067117
cuda,CWRU,end_to_end,Full-S1,True,2,196,8.059357001911849
cuda,CWRU,end_to_end,Full-S1,True,2,197,8.073939010500908
cuda,CWRU,end_to_end,Full-S1,True,2,198,8.02872102940455
cuda,CWRU,end_to_end,Full-S1,True,2,199,8.028935000766069
cuda,CWRU,end_to_end,Full-S1,True,2,200,8.017393003683537
cuda,CWRU,end_to_end,Full-S1,True,2,201,8.056107035372406
cuda,CWRU,end_to_end,Full-S1,True,2,202,8.006195013877004
cuda,CWRU,end_to_end,Full-S1,True,2,203,8.085829962510616
cuda,CWRU,end_to_end,Full-S1,True,2,204,7.998412009328604
cuda,CWRU,end_to_end,Full-S1,True,2,205,8.09348898474127
cuda,CWRU,end_to_end,Full-S1,True,2,206,8.043169975280762
cuda,CWRU,end_to_end,Full-S1,True,2,207,8.070801966823637
cuda,CWRU,end_to_end,Full-S1,True,2,208,8.036252984311432
cuda,CWRU,end_to_end,Full-S1,True,2,209,8.06712603662163
cuda,CWRU,end_to_end,Full-S1,True,2,210,8.023977978155017
cuda,CWRU,end_to_end,Full-S1,True,2,211,8.052136981859803
cuda,CWRU,end_to_end,Full-S1,True,2,212,8.031335019040853
cuda,CWRU,end_to_end,Full-S1,True,2,213,8.039709005970508
cuda,CWRU,end_to_end,Full-S1,True,2,214,8.05038696853444
cuda,CWRU,end_to_end,Full-S1,True,2,215,8.039987995289266
cuda,CWRU,end_to_end,Full-S1,True,2,216,8.030070981476456
cuda,CWRU,end_to_end,Full-S1,True,2,217,8.03912803530693
cuda,CWRU,end_to_end,Full-S1,True,2,218,8.068017021287233
cuda,CWRU,end_to_end,Full-S1,True,2,219,8.03561497014016
cuda,CWRU,end_to_end,Full-S1,True,2,220,8.0139139899984
cuda,CWRU,end_to_end,Full-S1,True,2,221,8.137363998685032
cuda,CWRU,end_to_end,Full-S1,True,2,222,8.028848038520664
cuda,CWRU,end_to_end,Full-S1,True,2,223,8.06061999173835
cuda,CWRU,end_to_end,Full-S1,True,2,224,7.989438017830253
cuda,CWRU,end_to_end,Full-S1,True,2,225,8.04643303854391
cuda,CWRU,end_to_end,Full-S1,True,2,226,8.07024200912565
cuda,CWRU,end_to_end,Full-S1,True,2,227,8.022093039471656
cuda,CWRU,end_to_end,Full-S1,True,2,228,8.050559961702675
cuda,CWRU,end_to_end,Full-S1,True,2,229,8.041910012252629
cuda,CWRU,end_to_end,Full-S1,True,2,230,8.072124037425965
cuda,CWRU,end_to_end,Full-S1,True,2,231,8.051321026869118
cuda,CWRU,end_to_end,Full-S1,True,2,232,8.04417597828433
cuda,CWRU,end_to_end,Full-S1,True,2,233,8.124585030600429
cuda,CWRU,end_to_end,Full-S1,True,2,234,8.075605030171573
cuda,CWRU,end_to_end,Full-S1,True,2,235,8.351401018444449
cuda,CWRU,end_to_end,Full-S1,True,2,236,8.324627007823437
cuda,CWRU,end_to_end,Full-S1,True,2,237,8.40342097217217
cuda,CWRU,end_to_end,Full-S1,True,2,238,8.392095973249525
cuda,CWRU,end_to_end,Full-S1,True,2,239,8.043045992963016
cuda,CWRU,end_to_end,Full-S1,True,2,240,8.060242980718613
cuda,CWRU,end_to_end,Full-S1,True,2,241,8.091285009868443
cuda,CWRU,end_to_end,Full-S1,True,2,242,8.028647978790104
cuda,CWRU,end_to_end,Full-S1,True,2,243,8.016872976440936
cuda,CWRU,end_to_end,Full-S1,True,2,244,8.02322500385344
cuda,CWRU,end_to_end,Full-S1,True,2,245,8.012800011783838
cuda,CWRU,end_to_end,Full-S1,True,2,246,8.000914996955544
cuda,CWRU,end_to_end,Full-S1,True,2,247,8.134798030368984
cuda,CWRU,end_to_end,Full-S1,True,2,248,8.207895036321133
cuda,CWRU,end_to_end,Full-S1,True,2,249,8.148880035150796
cuda,CWRU,end_to_end,K1,True,2,0,4.8138879938051105
cuda,CWRU,end_to_end,K1,True,2,1,4.696219984907657
cuda,CWRU,end_to_end,K1,True,2,2,4.648582020308822
cuda,CWRU,end_to_end,K1,True,2,3,4.605731053743511
cuda,CWRU,end_to_end,K1,True,2,4,4.666142049245536
cuda,CWRU,end_to_end,K1,True,2,5,4.629175004083663
cuda,CWRU,end_to_end,K1,True,2,6,4.606447007972747
cuda,CWRU,end_to_end,K1,True,2,7,4.588775977026671
cuda,CWRU,end_to_end,K1,True,2,8,4.57476603332907
cuda,CWRU,end_to_end,K1,True,2,9,4.608065995853394
cuda,CWRU,end_to_end,K1,True,2,10,4.613914992660284
cuda,CWRU,end_to_end,K1,True,2,11,4.6121549676172435
cuda,CWRU,end_to_end,K1,True,2,12,4.598858009558171
cuda,CWRU,end_to_end,K1,True,2,13,4.652719013392925
cuda,CWRU,end_to_end,K1,True,2,14,4.592482990119606
cuda,CWRU,end_to_end,K1,True,2,15,4.594804951921105
cuda,CWRU,end_to_end,K1,True,2,16,4.590352007653564
cuda,CWRU,end_to_end,K1,True,2,17,4.653084964957088
cuda,CWRU,end_to_end,K1,True,2,18,4.6162300277501345
cuda,CWRU,end_to_end,K1,True,2,19,4.685132997110486
cuda,CWRU,end_to_end,K1,True,2,20,4.620394960511476
cuda,CWRU,end_to_end,K1,True,2,21,4.626361012924463
cuda,CWRU,end_to_end,K1,True,2,22,4.622672975528985
cuda,CWRU,end_to_end,K1,True,2,23,4.6061049797572196
cuda,CWRU,end_to_end,K1,True,2,24,4.627519985660911
cuda,CWRU,end_to_end,K1,True,2,25,4.634295008145273
cuda,CWRU,end_to_end,K1,True,2,26,4.654690972529352
cuda,CWRU,end_to_end,K1,True,2,27,4.616679972968996
cuda,CWRU,end_to_end,K1,True,2,28,4.597980005200952
cuda,CWRU,end_to_end,K1,True,2,29,4.593830031808466
cuda,CWRU,end_to_end,K1,True,2,30,4.606385016813874
cuda,CWRU,end_to_end,K1,True,2,31,4.6344209695234895
cuda,CWRU,end_to_end,K1,True,2,32,4.624694003723562
cuda,CWRU,end_to_end,K1,True,2,33,4.597585997544229
cuda,CWRU,end_to_end,K1,True,2,34,4.600977001246065
cuda,CWRU,end_to_end,K1,True,2,35,4.615765996277332
cuda,CWRU,end_to_end,K1,True,2,36,4.589297983329743
cuda,CWRU,end_to_end,K1,True,2,37,4.601353022735566
cuda,CWRU,end_to_end,K1,True,2,38,4.581389017403126
cuda,CWRU,end_to_end,K1,True,2,39,4.61643299786374
cuda,CWRU,end_to_end,K1,True,2,40,4.610864969436079
cuda,CWRU,end_to_end,K1,True,2,41,4.623305983841419
cuda,CWRU,end_to_end,K1,True,2,42,4.610383010003716
cuda,CWRU,end_to_end,K1,True,2,43,4.675636999309063
cuda,CWRU,end_to_end,K1,True,2,44,4.6218850184232
cuda,CWRU,end_to_end,K1,True,2,45,4.593492951244116
cuda,CWRU,end_to_end,K1,True,2,46,4.623560991603881
cuda,CWRU,end_to_end,K1,True,2,47,4.572065023239702
cuda,CWRU,end_to_end,K1,True,2,48,4.5914200018160045
cuda,CWRU,end_to_end,K1,True,2,49,4.587892966810614
cuda,CWRU,end_to_end,K1,True,2,50,4.581757995765656
cuda,CWRU,end_to_end,K1,True,2,51,4.580198030453175
cuda,CWRU,end_to_end,K1,True,2,52,4.6185789979062974
cuda,CWRU,end_to_end,K1,True,2,53,4.584602953400463
cuda,CWRU,end_to_end,K1,True,2,54,4.5719200279563665
cuda,CWRU,end_to_end,K1,True,2,55,4.596601007506251
cuda,CWRU,end_to_end,K1,True,2,56,4.613002005498856
cuda,CWRU,end_to_end,K1,True,2,57,4.577366984449327
cuda,CWRU,end_to_end,K1,True,2,58,4.628951021004468
cuda,CWRU,end_to_end,K1,True,2,59,4.606636997777969
cuda,CWRU,end_to_end,K1,True,2,60,4.600791959092021
cuda,CWRU,end_to_end,K1,True,2,61,4.59900195710361
cuda,CWRU,end_to_end,K1,True,2,62,4.605223017279059
cuda,CWRU,end_to_end,K1,True,2,63,4.56573796691373
cuda,CWRU,end_to_end,K1,True,2,64,4.607959999702871
cuda,CWRU,end_to_end,K1,True,2,65,4.636659985408187
cuda,CWRU,end_to_end,K1,True,2,66,4.577045969199389
cuda,CWRU,end_to_end,K1,True,2,67,4.625877016223967
cuda,CWRU,end_to_end,K1,True,2,68,4.599934036377817
cuda,CWRU,end_to_end,K1,True,2,69,4.585274960845709
cuda,CWRU,end_to_end,K1,True,2,70,4.574951017275453
cuda,CWRU,end_to_end,K1,True,2,71,4.602828994393349
cuda,CWRU,end_to_end,K1,True,2,72,4.619846993591636
cuda,CWRU,end_to_end,K1,True,2,73,4.60275198565796
cuda,CWRU,end_to_end,K1,True,2,74,4.642929998226464
cuda,CWRU,end_to_end,K1,True,2,75,4.613431985490024
cuda,CWRU,end_to_end,K1,True,2,76,4.5757300104014575
cuda,CWRU,end_to_end,K1,True,2,77,4.643784021027386
cuda,CWRU,end_to_end,K1,True,2,78,4.570666991639882
cuda,CWRU,end_to_end,K1,True,2,79,4.584937007166445
cuda,CWRU,end_to_end,K1,True,2,80,4.603217996191233
cuda,CWRU,end_to_end,K1,True,2,81,4.585721995681524
cuda,CWRU,end_to_end,K1,True,2,82,4.578125022817403
cuda,CWRU,end_to_end,K1,True,2,83,4.602176952175796
cuda,CWRU,end_to_end,K1,True,2,84,4.604891990311444
cuda,CWRU,end_to_end,K1,True,2,85,4.562203015666455
cuda,CWRU,end_to_end,K1,True,2,86,4.5916030067019165
cuda,CWRU,end_to_end,K1,True,2,87,4.669362970162183
cuda,CWRU,end_to_end,K1,True,2,88,4.882263019680977
cuda,CWRU,end_to_end,K1,True,2,89,4.977522999979556
cuda,CWRU,end_to_end,K1,True,2,90,4.885639005806297
cuda,CWRU,end_to_end,K1,True,2,91,4.891768970992416
cuda,CWRU,end_to_end,K1,True,2,92,4.833780985791236
cuda,CWRU,end_to_end,K1,True,2,93,4.707256972324103
cuda,CWRU,end_to_end,K1,True,2,94,4.620962019544095
cuda,CWRU,end_to_end,K1,True,2,95,4.571025026962161
cuda,CWRU,end_to_end,K1,True,2,96,4.6676749479956925
cuda,CWRU,end_to_end,K1,True,2,97,4.6061009634286165
cuda,CWRU,end_to_end,K1,True,2,98,4.575531056616455
cuda,CWRU,end_to_end,K1,True,2,99,4.588253039401025
cuda,CWRU,end_to_end,K1,True,2,100,4.591066972352564
cuda,CWRU,end_to_end,K1,True,2,101,4.583690024446696
cuda,CWRU,end_to_end,K1,True,2,102,4.573643032927066
cuda,CWRU,end_to_end,K1,True,2,103,4.573175974655896
cuda,CWRU,end_to_end,K1,True,2,104,4.617290978785604
cuda,CWRU,end_to_end,K1,True,2,105,4.600881948135793
cuda,CWRU,end_to_end,K1,True,2,106,4.604901012498885
cuda,CWRU,end_to_end,K1,True,2,107,4.5870530302636325
cuda,CWRU,end_to_end,K1,True,2,108,4.585994989611208
cuda,CWRU,end_to_end,K1,True,2,109,4.609031020663679
cuda,CWRU,end_to_end,K1,True,2,110,4.688841989263892
cuda,CWRU,end_to_end,K1,True,2,111,4.616671008989215
cuda,CWRU,end_to_end,K1,True,2,112,4.634880984667689
cuda,CWRU,end_to_end,K1,True,2,113,4.6365910093300045
cuda,CWRU,end_to_end,K1,True,2,114,4.602610017172992
cuda,CWRU,end_to_end,K1,True,2,115,4.615621000993997
cuda,CWRU,end_to_end,K1,True,2,116,4.628253984265029
cuda,CWRU,end_to_end,K1,True,2,117,4.651013994589448
cuda,CWRU,end_to_end,K1,True,2,118,4.604275978635997
cuda,CWRU,end_to_end,K1,True,2,119,4.59628802491352
cuda,CWRU,end_to_end,K1,True,2,120,4.597350023686886
cuda,CWRU,end_to_end,K1,True,2,121,4.596635000780225
cuda,CWRU,end_to_end,K1,True,2,122,4.609965020790696
cuda,CWRU,end_to_end,K1,True,2,123,4.616599006112665
cuda,CWRU,end_to_end,K1,True,2,124,4.61576203815639
cuda,CWRU,end_to_end,K1,True,2,125,4.595469974447042
cuda,CWRU,end_to_end,K1,True,2,126,4.590736993122846
cuda,CWRU,end_to_end,K1,True,2,127,4.6334859798662364
cuda,CWRU,end_to_end,K1,True,2,128,4.5920549891889095
cuda,CWRU,end_to_end,K1,True,2,129,4.557966021820903
cuda,CWRU,end_to_end,K1,True,2,130,4.620130988769233
cuda,CWRU,end_to_end,K1,True,2,131,4.597528022713959
cuda,CWRU,end_to_end,K1,True,2,132,4.597353981807828
cuda,CWRU,end_to_end,K1,True,2,133,4.583848000038415
cuda,CWRU,end_to_end,K1,True,2,134,4.634534008800983
cuda,CWRU,end_to_end,K1,True,2,135,4.593484976794571
cuda,CWRU,end_to_end,K1,True,2,136,4.62552101816982
cuda,CWRU,end_to_end,K1,True,2,137,4.631193005479872
cuda,CWRU,end_to_end,K1,True,2,138,4.563699010759592
cuda,CWRU,end_to_end,K1,True,2,139,4.624825029168278
cuda,CWRU,end_to_end,K1,True,2,140,4.606129019521177
cuda,CWRU,end_to_end,K1,True,2,141,4.621177038643509
cuda,CWRU,end_to_end,K1,True,2,142,4.624723980668932
cuda,CWRU,end_to_end,K1,True,2,143,4.581775050610304
cuda,CWRU,end_to_end,K1,True,2,144,4.601964959874749
cuda,CWRU,end_to_end,K1,True,2,145,4.634957003872842
cuda,CWRU,end_to_end,K1,True,2,146,4.57015197025612
cuda,CWRU,end_to_end,K1,True,2,147,4.621481988579035
cuda,CWRU,end_to_end,K1,True,2,148,4.6494840062223375
cuda,CWRU,end_to_end,K1,True,2,149,4.6062180190347135
cuda,CWRU,end_to_end,K1,True,2,150,4.6405550092458725
cuda,CWRU,end_to_end,K1,True,2,151,4.593098012264818
cuda,CWRU,end_to_end,K1,True,2,152,4.607501963619143
cuda,CWRU,end_to_end,K1,True,2,153,4.5749369892291725
cuda,CWRU,end_to_end,K1,True,2,154,4.610851989127696
cuda,CWRU,end_to_end,K1,True,2,155,4.6061460161581635
cuda,CWRU,end_to_end,K1,True,2,156,4.6335720107890666
cuda,CWRU,end_to_end,K1,True,2,157,4.610044008586556
cuda,CWRU,end_to_end,K1,True,2,158,4.639189981389791
cuda,CWRU,end_to_end,K1,True,2,159,4.597278020810336
cuda,CWRU,end_to_end,K1,True,2,160,4.611312004271895
cuda,CWRU,end_to_end,K1,True,2,161,4.648041038308293
cuda,CWRU,end_to_end,K1,True,2,162,4.618067003320903
cuda,CWRU,end_to_end,K1,True,2,163,4.620317020453513
cuda,CWRU,end_to_end,K1,True,2,164,4.571627010591328
cuda,CWRU,end_to_end,K1,True,2,165,4.6343160211108625
cuda,CWRU,end_to_end,K1,True,2,166,4.5827890280634165
cuda,CWRU,end_to_end,K1,True,2,167,4.576292005367577
cuda,CWRU,end_to_end,K1,True,2,168,4.614243982359767
cuda,CWRU,end_to_end,K1,True,2,169,4.639461985789239
cuda,CWRU,end_to_end,K1,True,2,170,4.6222779783420265
cuda,CWRU,end_to_end,K1,True,2,171,4.662435967475176
cuda,CWRU,end_to_end,K1,True,2,172,4.595395992510021
cuda,CWRU,end_to_end,K1,True,2,173,4.588039009831846
cuda,CWRU,end_to_end,K1,True,2,174,4.602027009241283
cuda,CWRU,end_to_end,K1,True,2,175,4.596285987645388
cuda,CWRU,end_to_end,K1,True,2,176,4.61526500293985
cuda,CWRU,end_to_end,K1,True,2,177,4.571669036522508
cuda,CWRU,end_to_end,K1,True,2,178,4.614942008629441
cuda,CWRU,end_to_end,K1,True,2,179,4.640950995963067
cuda,CWRU,end_to_end,K1,True,2,180,4.582005029078573
cuda,CWRU,end_to_end,K1,True,2,181,4.604070971254259
cuda,CWRU,end_to_end,K1,True,2,182,4.595568985678256
cuda,CWRU,end_to_end,K1,True,2,183,4.581521963700652
cuda,CWRU,end_to_end,K1,True,2,184,4.575770988594741
cuda,CWRU,end_to_end,K1,True,2,185,4.593889985699207
cuda,CWRU,end_to_end,K1,True,2,186,4.62723703822121
cuda,CWRU,end_to_end,K1,True,2,187,4.592528042849153
cuda,CWRU,end_to_end,K1,True,2,188,4.57395298872143
cuda,CWRU,end_to_end,K1,True,2,189,4.554180952254683
cuda,CWRU,end_to_end,K1,True,2,190,4.641385981813073
cuda,CWRU,end_to_end,K1,True,2,191,4.606758011505008
cuda,CWRU,end_to_end,K1,True,2,192,4.596150945872068
cuda,CWRU,end_to_end,K1,True,2,193,4.7517180209979415
cuda,CWRU,end_to_end,K1,True,2,194,4.603729990776628
cuda,CWRU,end_to_end,K1,True,2,195,4.605797992553562
cuda,CWRU,end_to_end,K1,True,2,196,4.613564000464976
cuda,CWRU,end_to_end,K1,True,2,197,4.595897044055164
cuda,CWRU,end_to_end,K1,True,2,198,4.621079016942531
cuda,CWRU,end_to_end,K1,True,2,199,4.595974984113127
cuda,CWRU,end_to_end,K1,True,2,200,4.644751024898142
cuda,CWRU,end_to_end,K1,True,2,201,4.610538017004728
cuda,CWRU,end_to_end,K1,True,2,202,4.577448999043554
cuda,CWRU,end_to_end,K1,True,2,203,4.599809006322175
cuda,CWRU,end_to_end,K1,True,2,204,4.61410399293527
cuda,CWRU,end_to_end,K1,True,2,205,4.595029982738197
cuda,CWRU,end_to_end,K1,True,2,206,4.60340001154691
cuda,CWRU,end_to_end,K1,True,2,207,4.876373976003379
cuda,CWRU,end_to_end,K1,True,2,208,4.684666986577213
cuda,CWRU,end_to_end,K1,True,2,209,4.639480030164123
cuda,CWRU,end_to_end,K1,True,2,210,4.623659013304859
cuda,CWRU,end_to_end,K1,True,2,211,4.576337989419699
cuda,CWRU,end_to_end,K1,True,2,212,4.711134009994566
cuda,CWRU,end_to_end,K1,True,2,213,4.629222035873681
cuda,CWRU,end_to_end,K1,True,2,214,4.713483969680965
cuda,CWRU,end_to_end,K1,True,2,215,4.706965002696961
cuda,CWRU,end_to_end,K1,True,2,216,4.725965030957013
cuda,CWRU,end_to_end,K1,True,2,217,4.618312988895923
cuda,CWRU,end_to_end,K1,True,2,218,4.651435010600835
cuda,CWRU,end_to_end,K1,True,2,219,4.581030982080847
cuda,CWRU,end_to_end,K1,True,2,220,4.596412996761501
cuda,CWRU,end_to_end,K1,True,2,221,4.7347130021080375
cuda,CWRU,end_to_end,K1,True,2,222,4.712726979050785
cuda,CWRU,end_to_end,K1,True,2,223,4.602491040714085
cuda,CWRU,end_to_end,K1,True,2,224,4.612363001797348
cuda,CWRU,end_to_end,K1,True,2,225,4.572797974105924
cuda,CWRU,end_to_end,K1,True,2,226,4.577713960316032
cuda,CWRU,end_to_end,K1,True,2,227,4.630347015336156
cuda,CWRU,end_to_end,K1,True,2,228,4.608217976056039
cuda,CWRU,end_to_end,K1,True,2,229,4.6352160279639065
cuda,CWRU,end_to_end,K1,True,2,230,4.6136140008457005
cuda,CWRU,end_to_end,K1,True,2,231,4.560778033919632
cuda,CWRU,end_to_end,K1,True,2,232,4.5945169986225665
cuda,CWRU,end_to_end,K1,True,2,233,4.657131037674844
cuda,CWRU,end_to_end,K1,True,2,234,4.622538050170988
cuda,CWRU,end_to_end,K1,True,2,235,4.6554989530704916
cuda,CWRU,end_to_end,K1,True,2,236,4.607019014656544
cuda,CWRU,end_to_end,K1,True,2,237,4.595478007104248
cuda,CWRU,end_to_end,K1,True,2,238,4.620179010089487
cuda,CWRU,end_to_end,K1,True,2,239,4.579780041240156
cuda,CWRU,end_to_end,K1,True,2,240,4.593600984662771
cuda,CWRU,end_to_end,K1,True,2,241,4.62348700966686
cuda,CWRU,end_to_end,K1,True,2,242,4.636991012375802
cuda,CWRU,end_to_end,K1,True,2,243,4.626838024705648
cuda,CWRU,end_to_end,K1,True,2,244,4.60929999826476
cuda,CWRU,end_to_end,K1,True,2,245,4.6102910418994725
cuda,CWRU,end_to_end,K1,True,2,246,4.593239980749786
cuda,CWRU,end_to_end,K1,True,2,247,4.611038020811975
cuda,CWRU,end_to_end,K1,True,2,248,4.626382025890052
cuda,CWRU,end_to_end,K1,True,2,249,4.665644024498761
cuda,CWRU,end_to_end,K1,True,3,0,4.631191957741976
cuda,CWRU,end_to_end,K1,True,3,1,4.590388969518244
cuda,CWRU,end_to_end,K1,True,3,2,4.611091979313642
cuda,CWRU,end_to_end,K1,True,3,3,4.583428963087499
cuda,CWRU,end_to_end,K1,True,3,4,4.583152011036873
cuda,CWRU,end_to_end,K1,True,3,5,4.606386995874345
cuda,CWRU,end_to_end,K1,True,3,6,4.6528520178981125
cuda,CWRU,end_to_end,K1,True,3,7,4.622443986590952
cuda,CWRU,end_to_end,K1,True,3,8,4.591491015162319
cuda,CWRU,end_to_end,K1,True,3,9,4.59056900581345
cuda,CWRU,end_to_end,K1,True,3,10,4.622929031029344
cuda,CWRU,end_to_end,K1,True,3,11,4.5851789764128625
cuda,CWRU,end_to_end,K1,True,3,12,4.589223011862487
cuda,CWRU,end_to_end,K1,True,3,13,4.697824013419449
cuda,CWRU,end_to_end,K1,True,3,14,4.586045048199594
cuda,CWRU,end_to_end,K1,True,3,15,4.616566002368927
cuda,CWRU,end_to_end,K1,True,3,16,4.625842964742333
cuda,CWRU,end_to_end,K1,True,3,17,4.56720101647079
cuda,CWRU,end_to_end,K1,True,3,18,4.618565028067678
cuda,CWRU,end_to_end,K1,True,3,19,4.599259991664439
cuda,CWRU,end_to_end,K1,True,3,20,4.64864302193746
cuda,CWRU,end_to_end,K1,True,3,21,4.614497011061758
cuda,CWRU,end_to_end,K1,True,3,22,4.594189987983555
cuda,CWRU,end_to_end,K1,True,3,23,4.572692036163062
cuda,CWRU,end_to_end,K1,True,3,24,4.601781023666263
cuda,CWRU,end_to_end,K1,True,3,25,4.63440699968487
cuda,CWRU,end_to_end,K1,True,3,26,4.570992954540998
cuda,CWRU,end_to_end,K1,True,3,27,4.5997530105523765
cuda,CWRU,end_to_end,K1,True,3,28,4.597418010234833
cuda,CWRU,end_to_end,K1,True,3,29,4.60751901846379
cuda,CWRU,end_to_end,K1,True,3,30,4.572455014567822
cuda,CWRU,end_to_end,K1,True,3,31,4.608522984199226
cuda,CWRU,end_to_end,K1,True,3,32,4.592553013935685
cuda,CWRU,end_to_end,K1,True,3,33,4.5774480095133185
cuda,CWRU,end_to_end,K1,True,3,34,4.64580103289336
cuda,CWRU,end_to_end,K1,True,3,35,4.575006023515016
cuda,CWRU,end_to_end,K1,True,3,36,4.596948972903192
cuda,CWRU,end_to_end,K1,True,3,37,4.631619027350098
cuda,CWRU,end_to_end,K1,True,3,38,4.583560978062451
cuda,CWRU,end_to_end,K1,True,3,39,4.61651396472007
cuda,CWRU,end_to_end,K1,True,3,40,4.596697981469333
cuda,CWRU,end_to_end,K1,True,3,41,4.642370040528476
cuda,CWRU,end_to_end,K1,True,3,42,4.626673995517194
cuda,CWRU,end_to_end,K1,True,3,43,4.614429024513811
cuda,CWRU,end_to_end,K1,True,3,44,4.613326978869736
cuda,CWRU,end_to_end,K1,True,3,45,4.6182500082068145
cuda,CWRU,end_to_end,K1,True,3,46,4.572139005176723
cuda,CWRU,end_to_end,K1,True,3,47,4.60572203155607
cuda,CWRU,end_to_end,K1,True,3,48,4.594933008775115
cuda,CWRU,end_to_end,K1,True,3,49,4.574895021505654
cuda,CWRU,end_to_end,K1,True,3,50,4.60674602072686
cuda,CWRU,end_to_end,K1,True,3,51,4.642423999030143
cuda,CWRU,end_to_end,K1,True,3,52,4.601160995662212
cuda,CWRU,end_to_end,K1,True,3,53,4.6093909768387675
cuda,CWRU,end_to_end,K1,True,3,54,4.71664103679359
cuda,CWRU,end_to_end,K1,True,3,55,4.884706984739751
cuda,CWRU,end_to_end,K1,True,3,56,4.707004991360009
cuda,CWRU,end_to_end,K1,True,3,57,4.747685976326466
cuda,CWRU,end_to_end,K1,True,3,58,4.662683000788093
cuda,CWRU,end_to_end,K1,True,3,59,4.606725997291505
cuda,CWRU,end_to_end,K1,True,3,60,4.626670968718827
cuda,CWRU,end_to_end,K1,True,3,61,4.589288029819727
cuda,CWRU,end_to_end,K1,True,3,62,4.686428990680724
cuda,CWRU,end_to_end,K1,True,3,63,4.689510969910771
cuda,CWRU,end_to_end,K1,True,3,64,4.6905059716664255
cuda,CWRU,end_to_end,K1,True,3,65,4.59354103077203
cuda,CWRU,end_to_end,K1,True,3,66,4.646133980713785
cuda,CWRU,end_to_end,K1,True,3,67,4.614645964466035
cuda,CWRU,end_to_end,K1,True,3,68,4.623910004738718
cuda,CWRU,end_to_end,K1,True,3,69,4.6217250055633485
cuda,CWRU,end_to_end,K1,True,3,70,4.599644977133721
cuda,CWRU,end_to_end,K1,True,3,71,4.6107000089250505
cuda,CWRU,end_to_end,K1,True,3,72,4.584014997817576
cuda,CWRU,end_to_end,K1,True,3,73,4.608873976394534
cuda,CWRU,end_to_end,K1,True,3,74,4.590481985360384
cuda,CWRU,end_to_end,K1,True,3,75,4.5743039809167385
cuda,CWRU,end_to_end,K1,True,3,76,4.620952997356653
cuda,CWRU,end_to_end,K1,True,3,77,4.671094007790089
cuda,CWRU,end_to_end,K1,True,3,78,4.632557975128293
cuda,CWRU,end_to_end,K1,True,3,79,4.596235987264663
cuda,CWRU,end_to_end,K1,True,3,80,4.626964975614101
cuda,CWRU,end_to_end,K1,True,3,81,4.597951017785817
cuda,CWRU,end_to_end,K1,True,3,82,4.6624509850516915
cuda,CWRU,end_to_end,K1,True,3,83,4.654773976653814
cuda,CWRU,end_to_end,K1,True,3,84,4.623837012331933
cuda,CWRU,end_to_end,K1,True,3,85,4.600001964718103
cuda,CWRU,end_to_end,K1,True,3,86,4.633629985619336
cuda,CWRU,end_to_end,K1,True,3,87,4.610017000231892
cuda,CWRU,end_to_end,K1,True,3,88,4.599867970682681
cuda,CWRU,end_to_end,K1,True,3,89,4.606600967235863
cuda,CWRU,end_to_end,K1,True,3,90,4.609327006619424
cuda,CWRU,end_to_end,K1,True,3,91,4.602681030519307
cuda,CWRU,end_to_end,K1,True,3,92,4.593460995238274
cuda,CWRU,end_to_end,K1,True,3,93,4.579091968480498
cuda,CWRU,end_to_end,K1,True,3,94,4.603765031788498
cuda,CWRU,end_to_end,K1,True,3,95,4.617274971678853
cuda,CWRU,end_to_end,K1,True,3,96,4.577954998239875
cuda,CWRU,end_to_end,K1,True,3,97,4.60984802339226
cuda,CWRU,end_to_end,K1,True,3,98,4.592266981489956
cuda,CWRU,end_to_end,K1,True,3,99,4.581150016747415
cuda,CWRU,end_to_end,K1,True,3,100,4.5764719834551215
cuda,CWRU,end_to_end,K1,True,3,101,4.62470599450171
cuda,CWRU,end_to_end,K1,True,3,102,4.584701033309102
cuda,CWRU,end_to_end,K1,True,3,103,4.619605024345219
cuda,CWRU,end_to_end,K1,True,3,104,4.627480986528099
cuda,CWRU,end_to_end,K1,True,3,105,4.611773008946329
cuda,CWRU,end_to_end,K1,True,3,106,4.612226039171219
cuda,CWRU,end_to_end,K1,True,3,107,4.573087033350021
cuda,CWRU,end_to_end,K1,True,3,108,4.5620950404554605
cuda,CWRU,end_to_end,K1,True,3,109,4.602937027812004
cuda,CWRU,end_to_end,K1,True,3,110,4.588080977555364
cuda,CWRU,end_to_end,K1,True,3,111,4.6449670335277915
cuda,CWRU,end_to_end,K1,True,3,112,4.612261021975428
cuda,CWRU,end_to_end,K1,True,3,113,4.627651011105627
cuda,CWRU,end_to_end,K1,True,3,114,4.599009989760816
cuda,CWRU,end_to_end,K1,True,3,115,4.608064948115498
cuda,CWRU,end_to_end,K1,True,3,116,4.591151955537498
cuda,CWRU,end_to_end,K1,True,3,117,4.563827998936176
cuda,CWRU,end_to_end,K1,True,3,118,4.6920040040276945
cuda,CWRU,end_to_end,K1,True,3,119,4.604412999469787
cuda,CWRU,end_to_end,K1,True,3,120,4.603575041983277
cuda,CWRU,end_to_end,K1,True,3,121,4.637688980437815
cuda,CWRU,end_to_end,K1,True,3,122,4.588537965901196
cuda,CWRU,end_to_end,K1,True,3,123,4.6814699890092015
cuda,CWRU,end_to_end,K1,True,3,124,4.581780987791717
cuda,CWRU,end_to_end,K1,True,3,125,4.600034968461841
cuda,CWRU,end_to_end,K1,True,3,126,4.62055200478062
cuda,CWRU,end_to_end,K1,True,3,127,4.632431024219841
cuda,CWRU,end_to_end,K1,True,3,128,4.607992013916373
cuda,CWRU,end_to_end,K1,True,3,129,4.584682988934219
cuda,CWRU,end_to_end,K1,True,3,130,4.563124035485089
cuda,CWRU,end_to_end,K1,True,3,131,4.569443000946194
cuda,CWRU,end_to_end,K1,True,3,132,4.686984000727534
cuda,CWRU,end_to_end,K1,True,3,133,4.623338987585157
cuda,CWRU,end_to_end,K1,True,3,134,4.605408001225442
cuda,CWRU,end_to_end,K1,True,3,135,4.618939012289047
cuda,CWRU,end_to_end,K1,True,3,136,4.605033027473837
cuda,CWRU,end_to_end,K1,True,3,137,4.585678980220109
cuda,CWRU,end_to_end,K1,True,3,138,4.593862977344543
cuda,CWRU,end_to_end,K1,True,3,139,4.611025971826166
cuda,CWRU,end_to_end,K1,True,3,140,4.6016600099392235
cuda,CWRU,end_to_end,K1,True,3,141,4.605977970641106
cuda,CWRU,end_to_end,K1,True,3,142,4.596959974151105
cuda,CWRU,end_to_end,K1,True,3,143,4.5846899738535285
cuda,CWRU,end_to_end,K1,True,3,144,4.637520993128419
cuda,CWRU,end_to_end,K1,True,3,145,4.607838985975832
cuda,CWRU,end_to_end,K1,True,3,146,4.640752042178065
cuda,CWRU,end_to_end,K1,True,3,147,4.597983963321894
cuda,CWRU,end_to_end,K1,True,3,148,4.661729966755956
cuda,CWRU,end_to_end,K1,True,3,149,4.579319967888296
cuda,CWRU,end_to_end,K1,True,3,150,4.589491989463568
cuda,CWRU,end_to_end,K1,True,3,151,4.666644963435829
cuda,CWRU,end_to_end,K1,True,3,152,4.579449014272541
cuda,CWRU,end_to_end,K1,True,3,153,4.693983995821327
cuda,CWRU,end_to_end,K1,True,3,154,4.589696007315069
cuda,CWRU,end_to_end,K1,True,3,155,4.6055050333961844
cuda,CWRU,end_to_end,K1,True,3,156,4.629923030734062
cuda,CWRU,end_to_end,K1,True,3,157,4.627503978554159
cuda,CWRU,end_to_end,K1,True,3,158,4.591894976329058
cuda,CWRU,end_to_end,K1,True,3,159,4.592448007315397
cuda,CWRU,end_to_end,K1,True,3,160,4.659480007831007
cuda,CWRU,end_to_end,K1,True,3,161,4.5888799941167235
cuda,CWRU,end_to_end,K1,True,3,162,4.569470998831093
cuda,CWRU,end_to_end,K1,True,3,163,4.621304979082197
cuda,CWRU,end_to_end,K1,True,3,164,4.653313022572547
cuda,CWRU,end_to_end,K1,True,3,165,4.6992169809527695
cuda,CWRU,end_to_end,K1,True,3,166,4.625144007150084
cuda,CWRU,end_to_end,K1,True,3,167,4.640958970412612
cuda,CWRU,end_to_end,K1,True,3,168,4.590373020619154
cuda,CWRU,end_to_end,K1,True,3,169,4.571316996589303
cuda,CWRU,end_to_end,K1,True,3,170,4.612775985151529
cuda,CWRU,end_to_end,K1,True,3,171,4.6013539540581405
cuda,CWRU,end_to_end,K1,True,3,172,4.618630046024919
cuda,CWRU,end_to_end,K1,True,3,173,4.632175958249718
cuda,CWRU,end_to_end,K1,True,3,174,4.6312459744513035
cuda,CWRU,end_to_end,K1,True,3,175,4.603209032211453
cuda,CWRU,end_to_end,K1,True,3,176,4.578548017889261
cuda,CWRU,end_to_end,K1,True,3,177,4.624755005352199
cuda,CWRU,end_to_end,K1,True,3,178,4.657981975469738
cuda,CWRU,end_to_end,K1,True,3,179,4.734301008284092
cuda,CWRU,end_to_end,K1,True,3,180,4.599956970196217
cuda,CWRU,end_to_end,K1,True,3,181,4.697886994108558
cuda,CWRU,end_to_end,K1,True,3,182,4.735462018288672
cuda,CWRU,end_to_end,K1,True,3,183,4.617031023371965
cuda,CWRU,end_to_end,K1,True,3,184,4.656528995838016
cuda,CWRU,end_to_end,K1,True,3,185,4.58430900471285
cuda,CWRU,end_to_end,K1,True,3,186,4.61057701613754
cuda,CWRU,end_to_end,K1,True,3,187,4.608475021086633
cuda,CWRU,end_to_end,K1,True,3,188,4.642397980205715
cuda,CWRU,end_to_end,K1,True,3,189,4.603734007105231
cuda,CWRU,end_to_end,K1,True,3,190,4.621864994987845
cuda,CWRU,end_to_end,K1,True,3,191,4.5630670501850545
cuda,CWRU,end_to_end,K1,True,3,192,4.6143909567035735
cuda,CWRU,end_to_end,K1,True,3,193,4.607498995028436
cuda,CWRU,end_to_end,K1,True,3,194,4.5981460134498775
cuda,CWRU,end_to_end,K1,True,3,195,4.600177053362131
cuda,CWRU,end_to_end,K1,True,3,196,4.590305965393782
cuda,CWRU,end_to_end,K1,True,3,197,4.557250009384006
cuda,CWRU,end_to_end,K1,True,3,198,4.574994964059442
cuda,CWRU,end_to_end,K1,True,3,199,4.633330041542649
cuda,CWRU,end_to_end,K1,True,3,200,4.657642974052578
cuda,CWRU,end_to_end,K1,True,3,201,4.607256036251783
cuda,CWRU,end_to_end,K1,True,3,202,4.608900984749198
cuda,CWRU,end_to_end,K1,True,3,203,4.638141021132469
cuda,CWRU,end_to_end,K1,True,3,204,4.60343697341159
cuda,CWRU,end_to_end,K1,True,3,205,4.595980979502201
cuda,CWRU,end_to_end,K1,True,3,206,4.616304999217391
cuda,CWRU,end_to_end,K1,True,3,207,4.579603031743318
cuda,CWRU,end_to_end,K1,True,3,208,4.657460027374327
cuda,CWRU,end_to_end,K1,True,3,209,4.649879003409296
cuda,CWRU,end_to_end,K1,True,3,210,4.657415032852441
cuda,CWRU,end_to_end,K1,True,3,211,4.620484018232673
cuda,CWRU,end_to_end,K1,True,3,212,4.632009018678218
cuda,CWRU,end_to_end,K1,True,3,213,4.594416008330882
cuda,CWRU,end_to_end,K1,True,3,214,4.578149993903935
cuda,CWRU,end_to_end,K1,True,3,215,4.685821011662483
cuda,CWRU,end_to_end,K1,True,3,216,4.631454998161644
cuda,CWRU,end_to_end,K1,True,3,217,4.738869960419834
cuda,CWRU,end_to_end,K1,True,3,218,4.614873032551259
cuda,CWRU,end_to_end,K1,True,3,219,4.587811999954283
cuda,CWRU,end_to_end,K1,True,3,220,4.6213429886847734
cuda,CWRU,end_to_end,K1,True,3,221,4.61993197677657
cuda,CWRU,end_to_end,K1,True,3,222,4.615973972249776
cuda,CWRU,end_to_end,K1,True,3,223,4.609451978467405
cuda,CWRU,end_to_end,K1,True,3,224,4.575026978272945
cuda,CWRU,end_to_end,K1,True,3,225,4.56800899701193
cuda,CWRU,end_to_end,K1,True,3,226,4.607537004631013
cuda,CWRU,end_to_end,K1,True,3,227,4.584726004395634
cuda,CWRU,end_to_end,K1,True,3,228,4.588410025462508
cuda,CWRU,end_to_end,K1,True,3,229,4.651287978049368
cuda,CWRU,end_to_end,K1,True,3,230,4.602208035066724
cuda,CWRU,end_to_end,K1,True,3,231,4.600301967002451
cuda,CWRU,end_to_end,K1,True,3,232,4.613719007465988
cuda,CWRU,end_to_end,K1,True,3,233,4.61227196501568
cuda,CWRU,end_to_end,K1,True,3,234,4.621140018571168
cuda,CWRU,end_to_end,K1,True,3,235,4.6012490056455135
cuda,CWRU,end_to_end,K1,True,3,236,4.612780991010368
cuda,CWRU,end_to_end,K1,True,3,237,4.674784024246037
cuda,CWRU,end_to_end,K1,True,3,238,4.580257984343916
cuda,CWRU,end_to_end,K1,True,3,239,4.600362968631089
cuda,CWRU,end_to_end,K1,True,3,240,4.626822017598897
cuda,CWRU,end_to_end,K1,True,3,241,4.612744960468262
cuda,CWRU,end_to_end,K1,True,3,242,4.6262459945864975
cuda,CWRU,end_to_end,K1,True,3,243,4.628922964911908
cuda,CWRU,end_to_end,K1,True,3,244,4.593054007273167
cuda,CWRU,end_to_end,K1,True,3,245,4.605346999596804
cuda,CWRU,end_to_end,K1,True,3,246,4.629381000995636
cuda,CWRU,end_to_end,K1,True,3,247,4.6000799629837275
cuda,CWRU,end_to_end,K1,True,3,248,4.608152026776224
cuda,CWRU,end_to_end,K1,True,3,249,4.57468896638602
cuda,CWRU,end_to_end,Full-S1,True,3,0,8.157276024576277
cuda,CWRU,end_to_end,Full-S1,True,3,1,8.024428971111774
cuda,CWRU,end_to_end,Full-S1,True,3,2,8.072789991274476
cuda,CWRU,end_to_end,Full-S1,True,3,3,8.067630988080055
cuda,CWRU,end_to_end,Full-S1,True,3,4,8.10442300280556
cuda,CWRU,end_to_end,Full-S1,True,3,5,8.036996994633228
cuda,CWRU,end_to_end,Full-S1,True,3,6,8.093259995803237
cuda,CWRU,end_to_end,Full-S1,True,3,7,8.031781995669007
cuda,CWRU,end_to_end,Full-S1,True,3,8,8.070459007285535
cuda,CWRU,end_to_end,Full-S1,True,3,9,8.033758029341698
cuda,CWRU,end_to_end,Full-S1,True,3,10,8.022253983654082
cuda,CWRU,end_to_end,Full-S1,True,3,11,8.075140009168535
cuda,CWRU,end_to_end,Full-S1,True,3,12,8.474609989207238
cuda,CWRU,end_to_end,Full-S1,True,3,13,8.150356006808579
cuda,CWRU,end_to_end,Full-S1,True,3,14,8.066780981607735
cuda,CWRU,end_to_end,Full-S1,True,3,15,8.030508004594594
cuda,CWRU,end_to_end,Full-S1,True,3,16,8.108451962471008
cuda,CWRU,end_to_end,Full-S1,True,3,17,8.114004041999578
cuda,CWRU,end_to_end,Full-S1,True,3,18,8.173836045898497
cuda,CWRU,end_to_end,Full-S1,True,3,19,8.056465012487024
cuda,CWRU,end_to_end,Full-S1,True,3,20,8.086955000180751
cuda,CWRU,end_to_end,Full-S1,True,3,21,8.056041959207505
cuda,CWRU,end_to_end,Full-S1,True,3,22,8.061597996857017
cuda,CWRU,end_to_end,Full-S1,True,3,23,8.091086987406015
cuda,CWRU,end_to_end,Full-S1,True,3,24,8.13487998675555
cuda,CWRU,end_to_end,Full-S1,True,3,25,8.127400011289865
cuda,CWRU,end_to_end,Full-S1,True,3,26,8.07850802084431
cuda,CWRU,end_to_end,Full-S1,True,3,27,8.087093010544777
cuda,CWRU,end_to_end,Full-S1,True,3,28,8.137702010571957
cuda,CWRU,end_to_end,Full-S1,True,3,29,8.050701988395303
cuda,CWRU,end_to_end,Full-S1,True,3,30,8.104780979920179
cuda,CWRU,end_to_end,Full-S1,True,3,31,8.047040028031915
cuda,CWRU,end_to_end,Full-S1,True,3,32,8.081945998128504
cuda,CWRU,end_to_end,Full-S1,True,3,33,8.026171009987593
cuda,CWRU,end_to_end,Full-S1,True,3,34,8.044460031669587
cuda,CWRU,end_to_end,Full-S1,True,3,35,8.068372029811144
cuda,CWRU,end_to_end,Full-S1,True,3,36,8.069184026680887
cuda,CWRU,end_to_end,Full-S1,True,3,37,8.010827004909515
cuda,CWRU,end_to_end,Full-S1,True,3,38,8.056419959757477
cuda,CWRU,end_to_end,Full-S1,True,3,39,8.074307988863438
cuda,CWRU,end_to_end,Full-S1,True,3,40,8.079454011749476
cuda,CWRU,end_to_end,Full-S1,True,3,41,8.072894997894764
cuda,CWRU,end_to_end,Full-S1,True,3,42,8.00818798597902
cuda,CWRU,end_to_end,Full-S1,True,3,43,8.058338018599898
cuda,CWRU,end_to_end,Full-S1,True,3,44,8.130419999361038
cuda,CWRU,end_to_end,Full-S1,True,3,45,8.062007022090256
cuda,CWRU,end_to_end,Full-S1,True,3,46,8.062782988417894
cuda,CWRU,end_to_end,Full-S1,True,3,47,8.0866560456343
cuda,CWRU,end_to_end,Full-S1,True,3,48,8.073358971159905
cuda,CWRU,end_to_end,Full-S1,True,3,49,8.025653951335698
cuda,CWRU,end_to_end,Full-S1,True,3,50,8.055479964241385
cuda,CWRU,end_to_end,Full-S1,True,3,51,8.013295009732246
cuda,CWRU,end_to_end,Full-S1,True,3,52,8.028106996789575
cuda,CWRU,end_to_end,Full-S1,True,3,53,8.054547011852264
cuda,CWRU,end_to_end,Full-S1,True,3,54,8.080100000370294
cuda,CWRU,end_to_end,Full-S1,True,3,55,8.007430005818605
cuda,CWRU,end_to_end,Full-S1,True,3,56,8.060179010499269
cuda,CWRU,end_to_end,Full-S1,True,3,57,8.035079983528703
cuda,CWRU,end_to_end,Full-S1,True,3,58,8.037577965296805
cuda,CWRU,end_to_end,Full-S1,True,3,59,8.050939009990543
cuda,CWRU,end_to_end,Full-S1,True,3,60,8.071641030255705
cuda,CWRU,end_to_end,Full-S1,True,3,61,8.027965028304607
cuda,CWRU,end_to_end,Full-S1,True,3,62,8.084553002845496
cuda,CWRU,end_to_end,Full-S1,True,3,63,8.04431299911812
cuda,CWRU,end_to_end,Full-S1,True,3,64,8.047291950788349
cuda,CWRU,end_to_end,Full-S1,True,3,65,8.082608983386308
cuda,CWRU,end_to_end,Full-S1,True,3,66,8.047087991144508
cuda,CWRU,end_to_end,Full-S1,True,3,67,8.046505972743034
cuda,CWRU,end_to_end,Full-S1,True,3,68,8.079067978542298
cuda,CWRU,end_to_end,Full-S1,True,3,69,8.01890401635319
cuda,CWRU,end_to_end,Full-S1,True,3,70,8.09526804368943
cuda,CWRU,end_to_end,Full-S1,True,3,71,8.011702971998602
cuda,CWRU,end_to_end,Full-S1,True,3,72,8.172022993676364
cuda,CWRU,end_to_end,Full-S1,True,3,73,8.024554001167417
cuda,CWRU,end_to_end,Full-S1,True,3,74,8.058812993112952
cuda,CWRU,end_to_end,Full-S1,True,3,75,8.049092954024673
cuda,CWRU,end_to_end,Full-S1,True,3,76,8.070385025348514
cuda,CWRU,end_to_end,Full-S1,True,3,77,8.020680979825556
cuda,CWRU,end_to_end,Full-S1,True,3,78,8.147042011842132
cuda,CWRU,end_to_end,Full-S1,True,3,79,8.055218029767275
cuda,CWRU,end_to_end,Full-S1,True,3,80,8.083068009000272
cuda,CWRU,end_to_end,Full-S1,True,3,81,8.02449299953878
cuda,CWRU,end_to_end,Full-S1,True,3,82,8.030693978071213
cuda,CWRU,end_to_end,Full-S1,True,3,83,8.450957015156746
cuda,CWRU,end_to_end,Full-S1,True,3,84,8.386628003790975
cuda,CWRU,end_to_end,Full-S1,True,3,85,8.273485989775509
cuda,CWRU,end_to_end,Full-S1,True,3,86,8.09639401268214
cuda,CWRU,end_to_end,Full-S1,True,3,87,8.041402033995837
cuda,CWRU,end_to_end,Full-S1,True,3,88,8.103450993075967
cuda,CWRU,end_to_end,Full-S1,True,3,89,8.094443008303642
cuda,CWRU,end_to_end,Full-S1,True,3,90,8.067312999628484
cuda,CWRU,end_to_end,Full-S1,True,3,91,8.007619006093591
cuda,CWRU,end_to_end,Full-S1,True,3,92,8.077342994511127
cuda,CWRU,end_to_end,Full-S1,True,3,93,8.061597007326782
cuda,CWRU,end_to_end,Full-S1,True,3,94,8.05705797392875
cuda,CWRU,end_to_end,Full-S1,True,3,95,8.129226975142956
cuda,CWRU,end_to_end,Full-S1,True,3,96,8.068930997978896
cuda,CWRU,end_to_end,Full-S1,True,3,97,8.02850304171443
cuda,CWRU,end_to_end,Full-S1,True,3,98,8.015050028916448
cuda,CWRU,end_to_end,Full-S1,True,3,99,8.07534798514098
cuda,CWRU,end_to_end,Full-S1,True,3,100,8.065430971328169
cuda,CWRU,end_to_end,Full-S1,True,3,101,8.019989996682853
cuda,CWRU,end_to_end,Full-S1,True,3,102,8.061035012360662
cuda,CWRU,end_to_end,Full-S1,True,3,103,8.027445990592241
cuda,CWRU,end_to_end,Full-S1,True,3,104,8.185101964045316
cuda,CWRU,end_to_end,Full-S1,True,3,105,8.126502973027527
cuda,CWRU,end_to_end,Full-S1,True,3,106,8.019652043003589
cuda,CWRU,end_to_end,Full-S1,True,3,107,8.028539014048874
cuda,CWRU,end_to_end,Full-S1,True,3,108,8.014018996618688
cuda,CWRU,end_to_end,Full-S1,True,3,109,8.037424995563924
cuda,CWRU,end_to_end,Full-S1,True,3,110,8.019105007406324
cuda,CWRU,end_to_end,Full-S1,True,3,111,8.034250000491738
cuda,CWRU,end_to_end,Full-S1,True,3,112,8.020573004614562
cuda,CWRU,end_to_end,Full-S1,True,3,113,8.030065975617617
cuda,CWRU,end_to_end,Full-S1,True,3,114,8.067542978096753
cuda,CWRU,end_to_end,Full-S1,True,3,115,8.04308004444465
cuda,CWRU,end_to_end,Full-S1,True,3,116,8.207481994759291
cuda,CWRU,end_to_end,Full-S1,True,3,117,8.04499100195244
cuda,CWRU,end_to_end,Full-S1,True,3,118,8.056355000007898
cuda,CWRU,end_to_end,Full-S1,True,3,119,8.053441997617483
cuda,CWRU,end_to_end,Full-S1,True,3,120,8.032104989979416
cuda,CWRU,end_to_end,Full-S1,True,3,121,8.03336501121521
cuda,CWRU,end_to_end,Full-S1,True,3,122,8.029551012441516
cuda,CWRU,end_to_end,Full-S1,True,3,123,8.004771021660417
cuda,CWRU,end_to_end,Full-S1,True,3,124,8.067573013249785
cuda,CWRU,end_to_end,Full-S1,True,3,125,8.021179994102567
cuda,CWRU,end_to_end,Full-S1,True,3,126,8.022736990824342
cuda,CWRU,end_to_end,Full-S1,True,3,127,8.076417027041316
cuda,CWRU,end_to_end,Full-S1,True,3,128,8.10302299214527
cuda,CWRU,end_to_end,Full-S1,True,3,129,8.065037953201681
cuda,CWRU,end_to_end,Full-S1,True,3,130,8.03743297001347
cuda,CWRU,end_to_end,Full-S1,True,3,131,8.038453001063317
cuda,CWRU,end_to_end,Full-S1,True,3,132,8.05217499146238
cuda,CWRU,end_to_end,Full-S1,True,3,133,8.025686023756862
cuda,CWRU,end_to_end,Full-S1,True,3,134,8.014609047677368
cuda,CWRU,end_to_end,Full-S1,True,3,135,8.118034980725497
cuda,CWRU,end_to_end,Full-S1,True,3,136,8.296542044263333
cuda,CWRU,end_to_end,Full-S1,True,3,137,8.208572980947793
cuda,CWRU,end_to_end,Full-S1,True,3,138,8.06805503088981
cuda,CWRU,end_to_end,Full-S1,True,3,139,8.042247034609318
cuda,CWRU,end_to_end,Full-S1,True,3,140,8.152289025019854
cuda,CWRU,end_to_end,Full-S1,True,3,141,8.101084968075156
cuda,CWRU,end_to_end,Full-S1,True,3,142,8.083002001512796
cuda,CWRU,end_to_end,Full-S1,True,3,143,8.031161967664957
cuda,CWRU,end_to_end,Full-S1,True,3,144,8.06114898296073
cuda,CWRU,end_to_end,Full-S1,True,3,145,8.034129976294935
cuda,CWRU,end_to_end,Full-S1,True,3,146,8.081879990641028
cuda,CWRU,end_to_end,Full-S1,True,3,147,8.051633019931614
cuda,CWRU,end_to_end,Full-S1,True,3,148,8.059536048676819
cuda,CWRU,end_to_end,Full-S1,True,3,149,8.114719996228814
cuda,CWRU,end_to_end,Full-S1,True,3,150,8.090472023468465
cuda,CWRU,end_to_end,Full-S1,True,3,151,8.034722006414086
cuda,CWRU,end_to_end,Full-S1,True,3,152,8.054701960645616
cuda,CWRU,end_to_end,Full-S1,True,3,153,8.096606004983187
cuda,CWRU,end_to_end,Full-S1,True,3,154,8.03480000467971
cuda,CWRU,end_to_end,Full-S1,True,3,155,8.013258979190141
cuda,CWRU,end_to_end,Full-S1,True,3,156,8.04981798864901
cuda,CWRU,end_to_end,Full-S1,True,3,157,8.138718025293201
cuda,CWRU,end_to_end,Full-S1,True,3,158,8.08473804499954
cuda,CWRU,end_to_end,Full-S1,True,3,159,8.045888040214777
cuda,CWRU,end_to_end,Full-S1,True,3,160,8.08400398818776
cuda,CWRU,end_to_end,Full-S1,True,3,161,8.013319049496204
cuda,CWRU,end_to_end,Full-S1,True,3,162,8.022252994123846
cuda,CWRU,end_to_end,Full-S1,True,3,163,8.060451014898717
cuda,CWRU,end_to_end,Full-S1,True,3,164,8.053979952819645
cuda,CWRU,end_to_end,Full-S1,True,3,165,8.039535023272038
cuda,CWRU,end_to_end,Full-S1,True,3,166,8.04447301197797
cuda,CWRU,end_to_end,Full-S1,True,3,167,8.06542398640886
cuda,CWRU,end_to_end,Full-S1,True,3,168,8.113424002658576
cuda,CWRU,end_to_end,Full-S1,True,3,169,8.069033967331052
cuda,CWRU,end_to_end,Full-S1,True,3,170,8.016535954084247
cuda,CWRU,end_to_end,Full-S1,True,3,171,8.048902964219451
cuda,CWRU,end_to_end,Full-S1,True,3,172,8.146724023390561
cuda,CWRU,end_to_end,Full-S1,True,3,173,8.050934004131705
cuda,CWRU,end_to_end,Full-S1,True,3,174,8.073315024375916
cuda,CWRU,end_to_end,Full-S1,True,3,175,8.131462964229286
cuda,CWRU,end_to_end,Full-S1,True,3,176,8.105087035801262
cuda,CWRU,end_to_end,Full-S1,True,3,177,8.040752960368991
cuda,CWRU,end_to_end,Full-S1,True,3,178,8.051919983699918
cuda,CWRU,end_to_end,Full-S1,True,3,179,8.020504959858954
cuda,CWRU,end_to_end,Full-S1,True,3,180,8.066289010457695
cuda,CWRU,end_to_end,Full-S1,True,3,181,8.011239988263696
cuda,CWRU,end_to_end,Full-S1,True,3,182,8.021486981306225
cuda,CWRU,end_to_end,Full-S1,True,3,183,8.049486030358821
cuda,CWRU,end_to_end,Full-S1,True,3,184,8.074849029071629
cuda,CWRU,end_to_end,Full-S1,True,3,185,8.06848396314308
cuda,CWRU,end_to_end,Full-S1,True,3,186,8.098446007352322
cuda,CWRU,end_to_end,Full-S1,True,3,187,8.030484023038298
cuda,CWRU,end_to_end,Full-S1,True,3,188,8.03075497969985
cuda,CWRU,end_to_end,Full-S1,True,3,189,8.08646995574236
cuda,CWRU,end_to_end,Full-S1,True,3,190,7.997957000043243
cuda,CWRU,end_to_end,Full-S1,True,3,191,8.039604988880455
cuda,CWRU,end_to_end,Full-S1,True,3,192,8.06170201394707
cuda,CWRU,end_to_end,Full-S1,True,3,193,8.02683102665469
cuda,CWRU,end_to_end,Full-S1,True,3,194,8.01154802320525
cuda,CWRU,end_to_end,Full-S1,True,3,195,8.283604052849114
cuda,CWRU,end_to_end,Full-S1,True,3,196,8.246277982834727
cuda,CWRU,end_to_end,Full-S1,True,3,197,8.078669023234397
cuda,CWRU,end_to_end,Full-S1,True,3,198,8.091281983070076
cuda,CWRU,end_to_end,Full-S1,True,3,199,8.05999303702265
cuda,CWRU,end_to_end,Full-S1,True,3,200,8.07747000362724
cuda,CWRU,end_to_end,Full-S1,True,3,201,8.024882001336664
cuda,CWRU,end_to_end,Full-S1,True,3,202,8.071026008110493
cuda,CWRU,end_to_end,Full-S1,True,3,203,8.033622987568378
cuda,CWRU,end_to_end,Full-S1,True,3,204,8.068953000474721
cuda,CWRU,end_to_end,Full-S1,True,3,205,8.025903021916747
cuda,CWRU,end_to_end,Full-S1,True,3,206,8.200160984415561
cuda,CWRU,end_to_end,Full-S1,True,3,207,8.477184979710728
cuda,CWRU,end_to_end,Full-S1,True,3,208,8.190482971258461
cuda,CWRU,end_to_end,Full-S1,True,3,209,8.262676012236625
cuda,CWRU,end_to_end,Full-S1,True,3,210,8.071430027484894
cuda,CWRU,end_to_end,Full-S1,True,3,211,8.075014979112893
cuda,CWRU,end_to_end,Full-S1,True,3,212,8.231989981140941
cuda,CWRU,end_to_end,Full-S1,True,3,213,8.126553962938488
cuda,CWRU,end_to_end,Full-S1,True,3,214,8.072041964624077
cuda,CWRU,end_to_end,Full-S1,True,3,215,8.039322041440755
cuda,CWRU,end_to_end,Full-S1,True,3,216,8.065049012657255
cuda,CWRU,end_to_end,Full-S1,True,3,217,8.064730965998024
cuda,CWRU,end_to_end,Full-S1,True,3,218,8.05716699687764
cuda,CWRU,end_to_end,Full-S1,True,3,219,8.117482997477055
cuda,CWRU,end_to_end,Full-S1,True,3,220,8.07454000459984
cuda,CWRU,end_to_end,Full-S1,True,3,221,8.029804972466081
cuda,CWRU,end_to_end,Full-S1,True,3,222,8.059336978476495
cuda,CWRU,end_to_end,Full-S1,True,3,223,8.045435009989887
cuda,CWRU,end_to_end,Full-S1,True,3,224,8.046966977417469
cuda,CWRU,end_to_end,Full-S1,True,3,225,8.047918963711709
cuda,CWRU,end_to_end,Full-S1,True,3,226,8.08556197443977
cuda,CWRU,end_to_end,Full-S1,True,3,227,8.063722983933985
cuda,CWRU,end_to_end,Full-S1,True,3,228,8.132487011607736
cuda,CWRU,end_to_end,Full-S1,True,3,229,8.134232950396836
cuda,CWRU,end_to_end,Full-S1,True,3,230,8.032266050577164
cuda,CWRU,end_to_end,Full-S1,True,3,231,8.043366018682718
cuda,CWRU,end_to_end,Full-S1,True,3,232,8.144513994920999
cuda,CWRU,end_to_end,Full-S1,True,3,233,8.292107027955353
cuda,CWRU,end_to_end,Full-S1,True,3,234,8.413760049734265
cuda,CWRU,end_to_end,Full-S1,True,3,235,8.48929100902751
cuda,CWRU,end_to_end,Full-S1,True,3,236,8.437374024651945
cuda,CWRU,end_to_end,Full-S1,True,3,237,8.493437024299055
cuda,CWRU,end_to_end,Full-S1,True,3,238,8.346838993020356
cuda,CWRU,end_to_end,Full-S1,True,3,239,8.159193967003375
cuda,CWRU,end_to_end,Full-S1,True,3,240,8.061448985245079
cuda,CWRU,end_to_end,Full-S1,True,3,241,8.052296994719654
cuda,CWRU,end_to_end,Full-S1,True,3,242,8.030679950024933
cuda,CWRU,end_to_end,Full-S1,True,3,243,8.068641007412225
cuda,CWRU,end_to_end,Full-S1,True,3,244,8.013355953153223
cuda,CWRU,end_to_end,Full-S1,True,3,245,8.040276006795466
cuda,CWRU,end_to_end,Full-S1,True,3,246,8.087745984084904
cuda,CWRU,end_to_end,Full-S1,True,3,247,8.086062967777252
cuda,CWRU,end_to_end,Full-S1,True,3,248,8.072550990618765
cuda,CWRU,end_to_end,Full-S1,True,3,249,8.079662977252156
cuda,JNU,model_only,Full-S1,True,0,0,7.830925984308124
cuda,JNU,model_only,Full-S1,True,0,1,7.832781004253775
cuda,JNU,model_only,Full-S1,True,0,2,7.809091999661177
cuda,JNU,model_only,Full-S1,True,0,3,7.802465988788754
cuda,JNU,model_only,Full-S1,True,0,4,7.790388015564531
cuda,JNU,model_only,Full-S1,True,0,5,7.782414963003248
cuda,JNU,model_only,Full-S1,True,0,6,7.774694997351617
cuda,JNU,model_only,Full-S1,True,0,7,7.799536979291588
cuda,JNU,model_only,Full-S1,True,0,8,7.8181890421547
cuda,JNU,model_only,Full-S1,True,0,9,7.822347979526967
cuda,JNU,model_only,Full-S1,True,0,10,7.763889967463911
cuda,JNU,model_only,Full-S1,True,0,11,7.766561990138143
cuda,JNU,model_only,Full-S1,True,0,12,7.807592977769673
cuda,JNU,model_only,Full-S1,True,0,13,7.830118993297219
cuda,JNU,model_only,Full-S1,True,0,14,7.911415013950318
cuda,JNU,model_only,Full-S1,True,0,15,7.8612929792143404
cuda,JNU,model_only,Full-S1,True,0,16,7.831484021153301
cuda,JNU,model_only,Full-S1,True,0,17,7.7824919717386365
cuda,JNU,model_only,Full-S1,True,0,18,7.788449001964182
cuda,JNU,model_only,Full-S1,True,0,19,7.788017042912543
cuda,JNU,model_only,Full-S1,True,0,20,7.794450037181377
cuda,JNU,model_only,Full-S1,True,0,21,7.770108000840992
cuda,JNU,model_only,Full-S1,True,0,22,7.783979992382228
cuda,JNU,model_only,Full-S1,True,0,23,7.784684014040977
cuda,JNU,model_only,Full-S1,True,0,24,7.966732024215162
cuda,JNU,model_only,Full-S1,True,0,25,7.786366040818393
cuda,JNU,model_only,Full-S1,True,0,26,7.845305022783577
cuda,JNU,model_only,Full-S1,True,0,27,7.8610890195705
cuda,JNU,model_only,Full-S1,True,0,28,7.8012849553488195
cuda,JNU,model_only,Full-S1,True,0,29,7.793259050231427
cuda,JNU,model_only,Full-S1,True,0,30,7.838471967261285
cuda,JNU,model_only,Full-S1,True,0,31,7.876607996877283
cuda,JNU,model_only,Full-S1,True,0,32,7.945450954139233
cuda,JNU,model_only,Full-S1,True,0,33,7.843184983357787
cuda,JNU,model_only,Full-S1,True,0,34,7.895083981566131
cuda,JNU,model_only,Full-S1,True,0,35,7.809165981598198
cuda,JNU,model_only,Full-S1,True,0,36,7.840212027076632
cuda,JNU,model_only,Full-S1,True,0,37,7.812533003743738
cuda,JNU,model_only,Full-S1,True,0,38,7.834983000066131
cuda,JNU,model_only,Full-S1,True,0,39,7.847864006180316
cuda,JNU,model_only,Full-S1,True,0,40,7.76794197736308
cuda,JNU,model_only,Full-S1,True,0,41,7.843501982279122
cuda,JNU,model_only,Full-S1,True,0,42,7.785019988659769
cuda,JNU,model_only,Full-S1,True,0,43,7.809006958268583
cuda,JNU,model_only,Full-S1,True,0,44,7.797288009896874
cuda,JNU,model_only,Full-S1,True,0,45,7.802285021170974
cuda,JNU,model_only,Full-S1,True,0,46,7.788396964315325
cuda,JNU,model_only,Full-S1,True,0,47,7.750607968773693
cuda,JNU,model_only,Full-S1,True,0,48,7.764292997308075
cuda,JNU,model_only,Full-S1,True,0,49,7.856826006900519
cuda,JNU,model_only,Full-S1,True,0,50,7.819863967597485
cuda,JNU,model_only,Full-S1,True,0,51,7.760125969070941
cuda,JNU,model_only,Full-S1,True,0,52,7.762209977954626
cuda,JNU,model_only,Full-S1,True,0,53,7.809431990608573
cuda,JNU,model_only,Full-S1,True,0,54,7.9104379983618855
cuda,JNU,model_only,Full-S1,True,0,55,7.996050000656396
cuda,JNU,model_only,Full-S1,True,0,56,7.813420030288398
cuda,JNU,model_only,Full-S1,True,0,57,7.800118997693062
cuda,JNU,model_only,Full-S1,True,0,58,7.785905967466533
cuda,JNU,model_only,Full-S1,True,0,59,7.807976973708719
cuda,JNU,model_only,Full-S1,True,0,60,7.802937994711101
cuda,JNU,model_only,Full-S1,True,0,61,7.816130004357547
cuda,JNU,model_only,Full-S1,True,0,62,7.778589962981641
cuda,JNU,model_only,Full-S1,True,0,63,7.820670027285814
cuda,JNU,model_only,Full-S1,True,0,64,7.768170966301113
cuda,JNU,model_only,Full-S1,True,0,65,7.814598036929965
cuda,JNU,model_only,Full-S1,True,0,66,7.800327031873167
cuda,JNU,model_only,Full-S1,True,0,67,7.764811045490205
cuda,JNU,model_only,Full-S1,True,0,68,7.790243020281196
cuda,JNU,model_only,Full-S1,True,0,69,7.8932829783298075
cuda,JNU,model_only,Full-S1,True,0,70,7.810703013092279
cuda,JNU,model_only,Full-S1,True,0,71,7.816453988198191
cuda,JNU,model_only,Full-S1,True,0,72,7.779591018334031
cuda,JNU,model_only,Full-S1,True,0,73,7.819765014573932
cuda,JNU,model_only,Full-S1,True,0,74,7.78520799940452
cuda,JNU,model_only,Full-S1,True,0,75,7.798546983394772
cuda,JNU,model_only,Full-S1,True,0,76,7.771903008688241
cuda,JNU,model_only,Full-S1,True,0,77,7.84952100366354
cuda,JNU,model_only,Full-S1,True,0,78,7.80538801336661
cuda,JNU,model_only,Full-S1,True,0,79,7.797956001013517
cuda,JNU,model_only,Full-S1,True,0,80,7.77673302218318
cuda,JNU,model_only,Full-S1,True,0,81,7.767740986309946
cuda,JNU,model_only,Full-S1,True,0,82,7.822376966942102
cuda,JNU,model_only,Full-S1,True,0,83,7.76748702628538
cuda,JNU,model_only,Full-S1,True,0,84,7.785678957588971
cuda,JNU,model_only,Full-S1,True,0,85,7.848090026527643
cuda,JNU,model_only,Full-S1,True,0,86,8.101404993794858
cuda,JNU,model_only,Full-S1,True,0,87,7.87138199666515
cuda,JNU,model_only,Full-S1,True,0,88,7.761382032185793
cuda,JNU,model_only,Full-S1,True,0,89,7.8029700089246035
cuda,JNU,model_only,Full-S1,True,0,90,7.784529007039964
cuda,JNU,model_only,Full-S1,True,0,91,7.783051987644285
cuda,JNU,model_only,Full-S1,True,0,92,7.776442973408848
cuda,JNU,model_only,Full-S1,True,0,93,7.779148989357054
cuda,JNU,model_only,Full-S1,True,0,94,7.797602971550077
cuda,JNU,model_only,Full-S1,True,0,95,7.865352963563055
cuda,JNU,model_only,Full-S1,True,0,96,7.782715023495257
cuda,JNU,model_only,Full-S1,True,0,97,7.797014957759529
cuda,JNU,model_only,Full-S1,True,0,98,7.774625963065773
cuda,JNU,model_only,Full-S1,True,0,99,7.837067998480052
cuda,JNU,model_only,Full-S1,True,0,100,7.803443004377186
cuda,JNU,model_only,Full-S1,True,0,101,7.7706180163659155
cuda,JNU,model_only,Full-S1,True,0,102,7.7947129611857235
cuda,JNU,model_only,Full-S1,True,0,103,7.808891008608043
cuda,JNU,model_only,Full-S1,True,0,104,7.789726019836962
cuda,JNU,model_only,Full-S1,True,0,105,7.786734029650688
cuda,JNU,model_only,Full-S1,True,0,106,7.7547680120915174
cuda,JNU,model_only,Full-S1,True,0,107,7.806964043993503
cuda,JNU,model_only,Full-S1,True,0,108,7.75460695149377
cuda,JNU,model_only,Full-S1,True,0,109,7.7514449949376285
cuda,JNU,model_only,Full-S1,True,0,110,7.728637021500617
cuda,JNU,model_only,Full-S1,True,0,111,7.889347965829074
cuda,JNU,model_only,Full-S1,True,0,112,7.793800963554531
cuda,JNU,model_only,Full-S1,True,0,113,7.808727968949825
cuda,JNU,model_only,Full-S1,True,0,114,7.794531993567944
cuda,JNU,model_only,Full-S1,True,0,115,7.7834289986640215
cuda,JNU,model_only,Full-S1,True,0,116,7.7626159763894975
cuda,JNU,model_only,Full-S1,True,0,117,7.755702012218535
cuda,JNU,model_only,Full-S1,True,0,118,7.78838200494647
cuda,JNU,model_only,Full-S1,True,0,119,7.788697024807334
cuda,JNU,model_only,Full-S1,True,0,120,7.805146975442767
cuda,JNU,model_only,Full-S1,True,0,121,7.819314021617174
cuda,JNU,model_only,Full-S1,True,0,122,7.770566968247294
cuda,JNU,model_only,Full-S1,True,0,123,7.804708031471819
cuda,JNU,model_only,Full-S1,True,0,124,7.791323005221784
cuda,JNU,model_only,Full-S1,True,0,125,7.799469982273877
cuda,JNU,model_only,Full-S1,True,0,126,7.812618976458907
cuda,JNU,model_only,Full-S1,True,0,127,7.811217976268381
cuda,JNU,model_only,Full-S1,True,0,128,7.7706099837087095
cuda,JNU,model_only,Full-S1,True,0,129,7.779298000968993
cuda,JNU,model_only,Full-S1,True,0,130,7.787754002492875
cuda,JNU,model_only,Full-S1,True,0,131,7.768834999296814
cuda,JNU,model_only,Full-S1,True,0,132,7.7933709835633636
cuda,JNU,model_only,Full-S1,True,0,133,7.779259001836181
cuda,JNU,model_only,Full-S1,True,0,134,7.781166990753263
cuda,JNU,model_only,Full-S1,True,0,135,7.772053999360651
cuda,JNU,model_only,Full-S1,True,0,136,7.7977090259082615
cuda,JNU,model_only,Full-S1,True,0,137,7.800862018484622
cuda,JNU,model_only,Full-S1,True,0,138,7.767592964228243
cuda,JNU,model_only,Full-S1,True,0,139,7.7765570022165775
cuda,JNU,model_only,Full-S1,True,0,140,7.821787963621318
cuda,JNU,model_only,Full-S1,True,0,141,7.791326963342726
cuda,JNU,model_only,Full-S1,True,0,142,7.801081985235214
cuda,JNU,model_only,Full-S1,True,0,143,7.752685982268304
cuda,JNU,model_only,Full-S1,True,0,144,7.799451996106654
cuda,JNU,model_only,Full-S1,True,0,145,7.78359902324155
cuda,JNU,model_only,Full-S1,True,0,146,7.762587978504598
cuda,JNU,model_only,Full-S1,True,0,147,7.778680010233074
cuda,JNU,model_only,Full-S1,True,0,148,7.7942609786987305
cuda,JNU,model_only,Full-S1,True,0,149,7.799585000611842
cuda,JNU,model_only,Full-S1,True,0,150,7.8026760020293295
cuda,JNU,model_only,Full-S1,True,0,151,7.795374025590718
cuda,JNU,model_only,Full-S1,True,0,152,7.852595008444041
cuda,JNU,model_only,Full-S1,True,0,153,7.843294006306678
cuda,JNU,model_only,Full-S1,True,0,154,7.818466983735561
cuda,JNU,model_only,Full-S1,True,0,155,7.767507049720734
cuda,JNU,model_only,Full-S1,True,0,156,7.804419030435383
cuda,JNU,model_only,Full-S1,True,0,157,7.749981014057994
cuda,JNU,model_only,Full-S1,True,0,158,7.769502000883222
cuda,JNU,model_only,Full-S1,True,0,159,7.858376018702984
cuda,JNU,model_only,Full-S1,True,0,160,7.898684998508543
cuda,JNU,model_only,Full-S1,True,0,161,7.907285005785525
cuda,JNU,model_only,Full-S1,True,0,162,7.882151985540986
cuda,JNU,model_only,Full-S1,True,0,163,7.7875389833934605
cuda,JNU,model_only,Full-S1,True,0,164,7.755358004942536
cuda,JNU,model_only,Full-S1,True,0,165,7.80469598248601
cuda,JNU,model_only,Full-S1,True,0,166,7.810122973751277
cuda,JNU,model_only,Full-S1,True,0,167,7.784245011862367
cuda,JNU,model_only,Full-S1,True,0,168,7.748810981865972
cuda,JNU,model_only,Full-S1,True,0,169,7.87930004298687
cuda,JNU,model_only,Full-S1,True,0,170,7.8071149764582515
cuda,JNU,model_only,Full-S1,True,0,171,7.789512048475444
cuda,JNU,model_only,Full-S1,True,0,172,7.788571994751692
cuda,JNU,model_only,Full-S1,True,0,173,7.804843015037477
cuda,JNU,model_only,Full-S1,True,0,174,7.770186988636851
cuda,JNU,model_only,Full-S1,True,0,175,7.7920189942233264
cuda,JNU,model_only,Full-S1,True,0,176,7.79306300682947
cuda,JNU,model_only,Full-S1,True,0,177,7.82065698876977
cuda,JNU,model_only,Full-S1,True,0,178,7.810242008417845
cuda,JNU,model_only,Full-S1,True,0,179,7.7584010432474315
cuda,JNU,model_only,Full-S1,True,0,180,7.755362021271139
cuda,JNU,model_only,Full-S1,True,0,181,7.867506006732583
cuda,JNU,model_only,Full-S1,True,0,182,7.819676015060395
cuda,JNU,model_only,Full-S1,True,0,183,8.106028020847589
cuda,JNU,model_only,Full-S1,True,0,184,7.763662026263773
cuda,JNU,model_only,Full-S1,True,0,185,7.782951986882836
cuda,JNU,model_only,Full-S1,True,0,186,7.75194400921464
cuda,JNU,model_only,Full-S1,True,0,187,7.896108028944582
cuda,JNU,model_only,Full-S1,True,0,188,7.82488496042788
cuda,JNU,model_only,Full-S1,True,0,189,7.791012991219759
cuda,JNU,model_only,Full-S1,True,0,190,7.772043987642974
cuda,JNU,model_only,Full-S1,True,0,191,7.825177977792919
cuda,JNU,model_only,Full-S1,True,0,192,7.770438969600946
cuda,JNU,model_only,Full-S1,True,0,193,7.809599977917969
cuda,JNU,model_only,Full-S1,True,0,194,7.793916971422732
cuda,JNU,model_only,Full-S1,True,0,195,7.808748981915414
cuda,JNU,model_only,Full-S1,True,0,196,7.754857011605054
cuda,JNU,model_only,Full-S1,True,0,197,7.764238980598748
cuda,JNU,model_only,Full-S1,True,0,198,7.844883017241955
cuda,JNU,model_only,Full-S1,True,0,199,7.789899013005197
cuda,JNU,model_only,Full-S1,True,0,200,7.812661002390087
cuda,JNU,model_only,Full-S1,True,0,201,7.762844965327531
cuda,JNU,model_only,Full-S1,True,0,202,7.825053995475173
cuda,JNU,model_only,Full-S1,True,0,203,7.8052880126051605
cuda,JNU,model_only,Full-S1,True,0,204,7.774899946525693
cuda,JNU,model_only,Full-S1,True,0,205,7.827165012713522
cuda,JNU,model_only,Full-S1,True,0,206,7.7873929985798895
cuda,JNU,model_only,Full-S1,True,0,207,7.760510023217648
cuda,JNU,model_only,Full-S1,True,0,208,7.762806955724955
cuda,JNU,model_only,Full-S1,True,0,209,7.792267017066479
cuda,JNU,model_only,Full-S1,True,0,210,7.8457180061377585
cuda,JNU,model_only,Full-S1,True,0,211,7.787200040183961
cuda,JNU,model_only,Full-S1,True,0,212,7.78797798557207
cuda,JNU,model_only,Full-S1,True,0,213,7.791846001055092
cuda,JNU,model_only,Full-S1,True,0,214,8.344051020685583
cuda,JNU,model_only,Full-S1,True,0,215,8.21836298564449
cuda,JNU,model_only,Full-S1,True,0,216,7.890000008046627
cuda,JNU,model_only,Full-S1,True,0,217,7.846301945392042
cuda,JNU,model_only,Full-S1,True,0,218,7.808063994161785
cuda,JNU,model_only,Full-S1,True,0,219,7.776760961860418
cuda,JNU,model_only,Full-S1,True,0,220,7.791175041347742
cuda,JNU,model_only,Full-S1,True,0,221,7.742916990537196
cuda,JNU,model_only,Full-S1,True,0,222,7.804691966157407
cuda,JNU,model_only,Full-S1,True,0,223,7.756976003292948
cuda,JNU,model_only,Full-S1,True,0,224,7.78202700894326
cuda,JNU,model_only,Full-S1,True,0,225,7.774328056257218
cuda,JNU,model_only,Full-S1,True,0,226,7.768785988446325
cuda,JNU,model_only,Full-S1,True,0,227,7.886394974775612
cuda,JNU,model_only,Full-S1,True,0,228,7.785541994962841
cuda,JNU,model_only,Full-S1,True,0,229,7.802881009411067
cuda,JNU,model_only,Full-S1,True,0,230,7.811874034814537
cuda,JNU,model_only,Full-S1,True,0,231,7.874811999499798
cuda,JNU,model_only,Full-S1,True,0,232,7.777704973705113
cuda,JNU,model_only,Full-S1,True,0,233,7.753846002742648
cuda,JNU,model_only,Full-S1,True,0,234,7.770608004648238
cuda,JNU,model_only,Full-S1,True,0,235,7.820290978997946
cuda,JNU,model_only,Full-S1,True,0,236,7.77335895691067
cuda,JNU,model_only,Full-S1,True,0,237,7.78767402516678
cuda,JNU,model_only,Full-S1,True,0,238,7.7888150117360055
cuda,JNU,model_only,Full-S1,True,0,239,7.883660960942507
cuda,JNU,model_only,Full-S1,True,0,240,7.784987974446267
cuda,JNU,model_only,Full-S1,True,0,241,7.860739948228002
cuda,JNU,model_only,Full-S1,True,0,242,7.763014000374824
cuda,JNU,model_only,Full-S1,True,0,243,7.90181802585721
cuda,JNU,model_only,Full-S1,True,0,244,7.888698019087315
cuda,JNU,model_only,Full-S1,True,0,245,7.771769014652818
cuda,JNU,model_only,Full-S1,True,0,246,7.778925995808095
cuda,JNU,model_only,Full-S1,True,0,247,7.788889983203262
cuda,JNU,model_only,Full-S1,True,0,248,7.787937007378787
cuda,JNU,model_only,Full-S1,True,0,249,7.766094000544399
cuda,JNU,model_only,K1,True,0,0,4.250329977367073
cuda,JNU,model_only,K1,True,0,1,4.195430956315249
cuda,JNU,model_only,K1,True,0,2,4.207258985843509
cuda,JNU,model_only,K1,True,0,3,4.261304973624647
cuda,JNU,model_only,K1,True,0,4,4.2429069872014225
cuda,JNU,model_only,K1,True,0,5,4.248251032549888
cuda,JNU,model_only,K1,True,0,6,4.208720987662673
cuda,JNU,model_only,K1,True,0,7,4.224598000291735
cuda,JNU,model_only,K1,True,0,8,4.228090983815491
cuda,JNU,model_only,K1,True,0,9,4.204326018225402
cuda,JNU,model_only,K1,True,0,10,4.199402988888323
cuda,JNU,model_only,K1,True,0,11,4.226071003358811
cuda,JNU,model_only,K1,True,0,12,4.1951919556595385
cuda,JNU,model_only,K1,True,0,13,4.219137015752494
cuda,JNU,model_only,K1,True,0,14,4.2199750314466655
cuda,JNU,model_only,K1,True,0,15,4.224924021400511
cuda,JNU,model_only,K1,True,0,16,4.205903969705105
cuda,JNU,model_only,K1,True,0,17,4.196081950794905
cuda,JNU,model_only,K1,True,0,18,4.222306015435606
cuda,JNU,model_only,K1,True,0,19,4.181221011094749
cuda,JNU,model_only,K1,True,0,20,4.199072020128369
cuda,JNU,model_only,K1,True,0,21,4.1857470059767365
cuda,JNU,model_only,K1,True,0,22,4.181219032034278
cuda,JNU,model_only,K1,True,0,23,4.1941109811887145
cuda,JNU,model_only,K1,True,0,24,4.1971030295826495
cuda,JNU,model_only,K1,True,0,25,4.18509601149708
cuda,JNU,model_only,K1,True,0,26,4.213763982988894
cuda,JNU,model_only,K1,True,0,27,4.210482002235949
cuda,JNU,model_only,K1,True,0,28,4.20771399512887
cuda,JNU,model_only,K1,True,0,29,4.2334600002504885
cuda,JNU,model_only,K1,True,0,30,4.194617038592696
cuda,JNU,model_only,K1,True,0,31,4.205980047117919
cuda,JNU,model_only,K1,True,0,32,4.195287998300046
cuda,JNU,model_only,K1,True,0,33,4.265762981958687
cuda,JNU,model_only,K1,True,0,34,4.2808009893633425
cuda,JNU,model_only,K1,True,0,35,4.202901967801154
cuda,JNU,model_only,K1,True,0,36,4.2877509840764105
cuda,JNU,model_only,K1,True,0,37,4.2142210295423865
cuda,JNU,model_only,K1,True,0,38,4.194089968223125
cuda,JNU,model_only,K1,True,0,39,4.186962032690644
cuda,JNU,model_only,K1,True,0,40,4.166706989053637
cuda,JNU,model_only,K1,True,0,41,4.197560017928481
cuda,JNU,model_only,K1,True,0,42,4.210628045257181
cuda,JNU,model_only,K1,True,0,43,4.194386012386531
cuda,JNU,model_only,K1,True,0,44,4.183972021564841
cuda,JNU,model_only,K1,True,0,45,4.2014700011350214
cuda,JNU,model_only,K1,True,0,46,4.179416049737483
cuda,JNU,model_only,K1,True,0,47,4.351734998635948
cuda,JNU,model_only,K1,True,0,48,4.25356300547719
cuda,JNU,model_only,K1,True,0,49,4.200969997327775
cuda,JNU,model_only,K1,True,0,50,4.216188041027635
cuda,JNU,model_only,K1,True,0,51,4.206543031614274
cuda,JNU,model_only,K1,True,0,52,4.216104978695512
cuda,JNU,model_only,K1,True,0,53,4.198745999019593
cuda,JNU,model_only,K1,True,0,54,4.164520010817796
cuda,JNU,model_only,K1,True,0,55,4.186952952295542
cuda,JNU,model_only,K1,True,0,56,4.207270976621658
cuda,JNU,model_only,K1,True,0,57,4.176994028966874
cuda,JNU,model_only,K1,True,0,58,4.197578993625939
cuda,JNU,model_only,K1,True,0,59,4.203915013931692
cuda,JNU,model_only,K1,True,0,60,4.219155001919717
cuda,JNU,model_only,K1,True,0,61,4.218819958623499
cuda,JNU,model_only,K1,True,0,62,4.189233994111419
cuda,JNU,model_only,K1,True,0,63,4.214115033391863
cuda,JNU,model_only,K1,True,0,64,4.316026985179633
cuda,JNU,model_only,K1,True,0,65,4.197491041850299
cuda,JNU,model_only,K1,True,0,66,4.205448960419744
cuda,JNU,model_only,K1,True,0,67,4.200391995254904
cuda,JNU,model_only,K1,True,0,68,4.265722003765404
cuda,JNU,model_only,K1,True,0,69,4.326871014200151
cuda,JNU,model_only,K1,True,0,70,4.417353018652648
cuda,JNU,model_only,K1,True,0,71,4.426344996318221
cuda,JNU,model_only,K1,True,0,72,4.2871159967035055
cuda,JNU,model_only,K1,True,0,73,4.245318006724119
cuda,JNU,model_only,K1,True,0,74,4.195693996734917
cuda,JNU,model_only,K1,True,0,75,4.236328997649252
cuda,JNU,model_only,K1,True,0,76,4.217007022816688
cuda,JNU,model_only,K1,True,0,77,4.190723993815482
cuda,JNU,model_only,K1,True,0,78,4.172132001258433
cuda,JNU,model_only,K1,True,0,79,4.273107973858714
cuda,JNU,model_only,K1,True,0,80,4.280394001398236
cuda,JNU,model_only,K1,True,0,81,4.210725950542837
cuda,JNU,model_only,K1,True,0,82,4.217759007588029
cuda,JNU,model_only,K1,True,0,83,4.196537018287927
cuda,JNU,model_only,K1,True,0,84,4.190696985460818
cuda,JNU,model_only,K1,True,0,85,4.2053600191138685
cuda,JNU,model_only,K1,True,0,86,4.204278986435384
cuda,JNU,model_only,K1,True,0,87,4.281080036889762
cuda,JNU,model_only,K1,True,0,88,4.211534978821874
cuda,JNU,model_only,K1,True,0,89,4.2083850130438805
cuda,JNU,model_only,K1,True,0,90,4.189842962659895
cuda,JNU,model_only,K1,True,0,91,4.204093012958765
cuda,JNU,model_only,K1,True,0,92,4.225251032039523
cuda,JNU,model_only,K1,True,0,93,4.242790979333222
cuda,JNU,model_only,K1,True,0,94,4.294593003578484
cuda,JNU,model_only,K1,True,0,95,4.269536992069334
cuda,JNU,model_only,K1,True,0,96,4.200613999273628
cuda,JNU,model_only,K1,True,0,97,4.188158025499433
cuda,JNU,model_only,K1,True,0,98,4.17199800722301
cuda,JNU,model_only,K1,True,0,99,4.2048140312545
cuda,JNU,model_only,K1,True,0,100,4.191540996544063
cuda,JNU,model_only,K1,True,0,101,4.189440980553627
cuda,JNU,model_only,K1,True,0,102,4.237620043568313
cuda,JNU,model_only,K1,True,0,103,4.19701897772029
cuda,JNU,model_only,K1,True,0,104,4.221859038807452
cuda,JNU,model_only,K1,True,0,105,4.198687034659088
cuda,JNU,model_only,K1,True,0,106,4.250132944434881
cuda,JNU,model_only,K1,True,0,107,4.199619987048209
cuda,JNU,model_only,K1,True,0,108,4.199372022412717
cuda,JNU,model_only,K1,True,0,109,4.206338955555111
cuda,JNU,model_only,K1,True,0,110,4.201442003250122
cuda,JNU,model_only,K1,True,0,111,4.2000910034403205
cuda,JNU,model_only,K1,True,0,112,4.19242400676012
cuda,JNU,model_only,K1,True,0,113,4.243574978318065
cuda,JNU,model_only,K1,True,0,114,4.253906023222953
cuda,JNU,model_only,K1,True,0,115,4.203116986900568
cuda,JNU,model_only,K1,True,0,116,4.210882005281746
cuda,JNU,model_only,K1,True,0,117,4.226714023388922
cuda,JNU,model_only,K1,True,0,118,4.200997005682439
cuda,JNU,model_only,K1,True,0,119,4.190075967926532
cuda,JNU,model_only,K1,True,0,120,4.218761052470654
cuda,JNU,model_only,K1,True,0,121,4.232854000292718
cuda,JNU,model_only,K1,True,0,122,4.222356015816331
cuda,JNU,model_only,K1,True,0,123,4.175340989604592
cuda,JNU,model_only,K1,True,0,124,4.1683699819259346
cuda,JNU,model_only,K1,True,0,125,4.198501002974808
cuda,JNU,model_only,K1,True,0,126,4.190603969618678
cuda,JNU,model_only,K1,True,0,127,4.1938849608413875
cuda,JNU,model_only,K1,True,0,128,4.20627900166437
cuda,JNU,model_only,K1,True,0,129,4.205814970191568
cuda,JNU,model_only,K1,True,0,130,4.192601016256958
cuda,JNU,model_only,K1,True,0,131,4.1793109849095345
cuda,JNU,model_only,K1,True,0,132,4.197533999104053
cuda,JNU,model_only,K1,True,0,133,4.208993981592357
cuda,JNU,model_only,K1,True,0,134,4.20490198303014
cuda,JNU,model_only,K1,True,0,135,4.259862005710602
cuda,JNU,model_only,K1,True,0,136,4.193135013338178
cuda,JNU,model_only,K1,True,0,137,4.214029002469033
cuda,JNU,model_only,K1,True,0,138,4.202683980111033
cuda,JNU,model_only,K1,True,0,139,4.191830055788159
cuda,JNU,model_only,K1,True,0,140,4.283680988010019
cuda,JNU,model_only,K1,True,0,141,4.205011005979031
cuda,JNU,model_only,K1,True,0,142,4.222259973175824
cuda,JNU,model_only,K1,True,0,143,4.170431988313794
cuda,JNU,model_only,K1,True,0,144,4.18345897924155
cuda,JNU,model_only,K1,True,0,145,4.191434010863304
cuda,JNU,model_only,K1,True,0,146,4.189789993688464
cuda,JNU,model_only,K1,True,0,147,4.198686976451427
cuda,JNU,model_only,K1,True,0,148,4.197131027467549
cuda,JNU,model_only,K1,True,0,149,4.217559995595366
cuda,JNU,model_only,K1,True,0,150,4.194617969915271
cuda,JNU,model_only,K1,True,0,151,4.205296980217099
cuda,JNU,model_only,K1,True,0,152,4.216560977511108
cuda,JNU,model_only,K1,True,0,153,4.20749798649922
cuda,JNU,model_only,K1,True,0,154,4.245510965120047
cuda,JNU,model_only,K1,True,0,155,4.203482996672392
cuda,JNU,model_only,K1,True,0,156,4.194319946691394
cuda,JNU,model_only,K1,True,0,157,4.185851023066789
cuda,JNU,model_only,K1,True,0,158,4.186255973763764
cuda,JNU,model_only,K1,True,0,159,4.177209048066288
cuda,JNU,model_only,K1,True,0,160,4.168568004388362
cuda,JNU,model_only,K1,True,0,161,4.204495984595269
cuda,JNU,model_only,K1,True,0,162,4.219197959173471
cuda,JNU,model_only,K1,True,0,163,4.222969990223646
cuda,JNU,model_only,K1,True,0,164,4.212652042042464
cuda,JNU,model_only,K1,True,0,165,4.167818988207728
cuda,JNU,model_only,K1,True,0,166,4.207357997074723
cuda,JNU,model_only,K1,True,0,167,4.211654944811016
cuda,JNU,model_only,K1,True,0,168,4.201101022772491
cuda,JNU,model_only,K1,True,0,169,4.180078976787627
cuda,JNU,model_only,K1,True,0,170,4.316965991165489
cuda,JNU,model_only,K1,True,0,171,4.599564999807626
cuda,JNU,model_only,K1,True,0,172,4.489515966270119
cuda,JNU,model_only,K1,True,0,173,4.5127630000934005
cuda,JNU,model_only,K1,True,0,174,4.433243011590093
cuda,JNU,model_only,K1,True,0,175,4.461253003682941
cuda,JNU,model_only,K1,True,0,176,4.3778709950856864
cuda,JNU,model_only,K1,True,0,177,4.209561971947551
cuda,JNU,model_only,K1,True,0,178,4.224036994855851
cuda,JNU,model_only,K1,True,0,179,4.195716988760978
cuda,JNU,model_only,K1,True,0,180,4.205267992801964
cuda,JNU,model_only,K1,True,0,181,4.195014014840126
cuda,JNU,model_only,K1,True,0,182,4.2143629980273545
cuda,JNU,model_only,K1,True,0,183,4.184169985819608
cuda,JNU,model_only,K1,True,0,184,4.199982970021665
cuda,JNU,model_only,K1,True,0,185,4.202871001325548
cuda,JNU,model_only,K1,True,0,186,4.216264002025127
cuda,JNU,model_only,K1,True,0,187,4.20107098761946
cuda,JNU,model_only,K1,True,0,188,4.229614976793528
cuda,JNU,model_only,K1,True,0,189,4.194199049379677
cuda,JNU,model_only,K1,True,0,190,4.212209023535252
cuda,JNU,model_only,K1,True,0,191,4.18989104218781
cuda,JNU,model_only,K1,True,0,192,4.213738022372127
cuda,JNU,model_only,K1,True,0,193,4.2959710117429495
cuda,JNU,model_only,K1,True,0,194,4.214606015011668
cuda,JNU,model_only,K1,True,0,195,4.254917032085359
cuda,JNU,model_only,K1,True,0,196,4.22458496177569
cuda,JNU,model_only,K1,True,0,197,4.238074994646013
cuda,JNU,model_only,K1,True,0,198,4.178483039140701
cuda,JNU,model_only,K1,True,0,199,4.196220019366592
cuda,JNU,model_only,K1,True,0,200,4.23825002508238
cuda,JNU,model_only,K1,True,0,201,4.224585019983351
cuda,JNU,model_only,K1,True,0,202,4.198668000753969
cuda,JNU,model_only,K1,True,0,203,4.198654962237924
cuda,JNU,model_only,K1,True,0,204,4.191828018520027
cuda,JNU,model_only,K1,True,0,205,4.190445004496723
cuda,JNU,model_only,K1,True,0,206,4.200376046355814
cuda,JNU,model_only,K1,True,0,207,4.181371012236923
cuda,JNU,model_only,K1,True,0,208,4.189103026874363
cuda,JNU,model_only,K1,True,0,209,4.180997959338129
cuda,JNU,model_only,K1,True,0,210,4.1988210286945105
cuda,JNU,model_only,K1,True,0,211,4.2053229990415275
cuda,JNU,model_only,K1,True,0,212,4.1913079912774265
cuda,JNU,model_only,K1,True,0,213,4.185914003755897
cuda,JNU,model_only,K1,True,0,214,4.200375988148153
cuda,JNU,model_only,K1,True,0,215,4.211777995806187
cuda,JNU,model_only,K1,True,0,216,4.275062994565815
cuda,JNU,model_only,K1,True,0,217,4.1960630333051085
cuda,JNU,model_only,K1,True,0,218,4.20325604500249
cuda,JNU,model_only,K1,True,0,219,4.177464987151325
cuda,JNU,model_only,K1,True,0,220,4.207467020023614
cuda,JNU,model_only,K1,True,0,221,4.1969530284404755
cuda,JNU,model_only,K1,True,0,222,4.229546000715345
cuda,JNU,model_only,K1,True,0,223,4.177805036306381
cuda,JNU,model_only,K1,True,0,224,4.2046839953400195
cuda,JNU,model_only,K1,True,0,225,4.197672998998314
cuda,JNU,model_only,K1,True,0,226,4.201721982099116
cuda,JNU,model_only,K1,True,0,227,4.190437961369753
cuda,JNU,model_only,K1,True,0,228,4.165093996562064
cuda,JNU,model_only,K1,True,0,229,4.191518004518002
cuda,JNU,model_only,K1,True,0,230,4.2237089946866035
cuda,JNU,model_only,K1,True,0,231,4.227637022268027
cuda,JNU,model_only,K1,True,0,232,4.210944985970855
cuda,JNU,model_only,K1,True,0,233,4.228261008393019
cuda,JNU,model_only,K1,True,0,234,4.179063020274043
cuda,JNU,model_only,K1,True,0,235,4.21087903669104
cuda,JNU,model_only,K1,True,0,236,4.204906988888979
cuda,JNU,model_only,K1,True,0,237,4.198618000373244
cuda,JNU,model_only,K1,True,0,238,4.188508959487081
cuda,JNU,model_only,K1,True,0,239,4.197394009679556
cuda,JNU,model_only,K1,True,0,240,4.187076992820948
cuda,JNU,model_only,K1,True,0,241,4.180937015917152
cuda,JNU,model_only,K1,True,0,242,4.211598017718643
cuda,JNU,model_only,K1,True,0,243,4.184806020930409
cuda,JNU,model_only,K1,True,0,244,4.1938910144381225
cuda,JNU,model_only,K1,True,0,245,4.246633965522051
cuda,JNU,model_only,K1,True,0,246,4.276165971532464
cuda,JNU,model_only,K1,True,0,247,4.296984989196062
cuda,JNU,model_only,K1,True,0,248,4.221284994855523
cuda,JNU,model_only,K1,True,0,249,4.197893955279142
cuda,JNU,model_only,K1,True,1,0,4.233092011418194
cuda,JNU,model_only,K1,True,1,1,4.201269999612123
cuda,JNU,model_only,K1,True,1,2,4.240340960677713
cuda,JNU,model_only,K1,True,1,3,4.2036030208691955
cuda,JNU,model_only,K1,True,1,4,4.218555986881256
cuda,JNU,model_only,K1,True,1,5,4.172744986135513
cuda,JNU,model_only,K1,True,1,6,4.207774996757507
cuda,JNU,model_only,K1,True,1,7,4.203215998131782
cuda,JNU,model_only,K1,True,1,8,4.212706000544131
cuda,JNU,model_only,K1,True,1,9,4.21141303377226
cuda,JNU,model_only,K1,True,1,10,4.191662010271102
cuda,JNU,model_only,K1,True,1,11,4.205090983305126
cuda,JNU,model_only,K1,True,1,12,4.211701976601034
cuda,JNU,model_only,K1,True,1,13,4.18604095466435
cuda,JNU,model_only,K1,True,1,14,4.201242001727223
cuda,JNU,model_only,K1,True,1,15,4.171000968199223
cuda,JNU,model_only,K1,True,1,16,4.225596960168332
cuda,JNU,model_only,K1,True,1,17,4.187157959677279
cuda,JNU,model_only,K1,True,1,18,4.199242976028472
cuda,JNU,model_only,K1,True,1,19,4.166100989095867
cuda,JNU,model_only,K1,True,1,20,4.21389500843361
cuda,JNU,model_only,K1,True,1,21,4.2180310119874775
cuda,JNU,model_only,K1,True,1,22,4.222213989123702
cuda,JNU,model_only,K1,True,1,23,4.231565049849451
cuda,JNU,model_only,K1,True,1,24,4.181546973995864
cuda,JNU,model_only,K1,True,1,25,4.167734005022794
cuda,JNU,model_only,K1,True,1,26,4.1718470165506005
cuda,JNU,model_only,K1,True,1,27,4.233697021845728
cuda,JNU,model_only,K1,True,1,28,4.157900984864682
cuda,JNU,model_only,K1,True,1,29,4.18658897979185
cuda,JNU,model_only,K1,True,1,30,4.226443998049945
cuda,JNU,model_only,K1,True,1,31,4.194889974314719
cuda,JNU,model_only,K1,True,1,32,4.178072034846991
cuda,JNU,model_only,K1,True,1,33,4.194483044557273
cuda,JNU,model_only,K1,True,1,34,4.231790022458881
cuda,JNU,model_only,K1,True,1,35,4.340161045547575
cuda,JNU,model_only,K1,True,1,36,4.285667964722961
cuda,JNU,model_only,K1,True,1,37,4.273071011994034
cuda,JNU,model_only,K1,True,1,38,4.345947003457695
cuda,JNU,model_only,K1,True,1,39,4.192166030406952
cuda,JNU,model_only,K1,True,1,40,4.203688993584365
cuda,JNU,model_only,K1,True,1,41,4.21884300885722
cuda,JNU,model_only,K1,True,1,42,4.229103971738368
cuda,JNU,model_only,K1,True,1,43,4.216876986902207
cuda,JNU,model_only,K1,True,1,44,4.199565970338881
cuda,JNU,model_only,K1,True,1,45,4.182558041065931
cuda,JNU,model_only,K1,True,1,46,4.206842975690961
cuda,JNU,model_only,K1,True,1,47,4.227361001539975
cuda,JNU,model_only,K1,True,1,48,4.184968012850732
cuda,JNU,model_only,K1,True,1,49,4.197697038762271
cuda,JNU,model_only,K1,True,1,50,4.262620001100004
cuda,JNU,model_only,K1,True,1,51,4.210762970615178
cuda,JNU,model_only,K1,True,1,52,4.193126980680972
cuda,JNU,model_only,K1,True,1,53,4.206943965982646
cuda,JNU,model_only,K1,True,1,54,4.172578046564013
cuda,JNU,model_only,K1,True,1,55,4.189929983112961
cuda,JNU,model_only,K1,True,1,56,4.360261955298483
cuda,JNU,model_only,K1,True,1,57,4.421924008056521
cuda,JNU,model_only,K1,True,1,58,4.403940052725375
cuda,JNU,model_only,K1,True,1,59,4.323663015384227
cuda,JNU,model_only,K1,True,1,60,4.297478997614235
cuda,JNU,model_only,K1,True,1,61,4.2351760203018785
cuda,JNU,model_only,K1,True,1,62,4.240719950757921
cuda,JNU,model_only,K1,True,1,63,4.17396001284942
cuda,JNU,model_only,K1,True,1,64,4.188410006463528
cuda,JNU,model_only,K1,True,1,65,4.202973039355129
cuda,JNU,model_only,K1,True,1,66,4.177447990514338
cuda,JNU,model_only,K1,True,1,67,4.172047018073499
cuda,JNU,model_only,K1,True,1,68,4.194231005385518
cuda,JNU,model_only,K1,True,1,69,4.221451003104448
cuda,JNU,model_only,K1,True,1,70,4.1932539897970855
cuda,JNU,model_only,K1,True,1,71,4.206971963867545
cuda,JNU,model_only,K1,True,1,72,4.219065012875944
cuda,JNU,model_only,K1,True,1,73,4.188577993772924
cuda,JNU,model_only,K1,True,1,74,4.281442961655557
cuda,JNU,model_only,K1,True,1,75,4.242047027219087
cuda,JNU,model_only,K1,True,1,76,4.263173032086343
cuda,JNU,model_only,K1,True,1,77,4.232035018503666
cuda,JNU,model_only,K1,True,1,78,4.218847025185823
cuda,JNU,model_only,K1,True,1,79,4.19236597372219
cuda,JNU,model_only,K1,True,1,80,4.2834539781324565
cuda,JNU,model_only,K1,True,1,81,4.243255010806024
cuda,JNU,model_only,K1,True,1,82,4.210332001093775
cuda,JNU,model_only,K1,True,1,83,4.191949963569641
cuda,JNU,model_only,K1,True,1,84,4.204109020065516
cuda,JNU,model_only,K1,True,1,85,4.185981990303844
cuda,JNU,model_only,K1,True,1,86,4.208300961181521
cuda,JNU,model_only,K1,True,1,87,4.191521962638944
cuda,JNU,model_only,K1,True,1,88,4.267908982001245
cuda,JNU,model_only,K1,True,1,89,4.239266971126199
cuda,JNU,model_only,K1,True,1,90,4.208712023682892
cuda,JNU,model_only,K1,True,1,91,4.1968590230681
cuda,JNU,model_only,K1,True,1,92,4.2001279653050005
cuda,JNU,model_only,K1,True,1,93,4.194209992419928
cuda,JNU,model_only,K1,True,1,94,4.19204100035131
cuda,JNU,model_only,K1,True,1,95,4.20215999474749
cuda,JNU,model_only,K1,True,1,96,4.212506988551468
cuda,JNU,model_only,K1,True,1,97,4.241032991558313
cuda,JNU,model_only,K1,True,1,98,4.219166003167629
cuda,JNU,model_only,K1,True,1,99,4.189961007796228
cuda,JNU,model_only,K1,True,1,100,4.228453035466373
cuda,JNU,model_only,K1,True,1,101,4.31969400960952
cuda,JNU,model_only,K1,True,1,102,4.239731002599001
cuda,JNU,model_only,K1,True,1,103,4.197183006908745
cuda,JNU,model_only,K1,True,1,104,4.28561499575153
cuda,JNU,model_only,K1,True,1,105,4.185997997410595
cuda,JNU,model_only,K1,True,1,106,4.1739659500308335
cuda,JNU,model_only,K1,True,1,107,4.19481098651886
cuda,JNU,model_only,K1,True,1,108,4.190241976175457
cuda,JNU,model_only,K1,True,1,109,4.167645005509257
cuda,JNU,model_only,K1,True,1,110,4.187444981653243
cuda,JNU,model_only,K1,True,1,111,4.200173018034548
cuda,JNU,model_only,K1,True,1,112,4.182728007435799
cuda,JNU,model_only,K1,True,1,113,4.191854037344456
cuda,JNU,model_only,K1,True,1,114,4.213701002299786
cuda,JNU,model_only,K1,True,1,115,4.203947959467769
cuda,JNU,model_only,K1,True,1,116,4.194133973214775
cuda,JNU,model_only,K1,True,1,117,4.199533024802804
cuda,JNU,model_only,K1,True,1,118,4.18762001208961
cuda,JNU,model_only,K1,True,1,119,4.2014410137198865
cuda,JNU,model_only,K1,True,1,120,4.204594006296247
cuda,JNU,model_only,K1,True,1,121,4.1965830023400486
cuda,JNU,model_only,K1,True,1,122,4.21760999597609
cuda,JNU,model_only,K1,True,1,123,4.1972819599322975
cuda,JNU,model_only,K1,True,1,124,4.204997036140412
cuda,JNU,model_only,K1,True,1,125,4.200602998025715
cuda,JNU,model_only,K1,True,1,126,4.205119039397687
cuda,JNU,model_only,K1,True,1,127,4.273612983524799
cuda,JNU,model_only,K1,True,1,128,4.205151984933764
cuda,JNU,model_only,K1,True,1,129,4.183590004686266
cuda,JNU,model_only,K1,True,1,130,4.194301960524172
cuda,JNU,model_only,K1,True,1,131,4.223583033308387
cuda,JNU,model_only,K1,True,1,132,4.186140024103224
cuda,JNU,model_only,K1,True,1,133,4.223146999720484
cuda,JNU,model_only,K1,True,1,134,4.184977035038173
cuda,JNU,model_only,K1,True,1,135,4.213123000226915
cuda,JNU,model_only,K1,True,1,136,4.171297943685204
cuda,JNU,model_only,K1,True,1,137,4.204044991638511
cuda,JNU,model_only,K1,True,1,138,4.202124022413045
cuda,JNU,model_only,K1,True,1,139,4.211437015328556
cuda,JNU,model_only,K1,True,1,140,4.2082410072907805
cuda,JNU,model_only,K1,True,1,141,4.215763008687645
cuda,JNU,model_only,K1,True,1,142,4.224049975164235
cuda,JNU,model_only,K1,True,1,143,4.1953460313379765
cuda,JNU,model_only,K1,True,1,144,4.187645041383803
cuda,JNU,model_only,K1,True,1,145,4.175795998889953
cuda,JNU,model_only,K1,True,1,146,4.204366006888449
cuda,JNU,model_only,K1,True,1,147,4.229397978633642
cuda,JNU,model_only,K1,True,1,148,4.1929230210371315
cuda,JNU,model_only,K1,True,1,149,4.187960003037006
cuda,JNU,model_only,K1,True,1,150,4.20344399753958
cuda,JNU,model_only,K1,True,1,151,4.187535960227251
cuda,JNU,model_only,K1,True,1,152,4.1903709643520415
cuda,JNU,model_only,K1,True,1,153,4.206096986308694
cuda,JNU,model_only,K1,True,1,154,4.1941870003938675
cuda,JNU,model_only,K1,True,1,155,4.183007054962218
cuda,JNU,model_only,K1,True,1,156,4.201925010420382
cuda,JNU,model_only,K1,True,1,157,4.695910960435867
cuda,JNU,model_only,K1,True,1,158,5.168147967197001
cuda,JNU,model_only,K1,True,1,159,4.741021024528891
cuda,JNU,model_only,K1,True,1,160,4.648854024708271
cuda,JNU,model_only,K1,True,1,161,4.560089961159974
cuda,JNU,model_only,K1,True,1,162,4.547125019598752
cuda,JNU,model_only,K1,True,1,163,4.5179990120232105
cuda,JNU,model_only,K1,True,1,164,4.441681026946753
cuda,JNU,model_only,K1,True,1,165,4.490683029871434
cuda,JNU,model_only,K1,True,1,166,4.597504041157663
cuda,JNU,model_only,K1,True,1,167,4.456092021428049
cuda,JNU,model_only,K1,True,1,168,4.258971021044999
cuda,JNU,model_only,K1,True,1,169,4.226332006510347
cuda,JNU,model_only,K1,True,1,170,4.213095991872251
cuda,JNU,model_only,K1,True,1,171,4.209939041174948
cuda,JNU,model_only,K1,True,1,172,4.201098985504359
cuda,JNU,model_only,K1,True,1,173,4.184379999060184
cuda,JNU,model_only,K1,True,1,174,4.199665039777756
cuda,JNU,model_only,K1,True,1,175,4.200458992272615
cuda,JNU,model_only,K1,True,1,176,4.184239020105451
cuda,JNU,model_only,K1,True,1,177,4.202494979836047
cuda,JNU,model_only,K1,True,1,178,4.214299959130585
cuda,JNU,model_only,K1,True,1,179,4.204735043458641
cuda,JNU,model_only,K1,True,1,180,4.33420401532203
cuda,JNU,model_only,K1,True,1,181,4.22052398789674
cuda,JNU,model_only,K1,True,1,182,4.259810957591981
cuda,JNU,model_only,K1,True,1,183,4.23931801924482
cuda,JNU,model_only,K1,True,1,184,4.242194991093129
cuda,JNU,model_only,K1,True,1,185,4.206876968964934
cuda,JNU,model_only,K1,True,1,186,4.199351009447128
cuda,JNU,model_only,K1,True,1,187,4.200708004646003
cuda,JNU,model_only,K1,True,1,188,4.311245051212609
cuda,JNU,model_only,K1,True,1,189,4.201980016659945
cuda,JNU,model_only,K1,True,1,190,4.1807760135270655
cuda,JNU,model_only,K1,True,1,191,4.239776986651123
cuda,JNU,model_only,K1,True,1,192,4.3168970150873065
cuda,JNU,model_only,K1,True,1,193,4.205991979688406
cuda,JNU,model_only,K1,True,1,194,4.179821989964694
cuda,JNU,model_only,K1,True,1,195,4.208914004266262
cuda,JNU,model_only,K1,True,1,196,4.204980970826
cuda,JNU,model_only,K1,True,1,197,4.20551496790722
cuda,JNU,model_only,K1,True,1,198,4.190840991213918
cuda,JNU,model_only,K1,True,1,199,4.201108997222036
cuda,JNU,model_only,K1,True,1,200,4.21254598768428
cuda,JNU,model_only,K1,True,1,201,4.186735022813082
cuda,JNU,model_only,K1,True,1,202,4.201523959636688
cuda,JNU,model_only,K1,True,1,203,4.223194962833077
cuda,JNU,model_only,K1,True,1,204,4.201458999887109
cuda,JNU,model_only,K1,True,1,205,4.1991210309788585
cuda,JNU,model_only,K1,True,1,206,4.202968964818865
cuda,JNU,model_only,K1,True,1,207,4.208318016026169
cuda,JNU,model_only,K1,True,1,208,4.186238977126777
cuda,JNU,model_only,K1,True,1,209,4.188244987744838
cuda,JNU,model_only,K1,True,1,210,4.205079982057214
cuda,JNU,model_only,K1,True,1,211,4.266663047019392
cuda,JNU,model_only,K1,True,1,212,4.189689992927015
cuda,JNU,model_only,K1,True,1,213,4.193587985355407
cuda,JNU,model_only,K1,True,1,214,4.212302039377391
cuda,JNU,model_only,K1,True,1,215,4.20063897036016
cuda,JNU,model_only,K1,True,1,216,4.209681006614119
cuda,JNU,model_only,K1,True,1,217,4.189174040220678
cuda,JNU,model_only,K1,True,1,218,4.204279975965619
cuda,JNU,model_only,K1,True,1,219,4.1951610473915935
cuda,JNU,model_only,K1,True,1,220,4.201653995551169
cuda,JNU,model_only,K1,True,1,221,4.201196017675102
cuda,JNU,model_only,K1,True,1,222,4.174033005256206
cuda,JNU,model_only,K1,True,1,223,4.197470028884709
cuda,JNU,model_only,K1,True,1,224,4.2046509915962815
cuda,JNU,model_only,K1,True,1,225,4.182819975540042
cuda,JNU,model_only,K1,True,1,226,4.21621702844277
cuda,JNU,model_only,K1,True,1,227,4.186895035672933
cuda,JNU,model_only,K1,True,1,228,4.194126988295466
cuda,JNU,model_only,K1,True,1,229,4.225957032758743
cuda,JNU,model_only,K1,True,1,230,4.193758999463171
cuda,JNU,model_only,K1,True,1,231,4.227695986628532
cuda,JNU,model_only,K1,True,1,232,4.205778008326888
cuda,JNU,model_only,K1,True,1,233,4.213509033434093
cuda,JNU,model_only,K1,True,1,234,4.1950870072469115
cuda,JNU,model_only,K1,True,1,235,4.204413038678467
cuda,JNU,model_only,K1,True,1,236,4.2086809989996254
cuda,JNU,model_only,K1,True,1,237,4.244787967763841
cuda,JNU,model_only,K1,True,1,238,4.195216984953731
cuda,JNU,model_only,K1,True,1,239,4.232145030982792
cuda,JNU,model_only,K1,True,1,240,4.201397008728236
cuda,JNU,model_only,K1,True,1,241,4.1982990223914385
cuda,JNU,model_only,K1,True,1,242,4.193275002762675
cuda,JNU,model_only,K1,True,1,243,4.191337968222797
cuda,JNU,model_only,K1,True,1,244,4.207123012747616
cuda,JNU,model_only,K1,True,1,245,4.1964350384660065
cuda,JNU,model_only,K1,True,1,246,4.196399007923901
cuda,JNU,model_only,K1,True,1,247,4.207889025565237
cuda,JNU,model_only,K1,True,1,248,4.195901041384786
cuda,JNU,model_only,K1,True,1,249,4.2025610455311835
cuda,JNU,model_only,Full-S1,True,1,0,7.91362498421222
cuda,JNU,model_only,Full-S1,True,1,1,7.796442019753158
cuda,JNU,model_only,Full-S1,True,1,2,7.774186960887164
cuda,JNU,model_only,Full-S1,True,1,3,7.778179016895592
cuda,JNU,model_only,Full-S1,True,1,4,7.7741260174661875
cuda,JNU,model_only,Full-S1,True,1,5,7.837429991923273
cuda,JNU,model_only,Full-S1,True,1,6,7.78864900348708
cuda,JNU,model_only,Full-S1,True,1,7,7.828434987459332
cuda,JNU,model_only,Full-S1,True,1,8,7.770332973450422
cuda,JNU,model_only,Full-S1,True,1,9,7.821793959010392
cuda,JNU,model_only,Full-S1,True,1,10,7.768417010083795
cuda,JNU,model_only,Full-S1,True,1,11,7.7795860124751925
cuda,JNU,model_only,Full-S1,True,1,12,7.76693900115788
cuda,JNU,model_only,Full-S1,True,1,13,7.745244016405195
cuda,JNU,model_only,Full-S1,True,1,14,7.7579389908351
cuda,JNU,model_only,Full-S1,True,1,15,7.800385996233672
cuda,JNU,model_only,Full-S1,True,1,16,7.77685601497069
cuda,JNU,model_only,Full-S1,True,1,17,7.7696000225842
cuda,JNU,model_only,Full-S1,True,1,18,7.78373796492815
cuda,JNU,model_only,Full-S1,True,1,19,7.786358997691423
cuda,JNU,model_only,Full-S1,True,1,20,7.857365999370813
cuda,JNU,model_only,Full-S1,True,1,21,7.763681001961231
cuda,JNU,model_only,Full-S1,True,1,22,7.776361017022282
cuda,JNU,model_only,Full-S1,True,1,23,8.184377977158874
cuda,JNU,model_only,Full-S1,True,1,24,8.079681952949613
cuda,JNU,model_only,Full-S1,True,1,25,7.945829012896866
cuda,JNU,model_only,Full-S1,True,1,26,7.8243850148282945
cuda,JNU,model_only,Full-S1,True,1,27,7.763534027617425
cuda,JNU,model_only,Full-S1,True,1,28,7.800363993737847
cuda,JNU,model_only,Full-S1,True,1,29,7.7616070047952235
cuda,JNU,model_only,Full-S1,True,1,30,7.777247985359281
cuda,JNU,model_only,Full-S1,True,1,31,7.777011021971703
cuda,JNU,model_only,Full-S1,True,1,32,7.783753972034901
cuda,JNU,model_only,Full-S1,True,1,33,7.773811987135559
cuda,JNU,model_only,Full-S1,True,1,34,7.809147005900741
cuda,JNU,model_only,Full-S1,True,1,35,7.785143970977515
cuda,JNU,model_only,Full-S1,True,1,36,7.883182028308511
cuda,JNU,model_only,Full-S1,True,1,37,7.799708982929587
cuda,JNU,model_only,Full-S1,True,1,38,7.823933032341301
cuda,JNU,model_only,Full-S1,True,1,39,7.765803020447493
cuda,JNU,model_only,Full-S1,True,1,40,7.7631339663639665
cuda,JNU,model_only,Full-S1,True,1,41,7.758527994155884
cuda,JNU,model_only,Full-S1,True,1,42,7.794585020747036
cuda,JNU,model_only,Full-S1,True,1,43,7.79985700501129
cuda,JNU,model_only,Full-S1,True,1,44,7.781954947859049
cuda,JNU,model_only,Full-S1,True,1,45,7.820051978342235
cuda,JNU,model_only,Full-S1,True,1,46,7.754708989523351
cuda,JNU,model_only,Full-S1,True,1,47,7.814802986104041
cuda,JNU,model_only,Full-S1,True,1,48,7.826154003851116
cuda,JNU,model_only,Full-S1,True,1,49,7.9180320026353
cuda,JNU,model_only,Full-S1,True,1,50,7.775956008117646
cuda,JNU,model_only,Full-S1,True,1,51,7.798145001288503
cuda,JNU,model_only,Full-S1,True,1,52,7.738186977803707
cuda,JNU,model_only,Full-S1,True,1,53,7.772188982926309
cuda,JNU,model_only,Full-S1,True,1,54,7.739080989267677
cuda,JNU,model_only,Full-S1,True,1,55,7.779790030326694
cuda,JNU,model_only,Full-S1,True,1,56,7.746424991637468
cuda,JNU,model_only,Full-S1,True,1,57,7.815467019099742
cuda,JNU,model_only,Full-S1,True,1,58,7.805763045325875
cuda,JNU,model_only,Full-S1,True,1,59,7.783740002196282
cuda,JNU,model_only,Full-S1,True,1,60,7.750887016300112
cuda,JNU,model_only,Full-S1,True,1,61,7.7711739577353
cuda,JNU,model_only,Full-S1,True,1,62,7.761964981909841
cuda,JNU,model_only,Full-S1,True,1,63,7.782368978951126
cuda,JNU,model_only,Full-S1,True,1,64,7.774439000058919
cuda,JNU,model_only,Full-S1,True,1,65,7.8340189647860825
cuda,JNU,model_only,Full-S1,True,1,66,7.7697900123894215
cuda,JNU,model_only,Full-S1,True,1,67,7.793219992890954
cuda,JNU,model_only,Full-S1,True,1,68,7.7633989858441055
cuda,JNU,model_only,Full-S1,True,1,69,7.84978101728484
cuda,JNU,model_only,Full-S1,True,1,70,7.757523038890213
cuda,JNU,model_only,Full-S1,True,1,71,7.7992380247451365
cuda,JNU,model_only,Full-S1,True,1,72,7.836823002435267
cuda,JNU,model_only,Full-S1,True,1,73,7.774855999741703
cuda,JNU,model_only,Full-S1,True,1,74,7.784037035889924
cuda,JNU,model_only,Full-S1,True,1,75,7.778975996188819
cuda,JNU,model_only,Full-S1,True,1,76,7.764173962641507
cuda,JNU,model_only,Full-S1,True,1,77,7.926548016257584
cuda,JNU,model_only,Full-S1,True,1,78,8.161108009517193
cuda,JNU,model_only,Full-S1,True,1,79,7.831932976841927
cuda,JNU,model_only,Full-S1,True,1,80,7.812908967025578
cuda,JNU,model_only,Full-S1,True,1,81,7.8023759997449815
cuda,JNU,model_only,Full-S1,True,1,82,7.869348046369851
cuda,JNU,model_only,Full-S1,True,1,83,7.782250992022455
cuda,JNU,model_only,Full-S1,True,1,84,7.793889031745493
cuda,JNU,model_only,Full-S1,True,1,85,7.75742600671947
cuda,JNU,model_only,Full-S1,True,1,86,7.762754976283759
cuda,JNU,model_only,Full-S1,True,1,87,7.751210010610521
cuda,JNU,model_only,Full-S1,True,1,88,7.767789997160435
cuda,JNU,model_only,Full-S1,True,1,89,7.753635989502072
cuda,JNU,model_only,Full-S1,True,1,90,7.913267996627837
cuda,JNU,model_only,Full-S1,True,1,91,7.8420949866995215
cuda,JNU,model_only,Full-S1,True,1,92,7.816156023181975
cuda,JNU,model_only,Full-S1,True,1,93,7.783787965308875
cuda,JNU,model_only,Full-S1,True,1,94,7.822163985110819
cuda,JNU,model_only,Full-S1,True,1,95,7.782839005813003
cuda,JNU,model_only,Full-S1,True,1,96,7.7553350129164755
cuda,JNU,model_only,Full-S1,True,1,97,7.812494004610926
cuda,JNU,model_only,Full-S1,True,1,98,7.753558980766684
cuda,JNU,model_only,Full-S1,True,1,99,7.741382985841483
cuda,JNU,model_only,Full-S1,True,1,100,7.782448956277221
cuda,JNU,model_only,Full-S1,True,1,101,7.774999015964568
cuda,JNU,model_only,Full-S1,True,1,102,7.80163099989295
cuda,JNU,model_only,Full-S1,True,1,103,7.761550019495189
cuda,JNU,model_only,Full-S1,True,1,104,7.769220042973757
cuda,JNU,model_only,Full-S1,True,1,105,7.790425966959447
cuda,JNU,model_only,Full-S1,True,1,106,7.774614030495286
cuda,JNU,model_only,Full-S1,True,1,107,7.8138880198821425
cuda,JNU,model_only,Full-S1,True,1,108,7.777244027238339
cuda,JNU,model_only,Full-S1,True,1,109,7.802232983522117
cuda,JNU,model_only,Full-S1,True,1,110,7.7482350170612335
cuda,JNU,model_only,Full-S1,True,1,111,7.797255995683372
cuda,JNU,model_only,Full-S1,True,1,112,7.760656997561455
cuda,JNU,model_only,Full-S1,True,1,113,7.771786011289805
cuda,JNU,model_only,Full-S1,True,1,114,7.768585986923426
cuda,JNU,model_only,Full-S1,True,1,115,7.768278999719769
cuda,JNU,model_only,Full-S1,True,1,116,7.761852990370244
cuda,JNU,model_only,Full-S1,True,1,117,7.792743970640004
cuda,JNU,model_only,Full-S1,True,1,118,7.774937024805695
cuda,JNU,model_only,Full-S1,True,1,119,7.829617999959737
cuda,JNU,model_only,Full-S1,True,1,120,7.759311003610492
cuda,JNU,model_only,Full-S1,True,1,121,7.808123016729951
cuda,JNU,model_only,Full-S1,True,1,122,7.798661012202501
cuda,JNU,model_only,Full-S1,True,1,123,7.784236979205161
cuda,JNU,model_only,Full-S1,True,1,124,7.804477005265653
cuda,JNU,model_only,Full-S1,True,1,125,7.767647970467806
cuda,JNU,model_only,Full-S1,True,1,126,7.771116972435266
cuda,JNU,model_only,Full-S1,True,1,127,7.776990998536348
cuda,JNU,model_only,Full-S1,True,1,128,7.7798209968023
cuda,JNU,model_only,Full-S1,True,1,129,7.7626260463148355
cuda,JNU,model_only,Full-S1,True,1,130,7.771036005578935
cuda,JNU,model_only,Full-S1,True,1,131,7.788411981891841
cuda,JNU,model_only,Full-S1,True,1,132,7.805762987118214
cuda,JNU,model_only,Full-S1,True,1,133,7.932943990454078
cuda,JNU,model_only,Full-S1,True,1,134,8.04949301527813
cuda,JNU,model_only,Full-S1,True,1,135,7.836441975086927
cuda,JNU,model_only,Full-S1,True,1,136,7.779809995554388
cuda,JNU,model_only,Full-S1,True,1,137,7.795985962729901
cuda,JNU,model_only,Full-S1,True,1,138,7.757247018162161
cuda,JNU,model_only,Full-S1,True,1,139,7.766492024529725
cuda,JNU,model_only,Full-S1,True,1,140,7.785280991811305
cuda,JNU,model_only,Full-S1,True,1,141,7.8054359764792025
cuda,JNU,model_only,Full-S1,True,1,142,7.759319036267698
cuda,JNU,model_only,Full-S1,True,1,143,7.788708957377821
cuda,JNU,model_only,Full-S1,True,1,144,7.762295019347221
cuda,JNU,model_only,Full-S1,True,1,145,7.761166954878718
cuda,JNU,model_only,Full-S1,True,1,146,7.810122042428702
cuda,JNU,model_only,Full-S1,True,1,147,7.827257039025426
cuda,JNU,model_only,Full-S1,True,1,148,7.809955044649541
cuda,JNU,model_only,Full-S1,True,1,149,7.754932972602546
cuda,JNU,model_only,Full-S1,True,1,150,7.782233995385468
cuda,JNU,model_only,Full-S1,True,1,151,8.110444992780685
cuda,JNU,model_only,Full-S1,True,1,152,8.093839976936579
cuda,JNU,model_only,Full-S1,True,1,153,7.865080959163606
cuda,JNU,model_only,Full-S1,True,1,154,7.891584013123065
cuda,JNU,model_only,Full-S1,True,1,155,7.761829998344183
cuda,JNU,model_only,Full-S1,True,1,156,7.78898096177727
cuda,JNU,model_only,Full-S1,True,1,157,7.775867008604109
cuda,JNU,model_only,Full-S1,True,1,158,7.761654036585242
cuda,JNU,model_only,Full-S1,True,1,159,7.787489972542971
cuda,JNU,model_only,Full-S1,True,1,160,7.790513976942748
cuda,JNU,model_only,Full-S1,True,1,161,7.737157982774079
cuda,JNU,model_only,Full-S1,True,1,162,7.770781987346709
cuda,JNU,model_only,Full-S1,True,1,163,7.79305404284969
cuda,JNU,model_only,Full-S1,True,1,164,7.871480018366128
cuda,JNU,model_only,Full-S1,True,1,165,7.897200004663318
cuda,JNU,model_only,Full-S1,True,1,166,7.747813011519611
cuda,JNU,model_only,Full-S1,True,1,167,7.776938029564917
cuda,JNU,model_only,Full-S1,True,1,168,7.784630986861885
cuda,JNU,model_only,Full-S1,True,1,169,7.8116789809428155
cuda,JNU,model_only,Full-S1,True,1,170,7.736861007288098
cuda,JNU,model_only,Full-S1,True,1,171,7.784221961628646
cuda,JNU,model_only,Full-S1,True,1,172,7.7572339796461165
cuda,JNU,model_only,Full-S1,True,1,173,7.801735016983002
cuda,JNU,model_only,Full-S1,True,1,174,7.79946701368317
cuda,JNU,model_only,Full-S1,True,1,175,7.804771012160927
cuda,JNU,model_only,Full-S1,True,1,176,7.845279003959149
cuda,JNU,model_only,Full-S1,True,1,177,7.872574962675571
cuda,JNU,model_only,Full-S1,True,1,178,7.785577967297286
cuda,JNU,model_only,Full-S1,True,1,179,7.902145036496222
cuda,JNU,model_only,Full-S1,True,1,180,7.807583024259657
cuda,JNU,model_only,Full-S1,True,1,181,7.807301008142531
cuda,JNU,model_only,Full-S1,True,1,182,7.804875029250979
cuda,JNU,model_only,Full-S1,True,1,183,7.769947987981141
cuda,JNU,model_only,Full-S1,True,1,184,7.76820199098438
cuda,JNU,model_only,Full-S1,True,1,185,7.789299008436501
cuda,JNU,model_only,Full-S1,True,1,186,7.75927200447768
cuda,JNU,model_only,Full-S1,True,1,187,7.7635119669139385
cuda,JNU,model_only,Full-S1,True,1,188,7.781520020216703
cuda,JNU,model_only,Full-S1,True,1,189,7.791523006744683
cuda,JNU,model_only,Full-S1,True,1,190,7.757067040074617
cuda,JNU,model_only,Full-S1,True,1,191,7.748636999167502
cuda,JNU,model_only,Full-S1,True,1,192,7.76316603878513
cuda,JNU,model_only,Full-S1,True,1,193,7.868553977459669
cuda,JNU,model_only,Full-S1,True,1,194,7.772071985527873
cuda,JNU,model_only,Full-S1,True,1,195,8.164447965100408
cuda,JNU,model_only,Full-S1,True,1,196,7.825704000424594
cuda,JNU,model_only,Full-S1,True,1,197,7.870368019212037
cuda,JNU,model_only,Full-S1,True,1,198,7.804361986927688
cuda,JNU,model_only,Full-S1,True,1,199,7.771730946842581
cuda,JNU,model_only,Full-S1,True,1,200,7.772306969854981
cuda,JNU,model_only,Full-S1,True,1,201,7.772091019432992
cuda,JNU,model_only,Full-S1,True,1,202,7.779930019751191
cuda,JNU,model_only,Full-S1,True,1,203,7.769501011352986
cuda,JNU,model_only,Full-S1,True,1,204,7.749819953460246
cuda,JNU,model_only,Full-S1,True,1,205,7.954803004395217
cuda,JNU,model_only,Full-S1,True,1,206,7.964490971062332
cuda,JNU,model_only,Full-S1,True,1,207,7.870900968555361
cuda,JNU,model_only,Full-S1,True,1,208,7.7931100386194885
cuda,JNU,model_only,Full-S1,True,1,209,7.786378962919116
cuda,JNU,model_only,Full-S1,True,1,210,7.785213005263358
cuda,JNU,model_only,Full-S1,True,1,211,7.767302973661572
cuda,JNU,model_only,Full-S1,True,1,212,7.794078963343054
cuda,JNU,model_only,Full-S1,True,1,213,7.773285964503884
cuda,JNU,model_only,Full-S1,True,1,214,7.786313013639301
cuda,JNU,model_only,Full-S1,True,1,215,7.75349501054734
cuda,JNU,model_only,Full-S1,True,1,216,7.763311034068465
cuda,JNU,model_only,Full-S1,True,1,217,7.761343033052981
cuda,JNU,model_only,Full-S1,True,1,218,7.808679947629571
cuda,JNU,model_only,Full-S1,True,1,219,7.79069698182866
cuda,JNU,model_only,Full-S1,True,1,220,7.800819992553443
cuda,JNU,model_only,Full-S1,True,1,221,7.753940997645259
cuda,JNU,model_only,Full-S1,True,1,222,7.7604500111192465
cuda,JNU,model_only,Full-S1,True,1,223,7.852212991565466
cuda,JNU,model_only,Full-S1,True,1,224,7.769351999741048
cuda,JNU,model_only,Full-S1,True,1,225,7.7924400102347136
cuda,JNU,model_only,Full-S1,True,1,226,7.768758980091661
cuda,JNU,model_only,Full-S1,True,1,227,7.828017987776548
cuda,JNU,model_only,Full-S1,True,1,228,7.780371000990272
cuda,JNU,model_only,Full-S1,True,1,229,7.765438000205904
cuda,JNU,model_only,Full-S1,True,1,230,7.766498951241374
cuda,JNU,model_only,Full-S1,True,1,231,7.765985967125744
cuda,JNU,model_only,Full-S1,True,1,232,7.761622022371739
cuda,JNU,model_only,Full-S1,True,1,233,7.777491002343595
cuda,JNU,model_only,Full-S1,True,1,234,7.76393199339509
cuda,JNU,model_only,Full-S1,True,1,235,7.870799978263676
cuda,JNU,model_only,Full-S1,True,1,236,7.773955003358424
cuda,JNU,model_only,Full-S1,True,1,237,7.782086962834001
cuda,JNU,model_only,Full-S1,True,1,238,7.763900968711823
cuda,JNU,model_only,Full-S1,True,1,239,7.788542017806321
cuda,JNU,model_only,Full-S1,True,1,240,7.751855009701103
cuda,JNU,model_only,Full-S1,True,1,241,7.770222029648721
cuda,JNU,model_only,Full-S1,True,1,242,7.736443949397653
cuda,JNU,model_only,Full-S1,True,1,243,7.78689602157101
cuda,JNU,model_only,Full-S1,True,1,244,7.7823870233260095
cuda,JNU,model_only,Full-S1,True,1,245,7.8052839962765574
cuda,JNU,model_only,Full-S1,True,1,246,7.820297032594681
cuda,JNU,model_only,Full-S1,True,1,247,7.788472983520478
cuda,JNU,model_only,Full-S1,True,1,248,7.77278799796477
cuda,JNU,model_only,Full-S1,True,1,249,7.779754989314824
cuda,JNU,model_only,Full-S1,True,2,0,7.8017030027695
cuda,JNU,model_only,Full-S1,True,2,1,7.786150963511318
cuda,JNU,model_only,Full-S1,True,2,2,7.775964972097427
cuda,JNU,model_only,Full-S1,True,2,3,7.775679987389594
cuda,JNU,model_only,Full-S1,True,2,4,7.785784953739494
cuda,JNU,model_only,Full-S1,True,2,5,7.798109028954059
cuda,JNU,model_only,Full-S1,True,2,6,7.852900016587228
cuda,JNU,model_only,Full-S1,True,2,7,7.790989009663463
cuda,JNU,model_only,Full-S1,True,2,8,7.780637999530882
cuda,JNU,model_only,Full-S1,True,2,9,7.761629996821284
cuda,JNU,model_only,Full-S1,True,2,10,7.760982029139996
cuda,JNU,model_only,Full-S1,True,2,11,7.839821046218276
cuda,JNU,model_only,Full-S1,True,2,12,7.765687012579292
cuda,JNU,model_only,Full-S1,True,2,13,7.75535503635183
cuda,JNU,model_only,Full-S1,True,2,14,7.816378027200699
cuda,JNU,model_only,Full-S1,True,2,15,7.786442001815885
cuda,JNU,model_only,Full-S1,True,2,16,7.830785005353391
cuda,JNU,model_only,Full-S1,True,2,17,7.937658985611051
cuda,JNU,model_only,Full-S1,True,2,18,7.794409990310669
cuda,JNU,model_only,Full-S1,True,2,19,7.768955023493618
cuda,JNU,model_only,Full-S1,True,2,20,7.765504997223616
cuda,JNU,model_only,Full-S1,True,2,21,7.780100044328719
cuda,JNU,model_only,Full-S1,True,2,22,7.812441035639495
cuda,JNU,model_only,Full-S1,True,2,23,7.778708997648209
cuda,JNU,model_only,Full-S1,True,2,24,7.7584010432474315
cuda,JNU,model_only,Full-S1,True,2,25,7.779833045788109
cuda,JNU,model_only,Full-S1,True,2,26,7.794779958203435
cuda,JNU,model_only,Full-S1,True,2,27,7.76917499024421
cuda,JNU,model_only,Full-S1,True,2,28,7.75075500132516
cuda,JNU,model_only,Full-S1,True,2,29,7.952086976729333
cuda,JNU,model_only,Full-S1,True,2,30,7.933975022751838
cuda,JNU,model_only,Full-S1,True,2,31,7.871826994232833
cuda,JNU,model_only,Full-S1,True,2,32,7.928535982500762
cuda,JNU,model_only,Full-S1,True,2,33,7.793629018124193
cuda,JNU,model_only,Full-S1,True,2,34,7.849490037187934
cuda,JNU,model_only,Full-S1,True,2,35,7.802781008649617
cuda,JNU,model_only,Full-S1,True,2,36,7.75709399022162
cuda,JNU,model_only,Full-S1,True,2,37,7.7556289616040885
cuda,JNU,model_only,Full-S1,True,2,38,7.778424012940377
cuda,JNU,model_only,Full-S1,True,2,39,7.814095995854586
cuda,JNU,model_only,Full-S1,True,2,40,7.770402007736266
cuda,JNU,model_only,Full-S1,True,2,41,7.762702996842563
cuda,JNU,model_only,Full-S1,True,2,42,7.826288987416774
cuda,JNU,model_only,Full-S1,True,2,43,7.848582987207919
cuda,JNU,model_only,Full-S1,True,2,44,7.751125027425587
cuda,JNU,model_only,Full-S1,True,2,45,7.788320013787597
cuda,JNU,model_only,Full-S1,True,2,46,7.764219015371054
cuda,JNU,model_only,Full-S1,True,2,47,7.763785019051284
cuda,JNU,model_only,Full-S1,True,2,48,7.742168032564223
cuda,JNU,model_only,Full-S1,True,2,49,7.767845003399998
cuda,JNU,model_only,Full-S1,True,2,50,7.763397006783634
cuda,JNU,model_only,Full-S1,True,2,51,7.79285398311913
cuda,JNU,model_only,Full-S1,True,2,52,7.831202994566411
cuda,JNU,model_only,Full-S1,True,2,53,7.799999031703919
cuda,JNU,model_only,Full-S1,True,2,54,7.808452006429434
cuda,JNU,model_only,Full-S1,True,2,55,7.886495033744723
cuda,JNU,model_only,Full-S1,True,2,56,7.796301972121
cuda,JNU,model_only,Full-S1,True,2,57,7.778508996125311
cuda,JNU,model_only,Full-S1,True,2,58,7.770831987727433
cuda,JNU,model_only,Full-S1,True,2,59,7.854221039451659
cuda,JNU,model_only,Full-S1,True,2,60,7.815142045728862
cuda,JNU,model_only,Full-S1,True,2,61,7.848873035982251
cuda,JNU,model_only,Full-S1,True,2,62,7.783382956404239
cuda,JNU,model_only,Full-S1,True,2,63,7.830392045434564
cuda,JNU,model_only,Full-S1,True,2,64,7.784814981278032
cuda,JNU,model_only,Full-S1,True,2,65,7.782296044752002
cuda,JNU,model_only,Full-S1,True,2,66,7.778710045386106
cuda,JNU,model_only,Full-S1,True,2,67,7.80635402770713
cuda,JNU,model_only,Full-S1,True,2,68,7.773735967930406
cuda,JNU,model_only,Full-S1,True,2,69,7.763517030980438
cuda,JNU,model_only,Full-S1,True,2,70,7.775171019602567
cuda,JNU,model_only,Full-S1,True,2,71,7.783805951476097
cuda,JNU,model_only,Full-S1,True,2,72,7.871943002101034
cuda,JNU,model_only,Full-S1,True,2,73,7.8117550001479685
cuda,JNU,model_only,Full-S1,True,2,74,7.802847016137093
cuda,JNU,model_only,Full-S1,True,2,75,7.802457024808973
cuda,JNU,model_only,Full-S1,True,2,76,7.775463978759944
cuda,JNU,model_only,Full-S1,True,2,77,7.758026011288166
cuda,JNU,model_only,Full-S1,True,2,78,7.771377044264227
cuda,JNU,model_only,Full-S1,True,2,79,7.770853000693023
cuda,JNU,model_only,Full-S1,True,2,80,7.77951895724982
cuda,JNU,model_only,Full-S1,True,2,81,7.7701709815301
cuda,JNU,model_only,Full-S1,True,2,82,7.75889097712934
cuda,JNU,model_only,Full-S1,True,2,83,7.786595961079001
cuda,JNU,model_only,Full-S1,True,2,84,8.295713982079178
cuda,JNU,model_only,Full-S1,True,2,85,8.279904024675488
cuda,JNU,model_only,Full-S1,True,2,86,8.189025043975562
cuda,JNU,model_only,Full-S1,True,2,87,7.854149036575109
cuda,JNU,model_only,Full-S1,True,2,88,7.7869759988971055
cuda,JNU,model_only,Full-S1,True,2,89,7.804283988662064
cuda,JNU,model_only,Full-S1,True,2,90,7.788155984599143
cuda,JNU,model_only,Full-S1,True,2,91,7.793756027240306
cuda,JNU,model_only,Full-S1,True,2,92,7.805453962646425
cuda,JNU,model_only,Full-S1,True,2,93,7.746819988824427
cuda,JNU,model_only,Full-S1,True,2,94,7.76999699883163
cuda,JNU,model_only,Full-S1,True,2,95,7.77883903356269
cuda,JNU,model_only,Full-S1,True,2,96,7.820652041118592
cuda,JNU,model_only,Full-S1,True,2,97,7.8168719774112105
cuda,JNU,model_only,Full-S1,True,2,98,7.8254310064949095
cuda,JNU,model_only,Full-S1,True,2,99,7.784954970702529
cuda,JNU,model_only,Full-S1,True,2,100,7.845891988836229
cuda,JNU,model_only,Full-S1,True,2,101,7.900602009613067
cuda,JNU,model_only,Full-S1,True,2,102,7.818409998435527
cuda,JNU,model_only,Full-S1,True,2,103,7.769201009068638
cuda,JNU,model_only,Full-S1,True,2,104,7.8261810122057796
cuda,JNU,model_only,Full-S1,True,2,105,7.775915029924363
cuda,JNU,model_only,Full-S1,True,2,106,7.751558965537697
cuda,JNU,model_only,Full-S1,True,2,107,7.757028972264379
cuda,JNU,model_only,Full-S1,True,2,108,7.788375020027161
cuda,JNU,model_only,Full-S1,True,2,109,7.779853011015803
cuda,JNU,model_only,Full-S1,True,2,110,7.775815960485488
cuda,JNU,model_only,Full-S1,True,2,111,7.761055952869356
cuda,JNU,model_only,Full-S1,True,2,112,7.746935996692628
cuda,JNU,model_only,Full-S1,True,2,113,7.829068985302001
cuda,JNU,model_only,Full-S1,True,2,114,7.8713130205869675
cuda,JNU,model_only,Full-S1,True,2,115,7.813694013748318
cuda,JNU,model_only,Full-S1,True,2,116,7.788279966916889
cuda,JNU,model_only,Full-S1,True,2,117,7.798345992341638
cuda,JNU,model_only,Full-S1,True,2,118,7.7724800212308764
cuda,JNU,model_only,Full-S1,True,2,119,7.7870519598945975
cuda,JNU,model_only,Full-S1,True,2,120,7.768017996568233
cuda,JNU,model_only,Full-S1,True,2,121,7.780657964758575
cuda,JNU,model_only,Full-S1,True,2,122,7.761136977933347
cuda,JNU,model_only,Full-S1,True,2,123,7.808847003616393
cuda,JNU,model_only,Full-S1,True,2,124,7.7805930050089955
cuda,JNU,model_only,Full-S1,True,2,125,7.784099027048796
cuda,JNU,model_only,Full-S1,True,2,126,7.765237998683006
cuda,JNU,model_only,Full-S1,True,2,127,7.773017976433039
cuda,JNU,model_only,Full-S1,True,2,128,7.780792017001659
cuda,JNU,model_only,Full-S1,True,2,129,7.887028972618282
cuda,JNU,model_only,Full-S1,True,2,130,7.778857951052487
cuda,JNU,model_only,Full-S1,True,2,131,7.825160049833357
cuda,JNU,model_only,Full-S1,True,2,132,7.761727960314602
cuda,JNU,model_only,Full-S1,True,2,133,7.791039999574423
cuda,JNU,model_only,Full-S1,True,2,134,7.776746002491564
cuda,JNU,model_only,Full-S1,True,2,135,7.776789017952979
cuda,JNU,model_only,Full-S1,True,2,136,7.768557989038527
cuda,JNU,model_only,Full-S1,True,2,137,7.8722829930484295
cuda,JNU,model_only,Full-S1,True,2,138,7.781958964187652
cuda,JNU,model_only,Full-S1,True,2,139,7.85650999750942
cuda,JNU,model_only,Full-S1,True,2,140,7.900980010163039
cuda,JNU,model_only,Full-S1,True,2,141,7.787045964505523
cuda,JNU,model_only,Full-S1,True,2,142,7.786043977830559
cuda,JNU,model_only,Full-S1,True,2,143,7.759498956147581
cuda,JNU,model_only,Full-S1,True,2,144,7.805136032402515
cuda,JNU,model_only,Full-S1,True,2,145,7.7938929898664355
cuda,JNU,model_only,Full-S1,True,2,146,8.034598955418915
cuda,JNU,model_only,Full-S1,True,2,147,7.921404961962253
cuda,JNU,model_only,Full-S1,True,2,148,7.814669981598854
cuda,JNU,model_only,Full-S1,True,2,149,7.757576007861644
cuda,JNU,model_only,Full-S1,True,2,150,7.800652994774282
cuda,JNU,model_only,Full-S1,True,2,151,7.754496997222304
cuda,JNU,model_only,Full-S1,True,2,152,7.761850021779537
cuda,JNU,model_only,Full-S1,True,2,153,7.797554018907249
cuda,JNU,model_only,Full-S1,True,2,154,7.80635402770713
cuda,JNU,model_only,Full-S1,True,2,155,7.7649320010095835
cuda,JNU,model_only,Full-S1,True,2,156,7.760438020341098
cuda,JNU,model_only,Full-S1,True,2,157,7.998336979653686
cuda,JNU,model_only,Full-S1,True,2,158,8.186542021576315
cuda,JNU,model_only,Full-S1,True,2,159,7.87943002069369
cuda,JNU,model_only,Full-S1,True,2,160,7.882332953158766
cuda,JNU,model_only,Full-S1,True,2,161,7.834601041395217
cuda,JNU,model_only,Full-S1,True,2,162,7.797446975018829
cuda,JNU,model_only,Full-S1,True,2,163,7.782269036397338
cuda,JNU,model_only,Full-S1,True,2,164,7.762353983707726
cuda,JNU,model_only,Full-S1,True,2,165,7.825740030966699
cuda,JNU,model_only,Full-S1,True,2,166,7.804363965988159
cuda,JNU,model_only,Full-S1,True,2,167,7.804745982866734
cuda,JNU,model_only,Full-S1,True,2,168,7.789722993038595
cuda,JNU,model_only,Full-S1,True,2,169,7.810581009835005
cuda,JNU,model_only,Full-S1,True,2,170,7.822840008884668
cuda,JNU,model_only,Full-S1,True,2,171,7.863883976824582
cuda,JNU,model_only,Full-S1,True,2,172,7.793947006575763
cuda,JNU,model_only,Full-S1,True,2,173,7.759203028399497
cuda,JNU,model_only,Full-S1,True,2,174,7.749982993118465
cuda,JNU,model_only,Full-S1,True,2,175,7.808739028405398
cuda,JNU,model_only,Full-S1,True,2,176,7.764809008222073
cuda,JNU,model_only,Full-S1,True,2,177,7.77523301076144
cuda,JNU,model_only,Full-S1,True,2,178,7.784138957504183
cuda,JNU,model_only,Full-S1,True,2,179,7.776390993967652
cuda,JNU,model_only,Full-S1,True,2,180,7.789827999658883
cuda,JNU,model_only,Full-S1,True,2,181,7.789197959937155
cuda,JNU,model_only,Full-S1,True,2,182,7.729517994448543
cuda,JNU,model_only,Full-S1,True,2,183,7.865197956562042
cuda,JNU,model_only,Full-S1,True,2,184,7.778697996400297
cuda,JNU,model_only,Full-S1,True,2,185,7.779087987728417
cuda,JNU,model_only,Full-S1,True,2,186,7.794794975779951
cuda,JNU,model_only,Full-S1,True,2,187,7.885592000093311
cuda,JNU,model_only,Full-S1,True,2,188,7.788555987644941
cuda,JNU,model_only,Full-S1,True,2,189,7.794984034262598
cuda,JNU,model_only,Full-S1,True,2,190,7.766210997942835
cuda,JNU,model_only,Full-S1,True,2,191,7.783937035128474
cuda,JNU,model_only,Full-S1,True,2,192,7.748899981379509
cuda,JNU,model_only,Full-S1,True,2,193,7.798517006449401
cuda,JNU,model_only,Full-S1,True,2,194,7.785037974826992
cuda,JNU,model_only,Full-S1,True,2,195,7.795672980137169
cuda,JNU,model_only,Full-S1,True,2,196,7.755504979286343
cuda,JNU,model_only,Full-S1,True,2,197,7.778881001286209
cuda,JNU,model_only,Full-S1,True,2,198,7.756638980936259
cuda,JNU,model_only,Full-S1,True,2,199,7.76096701156348
cuda,JNU,model_only,Full-S1,True,2,200,7.834395975805819
cuda,JNU,model_only,Full-S1,True,2,201,7.819313032086939
cuda,JNU,model_only,Full-S1,True,2,202,7.8012929880060256
cuda,JNU,model_only,Full-S1,True,2,203,7.801888044923544
cuda,JNU,model_only,Full-S1,True,2,204,7.826446031685919
cuda,JNU,model_only,Full-S1,True,2,205,7.750993012450635
cuda,JNU,model_only,Full-S1,True,2,206,7.7394749969244
cuda,JNU,model_only,Full-S1,True,2,207,7.750270015094429
cuda,JNU,model_only,Full-S1,True,2,208,7.770539028570056
cuda,JNU,model_only,Full-S1,True,2,209,7.779963023494929
cuda,JNU,model_only,Full-S1,True,2,210,7.751997036393732
cuda,JNU,model_only,Full-S1,True,2,211,7.778613013215363
cuda,JNU,model_only,Full-S1,True,2,212,8.432215952780098
cuda,JNU,model_only,Full-S1,True,2,213,8.122386003378779
cuda,JNU,model_only,Full-S1,True,2,214,7.790225034113973
cuda,JNU,model_only,Full-S1,True,2,215,7.848376000765711
cuda,JNU,model_only,Full-S1,True,2,216,7.898729003500193
cuda,JNU,model_only,Full-S1,True,2,217,7.78880703728646
cuda,JNU,model_only,Full-S1,True,2,218,7.772988989017904
cuda,JNU,model_only,Full-S1,True,2,219,7.799704966600984
cuda,JNU,model_only,Full-S1,True,2,220,7.784302986692637
cuda,JNU,model_only,Full-S1,True,2,221,7.766096037812531
cuda,JNU,model_only,Full-S1,True,2,222,7.76877801399678
cuda,JNU,model_only,Full-S1,True,2,223,7.778350031003356
cuda,JNU,model_only,Full-S1,True,2,224,7.7684090356342494
cuda,JNU,model_only,Full-S1,True,2,225,7.861153979320079
cuda,JNU,model_only,Full-S1,True,2,226,7.814883021637797
cuda,JNU,model_only,Full-S1,True,2,227,7.782066997606307
cuda,JNU,model_only,Full-S1,True,2,228,7.819902966730297
cuda,JNU,model_only,Full-S1,True,2,229,7.7887760126031935
cuda,JNU,model_only,Full-S1,True,2,230,7.802267966326326
cuda,JNU,model_only,Full-S1,True,2,231,7.776084006763995
cuda,JNU,model_only,Full-S1,True,2,232,7.760266016703099
cuda,JNU,model_only,Full-S1,True,2,233,7.80634896364063
cuda,JNU,model_only,Full-S1,True,2,234,7.791391981299967
cuda,JNU,model_only,Full-S1,True,2,235,7.777338032610714
cuda,JNU,model_only,Full-S1,True,2,236,7.76934897294268
cuda,JNU,model_only,Full-S1,True,2,237,7.798234990332276
cuda,JNU,model_only,Full-S1,True,2,238,7.762790017295629
cuda,JNU,model_only,Full-S1,True,2,239,7.778180006425828
cuda,JNU,model_only,Full-S1,True,2,240,7.772641954943538
cuda,JNU,model_only,Full-S1,True,2,241,7.771776989102364
cuda,JNU,model_only,Full-S1,True,2,242,7.763545960187912
cuda,JNU,model_only,Full-S1,True,2,243,7.799765968229622
cuda,JNU,model_only,Full-S1,True,2,244,7.779325998853892
cuda,JNU,model_only,Full-S1,True,2,245,7.899123011156917
cuda,JNU,model_only,Full-S1,True,2,246,7.76187505107373
cuda,JNU,model_only,Full-S1,True,2,247,7.774733006954193
cuda,JNU,model_only,Full-S1,True,2,248,7.766371010802686
cuda,JNU,model_only,Full-S1,True,2,249,7.801045023370534
cuda,JNU,model_only,K1,True,2,0,4.246847005560994
cuda,JNU,model_only,K1,True,2,1,4.211713967379183
cuda,JNU,model_only,K1,True,2,2,4.20133798616007
cuda,JNU,model_only,K1,True,2,3,4.220417991746217
cuda,JNU,model_only,K1,True,2,4,4.2198909795843065
cuda,JNU,model_only,K1,True,2,5,4.235017986502498
cuda,JNU,model_only,K1,True,2,6,4.200250026769936
cuda,JNU,model_only,K1,True,2,7,4.205873992759734
cuda,JNU,model_only,K1,True,2,8,4.221894952934235
cuda,JNU,model_only,K1,True,2,9,4.204826022032648
cuda,JNU,model_only,K1,True,2,10,4.208847007248551
cuda,JNU,model_only,K1,True,2,11,4.210531013086438
cuda,JNU,model_only,K1,True,2,12,4.208328027743846
cuda,JNU,model_only,K1,True,2,13,4.229012003634125
cuda,JNU,model_only,K1,True,2,14,4.211510007735342
cuda,JNU,model_only,K1,True,2,15,4.204193945042789
cuda,JNU,model_only,K1,True,2,16,4.184996010735631
cuda,JNU,model_only,K1,True,2,17,4.196569032501429
cuda,JNU,model_only,K1,True,2,18,4.237878019921482
cuda,JNU,model_only,K1,True,2,19,4.209855978842825
cuda,JNU,model_only,K1,True,2,20,4.2091329814866185
cuda,JNU,model_only,K1,True,2,21,4.360531980637461
cuda,JNU,model_only,K1,True,2,22,4.309367970563471
cuda,JNU,model_only,K1,True,2,23,4.255548003129661
cuda,JNU,model_only,K1,True,2,24,4.1830940172076225
cuda,JNU,model_only,K1,True,2,25,4.2021109838970006
cuda,JNU,model_only,K1,True,2,26,4.185011028312147
cuda,JNU,model_only,K1,True,2,27,4.198383016046137
cuda,JNU,model_only,K1,True,2,28,4.219839989673346
cuda,JNU,model_only,K1,True,2,29,4.19874198269099
cuda,JNU,model_only,K1,True,2,30,4.21411800198257
cuda,JNU,model_only,K1,True,2,31,4.206538025755435
cuda,JNU,model_only,K1,True,2,32,4.2146240011788905
cuda,JNU,model_only,K1,True,2,33,4.295809951145202
cuda,JNU,model_only,K1,True,2,34,4.231488972436637
cuda,JNU,model_only,K1,True,2,35,4.2316659819334745
cuda,JNU,model_only,K1,True,2,36,4.2021459667012095
cuda,JNU,model_only,K1,True,2,37,4.239410045556724
cuda,JNU,model_only,K1,True,2,38,4.215370980091393
cuda,JNU,model_only,K1,True,2,39,4.197600006591529
cuda,JNU,model_only,K1,True,2,40,4.209575999993831
cuda,JNU,model_only,K1,True,2,41,4.232731997035444
cuda,JNU,model_only,K1,True,2,42,4.221168986987323
cuda,JNU,model_only,K1,True,2,43,4.212439991533756
cuda,JNU,model_only,K1,True,2,44,4.217892012093216
cuda,JNU,model_only,K1,True,2,45,4.227830970194191
cuda,JNU,model_only,K1,True,2,46,4.194677982013673
cuda,JNU,model_only,K1,True,2,47,4.194013017695397
cuda,JNU,model_only,K1,True,2,48,4.214226035401225
cuda,JNU,model_only,K1,True,2,49,4.20805998146534
cuda,JNU,model_only,K1,True,2,50,4.193405969999731
cuda,JNU,model_only,K1,True,2,51,4.1753160185180604
cuda,JNU,model_only,K1,True,2,52,4.240696027409285
cuda,JNU,model_only,K1,True,2,53,4.214633023366332
cuda,JNU,model_only,K1,True,2,54,4.211644991301
cuda,JNU,model_only,K1,True,2,55,4.203021002467722
cuda,JNU,model_only,K1,True,2,56,4.184034012723714
cuda,JNU,model_only,K1,True,2,57,4.175570968072861
cuda,JNU,model_only,K1,True,2,58,4.225111042615026
cuda,JNU,model_only,K1,True,2,59,4.182966018561274
cuda,JNU,model_only,K1,True,2,60,4.231614002492279
cuda,JNU,model_only,K1,True,2,61,4.198803973849863
cuda,JNU,model_only,K1,True,2,62,4.20880998717621
cuda,JNU,model_only,K1,True,2,63,4.194229026325047
cuda,JNU,model_only,K1,True,2,64,4.210463026538491
cuda,JNU,model_only,K1,True,2,65,4.200791008770466
cuda,JNU,model_only,K1,True,2,66,4.539048997685313
cuda,JNU,model_only,K1,True,2,67,4.400762962177396
cuda,JNU,model_only,K1,True,2,68,4.384353989735246
cuda,JNU,model_only,K1,True,2,69,4.282560956198722
cuda,JNU,model_only,K1,True,2,70,4.27106796996668
cuda,JNU,model_only,K1,True,2,71,4.223247000481933
cuda,JNU,model_only,K1,True,2,72,4.2896110098809
cuda,JNU,model_only,K1,True,2,73,4.1713580139912665
cuda,JNU,model_only,K1,True,2,74,4.194115987047553
cuda,JNU,model_only,K1,True,2,75,4.208620986901224
cuda,JNU,model_only,K1,True,2,76,4.27977298386395
cuda,JNU,model_only,K1,True,2,77,4.192018008325249
cuda,JNU,model_only,K1,True,2,78,4.18526103021577
cuda,JNU,model_only,K1,True,2,79,4.226582997944206
cuda,JNU,model_only,K1,True,2,80,4.199236980639398
cuda,JNU,model_only,K1,True,2,81,4.1988250450231135
cuda,JNU,model_only,K1,True,2,82,4.243860021233559
cuda,JNU,model_only,K1,True,2,83,4.236684995703399
cuda,JNU,model_only,K1,True,2,84,4.205573990475386
cuda,JNU,model_only,K1,True,2,85,4.213601991068572
cuda,JNU,model_only,K1,True,2,86,4.205434990581125
cuda,JNU,model_only,K1,True,2,87,4.202539043035358
cuda,JNU,model_only,K1,True,2,88,4.19789896113798
cuda,JNU,model_only,K1,True,2,89,4.296233004424721
cuda,JNU,model_only,K1,True,2,90,4.182796983513981
cuda,JNU,model_only,K1,True,2,91,4.20045800274238
cuda,JNU,model_only,K1,True,2,92,4.204486031085253
cuda,JNU,model_only,K1,True,2,93,4.192529013380408
cuda,JNU,model_only,K1,True,2,94,4.194654000457376
cuda,JNU,model_only,K1,True,2,95,4.185021971352398
cuda,JNU,model_only,K1,True,2,96,4.206101002637297
cuda,JNU,model_only,K1,True,2,97,4.181177995633334
cuda,JNU,model_only,K1,True,2,98,4.174817004241049
cuda,JNU,model_only,K1,True,2,99,4.293131991289556
cuda,JNU,model_only,K1,True,2,100,4.184889025054872
cuda,JNU,model_only,K1,True,2,101,4.2127210181206465
cuda,JNU,model_only,K1,True,2,102,4.222530988045037
cuda,JNU,model_only,K1,True,2,103,4.233971005305648
cuda,JNU,model_only,K1,True,2,104,4.199078015517443
cuda,JNU,model_only,K1,True,2,105,4.191979009192437
cuda,JNU,model_only,K1,True,2,106,4.207316029351205
cuda,JNU,model_only,K1,True,2,107,4.221162002068013
cuda,JNU,model_only,K1,True,2,108,4.201122035738081
cuda,JNU,model_only,K1,True,2,109,4.222894960548729
cuda,JNU,model_only,K1,True,2,110,4.224018019158393
cuda,JNU,model_only,K1,True,2,111,4.211699008010328
cuda,JNU,model_only,K1,True,2,112,4.222345014568418
cuda,JNU,model_only,K1,True,2,113,4.220728995278478
cuda,JNU,model_only,K1,True,2,114,4.2210479732602835
cuda,JNU,model_only,K1,True,2,115,4.2479580151848495
cuda,JNU,model_only,K1,True,2,116,4.188405000604689
cuda,JNU,model_only,K1,True,2,117,4.205416014883667
cuda,JNU,model_only,K1,True,2,118,4.180600983090699
cuda,JNU,model_only,K1,True,2,119,4.185257013887167
cuda,JNU,model_only,K1,True,2,120,4.19613003032282
cuda,JNU,model_only,K1,True,2,121,4.292864992748946
cuda,JNU,model_only,K1,True,2,122,4.24462096998468
cuda,JNU,model_only,K1,True,2,123,4.162685014307499
cuda,JNU,model_only,K1,True,2,124,4.227255005389452
cuda,JNU,model_only,K1,True,2,125,4.196618974674493
cuda,JNU,model_only,K1,True,2,126,4.210148006677628
cuda,JNU,model_only,K1,True,2,127,4.190200997982174
cuda,JNU,model_only,K1,True,2,128,4.208708996884525
cuda,JNU,model_only,K1,True,2,129,4.190050007309765
cuda,JNU,model_only,K1,True,2,130,4.179885028861463
cuda,JNU,model_only,K1,True,2,131,4.179858020506799
cuda,JNU,model_only,K1,True,2,132,4.216808010824025
cuda,JNU,model_only,K1,True,2,133,4.206974990665913
cuda,JNU,model_only,K1,True,2,134,4.178763017989695
cuda,JNU,model_only,K1,True,2,135,4.175236041191965
cuda,JNU,model_only,K1,True,2,136,4.164056037552655
cuda,JNU,model_only,K1,True,2,137,4.200495022814721
cuda,JNU,model_only,K1,True,2,138,4.208231985103339
cuda,JNU,model_only,K1,True,2,139,4.196116991806775
cuda,JNU,model_only,K1,True,2,140,4.196794994641095
cuda,JNU,model_only,K1,True,2,141,4.166926024481654
cuda,JNU,model_only,K1,True,2,142,4.19541698647663
cuda,JNU,model_only,K1,True,2,143,4.187543003354222
cuda,JNU,model_only,K1,True,2,144,4.253348975908011
cuda,JNU,model_only,K1,True,2,145,4.22384002013132
cuda,JNU,model_only,K1,True,2,146,4.19555400731042
cuda,JNU,model_only,K1,True,2,147,4.223695956170559
cuda,JNU,model_only,K1,True,2,148,4.2181810131296515
cuda,JNU,model_only,K1,True,2,149,4.194904991891235
cuda,JNU,model_only,K1,True,2,150,4.19147900538519
cuda,JNU,model_only,K1,True,2,151,4.23181097721681
cuda,JNU,model_only,K1,True,2,152,4.216464003548026
cuda,JNU,model_only,K1,True,2,153,4.211262974422425
cuda,JNU,model_only,K1,True,2,154,4.200783034320921
cuda,JNU,model_only,K1,True,2,155,4.2068519978784025
cuda,JNU,model_only,K1,True,2,156,4.194845969323069
cuda,JNU,model_only,K1,True,2,157,4.212325031403452
cuda,JNU,model_only,K1,True,2,158,4.202978045213968
cuda,JNU,model_only,K1,True,2,159,4.203835967928171
cuda,JNU,model_only,K1,True,2,160,4.175786976702511
cuda,JNU,model_only,K1,True,2,161,4.184681980405003
cuda,JNU,model_only,K1,True,2,162,4.232232982758433
cuda,JNU,model_only,K1,True,2,163,4.20986203243956
cuda,JNU,model_only,K1,True,2,164,4.197007976472378
cuda,JNU,model_only,K1,True,2,165,4.199335002340376
cuda,JNU,model_only,K1,True,2,166,4.278245032764971
cuda,JNU,model_only,K1,True,2,167,4.418917989823967
cuda,JNU,model_only,K1,True,2,168,4.333227989263833
cuda,JNU,model_only,K1,True,2,169,4.294769023545086
cuda,JNU,model_only,K1,True,2,170,4.207085003145039
cuda,JNU,model_only,K1,True,2,171,4.195402027107775
cuda,JNU,model_only,K1,True,2,172,4.201146017294377
cuda,JNU,model_only,K1,True,2,173,4.201442003250122
cuda,JNU,model_only,K1,True,2,174,4.2083089938387275
cuda,JNU,model_only,K1,True,2,175,4.217888985294849
cuda,JNU,model_only,K1,True,2,176,4.290387034416199
cuda,JNU,model_only,K1,True,2,177,4.218581016175449
cuda,JNU,model_only,K1,True,2,178,4.1906770202331245
cuda,JNU,model_only,K1,True,2,179,4.207829013466835
cuda,JNU,model_only,K1,True,2,180,4.22390503808856
cuda,JNU,model_only,K1,True,2,181,4.206043959129602
cuda,JNU,model_only,K1,True,2,182,4.200258001219481
cuda,JNU,model_only,K1,True,2,183,4.24115895293653
cuda,JNU,model_only,K1,True,2,184,4.196415946353227
cuda,JNU,model_only,K1,True,2,185,4.1989709716290236
cuda,JNU,model_only,K1,True,2,186,4.21408104011789
cuda,JNU,model_only,K1,True,2,187,4.207464982755482
cuda,JNU,model_only,K1,True,2,188,4.190167004708201
cuda,JNU,model_only,K1,True,2,189,4.197378002572805
cuda,JNU,model_only,K1,True,2,190,4.184455028735101
cuda,JNU,model_only,K1,True,2,191,4.189257975667715
cuda,JNU,model_only,K1,True,2,192,4.245547985192388
cuda,JNU,model_only,K1,True,2,193,4.2492650100030005
cuda,JNU,model_only,K1,True,2,194,4.238320980221033
cuda,JNU,model_only,K1,True,2,195,4.189347033388913
cuda,JNU,model_only,K1,True,2,196,4.175066016614437
cuda,JNU,model_only,K1,True,2,197,4.200348979793489
cuda,JNU,model_only,K1,True,2,198,4.249877005349845
cuda,JNU,model_only,K1,True,2,199,4.181038995739073
cuda,JNU,model_only,K1,True,2,200,4.218628979288042
cuda,JNU,model_only,K1,True,2,201,4.220335045829415
cuda,JNU,model_only,K1,True,2,202,4.229294951073825
cuda,JNU,model_only,K1,True,2,203,4.230353981256485
cuda,JNU,model_only,K1,True,2,204,4.201976989861578
cuda,JNU,model_only,K1,True,2,205,4.197200003545731
cuda,JNU,model_only,K1,True,2,206,4.220698960125446
cuda,JNU,model_only,K1,True,2,207,4.210521990898997
cuda,JNU,model_only,K1,True,2,208,4.190910025499761
cuda,JNU,model_only,K1,True,2,209,4.1644389857538044
cuda,JNU,model_only,K1,True,2,210,4.197916015982628
cuda,JNU,model_only,K1,True,2,211,4.207997990306467
cuda,JNU,model_only,K1,True,2,212,4.20197902712971
cuda,JNU,model_only,K1,True,2,213,4.1914859903045
cuda,JNU,model_only,K1,True,2,214,4.196507972665131
cuda,JNU,model_only,K1,True,2,215,4.181639000307769
cuda,JNU,model_only,K1,True,2,216,4.169054969679564
cuda,JNU,model_only,K1,True,2,217,4.19205502839759
cuda,JNU,model_only,K1,True,2,218,4.2000929825007915
cuda,JNU,model_only,K1,True,2,219,4.1926230187527835
cuda,JNU,model_only,K1,True,2,220,4.1715039988048375
cuda,JNU,model_only,K1,True,2,221,4.215132968965918
cuda,JNU,model_only,K1,True,2,222,4.202233976684511
cuda,JNU,model_only,K1,True,2,223,4.206070967484266
cuda,JNU,model_only,K1,True,2,224,4.214236047118902
cuda,JNU,model_only,K1,True,2,225,4.189941973891109
cuda,JNU,model_only,K1,True,2,226,4.201273957733065
cuda,JNU,model_only,K1,True,2,227,4.180154006462544
cuda,JNU,model_only,K1,True,2,228,4.18531202012673
cuda,JNU,model_only,K1,True,2,229,4.315154044888914
cuda,JNU,model_only,K1,True,2,230,4.248192999511957
cuda,JNU,model_only,K1,True,2,231,4.21359803294763
cuda,JNU,model_only,K1,True,2,232,4.197121015749872
cuda,JNU,model_only,K1,True,2,233,4.208927974104881
cuda,JNU,model_only,K1,True,2,234,4.165999998804182
cuda,JNU,model_only,K1,True,2,235,4.1936300112865865
cuda,JNU,model_only,K1,True,2,236,4.188443010207266
cuda,JNU,model_only,K1,True,2,237,4.243306000716984
cuda,JNU,model_only,K1,True,2,238,4.195039975456893
cuda,JNU,model_only,K1,True,2,239,4.207441001199186
cuda,JNU,model_only,K1,True,2,240,4.221824987325817
cuda,JNU,model_only,K1,True,2,241,4.219903028570116
cuda,JNU,model_only,K1,True,2,242,4.239597008563578
cuda,JNU,model_only,K1,True,2,243,4.201548988930881
cuda,JNU,model_only,K1,True,2,244,4.213373991660774
cuda,JNU,model_only,K1,True,2,245,4.203258024062961
cuda,JNU,model_only,K1,True,2,246,4.178970993962139
cuda,JNU,model_only,K1,True,2,247,4.216814006213099
cuda,JNU,model_only,K1,True,2,248,4.195054993033409
cuda,JNU,model_only,K1,True,2,249,4.193756030872464
cuda,JNU,model_only,K1,True,3,0,4.229868995025754
cuda,JNU,model_only,K1,True,3,1,4.216449975501746
cuda,JNU,model_only,K1,True,3,2,4.270049976184964
cuda,JNU,model_only,K1,True,3,3,4.200618015602231
cuda,JNU,model_only,K1,True,3,4,4.203521995805204
cuda,JNU,model_only,K1,True,3,5,4.209966980852187
cuda,JNU,model_only,K1,True,3,6,4.205873003229499
cuda,JNU,model_only,K1,True,3,7,4.204314958769828
cuda,JNU,model_only,K1,True,3,8,4.1999369859695435
cuda,JNU,model_only,K1,True,3,9,4.203928983770311
cuda,JNU,model_only,K1,True,3,10,4.212717991322279
cuda,JNU,model_only,K1,True,3,11,4.210774030070752
cuda,JNU,model_only,K1,True,3,12,4.191552987322211
cuda,JNU,model_only,K1,True,3,13,4.222485003992915
cuda,JNU,model_only,K1,True,3,14,4.201486008241773
cuda,JNU,model_only,K1,True,3,15,4.191324987914413
cuda,JNU,model_only,K1,True,3,16,4.19817102374509
cuda,JNU,model_only,K1,True,3,17,4.217714013066143
cuda,JNU,model_only,K1,True,3,18,4.199201997835189
cuda,JNU,model_only,K1,True,3,19,4.19962900923565
cuda,JNU,model_only,K1,True,3,20,4.242236027494073
cuda,JNU,model_only,K1,True,3,21,4.191001993604004
cuda,JNU,model_only,K1,True,3,22,4.240391019266099
cuda,JNU,model_only,K1,True,3,23,4.190297040622681
cuda,JNU,model_only,K1,True,3,24,4.214871034491807
cuda,JNU,model_only,K1,True,3,25,4.196204012259841
cuda,JNU,model_only,K1,True,3,26,4.210387996863574
cuda,JNU,model_only,K1,True,3,27,4.192858992610127
cuda,JNU,model_only,K1,True,3,28,4.224016040097922
cuda,JNU,model_only,K1,True,3,29,4.214851011056453
cuda,JNU,model_only,K1,True,3,30,4.19609498931095
cuda,JNU,model_only,K1,True,3,31,4.162779019679874
cuda,JNU,model_only,K1,True,3,32,4.226268036291003
cuda,JNU,model_only,K1,True,3,33,4.1681459988467395
cuda,JNU,model_only,K1,True,3,34,4.1957630310207605
cuda,JNU,model_only,K1,True,3,35,4.180649004410952
cuda,JNU,model_only,K1,True,3,36,4.221807001158595
cuda,JNU,model_only,K1,True,3,37,4.1933630127459764
cuda,JNU,model_only,K1,True,3,38,4.161239019595087
cuda,JNU,model_only,K1,True,3,39,4.202842013910413
cuda,JNU,model_only,K1,True,3,40,4.22481499845162
cuda,JNU,model_only,K1,True,3,41,4.257105989381671
cuda,JNU,model_only,K1,True,3,42,4.198910028208047
cuda,JNU,model_only,K1,True,3,43,4.167196981143206
cuda,JNU,model_only,K1,True,3,44,4.1939609800465405
cuda,JNU,model_only,K1,True,3,45,4.217115987557918
cuda,JNU,model_only,K1,True,3,46,4.1756569989956915
cuda,JNU,model_only,K1,True,3,47,4.195225948933512
cuda,JNU,model_only,K1,True,3,48,4.228422010783106
cuda,JNU,model_only,K1,True,3,49,4.207872960250825
cuda,JNU,model_only,K1,True,3,50,4.191971034742892
cuda,JNU,model_only,K1,True,3,51,4.188515013083816
cuda,JNU,model_only,K1,True,3,52,4.191729007288814
cuda,JNU,model_only,K1,True,3,53,4.355397017206997
cuda,JNU,model_only,K1,True,3,54,4.199575982056558
cuda,JNU,model_only,K1,True,3,55,4.263998009264469
cuda,JNU,model_only,K1,True,3,56,4.257877008058131
cuda,JNU,model_only,K1,True,3,57,4.332139971666038
cuda,JNU,model_only,K1,True,3,58,4.2378639918752015
cuda,JNU,model_only,K1,True,3,59,4.2577029671519995
cuda,JNU,model_only,K1,True,3,60,4.2384660337120295
cuda,JNU,model_only,K1,True,3,61,4.1972920298576355
cuda,JNU,model_only,K1,True,3,62,4.205672012176365
cuda,JNU,model_only,K1,True,3,63,4.1986730066128075
cuda,JNU,model_only,K1,True,3,64,4.195375018753111
cuda,JNU,model_only,K1,True,3,65,4.171487002167851
cuda,JNU,model_only,K1,True,3,66,4.204810014925897
cuda,JNU,model_only,K1,True,3,67,4.216421977616847
cuda,JNU,model_only,K1,True,3,68,4.21001500217244
cuda,JNU,model_only,K1,True,3,69,4.1697529959492385
cuda,JNU,model_only,K1,True,3,70,4.192258988041431
cuda,JNU,model_only,K1,True,3,71,4.2175399721600115
cuda,JNU,model_only,K1,True,3,72,4.200327035505325
cuda,JNU,model_only,K1,True,3,73,4.16806002613157
cuda,JNU,model_only,K1,True,3,74,4.178749048151076
cuda,JNU,model_only,K1,True,3,75,4.169935011304915
cuda,JNU,model_only,K1,True,3,76,4.209414008073509
cuda,JNU,model_only,K1,True,3,77,4.336644953582436
cuda,JNU,model_only,K1,True,3,78,4.213687963783741
cuda,JNU,model_only,K1,True,3,79,4.173927009105682
cuda,JNU,model_only,K1,True,3,80,4.199355957098305
cuda,JNU,model_only,K1,True,3,81,4.199433024041355
cuda,JNU,model_only,K1,True,3,82,4.19599300948903
cuda,JNU,model_only,K1,True,3,83,4.1686309850774705
cuda,JNU,model_only,K1,True,3,84,4.1981039685197175
cuda,JNU,model_only,K1,True,3,85,4.191328014712781
cuda,JNU,model_only,K1,True,3,86,4.26195003092289
cuda,JNU,model_only,K1,True,3,87,4.285816045012325
cuda,JNU,model_only,K1,True,3,88,4.246860044077039
cuda,JNU,model_only,K1,True,3,89,4.215889028273523
cuda,JNU,model_only,K1,True,3,90,4.230925987940282
cuda,JNU,model_only,K1,True,3,91,4.199822025839239
cuda,JNU,model_only,K1,True,3,92,4.181488999165595
cuda,JNU,model_only,K1,True,3,93,4.203629971016198
cuda,JNU,model_only,K1,True,3,94,4.240519949235022
cuda,JNU,model_only,K1,True,3,95,4.248270997777581
cuda,JNU,model_only,K1,True,3,96,4.209129023365676
cuda,JNU,model_only,K1,True,3,97,4.207321035210043
cuda,JNU,model_only,K1,True,3,98,4.2028219904750586
cuda,JNU,model_only,K1,True,3,99,4.186209989711642
cuda,JNU,model_only,K1,True,3,100,4.2064799927175045
cuda,JNU,model_only,K1,True,3,101,4.199760966002941
cuda,JNU,model_only,K1,True,3,102,4.266636969987303
cuda,JNU,model_only,K1,True,3,103,4.2757600313052535
cuda,JNU,model_only,K1,True,3,104,4.272011981811374
cuda,JNU,model_only,K1,True,3,105,4.261102003511041
cuda,JNU,model_only,K1,True,3,106,4.21760103199631
cuda,JNU,model_only,K1,True,3,107,4.195669025648385
cuda,JNU,model_only,K1,True,3,108,4.199372022412717
cuda,JNU,model_only,K1,True,3,109,4.296659026294947
cuda,JNU,model_only,K1,True,3,110,4.184276971500367
cuda,JNU,model_only,K1,True,3,111,4.189077997580171
cuda,JNU,model_only,K1,True,3,112,4.1897789924405515
cuda,JNU,model_only,K1,True,3,113,4.2323770467191935
cuda,JNU,model_only,K1,True,3,114,4.205377015750855
cuda,JNU,model_only,K1,True,3,115,4.174214031081647
cuda,JNU,model_only,K1,True,3,116,4.201343981549144
cuda,JNU,model_only,K1,True,3,117,4.266200994607061
cuda,JNU,model_only,K1,True,3,118,4.196951980702579
cuda,JNU,model_only,K1,True,3,119,4.217413021251559
cuda,JNU,model_only,K1,True,3,120,4.2212799889966846
cuda,JNU,model_only,K1,True,3,121,4.192492982838303
cuda,JNU,model_only,K1,True,3,122,4.172525019384921
cuda,JNU,model_only,K1,True,3,123,4.192268010228872
cuda,JNU,model_only,K1,True,3,124,4.195991961751133
cuda,JNU,model_only,K1,True,3,125,4.187170008663088
cuda,JNU,model_only,K1,True,3,126,4.183091979939491
cuda,JNU,model_only,K1,True,3,127,4.209674953017384
cuda,JNU,model_only,K1,True,3,128,4.201969015412033
cuda,JNU,model_only,K1,True,3,129,4.182634991593659
cuda,JNU,model_only,K1,True,3,130,4.145560029428452
cuda,JNU,model_only,K1,True,3,131,4.1920950170606375
cuda,JNU,model_only,K1,True,3,132,4.206243029329926
cuda,JNU,model_only,K1,True,3,133,4.228400008287281
cuda,JNU,model_only,K1,True,3,134,4.208113008644432
cuda,JNU,model_only,K1,True,3,135,4.193419008515775
cuda,JNU,model_only,K1,True,3,136,4.184951016213745
cuda,JNU,model_only,K1,True,3,137,4.186462028883398
cuda,JNU,model_only,K1,True,3,138,4.202559997793287
cuda,JNU,model_only,K1,True,3,139,4.287735966499895
cuda,JNU,model_only,K1,True,3,140,4.2104439926333725
cuda,JNU,model_only,K1,True,3,141,4.194468958303332
cuda,JNU,model_only,K1,True,3,142,4.189900995697826
cuda,JNU,model_only,K1,True,3,143,4.21913800528273
cuda,JNU,model_only,K1,True,3,144,4.1854800074361265
cuda,JNU,model_only,K1,True,3,145,4.1802620398812
cuda,JNU,model_only,K1,True,3,146,4.189490980934352
cuda,JNU,model_only,K1,True,3,147,4.210878978483379
cuda,JNU,model_only,K1,True,3,148,4.211051040329039
cuda,JNU,model_only,K1,True,3,149,4.186566977296025
cuda,JNU,model_only,K1,True,3,150,4.181069030892104
cuda,JNU,model_only,K1,True,3,151,4.197086964268237
cuda,JNU,model_only,K1,True,3,152,4.19323198730126
cuda,JNU,model_only,K1,True,3,153,4.2018439853563905
cuda,JNU,model_only,K1,True,3,154,4.324117966461927
cuda,JNU,model_only,K1,True,3,155,4.535786982160062
cuda,JNU,model_only,K1,True,3,156,4.272630030754954
cuda,JNU,model_only,K1,True,3,157,4.30952402530238
cuda,JNU,model_only,K1,True,3,158,4.210630024317652
cuda,JNU,model_only,K1,True,3,159,4.1993840131908655
cuda,JNU,model_only,K1,True,3,160,4.195494984742254
cuda,JNU,model_only,K1,True,3,161,4.197856993414462
cuda,JNU,model_only,K1,True,3,162,4.211494000628591
cuda,JNU,model_only,K1,True,3,163,4.309776006266475
cuda,JNU,model_only,K1,True,3,164,4.235735046677291
cuda,JNU,model_only,K1,True,3,165,4.212041036225855
cuda,JNU,model_only,K1,True,3,166,4.195466986857355
cuda,JNU,model_only,K1,True,3,167,4.276421037502587
cuda,JNU,model_only,K1,True,3,168,4.213131032884121
cuda,JNU,model_only,K1,True,3,169,4.215419990941882
cuda,JNU,model_only,K1,True,3,170,4.230669001117349
cuda,JNU,model_only,K1,True,3,171,4.196804016828537
cuda,JNU,model_only,K1,True,3,172,4.191817017272115
cuda,JNU,model_only,K1,True,3,173,4.204722004942596
cuda,JNU,model_only,K1,True,3,174,4.186538048088551
cuda,JNU,model_only,K1,True,3,175,4.166279977653176
cuda,JNU,model_only,K1,True,3,176,4.197236965410411
cuda,JNU,model_only,K1,True,3,177,4.1925840196199715
cuda,JNU,model_only,K1,True,3,178,4.230890015605837
cuda,JNU,model_only,K1,True,3,179,4.240298003423959
cuda,JNU,model_only,K1,True,3,180,4.192413005512208
cuda,JNU,model_only,K1,True,3,181,4.169218998868018
cuda,JNU,model_only,K1,True,3,182,4.222048970405012
cuda,JNU,model_only,K1,True,3,183,4.199502000119537
cuda,JNU,model_only,K1,True,3,184,4.181954951491207
cuda,JNU,model_only,K1,True,3,185,4.1839120094664395
cuda,JNU,model_only,K1,True,3,186,4.2164180194959044
cuda,JNU,model_only,K1,True,3,187,4.191386979073286
cuda,JNU,model_only,K1,True,3,188,4.199071030598134
cuda,JNU,model_only,K1,True,3,189,4.216427973005921
cuda,JNU,model_only,K1,True,3,190,4.22173400875181
cuda,JNU,model_only,K1,True,3,191,4.1839350014925
cuda,JNU,model_only,K1,True,3,192,4.212371015455574
cuda,JNU,model_only,K1,True,3,193,4.207059973850846
cuda,JNU,model_only,K1,True,3,194,4.192552005406469
cuda,JNU,model_only,K1,True,3,195,4.184673016425222
cuda,JNU,model_only,K1,True,3,196,4.18850703863427
cuda,JNU,model_only,K1,True,3,197,4.214771033730358
cuda,JNU,model_only,K1,True,3,198,4.205195989925414
cuda,JNU,model_only,K1,True,3,199,4.191107000224292
cuda,JNU,model_only,K1,True,3,200,4.199871968012303
cuda,JNU,model_only,K1,True,3,201,4.221474984660745
cuda,JNU,model_only,K1,True,3,202,4.20803896849975
cuda,JNU,model_only,K1,True,3,203,4.188837017863989
cuda,JNU,model_only,K1,True,3,204,4.20908402884379
cuda,JNU,model_only,K1,True,3,205,4.191679006908089
cuda,JNU,model_only,K1,True,3,206,4.205870965961367
cuda,JNU,model_only,K1,True,3,207,4.189920029602945
cuda,JNU,model_only,K1,True,3,208,4.202916985377669
cuda,JNU,model_only,K1,True,3,209,4.22457599779591
cuda,JNU,model_only,K1,True,3,210,4.214705026242882
cuda,JNU,model_only,K1,True,3,211,4.1900789947248995
cuda,JNU,model_only,K1,True,3,212,4.2317070183344185
cuda,JNU,model_only,K1,True,3,213,4.1990819736383855
cuda,JNU,model_only,K1,True,3,214,4.181166994385421
cuda,JNU,model_only,K1,True,3,215,4.198739014100283
cuda,JNU,model_only,K1,True,3,216,4.275622020941228
cuda,JNU,model_only,K1,True,3,217,4.210102022625506
cuda,JNU,model_only,K1,True,3,218,4.1787620284594595
cuda,JNU,model_only,K1,True,3,219,4.2066320311278105
cuda,JNU,model_only,K1,True,3,220,4.215472028590739
cuda,JNU,model_only,K1,True,3,221,4.1762940236367285
cuda,JNU,model_only,K1,True,3,222,4.207437974400818
cuda,JNU,model_only,K1,True,3,223,4.200475988909602
cuda,JNU,model_only,K1,True,3,224,4.215079010464251
cuda,JNU,model_only,K1,True,3,225,4.194747016299516
cuda,JNU,model_only,K1,True,3,226,4.193497006781399
cuda,JNU,model_only,K1,True,3,227,4.211334977298975
cuda,JNU,model_only,K1,True,3,228,4.230557999107987
cuda,JNU,model_only,K1,True,3,229,4.245844029355794
cuda,JNU,model_only,K1,True,3,230,4.188228980638087
cuda,JNU,model_only,K1,True,3,231,4.193681990727782
cuda,JNU,model_only,K1,True,3,232,4.226677992846817
cuda,JNU,model_only,K1,True,3,233,4.174528003204614
cuda,JNU,model_only,K1,True,3,234,4.177058988716453
cuda,JNU,model_only,K1,True,3,235,4.185198980849236
cuda,JNU,model_only,K1,True,3,236,4.212542960885912
cuda,JNU,model_only,K1,True,3,237,4.2091350187547505
cuda,JNU,model_only,K1,True,3,238,4.218674963340163
cuda,JNU,model_only,K1,True,3,239,4.190149949863553
cuda,JNU,model_only,K1,True,3,240,4.168775980360806
cuda,JNU,model_only,K1,True,3,241,4.202431999146938
cuda,JNU,model_only,K1,True,3,242,4.189642961136997
cuda,JNU,model_only,K1,True,3,243,4.2014700011350214
cuda,JNU,model_only,K1,True,3,244,4.209642997011542
cuda,JNU,model_only,K1,True,3,245,4.190501989796758
cuda,JNU,model_only,K1,True,3,246,4.19400999089703
cuda,JNU,model_only,K1,True,3,247,4.2334989993833005
cuda,JNU,model_only,K1,True,3,248,4.190721025224775
cuda,JNU,model_only,K1,True,3,249,4.174589994363487
cuda,JNU,model_only,Full-S1,True,3,0,7.870876986999065
cuda,JNU,model_only,Full-S1,True,3,1,7.764131005387753
cuda,JNU,model_only,Full-S1,True,3,2,7.8144060098566115
cuda,JNU,model_only,Full-S1,True,3,3,7.755797996651381
cuda,JNU,model_only,Full-S1,True,3,4,7.809075992554426
cuda,JNU,model_only,Full-S1,True,3,5,7.888266001828015
cuda,JNU,model_only,Full-S1,True,3,6,7.799818005878478
cuda,JNU,model_only,Full-S1,True,3,7,7.763710978906602
cuda,JNU,model_only,Full-S1,True,3,8,7.771494972985238
cuda,JNU,model_only,Full-S1,True,3,9,7.763796951621771
cuda,JNU,model_only,Full-S1,True,3,10,7.909078034572303
cuda,JNU,model_only,Full-S1,True,3,11,7.803633983712643
cuda,JNU,model_only,Full-S1,True,3,12,7.769926975015551
cuda,JNU,model_only,Full-S1,True,3,13,7.799867016728967
cuda,JNU,model_only,Full-S1,True,3,14,7.795265992172062
cuda,JNU,model_only,Full-S1,True,3,15,7.810270006302744
cuda,JNU,model_only,Full-S1,True,3,16,7.805813977029175
cuda,JNU,model_only,Full-S1,True,3,17,7.745649025309831
cuda,JNU,model_only,Full-S1,True,3,18,7.864129962399602
cuda,JNU,model_only,Full-S1,True,3,19,7.841154001653194
cuda,JNU,model_only,Full-S1,True,3,20,7.76948599377647
cuda,JNU,model_only,Full-S1,True,3,21,7.768438023049384
cuda,JNU,model_only,Full-S1,True,3,22,7.858833996579051
cuda,JNU,model_only,Full-S1,True,3,23,7.902543002273887
cuda,JNU,model_only,Full-S1,True,3,24,7.941905001644045
cuda,JNU,model_only,Full-S1,True,3,25,7.806361012626439
cuda,JNU,model_only,Full-S1,True,3,26,7.780013023875654
cuda,JNU,model_only,Full-S1,True,3,27,7.9671909916214645
cuda,JNU,model_only,Full-S1,True,3,28,7.780936954077333
cuda,JNU,model_only,Full-S1,True,3,29,7.788159011397511
cuda,JNU,model_only,Full-S1,True,3,30,7.785169989801943
cuda,JNU,model_only,Full-S1,True,3,31,7.8271059901453555
cuda,JNU,model_only,Full-S1,True,3,32,7.757226994726807
cuda,JNU,model_only,Full-S1,True,3,33,7.786387985106558
cuda,JNU,model_only,Full-S1,True,3,34,7.829290989320725
cuda,JNU,model_only,Full-S1,True,3,35,7.806032022926956
cuda,JNU,model_only,Full-S1,True,3,36,7.749545038677752
cuda,JNU,model_only,Full-S1,True,3,37,7.758819963783026
cuda,JNU,model_only,Full-S1,True,3,38,7.759595988318324
cuda,JNU,model_only,Full-S1,True,3,39,7.811754010617733
cuda,JNU,model_only,Full-S1,True,3,40,7.781602966133505
cuda,JNU,model_only,Full-S1,True,3,41,7.789640978444368
cuda,JNU,model_only,Full-S1,True,3,42,7.721303962171078
cuda,JNU,model_only,Full-S1,True,3,43,7.805009023286402
cuda,JNU,model_only,Full-S1,True,3,44,7.824667962267995
cuda,JNU,model_only,Full-S1,True,3,45,7.762082968838513
cuda,JNU,model_only,Full-S1,True,3,46,7.764211972244084
cuda,JNU,model_only,Full-S1,True,3,47,7.77526997262612
cuda,JNU,model_only,Full-S1,True,3,48,7.875552983023226
cuda,JNU,model_only,Full-S1,True,3,49,7.793497003149241
cuda,JNU,model_only,Full-S1,True,3,50,7.824102998711169
cuda,JNU,model_only,Full-S1,True,3,51,7.768671959638596
cuda,JNU,model_only,Full-S1,True,3,52,7.783589011523873
cuda,JNU,model_only,Full-S1,True,3,53,7.740951026789844
cuda,JNU,model_only,Full-S1,True,3,54,7.79080402571708
cuda,JNU,model_only,Full-S1,True,3,55,7.786339032463729
cuda,JNU,model_only,Full-S1,True,3,56,7.95487395953387
cuda,JNU,model_only,Full-S1,True,3,57,7.7752480283379555
cuda,JNU,model_only,Full-S1,True,3,58,7.777573016937822
cuda,JNU,model_only,Full-S1,True,3,59,7.775687030516565
cuda,JNU,model_only,Full-S1,True,3,60,7.842010993044823
cuda,JNU,model_only,Full-S1,True,3,61,7.800373947247863
cuda,JNU,model_only,Full-S1,True,3,62,7.747719006147236
cuda,JNU,model_only,Full-S1,True,3,63,7.770251017063856
cuda,JNU,model_only,Full-S1,True,3,64,7.778874016366899
cuda,JNU,model_only,Full-S1,True,3,65,7.78872799128294
cuda,JNU,model_only,Full-S1,True,3,66,7.780532003380358
cuda,JNU,model_only,Full-S1,True,3,67,7.766228984110057
cuda,JNU,model_only,Full-S1,True,3,68,7.886537990998477
cuda,JNU,model_only,Full-S1,True,3,69,7.8138450044207275
cuda,JNU,model_only,Full-S1,True,3,70,7.794592995196581
cuda,JNU,model_only,Full-S1,True,3,71,7.763645960949361
cuda,JNU,model_only,Full-S1,True,3,72,7.813388016074896
cuda,JNU,model_only,Full-S1,True,3,73,7.785894034896046
cuda,JNU,model_only,Full-S1,True,3,74,7.781786960549653
cuda,JNU,model_only,Full-S1,True,3,75,7.7755830134265125
cuda,JNU,model_only,Full-S1,True,3,76,8.103791973553598
cuda,JNU,model_only,Full-S1,True,3,77,8.26515001244843
cuda,JNU,model_only,Full-S1,True,3,78,8.271774044260383
cuda,JNU,model_only,Full-S1,True,3,79,7.851169037166983
cuda,JNU,model_only,Full-S1,True,3,80,7.770374009851366
cuda,JNU,model_only,Full-S1,True,3,81,7.871420995797962
cuda,JNU,model_only,Full-S1,True,3,82,7.828235975466669
cuda,JNU,model_only,Full-S1,True,3,83,7.834835967514664
cuda,JNU,model_only,Full-S1,True,3,84,7.785804977174848
cuda,JNU,model_only,Full-S1,True,3,85,7.798113045282662
cuda,JNU,model_only,Full-S1,True,3,86,7.803252025041729
cuda,JNU,model_only,Full-S1,True,3,87,7.779327977914363
cuda,JNU,model_only,Full-S1,True,3,88,7.761038024909794
cuda,JNU,model_only,Full-S1,True,3,89,7.819088990800083
cuda,JNU,model_only,Full-S1,True,3,90,7.792501011863351
cuda,JNU,model_only,Full-S1,True,3,91,7.7799150021746755
cuda,JNU,model_only,Full-S1,True,3,92,7.771164993755519
cuda,JNU,model_only,Full-S1,True,3,93,7.793672033585608
cuda,JNU,model_only,Full-S1,True,3,94,7.77646602364257
cuda,JNU,model_only,Full-S1,True,3,95,7.790128001943231
cuda,JNU,model_only,Full-S1,True,3,96,7.787819020450115
cuda,JNU,model_only,Full-S1,True,3,97,7.796700985636562
cuda,JNU,model_only,Full-S1,True,3,98,7.758439984172583
cuda,JNU,model_only,Full-S1,True,3,99,7.777617953252047
cuda,JNU,model_only,Full-S1,True,3,100,7.758340041618794
cuda,JNU,model_only,Full-S1,True,3,101,7.7688119490630925
cuda,JNU,model_only,Full-S1,True,3,102,7.769943040329963
cuda,JNU,model_only,Full-S1,True,3,103,7.763369008898735
cuda,JNU,model_only,Full-S1,True,3,104,7.771826989483088
cuda,JNU,model_only,Full-S1,True,3,105,7.772503944579512
cuda,JNU,model_only,Full-S1,True,3,106,7.806121953763068
cuda,JNU,model_only,Full-S1,True,3,107,7.744650996755809
cuda,JNU,model_only,Full-S1,True,3,108,7.801961968652904
cuda,JNU,model_only,Full-S1,True,3,109,7.781572989188135
cuda,JNU,model_only,Full-S1,True,3,110,7.843795989174396
cuda,JNU,model_only,Full-S1,True,3,111,7.768430979922414
cuda,JNU,model_only,Full-S1,True,3,112,7.769243034999818
cuda,JNU,model_only,Full-S1,True,3,113,7.760629989206791
cuda,JNU,model_only,Full-S1,True,3,114,7.797717989888042
cuda,JNU,model_only,Full-S1,True,3,115,7.772065990138799
cuda,JNU,model_only,Full-S1,True,3,116,7.791868993081152
cuda,JNU,model_only,Full-S1,True,3,117,7.7985700336284935
cuda,JNU,model_only,Full-S1,True,3,118,7.786418020259589
cuda,JNU,model_only,Full-S1,True,3,119,7.77408602880314
cuda,JNU,model_only,Full-S1,True,3,120,7.776006998028606
cuda,JNU,model_only,Full-S1,True,3,121,7.837421027943492
cuda,JNU,model_only,Full-S1,True,3,122,7.87180894985795
cuda,JNU,model_only,Full-S1,True,3,123,7.8153390204533935
cuda,JNU,model_only,Full-S1,True,3,124,7.783706008922309
cuda,JNU,model_only,Full-S1,True,3,125,7.787773036397994
cuda,JNU,model_only,Full-S1,True,3,126,7.789850002154708
cuda,JNU,model_only,Full-S1,True,3,127,7.770608994178474
cuda,JNU,model_only,Full-S1,True,3,128,7.828175032045692
cuda,JNU,model_only,Full-S1,True,3,129,7.793685945216566
cuda,JNU,model_only,Full-S1,True,3,130,7.785296009387821
cuda,JNU,model_only,Full-S1,True,3,131,7.7647059806622565
cuda,JNU,model_only,Full-S1,True,3,132,7.809922972228378
cuda,JNU,model_only,Full-S1,True,3,133,7.947247999254614
cuda,JNU,model_only,Full-S1,True,3,134,7.783706008922309
cuda,JNU,model_only,Full-S1,True,3,135,7.75801797863096
cuda,JNU,model_only,Full-S1,True,3,136,7.744161004666239
cuda,JNU,model_only,Full-S1,True,3,137,7.76368600782007
cuda,JNU,model_only,Full-S1,True,3,138,7.775241043418646
cuda,JNU,model_only,Full-S1,True,3,139,7.828095986042172
cuda,JNU,model_only,Full-S1,True,3,140,7.758049992844462
cuda,JNU,model_only,Full-S1,True,3,141,7.780247018672526
cuda,JNU,model_only,Full-S1,True,3,142,7.863601029384881
cuda,JNU,model_only,Full-S1,True,3,143,7.7826909837313
cuda,JNU,model_only,Full-S1,True,3,144,7.78258201899007
cuda,JNU,model_only,Full-S1,True,3,145,7.767139992211014
cuda,JNU,model_only,Full-S1,True,3,146,7.777103979606181
cuda,JNU,model_only,Full-S1,True,3,147,7.765292015392333
cuda,JNU,model_only,Full-S1,True,3,148,7.732808007858694
cuda,JNU,model_only,Full-S1,True,3,149,7.771234028041363
cuda,JNU,model_only,Full-S1,True,3,150,7.986548007465899
cuda,JNU,model_only,Full-S1,True,3,151,7.921253039967269
cuda,JNU,model_only,Full-S1,True,3,152,7.912275032140315
cuda,JNU,model_only,Full-S1,True,3,153,7.78117700247094
cuda,JNU,model_only,Full-S1,True,3,154,7.780576008372009
cuda,JNU,model_only,Full-S1,True,3,155,7.86657800199464
cuda,JNU,model_only,Full-S1,True,3,156,7.77738296892494
cuda,JNU,model_only,Full-S1,True,3,157,7.788225018884987
cuda,JNU,model_only,Full-S1,True,3,158,7.765359012410045
cuda,JNU,model_only,Full-S1,True,3,159,7.807287038303912
cuda,JNU,model_only,Full-S1,True,3,160,7.772465003654361
cuda,JNU,model_only,Full-S1,True,3,161,7.774009020067751
cuda,JNU,model_only,Full-S1,True,3,162,7.771518954541534
cuda,JNU,model_only,Full-S1,True,3,163,7.823196006938815
cuda,JNU,model_only,Full-S1,True,3,164,7.7423619804903865
cuda,JNU,model_only,Full-S1,True,3,165,7.757176994346082
cuda,JNU,model_only,Full-S1,True,3,166,7.770713011268526
cuda,JNU,model_only,Full-S1,True,3,167,7.778260041959584
cuda,JNU,model_only,Full-S1,True,3,168,7.7942670322954655
cuda,JNU,model_only,Full-S1,True,3,169,7.787075999658555
cuda,JNU,model_only,Full-S1,True,3,170,7.766021997667849
cuda,JNU,model_only,Full-S1,True,3,171,7.774322992190719
cuda,JNU,model_only,Full-S1,True,3,172,7.834460004232824
cuda,JNU,model_only,Full-S1,True,3,173,7.768314972054213
cuda,JNU,model_only,Full-S1,True,3,174,7.802935957442969
cuda,JNU,model_only,Full-S1,True,3,175,7.7905679936520755
cuda,JNU,model_only,Full-S1,True,3,176,7.782553031574935
cuda,JNU,model_only,Full-S1,True,3,177,7.86450901068747
cuda,JNU,model_only,Full-S1,True,3,178,7.779794977977872
cuda,JNU,model_only,Full-S1,True,3,179,7.742694986518472
cuda,JNU,model_only,Full-S1,True,3,180,7.770105032250285
cuda,JNU,model_only,Full-S1,True,3,181,7.769255025777966
cuda,JNU,model_only,Full-S1,True,3,182,7.741951034404337
cuda,JNU,model_only,Full-S1,True,3,183,7.777148042805493
cuda,JNU,model_only,Full-S1,True,3,184,7.853349961806089
cuda,JNU,model_only,Full-S1,True,3,185,7.779809995554388
cuda,JNU,model_only,Full-S1,True,3,186,7.793174998369068
cuda,JNU,model_only,Full-S1,True,3,187,7.75410799542442
cuda,JNU,model_only,Full-S1,True,3,188,7.788475952111185
cuda,JNU,model_only,Full-S1,True,3,189,7.765482005197555
cuda,JNU,model_only,Full-S1,True,3,190,7.743216003291309
cuda,JNU,model_only,Full-S1,True,3,191,7.807309040799737
cuda,JNU,model_only,Full-S1,True,3,192,7.7748740441165864
cuda,JNU,model_only,Full-S1,True,3,193,7.782301981933415
cuda,JNU,model_only,Full-S1,True,3,194,7.7635920024476945
cuda,JNU,model_only,Full-S1,True,3,195,7.765043992549181
cuda,JNU,model_only,Full-S1,True,3,196,7.879431999754161
cuda,JNU,model_only,Full-S1,True,3,197,7.78473902028054
cuda,JNU,model_only,Full-S1,True,3,198,7.780765008646995
cuda,JNU,model_only,Full-S1,True,3,199,7.8062230022624135
cuda,JNU,model_only,Full-S1,True,3,200,7.7944190124981105
cuda,JNU,model_only,Full-S1,True,3,201,7.773948949761689
cuda,JNU,model_only,Full-S1,True,3,202,7.773154997266829
cuda,JNU,model_only,Full-S1,True,3,203,7.799641985911876
cuda,JNU,model_only,Full-S1,True,3,204,8.04424798116088
cuda,JNU,model_only,Full-S1,True,3,205,7.979838002938777
cuda,JNU,model_only,Full-S1,True,3,206,7.9141739988699555
cuda,JNU,model_only,Full-S1,True,3,207,7.809803995769471
cuda,JNU,model_only,Full-S1,True,3,208,7.780977000948042
cuda,JNU,model_only,Full-S1,True,3,209,7.793318945914507
cuda,JNU,model_only,Full-S1,True,3,210,7.760515029076487
cuda,JNU,model_only,Full-S1,True,3,211,7.763672969304025
cuda,JNU,model_only,Full-S1,True,3,212,7.827248016837984
cuda,JNU,model_only,Full-S1,True,3,213,7.865150982979685
cuda,JNU,model_only,Full-S1,True,3,214,7.783410022966564
cuda,JNU,model_only,Full-S1,True,3,215,7.767984003294259
cuda,JNU,model_only,Full-S1,True,3,216,7.76339799631387
cuda,JNU,model_only,Full-S1,True,3,217,7.805121014826
cuda,JNU,model_only,Full-S1,True,3,218,7.759261992760003
cuda,JNU,model_only,Full-S1,True,3,219,7.784944958984852
cuda,JNU,model_only,Full-S1,True,3,220,7.747864001430571
cuda,JNU,model_only,Full-S1,True,3,221,7.802142994478345
cuda,JNU,model_only,Full-S1,True,3,222,7.889205007813871
cuda,JNU,model_only,Full-S1,True,3,223,7.753292971756309
cuda,JNU,model_only,Full-S1,True,3,224,7.774812984280288
cuda,JNU,model_only,Full-S1,True,3,225,7.752587029244751
cuda,JNU,model_only,Full-S1,True,3,226,7.787492999341339
cuda,JNU,model_only,Full-S1,True,3,227,7.77405098779127
cuda,JNU,model_only,Full-S1,True,3,228,7.789733004756272
cuda,JNU,model_only,Full-S1,True,3,229,7.758459018077701
cuda,JNU,model_only,Full-S1,True,3,230,7.769139017909765
cuda,JNU,model_only,Full-S1,True,3,231,7.774163037538528
cuda,JNU,model_only,Full-S1,True,3,232,7.789600000251085
cuda,JNU,model_only,Full-S1,True,3,233,7.755972968880087
cuda,JNU,model_only,Full-S1,True,3,234,7.768823998048902
cuda,JNU,model_only,Full-S1,True,3,235,7.831565977539867
cuda,JNU,model_only,Full-S1,True,3,236,7.766571012325585
cuda,JNU,model_only,Full-S1,True,3,237,7.7322740107774734
cuda,JNU,model_only,Full-S1,True,3,238,7.785449968650937
cuda,JNU,model_only,Full-S1,True,3,239,7.754791993647814
cuda,JNU,model_only,Full-S1,True,3,240,7.775271020364016
cuda,JNU,model_only,Full-S1,True,3,241,7.779653009492904
cuda,JNU,model_only,Full-S1,True,3,242,7.865122053772211
cuda,JNU,model_only,Full-S1,True,3,243,7.777458988130093
cuda,JNU,model_only,Full-S1,True,3,244,7.777858001645654
cuda,JNU,model_only,Full-S1,True,3,245,7.785211026202887
cuda,JNU,model_only,Full-S1,True,3,246,7.778885017614812
cuda,JNU,model_only,Full-S1,True,3,247,7.766987022478133
cuda,JNU,model_only,Full-S1,True,3,248,7.765598013065755
cuda,JNU,model_only,Full-S1,True,3,249,7.777214981615543
cuda,JNU,end_to_end,Full-S1,True,0,0,10.571785969659686
cuda,JNU,end_to_end,Full-S1,True,0,1,10.619406995829195
cuda,JNU,end_to_end,Full-S1,True,0,2,10.645232978276908
cuda,JNU,end_to_end,Full-S1,True,0,3,10.656033991836011
cuda,JNU,end_to_end,Full-S1,True,0,4,10.602770023979247
cuda,JNU,end_to_end,Full-S1,True,0,5,10.599048982840031
cuda,JNU,end_to_end,Full-S1,True,0,6,10.608887998387218
cuda,JNU,end_to_end,Full-S1,True,0,7,10.641206987202168
cuda,JNU,end_to_end,Full-S1,True,0,8,10.601163026876748
cuda,JNU,end_to_end,Full-S1,True,0,9,10.614878963679075
cuda,JNU,end_to_end,Full-S1,True,0,10,10.623919020872563
cuda,JNU,end_to_end,Full-S1,True,0,11,10.60390897328034
cuda,JNU,end_to_end,Full-S1,True,0,12,10.612371028400958
cuda,JNU,end_to_end,Full-S1,True,0,13,10.597830987535417
cuda,JNU,end_to_end,Full-S1,True,0,14,10.566878016106784
cuda,JNU,end_to_end,Full-S1,True,0,15,10.58827101951465
cuda,JNU,end_to_end,Full-S1,True,0,16,10.647206974681467
cuda,JNU,end_to_end,Full-S1,True,0,17,10.627006005961448
cuda,JNU,end_to_end,Full-S1,True,0,18,10.728314984589815
cuda,JNU,end_to_end,Full-S1,True,0,19,10.759686003439128
cuda,JNU,end_to_end,Full-S1,True,0,20,10.65856299828738
cuda,JNU,end_to_end,Full-S1,True,0,21,10.625456983689219
cuda,JNU,end_to_end,Full-S1,True,0,22,10.583636991214007
cuda,JNU,end_to_end,Full-S1,True,0,23,10.587795986793935
cuda,JNU,end_to_end,Full-S1,True,0,24,10.598308988846838
cuda,JNU,end_to_end,Full-S1,True,0,25,10.525877005420625
cuda,JNU,end_to_end,Full-S1,True,0,26,10.598943044897169
cuda,JNU,end_to_end,Full-S1,True,0,27,10.576653003226966
cuda,JNU,end_to_end,Full-S1,True,0,28,10.652238968759775
cuda,JNU,end_to_end,Full-S1,True,0,29,10.551709972787648
cuda,JNU,end_to_end,Full-S1,True,0,30,10.621701017953455
cuda,JNU,end_to_end,Full-S1,True,0,31,10.568316967692226
cuda,JNU,end_to_end,Full-S1,True,0,32,10.628496005665511
cuda,JNU,end_to_end,Full-S1,True,0,33,10.584661969915032
cuda,JNU,end_to_end,Full-S1,True,0,34,10.5805320199579
cuda,JNU,end_to_end,Full-S1,True,0,35,10.571223974693567
cuda,JNU,end_to_end,Full-S1,True,0,36,10.581362002994865
cuda,JNU,end_to_end,Full-S1,True,0,37,10.629377036821097
cuda,JNU,end_to_end,Full-S1,True,0,38,10.582682967651635
cuda,JNU,end_to_end,Full-S1,True,0,39,10.570505983196199
cuda,JNU,end_to_end,Full-S1,True,0,40,10.607127973344177
cuda,JNU,end_to_end,Full-S1,True,0,41,10.54203201783821
cuda,JNU,end_to_end,Full-S1,True,0,42,10.600618028547615
cuda,JNU,end_to_end,Full-S1,True,0,43,10.588368983007967
cuda,JNU,end_to_end,Full-S1,True,0,44,10.582416027318686
cuda,JNU,end_to_end,Full-S1,True,0,45,10.618747037369758
cuda,JNU,end_to_end,Full-S1,True,0,46,10.609371005557477
cuda,JNU,end_to_end,Full-S1,True,0,47,10.628913005348295
cuda,JNU,end_to_end,Full-S1,True,0,48,10.624636022839695
cuda,JNU,end_to_end,Full-S1,True,0,49,10.626616014633328
cuda,JNU,end_to_end,Full-S1,True,0,50,10.561980947386473
cuda,JNU,end_to_end,Full-S1,True,0,51,10.551879997365177
cuda,JNU,end_to_end,Full-S1,True,0,52,10.605296993162483
cuda,JNU,end_to_end,Full-S1,True,0,53,10.594218038022518
cuda,JNU,end_to_end,Full-S1,True,0,54,10.594382009003311
cuda,JNU,end_to_end,Full-S1,True,0,55,10.589533019810915
cuda,JNU,end_to_end,Full-S1,True,0,56,10.56397397769615
cuda,JNU,end_to_end,Full-S1,True,0,57,10.571082006208599
cuda,JNU,end_to_end,Full-S1,True,0,58,10.595965024549514
cuda,JNU,end_to_end,Full-S1,True,0,59,10.597485990729183
cuda,JNU,end_to_end,Full-S1,True,0,60,10.546854988206178
cuda,JNU,end_to_end,Full-S1,True,0,61,10.5565509875305
cuda,JNU,end_to_end,Full-S1,True,0,62,10.574152984190732
cuda,JNU,end_to_end,Full-S1,True,0,63,10.608781012706459
cuda,JNU,end_to_end,Full-S1,True,0,64,10.61329897493124
cuda,JNU,end_to_end,Full-S1,True,0,65,10.707242006901652
cuda,JNU,end_to_end,Full-S1,True,0,66,10.567240009550005
cuda,JNU,end_to_end,Full-S1,True,0,67,10.533738997764885
cuda,JNU,end_to_end,Full-S1,True,0,68,10.585230949800462
cuda,JNU,end_to_end,Full-S1,True,0,69,10.609933000523597
cuda,JNU,end_to_end,Full-S1,True,0,70,10.533112974371761
cuda,JNU,end_to_end,Full-S1,True,0,71,10.59810898732394
cuda,JNU,end_to_end,Full-S1,True,0,72,10.577194043435156
cuda,JNU,end_to_end,Full-S1,True,0,73,10.777999996207654
cuda,JNU,end_to_end,Full-S1,True,0,74,10.678797960281372
cuda,JNU,end_to_end,Full-S1,True,0,75,10.558954032603651
cuda,JNU,end_to_end,Full-S1,True,0,76,10.558352980297059
cuda,JNU,end_to_end,Full-S1,True,0,77,10.60446398332715
cuda,JNU,end_to_end,Full-S1,True,0,78,10.581267008092254
cuda,JNU,end_to_end,Full-S1,True,0,79,10.567494027782232
cuda,JNU,end_to_end,Full-S1,True,0,80,10.588484990876168
cuda,JNU,end_to_end,Full-S1,True,0,81,10.58087800629437
cuda,JNU,end_to_end,Full-S1,True,0,82,10.607223957777023
cuda,JNU,end_to_end,Full-S1,True,0,83,10.545958008151501
cuda,JNU,end_to_end,Full-S1,True,0,84,10.59051399352029
cuda,JNU,end_to_end,Full-S1,True,0,85,10.587870026938617
cuda,JNU,end_to_end,Full-S1,True,0,86,10.610828991048038
cuda,JNU,end_to_end,Full-S1,True,0,87,10.580148024018854
cuda,JNU,end_to_end,Full-S1,True,0,88,10.54994500009343
cuda,JNU,end_to_end,Full-S1,True,0,89,10.612248966936022
cuda,JNU,end_to_end,Full-S1,True,0,90,10.533214954193681
cuda,JNU,end_to_end,Full-S1,True,0,91,10.582110029645264
cuda,JNU,end_to_end,Full-S1,True,0,92,10.617844003718346
cuda,JNU,end_to_end,Full-S1,True,0,93,10.594160994514823
cuda,JNU,end_to_end,Full-S1,True,0,94,10.58092899620533
cuda,JNU,end_to_end,Full-S1,True,0,95,10.616227984428406
cuda,JNU,end_to_end,Full-S1,True,0,96,10.576286003924906
cuda,JNU,end_to_end,Full-S1,True,0,97,10.559444956015795
cuda,JNU,end_to_end,Full-S1,True,0,98,10.622347996104509
cuda,JNU,end_to_end,Full-S1,True,0,99,10.53858594968915
cuda,JNU,end_to_end,Full-S1,True,0,100,10.611957986839116
cuda,JNU,end_to_end,Full-S1,True,0,101,10.598698980174959
cuda,JNU,end_to_end,Full-S1,True,0,102,10.689204966183752
cuda,JNU,end_to_end,Full-S1,True,0,103,10.597121028695256
cuda,JNU,end_to_end,Full-S1,True,0,104,10.596035979688168
cuda,JNU,end_to_end,Full-S1,True,0,105,10.59339800849557
cuda,JNU,end_to_end,Full-S1,True,0,106,10.613585996907204
cuda,JNU,end_to_end,Full-S1,True,0,107,10.538031987380236
cuda,JNU,end_to_end,Full-S1,True,0,108,10.576150962151587
cuda,JNU,end_to_end,Full-S1,True,0,109,10.554765991400927
cuda,JNU,end_to_end,Full-S1,True,0,110,10.581818001810461
cuda,JNU,end_to_end,Full-S1,True,0,111,10.585326992440969
cuda,JNU,end_to_end,Full-S1,True,0,112,10.589370969682932
cuda,JNU,end_to_end,Full-S1,True,0,113,10.742725047748536
cuda,JNU,end_to_end,Full-S1,True,0,114,10.624718037433922
cuda,JNU,end_to_end,Full-S1,True,0,115,10.612890997435898
cuda,JNU,end_to_end,Full-S1,True,0,116,10.564057971350849
cuda,JNU,end_to_end,Full-S1,True,0,117,10.637269006110728
cuda,JNU,end_to_end,Full-S1,True,0,118,10.573777020908892
cuda,JNU,end_to_end,Full-S1,True,0,119,10.64104598481208
cuda,JNU,end_to_end,Full-S1,True,0,120,10.617721010930836
cuda,JNU,end_to_end,Full-S1,True,0,121,10.622487985529006
cuda,JNU,end_to_end,Full-S1,True,0,122,10.63117798184976
cuda,JNU,end_to_end,Full-S1,True,0,123,10.636520979460329
cuda,JNU,end_to_end,Full-S1,True,0,124,10.63446601619944
cuda,JNU,end_to_end,Full-S1,True,0,125,10.572732018772513
cuda,JNU,end_to_end,Full-S1,True,0,126,10.592873964924365
cuda,JNU,end_to_end,Full-S1,True,0,127,10.589101002551615
cuda,JNU,end_to_end,Full-S1,True,0,128,10.561900970060378
cuda,JNU,end_to_end,Full-S1,True,0,129,10.55716205155477
cuda,JNU,end_to_end,Full-S1,True,0,130,10.601264017168432
cuda,JNU,end_to_end,Full-S1,True,0,131,10.60481695458293
cuda,JNU,end_to_end,Full-S1,True,0,132,10.590520047117025
cuda,JNU,end_to_end,Full-S1,True,0,133,10.570382990408689
cuda,JNU,end_to_end,Full-S1,True,0,134,10.553688975051045
cuda,JNU,end_to_end,Full-S1,True,0,135,10.550901002716273
cuda,JNU,end_to_end,Full-S1,True,0,136,10.578707966487855
cuda,JNU,end_to_end,Full-S1,True,0,137,10.596085980068892
cuda,JNU,end_to_end,Full-S1,True,0,138,10.577911045402288
cuda,JNU,end_to_end,Full-S1,True,0,139,10.614298982545733
cuda,JNU,end_to_end,Full-S1,True,0,140,10.585464013274759
cuda,JNU,end_to_end,Full-S1,True,0,141,10.61655703233555
cuda,JNU,end_to_end,Full-S1,True,0,142,10.598954977467656
cuda,JNU,end_to_end,Full-S1,True,0,143,10.61246998142451
cuda,JNU,end_to_end,Full-S1,True,0,144,10.600983980111778
cuda,JNU,end_to_end,Full-S1,True,0,145,10.564646974671632
cuda,JNU,end_to_end,Full-S1,True,0,146,10.564500989858061
cuda,JNU,end_to_end,Full-S1,True,0,147,10.577859007753432
cuda,JNU,end_to_end,Full-S1,True,0,148,10.555884975474328
cuda,JNU,end_to_end,Full-S1,True,0,149,10.35449601477012
cuda,JNU,end_to_end,Full-S1,True,0,150,9.885733015835285
cuda,JNU,end_to_end,Full-S1,True,0,151,10.099856997840106
cuda,JNU,end_to_end,Full-S1,True,0,152,10.594972991384566
cuda,JNU,end_to_end,Full-S1,True,0,153,10.5790039524436
cuda,JNU,end_to_end,Full-S1,True,0,154,10.585466981865466
cuda,JNU,end_to_end,Full-S1,True,0,155,10.531233972869813
cuda,JNU,end_to_end,Full-S1,True,0,156,10.580895992461592
cuda,JNU,end_to_end,Full-S1,True,0,157,10.552756022661924
cuda,JNU,end_to_end,Full-S1,True,0,158,10.611903970129788
cuda,JNU,end_to_end,Full-S1,True,0,159,10.557542031165212
cuda,JNU,end_to_end,Full-S1,True,0,160,10.6282570050098
cuda,JNU,end_to_end,Full-S1,True,0,161,10.595046973321587
cuda,JNU,end_to_end,Full-S1,True,0,162,10.626044007949531
cuda,JNU,end_to_end,Full-S1,True,0,163,10.602863971143961
cuda,JNU,end_to_end,Full-S1,True,0,164,10.55463805096224
cuda,JNU,end_to_end,Full-S1,True,0,165,10.612812009640038
cuda,JNU,end_to_end,Full-S1,True,0,166,10.586767981294543
cuda,JNU,end_to_end,Full-S1,True,0,167,10.704516957048327
cuda,JNU,end_to_end,Full-S1,True,0,168,10.7784399879165
cuda,JNU,end_to_end,Full-S1,True,0,169,10.650929005350918
cuda,JNU,end_to_end,Full-S1,True,0,170,10.551361017860472
cuda,JNU,end_to_end,Full-S1,True,0,171,10.601604008115828
cuda,JNU,end_to_end,Full-S1,True,0,172,10.625715018250048
cuda,JNU,end_to_end,Full-S1,True,0,173,10.363415989559144
cuda,JNU,end_to_end,Full-S1,True,0,174,9.877650998532772
cuda,JNU,end_to_end,Full-S1,True,0,175,9.894955030176789
cuda,JNU,end_to_end,Full-S1,True,0,176,9.856882970780134
cuda,JNU,end_to_end,Full-S1,True,0,177,10.16786799300462
cuda,JNU,end_to_end,Full-S1,True,0,178,10.393622040282935
cuda,JNU,end_to_end,Full-S1,True,0,179,10.107641981448978
cuda,JNU,end_to_end,Full-S1,True,0,180,10.390116018243134
cuda,JNU,end_to_end,Full-S1,True,0,181,10.122845007572323
cuda,JNU,end_to_end,Full-S1,True,0,182,10.367091046646237
cuda,JNU,end_to_end,Full-S1,True,0,183,9.904872043989599
cuda,JNU,end_to_end,Full-S1,True,0,184,9.875388990622014
cuda,JNU,end_to_end,Full-S1,True,0,185,9.966271987650543
cuda,JNU,end_to_end,Full-S1,True,0,186,9.939718001987785
cuda,JNU,end_to_end,Full-S1,True,0,187,9.966500976588577
cuda,JNU,end_to_end,Full-S1,True,0,188,10.180469020269811
cuda,JNU,end_to_end,Full-S1,True,0,189,10.329693963285536
cuda,JNU,end_to_end,Full-S1,True,0,190,10.627488023601472
cuda,JNU,end_to_end,Full-S1,True,0,191,9.92333103204146
cuda,JNU,end_to_end,Full-S1,True,0,192,9.936620015650988
cuda,JNU,end_to_end,Full-S1,True,0,193,9.882298007141799
cuda,JNU,end_to_end,Full-S1,True,0,194,9.883767983410507
cuda,JNU,end_to_end,Full-S1,True,0,195,10.094369994476438
cuda,JNU,end_to_end,Full-S1,True,0,196,10.573953972198069
cuda,JNU,end_to_end,Full-S1,True,0,197,10.436645010486245
cuda,JNU,end_to_end,Full-S1,True,0,198,9.907207975629717
cuda,JNU,end_to_end,Full-S1,True,0,199,9.84840898308903
cuda,JNU,end_to_end,Full-S1,True,0,200,9.868278983049095
cuda,JNU,end_to_end,Full-S1,True,0,201,9.85897600185126
cuda,JNU,end_to_end,Full-S1,True,0,202,9.859619021881372
cuda,JNU,end_to_end,Full-S1,True,0,203,9.892463043797761
cuda,JNU,end_to_end,Full-S1,True,0,204,9.90408897632733
cuda,JNU,end_to_end,Full-S1,True,0,205,9.839011006988585
cuda,JNU,end_to_end,Full-S1,True,0,206,9.904523962177336
cuda,JNU,end_to_end,Full-S1,True,0,207,10.073996963910758
cuda,JNU,end_to_end,Full-S1,True,0,208,10.36663301056251
cuda,JNU,end_to_end,Full-S1,True,0,209,9.89896897226572
cuda,JNU,end_to_end,Full-S1,True,0,210,10.193470981903374
cuda,JNU,end_to_end,Full-S1,True,0,211,10.350395983550698
cuda,JNU,end_to_end,Full-S1,True,0,212,9.866409993264824
cuda,JNU,end_to_end,Full-S1,True,0,213,9.869349014479667
cuda,JNU,end_to_end,Full-S1,True,0,214,9.884464961942285
cuda,JNU,end_to_end,Full-S1,True,0,215,9.848687972407788
cuda,JNU,end_to_end,Full-S1,True,0,216,9.867564018350095
cuda,JNU,end_to_end,Full-S1,True,0,217,9.867627988569438
cuda,JNU,end_to_end,Full-S1,True,0,218,9.905587998218834
cuda,JNU,end_to_end,Full-S1,True,0,219,9.894791000988334
cuda,JNU,end_to_end,Full-S1,True,0,220,9.882791026029736
cuda,JNU,end_to_end,Full-S1,True,0,221,9.860982012469321
cuda,JNU,end_to_end,Full-S1,True,0,222,9.843452018685639
cuda,JNU,end_to_end,Full-S1,True,0,223,9.872898983303457
cuda,JNU,end_to_end,Full-S1,True,0,224,9.8455740371719
cuda,JNU,end_to_end,Full-S1,True,0,225,10.135386954061687
cuda,JNU,end_to_end,Full-S1,True,0,226,10.651796008460224
cuda,JNU,end_to_end,Full-S1,True,0,227,10.359225969295949
cuda,JNU,end_to_end,Full-S1,True,0,228,9.882115002255887
cuda,JNU,end_to_end,Full-S1,True,0,229,9.85976099036634
cuda,JNU,end_to_end,Full-S1,True,0,230,9.881928970571607
cuda,JNU,end_to_end,Full-S1,True,0,231,9.854173054918647
cuda,JNU,end_to_end,Full-S1,True,0,232,9.928742016199976
cuda,JNU,end_to_end,Full-S1,True,0,233,10.093304968904704
cuda,JNU,end_to_end,Full-S1,True,0,234,10.379332001321018
cuda,JNU,end_to_end,Full-S1,True,0,235,9.885924984700978
cuda,JNU,end_to_end,Full-S1,True,0,236,10.124307009391487
cuda,JNU,end_to_end,Full-S1,True,0,237,10.390173003543168
cuda,JNU,end_to_end,Full-S1,True,0,238,9.894118004012853
cuda,JNU,end_to_end,Full-S1,True,0,239,9.858560981228948
cuda,JNU,end_to_end,Full-S1,True,0,240,10.118762031197548
cuda,JNU,end_to_end,Full-S1,True,0,241,10.39004500489682
cuda,JNU,end_to_end,Full-S1,True,0,242,10.149819019716233
cuda,JNU,end_to_end,Full-S1,True,0,243,10.612073994707316
cuda,JNU,end_to_end,Full-S1,True,0,244,10.389539995230734
cuda,JNU,end_to_end,Full-S1,True,0,245,9.857961966190487
cuda,JNU,end_to_end,Full-S1,True,0,246,9.87071602139622
cuda,JNU,end_to_end,Full-S1,True,0,247,10.121756000444293
cuda,JNU,end_to_end,Full-S1,True,0,248,10.381355008576065
cuda,JNU,end_to_end,Full-S1,True,0,249,9.882096957881004
cuda,JNU,end_to_end,K1,True,0,0,6.172713008709252
cuda,JNU,end_to_end,K1,True,0,1,6.401157006621361
cuda,JNU,end_to_end,K1,True,0,2,6.7808390012942255
cuda,JNU,end_to_end,K1,True,0,3,6.570771976839751
cuda,JNU,end_to_end,K1,True,0,4,6.314344995189458
cuda,JNU,end_to_end,K1,True,0,5,6.753589026629925
cuda,JNU,end_to_end,K1,True,0,6,6.757595052476972
cuda,JNU,end_to_end,K1,True,0,7,6.7670540302060544
cuda,JNU,end_to_end,K1,True,0,8,6.544868985656649
cuda,JNU,end_to_end,K1,True,0,9,6.0789669514633715
cuda,JNU,end_to_end,K1,True,0,10,6.376906007062644
cuda,JNU,end_to_end,K1,True,0,11,6.783730001188815
cuda,JNU,end_to_end,K1,True,0,12,6.762069999240339
cuda,JNU,end_to_end,K1,True,0,13,6.781553965993226
cuda,JNU,end_to_end,K1,True,0,14,6.8034049472771585
cuda,JNU,end_to_end,K1,True,0,15,6.788296974264085
cuda,JNU,end_to_end,K1,True,0,16,6.770631007384509
cuda,JNU,end_to_end,K1,True,0,17,6.597196974325925
cuda,JNU,end_to_end,K1,True,0,18,6.345579982735217
cuda,JNU,end_to_end,K1,True,0,19,6.791024003177881
cuda,JNU,end_to_end,K1,True,0,20,6.579916982445866
cuda,JNU,end_to_end,K1,True,0,21,6.305889051873237
cuda,JNU,end_to_end,K1,True,0,22,6.741110002622008
cuda,JNU,end_to_end,K1,True,0,23,6.762675999198109
cuda,JNU,end_to_end,K1,True,0,24,6.565890973433852
cuda,JNU,end_to_end,K1,True,0,25,6.400815036613494
cuda,JNU,end_to_end,K1,True,0,26,6.8359149736352265
cuda,JNU,end_to_end,K1,True,0,27,6.799313996452838
cuda,JNU,end_to_end,K1,True,0,28,6.77276001079008
cuda,JNU,end_to_end,K1,True,0,29,6.759077019523829
cuda,JNU,end_to_end,K1,True,0,30,7.433400023728609
cuda,JNU,end_to_end,K1,True,0,31,6.792825006414205
cuda,JNU,end_to_end,K1,True,0,32,6.774430046789348
cuda,JNU,end_to_end,K1,True,0,33,6.747638050001115
cuda,JNU,end_to_end,K1,True,0,34,6.757523980922997
cuda,JNU,end_to_end,K1,True,0,35,6.743286037817597
cuda,JNU,end_to_end,K1,True,0,36,6.556838052347302
cuda,JNU,end_to_end,K1,True,0,37,6.091504008509219
cuda,JNU,end_to_end,K1,True,0,38,6.326811038888991
cuda,JNU,end_to_end,K1,True,0,39,6.526782002765685
cuda,JNU,end_to_end,K1,True,0,40,6.069157971069217
cuda,JNU,end_to_end,K1,True,0,41,6.1058439896442
cuda,JNU,end_to_end,K1,True,0,42,6.323452980723232
cuda,JNU,end_to_end,K1,True,0,43,6.782922020647675
cuda,JNU,end_to_end,K1,True,0,44,6.7946010385639966
cuda,JNU,end_to_end,K1,True,0,45,6.558694993145764
cuda,JNU,end_to_end,K1,True,0,46,6.355157995130867
cuda,JNU,end_to_end,K1,True,0,47,6.570744968485087
cuda,JNU,end_to_end,K1,True,0,48,6.319876993075013
cuda,JNU,end_to_end,K1,True,0,49,6.766259961295873
cuda,JNU,end_to_end,K1,True,0,50,6.540493981447071
cuda,JNU,end_to_end,K1,True,0,51,6.100863975007087
cuda,JNU,end_to_end,K1,True,0,52,6.320964952465147
cuda,JNU,end_to_end,K1,True,0,53,6.547329016029835
cuda,JNU,end_to_end,K1,True,0,54,6.3276689616031945
cuda,JNU,end_to_end,K1,True,0,55,6.737003976013511
cuda,JNU,end_to_end,K1,True,0,56,6.758857984095812
cuda,JNU,end_to_end,K1,True,0,57,6.784435012377799
cuda,JNU,end_to_end,K1,True,0,58,6.794843997340649
cuda,JNU,end_to_end,K1,True,0,59,6.799323949962854
cuda,JNU,end_to_end,K1,True,0,60,6.761860044207424
cuda,JNU,end_to_end,K1,True,0,61,6.766988022718579
cuda,JNU,end_to_end,K1,True,0,62,6.761035008821636
cuda,JNU,end_to_end,K1,True,0,63,6.80879398714751
cuda,JNU,end_to_end,K1,True,0,64,6.561464979313314
cuda,JNU,end_to_end,K1,True,0,65,6.127679022029042
cuda,JNU,end_to_end,K1,True,0,66,6.063145003281534
cuda,JNU,end_to_end,K1,True,0,67,6.098455982282758
cuda,JNU,end_to_end,K1,True,0,68,6.325193971861154
cuda,JNU,end_to_end,K1,True,0,69,6.735159025993198
cuda,JNU,end_to_end,K1,True,0,70,6.764829973690212
cuda,JNU,end_to_end,K1,True,0,71,6.532668019644916
cuda,JNU,end_to_end,K1,True,0,72,6.052953016478568
cuda,JNU,end_to_end,K1,True,0,73,6.095628021284938
cuda,JNU,end_to_end,K1,True,0,74,6.288919015787542
cuda,JNU,end_to_end,K1,True,0,75,6.777863018214703
cuda,JNU,end_to_end,K1,True,0,76,6.777931994292885
cuda,JNU,end_to_end,K1,True,0,77,6.749384046997875
cuda,JNU,end_to_end,K1,True,0,78,6.538106012158096
cuda,JNU,end_to_end,K1,True,0,79,6.084767985157669
cuda,JNU,end_to_end,K1,True,0,80,6.045832997187972
cuda,JNU,end_to_end,K1,True,0,81,6.339301005937159
cuda,JNU,end_to_end,K1,True,0,82,6.599680986255407
cuda,JNU,end_to_end,K1,True,0,83,6.345728994347155
cuda,JNU,end_to_end,K1,True,0,84,6.802121992222965
cuda,JNU,end_to_end,K1,True,0,85,6.577769003342837
cuda,JNU,end_to_end,K1,True,0,86,6.1205929960124195
cuda,JNU,end_to_end,K1,True,0,87,6.087107001803815
cuda,JNU,end_to_end,K1,True,0,88,6.088784022722393
cuda,JNU,end_to_end,K1,True,0,89,6.36910303728655
cuda,JNU,end_to_end,K1,True,0,90,6.5836799913086
cuda,JNU,end_to_end,K1,True,0,91,6.1203339719213545
cuda,JNU,end_to_end,K1,True,0,92,6.070004950743169
cuda,JNU,end_to_end,K1,True,0,93,6.088254973292351
cuda,JNU,end_to_end,K1,True,0,94,6.355137040372938
cuda,JNU,end_to_end,K1,True,0,95,6.586894975043833
cuda,JNU,end_to_end,K1,True,0,96,6.07775297248736
cuda,JNU,end_to_end,K1,True,0,97,6.074417964555323
cuda,JNU,end_to_end,K1,True,0,98,6.325158989056945
cuda,JNU,end_to_end,K1,True,0,99,6.605783011764288
cuda,JNU,end_to_end,K1,True,0,100,6.0917140217497945
cuda,JNU,end_to_end,K1,True,0,101,6.104296015109867
cuda,JNU,end_to_end,K1,True,0,102,6.342904001940042
cuda,JNU,end_to_end,K1,True,0,103,6.581114954315126
cuda,JNU,end_to_end,K1,True,0,104,6.090195965953171
cuda,JNU,end_to_end,K1,True,0,105,6.080839957576245
cuda,JNU,end_to_end,K1,True,0,106,6.100110011175275
cuda,JNU,end_to_end,K1,True,0,107,6.0824090032838285
cuda,JNU,end_to_end,K1,True,0,108,6.358532002195716
cuda,JNU,end_to_end,K1,True,0,109,6.657624035142362
cuda,JNU,end_to_end,K1,True,0,110,6.362835003528744
cuda,JNU,end_to_end,K1,True,0,111,6.831309990957379
cuda,JNU,end_to_end,K1,True,0,112,6.790217012166977
cuda,JNU,end_to_end,K1,True,0,113,6.571278965566307
cuda,JNU,end_to_end,K1,True,0,114,6.103876046836376
cuda,JNU,end_to_end,K1,True,0,115,6.371769995894283
cuda,JNU,end_to_end,K1,True,0,116,6.634168035816401
cuda,JNU,end_to_end,K1,True,0,117,6.406638014595956
cuda,JNU,end_to_end,K1,True,0,118,6.628074974287301
cuda,JNU,end_to_end,K1,True,0,119,6.093192030675709
cuda,JNU,end_to_end,K1,True,0,120,6.078089005313814
cuda,JNU,end_to_end,K1,True,0,121,6.070917006582022
cuda,JNU,end_to_end,K1,True,0,122,6.289621000178158
cuda,JNU,end_to_end,K1,True,0,123,6.601931003388017
cuda,JNU,end_to_end,K1,True,0,124,6.297054991591722
cuda,JNU,end_to_end,K1,True,0,125,6.653225980699062
cuda,JNU,end_to_end,K1,True,0,126,6.353989010676742
cuda,JNU,end_to_end,K1,True,0,127,6.547458004206419
cuda,JNU,end_to_end,K1,True,0,128,6.089045025873929
cuda,JNU,end_to_end,K1,True,0,129,6.088975991588086
cuda,JNU,end_to_end,K1,True,0,130,6.069480965379626
cuda,JNU,end_to_end,K1,True,0,131,6.103639956563711
cuda,JNU,end_to_end,K1,True,0,132,6.300717010162771
cuda,JNU,end_to_end,K1,True,0,133,6.565640971530229
cuda,JNU,end_to_end,K1,True,0,134,6.081480998545885
cuda,JNU,end_to_end,K1,True,0,135,6.063459033612162
cuda,JNU,end_to_end,K1,True,0,136,6.351227988488972
cuda,JNU,end_to_end,K1,True,0,137,6.794366054236889
cuda,JNU,end_to_end,K1,True,0,138,6.5674829529598355
cuda,JNU,end_to_end,K1,True,0,139,6.065230001695454
cuda,JNU,end_to_end,K1,True,0,140,6.155513983685523
cuda,JNU,end_to_end,K1,True,0,141,6.1234000022523105
cuda,JNU,end_to_end,K1,True,0,142,6.077285041101277
cuda,JNU,end_to_end,K1,True,0,143,6.120542995631695
cuda,JNU,end_to_end,K1,True,0,144,6.098260986618698
cuda,JNU,end_to_end,K1,True,0,145,6.039123982191086
cuda,JNU,end_to_end,K1,True,0,146,6.201957003213465
cuda,JNU,end_to_end,K1,True,0,147,6.092899013310671
cuda,JNU,end_to_end,K1,True,0,148,6.068926013540477
cuda,JNU,end_to_end,K1,True,0,149,6.0551330097950995
cuda,JNU,end_to_end,K1,True,0,150,6.097799981944263
cuda,JNU,end_to_end,K1,True,0,151,6.135457020718604
cuda,JNU,end_to_end,K1,True,0,152,6.081271974835545
cuda,JNU,end_to_end,K1,True,0,153,6.046939000952989
cuda,JNU,end_to_end,K1,True,0,154,6.111747003160417
cuda,JNU,end_to_end,K1,True,0,155,6.062934990040958
cuda,JNU,end_to_end,K1,True,0,156,6.084693013690412
cuda,JNU,end_to_end,K1,True,0,157,6.09211198752746
cuda,JNU,end_to_end,K1,True,0,158,6.10004598274827
cuda,JNU,end_to_end,K1,True,0,159,6.101601989939809
cuda,JNU,end_to_end,K1,True,0,160,6.120778038166463
cuda,JNU,end_to_end,K1,True,0,161,6.102902989368886
cuda,JNU,end_to_end,K1,True,0,162,6.078067992348224
cuda,JNU,end_to_end,K1,True,0,163,6.118871970102191
cuda,JNU,end_to_end,K1,True,0,164,6.061066989786923
cuda,JNU,end_to_end,K1,True,0,165,6.07804796891287
cuda,JNU,end_to_end,K1,True,0,166,6.083657033741474
cuda,JNU,end_to_end,K1,True,0,167,6.111335009336472
cuda,JNU,end_to_end,K1,True,0,168,6.060036015696824
cuda,JNU,end_to_end,K1,True,0,169,6.09291298314929
cuda,JNU,end_to_end,K1,True,0,170,6.104697997216135
cuda,JNU,end_to_end,K1,True,0,171,6.070958042982966
cuda,JNU,end_to_end,K1,True,0,172,6.0992909711785614
cuda,JNU,end_to_end,K1,True,0,173,6.061988009605557
cuda,JNU,end_to_end,K1,True,0,174,6.08699198346585
cuda,JNU,end_to_end,K1,True,0,175,6.0920570394955575
cuda,JNU,end_to_end,K1,True,0,176,6.065294030122459
cuda,JNU,end_to_end,K1,True,0,177,6.098202953580767
cuda,JNU,end_to_end,K1,True,0,178,6.063869979698211
cuda,JNU,end_to_end,K1,True,0,179,6.131549016572535
cuda,JNU,end_to_end,K1,True,0,180,6.0918600065633655
cuda,JNU,end_to_end,K1,True,0,181,6.081296014599502
cuda,JNU,end_to_end,K1,True,0,182,6.128213950432837
cuda,JNU,end_to_end,K1,True,0,183,6.1236220062710345
cuda,JNU,end_to_end,K1,True,0,184,6.1123070190660655
cuda,JNU,end_to_end,K1,True,0,185,6.0688090161420405
cuda,JNU,end_to_end,K1,True,0,186,6.100000988226384
cuda,JNU,end_to_end,K1,True,0,187,6.065153982490301
cuda,JNU,end_to_end,K1,True,0,188,6.123253959231079
cuda,JNU,end_to_end,K1,True,0,189,6.063899025321007
cuda,JNU,end_to_end,K1,True,0,190,6.078782957047224
cuda,JNU,end_to_end,K1,True,0,191,6.121366983279586
cuda,JNU,end_to_end,K1,True,0,192,6.088702997658402
cuda,JNU,end_to_end,K1,True,0,193,6.099744001403451
cuda,JNU,end_to_end,K1,True,0,194,6.088641006499529
cuda,JNU,end_to_end,K1,True,0,195,6.099194986745715
cuda,JNU,end_to_end,K1,True,0,196,6.080677965655923
cuda,JNU,end_to_end,K1,True,0,197,6.1287059797905385
cuda,JNU,end_to_end,K1,True,0,198,6.161391036584973
cuda,JNU,end_to_end,K1,True,0,199,6.166280014440417
cuda,JNU,end_to_end,K1,True,0,200,6.102693034335971
cuda,JNU,end_to_end,K1,True,0,201,6.078349018935114
cuda,JNU,end_to_end,K1,True,0,202,6.077271013054997
cuda,JNU,end_to_end,K1,True,0,203,6.124248960986733
cuda,JNU,end_to_end,K1,True,0,204,6.0978790279477835
cuda,JNU,end_to_end,K1,True,0,205,6.091984978411347
cuda,JNU,end_to_end,K1,True,0,206,6.102530984207988
cuda,JNU,end_to_end,K1,True,0,207,6.104681990109384
cuda,JNU,end_to_end,K1,True,0,208,6.052925018593669
cuda,JNU,end_to_end,K1,True,0,209,6.069308030419052
cuda,JNU,end_to_end,K1,True,0,210,6.132505019195378
cuda,JNU,end_to_end,K1,True,0,211,6.138661992736161
cuda,JNU,end_to_end,K1,True,0,212,6.105085019953549
cuda,JNU,end_to_end,K1,True,0,213,6.061399995815009
cuda,JNU,end_to_end,K1,True,0,214,6.122159014921635
cuda,JNU,end_to_end,K1,True,0,215,6.142678030300885
cuda,JNU,end_to_end,K1,True,0,216,6.095740012824535
cuda,JNU,end_to_end,K1,True,0,217,6.102909974288195
cuda,JNU,end_to_end,K1,True,0,218,6.098058016505092
cuda,JNU,end_to_end,K1,True,0,219,6.098320998717099
cuda,JNU,end_to_end,K1,True,0,220,6.100377009715885
cuda,JNU,end_to_end,K1,True,0,221,6.061244988813996
cuda,JNU,end_to_end,K1,True,0,222,6.108811008743942
cuda,JNU,end_to_end,K1,True,0,223,6.096981989685446
cuda,JNU,end_to_end,K1,True,0,224,6.101403036154807
cuda,JNU,end_to_end,K1,True,0,225,6.113688985351473
cuda,JNU,end_to_end,K1,True,0,226,6.113571987953037
cuda,JNU,end_to_end,K1,True,0,227,6.10849802615121
cuda,JNU,end_to_end,K1,True,0,228,6.082099978812039
cuda,JNU,end_to_end,K1,True,0,229,6.101973005570471
cuda,JNU,end_to_end,K1,True,0,230,6.12021901179105
cuda,JNU,end_to_end,K1,True,0,231,6.10146694816649
cuda,JNU,end_to_end,K1,True,0,232,6.088041991461068
cuda,JNU,end_to_end,K1,True,0,233,6.097226985730231
cuda,JNU,end_to_end,K1,True,0,234,6.0531869530677795
cuda,JNU,end_to_end,K1,True,0,235,6.083464017137885
cuda,JNU,end_to_end,K1,True,0,236,6.108622008468956
cuda,JNU,end_to_end,K1,True,0,237,6.118057994171977
cuda,JNU,end_to_end,K1,True,0,238,6.123159022536129
cuda,JNU,end_to_end,K1,True,0,239,6.142113998066634
cuda,JNU,end_to_end,K1,True,0,240,6.148128013592213
cuda,JNU,end_to_end,K1,True,0,241,6.1119269812479615
cuda,JNU,end_to_end,K1,True,0,242,6.09817000804469
cuda,JNU,end_to_end,K1,True,0,243,6.074799050111324
cuda,JNU,end_to_end,K1,True,0,244,6.077414029277861
cuda,JNU,end_to_end,K1,True,0,245,6.106719025410712
cuda,JNU,end_to_end,K1,True,0,246,6.109093956183642
cuda,JNU,end_to_end,K1,True,0,247,6.116794014815241
cuda,JNU,end_to_end,K1,True,0,248,6.030233984347433
cuda,JNU,end_to_end,K1,True,0,249,6.125530984718353
cuda,JNU,end_to_end,K1,True,1,0,6.094673997722566
cuda,JNU,end_to_end,K1,True,1,1,6.098302954342216
cuda,JNU,end_to_end,K1,True,1,2,6.192557979375124
cuda,JNU,end_to_end,K1,True,1,3,6.148443033453077
cuda,JNU,end_to_end,K1,True,1,4,6.167803017888218
cuda,JNU,end_to_end,K1,True,1,5,6.110101996455342
cuda,JNU,end_to_end,K1,True,1,6,6.085822999011725
cuda,JNU,end_to_end,K1,True,1,7,6.147002044599503
cuda,JNU,end_to_end,K1,True,1,8,6.086384993977845
cuda,JNU,end_to_end,K1,True,1,9,6.088032969273627
cuda,JNU,end_to_end,K1,True,1,10,6.168427993543446
cuda,JNU,end_to_end,K1,True,1,11,6.1117769801057875
cuda,JNU,end_to_end,K1,True,1,12,6.11695199040696
cuda,JNU,end_to_end,K1,True,1,13,6.130820023827255
cuda,JNU,end_to_end,K1,True,1,14,6.105120002757758
cuda,JNU,end_to_end,K1,True,1,15,6.0818829806521535
cuda,JNU,end_to_end,K1,True,1,16,6.1410400085151196
cuda,JNU,end_to_end,K1,True,1,17,6.103249965235591
cuda,JNU,end_to_end,K1,True,1,18,6.05735502904281
cuda,JNU,end_to_end,K1,True,1,19,6.069605005905032
cuda,JNU,end_to_end,K1,True,1,20,6.070590985473245
cuda,JNU,end_to_end,K1,True,1,21,6.107071996666491
cuda,JNU,end_to_end,K1,True,1,22,6.070958042982966
cuda,JNU,end_to_end,K1,True,1,23,6.086683017201722
cuda,JNU,end_to_end,K1,True,1,24,6.071155017707497
cuda,JNU,end_to_end,K1,True,1,25,6.103288964368403
cuda,JNU,end_to_end,K1,True,1,26,6.116169970482588
cuda,JNU,end_to_end,K1,True,1,27,6.069276947528124
cuda,JNU,end_to_end,K1,True,1,28,6.118109973613173
cuda,JNU,end_to_end,K1,True,1,29,6.086938956286758
cuda,JNU,end_to_end,K1,True,1,30,6.088469992391765
cuda,JNU,end_to_end,K1,True,1,31,6.107961991801858
cuda,JNU,end_to_end,K1,True,1,32,6.069776020012796
cuda,JNU,end_to_end,K1,True,1,33,6.10036397119984
cuda,JNU,end_to_end,K1,True,1,34,6.050624011550099
cuda,JNU,end_to_end,K1,True,1,35,6.088955968152732
cuda,JNU,end_to_end,K1,True,1,36,6.081288971472532
cuda,JNU,end_to_end,K1,True,1,37,6.0972850187681615
cuda,JNU,end_to_end,K1,True,1,38,6.065052002668381
cuda,JNU,end_to_end,K1,True,1,39,6.10479898750782
cuda,JNU,end_to_end,K1,True,1,40,6.091649003792554
cuda,JNU,end_to_end,K1,True,1,41,6.087663990911096
cuda,JNU,end_to_end,K1,True,1,42,6.0749370022676885
cuda,JNU,end_to_end,K1,True,1,43,6.0850680456496775
cuda,JNU,end_to_end,K1,True,1,44,6.061749998480082
cuda,JNU,end_to_end,K1,True,1,45,6.113096023909748
cuda,JNU,end_to_end,K1,True,1,46,6.084117980208248
cuda,JNU,end_to_end,K1,True,1,47,6.061139982193708
cuda,JNU,end_to_end,K1,True,1,48,6.091819028370082
cuda,JNU,end_to_end,K1,True,1,49,6.081246014218777
cuda,JNU,end_to_end,K1,True,1,50,6.08679698780179
cuda,JNU,end_to_end,K1,True,1,51,6.060966989025474
cuda,JNU,end_to_end,K1,True,1,52,6.097196019254625
cuda,JNU,end_to_end,K1,True,1,53,6.0651490348391235
cuda,JNU,end_to_end,K1,True,1,54,6.075659999623895
cuda,JNU,end_to_end,K1,True,1,55,6.088558002375066
cuda,JNU,end_to_end,K1,True,1,56,6.06011605123058
cuda,JNU,end_to_end,K1,True,1,57,6.21838599909097
cuda,JNU,end_to_end,K1,True,1,58,6.0574079980142415
cuda,JNU,end_to_end,K1,True,1,59,6.053682009223849
cuda,JNU,end_to_end,K1,True,1,60,6.041991000529379
cuda,JNU,end_to_end,K1,True,1,61,6.073279946576804
cuda,JNU,end_to_end,K1,True,1,62,6.069246039260179
cuda,JNU,end_to_end,K1,True,1,63,6.0314100119285285
cuda,JNU,end_to_end,K1,True,1,64,6.030076998285949
cuda,JNU,end_to_end,K1,True,1,65,6.089870003052056
cuda,JNU,end_to_end,K1,True,1,66,6.0377250192686915
cuda,JNU,end_to_end,K1,True,1,67,6.099293997976929
cuda,JNU,end_to_end,K1,True,1,68,6.045410002116114
cuda,JNU,end_to_end,K1,True,1,69,6.060761981643736
cuda,JNU,end_to_end,K1,True,1,70,6.043939967639744
cuda,JNU,end_to_end,K1,True,1,71,6.047483009751886
cuda,JNU,end_to_end,K1,True,1,72,6.070700008422136
cuda,JNU,end_to_end,K1,True,1,73,6.0770679847337306
cuda,JNU,end_to_end,K1,True,1,74,6.045992020517588
cuda,JNU,end_to_end,K1,True,1,75,6.052053009625524
cuda,JNU,end_to_end,K1,True,1,76,6.066180998459458
cuda,JNU,end_to_end,K1,True,1,77,6.0780420317314565
cuda,JNU,end_to_end,K1,True,1,78,6.157828029245138
cuda,JNU,end_to_end,K1,True,1,79,6.055888021364808
cuda,JNU,end_to_end,K1,True,1,80,6.056776037439704
cuda,JNU,end_to_end,K1,True,1,81,6.036140955984592
cuda,JNU,end_to_end,K1,True,1,82,6.038939987774938
cuda,JNU,end_to_end,K1,True,1,83,6.020660046488047
cuda,JNU,end_to_end,K1,True,1,84,6.080028950236738
cuda,JNU,end_to_end,K1,True,1,85,6.045582005754113
cuda,JNU,end_to_end,K1,True,1,86,6.058059982024133
cuda,JNU,end_to_end,K1,True,1,87,6.050662021152675
cuda,JNU,end_to_end,K1,True,1,88,6.030121992807835
cuda,JNU,end_to_end,K1,True,1,89,6.170677021145821
cuda,JNU,end_to_end,K1,True,1,90,6.0689940000884235
cuda,JNU,end_to_end,K1,True,1,91,6.035902013536543
cuda,JNU,end_to_end,K1,True,1,92,6.02823996450752
cuda,JNU,end_to_end,K1,True,1,93,6.026625982485712
cuda,JNU,end_to_end,K1,True,1,94,6.051349977497011
cuda,JNU,end_to_end,K1,True,1,95,6.025651004165411
cuda,JNU,end_to_end,K1,True,1,96,6.115014024544507
cuda,JNU,end_to_end,K1,True,1,97,6.061486026737839
cuda,JNU,end_to_end,K1,True,1,98,6.109233014285564
cuda,JNU,end_to_end,K1,True,1,99,6.036171980667859
cuda,JNU,end_to_end,K1,True,1,100,6.086507986765355
cuda,JNU,end_to_end,K1,True,1,101,6.044609006494284
cuda,JNU,end_to_end,K1,True,1,102,6.08647201443091
cuda,JNU,end_to_end,K1,True,1,103,6.045594986062497
cuda,JNU,end_to_end,K1,True,1,104,6.055034988094121
cuda,JNU,end_to_end,K1,True,1,105,6.042920984327793
cuda,JNU,end_to_end,K1,True,1,106,6.031987024471164
cuda,JNU,end_to_end,K1,True,1,107,6.0373820015229285
cuda,JNU,end_to_end,K1,True,1,108,6.038046034518629
cuda,JNU,end_to_end,K1,True,1,109,6.030460994224995
cuda,JNU,end_to_end,K1,True,1,110,6.060798012185842
cuda,JNU,end_to_end,K1,True,1,111,6.059648003429174
cuda,JNU,end_to_end,K1,True,1,112,6.057941005565226
cuda,JNU,end_to_end,K1,True,1,113,6.045405985787511
cuda,JNU,end_to_end,K1,True,1,114,6.030065997038037
cuda,JNU,end_to_end,K1,True,1,115,6.06293702730909
cuda,JNU,end_to_end,K1,True,1,116,6.061333988327533
cuda,JNU,end_to_end,K1,True,1,117,6.025781040079892
cuda,JNU,end_to_end,K1,True,1,118,6.058029015548527
cuda,JNU,end_to_end,K1,True,1,119,6.048129987902939
cuda,JNU,end_to_end,K1,True,1,120,6.0257939621806145
cuda,JNU,end_to_end,K1,True,1,121,6.030743999872357
cuda,JNU,end_to_end,K1,True,1,122,6.051575997844338
cuda,JNU,end_to_end,K1,True,1,123,6.059112027287483
cuda,JNU,end_to_end,K1,True,1,124,6.018095999024808
cuda,JNU,end_to_end,K1,True,1,125,6.052158016245812
cuda,JNU,end_to_end,K1,True,1,126,6.039573054295033
cuda,JNU,end_to_end,K1,True,1,127,6.019730994012207
cuda,JNU,end_to_end,K1,True,1,128,6.055853969883174
cuda,JNU,end_to_end,K1,True,1,129,6.031695986166596
cuda,JNU,end_to_end,K1,True,1,130,6.031269964296371
cuda,JNU,end_to_end,K1,True,1,131,6.117912998888642
cuda,JNU,end_to_end,K1,True,1,132,6.0688049998134375
cuda,JNU,end_to_end,K1,True,1,133,6.044580019079149
cuda,JNU,end_to_end,K1,True,1,134,6.017620966304094
cuda,JNU,end_to_end,K1,True,1,135,6.087870977353305
cuda,JNU,end_to_end,K1,True,1,136,6.049946998246014
cuda,JNU,end_to_end,K1,True,1,137,6.086446053814143
cuda,JNU,end_to_end,K1,True,1,138,6.032873003277928
cuda,JNU,end_to_end,K1,True,1,139,6.084983004257083
cuda,JNU,end_to_end,K1,True,1,140,6.051118019968271
cuda,JNU,end_to_end,K1,True,1,141,6.026636983733624
cuda,JNU,end_to_end,K1,True,1,142,6.067302019800991
cuda,JNU,end_to_end,K1,True,1,143,6.078477017581463
cuda,JNU,end_to_end,K1,True,1,144,6.077101046685129
cuda,JNU,end_to_end,K1,True,1,145,6.059741019271314
cuda,JNU,end_to_end,K1,True,1,146,6.079444021452218
cuda,JNU,end_to_end,K1,True,1,147,6.040589010808617
cuda,JNU,end_to_end,K1,True,1,148,6.067680020350963
cuda,JNU,end_to_end,K1,True,1,149,6.050391995813698
cuda,JNU,end_to_end,K1,True,1,150,6.022182991728187
cuda,JNU,end_to_end,K1,True,1,151,6.071968993637711
cuda,JNU,end_to_end,K1,True,1,152,6.08444499084726
cuda,JNU,end_to_end,K1,True,1,153,6.090174021665007
cuda,JNU,end_to_end,K1,True,1,154,6.035095022525638
cuda,JNU,end_to_end,K1,True,1,155,6.014373037032783
cuda,JNU,end_to_end,K1,True,1,156,6.080932973418385
cuda,JNU,end_to_end,K1,True,1,157,6.086882029194385
cuda,JNU,end_to_end,K1,True,1,158,6.067509995773435
cuda,JNU,end_to_end,K1,True,1,159,6.032995006535202
cuda,JNU,end_to_end,K1,True,1,160,6.029293057508767
cuda,JNU,end_to_end,K1,True,1,161,6.058873957954347
cuda,JNU,end_to_end,K1,True,1,162,6.047016009688377
cuda,JNU,end_to_end,K1,True,1,163,6.075641023926437
cuda,JNU,end_to_end,K1,True,1,164,6.057063001208007
cuda,JNU,end_to_end,K1,True,1,165,6.04477699380368
cuda,JNU,end_to_end,K1,True,1,166,6.04023301275447
cuda,JNU,end_to_end,K1,True,1,167,6.112243980169296
cuda,JNU,end_to_end,K1,True,1,168,6.060403014998883
cuda,JNU,end_to_end,K1,True,1,169,6.044475012458861
cuda,JNU,end_to_end,K1,True,1,170,6.081631989218295
cuda,JNU,end_to_end,K1,True,1,171,6.071368989069015
cuda,JNU,end_to_end,K1,True,1,172,6.086062989197671
cuda,JNU,end_to_end,K1,True,1,173,6.102905026637018
cuda,JNU,end_to_end,K1,True,1,174,6.043467030394822
cuda,JNU,end_to_end,K1,True,1,175,6.062856991775334
cuda,JNU,end_to_end,K1,True,1,176,6.060137995518744
cuda,JNU,end_to_end,K1,True,1,177,6.102186976931989
cuda,JNU,end_to_end,K1,True,1,178,6.037516985088587
cuda,JNU,end_to_end,K1,True,1,179,6.062689004465938
cuda,JNU,end_to_end,K1,True,1,180,6.066251022275537
cuda,JNU,end_to_end,K1,True,1,181,6.062815024051815
cuda,JNU,end_to_end,K1,True,1,182,6.033407000359148
cuda,JNU,end_to_end,K1,True,1,183,6.027843977790326
cuda,JNU,end_to_end,K1,True,1,184,6.082488980609924
cuda,JNU,end_to_end,K1,True,1,185,6.071800016798079
cuda,JNU,end_to_end,K1,True,1,186,6.046755006536841
cuda,JNU,end_to_end,K1,True,1,187,6.05698098661378
cuda,JNU,end_to_end,K1,True,1,188,6.059842009562999
cuda,JNU,end_to_end,K1,True,1,189,6.066558009479195
cuda,JNU,end_to_end,K1,True,1,190,6.047580041922629
cuda,JNU,end_to_end,K1,True,1,191,6.0440750094130635
cuda,JNU,end_to_end,K1,True,1,192,6.051381002180278
cuda,JNU,end_to_end,K1,True,1,193,6.0663450276479125
cuda,JNU,end_to_end,K1,True,1,194,6.150043976958841
cuda,JNU,end_to_end,K1,True,1,195,6.03954098187387
cuda,JNU,end_to_end,K1,True,1,196,6.028586998581886
cuda,JNU,end_to_end,K1,True,1,197,6.069128983654082
cuda,JNU,end_to_end,K1,True,1,198,6.050088966730982
cuda,JNU,end_to_end,K1,True,1,199,6.006787996739149
cuda,JNU,end_to_end,K1,True,1,200,6.067309994250536
cuda,JNU,end_to_end,K1,True,1,201,6.435942021198571
cuda,JNU,end_to_end,K1,True,1,202,6.790562998503447
cuda,JNU,end_to_end,K1,True,1,203,6.755620997864753
cuda,JNU,end_to_end,K1,True,1,204,6.755072041414678
cuda,JNU,end_to_end,K1,True,1,205,6.778223963920027
cuda,JNU,end_to_end,K1,True,1,206,6.746562023181468
cuda,JNU,end_to_end,K1,True,1,207,6.747842009644955
cuda,JNU,end_to_end,K1,True,1,208,6.726386025547981
cuda,JNU,end_to_end,K1,True,1,209,6.767139013390988
cuda,JNU,end_to_end,K1,True,1,210,6.779056042432785
cuda,JNU,end_to_end,K1,True,1,211,6.726216000970453
cuda,JNU,end_to_end,K1,True,1,212,6.751578999683261
cuda,JNU,end_to_end,K1,True,1,213,6.754449044819921
cuda,JNU,end_to_end,K1,True,1,214,6.779501971323043
cuda,JNU,end_to_end,K1,True,1,215,6.756451970431954
cuda,JNU,end_to_end,K1,True,1,216,6.747292005456984
cuda,JNU,end_to_end,K1,True,1,217,6.738615047652274
cuda,JNU,end_to_end,K1,True,1,218,6.73762004589662
cuda,JNU,end_to_end,K1,True,1,219,6.7519880249165
cuda,JNU,end_to_end,K1,True,1,220,6.732965004630387
cuda,JNU,end_to_end,K1,True,1,221,6.781232950743288
cuda,JNU,end_to_end,K1,True,1,222,6.750341039150953
cuda,JNU,end_to_end,K1,True,1,223,6.79889798630029
cuda,JNU,end_to_end,K1,True,1,224,6.762748991604894
cuda,JNU,end_to_end,K1,True,1,225,6.779728981200606
cuda,JNU,end_to_end,K1,True,1,226,6.7628679680638015
cuda,JNU,end_to_end,K1,True,1,227,6.732292007654905
cuda,JNU,end_to_end,K1,True,1,228,6.774814042728394
cuda,JNU,end_to_end,K1,True,1,229,6.743338017258793
cuda,JNU,end_to_end,K1,True,1,230,6.772909022402018
cuda,JNU,end_to_end,K1,True,1,231,7.038916985038668
cuda,JNU,end_to_end,K1,True,1,232,7.999674999155104
cuda,JNU,end_to_end,K1,True,1,233,7.313770998734981
cuda,JNU,end_to_end,K1,True,1,234,6.818585970904678
cuda,JNU,end_to_end,K1,True,1,235,6.776586000341922
cuda,JNU,end_to_end,K1,True,1,236,6.886867980938405
cuda,JNU,end_to_end,K1,True,1,237,6.866590993013233
cuda,JNU,end_to_end,K1,True,1,238,7.11032998515293
cuda,JNU,end_to_end,K1,True,1,239,6.982774997595698
cuda,JNU,end_to_end,K1,True,1,240,6.7645530216395855
cuda,JNU,end_to_end,K1,True,1,241,6.74221501685679
cuda,JNU,end_to_end,K1,True,1,242,6.777798000257462
cuda,JNU,end_to_end,K1,True,1,243,6.753908994141966
cuda,JNU,end_to_end,K1,True,1,244,6.778070994187146
cuda,JNU,end_to_end,K1,True,1,245,6.795173976570368
cuda,JNU,end_to_end,K1,True,1,246,6.762476987205446
cuda,JNU,end_to_end,K1,True,1,247,6.798042042646557
cuda,JNU,end_to_end,K1,True,1,248,6.7365290015004575
cuda,JNU,end_to_end,K1,True,1,249,6.757666007615626
cuda,JNU,end_to_end,Full-S1,True,1,0,10.685801040381193
cuda,JNU,end_to_end,Full-S1,True,1,1,10.636581981088966
cuda,JNU,end_to_end,Full-S1,True,1,2,10.610389988869429
cuda,JNU,end_to_end,Full-S1,True,1,3,10.765822022221982
cuda,JNU,end_to_end,Full-S1,True,1,4,10.840301983989775
cuda,JNU,end_to_end,Full-S1,True,1,5,10.58614201610908
cuda,JNU,end_to_end,Full-S1,True,1,6,10.590371035505086
cuda,JNU,end_to_end,Full-S1,True,1,7,10.622794972732663
cuda,JNU,end_to_end,Full-S1,True,1,8,10.55498601635918
cuda,JNU,end_to_end,Full-S1,True,1,9,10.580794012639672
cuda,JNU,end_to_end,Full-S1,True,1,10,10.69719495717436
cuda,JNU,end_to_end,Full-S1,True,1,11,10.606190946418792
cuda,JNU,end_to_end,Full-S1,True,1,12,10.631139972247183
cuda,JNU,end_to_end,Full-S1,True,1,13,10.656964965164661
cuda,JNU,end_to_end,Full-S1,True,1,14,10.628177027683705
cuda,JNU,end_to_end,Full-S1,True,1,15,10.559216956607997
cuda,JNU,end_to_end,Full-S1,True,1,16,10.609182005282491
cuda,JNU,end_to_end,Full-S1,True,1,17,10.572769970167428
cuda,JNU,end_to_end,Full-S1,True,1,18,10.622845962643623
cuda,JNU,end_to_end,Full-S1,True,1,19,10.560846014413983
cuda,JNU,end_to_end,Full-S1,True,1,20,10.587366006802768
cuda,JNU,end_to_end,Full-S1,True,1,21,10.597346990834922
cuda,JNU,end_to_end,Full-S1,True,1,22,10.607609001453966
cuda,JNU,end_to_end,Full-S1,True,1,23,10.66220598295331
cuda,JNU,end_to_end,Full-S1,True,1,24,10.600713023450226
cuda,JNU,end_to_end,Full-S1,True,1,25,10.59016800718382
cuda,JNU,end_to_end,Full-S1,True,1,26,10.635586979333311
cuda,JNU,end_to_end,Full-S1,True,1,27,10.579816007521003
cuda,JNU,end_to_end,Full-S1,True,1,28,10.582934017293155
cuda,JNU,end_to_end,Full-S1,True,1,29,10.587603959720582
cuda,JNU,end_to_end,Full-S1,True,1,30,10.578857967630029
cuda,JNU,end_to_end,Full-S1,True,1,31,10.591669997666031
cuda,JNU,end_to_end,Full-S1,True,1,32,10.535131033975631
cuda,JNU,end_to_end,Full-S1,True,1,33,10.597039014101028
cuda,JNU,end_to_end,Full-S1,True,1,34,10.585810989141464
cuda,JNU,end_to_end,Full-S1,True,1,35,10.66666399128735
cuda,JNU,end_to_end,Full-S1,True,1,36,10.581536975223571
cuda,JNU,end_to_end,Full-S1,True,1,37,10.673534998204559
cuda,JNU,end_to_end,Full-S1,True,1,38,10.584532981738448
cuda,JNU,end_to_end,Full-S1,True,1,39,10.621781984809786
cuda,JNU,end_to_end,Full-S1,True,1,40,10.635193029884249
cuda,JNU,end_to_end,Full-S1,True,1,41,10.642369044944644
cuda,JNU,end_to_end,Full-S1,True,1,42,10.568488971330225
cuda,JNU,end_to_end,Full-S1,True,1,43,10.804018005728722
cuda,JNU,end_to_end,Full-S1,True,1,44,10.69622696377337
cuda,JNU,end_to_end,Full-S1,True,1,45,10.588470031507313
cuda,JNU,end_to_end,Full-S1,True,1,46,10.555153014138341
cuda,JNU,end_to_end,Full-S1,True,1,47,10.609199001919478
cuda,JNU,end_to_end,Full-S1,True,1,48,10.621680994518101
cuda,JNU,end_to_end,Full-S1,True,1,49,10.555215005297214
cuda,JNU,end_to_end,Full-S1,True,1,50,10.586782998871058
cuda,JNU,end_to_end,Full-S1,True,1,51,10.595005995128304
cuda,JNU,end_to_end,Full-S1,True,1,52,10.599796019960195
cuda,JNU,end_to_end,Full-S1,True,1,53,10.566978016868234
cuda,JNU,end_to_end,Full-S1,True,1,54,10.595077998004854
cuda,JNU,end_to_end,Full-S1,True,1,55,10.577548004221171
cuda,JNU,end_to_end,Full-S1,True,1,56,10.673022014088929
cuda,JNU,end_to_end,Full-S1,True,1,57,10.585763026028872
cuda,JNU,end_to_end,Full-S1,True,1,58,10.609610995743424
cuda,JNU,end_to_end,Full-S1,True,1,59,10.57176396716386
cuda,JNU,end_to_end,Full-S1,True,1,60,10.562667972408235
cuda,JNU,end_to_end,Full-S1,True,1,61,10.633301048073918
cuda,JNU,end_to_end,Full-S1,True,1,62,10.646400973200798
cuda,JNU,end_to_end,Full-S1,True,1,63,10.606721974909306
cuda,JNU,end_to_end,Full-S1,True,1,64,10.676152014639229
cuda,JNU,end_to_end,Full-S1,True,1,65,10.57303900597617
cuda,JNU,end_to_end,Full-S1,True,1,66,10.561666975263506
cuda,JNU,end_to_end,Full-S1,True,1,67,10.602599009871483
cuda,JNU,end_to_end,Full-S1,True,1,68,10.608848999254405
cuda,JNU,end_to_end,Full-S1,True,1,69,10.573878011200577
cuda,JNU,end_to_end,Full-S1,True,1,70,10.584039031527936
cuda,JNU,end_to_end,Full-S1,True,1,71,10.583284019958228
cuda,JNU,end_to_end,Full-S1,True,1,72,10.59179799631238
cuda,JNU,end_to_end,Full-S1,True,1,73,10.583496012259275
cuda,JNU,end_to_end,Full-S1,True,1,74,10.567246994469315
cuda,JNU,end_to_end,Full-S1,True,1,75,10.627760028000921
cuda,JNU,end_to_end,Full-S1,True,1,76,10.56130399229005
cuda,JNU,end_to_end,Full-S1,True,1,77,10.63649298157543
cuda,JNU,end_to_end,Full-S1,True,1,78,10.561834962572902
cuda,JNU,end_to_end,Full-S1,True,1,79,10.614045022521168
cuda,JNU,end_to_end,Full-S1,True,1,80,10.542807984165847
cuda,JNU,end_to_end,Full-S1,True,1,81,10.565419972408563
cuda,JNU,end_to_end,Full-S1,True,1,82,10.575596999842674
cuda,JNU,end_to_end,Full-S1,True,1,83,10.568975005298853
cuda,JNU,end_to_end,Full-S1,True,1,84,10.597187036182731
cuda,JNU,end_to_end,Full-S1,True,1,85,10.61762502649799
cuda,JNU,end_to_end,Full-S1,True,1,86,10.602902038954198
cuda,JNU,end_to_end,Full-S1,True,1,87,10.565059026703238
cuda,JNU,end_to_end,Full-S1,True,1,88,10.624361981172115
cuda,JNU,end_to_end,Full-S1,True,1,89,10.553628031630069
cuda,JNU,end_to_end,Full-S1,True,1,90,10.64734102692455
cuda,JNU,end_to_end,Full-S1,True,1,91,10.605244024191052
cuda,JNU,end_to_end,Full-S1,True,1,92,10.651752992998809
cuda,JNU,end_to_end,Full-S1,True,1,93,10.623349982779473
cuda,JNU,end_to_end,Full-S1,True,1,94,10.598802007734776
cuda,JNU,end_to_end,Full-S1,True,1,95,10.608294978737831
cuda,JNU,end_to_end,Full-S1,True,1,96,10.581472015473992
cuda,JNU,end_to_end,Full-S1,True,1,97,10.677810001652688
cuda,JNU,end_to_end,Full-S1,True,1,98,10.828754981048405
cuda,JNU,end_to_end,Full-S1,True,1,99,10.625765018630773
cuda,JNU,end_to_end,Full-S1,True,1,100,10.606805037241429
cuda,JNU,end_to_end,Full-S1,True,1,101,10.637703002430499
cuda,JNU,end_to_end,Full-S1,True,1,102,10.560657014138997
cuda,JNU,end_to_end,Full-S1,True,1,103,10.694309952668846
cuda,JNU,end_to_end,Full-S1,True,1,104,10.581998969428241
cuda,JNU,end_to_end,Full-S1,True,1,105,10.622151021379977
cuda,JNU,end_to_end,Full-S1,True,1,106,10.598819993901998
cuda,JNU,end_to_end,Full-S1,True,1,107,10.561444971244782
cuda,JNU,end_to_end,Full-S1,True,1,108,10.629707016050816
cuda,JNU,end_to_end,Full-S1,True,1,109,10.562584968283772
cuda,JNU,end_to_end,Full-S1,True,1,110,10.589176032226533
cuda,JNU,end_to_end,Full-S1,True,1,111,10.568730998784304
cuda,JNU,end_to_end,Full-S1,True,1,112,10.610581957735121
cuda,JNU,end_to_end,Full-S1,True,1,113,10.594619030598551
cuda,JNU,end_to_end,Full-S1,True,1,114,10.6563990120776
cuda,JNU,end_to_end,Full-S1,True,1,115,10.580634989310056
cuda,JNU,end_to_end,Full-S1,True,1,116,10.638559004291892
cuda,JNU,end_to_end,Full-S1,True,1,117,10.590429999865592
cuda,JNU,end_to_end,Full-S1,True,1,118,10.628340009134263
cuda,JNU,end_to_end,Full-S1,True,1,119,10.534587956499308
cuda,JNU,end_to_end,Full-S1,True,1,120,10.62937401002273
cuda,JNU,end_to_end,Full-S1,True,1,121,10.613880003802478
cuda,JNU,end_to_end,Full-S1,True,1,122,10.596779000479728
cuda,JNU,end_to_end,Full-S1,True,1,123,10.603861010167748
cuda,JNU,end_to_end,Full-S1,True,1,124,10.664200002793223
cuda,JNU,end_to_end,Full-S1,True,1,125,10.592918028123677
cuda,JNU,end_to_end,Full-S1,True,1,126,10.586218035314232
cuda,JNU,end_to_end,Full-S1,True,1,127,10.625556984450668
cuda,JNU,end_to_end,Full-S1,True,1,128,10.615692008286715
cuda,JNU,end_to_end,Full-S1,True,1,129,10.62156999250874
cuda,JNU,end_to_end,Full-S1,True,1,130,10.585789976175874
cuda,JNU,end_to_end,Full-S1,True,1,131,10.628254036419094
cuda,JNU,end_to_end,Full-S1,True,1,132,10.610630037263036
cuda,JNU,end_to_end,Full-S1,True,1,133,10.57008799398318
cuda,JNU,end_to_end,Full-S1,True,1,134,10.589329991489649
cuda,JNU,end_to_end,Full-S1,True,1,135,10.595413972623646
cuda,JNU,end_to_end,Full-S1,True,1,136,10.605159972328693
cuda,JNU,end_to_end,Full-S1,True,1,137,10.657726030331105
cuda,JNU,end_to_end,Full-S1,True,1,138,10.782683966681361
cuda,JNU,end_to_end,Full-S1,True,1,139,10.611175035592169
cuda,JNU,end_to_end,Full-S1,True,1,140,10.605933959595859
cuda,JNU,end_to_end,Full-S1,True,1,141,10.60345396399498
cuda,JNU,end_to_end,Full-S1,True,1,142,10.580333997495472
cuda,JNU,end_to_end,Full-S1,True,1,143,10.609160992316902
cuda,JNU,end_to_end,Full-S1,True,1,144,10.570823040325195
cuda,JNU,end_to_end,Full-S1,True,1,145,10.571861988864839
cuda,JNU,end_to_end,Full-S1,True,1,146,10.60726901050657
cuda,JNU,end_to_end,Full-S1,True,1,147,10.624598944559693
cuda,JNU,end_to_end,Full-S1,True,1,148,10.638351959642023
cuda,JNU,end_to_end,Full-S1,True,1,149,10.582713992334902
cuda,JNU,end_to_end,Full-S1,True,1,150,10.620721965096891
cuda,JNU,end_to_end,Full-S1,True,1,151,10.572717001195997
cuda,JNU,end_to_end,Full-S1,True,1,152,10.576986998785287
cuda,JNU,end_to_end,Full-S1,True,1,153,10.613244958221912
cuda,JNU,end_to_end,Full-S1,True,1,154,10.58140501845628
cuda,JNU,end_to_end,Full-S1,True,1,155,10.587621945887804
cuda,JNU,end_to_end,Full-S1,True,1,156,10.632894991431385
cuda,JNU,end_to_end,Full-S1,True,1,157,10.615196952130646
cuda,JNU,end_to_end,Full-S1,True,1,158,10.588983015622944
cuda,JNU,end_to_end,Full-S1,True,1,159,10.663760011084378
cuda,JNU,end_to_end,Full-S1,True,1,160,10.563302028458565
cuda,JNU,end_to_end,Full-S1,True,1,161,10.585672978777438
cuda,JNU,end_to_end,Full-S1,True,1,162,10.580950998701155
cuda,JNU,end_to_end,Full-S1,True,1,163,10.617256979458034
cuda,JNU,end_to_end,Full-S1,True,1,164,10.598817956633866
cuda,JNU,end_to_end,Full-S1,True,1,165,10.596484993584454
cuda,JNU,end_to_end,Full-S1,True,1,166,10.575536987744272
cuda,JNU,end_to_end,Full-S1,True,1,167,10.575498978141695
cuda,JNU,end_to_end,Full-S1,True,1,168,10.560624999925494
cuda,JNU,end_to_end,Full-S1,True,1,169,10.593703016638756
cuda,JNU,end_to_end,Full-S1,True,1,170,10.575731983408332
cuda,JNU,end_to_end,Full-S1,True,1,171,10.583505965769291
cuda,JNU,end_to_end,Full-S1,True,1,172,10.593846964184195
cuda,JNU,end_to_end,Full-S1,True,1,173,10.55671600624919
cuda,JNU,end_to_end,Full-S1,True,1,174,10.582919989246875
cuda,JNU,end_to_end,Full-S1,True,1,175,10.589078010525554
cuda,JNU,end_to_end,Full-S1,True,1,176,10.616302955895662
cuda,JNU,end_to_end,Full-S1,True,1,177,10.601509013213217
cuda,JNU,end_to_end,Full-S1,True,1,178,10.642868001013994
cuda,JNU,end_to_end,Full-S1,True,1,179,10.56270202388987
cuda,JNU,end_to_end,Full-S1,True,1,180,10.589266021270305
cuda,JNU,end_to_end,Full-S1,True,1,181,10.55273599922657
cuda,JNU,end_to_end,Full-S1,True,1,182,10.715048003476113
cuda,JNU,end_to_end,Full-S1,True,1,183,10.604401992168278
cuda,JNU,end_to_end,Full-S1,True,1,184,10.570216982159764
cuda,JNU,end_to_end,Full-S1,True,1,185,10.612835001666099
cuda,JNU,end_to_end,Full-S1,True,1,186,10.58975700289011
cuda,JNU,end_to_end,Full-S1,True,1,187,10.619694017805159
cuda,JNU,end_to_end,Full-S1,True,1,188,10.600928973872215
cuda,JNU,end_to_end,Full-S1,True,1,189,10.55877102771774
cuda,JNU,end_to_end,Full-S1,True,1,190,10.632072982843965
cuda,JNU,end_to_end,Full-S1,True,1,191,10.600382986012846
cuda,JNU,end_to_end,Full-S1,True,1,192,10.754532006103545
cuda,JNU,end_to_end,Full-S1,True,1,193,10.681349958758801
cuda,JNU,end_to_end,Full-S1,True,1,194,10.577353998087347
cuda,JNU,end_to_end,Full-S1,True,1,195,10.623981012031436
cuda,JNU,end_to_end,Full-S1,True,1,196,10.568019992206246
cuda,JNU,end_to_end,Full-S1,True,1,197,10.577715002000332
cuda,JNU,end_to_end,Full-S1,True,1,198,10.61503798700869
cuda,JNU,end_to_end,Full-S1,True,1,199,10.5844049830921
cuda,JNU,end_to_end,Full-S1,True,1,200,10.604163981042802
cuda,JNU,end_to_end,Full-S1,True,1,201,10.61369600938633
cuda,JNU,end_to_end,Full-S1,True,1,202,10.627623996697366
cuda,JNU,end_to_end,Full-S1,True,1,203,10.603758972138166
cuda,JNU,end_to_end,Full-S1,True,1,204,10.604960029013455
cuda,JNU,end_to_end,Full-S1,True,1,205,10.607010975945741
cuda,JNU,end_to_end,Full-S1,True,1,206,10.600865993183106
cuda,JNU,end_to_end,Full-S1,True,1,207,10.579490044619888
cuda,JNU,end_to_end,Full-S1,True,1,208,10.590407997369766
cuda,JNU,end_to_end,Full-S1,True,1,209,10.574457992333919
cuda,JNU,end_to_end,Full-S1,True,1,210,10.576081986073405
cuda,JNU,end_to_end,Full-S1,True,1,211,10.593053011689335
cuda,JNU,end_to_end,Full-S1,True,1,212,10.601627989672124
cuda,JNU,end_to_end,Full-S1,True,1,213,10.615626990329474
cuda,JNU,end_to_end,Full-S1,True,1,214,10.557645000517368
cuda,JNU,end_to_end,Full-S1,True,1,215,10.60281100217253
cuda,JNU,end_to_end,Full-S1,True,1,216,10.580050002317876
cuda,JNU,end_to_end,Full-S1,True,1,217,10.617481952067465
cuda,JNU,end_to_end,Full-S1,True,1,218,10.586890974082053
cuda,JNU,end_to_end,Full-S1,True,1,219,10.602433991152793
cuda,JNU,end_to_end,Full-S1,True,1,220,10.603873000945896
cuda,JNU,end_to_end,Full-S1,True,1,221,10.590469988528639
cuda,JNU,end_to_end,Full-S1,True,1,222,10.52099501248449
cuda,JNU,end_to_end,Full-S1,True,1,223,10.607742005959153
cuda,JNU,end_to_end,Full-S1,True,1,224,10.587749013211578
cuda,JNU,end_to_end,Full-S1,True,1,225,10.544542979914695
cuda,JNU,end_to_end,Full-S1,True,1,226,10.596974985674024
cuda,JNU,end_to_end,Full-S1,True,1,227,10.590350953862071
cuda,JNU,end_to_end,Full-S1,True,1,228,10.53923595463857
cuda,JNU,end_to_end,Full-S1,True,1,229,10.581698035821319
cuda,JNU,end_to_end,Full-S1,True,1,230,10.53573505487293
cuda,JNU,end_to_end,Full-S1,True,1,231,10.491854976862669
cuda,JNU,end_to_end,Full-S1,True,1,232,10.730832000263035
cuda,JNU,end_to_end,Full-S1,True,1,233,10.602273978292942
cuda,JNU,end_to_end,Full-S1,True,1,234,10.623954993207008
cuda,JNU,end_to_end,Full-S1,True,1,235,10.58273995295167
cuda,JNU,end_to_end,Full-S1,True,1,236,10.578914952930063
cuda,JNU,end_to_end,Full-S1,True,1,237,10.557528003118932
cuda,JNU,end_to_end,Full-S1,True,1,238,10.62343904050067
cuda,JNU,end_to_end,Full-S1,True,1,239,10.555026005022228
cuda,JNU,end_to_end,Full-S1,True,1,240,10.62553602969274
cuda,JNU,end_to_end,Full-S1,True,1,241,10.572618979495019
cuda,JNU,end_to_end,Full-S1,True,1,242,10.566785000264645
cuda,JNU,end_to_end,Full-S1,True,1,243,10.596512991469353
cuda,JNU,end_to_end,Full-S1,True,1,244,10.614108003210276
cuda,JNU,end_to_end,Full-S1,True,1,245,10.58667100733146
cuda,JNU,end_to_end,Full-S1,True,1,246,10.598003980703652
cuda,JNU,end_to_end,Full-S1,True,1,247,10.592726001050323
cuda,JNU,end_to_end,Full-S1,True,1,248,10.626733012031764
cuda,JNU,end_to_end,Full-S1,True,1,249,10.614789964165539
cuda,JNU,end_to_end,Full-S1,True,2,0,10.599616973195225
cuda,JNU,end_to_end,Full-S1,True,2,1,10.618561995215714
cuda,JNU,end_to_end,Full-S1,True,2,2,10.553360974881798
cuda,JNU,end_to_end,Full-S1,True,2,3,10.610009951051325
cuda,JNU,end_to_end,Full-S1,True,2,4,10.6771060382016
cuda,JNU,end_to_end,Full-S1,True,2,5,10.616899991873652
cuda,JNU,end_to_end,Full-S1,True,2,6,10.597624001093209
cuda,JNU,end_to_end,Full-S1,True,2,7,10.628469055518508
cuda,JNU,end_to_end,Full-S1,True,2,8,10.59623999753967
cuda,JNU,end_to_end,Full-S1,True,2,9,10.619521955959499
cuda,JNU,end_to_end,Full-S1,True,2,10,10.574135987553746
cuda,JNU,end_to_end,Full-S1,True,2,11,10.627170035149902
cuda,JNU,end_to_end,Full-S1,True,2,12,10.620782035402954
cuda,JNU,end_to_end,Full-S1,True,2,13,10.597053973469883
cuda,JNU,end_to_end,Full-S1,True,2,14,10.567127028480172
cuda,JNU,end_to_end,Full-S1,True,2,15,10.55885897949338
cuda,JNU,end_to_end,Full-S1,True,2,16,10.625547030940652
cuda,JNU,end_to_end,Full-S1,True,2,17,10.591052996460348
cuda,JNU,end_to_end,Full-S1,True,2,18,10.6860920204781
cuda,JNU,end_to_end,Full-S1,True,2,19,10.614375991281122
cuda,JNU,end_to_end,Full-S1,True,2,20,10.625055991113186
cuda,JNU,end_to_end,Full-S1,True,2,21,10.633872007019818
cuda,JNU,end_to_end,Full-S1,True,2,22,10.621826979331672
cuda,JNU,end_to_end,Full-S1,True,2,23,10.622844041790813
cuda,JNU,end_to_end,Full-S1,True,2,24,10.654974961653352
cuda,JNU,end_to_end,Full-S1,True,2,25,10.651974007487297
cuda,JNU,end_to_end,Full-S1,True,2,26,10.616943007335067
cuda,JNU,end_to_end,Full-S1,True,2,27,10.607901029288769
cuda,JNU,end_to_end,Full-S1,True,2,28,10.652348981238902
cuda,JNU,end_to_end,Full-S1,True,2,29,10.622577974572778
cuda,JNU,end_to_end,Full-S1,True,2,30,10.630746022798121
cuda,JNU,end_to_end,Full-S1,True,2,31,10.692509007640183
cuda,JNU,end_to_end,Full-S1,True,2,32,10.596137959510088
cuda,JNU,end_to_end,Full-S1,True,2,33,10.668118018656969
cuda,JNU,end_to_end,Full-S1,True,2,34,10.663622000720352
cuda,JNU,end_to_end,Full-S1,True,2,35,10.668592993170023
cuda,JNU,end_to_end,Full-S1,True,2,36,10.796777030918747
cuda,JNU,end_to_end,Full-S1,True,2,37,10.781640012282878
cuda,JNU,end_to_end,Full-S1,True,2,38,10.602014022879303
cuda,JNU,end_to_end,Full-S1,True,2,39,10.647905990481377
cuda,JNU,end_to_end,Full-S1,True,2,40,10.57996996678412
cuda,JNU,end_to_end,Full-S1,True,2,41,10.621725989039987
cuda,JNU,end_to_end,Full-S1,True,2,42,10.588208038825542
cuda,JNU,end_to_end,Full-S1,True,2,43,10.62389399157837
cuda,JNU,end_to_end,Full-S1,True,2,44,10.6299520120956
cuda,JNU,end_to_end,Full-S1,True,2,45,10.596836975309998
cuda,JNU,end_to_end,Full-S1,True,2,46,10.574746003840119
cuda,JNU,end_to_end,Full-S1,True,2,47,10.610611992888153
cuda,JNU,end_to_end,Full-S1,True,2,48,10.554850974585861
cuda,JNU,end_to_end,Full-S1,True,2,49,10.630025004502386
cuda,JNU,end_to_end,Full-S1,True,2,50,10.576924018096179
cuda,JNU,end_to_end,Full-S1,True,2,51,10.594536957796663
cuda,JNU,end_to_end,Full-S1,True,2,52,10.57373097864911
cuda,JNU,end_to_end,Full-S1,True,2,53,10.62315097078681
cuda,JNU,end_to_end,Full-S1,True,2,54,10.604386974591762
cuda,JNU,end_to_end,Full-S1,True,2,55,10.605741001199931
cuda,JNU,end_to_end,Full-S1,True,2,56,10.567685007117689
cuda,JNU,end_to_end,Full-S1,True,2,57,10.63300803070888
cuda,JNU,end_to_end,Full-S1,True,2,58,10.61741600278765
cuda,JNU,end_to_end,Full-S1,True,2,59,10.59966703178361
cuda,JNU,end_to_end,Full-S1,True,2,60,10.60247200075537
cuda,JNU,end_to_end,Full-S1,True,2,61,10.611089994199574
cuda,JNU,end_to_end,Full-S1,True,2,62,10.581595008261502
cuda,JNU,end_to_end,Full-S1,True,2,63,10.618489002808928
cuda,JNU,end_to_end,Full-S1,True,2,64,10.619510023389012
cuda,JNU,end_to_end,Full-S1,True,2,65,10.62938099494204
cuda,JNU,end_to_end,Full-S1,True,2,66,10.619089007377625
cuda,JNU,end_to_end,Full-S1,True,2,67,10.595835978165269
cuda,JNU,end_to_end,Full-S1,True,2,68,10.587802971713245
cuda,JNU,end_to_end,Full-S1,True,2,69,10.613608988933265
cuda,JNU,end_to_end,Full-S1,True,2,70,10.645446949638426
cuda,JNU,end_to_end,Full-S1,True,2,71,10.606448980979621
cuda,JNU,end_to_end,Full-S1,True,2,72,10.62774599995464
cuda,JNU,end_to_end,Full-S1,True,2,73,10.592739039566368
cuda,JNU,end_to_end,Full-S1,True,2,74,10.591843980364501
cuda,JNU,end_to_end,Full-S1,True,2,75,10.629830998368561
cuda,JNU,end_to_end,Full-S1,True,2,76,10.718855017330498
cuda,JNU,end_to_end,Full-S1,True,2,77,10.728265042416751
cuda,JNU,end_to_end,Full-S1,True,2,78,10.597295011393726
cuda,JNU,end_to_end,Full-S1,True,2,79,10.573121020570397
cuda,JNU,end_to_end,Full-S1,True,2,80,10.618084983434528
cuda,JNU,end_to_end,Full-S1,True,2,81,10.586441028863192
cuda,JNU,end_to_end,Full-S1,True,2,82,10.607525007799268
cuda,JNU,end_to_end,Full-S1,True,2,83,10.602588998153806
cuda,JNU,end_to_end,Full-S1,True,2,84,10.606344963889569
cuda,JNU,end_to_end,Full-S1,True,2,85,10.5772580136545
cuda,JNU,end_to_end,Full-S1,True,2,86,10.574320040177554
cuda,JNU,end_to_end,Full-S1,True,2,87,10.638609004672617
cuda,JNU,end_to_end,Full-S1,True,2,88,10.590746998786926
cuda,JNU,end_to_end,Full-S1,True,2,89,10.621062014251947
cuda,JNU,end_to_end,Full-S1,True,2,90,10.556548018939793
cuda,JNU,end_to_end,Full-S1,True,2,91,10.643047979101539
cuda,JNU,end_to_end,Full-S1,True,2,92,10.619351000059396
cuda,JNU,end_to_end,Full-S1,True,2,93,10.602795984596014
cuda,JNU,end_to_end,Full-S1,True,2,94,10.610115015879273
cuda,JNU,end_to_end,Full-S1,True,2,95,10.582036979030818
cuda,JNU,end_to_end,Full-S1,True,2,96,10.577552020549774
cuda,JNU,end_to_end,Full-S1,True,2,97,10.615898994728923
cuda,JNU,end_to_end,Full-S1,True,2,98,10.61808702070266
cuda,JNU,end_to_end,Full-S1,True,2,99,10.58537099743262
cuda,JNU,end_to_end,Full-S1,True,2,100,10.611489007715136
cuda,JNU,end_to_end,Full-S1,True,2,101,10.57796599343419
cuda,JNU,end_to_end,Full-S1,True,2,102,10.6127790058963
cuda,JNU,end_to_end,Full-S1,True,2,103,10.603456990793347
cuda,JNU,end_to_end,Full-S1,True,2,104,10.626281960867345
cuda,JNU,end_to_end,Full-S1,True,2,105,10.573564970400184
cuda,JNU,end_to_end,Full-S1,True,2,106,10.620810033287853
cuda,JNU,end_to_end,Full-S1,True,2,107,10.597590007819235
cuda,JNU,end_to_end,Full-S1,True,2,108,10.576638975180686
cuda,JNU,end_to_end,Full-S1,True,2,109,10.576820990536362
cuda,JNU,end_to_end,Full-S1,True,2,110,10.53655199939385
cuda,JNU,end_to_end,Full-S1,True,2,111,10.55285899201408
cuda,JNU,end_to_end,Full-S1,True,2,112,10.56724798399955
cuda,JNU,end_to_end,Full-S1,True,2,113,10.586454009171575
cuda,JNU,end_to_end,Full-S1,True,2,114,10.59821096714586
cuda,JNU,end_to_end,Full-S1,True,2,115,10.59000298846513
cuda,JNU,end_to_end,Full-S1,True,2,116,10.60901302844286
cuda,JNU,end_to_end,Full-S1,True,2,117,10.619526030495763
cuda,JNU,end_to_end,Full-S1,True,2,118,10.616071987897158
cuda,JNU,end_to_end,Full-S1,True,2,119,10.565133998170495
cuda,JNU,end_to_end,Full-S1,True,2,120,10.587333992589265
cuda,JNU,end_to_end,Full-S1,True,2,121,10.586316988337785
cuda,JNU,end_to_end,Full-S1,True,2,122,10.596800013445318
cuda,JNU,end_to_end,Full-S1,True,2,123,10.59798599453643
cuda,JNU,end_to_end,Full-S1,True,2,124,10.571845981758088
cuda,JNU,end_to_end,Full-S1,True,2,125,10.687447036616504
cuda,JNU,end_to_end,Full-S1,True,2,126,10.586149990558624
cuda,JNU,end_to_end,Full-S1,True,2,127,10.662137996405363
cuda,JNU,end_to_end,Full-S1,True,2,128,10.543205018620938
cuda,JNU,end_to_end,Full-S1,True,2,129,10.613229009322822
cuda,JNU,end_to_end,Full-S1,True,2,130,10.655652964487672
cuda,JNU,end_to_end,Full-S1,True,2,131,10.891180019825697
cuda,JNU,end_to_end,Full-S1,True,2,132,10.604184994008392
cuda,JNU,end_to_end,Full-S1,True,2,133,10.631455981638283
cuda,JNU,end_to_end,Full-S1,True,2,134,10.595302970614284
cuda,JNU,end_to_end,Full-S1,True,2,135,10.625294991768897
cuda,JNU,end_to_end,Full-S1,True,2,136,10.613101941999048
cuda,JNU,end_to_end,Full-S1,True,2,137,10.593831015285105
cuda,JNU,end_to_end,Full-S1,True,2,138,10.562987998127937
cuda,JNU,end_to_end,Full-S1,True,2,139,10.595747036859393
cuda,JNU,end_to_end,Full-S1,True,2,140,10.588177014142275
cuda,JNU,end_to_end,Full-S1,True,2,141,10.624770016875118
cuda,JNU,end_to_end,Full-S1,True,2,142,10.566199955064803
cuda,JNU,end_to_end,Full-S1,True,2,143,10.623751033563167
cuda,JNU,end_to_end,Full-S1,True,2,144,10.609430959448218
cuda,JNU,end_to_end,Full-S1,True,2,145,10.597634012810886
cuda,JNU,end_to_end,Full-S1,True,2,146,10.628961026668549
cuda,JNU,end_to_end,Full-S1,True,2,147,10.594497958663851
cuda,JNU,end_to_end,Full-S1,True,2,148,10.575899970717728
cuda,JNU,end_to_end,Full-S1,True,2,149,10.574427025858313
cuda,JNU,end_to_end,Full-S1,True,2,150,10.627051000483334
cuda,JNU,end_to_end,Full-S1,True,2,151,10.608137003146112
cuda,JNU,end_to_end,Full-S1,True,2,152,10.592556034680456
cuda,JNU,end_to_end,Full-S1,True,2,153,10.63600298948586
cuda,JNU,end_to_end,Full-S1,True,2,154,10.618778003845364
cuda,JNU,end_to_end,Full-S1,True,2,155,10.610190976876765
cuda,JNU,end_to_end,Full-S1,True,2,156,10.621806024573743
cuda,JNU,end_to_end,Full-S1,True,2,157,10.5883430223912
cuda,JNU,end_to_end,Full-S1,True,2,158,10.590236051939428
cuda,JNU,end_to_end,Full-S1,True,2,159,10.600138048175722
cuda,JNU,end_to_end,Full-S1,True,2,160,10.608732991386205
cuda,JNU,end_to_end,Full-S1,True,2,161,10.541152965743095
cuda,JNU,end_to_end,Full-S1,True,2,162,10.620622022543103
cuda,JNU,end_to_end,Full-S1,True,2,163,10.567807999905199
cuda,JNU,end_to_end,Full-S1,True,2,164,10.599101020488888
cuda,JNU,end_to_end,Full-S1,True,2,165,10.610103025101125
cuda,JNU,end_to_end,Full-S1,True,2,166,10.576436994597316
cuda,JNU,end_to_end,Full-S1,True,2,167,10.585126001387835
cuda,JNU,end_to_end,Full-S1,True,2,168,10.568889963906258
cuda,JNU,end_to_end,Full-S1,True,2,169,10.603254020679742
cuda,JNU,end_to_end,Full-S1,True,2,170,10.645351023413241
cuda,JNU,end_to_end,Full-S1,True,2,171,10.768276988528669
cuda,JNU,end_to_end,Full-S1,True,2,172,10.57253300677985
cuda,JNU,end_to_end,Full-S1,True,2,173,10.634735052008182
cuda,JNU,end_to_end,Full-S1,True,2,174,10.613021964672953
cuda,JNU,end_to_end,Full-S1,True,2,175,10.605505027342588
cuda,JNU,end_to_end,Full-S1,True,2,176,10.576669999863952
cuda,JNU,end_to_end,Full-S1,True,2,177,10.66289294976741
cuda,JNU,end_to_end,Full-S1,True,2,178,10.604218987282366
cuda,JNU,end_to_end,Full-S1,True,2,179,10.581883951090276
cuda,JNU,end_to_end,Full-S1,True,2,180,10.570101032499224
cuda,JNU,end_to_end,Full-S1,True,2,181,10.598045017104596
cuda,JNU,end_to_end,Full-S1,True,2,182,10.591630998533219
cuda,JNU,end_to_end,Full-S1,True,2,183,10.642698034644127
cuda,JNU,end_to_end,Full-S1,True,2,184,10.597575979772955
cuda,JNU,end_to_end,Full-S1,True,2,185,10.611646983306855
cuda,JNU,end_to_end,Full-S1,True,2,186,10.613098973408341
cuda,JNU,end_to_end,Full-S1,True,2,187,10.574996995273978
cuda,JNU,end_to_end,Full-S1,True,2,188,10.560922033619136
cuda,JNU,end_to_end,Full-S1,True,2,189,10.631454992108047
cuda,JNU,end_to_end,Full-S1,True,2,190,10.560091002844274
cuda,JNU,end_to_end,Full-S1,True,2,191,10.62139798887074
cuda,JNU,end_to_end,Full-S1,True,2,192,10.594855004455894
cuda,JNU,end_to_end,Full-S1,True,2,193,10.580579983070493
cuda,JNU,end_to_end,Full-S1,True,2,194,10.577089036814868
cuda,JNU,end_to_end,Full-S1,True,2,195,10.609544988255948
cuda,JNU,end_to_end,Full-S1,True,2,196,10.596658976282924
cuda,JNU,end_to_end,Full-S1,True,2,197,10.613364982418716
cuda,JNU,end_to_end,Full-S1,True,2,198,10.680910025257617
cuda,JNU,end_to_end,Full-S1,True,2,199,10.606096999254078
cuda,JNU,end_to_end,Full-S1,True,2,200,10.606637981254607
cuda,JNU,end_to_end,Full-S1,True,2,201,10.648305003996938
cuda,JNU,end_to_end,Full-S1,True,2,202,10.58987999567762
cuda,JNU,end_to_end,Full-S1,True,2,203,10.5910130077973
cuda,JNU,end_to_end,Full-S1,True,2,204,10.632087010890245
cuda,JNU,end_to_end,Full-S1,True,2,205,10.547728044912219
cuda,JNU,end_to_end,Full-S1,True,2,206,10.626350995153189
cuda,JNU,end_to_end,Full-S1,True,2,207,10.635590006131679
cuda,JNU,end_to_end,Full-S1,True,2,208,10.652142984326929
cuda,JNU,end_to_end,Full-S1,True,2,209,10.583181981928647
cuda,JNU,end_to_end,Full-S1,True,2,210,10.635711019858718
cuda,JNU,end_to_end,Full-S1,True,2,211,10.630201024468988
cuda,JNU,end_to_end,Full-S1,True,2,212,10.614175989758223
cuda,JNU,end_to_end,Full-S1,True,2,213,10.650149954017252
cuda,JNU,end_to_end,Full-S1,True,2,214,10.598551016300917
cuda,JNU,end_to_end,Full-S1,True,2,215,10.59650699608028
cuda,JNU,end_to_end,Full-S1,True,2,216,10.58967801509425
cuda,JNU,end_to_end,Full-S1,True,2,217,10.599070985335857
cuda,JNU,end_to_end,Full-S1,True,2,218,10.598832974210382
cuda,JNU,end_to_end,Full-S1,True,2,219,10.571616003289819
cuda,JNU,end_to_end,Full-S1,True,2,220,10.56351902661845
cuda,JNU,end_to_end,Full-S1,True,2,221,10.63983398489654
cuda,JNU,end_to_end,Full-S1,True,2,222,10.645167028997093
cuda,JNU,end_to_end,Full-S1,True,2,223,10.536900022998452
cuda,JNU,end_to_end,Full-S1,True,2,224,10.602061985991895
cuda,JNU,end_to_end,Full-S1,True,2,225,10.77663101023063
cuda,JNU,end_to_end,Full-S1,True,2,226,10.710656002629548
cuda,JNU,end_to_end,Full-S1,True,2,227,10.627694020513445
cuda,JNU,end_to_end,Full-S1,True,2,228,10.602611990179867
cuda,JNU,end_to_end,Full-S1,True,2,229,10.629703989252448
cuda,JNU,end_to_end,Full-S1,True,2,230,10.591276979539543
cuda,JNU,end_to_end,Full-S1,True,2,231,10.607928968966007
cuda,JNU,end_to_end,Full-S1,True,2,232,10.593267972581089
cuda,JNU,end_to_end,Full-S1,True,2,233,10.584192001260817
cuda,JNU,end_to_end,Full-S1,True,2,234,10.549782018642873
cuda,JNU,end_to_end,Full-S1,True,2,235,10.569064994342625
cuda,JNU,end_to_end,Full-S1,True,2,236,10.575387976132333
cuda,JNU,end_to_end,Full-S1,True,2,237,10.582251008599997
cuda,JNU,end_to_end,Full-S1,True,2,238,10.62796195037663
cuda,JNU,end_to_end,Full-S1,True,2,239,10.599771980196238
cuda,JNU,end_to_end,Full-S1,True,2,240,10.585738986264914
cuda,JNU,end_to_end,Full-S1,True,2,241,10.599736997392029
cuda,JNU,end_to_end,Full-S1,True,2,242,10.58531302260235
cuda,JNU,end_to_end,Full-S1,True,2,243,10.58044598903507
cuda,JNU,end_to_end,Full-S1,True,2,244,10.602195048704743
cuda,JNU,end_to_end,Full-S1,True,2,245,10.589078010525554
cuda,JNU,end_to_end,Full-S1,True,2,246,10.593854007311165
cuda,JNU,end_to_end,Full-S1,True,2,247,10.57552098063752
cuda,JNU,end_to_end,Full-S1,True,2,248,10.583401017356664
cuda,JNU,end_to_end,Full-S1,True,2,249,10.58775995625183
cuda,JNU,end_to_end,K1,True,2,0,6.8684839643538
cuda,JNU,end_to_end,K1,True,2,1,6.7852570209652185
cuda,JNU,end_to_end,K1,True,2,2,6.775265035685152
cuda,JNU,end_to_end,K1,True,2,3,6.752746005076915
cuda,JNU,end_to_end,K1,True,2,4,6.803849013522267
cuda,JNU,end_to_end,K1,True,2,5,6.770798994693905
cuda,JNU,end_to_end,K1,True,2,6,6.77915196865797
cuda,JNU,end_to_end,K1,True,2,7,6.735199014656246
cuda,JNU,end_to_end,K1,True,2,8,6.746554980054498
cuda,JNU,end_to_end,K1,True,2,9,6.750333996023983
cuda,JNU,end_to_end,K1,True,2,10,6.755754991900176
cuda,JNU,end_to_end,K1,True,2,11,6.765049998648465
cuda,JNU,end_to_end,K1,True,2,12,6.774690002202988
cuda,JNU,end_to_end,K1,True,2,13,6.7644359660334885
cuda,JNU,end_to_end,K1,True,2,14,6.7456039832904935
cuda,JNU,end_to_end,K1,True,2,15,6.778344977647066
cuda,JNU,end_to_end,K1,True,2,16,6.759946001693606
cuda,JNU,end_to_end,K1,True,2,17,6.778813025448471
cuda,JNU,end_to_end,K1,True,2,18,6.78336201235652
cuda,JNU,end_to_end,K1,True,2,19,6.774536974262446
cuda,JNU,end_to_end,K1,True,2,20,6.763131998013705
cuda,JNU,end_to_end,K1,True,2,21,6.802638003136963
cuda,JNU,end_to_end,K1,True,2,22,6.792777974624187
cuda,JNU,end_to_end,K1,True,2,23,6.9424049579538405
cuda,JNU,end_to_end,K1,True,2,24,6.817733054049313
cuda,JNU,end_to_end,K1,True,2,25,6.7963849869556725
cuda,JNU,end_to_end,K1,True,2,26,6.759153970051557
cuda,JNU,end_to_end,K1,True,2,27,6.756332004442811
cuda,JNU,end_to_end,K1,True,2,28,6.74413499655202
cuda,JNU,end_to_end,K1,True,2,29,6.771504995413125
cuda,JNU,end_to_end,K1,True,2,30,6.778593990020454
cuda,JNU,end_to_end,K1,True,2,31,6.799000024329871
cuda,JNU,end_to_end,K1,True,2,32,6.754844973329455
cuda,JNU,end_to_end,K1,True,2,33,6.774061010219157
cuda,JNU,end_to_end,K1,True,2,34,6.757025024853647
cuda,JNU,end_to_end,K1,True,2,35,6.781820033211261
cuda,JNU,end_to_end,K1,True,2,36,6.727507978212088
cuda,JNU,end_to_end,K1,True,2,37,6.755841022823006
cuda,JNU,end_to_end,K1,True,2,38,6.778162030968815
cuda,JNU,end_to_end,K1,True,2,39,6.783713994082063
cuda,JNU,end_to_end,K1,True,2,40,6.771687010768801
cuda,JNU,end_to_end,K1,True,2,41,6.793615000788122
cuda,JNU,end_to_end,K1,True,2,42,6.748809013515711
cuda,JNU,end_to_end,K1,True,2,43,6.7578600137494504
cuda,JNU,end_to_end,K1,True,2,44,6.7543170298449695
cuda,JNU,end_to_end,K1,True,2,45,6.784981000237167
cuda,JNU,end_to_end,K1,True,2,46,6.771695974748582
cuda,JNU,end_to_end,K1,True,2,47,6.811205996200442
cuda,JNU,end_to_end,K1,True,2,48,6.785311968997121
cuda,JNU,end_to_end,K1,True,2,49,6.764121993910521
cuda,JNU,end_to_end,K1,True,2,50,6.729668995831162
cuda,JNU,end_to_end,K1,True,2,51,6.788497033994645
cuda,JNU,end_to_end,K1,True,2,52,6.765744008589536
cuda,JNU,end_to_end,K1,True,2,53,6.768322957213968
cuda,JNU,end_to_end,K1,True,2,54,6.782265962101519
cuda,JNU,end_to_end,K1,True,2,55,6.797789013944566
cuda,JNU,end_to_end,K1,True,2,56,6.790579995140433
cuda,JNU,end_to_end,K1,True,2,57,6.7618049797602
cuda,JNU,end_to_end,K1,True,2,58,6.779042014386505
cuda,JNU,end_to_end,K1,True,2,59,6.782999029383063
cuda,JNU,end_to_end,K1,True,2,60,6.751806999091059
cuda,JNU,end_to_end,K1,True,2,61,6.752811023034155
cuda,JNU,end_to_end,K1,True,2,62,6.7539060255512595
cuda,JNU,end_to_end,K1,True,2,63,6.74502900801599
cuda,JNU,end_to_end,K1,True,2,64,6.78484799573198
cuda,JNU,end_to_end,K1,True,2,65,6.767399027012289
cuda,JNU,end_to_end,K1,True,2,66,6.777190952561796
cuda,JNU,end_to_end,K1,True,2,67,6.811053026467562
cuda,JNU,end_to_end,K1,True,2,68,6.77325704600662
cuda,JNU,end_to_end,K1,True,2,69,6.78331998642534
cuda,JNU,end_to_end,K1,True,2,70,6.742816010955721
cuda,JNU,end_to_end,K1,True,2,71,6.7820349941030145
cuda,JNU,end_to_end,K1,True,2,72,6.750931032001972
cuda,JNU,end_to_end,K1,True,2,73,6.774448964279145
cuda,JNU,end_to_end,K1,True,2,74,6.765847036149353
cuda,JNU,end_to_end,K1,True,2,75,6.799219001550227
cuda,JNU,end_to_end,K1,True,2,76,6.769006024114788
cuda,JNU,end_to_end,K1,True,2,77,6.774132954888046
cuda,JNU,end_to_end,K1,True,2,78,6.777311966288835
cuda,JNU,end_to_end,K1,True,2,79,6.781457981560379
cuda,JNU,end_to_end,K1,True,2,80,6.757340976037085
cuda,JNU,end_to_end,K1,True,2,81,6.750773987732828
cuda,JNU,end_to_end,K1,True,2,82,6.743913982063532
cuda,JNU,end_to_end,K1,True,2,83,6.768329010810703
cuda,JNU,end_to_end,K1,True,2,84,6.770405976567417
cuda,JNU,end_to_end,K1,True,2,85,6.737264047842473
cuda,JNU,end_to_end,K1,True,2,86,6.7443010048009455
cuda,JNU,end_to_end,K1,True,2,87,6.770281004719436
cuda,JNU,end_to_end,K1,True,2,88,6.775310030207038
cuda,JNU,end_to_end,K1,True,2,89,6.763821002095938
cuda,JNU,end_to_end,K1,True,2,90,6.764691963326186
cuda,JNU,end_to_end,K1,True,2,91,6.778400973416865
cuda,JNU,end_to_end,K1,True,2,92,6.754035013727844
cuda,JNU,end_to_end,K1,True,2,93,6.743768986780196
cuda,JNU,end_to_end,K1,True,2,94,6.755614012945443
cuda,JNU,end_to_end,K1,True,2,95,6.8109220010228455
cuda,JNU,end_to_end,K1,True,2,96,6.793604989070445
cuda,JNU,end_to_end,K1,True,2,97,6.807282974477857
cuda,JNU,end_to_end,K1,True,2,98,6.808140955399722
cuda,JNU,end_to_end,K1,True,2,99,6.772486958652735
cuda,JNU,end_to_end,K1,True,2,100,6.801433977670968
cuda,JNU,end_to_end,K1,True,2,101,6.794543005526066
cuda,JNU,end_to_end,K1,True,2,102,6.814372958615422
cuda,JNU,end_to_end,K1,True,2,103,6.7797559895552695
cuda,JNU,end_to_end,K1,True,2,104,6.79192302050069
cuda,JNU,end_to_end,K1,True,2,105,6.791564985178411
cuda,JNU,end_to_end,K1,True,2,106,6.7763589904643595
cuda,JNU,end_to_end,K1,True,2,107,6.749054009560496
cuda,JNU,end_to_end,K1,True,2,108,6.862134963739663
cuda,JNU,end_to_end,K1,True,2,109,6.848217977676541
cuda,JNU,end_to_end,K1,True,2,110,6.775135989300907
cuda,JNU,end_to_end,K1,True,2,111,6.785600970033556
cuda,JNU,end_to_end,K1,True,2,112,6.7599170142784715
cuda,JNU,end_to_end,K1,True,2,113,6.753908994141966
cuda,JNU,end_to_end,K1,True,2,114,6.7617109743878245
cuda,JNU,end_to_end,K1,True,2,115,6.777696020435542
cuda,JNU,end_to_end,K1,True,2,116,6.742974976077676
cuda,JNU,end_to_end,K1,True,2,117,6.758278992492706
cuda,JNU,end_to_end,K1,True,2,118,6.779806048143655
cuda,JNU,end_to_end,K1,True,2,119,6.811003026086837
cuda,JNU,end_to_end,K1,True,2,120,6.778297014534473
cuda,JNU,end_to_end,K1,True,2,121,6.808392005041242
cuda,JNU,end_to_end,K1,True,2,122,6.768569990526885
cuda,JNU,end_to_end,K1,True,2,123,6.758272007573396
cuda,JNU,end_to_end,K1,True,2,124,6.763455981854349
cuda,JNU,end_to_end,K1,True,2,125,6.742201978340745
cuda,JNU,end_to_end,K1,True,2,126,6.755862035788596
cuda,JNU,end_to_end,K1,True,2,127,6.797407986596227
cuda,JNU,end_to_end,K1,True,2,128,6.749916006810963
cuda,JNU,end_to_end,K1,True,2,129,6.7843159777112305
cuda,JNU,end_to_end,K1,True,2,130,6.80246896808967
cuda,JNU,end_to_end,K1,True,2,131,6.769436004105955
cuda,JNU,end_to_end,K1,True,2,132,6.7427289905026555
cuda,JNU,end_to_end,K1,True,2,133,6.788659957237542
cuda,JNU,end_to_end,K1,True,2,134,6.775018002372235
cuda,JNU,end_to_end,K1,True,2,135,6.801953015383333
cuda,JNU,end_to_end,K1,True,2,136,6.760464981198311
cuda,JNU,end_to_end,K1,True,2,137,6.801128969527781
cuda,JNU,end_to_end,K1,True,2,138,6.775529007427394
cuda,JNU,end_to_end,K1,True,2,139,6.772848020773381
cuda,JNU,end_to_end,K1,True,2,140,6.750143016688526
cuda,JNU,end_to_end,K1,True,2,141,6.773881032131612
cuda,JNU,end_to_end,K1,True,2,142,6.749539985321462
cuda,JNU,end_to_end,K1,True,2,143,6.754351023118943
cuda,JNU,end_to_end,K1,True,2,144,6.7458649864420295
cuda,JNU,end_to_end,K1,True,2,145,6.763102021068335
cuda,JNU,end_to_end,K1,True,2,146,6.755820999387652
cuda,JNU,end_to_end,K1,True,2,147,6.746917963027954
cuda,JNU,end_to_end,K1,True,2,148,6.777547008823603
cuda,JNU,end_to_end,K1,True,2,149,6.757394003216177
cuda,JNU,end_to_end,K1,True,2,150,6.782395008485764
cuda,JNU,end_to_end,K1,True,2,151,6.80411298526451
cuda,JNU,end_to_end,K1,True,2,152,6.747496023308486
cuda,JNU,end_to_end,K1,True,2,153,6.805646989960223
cuda,JNU,end_to_end,K1,True,2,154,6.7748239962384105
cuda,JNU,end_to_end,K1,True,2,155,6.75631599733606
cuda,JNU,end_to_end,K1,True,2,156,6.7701920052058995
cuda,JNU,end_to_end,K1,True,2,157,6.765091966371983
cuda,JNU,end_to_end,K1,True,2,158,6.756622053217143
cuda,JNU,end_to_end,K1,True,2,159,6.767601007595658
cuda,JNU,end_to_end,K1,True,2,160,6.79935299558565
cuda,JNU,end_to_end,K1,True,2,161,6.774566019885242
cuda,JNU,end_to_end,K1,True,2,162,6.7692589946091175
cuda,JNU,end_to_end,K1,True,2,163,6.770424020942301
cuda,JNU,end_to_end,K1,True,2,164,6.75195996882394
cuda,JNU,end_to_end,K1,True,2,165,6.757165945600718
cuda,JNU,end_to_end,K1,True,2,166,6.770140025764704
cuda,JNU,end_to_end,K1,True,2,167,6.768569000996649
cuda,JNU,end_to_end,K1,True,2,168,6.788992031943053
cuda,JNU,end_to_end,K1,True,2,169,6.77919399458915
cuda,JNU,end_to_end,K1,True,2,170,6.755476002581418
cuda,JNU,end_to_end,K1,True,2,171,6.938258011359721
cuda,JNU,end_to_end,K1,True,2,172,6.797326961532235
cuda,JNU,end_to_end,K1,True,2,173,6.779490038752556
cuda,JNU,end_to_end,K1,True,2,174,6.748840969521552
cuda,JNU,end_to_end,K1,True,2,175,6.778062030207366
cuda,JNU,end_to_end,K1,True,2,176,6.780183000955731
cuda,JNU,end_to_end,K1,True,2,177,6.764526013284922
cuda,JNU,end_to_end,K1,True,2,178,6.767890998162329
cuda,JNU,end_to_end,K1,True,2,179,6.751933018676937
cuda,JNU,end_to_end,K1,True,2,180,6.754958012606949
cuda,JNU,end_to_end,K1,True,2,181,6.777798000257462
cuda,JNU,end_to_end,K1,True,2,182,6.75711000803858
cuda,JNU,end_to_end,K1,True,2,183,6.753011024557054
cuda,JNU,end_to_end,K1,True,2,184,6.789569044485688
cuda,JNU,end_to_end,K1,True,2,185,6.781927950214595
cuda,JNU,end_to_end,K1,True,2,186,6.804059026762843
cuda,JNU,end_to_end,K1,True,2,187,6.782165030017495
cuda,JNU,end_to_end,K1,True,2,188,6.766611011698842
cuda,JNU,end_to_end,K1,True,2,189,6.80357898818329
cuda,JNU,end_to_end,K1,True,2,190,6.76991802174598
cuda,JNU,end_to_end,K1,True,2,191,6.800672970712185
cuda,JNU,end_to_end,K1,True,2,192,6.7723270040005445
cuda,JNU,end_to_end,K1,True,2,193,6.768342980649322
cuda,JNU,end_to_end,K1,True,2,194,6.753853987902403
cuda,JNU,end_to_end,K1,True,2,195,6.749817985109985
cuda,JNU,end_to_end,K1,True,2,196,6.770809006411582
cuda,JNU,end_to_end,K1,True,2,197,6.802877003792673
cuda,JNU,end_to_end,K1,True,2,198,6.780440977308899
cuda,JNU,end_to_end,K1,True,2,199,6.793376989662647
cuda,JNU,end_to_end,K1,True,2,200,6.774812994990498
cuda,JNU,end_to_end,K1,True,2,201,6.803339987527579
cuda,JNU,end_to_end,K1,True,2,202,6.756877002771944
cuda,JNU,end_to_end,K1,True,2,203,6.745251012034714
cuda,JNU,end_to_end,K1,True,2,204,6.7637640167959034
cuda,JNU,end_to_end,K1,True,2,205,6.744584999978542
cuda,JNU,end_to_end,K1,True,2,206,6.764163030311465
cuda,JNU,end_to_end,K1,True,2,207,6.759224983397871
cuda,JNU,end_to_end,K1,True,2,208,6.793125998228788
cuda,JNU,end_to_end,K1,True,2,209,6.774546985980123
cuda,JNU,end_to_end,K1,True,2,210,6.771372980438173
cuda,JNU,end_to_end,K1,True,2,211,6.758736970368773
cuda,JNU,end_to_end,K1,True,2,212,6.744469981640577
cuda,JNU,end_to_end,K1,True,2,213,6.765819969587028
cuda,JNU,end_to_end,K1,True,2,214,6.787013961002231
cuda,JNU,end_to_end,K1,True,2,215,6.774234003387392
cuda,JNU,end_to_end,K1,True,2,216,6.771220010705292
cuda,JNU,end_to_end,K1,True,2,217,6.801169947721064
cuda,JNU,end_to_end,K1,True,2,218,6.7688520066440105
cuda,JNU,end_to_end,K1,True,2,219,6.738702999427915
cuda,JNU,end_to_end,K1,True,2,220,6.790952000301331
cuda,JNU,end_to_end,K1,True,2,221,6.784110039006919
cuda,JNU,end_to_end,K1,True,2,222,6.769052008166909
cuda,JNU,end_to_end,K1,True,2,223,6.778087990824133
cuda,JNU,end_to_end,K1,True,2,224,6.789574981667101
cuda,JNU,end_to_end,K1,True,2,225,6.803939992096275
cuda,JNU,end_to_end,K1,True,2,226,6.771623971872032
cuda,JNU,end_to_end,K1,True,2,227,6.771056971047074
cuda,JNU,end_to_end,K1,True,2,228,6.731940957251936
cuda,JNU,end_to_end,K1,True,2,229,6.773125031031668
cuda,JNU,end_to_end,K1,True,2,230,6.790496001485735
cuda,JNU,end_to_end,K1,True,2,231,6.754669011570513
cuda,JNU,end_to_end,K1,True,2,232,6.803513970226049
cuda,JNU,end_to_end,K1,True,2,233,6.778922979719937
cuda,JNU,end_to_end,K1,True,2,234,6.732588983140886
cuda,JNU,end_to_end,K1,True,2,235,6.757197028491646
cuda,JNU,end_to_end,K1,True,2,236,6.760077958460897
cuda,JNU,end_to_end,K1,True,2,237,6.769242987502366
cuda,JNU,end_to_end,K1,True,2,238,6.790629995521158
cuda,JNU,end_to_end,K1,True,2,239,6.792361033149064
cuda,JNU,end_to_end,K1,True,2,240,6.787133985199034
cuda,JNU,end_to_end,K1,True,2,241,6.768507999368012
cuda,JNU,end_to_end,K1,True,2,242,6.788102036807686
cuda,JNU,end_to_end,K1,True,2,243,6.775979010853916
cuda,JNU,end_to_end,K1,True,2,244,6.757099996320903
cuda,JNU,end_to_end,K1,True,2,245,6.751460023224354
cuda,JNU,end_to_end,K1,True,2,246,6.7460539867170155
cuda,JNU,end_to_end,K1,True,2,247,6.77533500129357
cuda,JNU,end_to_end,K1,True,2,248,6.78839796455577
cuda,JNU,end_to_end,K1,True,2,249,6.770318024791777
cuda,JNU,end_to_end,K1,True,3,0,6.7726019769907
cuda,JNU,end_to_end,K1,True,3,1,6.749557971488684
cuda,JNU,end_to_end,K1,True,3,2,6.758476025424898
cuda,JNU,end_to_end,K1,True,3,3,6.7470919457264245
cuda,JNU,end_to_end,K1,True,3,4,6.7677299957722425
cuda,JNU,end_to_end,K1,True,3,5,6.758773000910878
cuda,JNU,end_to_end,K1,True,3,6,6.853708997368813
cuda,JNU,end_to_end,K1,True,3,7,6.852301012258977
cuda,JNU,end_to_end,K1,True,3,8,6.7966480273753405
cuda,JNU,end_to_end,K1,True,3,9,6.7585729993879795
cuda,JNU,end_to_end,K1,True,3,10,6.742368976119906
cuda,JNU,end_to_end,K1,True,3,11,6.732554989866912
cuda,JNU,end_to_end,K1,True,3,12,6.798468995839357
cuda,JNU,end_to_end,K1,True,3,13,6.733800983056426
cuda,JNU,end_to_end,K1,True,3,14,6.783936987631023
cuda,JNU,end_to_end,K1,True,3,15,6.763465004041791
cuda,JNU,end_to_end,K1,True,3,16,6.774439010769129
cuda,JNU,end_to_end,K1,True,3,17,6.739319011103362
cuda,JNU,end_to_end,K1,True,3,18,6.729067012201995
cuda,JNU,end_to_end,K1,True,3,19,6.778989045415074
cuda,JNU,end_to_end,K1,True,3,20,6.764905992895365
cuda,JNU,end_to_end,K1,True,3,21,6.77410198841244
cuda,JNU,end_to_end,K1,True,3,22,6.769047991838306
cuda,JNU,end_to_end,K1,True,3,23,6.7068240023218095
cuda,JNU,end_to_end,K1,True,3,24,6.76244602072984
cuda,JNU,end_to_end,K1,True,3,25,6.822908006142825
cuda,JNU,end_to_end,K1,True,3,26,6.739695032592863
cuda,JNU,end_to_end,K1,True,3,27,6.770476000383496
cuda,JNU,end_to_end,K1,True,3,28,6.763999001123011
cuda,JNU,end_to_end,K1,True,3,29,6.740481010638177
cuda,JNU,end_to_end,K1,True,3,30,6.729339016601443
cuda,JNU,end_to_end,K1,True,3,31,6.740255979821086
cuda,JNU,end_to_end,K1,True,3,32,6.781030970159918
cuda,JNU,end_to_end,K1,True,3,33,6.806224992033094
cuda,JNU,end_to_end,K1,True,3,34,6.794879038352519
cuda,JNU,end_to_end,K1,True,3,35,6.713786977343261
cuda,JNU,end_to_end,K1,True,3,36,6.736075971275568
cuda,JNU,end_to_end,K1,True,3,37,6.758752046152949
cuda,JNU,end_to_end,K1,True,3,38,6.79356703767553
cuda,JNU,end_to_end,K1,True,3,39,6.741927994880825
cuda,JNU,end_to_end,K1,True,3,40,6.736569979693741
cuda,JNU,end_to_end,K1,True,3,41,6.766134989447892
cuda,JNU,end_to_end,K1,True,3,42,6.742606987245381
cuda,JNU,end_to_end,K1,True,3,43,6.7832549684681
cuda,JNU,end_to_end,K1,True,3,44,6.808463018387556
cuda,JNU,end_to_end,K1,True,3,45,6.799095019232482
cuda,JNU,end_to_end,K1,True,3,46,6.758637959137559
cuda,JNU,end_to_end,K1,True,3,47,7.800380000844598
cuda,JNU,end_to_end,K1,True,3,48,6.85779401101172
cuda,JNU,end_to_end,K1,True,3,49,6.730032037012279
cuda,JNU,end_to_end,K1,True,3,50,6.759637966752052
cuda,JNU,end_to_end,K1,True,3,51,6.777233968023211
cuda,JNU,end_to_end,K1,True,3,52,6.743665027897805
cuda,JNU,end_to_end,K1,True,3,53,6.799962022341788
cuda,JNU,end_to_end,K1,True,3,54,6.758027011528611
cuda,JNU,end_to_end,K1,True,3,55,6.7408939939923584
cuda,JNU,end_to_end,K1,True,3,56,6.754257017746568
cuda,JNU,end_to_end,K1,True,3,57,6.76186999771744
cuda,JNU,end_to_end,K1,True,3,58,6.782359967473894
cuda,JNU,end_to_end,K1,True,3,59,6.764776015188545
cuda,JNU,end_to_end,K1,True,3,60,6.729529006406665
cuda,JNU,end_to_end,K1,True,3,61,6.736612995155156
cuda,JNU,end_to_end,K1,True,3,62,6.765472004190087
cuda,JNU,end_to_end,K1,True,3,63,6.756940972991288
cuda,JNU,end_to_end,K1,True,3,64,6.766647973563522
cuda,JNU,end_to_end,K1,True,3,65,6.793309992644936
cuda,JNU,end_to_end,K1,True,3,66,6.753365974873304
cuda,JNU,end_to_end,K1,True,3,67,6.7306249984540045
cuda,JNU,end_to_end,K1,True,3,68,6.925698951818049
cuda,JNU,end_to_end,K1,True,3,69,6.791950028855354
cuda,JNU,end_to_end,K1,True,3,70,6.769827974494547
cuda,JNU,end_to_end,K1,True,3,71,6.733123038429767
cuda,JNU,end_to_end,K1,True,3,72,6.735938019119203
cuda,JNU,end_to_end,K1,True,3,73,6.73043099232018
cuda,JNU,end_to_end,K1,True,3,74,6.708305969368666
cuda,JNU,end_to_end,K1,True,3,75,6.716460979077965
cuda,JNU,end_to_end,K1,True,3,76,6.757126015145332
cuda,JNU,end_to_end,K1,True,3,77,6.7757630022242665
cuda,JNU,end_to_end,K1,True,3,78,6.76738703623414
cuda,JNU,end_to_end,K1,True,3,79,6.754627043846995
cuda,JNU,end_to_end,K1,True,3,80,6.72476802719757
cuda,JNU,end_to_end,K1,True,3,81,6.756521994248033
cuda,JNU,end_to_end,K1,True,3,82,6.739353993907571
cuda,JNU,end_to_end,K1,True,3,83,6.715894036460668
cuda,JNU,end_to_end,K1,True,3,84,6.737518007867038
cuda,JNU,end_to_end,K1,True,3,85,6.745913997292519
cuda,JNU,end_to_end,K1,True,3,86,6.759169977158308
cuda,JNU,end_to_end,K1,True,3,87,6.7135439603589475
cuda,JNU,end_to_end,K1,True,3,88,6.769213010556996
cuda,JNU,end_to_end,K1,True,3,89,6.761995959095657
cuda,JNU,end_to_end,K1,True,3,90,6.704513041768223
cuda,JNU,end_to_end,K1,True,3,91,6.75272400258109
cuda,JNU,end_to_end,K1,True,3,92,6.78767601493746
cuda,JNU,end_to_end,K1,True,3,93,6.7481090081855655
cuda,JNU,end_to_end,K1,True,3,94,6.732555979397148
cuda,JNU,end_to_end,K1,True,3,95,6.76200701855123
cuda,JNU,end_to_end,K1,True,3,96,6.729506014380604
cuda,JNU,end_to_end,K1,True,3,97,6.766068981960416
cuda,JNU,end_to_end,K1,True,3,98,6.729106011334807
cuda,JNU,end_to_end,K1,True,3,99,6.727077008690685
cuda,JNU,end_to_end,K1,True,3,100,6.770159990992397
cuda,JNU,end_to_end,K1,True,3,101,6.740885030012578
cuda,JNU,end_to_end,K1,True,3,102,6.746104976627976
cuda,JNU,end_to_end,K1,True,3,103,6.733409012667835
cuda,JNU,end_to_end,K1,True,3,104,6.731903005857021
cuda,JNU,end_to_end,K1,True,3,105,6.747888983227313
cuda,JNU,end_to_end,K1,True,3,106,6.747993000317365
cuda,JNU,end_to_end,K1,True,3,107,6.754692003596574
cuda,JNU,end_to_end,K1,True,3,108,6.751319044269621
cuda,JNU,end_to_end,K1,True,3,109,6.751356995664537
cuda,JNU,end_to_end,K1,True,3,110,6.71389902709052
cuda,JNU,end_to_end,K1,True,3,111,6.736154959071428
cuda,JNU,end_to_end,K1,True,3,112,6.751930981408805
cuda,JNU,end_to_end,K1,True,3,113,6.78008800605312
cuda,JNU,end_to_end,K1,True,3,114,6.748927989974618
cuda,JNU,end_to_end,K1,True,3,115,6.752454035449773
cuda,JNU,end_to_end,K1,True,3,116,6.724414008203894
cuda,JNU,end_to_end,K1,True,3,117,6.768905965145677
cuda,JNU,end_to_end,K1,True,3,118,6.771540967747569
cuda,JNU,end_to_end,K1,True,3,119,6.710404006298631
cuda,JNU,end_to_end,K1,True,3,120,6.723203987348825
cuda,JNU,end_to_end,K1,True,3,121,6.794254994019866
cuda,JNU,end_to_end,K1,True,3,122,6.744268001057208
cuda,JNU,end_to_end,K1,True,3,123,6.744194019120187
cuda,JNU,end_to_end,K1,True,3,124,6.727662985213101
cuda,JNU,end_to_end,K1,True,3,125,6.760649965144694
cuda,JNU,end_to_end,K1,True,3,126,6.770386011339724
cuda,JNU,end_to_end,K1,True,3,127,6.752824992872775
cuda,JNU,end_to_end,K1,True,3,128,6.766014965251088
cuda,JNU,end_to_end,K1,True,3,129,6.751918001100421
cuda,JNU,end_to_end,K1,True,3,130,6.7365270224399865
cuda,JNU,end_to_end,K1,True,3,131,6.763458019122481
cuda,JNU,end_to_end,K1,True,3,132,6.761569995433092
cuda,JNU,end_to_end,K1,True,3,133,6.723696016706526
cuda,JNU,end_to_end,K1,True,3,134,6.771078973542899
cuda,JNU,end_to_end,K1,True,3,135,6.7649290431290865
cuda,JNU,end_to_end,K1,True,3,136,6.754186993930489
cuda,JNU,end_to_end,K1,True,3,137,6.744145008269697
cuda,JNU,end_to_end,K1,True,3,138,6.7332760081626475
cuda,JNU,end_to_end,K1,True,3,139,6.7633530125021935
cuda,JNU,end_to_end,K1,True,3,140,6.761630997061729
cuda,JNU,end_to_end,K1,True,3,141,6.776269001420587
cuda,JNU,end_to_end,K1,True,3,142,6.743104022461921
cuda,JNU,end_to_end,K1,True,3,143,6.714339018799365
cuda,JNU,end_to_end,K1,True,3,144,6.733027985319495
cuda,JNU,end_to_end,K1,True,3,145,6.7605149815790355
cuda,JNU,end_to_end,K1,True,3,146,6.777805974707007
cuda,JNU,end_to_end,K1,True,3,147,6.765435973647982
cuda,JNU,end_to_end,K1,True,3,148,6.770697946194559
cuda,JNU,end_to_end,K1,True,3,149,6.727388012222946
cuda,JNU,end_to_end,K1,True,3,150,6.7613729625009
cuda,JNU,end_to_end,K1,True,3,151,6.745189952198416
cuda,JNU,end_to_end,K1,True,3,152,6.74569298280403
cuda,JNU,end_to_end,K1,True,3,153,6.8547180271707475
cuda,JNU,end_to_end,K1,True,3,154,6.874017999507487
cuda,JNU,end_to_end,K1,True,3,155,6.861675006803125
cuda,JNU,end_to_end,K1,True,3,156,6.761658005416393
cuda,JNU,end_to_end,K1,True,3,157,6.743725039996207
cuda,JNU,end_to_end,K1,True,3,158,6.713023001793772
cuda,JNU,end_to_end,K1,True,3,159,6.737647985573858
cuda,JNU,end_to_end,K1,True,3,160,6.7217639880254865
cuda,JNU,end_to_end,K1,True,3,161,6.772708031348884
cuda,JNU,end_to_end,K1,True,3,162,6.749327993020415
cuda,JNU,end_to_end,K1,True,3,163,6.723923957906663
cuda,JNU,end_to_end,K1,True,3,164,6.765961006749421
cuda,JNU,end_to_end,K1,True,3,165,6.743929989170283
cuda,JNU,end_to_end,K1,True,3,166,6.744474987499416
cuda,JNU,end_to_end,K1,True,3,167,6.724631995894015
cuda,JNU,end_to_end,K1,True,3,168,6.750472006388009
cuda,JNU,end_to_end,K1,True,3,169,6.737815972883254
cuda,JNU,end_to_end,K1,True,3,170,6.72211596975103
cuda,JNU,end_to_end,K1,True,3,171,6.723474012687802
cuda,JNU,end_to_end,K1,True,3,172,6.746401952113956
cuda,JNU,end_to_end,K1,True,3,173,6.72112702159211
cuda,JNU,end_to_end,K1,True,3,174,6.7427679896354675
cuda,JNU,end_to_end,K1,True,3,175,6.785403995309025
cuda,JNU,end_to_end,K1,True,3,176,6.768027029465884
cuda,JNU,end_to_end,K1,True,3,177,6.7589140380732715
cuda,JNU,end_to_end,K1,True,3,178,6.740398006513715
cuda,JNU,end_to_end,K1,True,3,179,6.735568982549012
cuda,JNU,end_to_end,K1,True,3,180,6.7727030254900455
cuda,JNU,end_to_end,K1,True,3,181,6.713167007546872
cuda,JNU,end_to_end,K1,True,3,182,6.7393259960226715
cuda,JNU,end_to_end,K1,True,3,183,6.747066974639893
cuda,JNU,end_to_end,K1,True,3,184,6.740970013197511
cuda,JNU,end_to_end,K1,True,3,185,6.7361160181462765
cuda,JNU,end_to_end,K1,True,3,186,6.72572897747159
cuda,JNU,end_to_end,K1,True,3,187,6.77956995787099
cuda,JNU,end_to_end,K1,True,3,188,6.75085699185729
cuda,JNU,end_to_end,K1,True,3,189,6.70587201602757
cuda,JNU,end_to_end,K1,True,3,190,6.729830987751484
cuda,JNU,end_to_end,K1,True,3,191,6.78677496034652
cuda,JNU,end_to_end,K1,True,3,192,6.711090973112732
cuda,JNU,end_to_end,K1,True,3,193,6.758928007911891
cuda,JNU,end_to_end,K1,True,3,194,6.752226036041975
cuda,JNU,end_to_end,K1,True,3,195,6.736310955602676
cuda,JNU,end_to_end,K1,True,3,196,6.732365000061691
cuda,JNU,end_to_end,K1,True,3,197,6.760851014405489
cuda,JNU,end_to_end,K1,True,3,198,6.756355985999107
cuda,JNU,end_to_end,K1,True,3,199,6.731192988809198
cuda,JNU,end_to_end,K1,True,3,200,6.732511043082923
cuda,JNU,end_to_end,K1,True,3,201,6.741301971487701
cuda,JNU,end_to_end,K1,True,3,202,6.723003985825926
cuda,JNU,end_to_end,K1,True,3,203,6.7747909924946725
cuda,JNU,end_to_end,K1,True,3,204,6.744858983438462
cuda,JNU,end_to_end,K1,True,3,205,6.7909680074080825
cuda,JNU,end_to_end,K1,True,3,206,6.757908035069704
cuda,JNU,end_to_end,K1,True,3,207,6.746775005012751
cuda,JNU,end_to_end,K1,True,3,208,6.727051979396492
cuda,JNU,end_to_end,K1,True,3,209,6.765605008695275
cuda,JNU,end_to_end,K1,True,3,210,6.74044102197513
cuda,JNU,end_to_end,K1,True,3,211,6.723155966028571
cuda,JNU,end_to_end,K1,True,3,212,6.744301994331181
cuda,JNU,end_to_end,K1,True,3,213,6.767760030925274
cuda,JNU,end_to_end,K1,True,3,214,6.751039007212967
cuda,JNU,end_to_end,K1,True,3,215,6.734266993589699
cuda,JNU,end_to_end,K1,True,3,216,6.830503989476711
cuda,JNU,end_to_end,K1,True,3,217,6.855556974187493
cuda,JNU,end_to_end,K1,True,3,218,6.74235203769058
cuda,JNU,end_to_end,K1,True,3,219,6.700847996398807
cuda,JNU,end_to_end,K1,True,3,220,6.734347029123455
cuda,JNU,end_to_end,K1,True,3,221,6.763248995412141
cuda,JNU,end_to_end,K1,True,3,222,6.767740997020155
cuda,JNU,end_to_end,K1,True,3,223,6.768191000446677
cuda,JNU,end_to_end,K1,True,3,224,6.75150501774624
cuda,JNU,end_to_end,K1,True,3,225,6.767381972167641
cuda,JNU,end_to_end,K1,True,3,226,6.755065987817943
cuda,JNU,end_to_end,K1,True,3,227,6.752610031981021
cuda,JNU,end_to_end,K1,True,3,228,6.750168977305293
cuda,JNU,end_to_end,K1,True,3,229,6.720350997056812
cuda,JNU,end_to_end,K1,True,3,230,6.723099038936198
cuda,JNU,end_to_end,K1,True,3,231,6.779976945836097
cuda,JNU,end_to_end,K1,True,3,232,6.764520017895848
cuda,JNU,end_to_end,K1,True,3,233,6.748828978743404
cuda,JNU,end_to_end,K1,True,3,234,6.720540986862034
cuda,JNU,end_to_end,K1,True,3,235,6.718748947605491
cuda,JNU,end_to_end,K1,True,3,236,6.756729970220476
cuda,JNU,end_to_end,K1,True,3,237,6.783707009162754
cuda,JNU,end_to_end,K1,True,3,238,6.7539100418798625
cuda,JNU,end_to_end,K1,True,3,239,6.746526982169598
cuda,JNU,end_to_end,K1,True,3,240,6.754486996214837
cuda,JNU,end_to_end,K1,True,3,241,6.732614012435079
cuda,JNU,end_to_end,K1,True,3,242,6.757439987268299
cuda,JNU,end_to_end,K1,True,3,243,6.77121797343716
cuda,JNU,end_to_end,K1,True,3,244,6.7779640085063875
cuda,JNU,end_to_end,K1,True,3,245,6.7407029564492404
cuda,JNU,end_to_end,K1,True,3,246,6.742092955391854
cuda,JNU,end_to_end,K1,True,3,247,6.770777981728315
cuda,JNU,end_to_end,K1,True,3,248,6.744089012499899
cuda,JNU,end_to_end,K1,True,3,249,6.756647024303675
cuda,JNU,end_to_end,Full-S1,True,3,0,10.571088001597673
cuda,JNU,end_to_end,Full-S1,True,3,1,10.595104948151857
cuda,JNU,end_to_end,Full-S1,True,3,2,10.604006994981319
cuda,JNU,end_to_end,Full-S1,True,3,3,10.61251200735569
cuda,JNU,end_to_end,Full-S1,True,3,4,10.559077025391161
cuda,JNU,end_to_end,Full-S1,True,3,5,10.568728030193597
cuda,JNU,end_to_end,Full-S1,True,3,6,10.584531002677977
cuda,JNU,end_to_end,Full-S1,True,3,7,10.550537030212581
cuda,JNU,end_to_end,Full-S1,True,3,8,10.586143005639315
cuda,JNU,end_to_end,Full-S1,True,3,9,10.59373700991273
cuda,JNU,end_to_end,Full-S1,True,3,10,10.623595968354493
cuda,JNU,end_to_end,Full-S1,True,3,11,10.570214013569057
cuda,JNU,end_to_end,Full-S1,True,3,12,10.589412006083876
cuda,JNU,end_to_end,Full-S1,True,3,13,10.565784003119916
cuda,JNU,end_to_end,Full-S1,True,3,14,10.596488020382822
cuda,JNU,end_to_end,Full-S1,True,3,15,10.57198696071282
cuda,JNU,end_to_end,Full-S1,True,3,16,10.483105026651174
cuda,JNU,end_to_end,Full-S1,True,3,17,10.59155899565667
cuda,JNU,end_to_end,Full-S1,True,3,18,10.582102986518294
cuda,JNU,end_to_end,Full-S1,True,3,19,10.55217400426045
cuda,JNU,end_to_end,Full-S1,True,3,20,10.55674598319456
cuda,JNU,end_to_end,Full-S1,True,3,21,10.586778982542455
cuda,JNU,end_to_end,Full-S1,True,3,22,10.595950006972998
cuda,JNU,end_to_end,Full-S1,True,3,23,10.566796991042793
cuda,JNU,end_to_end,Full-S1,True,3,24,10.62288403045386
cuda,JNU,end_to_end,Full-S1,True,3,25,10.521236981730908
cuda,JNU,end_to_end,Full-S1,True,3,26,10.584562958683819
cuda,JNU,end_to_end,Full-S1,True,3,27,10.63554297434166
cuda,JNU,end_to_end,Full-S1,True,3,28,10.574253043159842
cuda,JNU,end_to_end,Full-S1,True,3,29,10.626507981214672
cuda,JNU,end_to_end,Full-S1,True,3,30,10.484343976713717
cuda,JNU,end_to_end,Full-S1,True,3,31,10.492945031728595
cuda,JNU,end_to_end,Full-S1,True,3,32,10.573076026048511
cuda,JNU,end_to_end,Full-S1,True,3,33,10.757973999716341
cuda,JNU,end_to_end,Full-S1,True,3,34,10.743722028564662
cuda,JNU,end_to_end,Full-S1,True,3,35,10.623414011206478
cuda,JNU,end_to_end,Full-S1,True,3,36,10.55054203607142
cuda,JNU,end_to_end,Full-S1,True,3,37,10.609742952510715
cuda,JNU,end_to_end,Full-S1,True,3,38,10.60050301020965
cuda,JNU,end_to_end,Full-S1,True,3,39,10.585687996353954
cuda,JNU,end_to_end,Full-S1,True,3,40,10.538628965150565
cuda,JNU,end_to_end,Full-S1,True,3,41,10.58014901354909
cuda,JNU,end_to_end,Full-S1,True,3,42,10.599440021906048
cuda,JNU,end_to_end,Full-S1,True,3,43,10.579440975561738
cuda,JNU,end_to_end,Full-S1,True,3,44,10.601824033074081
cuda,JNU,end_to_end,Full-S1,True,3,45,10.563004005234689
cuda,JNU,end_to_end,Full-S1,True,3,46,10.609631019178778
cuda,JNU,end_to_end,Full-S1,True,3,47,10.581334005109966
cuda,JNU,end_to_end,Full-S1,True,3,48,10.58485102839768
cuda,JNU,end_to_end,Full-S1,True,3,49,10.560859984252602
cuda,JNU,end_to_end,Full-S1,True,3,50,10.529363004025072
cuda,JNU,end_to_end,Full-S1,True,3,51,10.613671969622374
cuda,JNU,end_to_end,Full-S1,True,3,52,10.58087800629437
cuda,JNU,end_to_end,Full-S1,True,3,53,10.582790011540055
cuda,JNU,end_to_end,Full-S1,True,3,54,10.590811027213931
cuda,JNU,end_to_end,Full-S1,True,3,55,10.55102894315496
cuda,JNU,end_to_end,Full-S1,True,3,56,10.590148973278701
cuda,JNU,end_to_end,Full-S1,True,3,57,10.58540103258565
cuda,JNU,end_to_end,Full-S1,True,3,58,10.549100989010185
cuda,JNU,end_to_end,Full-S1,True,3,59,10.616908955853432
cuda,JNU,end_to_end,Full-S1,True,3,60,10.605452000163496
cuda,JNU,end_to_end,Full-S1,True,3,61,10.548586957156658
cuda,JNU,end_to_end,Full-S1,True,3,62,10.596841049846262
cuda,JNU,end_to_end,Full-S1,True,3,63,10.575919004622847
cuda,JNU,end_to_end,Full-S1,True,3,64,10.54447895148769
cuda,JNU,end_to_end,Full-S1,True,3,65,10.605517018120736
cuda,JNU,end_to_end,Full-S1,True,3,66,10.546462959609926
cuda,JNU,end_to_end,Full-S1,True,3,67,10.63820201670751
cuda,JNU,end_to_end,Full-S1,True,3,68,10.543285985477269
cuda,JNU,end_to_end,Full-S1,True,3,69,10.614335013087839
cuda,JNU,end_to_end,Full-S1,True,3,70,10.54040901362896
cuda,JNU,end_to_end,Full-S1,True,3,71,10.54186001420021
cuda,JNU,end_to_end,Full-S1,True,3,72,10.592380946036428
cuda,JNU,end_to_end,Full-S1,True,3,73,10.858375986572355
cuda,JNU,end_to_end,Full-S1,True,3,74,10.700000973884016
cuda,JNU,end_to_end,Full-S1,True,3,75,10.590594029054046
cuda,JNU,end_to_end,Full-S1,True,3,76,10.661136009730399
cuda,JNU,end_to_end,Full-S1,True,3,77,10.574436979368329
cuda,JNU,end_to_end,Full-S1,True,3,78,10.567767021711916
cuda,JNU,end_to_end,Full-S1,True,3,79,10.609232995193452
cuda,JNU,end_to_end,Full-S1,True,3,80,10.582283022813499
cuda,JNU,end_to_end,Full-S1,True,3,81,10.579305002465844
cuda,JNU,end_to_end,Full-S1,True,3,82,10.702391038648784
cuda,JNU,end_to_end,Full-S1,True,3,83,10.655146033968776
cuda,JNU,end_to_end,Full-S1,True,3,84,10.576430999208242
cuda,JNU,end_to_end,Full-S1,True,3,85,10.5531100416556
cuda,JNU,end_to_end,Full-S1,True,3,86,10.621055960655212
cuda,JNU,end_to_end,Full-S1,True,3,87,10.580564034171402
cuda,JNU,end_to_end,Full-S1,True,3,88,10.589458979666233
cuda,JNU,end_to_end,Full-S1,True,3,89,10.599080007523298
cuda,JNU,end_to_end,Full-S1,True,3,90,10.582663002423942
cuda,JNU,end_to_end,Full-S1,True,3,91,10.584975010715425
cuda,JNU,end_to_end,Full-S1,True,3,92,10.613231977913529
cuda,JNU,end_to_end,Full-S1,True,3,93,10.61747403582558
cuda,JNU,end_to_end,Full-S1,True,3,94,10.623715992551297
cuda,JNU,end_to_end,Full-S1,True,3,95,10.557792033068836
cuda,JNU,end_to_end,Full-S1,True,3,96,10.599542001727968
cuda,JNU,end_to_end,Full-S1,True,3,97,10.584536998067051
cuda,JNU,end_to_end,Full-S1,True,3,98,10.620481974910945
cuda,JNU,end_to_end,Full-S1,True,3,99,10.559156013187021
cuda,JNU,end_to_end,Full-S1,True,3,100,10.580161993857473
cuda,JNU,end_to_end,Full-S1,True,3,101,10.586296033579856
cuda,JNU,end_to_end,Full-S1,True,3,102,10.586942022200674
cuda,JNU,end_to_end,Full-S1,True,3,103,10.584407020360231
cuda,JNU,end_to_end,Full-S1,True,3,104,10.643240006174892
cuda,JNU,end_to_end,Full-S1,True,3,105,10.594231949653476
cuda,JNU,end_to_end,Full-S1,True,3,106,10.593236016575247
cuda,JNU,end_to_end,Full-S1,True,3,107,10.607364005409181
cuda,JNU,end_to_end,Full-S1,True,3,108,10.60343295102939
cuda,JNU,end_to_end,Full-S1,True,3,109,10.587545984890312
cuda,JNU,end_to_end,Full-S1,True,3,110,10.575080988928676
cuda,JNU,end_to_end,Full-S1,True,3,111,10.622073023114353
cuda,JNU,end_to_end,Full-S1,True,3,112,10.5707100010477
cuda,JNU,end_to_end,Full-S1,True,3,113,10.576076980214566
cuda,JNU,end_to_end,Full-S1,True,3,114,10.509554005693644
cuda,JNU,end_to_end,Full-S1,True,3,115,10.587757045868784
cuda,JNU,end_to_end,Full-S1,True,3,116,10.57381700957194
cuda,JNU,end_to_end,Full-S1,True,3,117,10.631634038873017
cuda,JNU,end_to_end,Full-S1,True,3,118,10.605431976728141
cuda,JNU,end_to_end,Full-S1,True,3,119,10.562915005721152
cuda,JNU,end_to_end,Full-S1,True,3,120,10.560702998191118
cuda,JNU,end_to_end,Full-S1,True,3,121,10.57864900212735
cuda,JNU,end_to_end,Full-S1,True,3,122,10.574269981589168
cuda,JNU,end_to_end,Full-S1,True,3,123,10.586555988993496
cuda,JNU,end_to_end,Full-S1,True,3,124,10.590511024929583
cuda,JNU,end_to_end,Full-S1,True,3,125,10.517282004002482
cuda,JNU,end_to_end,Full-S1,True,3,126,10.600562032777816
cuda,JNU,end_to_end,Full-S1,True,3,127,10.678202961571515
cuda,JNU,end_to_end,Full-S1,True,3,128,10.87047200417146
cuda,JNU,end_to_end,Full-S1,True,3,129,10.647252958733588
cuda,JNU,end_to_end,Full-S1,True,3,130,10.589091980364174
cuda,JNU,end_to_end,Full-S1,True,3,131,10.617854015436023
cuda,JNU,end_to_end,Full-S1,True,3,132,10.606986004859209
cuda,JNU,end_to_end,Full-S1,True,3,133,10.587816999759525
cuda,JNU,end_to_end,Full-S1,True,3,134,10.661438980605453
cuda,JNU,end_to_end,Full-S1,True,3,135,10.61345700873062
cuda,JNU,end_to_end,Full-S1,True,3,136,10.593674029223621
cuda,JNU,end_to_end,Full-S1,True,3,137,10.616007028147578
cuda,JNU,end_to_end,Full-S1,True,3,138,10.606210969854146
cuda,JNU,end_to_end,Full-S1,True,3,139,10.585798998363316
cuda,JNU,end_to_end,Full-S1,True,3,140,10.553326981607825
cuda,JNU,end_to_end,Full-S1,True,3,141,10.631231998559088
cuda,JNU,end_to_end,Full-S1,True,3,142,10.54664101684466
cuda,JNU,end_to_end,Full-S1,True,3,143,10.574501007795334
cuda,JNU,end_to_end,Full-S1,True,3,144,10.59426402207464
cuda,JNU,end_to_end,Full-S1,True,3,145,10.589885001536459
cuda,JNU,end_to_end,Full-S1,True,3,146,10.599063010886312
cuda,JNU,end_to_end,Full-S1,True,3,147,10.57036902057007
cuda,JNU,end_to_end,Full-S1,True,3,148,10.581167007330805
cuda,JNU,end_to_end,Full-S1,True,3,149,10.5645940057002
cuda,JNU,end_to_end,Full-S1,True,3,150,10.566080047283322
cuda,JNU,end_to_end,Full-S1,True,3,151,10.559147980529815
cuda,JNU,end_to_end,Full-S1,True,3,152,10.596415027976036
cuda,JNU,end_to_end,Full-S1,True,3,153,10.5893739964813
cuda,JNU,end_to_end,Full-S1,True,3,154,10.584384959656745
cuda,JNU,end_to_end,Full-S1,True,3,155,10.599925997667015
cuda,JNU,end_to_end,Full-S1,True,3,156,10.59447496663779
cuda,JNU,end_to_end,Full-S1,True,3,157,10.66410297062248
cuda,JNU,end_to_end,Full-S1,True,3,158,10.581711016129702
cuda,JNU,end_to_end,Full-S1,True,3,159,10.572667000815272
cuda,JNU,end_to_end,Full-S1,True,3,160,10.576175001915544
cuda,JNU,end_to_end,Full-S1,True,3,161,10.619694017805159
cuda,JNU,end_to_end,Full-S1,True,3,162,10.57295803911984
cuda,JNU,end_to_end,Full-S1,True,3,163,10.56035899091512
cuda,JNU,end_to_end,Full-S1,True,3,164,10.586433985736221
cuda,JNU,end_to_end,Full-S1,True,3,165,10.562031995505095
cuda,JNU,end_to_end,Full-S1,True,3,166,10.548983002081513
cuda,JNU,end_to_end,Full-S1,True,3,167,10.724099003709853
cuda,JNU,end_to_end,Full-S1,True,3,168,10.7565350481309
cuda,JNU,end_to_end,Full-S1,True,3,169,10.622053989209235
cuda,JNU,end_to_end,Full-S1,True,3,170,10.595286963507533
cuda,JNU,end_to_end,Full-S1,True,3,171,10.633740050252527
cuda,JNU,end_to_end,Full-S1,True,3,172,10.590481979306787
cuda,JNU,end_to_end,Full-S1,True,3,173,10.601979971397668
cuda,JNU,end_to_end,Full-S1,True,3,174,10.560231981799006
cuda,JNU,end_to_end,Full-S1,True,3,175,10.624717979226261
cuda,JNU,end_to_end,Full-S1,True,3,176,10.60639601200819
cuda,JNU,end_to_end,Full-S1,True,3,177,10.60110004618764
cuda,JNU,end_to_end,Full-S1,True,3,178,10.566293029114604
cuda,JNU,end_to_end,Full-S1,True,3,179,10.58940403163433
cuda,JNU,end_to_end,Full-S1,True,3,180,10.584118019323796
cuda,JNU,end_to_end,Full-S1,True,3,181,10.569752019364387
cuda,JNU,end_to_end,Full-S1,True,3,182,10.569642996415496
cuda,JNU,end_to_end,Full-S1,True,3,183,10.593682003673166
cuda,JNU,end_to_end,Full-S1,True,3,184,10.59511600760743
cuda,JNU,end_to_end,Full-S1,True,3,185,10.564239986706525
cuda,JNU,end_to_end,Full-S1,True,3,186,10.581480048131198
cuda,JNU,end_to_end,Full-S1,True,3,187,10.554320004303008
cuda,JNU,end_to_end,Full-S1,True,3,188,10.539426992181689
cuda,JNU,end_to_end,Full-S1,True,3,189,10.595330968499184
cuda,JNU,end_to_end,Full-S1,True,3,190,10.544060030952096
cuda,JNU,end_to_end,Full-S1,True,3,191,10.591216967441142
cuda,JNU,end_to_end,Full-S1,True,3,192,10.574678017292172
cuda,JNU,end_to_end,Full-S1,True,3,193,10.597350017633289
cuda,JNU,end_to_end,Full-S1,True,3,194,10.543263982981443
cuda,JNU,end_to_end,Full-S1,True,3,195,10.575704975053668
cuda,JNU,end_to_end,Full-S1,True,3,196,10.614358994644135
cuda,JNU,end_to_end,Full-S1,True,3,197,10.60576201416552
cuda,JNU,end_to_end,Full-S1,True,3,198,10.6031289906241
cuda,JNU,end_to_end,Full-S1,True,3,199,10.548215999733657
cuda,JNU,end_to_end,Full-S1,True,3,200,10.537674999795854
cuda,JNU,end_to_end,Full-S1,True,3,201,10.554592998232692
cuda,JNU,end_to_end,Full-S1,True,3,202,10.601893998682499
cuda,JNU,end_to_end,Full-S1,True,3,203,10.589135985355824
cuda,JNU,end_to_end,Full-S1,True,3,204,10.628961026668549
cuda,JNU,end_to_end,Full-S1,True,3,205,10.53901802515611
cuda,JNU,end_to_end,Full-S1,True,3,206,10.541535972151905
cuda,JNU,end_to_end,Full-S1,True,3,207,10.578964021988213
cuda,JNU,end_to_end,Full-S1,True,3,208,10.63808600883931
cuda,JNU,end_to_end,Full-S1,True,3,209,10.58429101249203
cuda,JNU,end_to_end,Full-S1,True,3,210,10.546742007136345
cuda,JNU,end_to_end,Full-S1,True,3,211,10.608375014271587
cuda,JNU,end_to_end,Full-S1,True,3,212,10.573614970780909
cuda,JNU,end_to_end,Full-S1,True,3,213,10.578164015896618
cuda,JNU,end_to_end,Full-S1,True,3,214,10.644811962265521
cuda,JNU,end_to_end,Full-S1,True,3,215,10.545686993282288
cuda,JNU,end_to_end,Full-S1,True,3,216,10.634274978656322
cuda,JNU,end_to_end,Full-S1,True,3,217,10.614269005600363
cuda,JNU,end_to_end,Full-S1,True,3,218,10.686684981919825
cuda,JNU,end_to_end,Full-S1,True,3,219,10.609725955873728
cuda,JNU,end_to_end,Full-S1,True,3,220,10.606355033814907
cuda,JNU,end_to_end,Full-S1,True,3,221,10.59201400494203
cuda,JNU,end_to_end,Full-S1,True,3,222,10.779709031339735
cuda,JNU,end_to_end,Full-S1,True,3,223,10.696141049265862
cuda,JNU,end_to_end,Full-S1,True,3,224,10.575882974080741
cuda,JNU,end_to_end,Full-S1,True,3,225,10.63854998210445
cuda,JNU,end_to_end,Full-S1,True,3,226,10.64392999978736
cuda,JNU,end_to_end,Full-S1,True,3,227,10.60110202524811
cuda,JNU,end_to_end,Full-S1,True,3,228,10.686392954085022
cuda,JNU,end_to_end,Full-S1,True,3,229,10.640768043231219
cuda,JNU,end_to_end,Full-S1,True,3,230,10.665475041605532
cuda,JNU,end_to_end,Full-S1,True,3,231,10.586454009171575
cuda,JNU,end_to_end,Full-S1,True,3,232,10.599755973089486
cuda,JNU,end_to_end,Full-S1,True,3,233,10.578487010207027
cuda,JNU,end_to_end,Full-S1,True,3,234,10.606030002236366
cuda,JNU,end_to_end,Full-S1,True,3,235,10.636291990522295
cuda,JNU,end_to_end,Full-S1,True,3,236,10.607063013594598
cuda,JNU,end_to_end,Full-S1,True,3,237,10.596400999929756
cuda,JNU,end_to_end,Full-S1,True,3,238,10.610256984364241
cuda,JNU,end_to_end,Full-S1,True,3,239,10.658295010216534
cuda,JNU,end_to_end,Full-S1,True,3,240,10.563421004917473
cuda,JNU,end_to_end,Full-S1,True,3,241,10.617032996378839
cuda,JNU,end_to_end,Full-S1,True,3,242,10.571306047495455
cuda,JNU,end_to_end,Full-S1,True,3,243,10.529528954066336
cuda,JNU,end_to_end,Full-S1,True,3,244,10.573034000117332
cuda,JNU,end_to_end,Full-S1,True,3,245,10.608576005324721
cuda,JNU,end_to_end,Full-S1,True,3,246,10.57005301117897
cuda,JNU,end_to_end,Full-S1,True,3,247,10.616265994030982
cuda,JNU,end_to_end,Full-S1,True,3,248,10.562750976532698
cuda,JNU,end_to_end,Full-S1,True,3,249,10.617706982884556
cuda,HIT,model_only,Full-S1,True,0,0,7.808792986907065
cuda,HIT,model_only,Full-S1,True,0,1,7.770578027702868
cuda,HIT,model_only,Full-S1,True,0,2,7.777292979881167
cuda,HIT,model_only,Full-S1,True,0,3,7.7651970204897225
cuda,HIT,model_only,Full-S1,True,0,4,7.7675110078416765
cuda,HIT,model_only,Full-S1,True,0,5,7.774516008794308
cuda,HIT,model_only,Full-S1,True,0,6,7.797157973982394
cuda,HIT,model_only,Full-S1,True,0,7,7.776307000312954
cuda,HIT,model_only,Full-S1,True,0,8,7.776991056744009
cuda,HIT,model_only,Full-S1,True,0,9,7.767595001496375
cuda,HIT,model_only,Full-S1,True,0,10,7.8579719993285835
cuda,HIT,model_only,Full-S1,True,0,11,7.751411991193891
cuda,HIT,model_only,Full-S1,True,0,12,7.779898995067924
cuda,HIT,model_only,Full-S1,True,0,13,7.833292009308934
cuda,HIT,model_only,Full-S1,True,0,14,7.832994975615293
cuda,HIT,model_only,Full-S1,True,0,15,7.765588990878314
cuda,HIT,model_only,Full-S1,True,0,16,7.733754988294095
cuda,HIT,model_only,Full-S1,True,0,17,7.769581978209317
cuda,HIT,model_only,Full-S1,True,0,18,7.755208003800362
cuda,HIT,model_only,Full-S1,True,0,19,7.753516954835504
cuda,HIT,model_only,Full-S1,True,0,20,7.763100031297654
cuda,HIT,model_only,Full-S1,True,0,21,7.997379987500608
cuda,HIT,model_only,Full-S1,True,0,22,7.968375983182341
cuda,HIT,model_only,Full-S1,True,0,23,7.78755295323208
cuda,HIT,model_only,Full-S1,True,0,24,7.7882129698991776
cuda,HIT,model_only,Full-S1,True,0,25,7.81094201374799
cuda,HIT,model_only,Full-S1,True,0,26,7.757256971672177
cuda,HIT,model_only,Full-S1,True,0,27,7.801001018378884
cuda,HIT,model_only,Full-S1,True,0,28,7.776020036544651
cuda,HIT,model_only,Full-S1,True,0,29,7.842239981982857
cuda,HIT,model_only,Full-S1,True,0,30,7.787453010678291
cuda,HIT,model_only,Full-S1,True,0,31,7.77063297573477
cuda,HIT,model_only,Full-S1,True,0,32,7.810073031578213
cuda,HIT,model_only,Full-S1,True,0,33,7.771142991259694
cuda,HIT,model_only,Full-S1,True,0,34,7.7651210012845695
cuda,HIT,model_only,Full-S1,True,0,35,7.8359360340982676
cuda,HIT,model_only,Full-S1,True,0,36,7.776209036819637
cuda,HIT,model_only,Full-S1,True,0,37,7.814225973561406
cuda,HIT,model_only,Full-S1,True,0,38,8.085501031018794
cuda,HIT,model_only,Full-S1,True,0,39,8.194594993256032
cuda,HIT,model_only,Full-S1,True,0,40,7.912448025308549
cuda,HIT,model_only,Full-S1,True,0,41,7.8755749855190516
cuda,HIT,model_only,Full-S1,True,0,42,7.785861962474883
cuda,HIT,model_only,Full-S1,True,0,43,7.783284003380686
cuda,HIT,model_only,Full-S1,True,0,44,7.845104963053018
cuda,HIT,model_only,Full-S1,True,0,45,7.795432000420988
cuda,HIT,model_only,Full-S1,True,0,46,7.771928037982434
cuda,HIT,model_only,Full-S1,True,0,47,7.744316011667252
cuda,HIT,model_only,Full-S1,True,0,48,7.7946759993210435
cuda,HIT,model_only,Full-S1,True,0,49,7.786436006426811
cuda,HIT,model_only,Full-S1,True,0,50,7.762377965264022
cuda,HIT,model_only,Full-S1,True,0,51,7.903606980107725
cuda,HIT,model_only,Full-S1,True,0,52,7.834802032448351
cuda,HIT,model_only,Full-S1,True,0,53,7.821942970622331
cuda,HIT,model_only,Full-S1,True,0,54,7.8235799446702
cuda,HIT,model_only,Full-S1,True,0,55,7.777166028972715
cuda,HIT,model_only,Full-S1,True,0,56,7.77637999271974
cuda,HIT,model_only,Full-S1,True,0,57,7.78701005037874
cuda,HIT,model_only,Full-S1,True,0,58,7.756010047160089
cuda,HIT,model_only,Full-S1,True,0,59,7.779462030157447
cuda,HIT,model_only,Full-S1,True,0,60,7.850883004721254
cuda,HIT,model_only,Full-S1,True,0,61,7.7898159506730735
cuda,HIT,model_only,Full-S1,True,0,62,7.785891997627914
cuda,HIT,model_only,Full-S1,True,0,63,7.756981009151787
cuda,HIT,model_only,Full-S1,True,0,64,7.770383032038808
cuda,HIT,model_only,Full-S1,True,0,65,7.829218986444175
cuda,HIT,model_only,Full-S1,True,0,66,7.756156963296235
cuda,HIT,model_only,Full-S1,True,0,67,7.756812963634729
cuda,HIT,model_only,Full-S1,True,0,68,7.847153989132494
cuda,HIT,model_only,Full-S1,True,0,69,7.78307399014011
cuda,HIT,model_only,Full-S1,True,0,70,7.795139972586185
cuda,HIT,model_only,Full-S1,True,0,71,7.78561201877892
cuda,HIT,model_only,Full-S1,True,0,72,7.781246968079358
cuda,HIT,model_only,Full-S1,True,0,73,7.849034969694912
cuda,HIT,model_only,Full-S1,True,0,74,7.79085501562804
cuda,HIT,model_only,Full-S1,True,0,75,7.769057992845774
cuda,HIT,model_only,Full-S1,True,0,76,7.832835952285677
cuda,HIT,model_only,Full-S1,True,0,77,7.776293030474335
cuda,HIT,model_only,Full-S1,True,0,78,7.782856002449989
cuda,HIT,model_only,Full-S1,True,0,79,7.773848017677665
cuda,HIT,model_only,Full-S1,True,0,80,7.847075001336634
cuda,HIT,model_only,Full-S1,True,0,81,7.735664024949074
cuda,HIT,model_only,Full-S1,True,0,82,7.78466701740399
cuda,HIT,model_only,Full-S1,True,0,83,7.771719945594668
cuda,HIT,model_only,Full-S1,True,0,84,7.770888973027468
cuda,HIT,model_only,Full-S1,True,0,85,7.777422026265413
cuda,HIT,model_only,Full-S1,True,0,86,7.764695037622005
cuda,HIT,model_only,Full-S1,True,0,87,7.734286016784608
cuda,HIT,model_only,Full-S1,True,0,88,7.779031002428383
cuda,HIT,model_only,Full-S1,True,0,89,7.777938968501985
cuda,HIT,model_only,Full-S1,True,0,90,7.79402902116999
cuda,HIT,model_only,Full-S1,True,0,91,7.769402989652008
cuda,HIT,model_only,Full-S1,True,0,92,7.926801044959575
cuda,HIT,model_only,Full-S1,True,0,93,8.32825800171122
cuda,HIT,model_only,Full-S1,True,0,94,8.225219964515418
cuda,HIT,model_only,Full-S1,True,0,95,7.802876003552228
cuda,HIT,model_only,Full-S1,True,0,96,7.752235978841782
cuda,HIT,model_only,Full-S1,True,0,97,7.872243004385382
cuda,HIT,model_only,Full-S1,True,0,98,7.767043018247932
cuda,HIT,model_only,Full-S1,True,0,99,7.795988989528269
cuda,HIT,model_only,Full-S1,True,0,100,7.723802991677076
cuda,HIT,model_only,Full-S1,True,0,101,7.779633044265211
cuda,HIT,model_only,Full-S1,True,0,102,7.7579820062965155
cuda,HIT,model_only,Full-S1,True,0,103,7.822320971172303
cuda,HIT,model_only,Full-S1,True,0,104,7.800674007739872
cuda,HIT,model_only,Full-S1,True,0,105,7.796562975272536
cuda,HIT,model_only,Full-S1,True,0,106,7.815561024472117
cuda,HIT,model_only,Full-S1,True,0,107,7.838913006708026
cuda,HIT,model_only,Full-S1,True,0,108,7.787059003021568
cuda,HIT,model_only,Full-S1,True,0,109,7.8278909786604345
cuda,HIT,model_only,Full-S1,True,0,110,7.772843993734568
cuda,HIT,model_only,Full-S1,True,0,111,7.808466034475714
cuda,HIT,model_only,Full-S1,True,0,112,7.815700955688953
cuda,HIT,model_only,Full-S1,True,0,113,7.761661952827126
cuda,HIT,model_only,Full-S1,True,0,114,7.79251498170197
cuda,HIT,model_only,Full-S1,True,0,115,7.735423976555467
cuda,HIT,model_only,Full-S1,True,0,116,7.800410035997629
cuda,HIT,model_only,Full-S1,True,0,117,7.810914015863091
cuda,HIT,model_only,Full-S1,True,0,118,7.791153970174491
cuda,HIT,model_only,Full-S1,True,0,119,7.751132012344897
cuda,HIT,model_only,Full-S1,True,0,120,7.767266011796892
cuda,HIT,model_only,Full-S1,True,0,121,7.7944560325704515
cuda,HIT,model_only,Full-S1,True,0,122,7.791528012603521
cuda,HIT,model_only,Full-S1,True,0,123,7.750919961836189
cuda,HIT,model_only,Full-S1,True,0,124,7.7676549553871155
cuda,HIT,model_only,Full-S1,True,0,125,7.792472955770791
cuda,HIT,model_only,Full-S1,True,0,126,7.905281032435596
cuda,HIT,model_only,Full-S1,True,0,127,7.7698829700239
cuda,HIT,model_only,Full-S1,True,0,128,7.780527055729181
cuda,HIT,model_only,Full-S1,True,0,129,7.76734302053228
cuda,HIT,model_only,Full-S1,True,0,130,7.778993982356042
cuda,HIT,model_only,Full-S1,True,0,131,7.767899020109326
cuda,HIT,model_only,Full-S1,True,0,132,7.759463042020798
cuda,HIT,model_only,Full-S1,True,0,133,7.792454038280994
cuda,HIT,model_only,Full-S1,True,0,134,7.7755769598297775
cuda,HIT,model_only,Full-S1,True,0,135,7.789983996190131
cuda,HIT,model_only,Full-S1,True,0,136,7.818797021172941
cuda,HIT,model_only,Full-S1,True,0,137,7.774348021484911
cuda,HIT,model_only,Full-S1,True,0,138,7.853296992834657
cuda,HIT,model_only,Full-S1,True,0,139,7.822085986845195
cuda,HIT,model_only,Full-S1,True,0,140,7.801460043992847
cuda,HIT,model_only,Full-S1,True,0,141,7.836949022021145
cuda,HIT,model_only,Full-S1,True,0,142,7.796826015692204
cuda,HIT,model_only,Full-S1,True,0,143,7.760995998978615
cuda,HIT,model_only,Full-S1,True,0,144,7.775603036861867
cuda,HIT,model_only,Full-S1,True,0,145,7.774636964313686
cuda,HIT,model_only,Full-S1,True,0,146,7.761910033877939
cuda,HIT,model_only,Full-S1,True,0,147,7.767804025206715
cuda,HIT,model_only,Full-S1,True,0,148,7.769724994432181
cuda,HIT,model_only,Full-S1,True,0,149,7.824842003174126
cuda,HIT,model_only,Full-S1,True,0,150,7.798712991643697
cuda,HIT,model_only,Full-S1,True,0,151,7.822348969057202
cuda,HIT,model_only,Full-S1,True,0,152,7.8370540286414325
cuda,HIT,model_only,Full-S1,True,0,153,7.960165967233479
cuda,HIT,model_only,Full-S1,True,0,154,7.839018013328314
cuda,HIT,model_only,Full-S1,True,0,155,7.765899994410574
cuda,HIT,model_only,Full-S1,True,0,156,7.766024966258556
cuda,HIT,model_only,Full-S1,True,0,157,7.743885042145848
cuda,HIT,model_only,Full-S1,True,0,158,7.806392037309706
cuda,HIT,model_only,Full-S1,True,0,159,7.763269008137286
cuda,HIT,model_only,Full-S1,True,0,160,7.835741969756782
cuda,HIT,model_only,Full-S1,True,0,161,7.786118949297816
cuda,HIT,model_only,Full-S1,True,0,162,7.73718801792711
cuda,HIT,model_only,Full-S1,True,0,163,7.777133956551552
cuda,HIT,model_only,Full-S1,True,0,164,7.765986956655979
cuda,HIT,model_only,Full-S1,True,0,165,7.750993012450635
cuda,HIT,model_only,Full-S1,True,0,166,8.010779041796923
cuda,HIT,model_only,Full-S1,True,0,167,8.127490989863873
cuda,HIT,model_only,Full-S1,True,0,168,7.9019079566933215
cuda,HIT,model_only,Full-S1,True,0,169,7.92203500168398
cuda,HIT,model_only,Full-S1,True,0,170,7.828928006347269
cuda,HIT,model_only,Full-S1,True,0,171,7.834013958927244
cuda,HIT,model_only,Full-S1,True,0,172,7.775906007736921
cuda,HIT,model_only,Full-S1,True,0,173,7.79544998658821
cuda,HIT,model_only,Full-S1,True,0,174,7.786832982674241
cuda,HIT,model_only,Full-S1,True,0,175,7.8012560261413455
cuda,HIT,model_only,Full-S1,True,0,176,7.755359984003007
cuda,HIT,model_only,Full-S1,True,0,177,7.845878950320184
cuda,HIT,model_only,Full-S1,True,0,178,7.782728003803641
cuda,HIT,model_only,Full-S1,True,0,179,7.7981880167499185
cuda,HIT,model_only,Full-S1,True,0,180,7.898595998995006
cuda,HIT,model_only,Full-S1,True,0,181,7.792609976604581
cuda,HIT,model_only,Full-S1,True,0,182,7.763204979710281
cuda,HIT,model_only,Full-S1,True,0,183,7.775213976856321
cuda,HIT,model_only,Full-S1,True,0,184,7.773432997055352
cuda,HIT,model_only,Full-S1,True,0,185,7.776825979817659
cuda,HIT,model_only,Full-S1,True,0,186,7.788160000927746
cuda,HIT,model_only,Full-S1,True,0,187,7.77440401725471
cuda,HIT,model_only,Full-S1,True,0,188,7.825674954801798
cuda,HIT,model_only,Full-S1,True,0,189,7.813933014404029
cuda,HIT,model_only,Full-S1,True,0,190,7.793347002007067
cuda,HIT,model_only,Full-S1,True,0,191,7.752250006888062
cuda,HIT,model_only,Full-S1,True,0,192,7.754719001241028
cuda,HIT,model_only,Full-S1,True,0,193,7.7712140046060085
cuda,HIT,model_only,Full-S1,True,0,194,7.7696029911749065
cuda,HIT,model_only,Full-S1,True,0,195,7.759161002468318
cuda,HIT,model_only,Full-S1,True,0,196,7.822637970093638
cuda,HIT,model_only,Full-S1,True,0,197,7.780749001540244
cuda,HIT,model_only,Full-S1,True,0,198,7.793287979438901
cuda,HIT,model_only,Full-S1,True,0,199,7.78988201636821
cuda,HIT,model_only,Full-S1,True,0,200,7.779659004881978
cuda,HIT,model_only,Full-S1,True,0,201,7.856680022086948
cuda,HIT,model_only,Full-S1,True,0,202,7.897770032286644
cuda,HIT,model_only,Full-S1,True,0,203,7.847898988984525
cuda,HIT,model_only,Full-S1,True,0,204,7.807262998539954
cuda,HIT,model_only,Full-S1,True,0,205,7.756622973829508
cuda,HIT,model_only,Full-S1,True,0,206,7.787148002535105
cuda,HIT,model_only,Full-S1,True,0,207,7.770046009682119
cuda,HIT,model_only,Full-S1,True,0,208,7.795368030201644
cuda,HIT,model_only,Full-S1,True,0,209,7.839721045456827
cuda,HIT,model_only,Full-S1,True,0,210,7.76719901477918
cuda,HIT,model_only,Full-S1,True,0,211,7.828239002265036
cuda,HIT,model_only,Full-S1,True,0,212,7.780123967677355
cuda,HIT,model_only,Full-S1,True,0,213,7.803334970958531
cuda,HIT,model_only,Full-S1,True,0,214,7.73612002376467
cuda,HIT,model_only,Full-S1,True,0,215,7.778441009577364
cuda,HIT,model_only,Full-S1,True,0,216,7.759596046525985
cuda,HIT,model_only,Full-S1,True,0,217,7.782751985359937
cuda,HIT,model_only,Full-S1,True,0,218,7.768351992126554
cuda,HIT,model_only,Full-S1,True,0,219,7.76877801399678
cuda,HIT,model_only,Full-S1,True,0,220,7.848667970392853
cuda,HIT,model_only,Full-S1,True,0,221,8.253737003542483
cuda,HIT,model_only,Full-S1,True,0,222,7.843228988349438
cuda,HIT,model_only,Full-S1,True,0,223,7.78422603616491
cuda,HIT,model_only,Full-S1,True,0,224,7.767154020257294
cuda,HIT,model_only,Full-S1,True,0,225,7.875596988014877
cuda,HIT,model_only,Full-S1,True,0,226,7.820494007319212
cuda,HIT,model_only,Full-S1,True,0,227,7.832583039999008
cuda,HIT,model_only,Full-S1,True,0,228,7.786584028508514
cuda,HIT,model_only,Full-S1,True,0,229,7.817311969120055
cuda,HIT,model_only,Full-S1,True,0,230,7.760328007861972
cuda,HIT,model_only,Full-S1,True,0,231,7.769785996060818
cuda,HIT,model_only,Full-S1,True,0,232,7.796982012223452
cuda,HIT,model_only,Full-S1,True,0,233,7.968035992234945
cuda,HIT,model_only,Full-S1,True,0,234,7.975537038873881
cuda,HIT,model_only,Full-S1,True,0,235,8.013110025785863
cuda,HIT,model_only,Full-S1,True,0,236,7.77573004597798
cuda,HIT,model_only,Full-S1,True,0,237,7.797713973559439
cuda,HIT,model_only,Full-S1,True,0,238,7.949470018502325
cuda,HIT,model_only,Full-S1,True,0,239,7.794781995471567
cuda,HIT,model_only,Full-S1,True,0,240,7.832373026758432
cuda,HIT,model_only,Full-S1,True,0,241,7.767051982227713
cuda,HIT,model_only,Full-S1,True,0,242,7.8250879887491465
cuda,HIT,model_only,Full-S1,True,0,243,7.8003149828873575
cuda,HIT,model_only,Full-S1,True,0,244,7.790887961164117
cuda,HIT,model_only,Full-S1,True,0,245,7.7775969984941185
cuda,HIT,model_only,Full-S1,True,0,246,7.777366030495614
cuda,HIT,model_only,Full-S1,True,0,247,7.774710014928132
cuda,HIT,model_only,Full-S1,True,0,248,7.76810001116246
cuda,HIT,model_only,Full-S1,True,0,249,7.771568023599684
cuda,HIT,model_only,K1,True,0,0,4.266082018148154
cuda,HIT,model_only,K1,True,0,1,4.2549800127744675
cuda,HIT,model_only,K1,True,0,2,4.210971004795283
cuda,HIT,model_only,K1,True,0,3,4.177002003416419
cuda,HIT,model_only,K1,True,0,4,4.192313994280994
cuda,HIT,model_only,K1,True,0,5,4.1906730039045215
cuda,HIT,model_only,K1,True,0,6,4.187263024505228
cuda,HIT,model_only,K1,True,0,7,4.195388988591731
cuda,HIT,model_only,K1,True,0,8,4.282713984139264
cuda,HIT,model_only,K1,True,0,9,4.190415027551353
cuda,HIT,model_only,K1,True,0,10,4.199350951239467
cuda,HIT,model_only,K1,True,0,11,4.207904974464327
cuda,HIT,model_only,K1,True,0,12,4.218686954118311
cuda,HIT,model_only,K1,True,0,13,4.1925080004148185
cuda,HIT,model_only,K1,True,0,14,4.1932990425266325
cuda,HIT,model_only,K1,True,0,15,4.217617039103061
cuda,HIT,model_only,K1,True,0,16,4.205216013360769
cuda,HIT,model_only,K1,True,0,17,4.196114954538643
cuda,HIT,model_only,K1,True,0,18,4.194129025563598
cuda,HIT,model_only,K1,True,0,19,4.1799889877438545
cuda,HIT,model_only,K1,True,0,20,4.207429010421038
cuda,HIT,model_only,K1,True,0,21,4.189686034806073
cuda,HIT,model_only,K1,True,0,22,4.1980420355685055
cuda,HIT,model_only,K1,True,0,23,4.199485993012786
cuda,HIT,model_only,K1,True,0,24,4.211381950881332
cuda,HIT,model_only,K1,True,0,25,4.17240901151672
cuda,HIT,model_only,K1,True,0,26,4.233354993630201
cuda,HIT,model_only,K1,True,0,27,4.255509003996849
cuda,HIT,model_only,K1,True,0,28,4.174004017841071
cuda,HIT,model_only,K1,True,0,29,4.215513006784022
cuda,HIT,model_only,K1,True,0,30,4.199494025669992
cuda,HIT,model_only,K1,True,0,31,4.257088992744684
cuda,HIT,model_only,K1,True,0,32,4.20149601995945
cuda,HIT,model_only,K1,True,0,33,4.182609962299466
cuda,HIT,model_only,K1,True,0,34,4.198501992505044
cuda,HIT,model_only,K1,True,0,35,4.208530997857451
cuda,HIT,model_only,K1,True,0,36,4.212350002489984
cuda,HIT,model_only,K1,True,0,37,4.187848011497408
cuda,HIT,model_only,K1,True,0,38,4.182107979431748
cuda,HIT,model_only,K1,True,0,39,4.17893601115793
cuda,HIT,model_only,K1,True,0,40,4.196526017040014
cuda,HIT,model_only,K1,True,0,41,4.19897900428623
cuda,HIT,model_only,K1,True,0,42,4.2049100156873465
cuda,HIT,model_only,K1,True,0,43,4.214124986901879
cuda,HIT,model_only,K1,True,0,44,4.1780840256251395
cuda,HIT,model_only,K1,True,0,45,4.184453980997205
cuda,HIT,model_only,K1,True,0,46,4.226126009598374
cuda,HIT,model_only,K1,True,0,47,4.185580997727811
cuda,HIT,model_only,K1,True,0,48,4.20101301278919
cuda,HIT,model_only,K1,True,0,49,4.183195997029543
cuda,HIT,model_only,K1,True,0,50,4.199401009827852
cuda,HIT,model_only,K1,True,0,51,4.193875996861607
cuda,HIT,model_only,K1,True,0,52,4.171311971731484
cuda,HIT,model_only,K1,True,0,53,4.217141016852111
cuda,HIT,model_only,K1,True,0,54,4.168646992184222
cuda,HIT,model_only,K1,True,0,55,4.181159951258451
cuda,HIT,model_only,K1,True,0,56,4.176604968961328
cuda,HIT,model_only,K1,True,0,57,4.1851860005408525
cuda,HIT,model_only,K1,True,0,58,4.203518037684262
cuda,HIT,model_only,K1,True,0,59,4.164446028880775
cuda,HIT,model_only,K1,True,0,60,4.18575998628512
cuda,HIT,model_only,K1,True,0,61,4.197856993414462
cuda,HIT,model_only,K1,True,0,62,4.238063003867865
cuda,HIT,model_only,K1,True,0,63,4.185386002063751
cuda,HIT,model_only,K1,True,0,64,4.214872024022043
cuda,HIT,model_only,K1,True,0,65,4.194885026663542
cuda,HIT,model_only,K1,True,0,66,4.202458017971367
cuda,HIT,model_only,K1,True,0,67,4.209587001241744
cuda,HIT,model_only,K1,True,0,68,4.1857969481498
cuda,HIT,model_only,K1,True,0,69,4.377943987492472
cuda,HIT,model_only,K1,True,0,70,4.224987991619855
cuda,HIT,model_only,K1,True,0,71,4.283074988052249
cuda,HIT,model_only,K1,True,0,72,4.18917101342231
cuda,HIT,model_only,K1,True,0,73,4.188563034404069
cuda,HIT,model_only,K1,True,0,74,4.175955953542143
cuda,HIT,model_only,K1,True,0,75,4.194538982119411
cuda,HIT,model_only,K1,True,0,76,4.220939998049289
cuda,HIT,model_only,K1,True,0,77,4.208906029816717
cuda,HIT,model_only,K1,True,0,78,4.203239979688078
cuda,HIT,model_only,K1,True,0,79,4.17980900965631
cuda,HIT,model_only,K1,True,0,80,4.297144012525678
cuda,HIT,model_only,K1,True,0,81,4.213067004457116
cuda,HIT,model_only,K1,True,0,82,4.309631010983139
cuda,HIT,model_only,K1,True,0,83,4.203771997708827
cuda,HIT,model_only,K1,True,0,84,4.344675980973989
cuda,HIT,model_only,K1,True,0,85,4.345608002040535
cuda,HIT,model_only,K1,True,0,86,4.29897999856621
cuda,HIT,model_only,K1,True,0,87,4.241360002197325
cuda,HIT,model_only,K1,True,0,88,4.225906974170357
cuda,HIT,model_only,K1,True,0,89,4.197722009848803
cuda,HIT,model_only,K1,True,0,90,4.169000021647662
cuda,HIT,model_only,K1,True,0,91,4.20723098795861
cuda,HIT,model_only,K1,True,0,92,4.222843039315194
cuda,HIT,model_only,K1,True,0,93,4.1996410000137985
cuda,HIT,model_only,K1,True,0,94,4.187769023701549
cuda,HIT,model_only,K1,True,0,95,4.17986698448658
cuda,HIT,model_only,K1,True,0,96,4.209904000163078
cuda,HIT,model_only,K1,True,0,97,4.18896897463128
cuda,HIT,model_only,K1,True,0,98,4.196350055281073
cuda,HIT,model_only,K1,True,0,99,4.1906789992935956
cuda,HIT,model_only,K1,True,0,100,4.251728008966893
cuda,HIT,model_only,K1,True,0,101,4.183829005341977
cuda,HIT,model_only,K1,True,0,102,4.196478985249996
cuda,HIT,model_only,K1,True,0,103,4.2133600218221545
cuda,HIT,model_only,K1,True,0,104,4.231597995385528
cuda,HIT,model_only,K1,True,0,105,4.211646970361471
cuda,HIT,model_only,K1,True,0,106,4.245464049745351
cuda,HIT,model_only,K1,True,0,107,4.293506033718586
cuda,HIT,model_only,K1,True,0,108,4.205789999105036
cuda,HIT,model_only,K1,True,0,109,4.16642997879535
cuda,HIT,model_only,K1,True,0,110,4.193859989754856
cuda,HIT,model_only,K1,True,0,111,4.18370304396376
cuda,HIT,model_only,K1,True,0,112,4.206187964882702
cuda,HIT,model_only,K1,True,0,113,4.203716991469264
cuda,HIT,model_only,K1,True,0,114,4.180641029961407
cuda,HIT,model_only,K1,True,0,115,4.25408297451213
cuda,HIT,model_only,K1,True,0,116,4.213855951093137
cuda,HIT,model_only,K1,True,0,117,4.220695002004504
cuda,HIT,model_only,K1,True,0,118,4.1927340207621455
cuda,HIT,model_only,K1,True,0,119,4.223426978569478
cuda,HIT,model_only,K1,True,0,120,4.204954952001572
cuda,HIT,model_only,K1,True,0,121,4.194534965790808
cuda,HIT,model_only,K1,True,0,122,4.201848991215229
cuda,HIT,model_only,K1,True,0,123,4.233530955389142
cuda,HIT,model_only,K1,True,0,124,4.201612959150225
cuda,HIT,model_only,K1,True,0,125,4.232058010529727
cuda,HIT,model_only,K1,True,0,126,4.191750020254403
cuda,HIT,model_only,K1,True,0,127,4.188724036794156
cuda,HIT,model_only,K1,True,0,128,4.189939994830638
cuda,HIT,model_only,K1,True,0,129,4.183275043033063
cuda,HIT,model_only,K1,True,0,130,4.218014015350491
cuda,HIT,model_only,K1,True,0,131,4.1976209613494575
cuda,HIT,model_only,K1,True,0,132,4.19693801086396
cuda,HIT,model_only,K1,True,0,133,4.313013982027769
cuda,HIT,model_only,K1,True,0,134,4.221945011522621
cuda,HIT,model_only,K1,True,0,135,4.21037501655519
cuda,HIT,model_only,K1,True,0,136,4.220700997393578
cuda,HIT,model_only,K1,True,0,137,4.172349988948554
cuda,HIT,model_only,K1,True,0,138,4.275408980902284
cuda,HIT,model_only,K1,True,0,139,4.2435049545019865
cuda,HIT,model_only,K1,True,0,140,4.344807006418705
cuda,HIT,model_only,K1,True,0,141,4.33104601688683
cuda,HIT,model_only,K1,True,0,142,4.428217012900859
cuda,HIT,model_only,K1,True,0,143,4.387096967548132
cuda,HIT,model_only,K1,True,0,144,4.264415008947253
cuda,HIT,model_only,K1,True,0,145,4.278869018889964
cuda,HIT,model_only,K1,True,0,146,4.4348170049488544
cuda,HIT,model_only,K1,True,0,147,4.439381998963654
cuda,HIT,model_only,K1,True,0,148,4.444272024556994
cuda,HIT,model_only,K1,True,0,149,4.440196033101529
cuda,HIT,model_only,K1,True,0,150,4.434272996149957
cuda,HIT,model_only,K1,True,0,151,4.284639959223568
cuda,HIT,model_only,K1,True,0,152,4.2838609660975635
cuda,HIT,model_only,K1,True,0,153,4.363529966212809
cuda,HIT,model_only,K1,True,0,154,4.193091008346528
cuda,HIT,model_only,K1,True,0,155,4.227457975503057
cuda,HIT,model_only,K1,True,0,156,4.190758976619691
cuda,HIT,model_only,K1,True,0,157,4.204266006127
cuda,HIT,model_only,K1,True,0,158,4.189800994936377
cuda,HIT,model_only,K1,True,0,159,4.181692958809435
cuda,HIT,model_only,K1,True,0,160,4.204372991807759
cuda,HIT,model_only,K1,True,0,161,4.170940024778247
cuda,HIT,model_only,K1,True,0,162,4.191666026599705
cuda,HIT,model_only,K1,True,0,163,4.214043961837888
cuda,HIT,model_only,K1,True,0,164,4.187974031083286
cuda,HIT,model_only,K1,True,0,165,4.180969961453229
cuda,HIT,model_only,K1,True,0,166,4.192744032479823
cuda,HIT,model_only,K1,True,0,167,4.189133003819734
cuda,HIT,model_only,K1,True,0,168,4.293940961360931
cuda,HIT,model_only,K1,True,0,169,4.235333995893598
cuda,HIT,model_only,K1,True,0,170,4.178232979029417
cuda,HIT,model_only,K1,True,0,171,4.1929600411094725
cuda,HIT,model_only,K1,True,0,172,4.207439953461289
cuda,HIT,model_only,K1,True,0,173,4.211337014567107
cuda,HIT,model_only,K1,True,0,174,4.187239974271506
cuda,HIT,model_only,K1,True,0,175,4.191765037830919
cuda,HIT,model_only,K1,True,0,176,4.200361028779298
cuda,HIT,model_only,K1,True,0,177,4.1611940250732005
cuda,HIT,model_only,K1,True,0,178,4.2229570099152625
cuda,HIT,model_only,K1,True,0,179,4.189804021734744
cuda,HIT,model_only,K1,True,0,180,4.181132011581212
cuda,HIT,model_only,K1,True,0,181,4.2067429749295115
cuda,HIT,model_only,K1,True,0,182,4.24694805406034
cuda,HIT,model_only,K1,True,0,183,4.533182014711201
cuda,HIT,model_only,K1,True,0,184,4.302969027776271
cuda,HIT,model_only,K1,True,0,185,4.276110965292901
cuda,HIT,model_only,K1,True,0,186,4.209115984849632
cuda,HIT,model_only,K1,True,0,187,4.194587003439665
cuda,HIT,model_only,K1,True,0,188,4.196765017695725
cuda,HIT,model_only,K1,True,0,189,4.199212009552866
cuda,HIT,model_only,K1,True,0,190,4.217438981868327
cuda,HIT,model_only,K1,True,0,191,4.297802050132304
cuda,HIT,model_only,K1,True,0,192,4.214676970150322
cuda,HIT,model_only,K1,True,0,193,4.187551967334002
cuda,HIT,model_only,K1,True,0,194,4.225480020977557
cuda,HIT,model_only,K1,True,0,195,4.204782017040998
cuda,HIT,model_only,K1,True,0,196,4.185099969618022
cuda,HIT,model_only,K1,True,0,197,4.189592960756272
cuda,HIT,model_only,K1,True,0,198,4.2042380082421005
cuda,HIT,model_only,K1,True,0,199,4.204324039164931
cuda,HIT,model_only,K1,True,0,200,4.189227009192109
cuda,HIT,model_only,K1,True,0,201,4.2396250064484775
cuda,HIT,model_only,K1,True,0,202,4.271187004633248
cuda,HIT,model_only,K1,True,0,203,4.212283995002508
cuda,HIT,model_only,K1,True,0,204,4.239951027557254
cuda,HIT,model_only,K1,True,0,205,4.202150972560048
cuda,HIT,model_only,K1,True,0,206,4.219355003442615
cuda,HIT,model_only,K1,True,0,207,4.1927340207621455
cuda,HIT,model_only,K1,True,0,208,4.223993979394436
cuda,HIT,model_only,K1,True,0,209,4.192595020867884
cuda,HIT,model_only,K1,True,0,210,4.188655992038548
cuda,HIT,model_only,K1,True,0,211,4.1900770156644285
cuda,HIT,model_only,K1,True,0,212,4.171876993495971
cuda,HIT,model_only,K1,True,0,213,4.236807988490909
cuda,HIT,model_only,K1,True,0,214,4.184463992714882
cuda,HIT,model_only,K1,True,0,215,4.183710960205644
cuda,HIT,model_only,K1,True,0,216,4.2110380018129945
cuda,HIT,model_only,K1,True,0,217,4.204658034723252
cuda,HIT,model_only,K1,True,0,218,4.170131986029446
cuda,HIT,model_only,K1,True,0,219,4.1880919598042965
cuda,HIT,model_only,K1,True,0,220,4.193978966213763
cuda,HIT,model_only,K1,True,0,221,4.221621027681977
cuda,HIT,model_only,K1,True,0,222,4.185929021332413
cuda,HIT,model_only,K1,True,0,223,4.199766961392015
cuda,HIT,model_only,K1,True,0,224,4.205577017273754
cuda,HIT,model_only,K1,True,0,225,4.201705974992365
cuda,HIT,model_only,K1,True,0,226,4.205022007226944
cuda,HIT,model_only,K1,True,0,227,4.211029969155788
cuda,HIT,model_only,K1,True,0,228,4.195114015601575
cuda,HIT,model_only,K1,True,0,229,4.282302979845554
cuda,HIT,model_only,K1,True,0,230,4.21445700339973
cuda,HIT,model_only,K1,True,0,231,4.212504019960761
cuda,HIT,model_only,K1,True,0,232,4.195544985122979
cuda,HIT,model_only,K1,True,0,233,4.208525002468377
cuda,HIT,model_only,K1,True,0,234,4.184262012131512
cuda,HIT,model_only,K1,True,0,235,4.197812988422811
cuda,HIT,model_only,K1,True,0,236,4.206137033179402
cuda,HIT,model_only,K1,True,0,237,4.1936630150303245
cuda,HIT,model_only,K1,True,0,238,4.203490039799362
cuda,HIT,model_only,K1,True,0,239,4.187939979601651
cuda,HIT,model_only,K1,True,0,240,4.184429009910673
cuda,HIT,model_only,K1,True,0,241,4.1959090158343315
cuda,HIT,model_only,K1,True,0,242,4.188892955426127
cuda,HIT,model_only,K1,True,0,243,4.17804898461327
cuda,HIT,model_only,K1,True,0,244,4.305345006287098
cuda,HIT,model_only,K1,True,0,245,4.16461902204901
cuda,HIT,model_only,K1,True,0,246,4.197711008600891
cuda,HIT,model_only,K1,True,0,247,4.178013012278825
cuda,HIT,model_only,K1,True,0,248,4.224014992360026
cuda,HIT,model_only,K1,True,0,249,4.189044004306197
cuda,HIT,model_only,K1,True,1,0,4.209853999782354
cuda,HIT,model_only,K1,True,1,1,4.192172957118601
cuda,HIT,model_only,K1,True,1,2,4.2895820224657655
cuda,HIT,model_only,K1,True,1,3,4.200298979412764
cuda,HIT,model_only,K1,True,1,4,4.168598970863968
cuda,HIT,model_only,K1,True,1,5,4.197323985863477
cuda,HIT,model_only,K1,True,1,6,4.179316048976034
cuda,HIT,model_only,K1,True,1,7,4.192577034700662
cuda,HIT,model_only,K1,True,1,8,4.22641501063481
cuda,HIT,model_only,K1,True,1,9,4.267440002877265
cuda,HIT,model_only,K1,True,1,10,4.194268956780434
cuda,HIT,model_only,K1,True,1,11,4.2519179987721145
cuda,HIT,model_only,K1,True,1,12,4.224147996865213
cuda,HIT,model_only,K1,True,1,13,4.245011019520462
cuda,HIT,model_only,K1,True,1,14,4.187020007520914
cuda,HIT,model_only,K1,True,1,15,4.174472007434815
cuda,HIT,model_only,K1,True,1,16,4.168357991147786
cuda,HIT,model_only,K1,True,1,17,4.204068973194808
cuda,HIT,model_only,K1,True,1,18,4.199130984488875
cuda,HIT,model_only,K1,True,1,19,4.179787007160485
cuda,HIT,model_only,K1,True,1,20,4.1790149989537895
cuda,HIT,model_only,K1,True,1,21,4.182002041488886
cuda,HIT,model_only,K1,True,1,22,4.20272903284058
cuda,HIT,model_only,K1,True,1,23,4.216262954287231
cuda,HIT,model_only,K1,True,1,24,4.204116004984826
cuda,HIT,model_only,K1,True,1,25,4.298190993722528
cuda,HIT,model_only,K1,True,1,26,4.221401992253959
cuda,HIT,model_only,K1,True,1,27,4.210054990835488
cuda,HIT,model_only,K1,True,1,28,4.244324984028935
cuda,HIT,model_only,K1,True,1,29,4.205132951028645
cuda,HIT,model_only,K1,True,1,30,4.2065560119226575
cuda,HIT,model_only,K1,True,1,31,4.19383798725903
cuda,HIT,model_only,K1,True,1,32,4.195769026409835
cuda,HIT,model_only,K1,True,1,33,4.182206001132727
cuda,HIT,model_only,K1,True,1,34,4.1954179760068655
cuda,HIT,model_only,K1,True,1,35,4.166676022578031
cuda,HIT,model_only,K1,True,1,36,4.194930021185428
cuda,HIT,model_only,K1,True,1,37,4.220656002871692
cuda,HIT,model_only,K1,True,1,38,4.179113020654768
cuda,HIT,model_only,K1,True,1,39,4.213463980704546
cuda,HIT,model_only,K1,True,1,40,4.307680006604642
cuda,HIT,model_only,K1,True,1,41,4.254292987752706
cuda,HIT,model_only,K1,True,1,42,4.197298956569284
cuda,HIT,model_only,K1,True,1,43,4.1977279470302165
cuda,HIT,model_only,K1,True,1,44,4.184832971077412
cuda,HIT,model_only,K1,True,1,45,4.188230959698558
cuda,HIT,model_only,K1,True,1,46,4.189086030237377
cuda,HIT,model_only,K1,True,1,47,4.210788989439607
cuda,HIT,model_only,K1,True,1,48,4.213673004414886
cuda,HIT,model_only,K1,True,1,49,4.1916779591701925
cuda,HIT,model_only,K1,True,1,50,4.2139189899899065
cuda,HIT,model_only,K1,True,1,51,4.245573014486581
cuda,HIT,model_only,K1,True,1,52,4.204448952805251
cuda,HIT,model_only,K1,True,1,53,4.176408983767033
cuda,HIT,model_only,K1,True,1,54,4.178959003183991
cuda,HIT,model_only,K1,True,1,55,4.275431972928345
cuda,HIT,model_only,K1,True,1,56,4.224648990202695
cuda,HIT,model_only,K1,True,1,57,4.205466015264392
cuda,HIT,model_only,K1,True,1,58,4.168206010945141
cuda,HIT,model_only,K1,True,1,59,4.195399989839643
cuda,HIT,model_only,K1,True,1,60,4.217001027427614
cuda,HIT,model_only,K1,True,1,61,4.191429005004466
cuda,HIT,model_only,K1,True,1,62,4.20155399478972
cuda,HIT,model_only,K1,True,1,63,4.227646975778043
cuda,HIT,model_only,K1,True,1,64,4.231443977914751
cuda,HIT,model_only,K1,True,1,65,4.232181992847472
cuda,HIT,model_only,K1,True,1,66,4.203850985504687
cuda,HIT,model_only,K1,True,1,67,4.199847986456007
cuda,HIT,model_only,K1,True,1,68,4.217343986965716
cuda,HIT,model_only,K1,True,1,69,4.336090991273522
cuda,HIT,model_only,K1,True,1,70,4.254563013091683
cuda,HIT,model_only,K1,True,1,71,4.242299997713417
cuda,HIT,model_only,K1,True,1,72,4.282863985281438
cuda,HIT,model_only,K1,True,1,73,4.289943026378751
cuda,HIT,model_only,K1,True,1,74,4.23227995634079
cuda,HIT,model_only,K1,True,1,75,4.275932966265827
cuda,HIT,model_only,K1,True,1,76,4.205767007078975
cuda,HIT,model_only,K1,True,1,77,4.194319015368819
cuda,HIT,model_only,K1,True,1,78,4.299494030419737
cuda,HIT,model_only,K1,True,1,79,4.316783044487238
cuda,HIT,model_only,K1,True,1,80,4.228891979437321
cuda,HIT,model_only,K1,True,1,81,4.202108015306294
cuda,HIT,model_only,K1,True,1,82,4.1653019725345075
cuda,HIT,model_only,K1,True,1,83,4.200200026389211
cuda,HIT,model_only,K1,True,1,84,4.206984012853354
cuda,HIT,model_only,K1,True,1,85,4.204169963486493
cuda,HIT,model_only,K1,True,1,86,4.217283974867314
cuda,HIT,model_only,K1,True,1,87,4.189117986243218
cuda,HIT,model_only,K1,True,1,88,4.172015993390232
cuda,HIT,model_only,K1,True,1,89,4.22326399711892
cuda,HIT,model_only,K1,True,1,90,4.1977689834311604
cuda,HIT,model_only,K1,True,1,91,4.203798016533256
cuda,HIT,model_only,K1,True,1,92,4.200173018034548
cuda,HIT,model_only,K1,True,1,93,4.258553963154554
cuda,HIT,model_only,K1,True,1,94,4.235678992699832
cuda,HIT,model_only,K1,True,1,95,4.192680004052818
cuda,HIT,model_only,K1,True,1,96,4.214735992718488
cuda,HIT,model_only,K1,True,1,97,4.2361110099591315
cuda,HIT,model_only,K1,True,1,98,4.1916840127669275
cuda,HIT,model_only,K1,True,1,99,4.168722021859139
cuda,HIT,model_only,K1,True,1,100,4.209298000205308
cuda,HIT,model_only,K1,True,1,101,4.188051039818674
cuda,HIT,model_only,K1,True,1,102,4.238774999976158
cuda,HIT,model_only,K1,True,1,103,4.1927279671654105
cuda,HIT,model_only,K1,True,1,104,4.191579995676875
cuda,HIT,model_only,K1,True,1,105,4.217267036437988
cuda,HIT,model_only,K1,True,1,106,4.230897000525147
cuda,HIT,model_only,K1,True,1,107,4.213362990412861
cuda,HIT,model_only,K1,True,1,108,4.213747975882143
cuda,HIT,model_only,K1,True,1,109,4.217542998958379
cuda,HIT,model_only,K1,True,1,110,4.245795018505305
cuda,HIT,model_only,K1,True,1,111,4.185575991868973
cuda,HIT,model_only,K1,True,1,112,4.2014430509880185
cuda,HIT,model_only,K1,True,1,113,4.1960569797083735
cuda,HIT,model_only,K1,True,1,114,4.205691046081483
cuda,HIT,model_only,K1,True,1,115,4.178709001280367
cuda,HIT,model_only,K1,True,1,116,4.194087989162654
cuda,HIT,model_only,K1,True,1,117,4.1787970112636685
cuda,HIT,model_only,K1,True,1,118,4.1879439959302545
cuda,HIT,model_only,K1,True,1,119,4.19185304781422
cuda,HIT,model_only,K1,True,1,120,4.195554996840656
cuda,HIT,model_only,K1,True,1,121,4.199748975224793
cuda,HIT,model_only,K1,True,1,122,4.173885972704738
cuda,HIT,model_only,K1,True,1,123,4.191382031422108
cuda,HIT,model_only,K1,True,1,124,4.1743480251170695
cuda,HIT,model_only,K1,True,1,125,4.283830989152193
cuda,HIT,model_only,K1,True,1,126,4.252849961631
cuda,HIT,model_only,K1,True,1,127,4.2007300071418285
cuda,HIT,model_only,K1,True,1,128,4.21488395659253
cuda,HIT,model_only,K1,True,1,129,4.197901987936348
cuda,HIT,model_only,K1,True,1,130,4.185848985798657
cuda,HIT,model_only,K1,True,1,131,4.20221802778542
cuda,HIT,model_only,K1,True,1,132,4.20544802909717
cuda,HIT,model_only,K1,True,1,133,4.209214996080846
cuda,HIT,model_only,K1,True,1,134,4.208604048471898
cuda,HIT,model_only,K1,True,1,135,4.253750026691705
cuda,HIT,model_only,K1,True,1,136,4.244020965415984
cuda,HIT,model_only,K1,True,1,137,4.24808997195214
cuda,HIT,model_only,K1,True,1,138,4.197864967864007
cuda,HIT,model_only,K1,True,1,139,4.207319987472147
cuda,HIT,model_only,K1,True,1,140,4.210618033539504
cuda,HIT,model_only,K1,True,1,141,4.202390962745994
cuda,HIT,model_only,K1,True,1,142,4.180178977549076
cuda,HIT,model_only,K1,True,1,143,4.222112998832017
cuda,HIT,model_only,K1,True,1,144,4.214394022710621
cuda,HIT,model_only,K1,True,1,145,4.200291004963219
cuda,HIT,model_only,K1,True,1,146,4.211747960653156
cuda,HIT,model_only,K1,True,1,147,4.234120016917586
cuda,HIT,model_only,K1,True,1,148,4.210832004901022
cuda,HIT,model_only,K1,True,1,149,4.17966500390321
cuda,HIT,model_only,K1,True,1,150,4.189022001810372
cuda,HIT,model_only,K1,True,1,151,4.203544987831265
cuda,HIT,model_only,K1,True,1,152,4.193734028376639
cuda,HIT,model_only,K1,True,1,153,4.1944870026782155
cuda,HIT,model_only,K1,True,1,154,4.197677015326917
cuda,HIT,model_only,K1,True,1,155,4.272933001630008
cuda,HIT,model_only,K1,True,1,156,4.2155630071647465
cuda,HIT,model_only,K1,True,1,157,4.1778600425459445
cuda,HIT,model_only,K1,True,1,158,4.215413995552808
cuda,HIT,model_only,K1,True,1,159,4.1827200329862535
cuda,HIT,model_only,K1,True,1,160,4.178219998721033
cuda,HIT,model_only,K1,True,1,161,4.196249996311963
cuda,HIT,model_only,K1,True,1,162,4.197759961243719
cuda,HIT,model_only,K1,True,1,163,4.2176489951089025
cuda,HIT,model_only,K1,True,1,164,4.1802480118349195
cuda,HIT,model_only,K1,True,1,165,4.193975008092821
cuda,HIT,model_only,K1,True,1,166,4.195311979856342
cuda,HIT,model_only,K1,True,1,167,4.18748299125582
cuda,HIT,model_only,K1,True,1,168,4.191010957583785
cuda,HIT,model_only,K1,True,1,169,4.218082991428673
cuda,HIT,model_only,K1,True,1,170,4.356186022050679
cuda,HIT,model_only,K1,True,1,171,4.494908964261413
cuda,HIT,model_only,K1,True,1,172,4.327392962295562
cuda,HIT,model_only,K1,True,1,173,4.209452017676085
cuda,HIT,model_only,K1,True,1,174,4.22667502425611
cuda,HIT,model_only,K1,True,1,175,4.218309011776
cuda,HIT,model_only,K1,True,1,176,4.1956749628297985
cuda,HIT,model_only,K1,True,1,177,4.215246008243412
cuda,HIT,model_only,K1,True,1,178,4.170799977146089
cuda,HIT,model_only,K1,True,1,179,4.319297033362091
cuda,HIT,model_only,K1,True,1,180,4.298063984606415
cuda,HIT,model_only,K1,True,1,181,4.223598982207477
cuda,HIT,model_only,K1,True,1,182,4.22161997994408
cuda,HIT,model_only,K1,True,1,183,4.209169012028724
cuda,HIT,model_only,K1,True,1,184,4.2333839810453355
cuda,HIT,model_only,K1,True,1,185,4.173182998783886
cuda,HIT,model_only,K1,True,1,186,4.243750998284668
cuda,HIT,model_only,K1,True,1,187,4.21087397262454
cuda,HIT,model_only,K1,True,1,188,4.1738589643500745
cuda,HIT,model_only,K1,True,1,189,4.209537990391254
cuda,HIT,model_only,K1,True,1,190,4.2097269906662405
cuda,HIT,model_only,K1,True,1,191,4.857091000303626
cuda,HIT,model_only,K1,True,1,192,4.810162994544953
cuda,HIT,model_only,K1,True,1,193,4.288972006179392
cuda,HIT,model_only,K1,True,1,194,4.282171023078263
cuda,HIT,model_only,K1,True,1,195,4.232410981785506
cuda,HIT,model_only,K1,True,1,196,4.210248007439077
cuda,HIT,model_only,K1,True,1,197,4.222336981911212
cuda,HIT,model_only,K1,True,1,198,4.19395201606676
cuda,HIT,model_only,K1,True,1,199,4.187448997981846
cuda,HIT,model_only,K1,True,1,200,4.223797004669905
cuda,HIT,model_only,K1,True,1,201,4.223284020554274
cuda,HIT,model_only,K1,True,1,202,4.199681046884507
cuda,HIT,model_only,K1,True,1,203,4.205534991342574
cuda,HIT,model_only,K1,True,1,204,4.181939992122352
cuda,HIT,model_only,K1,True,1,205,4.187622980680317
cuda,HIT,model_only,K1,True,1,206,4.218359012156725
cuda,HIT,model_only,K1,True,1,207,4.179954994469881
cuda,HIT,model_only,K1,True,1,208,4.207878024317324
cuda,HIT,model_only,K1,True,1,209,4.219030030071735
cuda,HIT,model_only,K1,True,1,210,4.180570016615093
cuda,HIT,model_only,K1,True,1,211,4.206441983114928
cuda,HIT,model_only,K1,True,1,212,4.173414956312627
cuda,HIT,model_only,K1,True,1,213,4.213978943880647
cuda,HIT,model_only,K1,True,1,214,4.216619010549039
cuda,HIT,model_only,K1,True,1,215,4.194548004306853
cuda,HIT,model_only,K1,True,1,216,4.249902965966612
cuda,HIT,model_only,K1,True,1,217,4.189462983049452
cuda,HIT,model_only,K1,True,1,218,4.193401022348553
cuda,HIT,model_only,K1,True,1,219,4.189236962702125
cuda,HIT,model_only,K1,True,1,220,4.205335048027337
cuda,HIT,model_only,K1,True,1,221,4.2503029690124094
cuda,HIT,model_only,K1,True,1,222,4.200807947199792
cuda,HIT,model_only,K1,True,1,223,4.207629011943936
cuda,HIT,model_only,K1,True,1,224,4.223158000968397
cuda,HIT,model_only,K1,True,1,225,4.212958039715886
cuda,HIT,model_only,K1,True,1,226,4.169758991338313
cuda,HIT,model_only,K1,True,1,227,4.213848034851253
cuda,HIT,model_only,K1,True,1,228,4.192778025753796
cuda,HIT,model_only,K1,True,1,229,4.172954009845853
cuda,HIT,model_only,K1,True,1,230,4.208978032693267
cuda,HIT,model_only,K1,True,1,231,4.206802987027913
cuda,HIT,model_only,K1,True,1,232,4.275992978364229
cuda,HIT,model_only,K1,True,1,233,4.186676989775151
cuda,HIT,model_only,K1,True,1,234,4.203440039418638
cuda,HIT,model_only,K1,True,1,235,4.213753039948642
cuda,HIT,model_only,K1,True,1,236,4.216269007883966
cuda,HIT,model_only,K1,True,1,237,4.187970014754683
cuda,HIT,model_only,K1,True,1,238,4.19946201145649
cuda,HIT,model_only,K1,True,1,239,4.193747998215258
cuda,HIT,model_only,K1,True,1,240,4.242918977979571
cuda,HIT,model_only,K1,True,1,241,4.182288015726954
cuda,HIT,model_only,K1,True,1,242,4.247948003467172
cuda,HIT,model_only,K1,True,1,243,4.186635022051632
cuda,HIT,model_only,K1,True,1,244,4.18460404034704
cuda,HIT,model_only,K1,True,1,245,4.2568499920889735
cuda,HIT,model_only,K1,True,1,246,4.176776972599328
cuda,HIT,model_only,K1,True,1,247,4.218337999191135
cuda,HIT,model_only,K1,True,1,248,4.21993900090456
cuda,HIT,model_only,K1,True,1,249,4.202936019282788
cuda,HIT,model_only,Full-S1,True,1,0,7.885250961408019
cuda,HIT,model_only,Full-S1,True,1,1,7.819151040166616
cuda,HIT,model_only,Full-S1,True,1,2,7.803862972650677
cuda,HIT,model_only,Full-S1,True,1,3,7.781772001180798
cuda,HIT,model_only,Full-S1,True,1,4,7.786175992805511
cuda,HIT,model_only,Full-S1,True,1,5,7.7989749843254685
cuda,HIT,model_only,Full-S1,True,1,6,7.832410978153348
cuda,HIT,model_only,Full-S1,True,1,7,7.811888004653156
cuda,HIT,model_only,Full-S1,True,1,8,7.81920098233968
cuda,HIT,model_only,Full-S1,True,1,9,7.758438005112112
cuda,HIT,model_only,Full-S1,True,1,10,7.759783999063075
cuda,HIT,model_only,Full-S1,True,1,11,7.795142999384552
cuda,HIT,model_only,Full-S1,True,1,12,7.782767002936453
cuda,HIT,model_only,Full-S1,True,1,13,7.787847018335015
cuda,HIT,model_only,Full-S1,True,1,14,7.8132449998520315
cuda,HIT,model_only,Full-S1,True,1,15,7.790349016431719
cuda,HIT,model_only,Full-S1,True,1,16,7.76990398298949
cuda,HIT,model_only,Full-S1,True,1,17,7.826082000974566
cuda,HIT,model_only,Full-S1,True,1,18,7.79821298783645
cuda,HIT,model_only,Full-S1,True,1,19,7.8377960016950965
cuda,HIT,model_only,Full-S1,True,1,20,7.783039007335901
cuda,HIT,model_only,Full-S1,True,1,21,7.801490020938218
cuda,HIT,model_only,Full-S1,True,1,22,7.764560985378921
cuda,HIT,model_only,Full-S1,True,1,23,7.791377021931112
cuda,HIT,model_only,Full-S1,True,1,24,7.795061042997986
cuda,HIT,model_only,Full-S1,True,1,25,7.818206038791686
cuda,HIT,model_only,Full-S1,True,1,26,7.82024598447606
cuda,HIT,model_only,Full-S1,True,1,27,7.8762039775028825
cuda,HIT,model_only,Full-S1,True,1,28,7.836561999283731
cuda,HIT,model_only,Full-S1,True,1,29,7.781583990436047
cuda,HIT,model_only,Full-S1,True,1,30,7.870363013353199
cuda,HIT,model_only,Full-S1,True,1,31,7.89268797961995
cuda,HIT,model_only,Full-S1,True,1,32,7.924357953015715
cuda,HIT,model_only,Full-S1,True,1,33,7.924445031676441
cuda,HIT,model_only,Full-S1,True,1,34,7.779295032378286
cuda,HIT,model_only,Full-S1,True,1,35,7.843050989322364
cuda,HIT,model_only,Full-S1,True,1,36,7.841666985768825
cuda,HIT,model_only,Full-S1,True,1,37,7.859383011236787
cuda,HIT,model_only,Full-S1,True,1,38,7.784564979374409
cuda,HIT,model_only,Full-S1,True,1,39,7.810778042767197
cuda,HIT,model_only,Full-S1,True,1,40,7.772734039463103
cuda,HIT,model_only,Full-S1,True,1,41,7.771773962303996
cuda,HIT,model_only,Full-S1,True,1,42,7.7377670095302165
cuda,HIT,model_only,Full-S1,True,1,43,7.895204005762935
cuda,HIT,model_only,Full-S1,True,1,44,7.782396976836026
cuda,HIT,model_only,Full-S1,True,1,45,7.806167006492615
cuda,HIT,model_only,Full-S1,True,1,46,7.768688956275582
cuda,HIT,model_only,Full-S1,True,1,47,7.764066976960748
cuda,HIT,model_only,Full-S1,True,1,48,7.819037011358887
cuda,HIT,model_only,Full-S1,True,1,49,7.779859995935112
cuda,HIT,model_only,Full-S1,True,1,50,7.841032987926155
cuda,HIT,model_only,Full-S1,True,1,51,7.763130008243024
cuda,HIT,model_only,Full-S1,True,1,52,7.827951980289072
cuda,HIT,model_only,Full-S1,True,1,53,7.782555010635406
cuda,HIT,model_only,Full-S1,True,1,54,7.743429974652827
cuda,HIT,model_only,Full-S1,True,1,55,7.789214025251567
cuda,HIT,model_only,Full-S1,True,1,56,7.810064998921007
cuda,HIT,model_only,Full-S1,True,1,57,7.787881011608988
cuda,HIT,model_only,Full-S1,True,1,58,7.888702035415918
cuda,HIT,model_only,Full-S1,True,1,59,7.7721819980069995
cuda,HIT,model_only,Full-S1,True,1,60,7.836025964934379
cuda,HIT,model_only,Full-S1,True,1,61,7.757878978736699
cuda,HIT,model_only,Full-S1,True,1,62,7.7633400214836
cuda,HIT,model_only,Full-S1,True,1,63,7.757280021905899
cuda,HIT,model_only,Full-S1,True,1,64,7.896894006989896
cuda,HIT,model_only,Full-S1,True,1,65,7.833959010895342
cuda,HIT,model_only,Full-S1,True,1,66,7.866357045713812
cuda,HIT,model_only,Full-S1,True,1,67,7.8344980138354
cuda,HIT,model_only,Full-S1,True,1,68,7.792119984515011
cuda,HIT,model_only,Full-S1,True,1,69,7.763749978039414
cuda,HIT,model_only,Full-S1,True,1,70,7.795539975631982
cuda,HIT,model_only,Full-S1,True,1,71,7.7857819851487875
cuda,HIT,model_only,Full-S1,True,1,72,7.77589000063017
cuda,HIT,model_only,Full-S1,True,1,73,7.768432958982885
cuda,HIT,model_only,Full-S1,True,1,74,7.759462983813137
cuda,HIT,model_only,Full-S1,True,1,75,7.787686015944928
cuda,HIT,model_only,Full-S1,True,1,76,7.794740027748048
cuda,HIT,model_only,Full-S1,True,1,77,7.874752976931632
cuda,HIT,model_only,Full-S1,True,1,78,7.7556350152008235
cuda,HIT,model_only,Full-S1,True,1,79,7.807025976944715
cuda,HIT,model_only,Full-S1,True,1,80,7.769760035444051
cuda,HIT,model_only,Full-S1,True,1,81,7.77776597533375
cuda,HIT,model_only,Full-S1,True,1,82,7.756320992484689
cuda,HIT,model_only,Full-S1,True,1,83,7.754107005894184
cuda,HIT,model_only,Full-S1,True,1,84,7.87761399988085
cuda,HIT,model_only,Full-S1,True,1,85,8.283082046546042
cuda,HIT,model_only,Full-S1,True,1,86,8.257656008936465
cuda,HIT,model_only,Full-S1,True,1,87,8.193223970010877
cuda,HIT,model_only,Full-S1,True,1,88,7.881367055233568
cuda,HIT,model_only,Full-S1,True,1,89,7.814725977368653
cuda,HIT,model_only,Full-S1,True,1,90,7.830933958757669
cuda,HIT,model_only,Full-S1,True,1,91,7.838953984901309
cuda,HIT,model_only,Full-S1,True,1,92,7.796362973749638
cuda,HIT,model_only,Full-S1,True,1,93,7.8827860415913165
cuda,HIT,model_only,Full-S1,True,1,94,7.824252999853343
cuda,HIT,model_only,Full-S1,True,1,95,7.853860035538673
cuda,HIT,model_only,Full-S1,True,1,96,7.807612011674792
cuda,HIT,model_only,Full-S1,True,1,97,7.882004021666944
cuda,HIT,model_only,Full-S1,True,1,98,7.7925469959154725
cuda,HIT,model_only,Full-S1,True,1,99,7.778569997753948
cuda,HIT,model_only,Full-S1,True,1,100,7.785302004776895
cuda,HIT,model_only,Full-S1,True,1,101,7.828448025975376
cuda,HIT,model_only,Full-S1,True,1,102,7.785742054693401
cuda,HIT,model_only,Full-S1,True,1,103,7.789989991579205
cuda,HIT,model_only,Full-S1,True,1,104,7.779492996633053
cuda,HIT,model_only,Full-S1,True,1,105,7.779184030368924
cuda,HIT,model_only,Full-S1,True,1,106,7.768751005642116
cuda,HIT,model_only,Full-S1,True,1,107,7.8149280161596835
cuda,HIT,model_only,Full-S1,True,1,108,7.793043972924352
cuda,HIT,model_only,Full-S1,True,1,109,7.827210007235408
cuda,HIT,model_only,Full-S1,True,1,110,7.83604197204113
cuda,HIT,model_only,Full-S1,True,1,111,7.843046972993761
cuda,HIT,model_only,Full-S1,True,1,112,7.787841954268515
cuda,HIT,model_only,Full-S1,True,1,113,7.784940011333674
cuda,HIT,model_only,Full-S1,True,1,114,7.774933008477092
cuda,HIT,model_only,Full-S1,True,1,115,7.811203016899526
cuda,HIT,model_only,Full-S1,True,1,116,7.794142002239823
cuda,HIT,model_only,Full-S1,True,1,117,7.814840995706618
cuda,HIT,model_only,Full-S1,True,1,118,7.864536019042134
cuda,HIT,model_only,Full-S1,True,1,119,7.801012019626796
cuda,HIT,model_only,Full-S1,True,1,120,7.821792038157582
cuda,HIT,model_only,Full-S1,True,1,121,7.808340014889836
cuda,HIT,model_only,Full-S1,True,1,122,7.886957959271967
cuda,HIT,model_only,Full-S1,True,1,123,7.794140023179352
cuda,HIT,model_only,Full-S1,True,1,124,7.776266022119671
cuda,HIT,model_only,Full-S1,True,1,125,7.796301972121
cuda,HIT,model_only,Full-S1,True,1,126,7.7880609896965325
cuda,HIT,model_only,Full-S1,True,1,127,7.804149994626641
cuda,HIT,model_only,Full-S1,True,1,128,7.824233965948224
cuda,HIT,model_only,Full-S1,True,1,129,7.7775229583494365
cuda,HIT,model_only,Full-S1,True,1,130,7.779047999065369
cuda,HIT,model_only,Full-S1,True,1,131,7.7687150333076715
cuda,HIT,model_only,Full-S1,True,1,132,7.779396022669971
cuda,HIT,model_only,Full-S1,True,1,133,7.803230022545904
cuda,HIT,model_only,Full-S1,True,1,134,7.869763998314738
cuda,HIT,model_only,Full-S1,True,1,135,7.805012981407344
cuda,HIT,model_only,Full-S1,True,1,136,7.815293967723846
cuda,HIT,model_only,Full-S1,True,1,137,7.773069955874234
cuda,HIT,model_only,Full-S1,True,1,138,7.804550987202674
cuda,HIT,model_only,Full-S1,True,1,139,7.781873981002718
cuda,HIT,model_only,Full-S1,True,1,140,7.820648024789989
cuda,HIT,model_only,Full-S1,True,1,141,7.872418966144323
cuda,HIT,model_only,Full-S1,True,1,142,7.7995360479690135
cuda,HIT,model_only,Full-S1,True,1,143,7.845543965231627
cuda,HIT,model_only,Full-S1,True,1,144,7.8070100280456245
cuda,HIT,model_only,Full-S1,True,1,145,7.801647006999701
cuda,HIT,model_only,Full-S1,True,1,146,7.77136703254655
cuda,HIT,model_only,Full-S1,True,1,147,7.789031020365655
cuda,HIT,model_only,Full-S1,True,1,148,7.825220993254334
cuda,HIT,model_only,Full-S1,True,1,149,7.815535005647689
cuda,HIT,model_only,Full-S1,True,1,150,7.767854956910014
cuda,HIT,model_only,Full-S1,True,1,151,7.79966899426654
cuda,HIT,model_only,Full-S1,True,1,152,7.814984011929482
cuda,HIT,model_only,Full-S1,True,1,153,7.814882963430136
cuda,HIT,model_only,Full-S1,True,1,154,7.955961977131665
cuda,HIT,model_only,Full-S1,True,1,155,7.76808598311618
cuda,HIT,model_only,Full-S1,True,1,156,7.898132025729865
cuda,HIT,model_only,Full-S1,True,1,157,7.792569987941533
cuda,HIT,model_only,Full-S1,True,1,158,7.899292977526784
cuda,HIT,model_only,Full-S1,True,1,159,7.948002021294087
cuda,HIT,model_only,Full-S1,True,1,160,7.936170964967459
cuda,HIT,model_only,Full-S1,True,1,161,7.812630035914481
cuda,HIT,model_only,Full-S1,True,1,162,7.741143985185772
cuda,HIT,model_only,Full-S1,True,1,163,7.880090968683362
cuda,HIT,model_only,Full-S1,True,1,164,7.853518996853381
cuda,HIT,model_only,Full-S1,True,1,165,7.804627995938063
cuda,HIT,model_only,Full-S1,True,1,166,7.802202017046511
cuda,HIT,model_only,Full-S1,True,1,167,7.803183980286121
cuda,HIT,model_only,Full-S1,True,1,168,7.789561990648508
cuda,HIT,model_only,Full-S1,True,1,169,7.769927964545786
cuda,HIT,model_only,Full-S1,True,1,170,7.760724984109402
cuda,HIT,model_only,Full-S1,True,1,171,7.816226046998054
cuda,HIT,model_only,Full-S1,True,1,172,7.748442003503442
cuda,HIT,model_only,Full-S1,True,1,173,7.804649008903652
cuda,HIT,model_only,Full-S1,True,1,174,7.767375966068357
cuda,HIT,model_only,Full-S1,True,1,175,7.7765529858879745
cuda,HIT,model_only,Full-S1,True,1,176,7.797455997206271
cuda,HIT,model_only,Full-S1,True,1,177,7.759058964438736
cuda,HIT,model_only,Full-S1,True,1,178,7.83967599272728
cuda,HIT,model_only,Full-S1,True,1,179,7.7712140046060085
cuda,HIT,model_only,Full-S1,True,1,180,7.866458036005497
cuda,HIT,model_only,Full-S1,True,1,181,7.8191530192270875
cuda,HIT,model_only,Full-S1,True,1,182,7.792099961079657
cuda,HIT,model_only,Full-S1,True,1,183,7.783793029375374
cuda,HIT,model_only,Full-S1,True,1,184,7.87309295265004
cuda,HIT,model_only,Full-S1,True,1,185,7.8058450017124414
cuda,HIT,model_only,Full-S1,True,1,186,7.777155959047377
cuda,HIT,model_only,Full-S1,True,1,187,7.755301019642502
cuda,HIT,model_only,Full-S1,True,1,188,7.80789100099355
cuda,HIT,model_only,Full-S1,True,1,189,7.77435302734375
cuda,HIT,model_only,Full-S1,True,1,190,7.779454987030476
cuda,HIT,model_only,Full-S1,True,1,191,7.777589024044573
cuda,HIT,model_only,Full-S1,True,1,192,7.851773989386857
cuda,HIT,model_only,Full-S1,True,1,193,7.775669044349343
cuda,HIT,model_only,Full-S1,True,1,194,7.916031987406313
cuda,HIT,model_only,Full-S1,True,1,195,7.928875973448157
cuda,HIT,model_only,Full-S1,True,1,196,7.955392997246236
cuda,HIT,model_only,Full-S1,True,1,197,7.777307997457683
cuda,HIT,model_only,Full-S1,True,1,198,7.766754017211497
cuda,HIT,model_only,Full-S1,True,1,199,7.811651972588152
cuda,HIT,model_only,Full-S1,True,1,200,7.805106055457145
cuda,HIT,model_only,Full-S1,True,1,201,7.74100300623104
cuda,HIT,model_only,Full-S1,True,1,202,7.7691940241493285
cuda,HIT,model_only,Full-S1,True,1,203,7.741626992356032
cuda,HIT,model_only,Full-S1,True,1,204,7.820654951501638
cuda,HIT,model_only,Full-S1,True,1,205,7.870948000345379
cuda,HIT,model_only,Full-S1,True,1,206,7.80298700556159
cuda,HIT,model_only,Full-S1,True,1,207,7.7526450040750206
cuda,HIT,model_only,Full-S1,True,1,208,7.8086950234137475
cuda,HIT,model_only,Full-S1,True,1,209,7.788010989315808
cuda,HIT,model_only,Full-S1,True,1,210,7.765074027702212
cuda,HIT,model_only,Full-S1,True,1,211,7.790139003191143
cuda,HIT,model_only,Full-S1,True,1,212,7.918098999653012
cuda,HIT,model_only,Full-S1,True,1,213,8.10832396382466
cuda,HIT,model_only,Full-S1,True,1,214,7.985931995790452
cuda,HIT,model_only,Full-S1,True,1,215,7.857105985749513
cuda,HIT,model_only,Full-S1,True,1,216,7.794508012011647
cuda,HIT,model_only,Full-S1,True,1,217,7.7762900036759675
cuda,HIT,model_only,Full-S1,True,1,218,7.749879965558648
cuda,HIT,model_only,Full-S1,True,1,219,7.765996968373656
cuda,HIT,model_only,Full-S1,True,1,220,7.764304988086224
cuda,HIT,model_only,Full-S1,True,1,221,7.8205299796536565
cuda,HIT,model_only,Full-S1,True,1,222,7.7565269893966615
cuda,HIT,model_only,Full-S1,True,1,223,7.8219600254669785
cuda,HIT,model_only,Full-S1,True,1,224,7.75982002960518
cuda,HIT,model_only,Full-S1,True,1,225,7.817183039151132
cuda,HIT,model_only,Full-S1,True,1,226,7.7734129736199975
cuda,HIT,model_only,Full-S1,True,1,227,7.781695981975645
cuda,HIT,model_only,Full-S1,True,1,228,7.800252991728485
cuda,HIT,model_only,Full-S1,True,1,229,7.833110983483493
cuda,HIT,model_only,Full-S1,True,1,230,7.809305971022695
cuda,HIT,model_only,Full-S1,True,1,231,7.790910021867603
cuda,HIT,model_only,Full-S1,True,1,232,7.761385990306735
cuda,HIT,model_only,Full-S1,True,1,233,7.797204016242176
cuda,HIT,model_only,Full-S1,True,1,234,7.7632980537600815
cuda,HIT,model_only,Full-S1,True,1,235,7.790553034283221
cuda,HIT,model_only,Full-S1,True,1,236,7.766855997033417
cuda,HIT,model_only,Full-S1,True,1,237,7.848688983358443
cuda,HIT,model_only,Full-S1,True,1,238,7.765029964502901
cuda,HIT,model_only,Full-S1,True,1,239,7.759233005344868
cuda,HIT,model_only,Full-S1,True,1,240,7.783703971654177
cuda,HIT,model_only,Full-S1,True,1,241,7.7716929954476655
cuda,HIT,model_only,Full-S1,True,1,242,7.800876977853477
cuda,HIT,model_only,Full-S1,True,1,243,7.790728996042162
cuda,HIT,model_only,Full-S1,True,1,244,7.7701370464637876
cuda,HIT,model_only,Full-S1,True,1,245,7.752649020403624
cuda,HIT,model_only,Full-S1,True,1,246,7.851008034776896
cuda,HIT,model_only,Full-S1,True,1,247,7.838444958906621
cuda,HIT,model_only,Full-S1,True,1,248,7.7933999709784985
cuda,HIT,model_only,Full-S1,True,1,249,7.790945004671812
cuda,HIT,model_only,Full-S1,True,2,0,7.885860977694392
cuda,HIT,model_only,Full-S1,True,2,1,7.776327955070883
cuda,HIT,model_only,Full-S1,True,2,2,7.8002410009503365
cuda,HIT,model_only,Full-S1,True,2,3,7.788790971972048
cuda,HIT,model_only,Full-S1,True,2,4,7.813017000444233
cuda,HIT,model_only,Full-S1,True,2,5,7.797023979946971
cuda,HIT,model_only,Full-S1,True,2,6,7.819151040166616
cuda,HIT,model_only,Full-S1,True,2,7,7.790378003846854
cuda,HIT,model_only,Full-S1,True,2,8,7.789922994561493
cuda,HIT,model_only,Full-S1,True,2,9,7.75276095373556
cuda,HIT,model_only,Full-S1,True,2,10,7.764562964439392
cuda,HIT,model_only,Full-S1,True,2,11,7.7752459910698235
cuda,HIT,model_only,Full-S1,True,2,12,7.853945018723607
cuda,HIT,model_only,Full-S1,True,2,13,7.7778620179742575
cuda,HIT,model_only,Full-S1,True,2,14,7.776318991091102
cuda,HIT,model_only,Full-S1,True,2,15,7.782888016663492
cuda,HIT,model_only,Full-S1,True,2,16,7.769748044665903
cuda,HIT,model_only,Full-S1,True,2,17,7.771150034386665
cuda,HIT,model_only,Full-S1,True,2,18,7.764689973555505
cuda,HIT,model_only,Full-S1,True,2,19,7.80619599390775
cuda,HIT,model_only,Full-S1,True,2,20,7.8365629888139665
cuda,HIT,model_only,Full-S1,True,2,21,7.775439007673413
cuda,HIT,model_only,Full-S1,True,2,22,7.776311016641557
cuda,HIT,model_only,Full-S1,True,2,23,7.773632009048015
cuda,HIT,model_only,Full-S1,True,2,24,7.76670197956264
cuda,HIT,model_only,Full-S1,True,2,25,7.773528981488198
cuda,HIT,model_only,Full-S1,True,2,26,7.760854030493647
cuda,HIT,model_only,Full-S1,True,2,27,7.767633011098951
cuda,HIT,model_only,Full-S1,True,2,28,7.813173986505717
cuda,HIT,model_only,Full-S1,True,2,29,7.878291013184935
cuda,HIT,model_only,Full-S1,True,2,30,7.789989002048969
cuda,HIT,model_only,Full-S1,True,2,31,7.775150996167213
cuda,HIT,model_only,Full-S1,True,2,32,7.74670101236552
cuda,HIT,model_only,Full-S1,True,2,33,7.8141080448403955
cuda,HIT,model_only,Full-S1,True,2,34,7.785812020301819
cuda,HIT,model_only,Full-S1,True,2,35,7.759822008665651
cuda,HIT,model_only,Full-S1,True,2,36,8.100442006252706
cuda,HIT,model_only,Full-S1,True,2,37,8.140044985339046
cuda,HIT,model_only,Full-S1,True,2,38,7.842387014534324
cuda,HIT,model_only,Full-S1,True,2,39,7.8493059845641255
cuda,HIT,model_only,Full-S1,True,2,40,7.774622994475067
cuda,HIT,model_only,Full-S1,True,2,41,7.893623027484864
cuda,HIT,model_only,Full-S1,True,2,42,7.760035980027169
cuda,HIT,model_only,Full-S1,True,2,43,7.76648405008018
cuda,HIT,model_only,Full-S1,True,2,44,7.784403976984322
cuda,HIT,model_only,Full-S1,True,2,45,7.78432801598683
cuda,HIT,model_only,Full-S1,True,2,46,7.820980041287839
cuda,HIT,model_only,Full-S1,True,2,47,7.777674007229507
cuda,HIT,model_only,Full-S1,True,2,48,7.778560975566506
cuda,HIT,model_only,Full-S1,True,2,49,7.900896016508341
cuda,HIT,model_only,Full-S1,True,2,50,7.76561297243461
cuda,HIT,model_only,Full-S1,True,2,51,7.745668990537524
cuda,HIT,model_only,Full-S1,True,2,52,7.783931971061975
cuda,HIT,model_only,Full-S1,True,2,53,7.767222996335477
cuda,HIT,model_only,Full-S1,True,2,54,7.795070006977767
cuda,HIT,model_only,Full-S1,True,2,55,7.77551403734833
cuda,HIT,model_only,Full-S1,True,2,56,7.7736410312354565
cuda,HIT,model_only,Full-S1,True,2,57,7.77606904739514
cuda,HIT,model_only,Full-S1,True,2,58,7.832014991436154
cuda,HIT,model_only,Full-S1,True,2,59,7.7875739661976695
cuda,HIT,model_only,Full-S1,True,2,60,7.843986968509853
cuda,HIT,model_only,Full-S1,True,2,61,7.794758013915271
cuda,HIT,model_only,Full-S1,True,2,62,7.852114969864488
cuda,HIT,model_only,Full-S1,True,2,63,7.893308997154236
cuda,HIT,model_only,Full-S1,True,2,64,7.882401987444609
cuda,HIT,model_only,Full-S1,True,2,65,7.7488269889727235
cuda,HIT,model_only,Full-S1,True,2,66,7.792287971824408
cuda,HIT,model_only,Full-S1,True,2,67,7.748644973617047
cuda,HIT,model_only,Full-S1,True,2,68,7.762044027913362
cuda,HIT,model_only,Full-S1,True,2,69,7.75756302755326
cuda,HIT,model_only,Full-S1,True,2,70,7.863948005251586
cuda,HIT,model_only,Full-S1,True,2,71,7.72818096447736
cuda,HIT,model_only,Full-S1,True,2,72,7.777131046168506
cuda,HIT,model_only,Full-S1,True,2,73,7.80087400926277
cuda,HIT,model_only,Full-S1,True,2,74,7.825074018910527
cuda,HIT,model_only,Full-S1,True,2,75,7.752390985842794
cuda,HIT,model_only,Full-S1,True,2,76,7.790678006131202
cuda,HIT,model_only,Full-S1,True,2,77,7.777745020575821
cuda,HIT,model_only,Full-S1,True,2,78,7.79324903851375
cuda,HIT,model_only,Full-S1,True,2,79,7.804033986758441
cuda,HIT,model_only,Full-S1,True,2,80,7.76381598552689
cuda,HIT,model_only,Full-S1,True,2,81,7.760121021419764
cuda,HIT,model_only,Full-S1,True,2,82,7.795330020599067
cuda,HIT,model_only,Full-S1,True,2,83,7.833547017071396
cuda,HIT,model_only,Full-S1,True,2,84,7.7714709914289415
cuda,HIT,model_only,Full-S1,True,2,85,7.780044979881495
cuda,HIT,model_only,Full-S1,True,2,86,7.7773359953425825
cuda,HIT,model_only,Full-S1,True,2,87,7.870619010645896
cuda,HIT,model_only,Full-S1,True,2,88,7.795690966304392
cuda,HIT,model_only,Full-S1,True,2,89,7.78871204238385
cuda,HIT,model_only,Full-S1,True,2,90,7.8612989746034145
cuda,HIT,model_only,Full-S1,True,2,91,8.23958998080343
cuda,HIT,model_only,Full-S1,True,2,92,7.783528009895235
cuda,HIT,model_only,Full-S1,True,2,93,7.853546005208045
cuda,HIT,model_only,Full-S1,True,2,94,7.769452000502497
cuda,HIT,model_only,Full-S1,True,2,95,7.783993962220848
cuda,HIT,model_only,Full-S1,True,2,96,7.772322976961732
cuda,HIT,model_only,Full-S1,True,2,97,7.76187697192654
cuda,HIT,model_only,Full-S1,True,2,98,7.770136056933552
cuda,HIT,model_only,Full-S1,True,2,99,7.863755978178233
cuda,HIT,model_only,Full-S1,True,2,100,7.773770950734615
cuda,HIT,model_only,Full-S1,True,2,101,7.793977973051369
cuda,HIT,model_only,Full-S1,True,2,102,7.8169089974835515
cuda,HIT,model_only,Full-S1,True,2,103,7.782002037856728
cuda,HIT,model_only,Full-S1,True,2,104,7.774143014103174
cuda,HIT,model_only,Full-S1,True,2,105,7.748176984023303
cuda,HIT,model_only,Full-S1,True,2,106,7.746772025711834
cuda,HIT,model_only,Full-S1,True,2,107,7.783390989061445
cuda,HIT,model_only,Full-S1,True,2,108,7.964610995259136
cuda,HIT,model_only,Full-S1,True,2,109,7.78383802389726
cuda,HIT,model_only,Full-S1,True,2,110,7.758114021271467
cuda,HIT,model_only,Full-S1,True,2,111,7.856260985136032
cuda,HIT,model_only,Full-S1,True,2,112,7.8222909942269325
cuda,HIT,model_only,Full-S1,True,2,113,7.760362001135945
cuda,HIT,model_only,Full-S1,True,2,114,7.760957989376038
cuda,HIT,model_only,Full-S1,True,2,115,7.813484990037978
cuda,HIT,model_only,Full-S1,True,2,116,7.881894998718053
cuda,HIT,model_only,Full-S1,True,2,117,7.77948199538514
cuda,HIT,model_only,Full-S1,True,2,118,7.78504298068583
cuda,HIT,model_only,Full-S1,True,2,119,7.790861011017114
cuda,HIT,model_only,Full-S1,True,2,120,7.894328038673848
cuda,HIT,model_only,Full-S1,True,2,121,7.776138954795897
cuda,HIT,model_only,Full-S1,True,2,122,7.781944004818797
cuda,HIT,model_only,Full-S1,True,2,123,7.84416199894622
cuda,HIT,model_only,Full-S1,True,2,124,7.822751998901367
cuda,HIT,model_only,Full-S1,True,2,125,7.7806670451536775
cuda,HIT,model_only,Full-S1,True,2,126,7.780575018841773
cuda,HIT,model_only,Full-S1,True,2,127,7.7786900219507515
cuda,HIT,model_only,Full-S1,True,2,128,7.92577100219205
cuda,HIT,model_only,Full-S1,True,2,129,7.804492022842169
cuda,HIT,model_only,Full-S1,True,2,130,7.795765995979309
cuda,HIT,model_only,Full-S1,True,2,131,7.778072962537408
cuda,HIT,model_only,Full-S1,True,2,132,7.78205698588863
cuda,HIT,model_only,Full-S1,True,2,133,7.790878007654101
cuda,HIT,model_only,Full-S1,True,2,134,7.754140009637922
cuda,HIT,model_only,Full-S1,True,2,135,7.7707680175080895
cuda,HIT,model_only,Full-S1,True,2,136,7.809671980794519
cuda,HIT,model_only,Full-S1,True,2,137,7.787764014210552
cuda,HIT,model_only,Full-S1,True,2,138,7.764248992316425
cuda,HIT,model_only,Full-S1,True,2,139,7.734299986623228
cuda,HIT,model_only,Full-S1,True,2,140,7.75995705043897
cuda,HIT,model_only,Full-S1,True,2,141,7.814543030690402
cuda,HIT,model_only,Full-S1,True,2,142,7.751272991299629
cuda,HIT,model_only,Full-S1,True,2,143,7.755551021546125
cuda,HIT,model_only,Full-S1,True,2,144,7.793759985361248
cuda,HIT,model_only,Full-S1,True,2,145,7.782887958455831
cuda,HIT,model_only,Full-S1,True,2,146,7.767361996229738
cuda,HIT,model_only,Full-S1,True,2,147,7.803779968526214
cuda,HIT,model_only,Full-S1,True,2,148,7.810024020727724
cuda,HIT,model_only,Full-S1,True,2,149,7.811848015990108
cuda,HIT,model_only,Full-S1,True,2,150,7.771962962578982
cuda,HIT,model_only,Full-S1,True,2,151,7.760169974062592
cuda,HIT,model_only,Full-S1,True,2,152,7.800187973771244
cuda,HIT,model_only,Full-S1,True,2,153,7.788249000441283
cuda,HIT,model_only,Full-S1,True,2,154,7.864946965128183
cuda,HIT,model_only,Full-S1,True,2,155,7.74215703131631
cuda,HIT,model_only,Full-S1,True,2,156,7.7821569866500795
cuda,HIT,model_only,Full-S1,True,2,157,7.92002200614661
cuda,HIT,model_only,Full-S1,True,2,158,8.017655985895544
cuda,HIT,model_only,Full-S1,True,2,159,7.9183559864759445
cuda,HIT,model_only,Full-S1,True,2,160,7.830604969058186
cuda,HIT,model_only,Full-S1,True,2,161,7.828400004655123
cuda,HIT,model_only,Full-S1,True,2,162,7.780132000334561
cuda,HIT,model_only,Full-S1,True,2,163,7.901815988589078
cuda,HIT,model_only,Full-S1,True,2,164,7.87110801320523
cuda,HIT,model_only,Full-S1,True,2,165,7.9134220140986145
cuda,HIT,model_only,Full-S1,True,2,166,7.875902985688299
cuda,HIT,model_only,Full-S1,True,2,167,7.8870789729990065
cuda,HIT,model_only,Full-S1,True,2,168,7.816795026883483
cuda,HIT,model_only,Full-S1,True,2,169,8.037172025069594
cuda,HIT,model_only,Full-S1,True,2,170,7.949004997499287
cuda,HIT,model_only,Full-S1,True,2,171,7.909830019343644
cuda,HIT,model_only,Full-S1,True,2,172,7.765630027279258
cuda,HIT,model_only,Full-S1,True,2,173,7.763644971419126
cuda,HIT,model_only,Full-S1,True,2,174,7.754379999823868
cuda,HIT,model_only,Full-S1,True,2,175,7.775253965519369
cuda,HIT,model_only,Full-S1,True,2,176,7.782194996252656
cuda,HIT,model_only,Full-S1,True,2,177,7.840687001589686
cuda,HIT,model_only,Full-S1,True,2,178,7.7755089732818305
cuda,HIT,model_only,Full-S1,True,2,179,7.749893004074693
cuda,HIT,model_only,Full-S1,True,2,180,7.76798598235473
cuda,HIT,model_only,Full-S1,True,2,181,7.747908995952457
cuda,HIT,model_only,Full-S1,True,2,182,7.778768020216376
cuda,HIT,model_only,Full-S1,True,2,183,7.749804994091392
cuda,HIT,model_only,Full-S1,True,2,184,7.7850780216977
cuda,HIT,model_only,Full-S1,True,2,185,7.7727860189042985
cuda,HIT,model_only,Full-S1,True,2,186,7.826972985640168
cuda,HIT,model_only,Full-S1,True,2,187,7.7817150158807635
cuda,HIT,model_only,Full-S1,True,2,188,7.757844985462725
cuda,HIT,model_only,Full-S1,True,2,189,7.760521024465561
cuda,HIT,model_only,Full-S1,True,2,190,7.754560967441648
cuda,HIT,model_only,Full-S1,True,2,191,7.7485769870691
cuda,HIT,model_only,Full-S1,True,2,192,7.756513019558042
cuda,HIT,model_only,Full-S1,True,2,193,7.781472988426685
cuda,HIT,model_only,Full-S1,True,2,194,7.793095021042973
cuda,HIT,model_only,Full-S1,True,2,195,7.760221022181213
cuda,HIT,model_only,Full-S1,True,2,196,7.763529021758586
cuda,HIT,model_only,Full-S1,True,2,197,7.737111009191722
cuda,HIT,model_only,Full-S1,True,2,198,7.864467042963952
cuda,HIT,model_only,Full-S1,True,2,199,7.833161042071879
cuda,HIT,model_only,Full-S1,True,2,200,7.829428999684751
cuda,HIT,model_only,Full-S1,True,2,201,7.842973049264401
cuda,HIT,model_only,Full-S1,True,2,202,7.848212029784918
cuda,HIT,model_only,Full-S1,True,2,203,7.790303963702172
cuda,HIT,model_only,Full-S1,True,2,204,7.762634952086955
cuda,HIT,model_only,Full-S1,True,2,205,7.793715049047023
cuda,HIT,model_only,Full-S1,True,2,206,7.832019997294992
cuda,HIT,model_only,Full-S1,True,2,207,7.75120803155005
cuda,HIT,model_only,Full-S1,True,2,208,7.779144973028451
cuda,HIT,model_only,Full-S1,True,2,209,7.733380945865065
cuda,HIT,model_only,Full-S1,True,2,210,7.756081991828978
cuda,HIT,model_only,Full-S1,True,2,211,7.821027014870197
cuda,HIT,model_only,Full-S1,True,2,212,7.770197989884764
cuda,HIT,model_only,Full-S1,True,2,213,7.7673589694313705
cuda,HIT,model_only,Full-S1,True,2,214,7.754151010885835
cuda,HIT,model_only,Full-S1,True,2,215,7.83343700459227
cuda,HIT,model_only,Full-S1,True,2,216,7.790161005686969
cuda,HIT,model_only,Full-S1,True,2,217,7.800074992701411
cuda,HIT,model_only,Full-S1,True,2,218,7.776407990604639
cuda,HIT,model_only,Full-S1,True,2,219,8.161486010067165
cuda,HIT,model_only,Full-S1,True,2,220,7.83258699811995
cuda,HIT,model_only,Full-S1,True,2,221,7.764755981042981
cuda,HIT,model_only,Full-S1,True,2,222,7.767703966237605
cuda,HIT,model_only,Full-S1,True,2,223,7.790058967657387
cuda,HIT,model_only,Full-S1,True,2,224,7.780260988511145
cuda,HIT,model_only,Full-S1,True,2,225,7.767726026941091
cuda,HIT,model_only,Full-S1,True,2,226,7.790347968693823
cuda,HIT,model_only,Full-S1,True,2,227,7.8129880130290985
cuda,HIT,model_only,Full-S1,True,2,228,7.794508012011647
cuda,HIT,model_only,Full-S1,True,2,229,7.774580968543887
cuda,HIT,model_only,Full-S1,True,2,230,7.853630988392979
cuda,HIT,model_only,Full-S1,True,2,231,7.773404999170452
cuda,HIT,model_only,Full-S1,True,2,232,7.835809956304729
cuda,HIT,model_only,Full-S1,True,2,233,7.772843004204333
cuda,HIT,model_only,Full-S1,True,2,234,7.744072994682938
cuda,HIT,model_only,Full-S1,True,2,235,7.773446035571396
cuda,HIT,model_only,Full-S1,True,2,236,7.822430983651429
cuda,HIT,model_only,Full-S1,True,2,237,7.753479003440589
cuda,HIT,model_only,Full-S1,True,2,238,7.759019965305924
cuda,HIT,model_only,Full-S1,True,2,239,7.754096994176507
cuda,HIT,model_only,Full-S1,True,2,240,7.797412981744856
cuda,HIT,model_only,Full-S1,True,2,241,7.772881013806909
cuda,HIT,model_only,Full-S1,True,2,242,7.792790012899786
cuda,HIT,model_only,Full-S1,True,2,243,7.741538982372731
cuda,HIT,model_only,Full-S1,True,2,244,7.8461599769070745
cuda,HIT,model_only,Full-S1,True,2,245,7.772765005938709
cuda,HIT,model_only,Full-S1,True,2,246,7.780521002132446
cuda,HIT,model_only,Full-S1,True,2,247,7.756573031656444
cuda,HIT,model_only,Full-S1,True,2,248,7.827616995200515
cuda,HIT,model_only,Full-S1,True,2,249,7.820696977432817
cuda,HIT,model_only,K1,True,2,0,4.271953948773444
cuda,HIT,model_only,K1,True,2,1,4.189038998447359
cuda,HIT,model_only,K1,True,2,2,4.18532604817301
cuda,HIT,model_only,K1,True,2,3,4.195263027213514
cuda,HIT,model_only,K1,True,2,4,4.2210950050503016
cuda,HIT,model_only,K1,True,2,5,4.216429952066392
cuda,HIT,model_only,K1,True,2,6,4.192289023194462
cuda,HIT,model_only,K1,True,2,7,4.199802991934121
cuda,HIT,model_only,K1,True,2,8,4.184419987723231
cuda,HIT,model_only,K1,True,2,9,4.201592004392296
cuda,HIT,model_only,K1,True,2,10,4.190901992842555
cuda,HIT,model_only,K1,True,2,11,4.212069034110755
cuda,HIT,model_only,K1,True,2,12,4.292357945814729
cuda,HIT,model_only,K1,True,2,13,4.185613011941314
cuda,HIT,model_only,K1,True,2,14,4.215416964143515
cuda,HIT,model_only,K1,True,2,15,4.20111499261111
cuda,HIT,model_only,K1,True,2,16,4.215702007059008
cuda,HIT,model_only,K1,True,2,17,4.250422993209213
cuda,HIT,model_only,K1,True,2,18,4.223311028908938
cuda,HIT,model_only,K1,True,2,19,4.212482017464936
cuda,HIT,model_only,K1,True,2,20,4.202720010653138
cuda,HIT,model_only,K1,True,2,21,4.224397998768836
cuda,HIT,model_only,K1,True,2,22,4.2011360055767
cuda,HIT,model_only,K1,True,2,23,4.208063997793943
cuda,HIT,model_only,K1,True,2,24,4.203332995530218
cuda,HIT,model_only,K1,True,2,25,4.202654992695898
cuda,HIT,model_only,K1,True,2,26,4.2119339923374355
cuda,HIT,model_only,K1,True,2,27,4.239413014147431
cuda,HIT,model_only,K1,True,2,28,4.200076044071466
cuda,HIT,model_only,K1,True,2,29,4.201423958875239
cuda,HIT,model_only,K1,True,2,30,4.183185985311866
cuda,HIT,model_only,K1,True,2,31,4.204108030535281
cuda,HIT,model_only,K1,True,2,32,4.216223023831844
cuda,HIT,model_only,K1,True,2,33,4.1966880089603364
cuda,HIT,model_only,K1,True,2,34,4.231813014484942
cuda,HIT,model_only,K1,True,2,35,4.215940949507058
cuda,HIT,model_only,K1,True,2,36,4.190808977000415
cuda,HIT,model_only,K1,True,2,37,4.197845992166549
cuda,HIT,model_only,K1,True,2,38,4.228967998642474
cuda,HIT,model_only,K1,True,2,39,4.1960980161093175
cuda,HIT,model_only,K1,True,2,40,4.210009006783366
cuda,HIT,model_only,K1,True,2,41,4.20542701613158
cuda,HIT,model_only,K1,True,2,42,4.206252982839942
cuda,HIT,model_only,K1,True,2,43,4.287614952772856
cuda,HIT,model_only,K1,True,2,44,4.226580960676074
cuda,HIT,model_only,K1,True,2,45,4.196280031464994
cuda,HIT,model_only,K1,True,2,46,4.2318570194765925
cuda,HIT,model_only,K1,True,2,47,4.221688024699688
cuda,HIT,model_only,K1,True,2,48,4.213204025290906
cuda,HIT,model_only,K1,True,2,49,4.207105026580393
cuda,HIT,model_only,K1,True,2,50,4.259214969351888
cuda,HIT,model_only,K1,True,2,51,4.220622999127954
cuda,HIT,model_only,K1,True,2,52,4.206649027764797
cuda,HIT,model_only,K1,True,2,53,4.184459976386279
cuda,HIT,model_only,K1,True,2,54,4.208029014989734
cuda,HIT,model_only,K1,True,2,55,4.203439981210977
cuda,HIT,model_only,K1,True,2,56,4.260196001268923
cuda,HIT,model_only,K1,True,2,57,4.201107018161565
cuda,HIT,model_only,K1,True,2,58,4.22651699045673
cuda,HIT,model_only,K1,True,2,59,4.216153000015765
cuda,HIT,model_only,K1,True,2,60,4.2193299741484225
cuda,HIT,model_only,K1,True,2,61,4.237462009768933
cuda,HIT,model_only,K1,True,2,62,4.2479970143176615
cuda,HIT,model_only,K1,True,2,63,4.237813001964241
cuda,HIT,model_only,K1,True,2,64,4.3036690331064165
cuda,HIT,model_only,K1,True,2,65,4.355120996478945
cuda,HIT,model_only,K1,True,2,66,4.261217021849006
cuda,HIT,model_only,K1,True,2,67,4.182421020232141
cuda,HIT,model_only,K1,True,2,68,4.209998005535454
cuda,HIT,model_only,K1,True,2,69,4.217909008730203
cuda,HIT,model_only,K1,True,2,70,4.210614017210901
cuda,HIT,model_only,K1,True,2,71,4.205558972898871
cuda,HIT,model_only,K1,True,2,72,4.201970004942268
cuda,HIT,model_only,K1,True,2,73,4.240420996211469
cuda,HIT,model_only,K1,True,2,74,4.21205599559471
cuda,HIT,model_only,K1,True,2,75,4.188727994915098
cuda,HIT,model_only,K1,True,2,76,4.2051710188388824
cuda,HIT,model_only,K1,True,2,77,4.206501005683094
cuda,HIT,model_only,K1,True,2,78,4.330063995439559
cuda,HIT,model_only,K1,True,2,79,4.449705011211336
cuda,HIT,model_only,K1,True,2,80,4.416353011038154
cuda,HIT,model_only,K1,True,2,81,4.356294986791909
cuda,HIT,model_only,K1,True,2,82,4.314395016990602
cuda,HIT,model_only,K1,True,2,83,4.268652002792805
cuda,HIT,model_only,K1,True,2,84,4.260144021827728
cuda,HIT,model_only,K1,True,2,85,4.202726995572448
cuda,HIT,model_only,K1,True,2,86,4.2182489996775985
cuda,HIT,model_only,K1,True,2,87,4.201326984912157
cuda,HIT,model_only,K1,True,2,88,4.242949013132602
cuda,HIT,model_only,K1,True,2,89,4.20144503004849
cuda,HIT,model_only,K1,True,2,90,4.185127036180347
cuda,HIT,model_only,K1,True,2,91,4.2091350187547505
cuda,HIT,model_only,K1,True,2,92,4.201536998152733
cuda,HIT,model_only,K1,True,2,93,4.21288498910144
cuda,HIT,model_only,K1,True,2,94,4.188944993074983
cuda,HIT,model_only,K1,True,2,95,4.194206034298986
cuda,HIT,model_only,K1,True,2,96,4.301255044993013
cuda,HIT,model_only,K1,True,2,97,4.2018460226245224
cuda,HIT,model_only,K1,True,2,98,4.182517994195223
cuda,HIT,model_only,K1,True,2,99,4.2088369955308735
cuda,HIT,model_only,K1,True,2,100,4.201191011816263
cuda,HIT,model_only,K1,True,2,101,4.21113200718537
cuda,HIT,model_only,K1,True,2,102,4.331891017500311
cuda,HIT,model_only,K1,True,2,103,4.250233992934227
cuda,HIT,model_only,K1,True,2,104,4.243266012053937
cuda,HIT,model_only,K1,True,2,105,4.199889022856951
cuda,HIT,model_only,K1,True,2,106,4.210977000184357
cuda,HIT,model_only,K1,True,2,107,4.2117469711229205
cuda,HIT,model_only,K1,True,2,108,4.185119993053377
cuda,HIT,model_only,K1,True,2,109,4.2055860394611955
cuda,HIT,model_only,K1,True,2,110,4.214923013933003
cuda,HIT,model_only,K1,True,2,111,4.204023978672922
cuda,HIT,model_only,K1,True,2,112,4.202020005322993
cuda,HIT,model_only,K1,True,2,113,4.1977749788202345
cuda,HIT,model_only,K1,True,2,114,4.24981297692284
cuda,HIT,model_only,K1,True,2,115,4.239104979205877
cuda,HIT,model_only,K1,True,2,116,4.26384701859206
cuda,HIT,model_only,K1,True,2,117,4.18896198971197
cuda,HIT,model_only,K1,True,2,118,4.21601498965174
cuda,HIT,model_only,K1,True,2,119,4.30394901195541
cuda,HIT,model_only,K1,True,2,120,4.207018006127328
cuda,HIT,model_only,K1,True,2,121,4.220250004436821
cuda,HIT,model_only,K1,True,2,122,4.200996947474778
cuda,HIT,model_only,K1,True,2,123,4.259962006472051
cuda,HIT,model_only,K1,True,2,124,4.191117011941969
cuda,HIT,model_only,K1,True,2,125,4.210404003970325
cuda,HIT,model_only,K1,True,2,126,4.230619000736624
cuda,HIT,model_only,K1,True,2,127,4.204144992399961
cuda,HIT,model_only,K1,True,2,128,4.18883899692446
cuda,HIT,model_only,K1,True,2,129,4.189965024124831
cuda,HIT,model_only,K1,True,2,130,4.231675004120916
cuda,HIT,model_only,K1,True,2,131,4.219554015435278
cuda,HIT,model_only,K1,True,2,132,4.209218954201788
cuda,HIT,model_only,K1,True,2,133,4.186246020253748
cuda,HIT,model_only,K1,True,2,134,4.219752037897706
cuda,HIT,model_only,K1,True,2,135,4.190445004496723
cuda,HIT,model_only,K1,True,2,136,4.189443017821759
cuda,HIT,model_only,K1,True,2,137,4.209036997053772
cuda,HIT,model_only,K1,True,2,138,4.21359296888113
cuda,HIT,model_only,K1,True,2,139,4.208740021567792
cuda,HIT,model_only,K1,True,2,140,4.20394103275612
cuda,HIT,model_only,K1,True,2,141,4.189365019556135
cuda,HIT,model_only,K1,True,2,142,4.23259602393955
cuda,HIT,model_only,K1,True,2,143,4.204326018225402
cuda,HIT,model_only,K1,True,2,144,4.196225956548005
cuda,HIT,model_only,K1,True,2,145,4.204826022032648
cuda,HIT,model_only,K1,True,2,146,4.203037999104708
cuda,HIT,model_only,K1,True,2,147,4.198184993583709
cuda,HIT,model_only,K1,True,2,148,4.300865053664893
cuda,HIT,model_only,K1,True,2,149,4.3745459988713264
cuda,HIT,model_only,K1,True,2,150,4.254693980328739
cuda,HIT,model_only,K1,True,2,151,4.1872040019370615
cuda,HIT,model_only,K1,True,2,152,4.219252965413034
cuda,HIT,model_only,K1,True,2,153,4.234014020767063
cuda,HIT,model_only,K1,True,2,154,4.214718996081501
cuda,HIT,model_only,K1,True,2,155,4.2330120340920985
cuda,HIT,model_only,K1,True,2,156,4.200518014840782
cuda,HIT,model_only,K1,True,2,157,4.218340036459267
cuda,HIT,model_only,K1,True,2,158,4.200701019726694
cuda,HIT,model_only,K1,True,2,159,4.178942006547004
cuda,HIT,model_only,K1,True,2,160,4.204361990559846
cuda,HIT,model_only,K1,True,2,161,4.195629968307912
cuda,HIT,model_only,K1,True,2,162,4.201733041554689
cuda,HIT,model_only,K1,True,2,163,4.21968795126304
cuda,HIT,model_only,K1,True,2,164,4.203927994240075
cuda,HIT,model_only,K1,True,2,165,4.221997049171478
cuda,HIT,model_only,K1,True,2,166,4.2436090297997
cuda,HIT,model_only,K1,True,2,167,4.177319991867989
cuda,HIT,model_only,K1,True,2,168,4.2029750184156
cuda,HIT,model_only,K1,True,2,169,4.186518024653196
cuda,HIT,model_only,K1,True,2,170,4.188721999526024
cuda,HIT,model_only,K1,True,2,171,4.202609998174012
cuda,HIT,model_only,K1,True,2,172,4.330325988121331
cuda,HIT,model_only,K1,True,2,173,4.2316619656048715
cuda,HIT,model_only,K1,True,2,174,4.227954021189362
cuda,HIT,model_only,K1,True,2,175,4.247901029884815
cuda,HIT,model_only,K1,True,2,176,4.211504012346268
cuda,HIT,model_only,K1,True,2,177,4.201306961476803
cuda,HIT,model_only,K1,True,2,178,4.203125019557774
cuda,HIT,model_only,K1,True,2,179,4.419201053678989
cuda,HIT,model_only,K1,True,2,180,4.4474140158854425
cuda,HIT,model_only,K1,True,2,181,4.306235001422465
cuda,HIT,model_only,K1,True,2,182,4.216099972836673
cuda,HIT,model_only,K1,True,2,183,4.203504009637982
cuda,HIT,model_only,K1,True,2,184,4.202269017696381
cuda,HIT,model_only,K1,True,2,185,4.219815018586814
cuda,HIT,model_only,K1,True,2,186,4.221525974571705
cuda,HIT,model_only,K1,True,2,187,4.208061960525811
cuda,HIT,model_only,K1,True,2,188,4.220484988763928
cuda,HIT,model_only,K1,True,2,189,4.174072993919253
cuda,HIT,model_only,K1,True,2,190,4.218375950586051
cuda,HIT,model_only,K1,True,2,191,4.208437050692737
cuda,HIT,model_only,K1,True,2,192,4.182545992080122
cuda,HIT,model_only,K1,True,2,193,4.200792987830937
cuda,HIT,model_only,K1,True,2,194,4.197571019176394
cuda,HIT,model_only,K1,True,2,195,4.209337988868356
cuda,HIT,model_only,K1,True,2,196,4.310578980948776
cuda,HIT,model_only,K1,True,2,197,4.212888015899807
cuda,HIT,model_only,K1,True,2,198,4.211995983496308
cuda,HIT,model_only,K1,True,2,199,4.2032329947687685
cuda,HIT,model_only,K1,True,2,200,4.237696994096041
cuda,HIT,model_only,K1,True,2,201,4.208276979625225
cuda,HIT,model_only,K1,True,2,202,4.193096014205366
cuda,HIT,model_only,K1,True,2,203,4.246035008691251
cuda,HIT,model_only,K1,True,2,204,4.249509947840124
cuda,HIT,model_only,K1,True,2,205,4.214623011648655
cuda,HIT,model_only,K1,True,2,206,4.22782200621441
cuda,HIT,model_only,K1,True,2,207,4.185769008472562
cuda,HIT,model_only,K1,True,2,208,4.202819021884352
cuda,HIT,model_only,K1,True,2,209,4.202896961942315
cuda,HIT,model_only,K1,True,2,210,4.218819958623499
cuda,HIT,model_only,K1,True,2,211,4.235386033542454
cuda,HIT,model_only,K1,True,2,212,4.177571972832084
cuda,HIT,model_only,K1,True,2,213,4.182323988061398
cuda,HIT,model_only,K1,True,2,214,4.191031970549375
cuda,HIT,model_only,K1,True,2,215,4.211210994981229
cuda,HIT,model_only,K1,True,2,216,4.19130502268672
cuda,HIT,model_only,K1,True,2,217,4.194819019176066
cuda,HIT,model_only,K1,True,2,218,4.226936027407646
cuda,HIT,model_only,K1,True,2,219,4.223541007377207
cuda,HIT,model_only,K1,True,2,220,4.215348977595568
cuda,HIT,model_only,K1,True,2,221,4.192097985651344
cuda,HIT,model_only,K1,True,2,222,4.1885520331561565
cuda,HIT,model_only,K1,True,2,223,4.2041969718411565
cuda,HIT,model_only,K1,True,2,224,4.202487994916737
cuda,HIT,model_only,K1,True,2,225,4.247608012519777
cuda,HIT,model_only,K1,True,2,226,4.289370961487293
cuda,HIT,model_only,K1,True,2,227,4.2062189895659685
cuda,HIT,model_only,K1,True,2,228,4.210274026263505
cuda,HIT,model_only,K1,True,2,229,4.209982987958938
cuda,HIT,model_only,K1,True,2,230,4.212043015286326
cuda,HIT,model_only,K1,True,2,231,4.250250989571214
cuda,HIT,model_only,K1,True,2,232,4.2027399758808315
cuda,HIT,model_only,K1,True,2,233,4.2154809925705194
cuda,HIT,model_only,K1,True,2,234,4.236996988765895
cuda,HIT,model_only,K1,True,2,235,4.198651993647218
cuda,HIT,model_only,K1,True,2,236,4.203832009807229
cuda,HIT,model_only,K1,True,2,237,4.201288043987006
cuda,HIT,model_only,K1,True,2,238,4.204453027341515
cuda,HIT,model_only,K1,True,2,239,4.205897974316031
cuda,HIT,model_only,K1,True,2,240,4.200095951091498
cuda,HIT,model_only,K1,True,2,241,4.229054960887879
cuda,HIT,model_only,K1,True,2,242,4.201328963972628
cuda,HIT,model_only,K1,True,2,243,4.202255047857761
cuda,HIT,model_only,K1,True,2,244,4.203722986858338
cuda,HIT,model_only,K1,True,2,245,4.190217005088925
cuda,HIT,model_only,K1,True,2,246,4.200552008114755
cuda,HIT,model_only,K1,True,2,247,4.19691699789837
cuda,HIT,model_only,K1,True,2,248,4.199653048999608
cuda,HIT,model_only,K1,True,2,249,4.213871026877314
cuda,HIT,model_only,K1,True,3,0,4.2279320186935365
cuda,HIT,model_only,K1,True,3,1,4.225682991091162
cuda,HIT,model_only,K1,True,3,2,4.222682036925107
cuda,HIT,model_only,K1,True,3,3,4.22458496177569
cuda,HIT,model_only,K1,True,3,4,4.200486990157515
cuda,HIT,model_only,K1,True,3,5,4.21932601602748
cuda,HIT,model_only,K1,True,3,6,4.198916023597121
cuda,HIT,model_only,K1,True,3,7,4.222532967105508
cuda,HIT,model_only,K1,True,3,8,4.23976598540321
cuda,HIT,model_only,K1,True,3,9,4.342663974966854
cuda,HIT,model_only,K1,True,3,10,4.20844997279346
cuda,HIT,model_only,K1,True,3,11,4.244017996825278
cuda,HIT,model_only,K1,True,3,12,4.20189299620688
cuda,HIT,model_only,K1,True,3,13,4.192663007415831
cuda,HIT,model_only,K1,True,3,14,4.227585974149406
cuda,HIT,model_only,K1,True,3,15,4.237814981024712
cuda,HIT,model_only,K1,True,3,16,4.177610971964896
cuda,HIT,model_only,K1,True,3,17,4.204617987852544
cuda,HIT,model_only,K1,True,3,18,4.199877963401377
cuda,HIT,model_only,K1,True,3,19,4.205328994430602
cuda,HIT,model_only,K1,True,3,20,4.205174976959825
cuda,HIT,model_only,K1,True,3,21,4.214468004647642
cuda,HIT,model_only,K1,True,3,22,4.210963030345738
cuda,HIT,model_only,K1,True,3,23,4.187920014373958
cuda,HIT,model_only,K1,True,3,24,4.1936280322261155
cuda,HIT,model_only,K1,True,3,25,4.231108992826194
cuda,HIT,model_only,K1,True,3,26,4.1946700075641274
cuda,HIT,model_only,K1,True,3,27,4.2146259802393615
cuda,HIT,model_only,K1,True,3,28,4.213139996863902
cuda,HIT,model_only,K1,True,3,29,4.194423032458872
cuda,HIT,model_only,K1,True,3,30,4.281711997464299
cuda,HIT,model_only,K1,True,3,31,4.196178982965648
cuda,HIT,model_only,K1,True,3,32,4.1905289981514215
cuda,HIT,model_only,K1,True,3,33,4.219402966555208
cuda,HIT,model_only,K1,True,3,34,4.260578018147498
cuda,HIT,model_only,K1,True,3,35,4.189833009149879
cuda,HIT,model_only,K1,True,3,36,4.202842013910413
cuda,HIT,model_only,K1,True,3,37,4.2645829962566495
cuda,HIT,model_only,K1,True,3,38,4.209516977425665
cuda,HIT,model_only,K1,True,3,39,4.288058029487729
cuda,HIT,model_only,K1,True,3,40,4.2160460143350065
cuda,HIT,model_only,K1,True,3,41,4.202311974950135
cuda,HIT,model_only,K1,True,3,42,4.188872000668198
cuda,HIT,model_only,K1,True,3,43,4.190739011391997
cuda,HIT,model_only,K1,True,3,44,4.19930403586477
cuda,HIT,model_only,K1,True,3,45,4.223873955197632
cuda,HIT,model_only,K1,True,3,46,4.177130991593003
cuda,HIT,model_only,K1,True,3,47,4.213032021652907
cuda,HIT,model_only,K1,True,3,48,4.227589990478009
cuda,HIT,model_only,K1,True,3,49,4.171961976680905
cuda,HIT,model_only,K1,True,3,50,4.1839490295387805
cuda,HIT,model_only,K1,True,3,51,4.183015960734338
cuda,HIT,model_only,K1,True,3,52,4.239525005687028
cuda,HIT,model_only,K1,True,3,53,4.232708015479147
cuda,HIT,model_only,K1,True,3,54,4.213078995235264
cuda,HIT,model_only,K1,True,3,55,4.195111978333443
cuda,HIT,model_only,K1,True,3,56,4.212952975649387
cuda,HIT,model_only,K1,True,3,57,4.201792005915195
cuda,HIT,model_only,K1,True,3,58,4.203084972687066
cuda,HIT,model_only,K1,True,3,59,4.204625962302089
cuda,HIT,model_only,K1,True,3,60,4.212411004118621
cuda,HIT,model_only,K1,True,3,61,4.210118961054832
cuda,HIT,model_only,K1,True,3,62,4.1904920362867415
cuda,HIT,model_only,K1,True,3,63,4.215763998217881
cuda,HIT,model_only,K1,True,3,64,4.184133023954928
cuda,HIT,model_only,K1,True,3,65,4.331618023570627
cuda,HIT,model_only,K1,True,3,66,4.439632990397513
cuda,HIT,model_only,K1,True,3,67,4.427107982337475
cuda,HIT,model_only,K1,True,3,68,4.498027032241225
cuda,HIT,model_only,K1,True,3,69,4.332506039645523
cuda,HIT,model_only,K1,True,3,70,4.295931023079902
cuda,HIT,model_only,K1,True,3,71,4.2515050154179335
cuda,HIT,model_only,K1,True,3,72,4.211738996673375
cuda,HIT,model_only,K1,True,3,73,4.219863971229643
cuda,HIT,model_only,K1,True,3,74,4.211415012832731
cuda,HIT,model_only,K1,True,3,75,4.192768014036119
cuda,HIT,model_only,K1,True,3,76,4.2163089965470135
cuda,HIT,model_only,K1,True,3,77,4.190150008071214
cuda,HIT,model_only,K1,True,3,78,4.215398977976292
cuda,HIT,model_only,K1,True,3,79,4.202281008474529
cuda,HIT,model_only,K1,True,3,80,4.20692894840613
cuda,HIT,model_only,K1,True,3,81,4.20497398590669
cuda,HIT,model_only,K1,True,3,82,4.203813965432346
cuda,HIT,model_only,K1,True,3,83,4.281812987755984
cuda,HIT,model_only,K1,True,3,84,4.193453991319984
cuda,HIT,model_only,K1,True,3,85,4.257900000084192
cuda,HIT,model_only,K1,True,3,86,4.2058170074597
cuda,HIT,model_only,K1,True,3,87,4.222491988912225
cuda,HIT,model_only,K1,True,3,88,4.206671961583197
cuda,HIT,model_only,K1,True,3,89,4.223932977765799
cuda,HIT,model_only,K1,True,3,90,4.2858069646172225
cuda,HIT,model_only,K1,True,3,91,4.2543780291453
cuda,HIT,model_only,K1,True,3,92,4.193990025669336
cuda,HIT,model_only,K1,True,3,93,4.200656956527382
cuda,HIT,model_only,K1,True,3,94,4.181266005616635
cuda,HIT,model_only,K1,True,3,95,4.223092983011156
cuda,HIT,model_only,K1,True,3,96,4.2405929998494685
cuda,HIT,model_only,K1,True,3,97,4.23663598485291
cuda,HIT,model_only,K1,True,3,98,4.2066299938596785
cuda,HIT,model_only,K1,True,3,99,4.221006995067
cuda,HIT,model_only,K1,True,3,100,4.241970018483698
cuda,HIT,model_only,K1,True,3,101,4.202082986012101
cuda,HIT,model_only,K1,True,3,102,4.224062955472618
cuda,HIT,model_only,K1,True,3,103,4.19512897497043
cuda,HIT,model_only,K1,True,3,104,4.20487899100408
cuda,HIT,model_only,K1,True,3,105,4.179628973361105
cuda,HIT,model_only,K1,True,3,106,4.32786502642557
cuda,HIT,model_only,K1,True,3,107,4.217843990772963
cuda,HIT,model_only,K1,True,3,108,4.24417300382629
cuda,HIT,model_only,K1,True,3,109,4.209290025755763
cuda,HIT,model_only,K1,True,3,110,4.2234890279360116
cuda,HIT,model_only,K1,True,3,111,4.209604987408966
cuda,HIT,model_only,K1,True,3,112,4.187076003290713
cuda,HIT,model_only,K1,True,3,113,4.2346559930592775
cuda,HIT,model_only,K1,True,3,114,4.211232007946819
cuda,HIT,model_only,K1,True,3,115,4.186859994661063
cuda,HIT,model_only,K1,True,3,116,4.228179983329028
cuda,HIT,model_only,K1,True,3,117,4.2137690470553935
cuda,HIT,model_only,K1,True,3,118,4.229503974784166
cuda,HIT,model_only,K1,True,3,119,4.204644006676972
cuda,HIT,model_only,K1,True,3,120,4.184776975307614
cuda,HIT,model_only,K1,True,3,121,4.209460981655866
cuda,HIT,model_only,K1,True,3,122,4.187963961157948
cuda,HIT,model_only,K1,True,3,123,4.192339954897761
cuda,HIT,model_only,K1,True,3,124,4.20124497031793
cuda,HIT,model_only,K1,True,3,125,4.211129969917238
cuda,HIT,model_only,K1,True,3,126,4.223844967782497
cuda,HIT,model_only,K1,True,3,127,4.208460042718798
cuda,HIT,model_only,K1,True,3,128,4.174291039817035
cuda,HIT,model_only,K1,True,3,129,4.221368988510221
cuda,HIT,model_only,K1,True,3,130,4.210245970170945
cuda,HIT,model_only,K1,True,3,131,4.206608980894089
cuda,HIT,model_only,K1,True,3,132,4.207748977933079
cuda,HIT,model_only,K1,True,3,133,4.193204978946596
cuda,HIT,model_only,K1,True,3,134,4.204602970276028
cuda,HIT,model_only,K1,True,3,135,4.287332994863391
cuda,HIT,model_only,K1,True,3,136,4.415163013618439
cuda,HIT,model_only,K1,True,3,137,4.3383759912103415
cuda,HIT,model_only,K1,True,3,138,4.234156047459692
cuda,HIT,model_only,K1,True,3,139,4.209193983115256
cuda,HIT,model_only,K1,True,3,140,4.221663053613156
cuda,HIT,model_only,K1,True,3,141,4.204761004075408
cuda,HIT,model_only,K1,True,3,142,4.197518981527537
cuda,HIT,model_only,K1,True,3,143,4.203362041153014
cuda,HIT,model_only,K1,True,3,144,4.24334203125909
cuda,HIT,model_only,K1,True,3,145,4.203323973342776
cuda,HIT,model_only,K1,True,3,146,4.206553043331951
cuda,HIT,model_only,K1,True,3,147,4.208956030197442
cuda,HIT,model_only,K1,True,3,148,4.20848501380533
cuda,HIT,model_only,K1,True,3,149,4.218406043946743
cuda,HIT,model_only,K1,True,3,150,4.216332046780735
cuda,HIT,model_only,K1,True,3,151,4.213512991555035
cuda,HIT,model_only,K1,True,3,152,4.227630968671292
cuda,HIT,model_only,K1,True,3,153,4.193319007754326
cuda,HIT,model_only,K1,True,3,154,4.186775011476129
cuda,HIT,model_only,K1,True,3,155,4.253867024090141
cuda,HIT,model_only,K1,True,3,156,4.202025011181831
cuda,HIT,model_only,K1,True,3,157,4.225922981277108
cuda,HIT,model_only,K1,True,3,158,4.204694996587932
cuda,HIT,model_only,K1,True,3,159,4.290095006581396
cuda,HIT,model_only,K1,True,3,160,4.1991929756477475
cuda,HIT,model_only,K1,True,3,161,4.179442010354251
cuda,HIT,model_only,K1,True,3,162,4.194531997200102
cuda,HIT,model_only,K1,True,3,163,4.216809989884496
cuda,HIT,model_only,K1,True,3,164,4.186153004411608
cuda,HIT,model_only,K1,True,3,165,4.200180002953857
cuda,HIT,model_only,K1,True,3,166,4.460331983864307
cuda,HIT,model_only,K1,True,3,167,4.510275030042976
cuda,HIT,model_only,K1,True,3,168,4.533108964096755
cuda,HIT,model_only,K1,True,3,169,4.44354402134195
cuda,HIT,model_only,K1,True,3,170,4.377588047645986
cuda,HIT,model_only,K1,True,3,171,4.2318940395489335
cuda,HIT,model_only,K1,True,3,172,4.192596999928355
cuda,HIT,model_only,K1,True,3,173,4.20223199762404
cuda,HIT,model_only,K1,True,3,174,4.180322983302176
cuda,HIT,model_only,K1,True,3,175,4.225092998240143
cuda,HIT,model_only,K1,True,3,176,4.214388027321547
cuda,HIT,model_only,K1,True,3,177,4.196530964691192
cuda,HIT,model_only,K1,True,3,178,4.203621996566653
cuda,HIT,model_only,K1,True,3,179,4.191510961391032
cuda,HIT,model_only,K1,True,3,180,4.216256027575582
cuda,HIT,model_only,K1,True,3,181,4.20262198895216
cuda,HIT,model_only,K1,True,3,182,4.217806039378047
cuda,HIT,model_only,K1,True,3,183,4.194200038909912
cuda,HIT,model_only,K1,True,3,184,4.19454398797825
cuda,HIT,model_only,K1,True,3,185,4.188360006082803
cuda,HIT,model_only,K1,True,3,186,4.197303031105548
cuda,HIT,model_only,K1,True,3,187,4.229742975439876
cuda,HIT,model_only,K1,True,3,188,4.1877529583871365
cuda,HIT,model_only,K1,True,3,189,4.203475953545421
cuda,HIT,model_only,K1,True,3,190,4.301943001337349
cuda,HIT,model_only,K1,True,3,191,4.26922703627497
cuda,HIT,model_only,K1,True,3,192,4.2794590117409825
cuda,HIT,model_only,K1,True,3,193,4.213482956402004
cuda,HIT,model_only,K1,True,3,194,4.217588983010501
cuda,HIT,model_only,K1,True,3,195,4.21439396450296
cuda,HIT,model_only,K1,True,3,196,4.186848003882915
cuda,HIT,model_only,K1,True,3,197,4.183596989605576
cuda,HIT,model_only,K1,True,3,198,4.22723701922223
cuda,HIT,model_only,K1,True,3,199,4.223694966640323
cuda,HIT,model_only,K1,True,3,200,4.21934702899307
cuda,HIT,model_only,K1,True,3,201,4.234994994476438
cuda,HIT,model_only,K1,True,3,202,4.19100298313424
cuda,HIT,model_only,K1,True,3,203,4.177928960416466
cuda,HIT,model_only,K1,True,3,204,4.206330981105566
cuda,HIT,model_only,K1,True,3,205,4.207845020573586
cuda,HIT,model_only,K1,True,3,206,4.199274000711739
cuda,HIT,model_only,K1,True,3,207,4.212035040836781
cuda,HIT,model_only,K1,True,3,208,4.204072989523411
cuda,HIT,model_only,K1,True,3,209,4.204116994515061
cuda,HIT,model_only,K1,True,3,210,4.2052450007759035
cuda,HIT,model_only,K1,True,3,211,4.206827026791871
cuda,HIT,model_only,K1,True,3,212,4.2602120083756745
cuda,HIT,model_only,K1,True,3,213,4.359661019407213
cuda,HIT,model_only,K1,True,3,214,4.304116009734571
cuda,HIT,model_only,K1,True,3,215,4.26855799742043
cuda,HIT,model_only,K1,True,3,216,4.214006010442972
cuda,HIT,model_only,K1,True,3,217,4.2274040170013905
cuda,HIT,model_only,K1,True,3,218,4.200213996227831
cuda,HIT,model_only,K1,True,3,219,4.203049000352621
cuda,HIT,model_only,K1,True,3,220,4.213402979075909
cuda,HIT,model_only,K1,True,3,221,4.239925998263061
cuda,HIT,model_only,K1,True,3,222,4.202617972623557
cuda,HIT,model_only,K1,True,3,223,4.19740698998794
cuda,HIT,model_only,K1,True,3,224,4.214600950945169
cuda,HIT,model_only,K1,True,3,225,4.209572973195463
cuda,HIT,model_only,K1,True,3,226,4.209236009046435
cuda,HIT,model_only,K1,True,3,227,4.203940974548459
cuda,HIT,model_only,K1,True,3,228,4.225490964017808
cuda,HIT,model_only,K1,True,3,229,4.203778982628137
cuda,HIT,model_only,K1,True,3,230,4.2138389544561505
cuda,HIT,model_only,K1,True,3,231,4.2135719559155405
cuda,HIT,model_only,K1,True,3,232,4.200723022222519
cuda,HIT,model_only,K1,True,3,233,4.197794012725353
cuda,HIT,model_only,K1,True,3,234,4.178208007942885
cuda,HIT,model_only,K1,True,3,235,4.203844000585377
cuda,HIT,model_only,K1,True,3,236,4.207012010738254
cuda,HIT,model_only,K1,True,3,237,4.212177009321749
cuda,HIT,model_only,K1,True,3,238,4.20330697670579
cuda,HIT,model_only,K1,True,3,239,4.1808329988271
cuda,HIT,model_only,K1,True,3,240,4.200975992716849
cuda,HIT,model_only,K1,True,3,241,4.215658002067357
cuda,HIT,model_only,K1,True,3,242,4.192406020592898
cuda,HIT,model_only,K1,True,3,243,4.251704027410597
cuda,HIT,model_only,K1,True,3,244,4.278720007278025
cuda,HIT,model_only,K1,True,3,245,4.240093985572457
cuda,HIT,model_only,K1,True,3,246,4.232428967952728
cuda,HIT,model_only,K1,True,3,247,4.195148008875549
cuda,HIT,model_only,K1,True,3,248,4.238209978211671
cuda,HIT,model_only,K1,True,3,249,4.221281968057156
cuda,HIT,model_only,Full-S1,True,3,0,7.85686494782567
cuda,HIT,model_only,Full-S1,True,3,1,7.848020002711564
cuda,HIT,model_only,Full-S1,True,3,2,7.831774011719972
cuda,HIT,model_only,Full-S1,True,3,3,7.7938929898664355
cuda,HIT,model_only,Full-S1,True,3,4,7.835206983145326
cuda,HIT,model_only,Full-S1,True,3,5,7.774972007609904
cuda,HIT,model_only,Full-S1,True,3,6,7.766961003653705
cuda,HIT,model_only,Full-S1,True,3,7,7.7795449760742486
cuda,HIT,model_only,Full-S1,True,3,8,7.79819703893736
cuda,HIT,model_only,Full-S1,True,3,9,7.806487032212317
cuda,HIT,model_only,Full-S1,True,3,10,7.7628049766644835
cuda,HIT,model_only,Full-S1,True,3,11,8.05301102809608
cuda,HIT,model_only,Full-S1,True,3,12,7.829313981346786
cuda,HIT,model_only,Full-S1,True,3,13,7.770947995595634
cuda,HIT,model_only,Full-S1,True,3,14,7.776834012474865
cuda,HIT,model_only,Full-S1,True,3,15,7.777511025778949
cuda,HIT,model_only,Full-S1,True,3,16,7.771747943479568
cuda,HIT,model_only,Full-S1,True,3,17,7.80888699227944
cuda,HIT,model_only,Full-S1,True,3,18,7.766001974232495
cuda,HIT,model_only,Full-S1,True,3,19,7.811791962012649
cuda,HIT,model_only,Full-S1,True,3,20,7.782503962516785
cuda,HIT,model_only,Full-S1,True,3,21,7.794364006258547
cuda,HIT,model_only,Full-S1,True,3,22,7.7662860276177526
cuda,HIT,model_only,Full-S1,True,3,23,7.86649202927947
cuda,HIT,model_only,Full-S1,True,3,24,7.8189639607444406
cuda,HIT,model_only,Full-S1,True,3,25,7.853104034438729
cuda,HIT,model_only,Full-S1,True,3,26,7.7771919895894825
cuda,HIT,model_only,Full-S1,True,3,27,7.800257997587323
cuda,HIT,model_only,Full-S1,True,3,28,8.028413983993232
cuda,HIT,model_only,Full-S1,True,3,29,7.976076973136514
cuda,HIT,model_only,Full-S1,True,3,30,7.943560020066798
cuda,HIT,model_only,Full-S1,True,3,31,7.810803013853729
cuda,HIT,model_only,Full-S1,True,3,32,7.801657018717378
cuda,HIT,model_only,Full-S1,True,3,33,7.821830979082733
cuda,HIT,model_only,Full-S1,True,3,34,7.763714995235205
cuda,HIT,model_only,Full-S1,True,3,35,7.788979972247034
cuda,HIT,model_only,Full-S1,True,3,36,7.780494983308017
cuda,HIT,model_only,Full-S1,True,3,37,7.865438994485885
cuda,HIT,model_only,Full-S1,True,3,38,7.807437039446086
cuda,HIT,model_only,Full-S1,True,3,39,7.841769023798406
cuda,HIT,model_only,Full-S1,True,3,40,7.78772501507774
cuda,HIT,model_only,Full-S1,True,3,41,7.846150023397058
cuda,HIT,model_only,Full-S1,True,3,42,7.797075028065592
cuda,HIT,model_only,Full-S1,True,3,43,7.813906006049365
cuda,HIT,model_only,Full-S1,True,3,44,7.815278018824756
cuda,HIT,model_only,Full-S1,True,3,45,7.793994038365781
cuda,HIT,model_only,Full-S1,True,3,46,7.7782440348528326
cuda,HIT,model_only,Full-S1,True,3,47,7.776056998409331
cuda,HIT,model_only,Full-S1,True,3,48,7.783734006807208
cuda,HIT,model_only,Full-S1,True,3,49,7.7756199752911925
cuda,HIT,model_only,Full-S1,True,3,50,7.874287024606019
cuda,HIT,model_only,Full-S1,True,3,51,7.807390007656068
cuda,HIT,model_only,Full-S1,True,3,52,7.776973943691701
cuda,HIT,model_only,Full-S1,True,3,53,7.783757988363504
cuda,HIT,model_only,Full-S1,True,3,54,7.924243982415646
cuda,HIT,model_only,Full-S1,True,3,55,7.919932017102838
cuda,HIT,model_only,Full-S1,True,3,56,7.868460030294955
cuda,HIT,model_only,Full-S1,True,3,57,7.803237996995449
cuda,HIT,model_only,Full-S1,True,3,58,7.796868972945958
cuda,HIT,model_only,Full-S1,True,3,59,7.793386001139879
cuda,HIT,model_only,Full-S1,True,3,60,7.778069993946701
cuda,HIT,model_only,Full-S1,True,3,61,7.764625013805926
cuda,HIT,model_only,Full-S1,True,3,62,7.795642013661563
cuda,HIT,model_only,Full-S1,True,3,63,7.79016298474744
cuda,HIT,model_only,Full-S1,True,3,64,7.775749021675438
cuda,HIT,model_only,Full-S1,True,3,65,7.791935000568628
cuda,HIT,model_only,Full-S1,True,3,66,7.929727027658373
cuda,HIT,model_only,Full-S1,True,3,67,7.848940032999963
cuda,HIT,model_only,Full-S1,True,3,68,7.825025008060038
cuda,HIT,model_only,Full-S1,True,3,69,7.799946004524827
cuda,HIT,model_only,Full-S1,True,3,70,7.772842014674097
cuda,HIT,model_only,Full-S1,True,3,71,7.788735965732485
cuda,HIT,model_only,Full-S1,True,3,72,7.795700978022069
cuda,HIT,model_only,Full-S1,True,3,73,7.799369981512427
cuda,HIT,model_only,Full-S1,True,3,74,7.852024980820715
cuda,HIT,model_only,Full-S1,True,3,75,7.841090962756425
cuda,HIT,model_only,Full-S1,True,3,76,7.7725540031678975
cuda,HIT,model_only,Full-S1,True,3,77,7.76758004212752
cuda,HIT,model_only,Full-S1,True,3,78,7.781379041261971
cuda,HIT,model_only,Full-S1,True,3,79,7.792613992933184
cuda,HIT,model_only,Full-S1,True,3,80,7.753962010610849
cuda,HIT,model_only,Full-S1,True,3,81,7.7891440014354885
cuda,HIT,model_only,Full-S1,True,3,82,7.9261629725806415
cuda,HIT,model_only,Full-S1,True,3,83,8.376792015042156
cuda,HIT,model_only,Full-S1,True,3,84,8.300527988467366
cuda,HIT,model_only,Full-S1,True,3,85,8.247633988503367
cuda,HIT,model_only,Full-S1,True,3,86,7.8433669987134635
cuda,HIT,model_only,Full-S1,True,3,87,7.781950000207871
cuda,HIT,model_only,Full-S1,True,3,88,7.755229016765952
cuda,HIT,model_only,Full-S1,True,3,89,7.785924011841416
cuda,HIT,model_only,Full-S1,True,3,90,7.771708013024181
cuda,HIT,model_only,Full-S1,True,3,91,7.7987140393815935
cuda,HIT,model_only,Full-S1,True,3,92,7.7697879751212895
cuda,HIT,model_only,Full-S1,True,3,93,7.763778034131974
cuda,HIT,model_only,Full-S1,True,3,94,7.7862279722467065
cuda,HIT,model_only,Full-S1,True,3,95,7.866123982239515
cuda,HIT,model_only,Full-S1,True,3,96,7.880242948886007
cuda,HIT,model_only,Full-S1,True,3,97,7.779220992233604
cuda,HIT,model_only,Full-S1,True,3,98,7.773367979098111
cuda,HIT,model_only,Full-S1,True,3,99,7.807686983142048
cuda,HIT,model_only,Full-S1,True,3,100,7.803011976648122
cuda,HIT,model_only,Full-S1,True,3,101,7.8046590206213295
cuda,HIT,model_only,Full-S1,True,3,102,7.779555977322161
cuda,HIT,model_only,Full-S1,True,3,103,7.786158996168524
cuda,HIT,model_only,Full-S1,True,3,104,7.775109959766269
cuda,HIT,model_only,Full-S1,True,3,105,7.811871008016169
cuda,HIT,model_only,Full-S1,True,3,106,7.768649025820196
cuda,HIT,model_only,Full-S1,True,3,107,7.811919960658997
cuda,HIT,model_only,Full-S1,True,3,108,7.750749995466322
cuda,HIT,model_only,Full-S1,True,3,109,7.7877300209365785
cuda,HIT,model_only,Full-S1,True,3,110,7.790691975969821
cuda,HIT,model_only,Full-S1,True,3,111,7.874608971178532
cuda,HIT,model_only,Full-S1,True,3,112,7.765120011754334
cuda,HIT,model_only,Full-S1,True,3,113,7.779814943205565
cuda,HIT,model_only,Full-S1,True,3,114,7.773746969178319
cuda,HIT,model_only,Full-S1,True,3,115,7.799314975272864
cuda,HIT,model_only,Full-S1,True,3,116,7.78583501232788
cuda,HIT,model_only,Full-S1,True,3,117,7.803151034750044
cuda,HIT,model_only,Full-S1,True,3,118,7.7816679840907454
cuda,HIT,model_only,Full-S1,True,3,119,7.781564025208354
cuda,HIT,model_only,Full-S1,True,3,120,7.763392990455031
cuda,HIT,model_only,Full-S1,True,3,121,7.835260999854654
cuda,HIT,model_only,Full-S1,True,3,122,7.781124033499509
cuda,HIT,model_only,Full-S1,True,3,123,7.788121001794934
cuda,HIT,model_only,Full-S1,True,3,124,7.852061011362821
cuda,HIT,model_only,Full-S1,True,3,125,7.823702006135136
cuda,HIT,model_only,Full-S1,True,3,126,7.78554700082168
cuda,HIT,model_only,Full-S1,True,3,127,7.826496032066643
cuda,HIT,model_only,Full-S1,True,3,128,7.813154021278024
cuda,HIT,model_only,Full-S1,True,3,129,7.789181021507829
cuda,HIT,model_only,Full-S1,True,3,130,7.762013003230095
cuda,HIT,model_only,Full-S1,True,3,131,7.855894975364208
cuda,HIT,model_only,Full-S1,True,3,132,7.895530026871711
cuda,HIT,model_only,Full-S1,True,3,133,7.774104014970362
cuda,HIT,model_only,Full-S1,True,3,134,7.8061859821900725
cuda,HIT,model_only,Full-S1,True,3,135,7.797053025569767
cuda,HIT,model_only,Full-S1,True,3,136,7.761996006593108
cuda,HIT,model_only,Full-S1,True,3,137,7.822729006875306
cuda,HIT,model_only,Full-S1,True,3,138,7.800712017342448
cuda,HIT,model_only,Full-S1,True,3,139,7.796371995937079
cuda,HIT,model_only,Full-S1,True,3,140,7.8891380107961595
cuda,HIT,model_only,Full-S1,True,3,141,7.766799011733383
cuda,HIT,model_only,Full-S1,True,3,142,7.791818003170192
cuda,HIT,model_only,Full-S1,True,3,143,7.780671992804855
cuda,HIT,model_only,Full-S1,True,3,144,7.79789499938488
cuda,HIT,model_only,Full-S1,True,3,145,7.761496992316097
cuda,HIT,model_only,Full-S1,True,3,146,7.772525015752763
cuda,HIT,model_only,Full-S1,True,3,147,7.788401038851589
cuda,HIT,model_only,Full-S1,True,3,148,7.799059036187828
cuda,HIT,model_only,Full-S1,True,3,149,7.75036500999704
cuda,HIT,model_only,Full-S1,True,3,150,7.766754017211497
cuda,HIT,model_only,Full-S1,True,3,151,7.798768987413496
cuda,HIT,model_only,Full-S1,True,3,152,7.774820027407259
cuda,HIT,model_only,Full-S1,True,3,153,7.858163968194276
cuda,HIT,model_only,Full-S1,True,3,154,7.842037011869252
cuda,HIT,model_only,Full-S1,True,3,155,7.79806898208335
cuda,HIT,model_only,Full-S1,True,3,156,8.217460010200739
cuda,HIT,model_only,Full-S1,True,3,157,7.99804599955678
cuda,HIT,model_only,Full-S1,True,3,158,7.895772985648364
cuda,HIT,model_only,Full-S1,True,3,159,7.837867015041411
cuda,HIT,model_only,Full-S1,True,3,160,7.79878901084885
cuda,HIT,model_only,Full-S1,True,3,161,7.912834000308067
cuda,HIT,model_only,Full-S1,True,3,162,7.790378003846854
cuda,HIT,model_only,Full-S1,True,3,163,7.765650982037187
cuda,HIT,model_only,Full-S1,True,3,164,7.808826980181038
cuda,HIT,model_only,Full-S1,True,3,165,7.85704399459064
cuda,HIT,model_only,Full-S1,True,3,166,7.763889967463911
cuda,HIT,model_only,Full-S1,True,3,167,7.807172019965947
cuda,HIT,model_only,Full-S1,True,3,168,7.902122975792736
cuda,HIT,model_only,Full-S1,True,3,169,7.837251003365964
cuda,HIT,model_only,Full-S1,True,3,170,7.752445992082357
cuda,HIT,model_only,Full-S1,True,3,171,7.789844006765634
cuda,HIT,model_only,Full-S1,True,3,172,7.786833972204477
cuda,HIT,model_only,Full-S1,True,3,173,7.801625004503876
cuda,HIT,model_only,Full-S1,True,3,174,7.781146967317909
cuda,HIT,model_only,Full-S1,True,3,175,7.7728540054522455
cuda,HIT,model_only,Full-S1,True,3,176,7.784269982948899
cuda,HIT,model_only,Full-S1,True,3,177,7.775188016239554
cuda,HIT,model_only,Full-S1,True,3,178,7.909121981356293
cuda,HIT,model_only,Full-S1,True,3,179,7.7879540040157735
cuda,HIT,model_only,Full-S1,True,3,180,7.757078972645104
cuda,HIT,model_only,Full-S1,True,3,181,7.820893020834774
cuda,HIT,model_only,Full-S1,True,3,182,7.849995978176594
cuda,HIT,model_only,Full-S1,True,3,183,7.774487021379173
cuda,HIT,model_only,Full-S1,True,3,184,7.77789595304057
cuda,HIT,model_only,Full-S1,True,3,185,7.774066994898021
cuda,HIT,model_only,Full-S1,True,3,186,7.7918730094097555
cuda,HIT,model_only,Full-S1,True,3,187,7.794764009304345
cuda,HIT,model_only,Full-S1,True,3,188,7.780043000821024
cuda,HIT,model_only,Full-S1,True,3,189,7.79890496050939
cuda,HIT,model_only,Full-S1,True,3,190,7.809246017131954
cuda,HIT,model_only,Full-S1,True,3,191,7.771277974825352
cuda,HIT,model_only,Full-S1,True,3,192,7.777577033266425
cuda,HIT,model_only,Full-S1,True,3,193,7.749752956442535
cuda,HIT,model_only,Full-S1,True,3,194,7.923467026557773
cuda,HIT,model_only,Full-S1,True,3,195,7.851950998883694
cuda,HIT,model_only,Full-S1,True,3,196,7.855149975512177
cuda,HIT,model_only,Full-S1,True,3,197,7.825990964192897
cuda,HIT,model_only,Full-S1,True,3,198,7.83464900450781
cuda,HIT,model_only,Full-S1,True,3,199,7.786921982187778
cuda,HIT,model_only,Full-S1,True,3,200,7.824725995305926
cuda,HIT,model_only,Full-S1,True,3,201,7.796566002070904
cuda,HIT,model_only,Full-S1,True,3,202,7.805098022799939
cuda,HIT,model_only,Full-S1,True,3,203,7.805915956851095
cuda,HIT,model_only,Full-S1,True,3,204,7.776057987939566
cuda,HIT,model_only,Full-S1,True,3,205,7.751690980512649
cuda,HIT,model_only,Full-S1,True,3,206,7.767684001009911
cuda,HIT,model_only,Full-S1,True,3,207,7.767419971060008
cuda,HIT,model_only,Full-S1,True,3,208,7.759541971608996
cuda,HIT,model_only,Full-S1,True,3,209,7.792369986418635
cuda,HIT,model_only,Full-S1,True,3,210,7.909337000455707
cuda,HIT,model_only,Full-S1,True,3,211,8.450336987152696
cuda,HIT,model_only,Full-S1,True,3,212,8.2411709590815
cuda,HIT,model_only,Full-S1,True,3,213,7.939148985315114
cuda,HIT,model_only,Full-S1,True,3,214,7.807500020135194
cuda,HIT,model_only,Full-S1,True,3,215,7.76936300098896
cuda,HIT,model_only,Full-S1,True,3,216,7.770674012135714
cuda,HIT,model_only,Full-S1,True,3,217,7.769186981022358
cuda,HIT,model_only,Full-S1,True,3,218,7.756576000247151
cuda,HIT,model_only,Full-S1,True,3,219,7.780754007399082
cuda,HIT,model_only,Full-S1,True,3,220,7.804788008797914
cuda,HIT,model_only,Full-S1,True,3,221,7.784666959196329
cuda,HIT,model_only,Full-S1,True,3,222,7.790065021254122
cuda,HIT,model_only,Full-S1,True,3,223,7.8295430284924805
cuda,HIT,model_only,Full-S1,True,3,224,7.801932981237769
cuda,HIT,model_only,Full-S1,True,3,225,7.790878997184336
cuda,HIT,model_only,Full-S1,True,3,226,7.785250025335699
cuda,HIT,model_only,Full-S1,True,3,227,7.965825032442808
cuda,HIT,model_only,Full-S1,True,3,228,7.781577995046973
cuda,HIT,model_only,Full-S1,True,3,229,7.782911998219788
cuda,HIT,model_only,Full-S1,True,3,230,7.7857929863967
cuda,HIT,model_only,Full-S1,True,3,231,7.856996962800622
cuda,HIT,model_only,Full-S1,True,3,232,7.803450978826731
cuda,HIT,model_only,Full-S1,True,3,233,7.791802985593677
cuda,HIT,model_only,Full-S1,True,3,234,7.78323202393949
cuda,HIT,model_only,Full-S1,True,3,235,7.773015997372568
cuda,HIT,model_only,Full-S1,True,3,236,7.773478981107473
cuda,HIT,model_only,Full-S1,True,3,237,7.804855995345861
cuda,HIT,model_only,Full-S1,True,3,238,7.7942300122231245
cuda,HIT,model_only,Full-S1,True,3,239,7.885781000368297
cuda,HIT,model_only,Full-S1,True,3,240,7.8424340463243425
cuda,HIT,model_only,Full-S1,True,3,241,7.78825901215896
cuda,HIT,model_only,Full-S1,True,3,242,7.768273004330695
cuda,HIT,model_only,Full-S1,True,3,243,7.7997969929128885
cuda,HIT,model_only,Full-S1,True,3,244,7.763301022350788
cuda,HIT,model_only,Full-S1,True,3,245,7.7555919997394085
cuda,HIT,model_only,Full-S1,True,3,246,7.777930004522204
cuda,HIT,model_only,Full-S1,True,3,247,7.78060796437785
cuda,HIT,model_only,Full-S1,True,3,248,7.791339012328535
cuda,HIT,model_only,Full-S1,True,3,249,7.766603957861662
cuda,HIT,end_to_end,Full-S1,True,0,0,9.18175297556445
cuda,HIT,end_to_end,Full-S1,True,0,1,9.15186305064708
cuda,HIT,end_to_end,Full-S1,True,0,2,9.122613002546132
cuda,HIT,end_to_end,Full-S1,True,0,3,9.094609995372593
cuda,HIT,end_to_end,Full-S1,True,0,4,9.080281015485525
cuda,HIT,end_to_end,Full-S1,True,0,5,9.133270010352135
cuda,HIT,end_to_end,Full-S1,True,0,6,9.092612948734313
cuda,HIT,end_to_end,Full-S1,True,0,7,9.077167022041976
cuda,HIT,end_to_end,Full-S1,True,0,8,9.075456007849425
cuda,HIT,end_to_end,Full-S1,True,0,9,9.075970039702952
cuda,HIT,end_to_end,Full-S1,True,0,10,9.120139991864562
cuda,HIT,end_to_end,Full-S1,True,0,11,9.088812046684325
cuda,HIT,end_to_end,Full-S1,True,0,12,9.058198018465191
cuda,HIT,end_to_end,Full-S1,True,0,13,9.052584995515645
cuda,HIT,end_to_end,Full-S1,True,0,14,9.088140970561653
cuda,HIT,end_to_end,Full-S1,True,0,15,9.113867999985814
cuda,HIT,end_to_end,Full-S1,True,0,16,9.120050992351025
cuda,HIT,end_to_end,Full-S1,True,0,17,9.098584007006139
cuda,HIT,end_to_end,Full-S1,True,0,18,9.06980101717636
cuda,HIT,end_to_end,Full-S1,True,0,19,9.057341958396137
cuda,HIT,end_to_end,Full-S1,True,0,20,9.12216998403892
cuda,HIT,end_to_end,Full-S1,True,0,21,9.10274003399536
cuda,HIT,end_to_end,Full-S1,True,0,22,9.085469995625317
cuda,HIT,end_to_end,Full-S1,True,0,23,9.082111006136984
cuda,HIT,end_to_end,Full-S1,True,0,24,9.14300698786974
cuda,HIT,end_to_end,Full-S1,True,0,25,9.094167966395617
cuda,HIT,end_to_end,Full-S1,True,0,26,9.062166034709662
cuda,HIT,end_to_end,Full-S1,True,0,27,9.057331015355885
cuda,HIT,end_to_end,Full-S1,True,0,28,9.064411977306008
cuda,HIT,end_to_end,Full-S1,True,0,29,9.144714975263923
cuda,HIT,end_to_end,Full-S1,True,0,30,9.09534899983555
cuda,HIT,end_to_end,Full-S1,True,0,31,9.062797005753964
cuda,HIT,end_to_end,Full-S1,True,0,32,9.11112001631409
cuda,HIT,end_to_end,Full-S1,True,0,33,9.092611959204078
cuda,HIT,end_to_end,Full-S1,True,0,34,9.105092962272465
cuda,HIT,end_to_end,Full-S1,True,0,35,9.09498700639233
cuda,HIT,end_to_end,Full-S1,True,0,36,9.116918954532593
cuda,HIT,end_to_end,Full-S1,True,0,37,9.082081960514188
cuda,HIT,end_to_end,Full-S1,True,0,38,9.083059965632856
cuda,HIT,end_to_end,Full-S1,True,0,39,9.103579970542341
cuda,HIT,end_to_end,Full-S1,True,0,40,9.144172945525497
cuda,HIT,end_to_end,Full-S1,True,0,41,9.098062990233302
cuda,HIT,end_to_end,Full-S1,True,0,42,9.108219004701823
cuda,HIT,end_to_end,Full-S1,True,0,43,9.1087999753654
cuda,HIT,end_to_end,Full-S1,True,0,44,9.064446960110217
cuda,HIT,end_to_end,Full-S1,True,0,45,9.057236020453274
cuda,HIT,end_to_end,Full-S1,True,0,46,9.12493997020647
cuda,HIT,end_to_end,Full-S1,True,0,47,9.100620984099805
cuda,HIT,end_to_end,Full-S1,True,0,48,9.04995301971212
cuda,HIT,end_to_end,Full-S1,True,0,49,9.069982974324375
cuda,HIT,end_to_end,Full-S1,True,0,50,9.082601987756789
cuda,HIT,end_to_end,Full-S1,True,0,51,9.142740978859365
cuda,HIT,end_to_end,Full-S1,True,0,52,9.094935026951134
cuda,HIT,end_to_end,Full-S1,True,0,53,9.094183973502368
cuda,HIT,end_to_end,Full-S1,True,0,54,9.107007004786283
cuda,HIT,end_to_end,Full-S1,True,0,55,9.098292037378997
cuda,HIT,end_to_end,Full-S1,True,0,56,9.071481006685644
cuda,HIT,end_to_end,Full-S1,True,0,57,9.086350968573242
cuda,HIT,end_to_end,Full-S1,True,0,58,9.088717983104289
cuda,HIT,end_to_end,Full-S1,True,0,59,9.073309018276632
cuda,HIT,end_to_end,Full-S1,True,0,60,9.077427035663277
cuda,HIT,end_to_end,Full-S1,True,0,61,9.10273496992886
cuda,HIT,end_to_end,Full-S1,True,0,62,9.097992035094649
cuda,HIT,end_to_end,Full-S1,True,0,63,9.09123895689845
cuda,HIT,end_to_end,Full-S1,True,0,64,9.09433199558407
cuda,HIT,end_to_end,Full-S1,True,0,65,9.092166961636394
cuda,HIT,end_to_end,Full-S1,True,0,66,9.058795985765755
cuda,HIT,end_to_end,Full-S1,True,0,67,9.099042974412441
cuda,HIT,end_to_end,Full-S1,True,0,68,9.113797976169735
cuda,HIT,end_to_end,Full-S1,True,0,69,9.106680983677506
cuda,HIT,end_to_end,Full-S1,True,0,70,9.081136959139258
cuda,HIT,end_to_end,Full-S1,True,0,71,9.111749997828156
cuda,HIT,end_to_end,Full-S1,True,0,72,9.11110796732828
cuda,HIT,end_to_end,Full-S1,True,0,73,9.070444037206471
cuda,HIT,end_to_end,Full-S1,True,0,74,9.078365983441472
cuda,HIT,end_to_end,Full-S1,True,0,75,9.073903027456254
cuda,HIT,end_to_end,Full-S1,True,0,76,9.119894006289542
cuda,HIT,end_to_end,Full-S1,True,0,77,9.085506026167423
cuda,HIT,end_to_end,Full-S1,True,0,78,9.111010993365198
cuda,HIT,end_to_end,Full-S1,True,0,79,9.086675010621548
cuda,HIT,end_to_end,Full-S1,True,0,80,9.07785602612421
cuda,HIT,end_to_end,Full-S1,True,0,81,9.120963979512453
cuda,HIT,end_to_end,Full-S1,True,0,82,9.106748038902879
cuda,HIT,end_to_end,Full-S1,True,0,83,9.0642049908638
cuda,HIT,end_to_end,Full-S1,True,0,84,9.11053002346307
cuda,HIT,end_to_end,Full-S1,True,0,85,9.12479095859453
cuda,HIT,end_to_end,Full-S1,True,0,86,9.092796011827886
cuda,HIT,end_to_end,Full-S1,True,0,87,9.096686961129308
cuda,HIT,end_to_end,Full-S1,True,0,88,9.109398000873625
cuda,HIT,end_to_end,Full-S1,True,0,89,9.11295402329415
cuda,HIT,end_to_end,Full-S1,True,0,90,9.106089011766016
cuda,HIT,end_to_end,Full-S1,True,0,91,9.094654000364244
cuda,HIT,end_to_end,Full-S1,True,0,92,9.080850053578615
cuda,HIT,end_to_end,Full-S1,True,0,93,9.090790001209825
cuda,HIT,end_to_end,Full-S1,True,0,94,9.108659985940903
cuda,HIT,end_to_end,Full-S1,True,0,95,9.100041002966464
cuda,HIT,end_to_end,Full-S1,True,0,96,9.058171999640763
cuda,HIT,end_to_end,Full-S1,True,0,97,9.081983007490635
cuda,HIT,end_to_end,Full-S1,True,0,98,9.064589976333082
cuda,HIT,end_to_end,Full-S1,True,0,99,9.054169990122318
cuda,HIT,end_to_end,Full-S1,True,0,100,9.116961038671434
cuda,HIT,end_to_end,Full-S1,True,0,101,9.118211979512125
cuda,HIT,end_to_end,Full-S1,True,0,102,9.083073993679136
cuda,HIT,end_to_end,Full-S1,True,0,103,9.077180991880596
cuda,HIT,end_to_end,Full-S1,True,0,104,9.127888013608754
cuda,HIT,end_to_end,Full-S1,True,0,105,9.105117991566658
cuda,HIT,end_to_end,Full-S1,True,0,106,9.064454992767423
cuda,HIT,end_to_end,Full-S1,True,0,107,9.062312019523233
cuda,HIT,end_to_end,Full-S1,True,0,108,9.08203300787136
cuda,HIT,end_to_end,Full-S1,True,0,109,9.092480991967022
cuda,HIT,end_to_end,Full-S1,True,0,110,9.084541990887374
cuda,HIT,end_to_end,Full-S1,True,0,111,9.098682960029691
cuda,HIT,end_to_end,Full-S1,True,0,112,9.095321991480887
cuda,HIT,end_to_end,Full-S1,True,0,113,9.075836045667529
cuda,HIT,end_to_end,Full-S1,True,0,114,9.091326035559177
cuda,HIT,end_to_end,Full-S1,True,0,115,9.098391979932785
cuda,HIT,end_to_end,Full-S1,True,0,116,9.116584958974272
cuda,HIT,end_to_end,Full-S1,True,0,117,9.074871020857245
cuda,HIT,end_to_end,Full-S1,True,0,118,9.050912980455905
cuda,HIT,end_to_end,Full-S1,True,0,119,9.052707988303155
cuda,HIT,end_to_end,Full-S1,True,0,120,9.059674048330635
cuda,HIT,end_to_end,Full-S1,True,0,121,9.067556005902588
cuda,HIT,end_to_end,Full-S1,True,0,122,9.071141015738249
cuda,HIT,end_to_end,Full-S1,True,0,123,9.113037958741188
cuda,HIT,end_to_end,Full-S1,True,0,124,9.14533098693937
cuda,HIT,end_to_end,Full-S1,True,0,125,9.110521990805864
cuda,HIT,end_to_end,Full-S1,True,0,126,9.09651000984013
cuda,HIT,end_to_end,Full-S1,True,0,127,9.094512031879276
cuda,HIT,end_to_end,Full-S1,True,0,128,9.0910280123353
cuda,HIT,end_to_end,Full-S1,True,0,129,9.100886003579944
cuda,HIT,end_to_end,Full-S1,True,0,130,9.121606999542564
cuda,HIT,end_to_end,Full-S1,True,0,131,9.097838017623872
cuda,HIT,end_to_end,Full-S1,True,0,132,9.129298967309296
cuda,HIT,end_to_end,Full-S1,True,0,133,9.111125953495502
cuda,HIT,end_to_end,Full-S1,True,0,134,9.11042996449396
cuda,HIT,end_to_end,Full-S1,True,0,135,9.088666993193328
cuda,HIT,end_to_end,Full-S1,True,0,136,9.07482800539583
cuda,HIT,end_to_end,Full-S1,True,0,137,9.093812957871705
cuda,HIT,end_to_end,Full-S1,True,0,138,9.109712031204253
cuda,HIT,end_to_end,Full-S1,True,0,139,9.081163036171347
cuda,HIT,end_to_end,Full-S1,True,0,140,9.079042007215321
cuda,HIT,end_to_end,Full-S1,True,0,141,9.100986004341394
cuda,HIT,end_to_end,Full-S1,True,0,142,9.080991032533348
cuda,HIT,end_to_end,Full-S1,True,0,143,9.07844101311639
cuda,HIT,end_to_end,Full-S1,True,0,144,9.059470030479133
cuda,HIT,end_to_end,Full-S1,True,0,145,9.063514007721096
cuda,HIT,end_to_end,Full-S1,True,0,146,9.082939999643713
cuda,HIT,end_to_end,Full-S1,True,0,147,9.144568000920117
cuda,HIT,end_to_end,Full-S1,True,0,148,9.096759022213519
cuda,HIT,end_to_end,Full-S1,True,0,149,9.097422997001559
cuda,HIT,end_to_end,Full-S1,True,0,150,9.138986002653837
cuda,HIT,end_to_end,Full-S1,True,0,151,9.108635014854372
cuda,HIT,end_to_end,Full-S1,True,0,152,9.061806020326912
cuda,HIT,end_to_end,Full-S1,True,0,153,9.126551973167807
cuda,HIT,end_to_end,Full-S1,True,0,154,9.097755013499409
cuda,HIT,end_to_end,Full-S1,True,0,155,9.176430001389235
cuda,HIT,end_to_end,Full-S1,True,0,156,9.128122997935861
cuda,HIT,end_to_end,Full-S1,True,0,157,9.104445984121412
cuda,HIT,end_to_end,Full-S1,True,0,158,9.10173199372366
cuda,HIT,end_to_end,Full-S1,True,0,159,9.1231309925206
cuda,HIT,end_to_end,Full-S1,True,0,160,9.085310040973127
cuda,HIT,end_to_end,Full-S1,True,0,161,9.087524027563632
cuda,HIT,end_to_end,Full-S1,True,0,162,9.12478199461475
cuda,HIT,end_to_end,Full-S1,True,0,163,9.100314986426383
cuda,HIT,end_to_end,Full-S1,True,0,164,9.111911000218242
cuda,HIT,end_to_end,Full-S1,True,0,165,9.083076030947268
cuda,HIT,end_to_end,Full-S1,True,0,166,9.1173310065642
cuda,HIT,end_to_end,Full-S1,True,0,167,9.149902034550905
cuda,HIT,end_to_end,Full-S1,True,0,168,9.071890031918883
cuda,HIT,end_to_end,Full-S1,True,0,169,9.100157010834664
cuda,HIT,end_to_end,Full-S1,True,0,170,9.096664027310908
cuda,HIT,end_to_end,Full-S1,True,0,171,9.10843804012984
cuda,HIT,end_to_end,Full-S1,True,0,172,9.067606006283313
cuda,HIT,end_to_end,Full-S1,True,0,173,9.113688953220844
cuda,HIT,end_to_end,Full-S1,True,0,174,9.096684982068837
cuda,HIT,end_to_end,Full-S1,True,0,175,9.106502984650433
cuda,HIT,end_to_end,Full-S1,True,0,176,9.08188201719895
cuda,HIT,end_to_end,Full-S1,True,0,177,9.10424703033641
cuda,HIT,end_to_end,Full-S1,True,0,178,9.080959018319845
cuda,HIT,end_to_end,Full-S1,True,0,179,9.088021994102746
cuda,HIT,end_to_end,Full-S1,True,0,180,9.083099954295903
cuda,HIT,end_to_end,Full-S1,True,0,181,9.110296028666198
cuda,HIT,end_to_end,Full-S1,True,0,182,9.07593296142295
cuda,HIT,end_to_end,Full-S1,True,0,183,9.12668596720323
cuda,HIT,end_to_end,Full-S1,True,0,184,9.12039796821773
cuda,HIT,end_to_end,Full-S1,True,0,185,9.115930006373674
cuda,HIT,end_to_end,Full-S1,True,0,186,9.107371035497636
cuda,HIT,end_to_end,Full-S1,True,0,187,9.0773010160774
cuda,HIT,end_to_end,Full-S1,True,0,188,9.08116897335276
cuda,HIT,end_to_end,Full-S1,True,0,189,9.12608695216477
cuda,HIT,end_to_end,Full-S1,True,0,190,9.142132999841124
cuda,HIT,end_to_end,Full-S1,True,0,191,9.08125500427559
cuda,HIT,end_to_end,Full-S1,True,0,192,9.092802996747196
cuda,HIT,end_to_end,Full-S1,True,0,193,9.09288105322048
cuda,HIT,end_to_end,Full-S1,True,0,194,9.079281997401267
cuda,HIT,end_to_end,Full-S1,True,0,195,9.075359965208918
cuda,HIT,end_to_end,Full-S1,True,0,196,9.086670994292945
cuda,HIT,end_to_end,Full-S1,True,0,197,9.101461037062109
cuda,HIT,end_to_end,Full-S1,True,0,198,9.117339039221406
cuda,HIT,end_to_end,Full-S1,True,0,199,9.112101048231125
cuda,HIT,end_to_end,Full-S1,True,0,200,9.0903079835698
cuda,HIT,end_to_end,Full-S1,True,0,201,9.091436979360878
cuda,HIT,end_to_end,Full-S1,True,0,202,9.094165987335145
cuda,HIT,end_to_end,Full-S1,True,0,203,9.120145987253636
cuda,HIT,end_to_end,Full-S1,True,0,204,9.108046011533588
cuda,HIT,end_to_end,Full-S1,True,0,205,9.135229978710413
cuda,HIT,end_to_end,Full-S1,True,0,206,9.081979980692267
cuda,HIT,end_to_end,Full-S1,True,0,207,9.071424952708185
cuda,HIT,end_to_end,Full-S1,True,0,208,9.12320101633668
cuda,HIT,end_to_end,Full-S1,True,0,209,9.079360985197127
cuda,HIT,end_to_end,Full-S1,True,0,210,9.113741980399936
cuda,HIT,end_to_end,Full-S1,True,0,211,9.091472020372748
cuda,HIT,end_to_end,Full-S1,True,0,212,9.074739995412529
cuda,HIT,end_to_end,Full-S1,True,0,213,9.08701802836731
cuda,HIT,end_to_end,Full-S1,True,0,214,9.091119049116969
cuda,HIT,end_to_end,Full-S1,True,0,215,9.100198978558183
cuda,HIT,end_to_end,Full-S1,True,0,216,9.087821992579848
cuda,HIT,end_to_end,Full-S1,True,0,217,9.058238007128239
cuda,HIT,end_to_end,Full-S1,True,0,218,9.081761993002146
cuda,HIT,end_to_end,Full-S1,True,0,219,9.114526968915015
cuda,HIT,end_to_end,Full-S1,True,0,220,9.156736021395773
cuda,HIT,end_to_end,Full-S1,True,0,221,9.106719982810318
cuda,HIT,end_to_end,Full-S1,True,0,222,9.116057015489787
cuda,HIT,end_to_end,Full-S1,True,0,223,9.137330984231085
cuda,HIT,end_to_end,Full-S1,True,0,224,9.107696008868515
cuda,HIT,end_to_end,Full-S1,True,0,225,9.11117997020483
cuda,HIT,end_to_end,Full-S1,True,0,226,9.120028000324965
cuda,HIT,end_to_end,Full-S1,True,0,227,9.111377003137022
cuda,HIT,end_to_end,Full-S1,True,0,228,9.122453979216516
cuda,HIT,end_to_end,Full-S1,True,0,229,9.073790977708995
cuda,HIT,end_to_end,Full-S1,True,0,230,9.08346299547702
cuda,HIT,end_to_end,Full-S1,True,0,231,9.161569003481418
cuda,HIT,end_to_end,Full-S1,True,0,232,9.088879043702036
cuda,HIT,end_to_end,Full-S1,True,0,233,9.071542997844517
cuda,HIT,end_to_end,Full-S1,True,0,234,9.084345016162843
cuda,HIT,end_to_end,Full-S1,True,0,235,9.110631013754755
cuda,HIT,end_to_end,Full-S1,True,0,236,9.096755005884916
cuda,HIT,end_to_end,Full-S1,True,0,237,9.081264026463032
cuda,HIT,end_to_end,Full-S1,True,0,238,9.10704699344933
cuda,HIT,end_to_end,Full-S1,True,0,239,9.095700981561095
cuda,HIT,end_to_end,Full-S1,True,0,240,9.136058040894568
cuda,HIT,end_to_end,Full-S1,True,0,241,9.091023996006697
cuda,HIT,end_to_end,Full-S1,True,0,242,9.069502004422247
cuda,HIT,end_to_end,Full-S1,True,0,243,9.084905963391066
cuda,HIT,end_to_end,Full-S1,True,0,244,9.133026003837585
cuda,HIT,end_to_end,Full-S1,True,0,245,9.094804001506418
cuda,HIT,end_to_end,Full-S1,True,0,246,9.07133799046278
cuda,HIT,end_to_end,Full-S1,True,0,247,9.120011003687978
cuda,HIT,end_to_end,Full-S1,True,0,248,9.09953797236085
cuda,HIT,end_to_end,Full-S1,True,0,249,9.104000986553729
cuda,HIT,end_to_end,K1,True,0,0,5.4206690401770175
cuda,HIT,end_to_end,K1,True,0,1,5.390339007135481
cuda,HIT,end_to_end,K1,True,0,2,5.371280945837498
cuda,HIT,end_to_end,K1,True,0,3,5.369065038394183
cuda,HIT,end_to_end,K1,True,0,4,5.390917009208351
cuda,HIT,end_to_end,K1,True,0,5,5.386045959312469
cuda,HIT,end_to_end,K1,True,0,6,5.357999005354941
cuda,HIT,end_to_end,K1,True,0,7,5.379848997108638
cuda,HIT,end_to_end,K1,True,0,8,5.393257946707308
cuda,HIT,end_to_end,K1,True,0,9,5.387102952226996
cuda,HIT,end_to_end,K1,True,0,10,5.409954988863319
cuda,HIT,end_to_end,K1,True,0,11,5.374099011532962
cuda,HIT,end_to_end,K1,True,0,12,5.352239997591823
cuda,HIT,end_to_end,K1,True,0,13,5.344485980458558
cuda,HIT,end_to_end,K1,True,0,14,5.356774025131017
cuda,HIT,end_to_end,K1,True,0,15,5.350099003408104
cuda,HIT,end_to_end,K1,True,0,16,5.406069976743311
cuda,HIT,end_to_end,K1,True,0,17,5.4139299900271
cuda,HIT,end_to_end,K1,True,0,18,5.371115054003894
cuda,HIT,end_to_end,K1,True,0,19,5.419332999736071
cuda,HIT,end_to_end,K1,True,0,20,5.376073997467756
cuda,HIT,end_to_end,K1,True,0,21,5.38881600368768
cuda,HIT,end_to_end,K1,True,0,22,5.37266896571964
cuda,HIT,end_to_end,K1,True,0,23,5.373964027967304
cuda,HIT,end_to_end,K1,True,0,24,5.392663006205112
cuda,HIT,end_to_end,K1,True,0,25,5.352788022719324
cuda,HIT,end_to_end,K1,True,0,26,5.357520014513284
cuda,HIT,end_to_end,K1,True,0,27,5.385515978559852
cuda,HIT,end_to_end,K1,True,0,28,5.352763982955366
cuda,HIT,end_to_end,K1,True,0,29,5.352876032702625
cuda,HIT,end_to_end,K1,True,0,30,5.352237029001117
cuda,HIT,end_to_end,K1,True,0,31,5.365132994484156
cuda,HIT,end_to_end,K1,True,0,32,5.39393094368279
cuda,HIT,end_to_end,K1,True,0,33,5.392907012719661
cuda,HIT,end_to_end,K1,True,0,34,5.3741459851153195
cuda,HIT,end_to_end,K1,True,0,35,5.364305980037898
cuda,HIT,end_to_end,K1,True,0,36,5.379099049605429
cuda,HIT,end_to_end,K1,True,0,37,5.356290959753096
cuda,HIT,end_to_end,K1,True,0,38,5.370674014557153
cuda,HIT,end_to_end,K1,True,0,39,5.349571991246194
cuda,HIT,end_to_end,K1,True,0,40,5.352050997316837
cuda,HIT,end_to_end,K1,True,0,41,5.352156993467361
cuda,HIT,end_to_end,K1,True,0,42,5.3479899652302265
cuda,HIT,end_to_end,K1,True,0,43,5.376709974370897
cuda,HIT,end_to_end,K1,True,0,44,5.358138005249202
cuda,HIT,end_to_end,K1,True,0,45,5.396781023591757
cuda,HIT,end_to_end,K1,True,0,46,5.392641993239522
cuda,HIT,end_to_end,K1,True,0,47,5.3649580222554505
cuda,HIT,end_to_end,K1,True,0,48,5.383951007388532
cuda,HIT,end_to_end,K1,True,0,49,5.381200986448675
cuda,HIT,end_to_end,K1,True,0,50,5.370966042391956
cuda,HIT,end_to_end,K1,True,0,51,5.3557290229946375
cuda,HIT,end_to_end,K1,True,0,52,5.380433984100819
cuda,HIT,end_to_end,K1,True,0,53,5.4017939837649465
cuda,HIT,end_to_end,K1,True,0,54,5.395157961174846
cuda,HIT,end_to_end,K1,True,0,55,5.387952958699316
cuda,HIT,end_to_end,K1,True,0,56,5.370622035115957
cuda,HIT,end_to_end,K1,True,0,57,5.396877008024603
cuda,HIT,end_to_end,K1,True,0,58,5.382174043916166
cuda,HIT,end_to_end,K1,True,0,59,5.3746349876746535
cuda,HIT,end_to_end,K1,True,0,60,5.381651979405433
cuda,HIT,end_to_end,K1,True,0,61,5.382013041526079
cuda,HIT,end_to_end,K1,True,0,62,5.364538985304534
cuda,HIT,end_to_end,K1,True,0,63,5.365566001273692
cuda,HIT,end_to_end,K1,True,0,64,5.3634290234185755
cuda,HIT,end_to_end,K1,True,0,65,5.350162973627448
cuda,HIT,end_to_end,K1,True,0,66,5.338426970411092
cuda,HIT,end_to_end,K1,True,0,67,5.391281971242279
cuda,HIT,end_to_end,K1,True,0,68,5.36272901808843
cuda,HIT,end_to_end,K1,True,0,69,5.370645958464593
cuda,HIT,end_to_end,K1,True,0,70,5.358239985071123
cuda,HIT,end_to_end,K1,True,0,71,5.404340976383537
cuda,HIT,end_to_end,K1,True,0,72,5.392841994762421
cuda,HIT,end_to_end,K1,True,0,73,5.401887989137322
cuda,HIT,end_to_end,K1,True,0,74,5.368353973608464
cuda,HIT,end_to_end,K1,True,0,75,5.347916041500866
cuda,HIT,end_to_end,K1,True,0,76,5.370163999032229
cuda,HIT,end_to_end,K1,True,0,77,5.387886019889265
cuda,HIT,end_to_end,K1,True,0,78,5.417895969003439
cuda,HIT,end_to_end,K1,True,0,79,5.362080002669245
cuda,HIT,end_to_end,K1,True,0,80,5.401584028732032
cuda,HIT,end_to_end,K1,True,0,81,5.361684015952051
cuda,HIT,end_to_end,K1,True,0,82,5.383010022342205
cuda,HIT,end_to_end,K1,True,0,83,5.39851700887084
cuda,HIT,end_to_end,K1,True,0,84,5.397979984991252
cuda,HIT,end_to_end,K1,True,0,85,5.38686802610755
cuda,HIT,end_to_end,K1,True,0,86,5.367657984606922
cuda,HIT,end_to_end,K1,True,0,87,5.3813609993085265
cuda,HIT,end_to_end,K1,True,0,88,5.374433996621519
cuda,HIT,end_to_end,K1,True,0,89,5.384809977840632
cuda,HIT,end_to_end,K1,True,0,90,5.397997971158475
cuda,HIT,end_to_end,K1,True,0,91,5.394107021857053
cuda,HIT,end_to_end,K1,True,0,92,5.360639013815671
cuda,HIT,end_to_end,K1,True,0,93,5.343627010006458
cuda,HIT,end_to_end,K1,True,0,94,5.3604349959641695
cuda,HIT,end_to_end,K1,True,0,95,5.372317973524332
cuda,HIT,end_to_end,K1,True,0,96,5.450322001706809
cuda,HIT,end_to_end,K1,True,0,97,5.40872901910916
cuda,HIT,end_to_end,K1,True,0,98,5.372900981456041
cuda,HIT,end_to_end,K1,True,0,99,5.362721043638885
cuda,HIT,end_to_end,K1,True,0,100,5.3626729641109705
cuda,HIT,end_to_end,K1,True,0,101,5.388319026678801
cuda,HIT,end_to_end,K1,True,0,102,5.381146038416773
cuda,HIT,end_to_end,K1,True,0,103,5.374294007197022
cuda,HIT,end_to_end,K1,True,0,104,5.372735962737352
cuda,HIT,end_to_end,K1,True,0,105,5.366238998249173
cuda,HIT,end_to_end,K1,True,0,106,5.372115003410727
cuda,HIT,end_to_end,K1,True,0,107,5.3770290105603635
cuda,HIT,end_to_end,K1,True,0,108,5.3691419889219105
cuda,HIT,end_to_end,K1,True,0,109,5.3535570041276515
cuda,HIT,end_to_end,K1,True,0,110,5.389741039834917
cuda,HIT,end_to_end,K1,True,0,111,5.367550009395927
cuda,HIT,end_to_end,K1,True,0,112,5.385609052609652
cuda,HIT,end_to_end,K1,True,0,113,5.371438979636878
cuda,HIT,end_to_end,K1,True,0,114,5.380487011279911
cuda,HIT,end_to_end,K1,True,0,115,5.388972000218928
cuda,HIT,end_to_end,K1,True,0,116,5.368350015487522
cuda,HIT,end_to_end,K1,True,0,117,5.3949179709888995
cuda,HIT,end_to_end,K1,True,0,118,5.363496020436287
cuda,HIT,end_to_end,K1,True,0,119,5.367362988181412
cuda,HIT,end_to_end,K1,True,0,120,5.382909963373095
cuda,HIT,end_to_end,K1,True,0,121,5.359853035770357
cuda,HIT,end_to_end,K1,True,0,122,5.3614150383509696
cuda,HIT,end_to_end,K1,True,0,123,5.367307981941849
cuda,HIT,end_to_end,K1,True,0,124,5.362780997529626
cuda,HIT,end_to_end,K1,True,0,125,5.347706028260291
cuda,HIT,end_to_end,K1,True,0,126,5.373830965254456
cuda,HIT,end_to_end,K1,True,0,127,5.387401033658534
cuda,HIT,end_to_end,K1,True,0,128,5.3967980202287436
cuda,HIT,end_to_end,K1,True,0,129,5.352851003408432
cuda,HIT,end_to_end,K1,True,0,130,5.3642449784092605
cuda,HIT,end_to_end,K1,True,0,131,5.37054002052173
cuda,HIT,end_to_end,K1,True,0,132,5.350552033632994
cuda,HIT,end_to_end,K1,True,0,133,5.338470044080168
cuda,HIT,end_to_end,K1,True,0,134,5.3776270360685885
cuda,HIT,end_to_end,K1,True,0,135,5.345568992197514
cuda,HIT,end_to_end,K1,True,0,136,5.350263963919133
cuda,HIT,end_to_end,K1,True,0,137,5.3588669979944825
cuda,HIT,end_to_end,K1,True,0,138,5.365724035073072
cuda,HIT,end_to_end,K1,True,0,139,5.35281200427562
cuda,HIT,end_to_end,K1,True,0,140,5.3544240072369576
cuda,HIT,end_to_end,K1,True,0,141,5.372757033910602
cuda,HIT,end_to_end,K1,True,0,142,5.403771006967872
cuda,HIT,end_to_end,K1,True,0,143,5.375445995014161
cuda,HIT,end_to_end,K1,True,0,144,5.378497007768601
cuda,HIT,end_to_end,K1,True,0,145,5.3977599600329995
cuda,HIT,end_to_end,K1,True,0,146,5.3982449462637305
cuda,HIT,end_to_end,K1,True,0,147,5.356723966542631
cuda,HIT,end_to_end,K1,True,0,148,5.378081987146288
cuda,HIT,end_to_end,K1,True,0,149,5.360221955925226
cuda,HIT,end_to_end,K1,True,0,150,5.382897041272372
cuda,HIT,end_to_end,K1,True,0,151,5.376428016461432
cuda,HIT,end_to_end,K1,True,0,152,5.37507701665163
cuda,HIT,end_to_end,K1,True,0,153,5.3797459695488214
cuda,HIT,end_to_end,K1,True,0,154,5.370736995246261
cuda,HIT,end_to_end,K1,True,0,155,5.378503992687911
cuda,HIT,end_to_end,K1,True,0,156,5.3992189932614565
cuda,HIT,end_to_end,K1,True,0,157,5.355852015782148
cuda,HIT,end_to_end,K1,True,0,158,5.400653986725956
cuda,HIT,end_to_end,K1,True,0,159,5.374959961045533
cuda,HIT,end_to_end,K1,True,0,160,5.385028023738414
cuda,HIT,end_to_end,K1,True,0,161,5.400580994319171
cuda,HIT,end_to_end,K1,True,0,162,5.337388953194022
cuda,HIT,end_to_end,K1,True,0,163,5.345833022147417
cuda,HIT,end_to_end,K1,True,0,164,5.369545018766075
cuda,HIT,end_to_end,K1,True,0,165,5.3566989954560995
cuda,HIT,end_to_end,K1,True,0,166,5.3605150314979255
cuda,HIT,end_to_end,K1,True,0,167,5.386825010646135
cuda,HIT,end_to_end,K1,True,0,168,5.4087089956738055
cuda,HIT,end_to_end,K1,True,0,169,5.4082670249044895
cuda,HIT,end_to_end,K1,True,0,170,5.356319015845656
cuda,HIT,end_to_end,K1,True,0,171,5.3504970273934305
cuda,HIT,end_to_end,K1,True,0,172,5.355958011932671
cuda,HIT,end_to_end,K1,True,0,173,5.352077016141266
cuda,HIT,end_to_end,K1,True,0,174,5.351147032342851
cuda,HIT,end_to_end,K1,True,0,175,5.364131007809192
cuda,HIT,end_to_end,K1,True,0,176,5.360128998290747
cuda,HIT,end_to_end,K1,True,0,177,5.3955899784341455
cuda,HIT,end_to_end,K1,True,0,178,5.382716946769506
cuda,HIT,end_to_end,K1,True,0,179,5.366568977478892
cuda,HIT,end_to_end,K1,True,0,180,5.384411022532731
cuda,HIT,end_to_end,K1,True,0,181,5.366359022445977
cuda,HIT,end_to_end,K1,True,0,182,5.3843840141780674
cuda,HIT,end_to_end,K1,True,0,183,5.339228955563158
cuda,HIT,end_to_end,K1,True,0,184,5.353179003577679
cuda,HIT,end_to_end,K1,True,0,185,5.400648980867118
cuda,HIT,end_to_end,K1,True,0,186,5.403669027145952
cuda,HIT,end_to_end,K1,True,0,187,5.392715043853968
cuda,HIT,end_to_end,K1,True,0,188,5.3978340001776814
cuda,HIT,end_to_end,K1,True,0,189,5.368003039620817
cuda,HIT,end_to_end,K1,True,0,190,5.376951943617314
cuda,HIT,end_to_end,K1,True,0,191,5.377880996093154
cuda,HIT,end_to_end,K1,True,0,192,5.381972994655371
cuda,HIT,end_to_end,K1,True,0,193,5.375039996579289
cuda,HIT,end_to_end,K1,True,0,194,5.359192960895598
cuda,HIT,end_to_end,K1,True,0,195,5.373068968765438
cuda,HIT,end_to_end,K1,True,0,196,5.367692967411131
cuda,HIT,end_to_end,K1,True,0,197,5.36881695734337
cuda,HIT,end_to_end,K1,True,0,198,5.401075002737343
cuda,HIT,end_to_end,K1,True,0,199,5.358503025490791
cuda,HIT,end_to_end,K1,True,0,200,5.350653955247253
cuda,HIT,end_to_end,K1,True,0,201,5.4119250271469355
cuda,HIT,end_to_end,K1,True,0,202,5.403460003435612
cuda,HIT,end_to_end,K1,True,0,203,5.406758980825543
cuda,HIT,end_to_end,K1,True,0,204,5.397109023761004
cuda,HIT,end_to_end,K1,True,0,205,5.38537697866559
cuda,HIT,end_to_end,K1,True,0,206,5.3835680009797215
cuda,HIT,end_to_end,K1,True,0,207,5.386598000768572
cuda,HIT,end_to_end,K1,True,0,208,5.354763998184353
cuda,HIT,end_to_end,K1,True,0,209,5.387767974752933
cuda,HIT,end_to_end,K1,True,0,210,5.353240994736552
cuda,HIT,end_to_end,K1,True,0,211,5.356276000384241
cuda,HIT,end_to_end,K1,True,0,212,5.36019797436893
cuda,HIT,end_to_end,K1,True,0,213,5.365471995901316
cuda,HIT,end_to_end,K1,True,0,214,5.4022789699956775
cuda,HIT,end_to_end,K1,True,0,215,5.410339974332601
cuda,HIT,end_to_end,K1,True,0,216,5.391231970861554
cuda,HIT,end_to_end,K1,True,0,217,5.362438969314098
cuda,HIT,end_to_end,K1,True,0,218,5.354645953048021
cuda,HIT,end_to_end,K1,True,0,219,5.357920017559081
cuda,HIT,end_to_end,K1,True,0,220,5.425698996987194
cuda,HIT,end_to_end,K1,True,0,221,5.386239965446293
cuda,HIT,end_to_end,K1,True,0,222,5.368828016798943
cuda,HIT,end_to_end,K1,True,0,223,5.3825200302526355
cuda,HIT,end_to_end,K1,True,0,224,5.39338297676295
cuda,HIT,end_to_end,K1,True,0,225,5.392081046011299
cuda,HIT,end_to_end,K1,True,0,226,5.3952200105413795
cuda,HIT,end_to_end,K1,True,0,227,5.370144033804536
cuda,HIT,end_to_end,K1,True,0,228,5.358869966585189
cuda,HIT,end_to_end,K1,True,0,229,5.360884009860456
cuda,HIT,end_to_end,K1,True,0,230,5.353841988835484
cuda,HIT,end_to_end,K1,True,0,231,5.382528994232416
cuda,HIT,end_to_end,K1,True,0,232,5.371502018533647
cuda,HIT,end_to_end,K1,True,0,233,5.347018945030868
cuda,HIT,end_to_end,K1,True,0,234,5.332266038749367
cuda,HIT,end_to_end,K1,True,0,235,5.361462011933327
cuda,HIT,end_to_end,K1,True,0,236,5.364056036341935
cuda,HIT,end_to_end,K1,True,0,237,5.396912049036473
cuda,HIT,end_to_end,K1,True,0,238,5.400350026320666
cuda,HIT,end_to_end,K1,True,0,239,5.364634969737381
cuda,HIT,end_to_end,K1,True,0,240,5.370104045141488
cuda,HIT,end_to_end,K1,True,0,241,5.384426040109247
cuda,HIT,end_to_end,K1,True,0,242,5.363365984521806
cuda,HIT,end_to_end,K1,True,0,243,5.3610350005328655
cuda,HIT,end_to_end,K1,True,0,244,5.3970529697835445
cuda,HIT,end_to_end,K1,True,0,245,5.379645968787372
cuda,HIT,end_to_end,K1,True,0,246,5.36927703069523
cuda,HIT,end_to_end,K1,True,0,247,5.349261045921594
cuda,HIT,end_to_end,K1,True,0,248,5.36459602881223
cuda,HIT,end_to_end,K1,True,0,249,5.363963020499796
cuda,HIT,end_to_end,K1,True,1,0,5.394082050770521
cuda,HIT,end_to_end,K1,True,1,1,5.3792629623785615
cuda,HIT,end_to_end,K1,True,1,2,5.354681983590126
cuda,HIT,end_to_end,K1,True,1,3,5.377412016969174
cuda,HIT,end_to_end,K1,True,1,4,5.3655190276913345
cuda,HIT,end_to_end,K1,True,1,5,5.376298970077187
cuda,HIT,end_to_end,K1,True,1,6,5.358320951927453
cuda,HIT,end_to_end,K1,True,1,7,5.3608039743267
cuda,HIT,end_to_end,K1,True,1,8,5.379889043979347
cuda,HIT,end_to_end,K1,True,1,9,5.396441963966936
cuda,HIT,end_to_end,K1,True,1,10,5.3834940190427005
cuda,HIT,end_to_end,K1,True,1,11,5.362256022635847
cuda,HIT,end_to_end,K1,True,1,12,5.367007979657501
cuda,HIT,end_to_end,K1,True,1,13,5.375242966692895
cuda,HIT,end_to_end,K1,True,1,14,5.380041024181992
cuda,HIT,end_to_end,K1,True,1,15,5.39444899186492
cuda,HIT,end_to_end,K1,True,1,16,5.3820870234631
cuda,HIT,end_to_end,K1,True,1,17,5.389612982980907
cuda,HIT,end_to_end,K1,True,1,18,5.384541989769787
cuda,HIT,end_to_end,K1,True,1,19,5.382809031289071
cuda,HIT,end_to_end,K1,True,1,20,5.359232018236071
cuda,HIT,end_to_end,K1,True,1,21,5.3924149833619595
cuda,HIT,end_to_end,K1,True,1,22,5.384385003708303
cuda,HIT,end_to_end,K1,True,1,23,5.39556605508551
cuda,HIT,end_to_end,K1,True,1,24,5.3988860454410315
cuda,HIT,end_to_end,K1,True,1,25,5.401800968684256
cuda,HIT,end_to_end,K1,True,1,26,5.358441965654492
cuda,HIT,end_to_end,K1,True,1,27,5.406672018580139
cuda,HIT,end_to_end,K1,True,1,28,5.408471974078566
cuda,HIT,end_to_end,K1,True,1,29,5.372087005525827
cuda,HIT,end_to_end,K1,True,1,30,5.376354034524411
cuda,HIT,end_to_end,K1,True,1,31,5.371031002141535
cuda,HIT,end_to_end,K1,True,1,32,5.449445976410061
cuda,HIT,end_to_end,K1,True,1,33,5.404673982411623
cuda,HIT,end_to_end,K1,True,1,34,5.356810986995697
cuda,HIT,end_to_end,K1,True,1,35,5.353090004064143
cuda,HIT,end_to_end,K1,True,1,36,5.371281004045159
cuda,HIT,end_to_end,K1,True,1,37,5.3856909507885575
cuda,HIT,end_to_end,K1,True,1,38,5.366013967432082
cuda,HIT,end_to_end,K1,True,1,39,5.385820986703038
cuda,HIT,end_to_end,K1,True,1,40,5.361138028092682
cuda,HIT,end_to_end,K1,True,1,41,5.355352011974901
cuda,HIT,end_to_end,K1,True,1,42,5.347579019144177
cuda,HIT,end_to_end,K1,True,1,43,5.360805953387171
cuda,HIT,end_to_end,K1,True,1,44,5.355049041099846
cuda,HIT,end_to_end,K1,True,1,45,5.363063013646752
cuda,HIT,end_to_end,K1,True,1,46,5.385408003348857
cuda,HIT,end_to_end,K1,True,1,47,5.414762010332197
cuda,HIT,end_to_end,K1,True,1,48,5.384598975069821
cuda,HIT,end_to_end,K1,True,1,49,5.377965047955513
cuda,HIT,end_to_end,K1,True,1,50,5.3608769667334855
cuda,HIT,end_to_end,K1,True,1,51,5.362613999750465
cuda,HIT,end_to_end,K1,True,1,52,5.3515449981205165
cuda,HIT,end_to_end,K1,True,1,53,5.353684944566339
cuda,HIT,end_to_end,K1,True,1,54,5.386194970924407
cuda,HIT,end_to_end,K1,True,1,55,5.35894901258871
cuda,HIT,end_to_end,K1,True,1,56,5.374519038014114
cuda,HIT,end_to_end,K1,True,1,57,5.396261985879391
cuda,HIT,end_to_end,K1,True,1,58,5.374489992391318
cuda,HIT,end_to_end,K1,True,1,59,5.391323997173458
cuda,HIT,end_to_end,K1,True,1,60,5.380458023864776
cuda,HIT,end_to_end,K1,True,1,61,5.3686199826188385
cuda,HIT,end_to_end,K1,True,1,62,5.35413296893239
cuda,HIT,end_to_end,K1,True,1,63,5.384566029533744
cuda,HIT,end_to_end,K1,True,1,64,5.409412959124893
cuda,HIT,end_to_end,K1,True,1,65,5.406624986790121
cuda,HIT,end_to_end,K1,True,1,66,5.3437339956872165
cuda,HIT,end_to_end,K1,True,1,67,5.395229964051396
cuda,HIT,end_to_end,K1,True,1,68,5.381901981309056
cuda,HIT,end_to_end,K1,True,1,69,5.34437398891896
cuda,HIT,end_to_end,K1,True,1,70,5.355092987883836
cuda,HIT,end_to_end,K1,True,1,71,5.350714025553316
cuda,HIT,end_to_end,K1,True,1,72,5.3490030113607645
cuda,HIT,end_to_end,K1,True,1,73,5.351108964532614
cuda,HIT,end_to_end,K1,True,1,74,5.347025988157839
cuda,HIT,end_to_end,K1,True,1,75,5.385413998737931
cuda,HIT,end_to_end,K1,True,1,76,5.360035982448608
cuda,HIT,end_to_end,K1,True,1,77,5.387429962866008
cuda,HIT,end_to_end,K1,True,1,78,5.381674040108919
cuda,HIT,end_to_end,K1,True,1,79,5.365945980884135
cuda,HIT,end_to_end,K1,True,1,80,5.3674569935537875
cuda,HIT,end_to_end,K1,True,1,81,5.378979025408626
cuda,HIT,end_to_end,K1,True,1,82,5.3827749798074365
cuda,HIT,end_to_end,K1,True,1,83,5.399950023274869
cuda,HIT,end_to_end,K1,True,1,84,5.375506007112563
cuda,HIT,end_to_end,K1,True,1,85,5.356345965992659
cuda,HIT,end_to_end,K1,True,1,86,5.3879800252616405
cuda,HIT,end_to_end,K1,True,1,87,5.400727968662977
cuda,HIT,end_to_end,K1,True,1,88,5.361710034776479
cuda,HIT,end_to_end,K1,True,1,89,5.361796997021884
cuda,HIT,end_to_end,K1,True,1,90,5.406267999205738
cuda,HIT,end_to_end,K1,True,1,91,5.389620957430452
cuda,HIT,end_to_end,K1,True,1,92,5.366042954847217
cuda,HIT,end_to_end,K1,True,1,93,5.372067040298134
cuda,HIT,end_to_end,K1,True,1,94,5.385890952311456
cuda,HIT,end_to_end,K1,True,1,95,5.368679005187005
cuda,HIT,end_to_end,K1,True,1,96,5.395561980549246
cuda,HIT,end_to_end,K1,True,1,97,5.386440956499428
cuda,HIT,end_to_end,K1,True,1,98,5.38402603706345
cuda,HIT,end_to_end,K1,True,1,99,5.3383479826152325
cuda,HIT,end_to_end,K1,True,1,100,5.354531051125377
cuda,HIT,end_to_end,K1,True,1,101,5.367256002500653
cuda,HIT,end_to_end,K1,True,1,102,5.397417990025133
cuda,HIT,end_to_end,K1,True,1,103,5.375868990086019
cuda,HIT,end_to_end,K1,True,1,104,5.403251037932932
cuda,HIT,end_to_end,K1,True,1,105,5.412665021140128
cuda,HIT,end_to_end,K1,True,1,106,5.372154992073774
cuda,HIT,end_to_end,K1,True,1,107,5.370625993236899
cuda,HIT,end_to_end,K1,True,1,108,5.3634969517588615
cuda,HIT,end_to_end,K1,True,1,109,5.336040980182588
cuda,HIT,end_to_end,K1,True,1,110,5.361044022720307
cuda,HIT,end_to_end,K1,True,1,111,5.372479965444654
cuda,HIT,end_to_end,K1,True,1,112,5.351536034140736
cuda,HIT,end_to_end,K1,True,1,113,5.373034975491464
cuda,HIT,end_to_end,K1,True,1,114,5.415668012574315
cuda,HIT,end_to_end,K1,True,1,115,5.3746739868074656
cuda,HIT,end_to_end,K1,True,1,116,5.375969980377704
cuda,HIT,end_to_end,K1,True,1,117,5.362698982935399
cuda,HIT,end_to_end,K1,True,1,118,5.3799020242877305
cuda,HIT,end_to_end,K1,True,1,119,5.362553987652063
cuda,HIT,end_to_end,K1,True,1,120,5.350911000277847
cuda,HIT,end_to_end,K1,True,1,121,5.3765070042572916
cuda,HIT,end_to_end,K1,True,1,122,5.394293984863907
cuda,HIT,end_to_end,K1,True,1,123,5.406873999163508
cuda,HIT,end_to_end,K1,True,1,124,5.3728919592686
cuda,HIT,end_to_end,K1,True,1,125,5.348703998606652
cuda,HIT,end_to_end,K1,True,1,126,5.402824026532471
cuda,HIT,end_to_end,K1,True,1,127,5.378432979341596
cuda,HIT,end_to_end,K1,True,1,128,5.377379013225436
cuda,HIT,end_to_end,K1,True,1,129,5.379542009904981
cuda,HIT,end_to_end,K1,True,1,130,5.368562997318804
cuda,HIT,end_to_end,K1,True,1,131,5.367392033804208
cuda,HIT,end_to_end,K1,True,1,132,5.353621963877231
cuda,HIT,end_to_end,K1,True,1,133,5.362630006857216
cuda,HIT,end_to_end,K1,True,1,134,5.369986000005156
cuda,HIT,end_to_end,K1,True,1,135,5.375224980525672
cuda,HIT,end_to_end,K1,True,1,136,5.347021040506661
cuda,HIT,end_to_end,K1,True,1,137,5.361350951716304
cuda,HIT,end_to_end,K1,True,1,138,5.389553029090166
cuda,HIT,end_to_end,K1,True,1,139,5.391177022829652
cuda,HIT,end_to_end,K1,True,1,140,5.408086988609284
cuda,HIT,end_to_end,K1,True,1,141,5.371183040551841
cuda,HIT,end_to_end,K1,True,1,142,5.416418018285185
cuda,HIT,end_to_end,K1,True,1,143,5.3884529625065625
cuda,HIT,end_to_end,K1,True,1,144,5.380437010899186
cuda,HIT,end_to_end,K1,True,1,145,5.377391004003584
cuda,HIT,end_to_end,K1,True,1,146,5.430039018392563
cuda,HIT,end_to_end,K1,True,1,147,5.398904031608254
cuda,HIT,end_to_end,K1,True,1,148,5.370059981942177
cuda,HIT,end_to_end,K1,True,1,149,5.382091971114278
cuda,HIT,end_to_end,K1,True,1,150,5.411016987636685
cuda,HIT,end_to_end,K1,True,1,151,5.382899020332843
cuda,HIT,end_to_end,K1,True,1,152,5.371907027438283
cuda,HIT,end_to_end,K1,True,1,153,5.375780980102718
cuda,HIT,end_to_end,K1,True,1,154,5.367595003917813
cuda,HIT,end_to_end,K1,True,1,155,5.363301024772227
cuda,HIT,end_to_end,K1,True,1,156,5.359812988899648
cuda,HIT,end_to_end,K1,True,1,157,5.388053017668426
cuda,HIT,end_to_end,K1,True,1,158,5.392280989326537
cuda,HIT,end_to_end,K1,True,1,159,5.375506007112563
cuda,HIT,end_to_end,K1,True,1,160,5.40278700646013
cuda,HIT,end_to_end,K1,True,1,161,5.373724969103932
cuda,HIT,end_to_end,K1,True,1,162,5.375479988288134
cuda,HIT,end_to_end,K1,True,1,163,5.407247052062303
cuda,HIT,end_to_end,K1,True,1,164,5.375306005589664
cuda,HIT,end_to_end,K1,True,1,165,5.424709990620613
cuda,HIT,end_to_end,K1,True,1,166,5.380321003030986
cuda,HIT,end_to_end,K1,True,1,167,5.372031999286264
cuda,HIT,end_to_end,K1,True,1,168,5.373951978981495
cuda,HIT,end_to_end,K1,True,1,169,5.373636027798057
cuda,HIT,end_to_end,K1,True,1,170,5.4063169518485665
cuda,HIT,end_to_end,K1,True,1,171,5.38306898670271
cuda,HIT,end_to_end,K1,True,1,172,5.390617996454239
cuda,HIT,end_to_end,K1,True,1,173,5.379245034419
cuda,HIT,end_to_end,K1,True,1,174,5.38303900975734
cuda,HIT,end_to_end,K1,True,1,175,5.364305048715323
cuda,HIT,end_to_end,K1,True,1,176,5.404178984463215
cuda,HIT,end_to_end,K1,True,1,177,5.41638198774308
cuda,HIT,end_to_end,K1,True,1,178,5.398711015004665
cuda,HIT,end_to_end,K1,True,1,179,5.410801037214696
cuda,HIT,end_to_end,K1,True,1,180,5.400044959969819
cuda,HIT,end_to_end,K1,True,1,181,5.39591204142198
cuda,HIT,end_to_end,K1,True,1,182,5.377343972213566
cuda,HIT,end_to_end,K1,True,1,183,5.414076033048332
cuda,HIT,end_to_end,K1,True,1,184,5.392820981796831
cuda,HIT,end_to_end,K1,True,1,185,5.38718601455912
cuda,HIT,end_to_end,K1,True,1,186,5.386070988606662
cuda,HIT,end_to_end,K1,True,1,187,5.3710300126113
cuda,HIT,end_to_end,K1,True,1,188,5.362269992474467
cuda,HIT,end_to_end,K1,True,1,189,5.359278991818428
cuda,HIT,end_to_end,K1,True,1,190,5.408649973105639
cuda,HIT,end_to_end,K1,True,1,191,5.377855966798961
cuda,HIT,end_to_end,K1,True,1,192,5.374620028305799
cuda,HIT,end_to_end,K1,True,1,193,5.375751003157347
cuda,HIT,end_to_end,K1,True,1,194,5.412845988757908
cuda,HIT,end_to_end,K1,True,1,195,5.358851049095392
cuda,HIT,end_to_end,K1,True,1,196,5.375072010792792
cuda,HIT,end_to_end,K1,True,1,197,5.393438972532749
cuda,HIT,end_to_end,K1,True,1,198,5.411487945821136
cuda,HIT,end_to_end,K1,True,1,199,5.384627962484956
cuda,HIT,end_to_end,K1,True,1,200,5.356946028769016
cuda,HIT,end_to_end,K1,True,1,201,5.372463027015328
cuda,HIT,end_to_end,K1,True,1,202,5.389569967519492
cuda,HIT,end_to_end,K1,True,1,203,5.406923999544233
cuda,HIT,end_to_end,K1,True,1,204,5.421240988653153
cuda,HIT,end_to_end,K1,True,1,205,5.367469973862171
cuda,HIT,end_to_end,K1,True,1,206,5.368168989662081
cuda,HIT,end_to_end,K1,True,1,207,5.350527004338801
cuda,HIT,end_to_end,K1,True,1,208,5.362874013371766
cuda,HIT,end_to_end,K1,True,1,209,5.392641993239522
cuda,HIT,end_to_end,K1,True,1,210,5.397964967414737
cuda,HIT,end_to_end,K1,True,1,211,5.354411026928574
cuda,HIT,end_to_end,K1,True,1,212,5.374920030590147
cuda,HIT,end_to_end,K1,True,1,213,5.388503021094948
cuda,HIT,end_to_end,K1,True,1,214,5.39655500324443
cuda,HIT,end_to_end,K1,True,1,215,5.3584190318360925
cuda,HIT,end_to_end,K1,True,1,216,5.4151060176081955
cuda,HIT,end_to_end,K1,True,1,217,5.400576977990568
cuda,HIT,end_to_end,K1,True,1,218,5.373451975174248
cuda,HIT,end_to_end,K1,True,1,219,5.385153985116631
cuda,HIT,end_to_end,K1,True,1,220,5.377652996685356
cuda,HIT,end_to_end,K1,True,1,221,5.3668690379709005
cuda,HIT,end_to_end,K1,True,1,222,5.387498997151852
cuda,HIT,end_to_end,K1,True,1,223,5.373970023356378
cuda,HIT,end_to_end,K1,True,1,224,5.420211004093289
cuda,HIT,end_to_end,K1,True,1,225,5.405609030276537
cuda,HIT,end_to_end,K1,True,1,226,5.3725430043414235
cuda,HIT,end_to_end,K1,True,1,227,5.371842999011278
cuda,HIT,end_to_end,K1,True,1,228,5.368190002627671
cuda,HIT,end_to_end,K1,True,1,229,5.363845033571124
cuda,HIT,end_to_end,K1,True,1,230,5.367129982914776
cuda,HIT,end_to_end,K1,True,1,231,5.40561496745795
cuda,HIT,end_to_end,K1,True,1,232,5.418569024186581
cuda,HIT,end_to_end,K1,True,1,233,5.380955000873655
cuda,HIT,end_to_end,K1,True,1,234,5.377957015298307
cuda,HIT,end_to_end,K1,True,1,235,5.432627978734672
cuda,HIT,end_to_end,K1,True,1,236,5.408221040852368
cuda,HIT,end_to_end,K1,True,1,237,5.390551988966763
cuda,HIT,end_to_end,K1,True,1,238,5.363620002754033
cuda,HIT,end_to_end,K1,True,1,239,5.372346029616892
cuda,HIT,end_to_end,K1,True,1,240,5.394490028265864
cuda,HIT,end_to_end,K1,True,1,241,5.403538001701236
cuda,HIT,end_to_end,K1,True,1,242,5.392808001488447
cuda,HIT,end_to_end,K1,True,1,243,5.420539004262537
cuda,HIT,end_to_end,K1,True,1,244,5.423974012956023
cuda,HIT,end_to_end,K1,True,1,245,5.395873042289168
cuda,HIT,end_to_end,K1,True,1,246,5.371811043005437
cuda,HIT,end_to_end,K1,True,1,247,5.446026974823326
cuda,HIT,end_to_end,K1,True,1,248,5.389481957536191
cuda,HIT,end_to_end,K1,True,1,249,5.374913976993412
cuda,HIT,end_to_end,Full-S1,True,1,0,9.155314008239657
cuda,HIT,end_to_end,Full-S1,True,1,1,9.129208978265524
cuda,HIT,end_to_end,Full-S1,True,1,2,9.05209401389584
cuda,HIT,end_to_end,Full-S1,True,1,3,9.088371996767819
cuda,HIT,end_to_end,Full-S1,True,1,4,9.071036009117961
cuda,HIT,end_to_end,Full-S1,True,1,5,9.111977007705718
cuda,HIT,end_to_end,Full-S1,True,1,6,9.106853976845741
cuda,HIT,end_to_end,Full-S1,True,1,7,9.062130004167557
cuda,HIT,end_to_end,Full-S1,True,1,8,9.038734948262572
cuda,HIT,end_to_end,Full-S1,True,1,9,9.06129996292293
cuda,HIT,end_to_end,Full-S1,True,1,10,9.060810029041022
cuda,HIT,end_to_end,Full-S1,True,1,11,9.126727003604174
cuda,HIT,end_to_end,Full-S1,True,1,12,9.091624000575393
cuda,HIT,end_to_end,Full-S1,True,1,13,9.093911969102919
cuda,HIT,end_to_end,Full-S1,True,1,14,9.113389998674393
cuda,HIT,end_to_end,Full-S1,True,1,15,9.07326495507732
cuda,HIT,end_to_end,Full-S1,True,1,16,9.096866007894278
cuda,HIT,end_to_end,Full-S1,True,1,17,9.083996992558241
cuda,HIT,end_to_end,Full-S1,True,1,18,9.115209977608174
cuda,HIT,end_to_end,Full-S1,True,1,19,9.066149999853224
cuda,HIT,end_to_end,Full-S1,True,1,20,9.082299016881734
cuda,HIT,end_to_end,Full-S1,True,1,21,9.092986001633108
cuda,HIT,end_to_end,Full-S1,True,1,22,9.066018043085933
cuda,HIT,end_to_end,Full-S1,True,1,23,9.06302803196013
cuda,HIT,end_to_end,Full-S1,True,1,24,9.085324010811746
cuda,HIT,end_to_end,Full-S1,True,1,25,9.092508989851922
cuda,HIT,end_to_end,Full-S1,True,1,26,9.059895994141698
cuda,HIT,end_to_end,Full-S1,True,1,27,9.08431300194934
cuda,HIT,end_to_end,Full-S1,True,1,28,9.076853981241584
cuda,HIT,end_to_end,Full-S1,True,1,29,9.111403953284025
cuda,HIT,end_to_end,Full-S1,True,1,30,9.116122964769602
cuda,HIT,end_to_end,Full-S1,True,1,31,9.076304966583848
cuda,HIT,end_to_end,Full-S1,True,1,32,9.076298971194774
cuda,HIT,end_to_end,Full-S1,True,1,33,9.086679958272725
cuda,HIT,end_to_end,Full-S1,True,1,34,9.061011020094156
cuda,HIT,end_to_end,Full-S1,True,1,35,9.085664991289377
cuda,HIT,end_to_end,Full-S1,True,1,36,9.100811032112688
cuda,HIT,end_to_end,Full-S1,True,1,37,9.109267964959145
cuda,HIT,end_to_end,Full-S1,True,1,38,9.084884019102901
cuda,HIT,end_to_end,Full-S1,True,1,39,9.056620008777827
cuda,HIT,end_to_end,Full-S1,True,1,40,9.089122992008924
cuda,HIT,end_to_end,Full-S1,True,1,41,9.144856012426317
cuda,HIT,end_to_end,Full-S1,True,1,42,9.092662017792463
cuda,HIT,end_to_end,Full-S1,True,1,43,9.069246996659786
cuda,HIT,end_to_end,Full-S1,True,1,44,9.119355003349483
cuda,HIT,end_to_end,Full-S1,True,1,45,9.157071996014565
cuda,HIT,end_to_end,Full-S1,True,1,46,9.106682962737978
cuda,HIT,end_to_end,Full-S1,True,1,47,9.1456399532035
cuda,HIT,end_to_end,Full-S1,True,1,48,9.071859007235616
cuda,HIT,end_to_end,Full-S1,True,1,49,9.080014016944915
cuda,HIT,end_to_end,Full-S1,True,1,50,9.084752993658185
cuda,HIT,end_to_end,Full-S1,True,1,51,9.121418988797814
cuda,HIT,end_to_end,Full-S1,True,1,52,9.123358002398163
cuda,HIT,end_to_end,Full-S1,True,1,53,9.093013009987772
cuda,HIT,end_to_end,Full-S1,True,1,54,9.108775004278868
cuda,HIT,end_to_end,Full-S1,True,1,55,9.107220044825226
cuda,HIT,end_to_end,Full-S1,True,1,56,9.085181052796543
cuda,HIT,end_to_end,Full-S1,True,1,57,9.072018030565232
cuda,HIT,end_to_end,Full-S1,True,1,58,9.064498997759074
cuda,HIT,end_to_end,Full-S1,True,1,59,9.095297020394355
cuda,HIT,end_to_end,Full-S1,True,1,60,9.109869017265737
cuda,HIT,end_to_end,Full-S1,True,1,61,9.106702986173332
cuda,HIT,end_to_end,Full-S1,True,1,62,9.082135977223516
cuda,HIT,end_to_end,Full-S1,True,1,63,9.087905986234546
cuda,HIT,end_to_end,Full-S1,True,1,64,9.118977002799511
cuda,HIT,end_to_end,Full-S1,True,1,65,9.118023968767375
cuda,HIT,end_to_end,Full-S1,True,1,66,9.100222960114479
cuda,HIT,end_to_end,Full-S1,True,1,67,9.097624977584928
cuda,HIT,end_to_end,Full-S1,True,1,68,9.092039021197706
cuda,HIT,end_to_end,Full-S1,True,1,69,9.113479987718165
cuda,HIT,end_to_end,Full-S1,True,1,70,9.12131101358682
cuda,HIT,end_to_end,Full-S1,True,1,71,9.117428970057517
cuda,HIT,end_to_end,Full-S1,True,1,72,9.071615000721067
cuda,HIT,end_to_end,Full-S1,True,1,73,9.12019400857389
cuda,HIT,end_to_end,Full-S1,True,1,74,9.119324968196452
cuda,HIT,end_to_end,Full-S1,True,1,75,9.09169897204265
cuda,HIT,end_to_end,Full-S1,True,1,76,9.100090013816953
cuda,HIT,end_to_end,Full-S1,True,1,77,9.100249968469143
cuda,HIT,end_to_end,Full-S1,True,1,78,9.09503799630329
cuda,HIT,end_to_end,Full-S1,True,1,79,9.091699030250311
cuda,HIT,end_to_end,Full-S1,True,1,80,9.09575098194182
cuda,HIT,end_to_end,Full-S1,True,1,81,9.080340969376266
cuda,HIT,end_to_end,Full-S1,True,1,82,9.059189003892243
cuda,HIT,end_to_end,Full-S1,True,1,83,9.106676967348903
cuda,HIT,end_to_end,Full-S1,True,1,84,9.073824970982969
cuda,HIT,end_to_end,Full-S1,True,1,85,9.129229001700878
cuda,HIT,end_to_end,Full-S1,True,1,86,9.138492052443326
cuda,HIT,end_to_end,Full-S1,True,1,87,9.075510955881327
cuda,HIT,end_to_end,Full-S1,True,1,88,9.105000994168222
cuda,HIT,end_to_end,Full-S1,True,1,89,9.099822025746107
cuda,HIT,end_to_end,Full-S1,True,1,90,9.112899017054588
cuda,HIT,end_to_end,Full-S1,True,1,91,9.102641022764146
cuda,HIT,end_to_end,Full-S1,True,1,92,9.105947974603623
cuda,HIT,end_to_end,Full-S1,True,1,93,9.138806024566293
cuda,HIT,end_to_end,Full-S1,True,1,94,9.105946985073388
cuda,HIT,end_to_end,Full-S1,True,1,95,9.109574020840228
cuda,HIT,end_to_end,Full-S1,True,1,96,9.104899014346302
cuda,HIT,end_to_end,Full-S1,True,1,97,9.076268004719168
cuda,HIT,end_to_end,Full-S1,True,1,98,9.116086002904922
cuda,HIT,end_to_end,Full-S1,True,1,99,9.075706999283284
cuda,HIT,end_to_end,Full-S1,True,1,100,9.100668015889823
cuda,HIT,end_to_end,Full-S1,True,1,101,9.130891994573176
cuda,HIT,end_to_end,Full-S1,True,1,102,9.091394022107124
cuda,HIT,end_to_end,Full-S1,True,1,103,9.102007024921477
cuda,HIT,end_to_end,Full-S1,True,1,104,9.106071956921369
cuda,HIT,end_to_end,Full-S1,True,1,105,9.093058994039893
cuda,HIT,end_to_end,Full-S1,True,1,106,9.065607038792223
cuda,HIT,end_to_end,Full-S1,True,1,107,9.077695023734123
cuda,HIT,end_to_end,Full-S1,True,1,108,9.078742994461209
cuda,HIT,end_to_end,Full-S1,True,1,109,9.080926014576107
cuda,HIT,end_to_end,Full-S1,True,1,110,9.131588973104954
cuda,HIT,end_to_end,Full-S1,True,1,111,9.120722999796271
cuda,HIT,end_to_end,Full-S1,True,1,112,9.093640954233706
cuda,HIT,end_to_end,Full-S1,True,1,113,9.083358978386968
cuda,HIT,end_to_end,Full-S1,True,1,114,9.070275002159178
cuda,HIT,end_to_end,Full-S1,True,1,115,9.103174961637706
cuda,HIT,end_to_end,Full-S1,True,1,116,9.08563198754564
cuda,HIT,end_to_end,Full-S1,True,1,117,9.087582002393901
cuda,HIT,end_to_end,Full-S1,True,1,118,9.089416998904198
cuda,HIT,end_to_end,Full-S1,True,1,119,9.134436026215553
cuda,HIT,end_to_end,Full-S1,True,1,120,9.108328958973289
cuda,HIT,end_to_end,Full-S1,True,1,121,9.088915947359055
cuda,HIT,end_to_end,Full-S1,True,1,122,9.048401028849185
cuda,HIT,end_to_end,Full-S1,True,1,123,9.110433980822563
cuda,HIT,end_to_end,Full-S1,True,1,124,9.087019017897546
cuda,HIT,end_to_end,Full-S1,True,1,125,9.103951044380665
cuda,HIT,end_to_end,Full-S1,True,1,126,9.115442051552236
cuda,HIT,end_to_end,Full-S1,True,1,127,9.076150017790496
cuda,HIT,end_to_end,Full-S1,True,1,128,9.07759094843641
cuda,HIT,end_to_end,Full-S1,True,1,129,9.087817976251245
cuda,HIT,end_to_end,Full-S1,True,1,130,9.114394953940064
cuda,HIT,end_to_end,Full-S1,True,1,131,9.099852002691478
cuda,HIT,end_to_end,Full-S1,True,1,132,9.09794500330463
cuda,HIT,end_to_end,Full-S1,True,1,133,9.101809991989285
cuda,HIT,end_to_end,Full-S1,True,1,134,9.061928023584187
cuda,HIT,end_to_end,Full-S1,True,1,135,9.094209992326796
cuda,HIT,end_to_end,Full-S1,True,1,136,9.11935605108738
cuda,HIT,end_to_end,Full-S1,True,1,137,9.078949049580842
cuda,HIT,end_to_end,Full-S1,True,1,138,9.10483201732859
cuda,HIT,end_to_end,Full-S1,True,1,139,9.124923031777143
cuda,HIT,end_to_end,Full-S1,True,1,140,9.117051027715206
cuda,HIT,end_to_end,Full-S1,True,1,141,9.065370017196983
cuda,HIT,end_to_end,Full-S1,True,1,142,9.095788991544396
cuda,HIT,end_to_end,Full-S1,True,1,143,9.075580979697406
cuda,HIT,end_to_end,Full-S1,True,1,144,9.116588975302875
cuda,HIT,end_to_end,Full-S1,True,1,145,9.072930959518999
cuda,HIT,end_to_end,Full-S1,True,1,146,9.091419051401317
cuda,HIT,end_to_end,Full-S1,True,1,147,9.104379976633936
cuda,HIT,end_to_end,Full-S1,True,1,148,9.093400032725185
cuda,HIT,end_to_end,Full-S1,True,1,149,9.10645304247737
cuda,HIT,end_to_end,Full-S1,True,1,150,9.088887018151581
cuda,HIT,end_to_end,Full-S1,True,1,151,9.083675977308303
cuda,HIT,end_to_end,Full-S1,True,1,152,9.105851990170777
cuda,HIT,end_to_end,Full-S1,True,1,153,9.079574956558645
cuda,HIT,end_to_end,Full-S1,True,1,154,9.15768597042188
cuda,HIT,end_to_end,Full-S1,True,1,155,9.144799958448857
cuda,HIT,end_to_end,Full-S1,True,1,156,9.127404016908258
cuda,HIT,end_to_end,Full-S1,True,1,157,9.114717016927898
cuda,HIT,end_to_end,Full-S1,True,1,158,9.12667001830414
cuda,HIT,end_to_end,Full-S1,True,1,159,9.097139991354197
cuda,HIT,end_to_end,Full-S1,True,1,160,9.094746957998723
cuda,HIT,end_to_end,Full-S1,True,1,161,9.104641037993133
cuda,HIT,end_to_end,Full-S1,True,1,162,9.09835402853787
cuda,HIT,end_to_end,Full-S1,True,1,163,9.095922985579818
cuda,HIT,end_to_end,Full-S1,True,1,164,9.072745975572616
cuda,HIT,end_to_end,Full-S1,True,1,165,9.130273014307022
cuda,HIT,end_to_end,Full-S1,True,1,166,9.104533994104713
cuda,HIT,end_to_end,Full-S1,True,1,167,9.094866050872952
cuda,HIT,end_to_end,Full-S1,True,1,168,9.103570017032325
cuda,HIT,end_to_end,Full-S1,True,1,169,9.12370695732534
cuda,HIT,end_to_end,Full-S1,True,1,170,9.112991974689066
cuda,HIT,end_to_end,Full-S1,True,1,171,9.059262985829264
cuda,HIT,end_to_end,Full-S1,True,1,172,9.081931959372014
cuda,HIT,end_to_end,Full-S1,True,1,173,9.057642018888146
cuda,HIT,end_to_end,Full-S1,True,1,174,9.080949006602168
cuda,HIT,end_to_end,Full-S1,True,1,175,9.059469972271472
cuda,HIT,end_to_end,Full-S1,True,1,176,9.078254050109535
cuda,HIT,end_to_end,Full-S1,True,1,177,9.109631006140262
cuda,HIT,end_to_end,Full-S1,True,1,178,9.076309041120112
cuda,HIT,end_to_end,Full-S1,True,1,179,9.070788975805044
cuda,HIT,end_to_end,Full-S1,True,1,180,9.101660980377346
cuda,HIT,end_to_end,Full-S1,True,1,181,9.075298032257706
cuda,HIT,end_to_end,Full-S1,True,1,182,9.089856990613043
cuda,HIT,end_to_end,Full-S1,True,1,183,9.116038039792329
cuda,HIT,end_to_end,Full-S1,True,1,184,9.087372978683561
cuda,HIT,end_to_end,Full-S1,True,1,185,9.082901000510901
cuda,HIT,end_to_end,Full-S1,True,1,186,9.093466040212661
cuda,HIT,end_to_end,Full-S1,True,1,187,9.088404010981321
cuda,HIT,end_to_end,Full-S1,True,1,188,9.104718978051096
cuda,HIT,end_to_end,Full-S1,True,1,189,9.085259982384741
cuda,HIT,end_to_end,Full-S1,True,1,190,9.071442997083068
cuda,HIT,end_to_end,Full-S1,True,1,191,9.109314007218927
cuda,HIT,end_to_end,Full-S1,True,1,192,9.091364976484329
cuda,HIT,end_to_end,Full-S1,True,1,193,9.072068962268531
cuda,HIT,end_to_end,Full-S1,True,1,194,9.07203002134338
cuda,HIT,end_to_end,Full-S1,True,1,195,9.093073953408748
cuda,HIT,end_to_end,Full-S1,True,1,196,9.087288985028863
cuda,HIT,end_to_end,Full-S1,True,1,197,9.111022052820772
cuda,HIT,end_to_end,Full-S1,True,1,198,9.091957996133715
cuda,HIT,end_to_end,Full-S1,True,1,199,9.091990999877453
cuda,HIT,end_to_end,Full-S1,True,1,200,9.05769201926887
cuda,HIT,end_to_end,Full-S1,True,1,201,9.144791052676737
cuda,HIT,end_to_end,Full-S1,True,1,202,9.119549999013543
cuda,HIT,end_to_end,Full-S1,True,1,203,9.106429992243648
cuda,HIT,end_to_end,Full-S1,True,1,204,9.072669025044888
cuda,HIT,end_to_end,Full-S1,True,1,205,9.078862029127777
cuda,HIT,end_to_end,Full-S1,True,1,206,9.094956971239299
cuda,HIT,end_to_end,Full-S1,True,1,207,9.088423976209015
cuda,HIT,end_to_end,Full-S1,True,1,208,9.067022008821368
cuda,HIT,end_to_end,Full-S1,True,1,209,9.103188989683986
cuda,HIT,end_to_end,Full-S1,True,1,210,9.07552900025621
cuda,HIT,end_to_end,Full-S1,True,1,211,9.08233504742384
cuda,HIT,end_to_end,Full-S1,True,1,212,9.072401036974043
cuda,HIT,end_to_end,Full-S1,True,1,213,9.09466901794076
cuda,HIT,end_to_end,Full-S1,True,1,214,9.076981048565358
cuda,HIT,end_to_end,Full-S1,True,1,215,9.070835018064827
cuda,HIT,end_to_end,Full-S1,True,1,216,9.088766004424542
cuda,HIT,end_to_end,Full-S1,True,1,217,9.113590000197291
cuda,HIT,end_to_end,Full-S1,True,1,218,9.094608016312122
cuda,HIT,end_to_end,Full-S1,True,1,219,9.107760968618095
cuda,HIT,end_to_end,Full-S1,True,1,220,9.108959988225251
cuda,HIT,end_to_end,Full-S1,True,1,221,9.08680004067719
cuda,HIT,end_to_end,Full-S1,True,1,222,9.107351012062281
cuda,HIT,end_to_end,Full-S1,True,1,223,9.141104994341731
cuda,HIT,end_to_end,Full-S1,True,1,224,9.094123030081391
cuda,HIT,end_to_end,Full-S1,True,1,225,9.07705700956285
cuda,HIT,end_to_end,Full-S1,True,1,226,9.117278968915343
cuda,HIT,end_to_end,Full-S1,True,1,227,9.09460597904399
cuda,HIT,end_to_end,Full-S1,True,1,228,9.058666008058935
cuda,HIT,end_to_end,Full-S1,True,1,229,9.097357979044318
cuda,HIT,end_to_end,Full-S1,True,1,230,9.122301999013871
cuda,HIT,end_to_end,Full-S1,True,1,231,9.11690603243187
cuda,HIT,end_to_end,Full-S1,True,1,232,9.061123011633754
cuda,HIT,end_to_end,Full-S1,True,1,233,9.135929984040558
cuda,HIT,end_to_end,Full-S1,True,1,234,9.07006801571697
cuda,HIT,end_to_end,Full-S1,True,1,235,9.064053010661155
cuda,HIT,end_to_end,Full-S1,True,1,236,9.071450971532613
cuda,HIT,end_to_end,Full-S1,True,1,237,9.08171501941979
cuda,HIT,end_to_end,Full-S1,True,1,238,9.102216979954392
cuda,HIT,end_to_end,Full-S1,True,1,239,9.070147993043065
cuda,HIT,end_to_end,Full-S1,True,1,240,9.098434005863965
cuda,HIT,end_to_end,Full-S1,True,1,241,9.067700011655688
cuda,HIT,end_to_end,Full-S1,True,1,242,9.068120969459414
cuda,HIT,end_to_end,Full-S1,True,1,243,9.089599014259875
cuda,HIT,end_to_end,Full-S1,True,1,244,9.08092298777774
cuda,HIT,end_to_end,Full-S1,True,1,245,9.088985971175134
cuda,HIT,end_to_end,Full-S1,True,1,246,9.11984802223742
cuda,HIT,end_to_end,Full-S1,True,1,247,9.07538301544264
cuda,HIT,end_to_end,Full-S1,True,1,248,9.068290004506707
cuda,HIT,end_to_end,Full-S1,True,1,249,9.083707991521806
cuda,HIT,end_to_end,Full-S1,True,2,0,9.117952024098486
cuda,HIT,end_to_end,Full-S1,True,2,1,9.113262000028044
cuda,HIT,end_to_end,Full-S1,True,2,2,9.105961013119668
cuda,HIT,end_to_end,Full-S1,True,2,3,9.099352988414466
cuda,HIT,end_to_end,Full-S1,True,2,4,9.074188012164086
cuda,HIT,end_to_end,Full-S1,True,2,5,9.089473984204233
cuda,HIT,end_to_end,Full-S1,True,2,6,9.072231012396514
cuda,HIT,end_to_end,Full-S1,True,2,7,9.105767006985843
cuda,HIT,end_to_end,Full-S1,True,2,8,9.140271984506398
cuda,HIT,end_to_end,Full-S1,True,2,9,9.123458003159612
cuda,HIT,end_to_end,Full-S1,True,2,10,9.072310000192374
cuda,HIT,end_to_end,Full-S1,True,2,11,9.131883038207889
cuda,HIT,end_to_end,Full-S1,True,2,12,9.093435015529394
cuda,HIT,end_to_end,Full-S1,True,2,13,9.07446100609377
cuda,HIT,end_to_end,Full-S1,True,2,14,9.128042962402105
cuda,HIT,end_to_end,Full-S1,True,2,15,9.101648989599198
cuda,HIT,end_to_end,Full-S1,True,2,16,9.128279983997345
cuda,HIT,end_to_end,Full-S1,True,2,17,9.078469942323864
cuda,HIT,end_to_end,Full-S1,True,2,18,9.085425990633667
cuda,HIT,end_to_end,Full-S1,True,2,19,9.104230033699423
cuda,HIT,end_to_end,Full-S1,True,2,20,9.12071397760883
cuda,HIT,end_to_end,Full-S1,True,2,21,9.06070799101144
cuda,HIT,end_to_end,Full-S1,True,2,22,9.12323803640902
cuda,HIT,end_to_end,Full-S1,True,2,23,9.110815008170903
cuda,HIT,end_to_end,Full-S1,True,2,24,9.083781973458827
cuda,HIT,end_to_end,Full-S1,True,2,25,9.095032990444452
cuda,HIT,end_to_end,Full-S1,True,2,26,9.085940953809768
cuda,HIT,end_to_end,Full-S1,True,2,27,9.103069955017418
cuda,HIT,end_to_end,Full-S1,True,2,28,9.11397603340447
cuda,HIT,end_to_end,Full-S1,True,2,29,9.053490008227527
cuda,HIT,end_to_end,Full-S1,True,2,30,9.073759021703154
cuda,HIT,end_to_end,Full-S1,True,2,31,9.060062002390623
cuda,HIT,end_to_end,Full-S1,True,2,32,9.129723999649286
cuda,HIT,end_to_end,Full-S1,True,2,33,9.105573000852019
cuda,HIT,end_to_end,Full-S1,True,2,34,9.05177800450474
cuda,HIT,end_to_end,Full-S1,True,2,35,9.088556980714202
cuda,HIT,end_to_end,Full-S1,True,2,36,9.1330970171839
cuda,HIT,end_to_end,Full-S1,True,2,37,9.106787969358265
cuda,HIT,end_to_end,Full-S1,True,2,38,9.081414027605206
cuda,HIT,end_to_end,Full-S1,True,2,39,9.045793965924531
cuda,HIT,end_to_end,Full-S1,True,2,40,9.070742002222687
cuda,HIT,end_to_end,Full-S1,True,2,41,9.10557497991249
cuda,HIT,end_to_end,Full-S1,True,2,42,9.099197981413454
cuda,HIT,end_to_end,Full-S1,True,2,43,9.097925969399512
cuda,HIT,end_to_end,Full-S1,True,2,44,9.115913999266922
cuda,HIT,end_to_end,Full-S1,True,2,45,9.10970801487565
cuda,HIT,end_to_end,Full-S1,True,2,46,9.088948019780219
cuda,HIT,end_to_end,Full-S1,True,2,47,9.059381962288171
cuda,HIT,end_to_end,Full-S1,True,2,48,9.070226980838925
cuda,HIT,end_to_end,Full-S1,True,2,49,9.066082013305277
cuda,HIT,end_to_end,Full-S1,True,2,50,9.115547989495099
cuda,HIT,end_to_end,Full-S1,True,2,51,9.098740003537387
cuda,HIT,end_to_end,Full-S1,True,2,52,9.089759027119726
cuda,HIT,end_to_end,Full-S1,True,2,53,9.081619966309518
cuda,HIT,end_to_end,Full-S1,True,2,54,9.10353398649022
cuda,HIT,end_to_end,Full-S1,True,2,55,9.07577999169007
cuda,HIT,end_to_end,Full-S1,True,2,56,9.110437997151166
cuda,HIT,end_to_end,Full-S1,True,2,57,9.07319801626727
cuda,HIT,end_to_end,Full-S1,True,2,58,9.084361954592168
cuda,HIT,end_to_end,Full-S1,True,2,59,9.120649949181825
cuda,HIT,end_to_end,Full-S1,True,2,60,9.169998986180872
cuda,HIT,end_to_end,Full-S1,True,2,61,9.151901002041996
cuda,HIT,end_to_end,Full-S1,True,2,62,9.078414994291961
cuda,HIT,end_to_end,Full-S1,True,2,63,9.12624498596415
cuda,HIT,end_to_end,Full-S1,True,2,64,9.112350991927087
cuda,HIT,end_to_end,Full-S1,True,2,65,9.081711992621422
cuda,HIT,end_to_end,Full-S1,True,2,66,9.089313971344382
cuda,HIT,end_to_end,Full-S1,True,2,67,9.091885993257165
cuda,HIT,end_to_end,Full-S1,True,2,68,9.077412018086761
cuda,HIT,end_to_end,Full-S1,True,2,69,9.085630008485168
cuda,HIT,end_to_end,Full-S1,True,2,70,9.100046998355538
cuda,HIT,end_to_end,Full-S1,True,2,71,9.098404028918594
cuda,HIT,end_to_end,Full-S1,True,2,72,9.07535501755774
cuda,HIT,end_to_end,Full-S1,True,2,73,9.051328001078218
cuda,HIT,end_to_end,Full-S1,True,2,74,9.080618969164789
cuda,HIT,end_to_end,Full-S1,True,2,75,9.084555960725993
cuda,HIT,end_to_end,Full-S1,True,2,76,9.10090800607577
cuda,HIT,end_to_end,Full-S1,True,2,77,9.102958021685481
cuda,HIT,end_to_end,Full-S1,True,2,78,9.083566023036838
cuda,HIT,end_to_end,Full-S1,True,2,79,9.1059859842062
cuda,HIT,end_to_end,Full-S1,True,2,80,9.107974008657038
cuda,HIT,end_to_end,Full-S1,True,2,81,9.12366498960182
cuda,HIT,end_to_end,Full-S1,True,2,82,9.092741005588323
cuda,HIT,end_to_end,Full-S1,True,2,83,9.120653034187853
cuda,HIT,end_to_end,Full-S1,True,2,84,9.099662012886256
cuda,HIT,end_to_end,Full-S1,True,2,85,9.112822997849435
cuda,HIT,end_to_end,Full-S1,True,2,86,9.096412977669388
cuda,HIT,end_to_end,Full-S1,True,2,87,9.094977984204888
cuda,HIT,end_to_end,Full-S1,True,2,88,9.11071797600016
cuda,HIT,end_to_end,Full-S1,True,2,89,9.074026020243764
cuda,HIT,end_to_end,Full-S1,True,2,90,9.072827990166843
cuda,HIT,end_to_end,Full-S1,True,2,91,9.052503970451653
cuda,HIT,end_to_end,Full-S1,True,2,92,9.056161972694099
cuda,HIT,end_to_end,Full-S1,True,2,93,9.081238007638603
cuda,HIT,end_to_end,Full-S1,True,2,94,9.100794966798276
cuda,HIT,end_to_end,Full-S1,True,2,95,9.093151020351797
cuda,HIT,end_to_end,Full-S1,True,2,96,9.124204982072115
cuda,HIT,end_to_end,Full-S1,True,2,97,9.118515998125076
cuda,HIT,end_to_end,Full-S1,True,2,98,9.101757023017853
cuda,HIT,end_to_end,Full-S1,True,2,99,9.087691956665367
cuda,HIT,end_to_end,Full-S1,True,2,100,9.085565048735589
cuda,HIT,end_to_end,Full-S1,True,2,101,9.102333046030253
cuda,HIT,end_to_end,Full-S1,True,2,102,9.078157017938793
cuda,HIT,end_to_end,Full-S1,True,2,103,9.086739970371127
cuda,HIT,end_to_end,Full-S1,True,2,104,9.081618976779282
cuda,HIT,end_to_end,Full-S1,True,2,105,9.095240966416895
cuda,HIT,end_to_end,Full-S1,True,2,106,9.101476985961199
cuda,HIT,end_to_end,Full-S1,True,2,107,9.110335959121585
cuda,HIT,end_to_end,Full-S1,True,2,108,9.094189968891442
cuda,HIT,end_to_end,Full-S1,True,2,109,9.069285006262362
cuda,HIT,end_to_end,Full-S1,True,2,110,9.141159011051059
cuda,HIT,end_to_end,Full-S1,True,2,111,9.128110017627478
cuda,HIT,end_to_end,Full-S1,True,2,112,9.112076018936932
cuda,HIT,end_to_end,Full-S1,True,2,113,9.122980001848191
cuda,HIT,end_to_end,Full-S1,True,2,114,9.072742017451674
cuda,HIT,end_to_end,Full-S1,True,2,115,9.068665036465973
cuda,HIT,end_to_end,Full-S1,True,2,116,9.085564990527928
cuda,HIT,end_to_end,Full-S1,True,2,117,9.104122989811003
cuda,HIT,end_to_end,Full-S1,True,2,118,9.104411001317203
cuda,HIT,end_to_end,Full-S1,True,2,119,9.09631501417607
cuda,HIT,end_to_end,Full-S1,True,2,120,9.084158984478563
cuda,HIT,end_to_end,Full-S1,True,2,121,9.073662979062647
cuda,HIT,end_to_end,Full-S1,True,2,122,9.084210032597184
cuda,HIT,end_to_end,Full-S1,True,2,123,9.096625028178096
cuda,HIT,end_to_end,Full-S1,True,2,124,9.135803033132106
cuda,HIT,end_to_end,Full-S1,True,2,125,9.11846902454272
cuda,HIT,end_to_end,Full-S1,True,2,126,9.112970961723477
cuda,HIT,end_to_end,Full-S1,True,2,127,9.087993006687611
cuda,HIT,end_to_end,Full-S1,True,2,128,9.068325976841152
cuda,HIT,end_to_end,Full-S1,True,2,129,9.061516961082816
cuda,HIT,end_to_end,Full-S1,True,2,130,9.10560495685786
cuda,HIT,end_to_end,Full-S1,True,2,131,9.073345980141312
cuda,HIT,end_to_end,Full-S1,True,2,132,9.110313025303185
cuda,HIT,end_to_end,Full-S1,True,2,133,9.0856269816868
cuda,HIT,end_to_end,Full-S1,True,2,134,9.139239031355828
cuda,HIT,end_to_end,Full-S1,True,2,135,9.105523000471294
cuda,HIT,end_to_end,Full-S1,True,2,136,9.095288987737149
cuda,HIT,end_to_end,Full-S1,True,2,137,9.058842959348112
cuda,HIT,end_to_end,Full-S1,True,2,138,9.069134015589952
cuda,HIT,end_to_end,Full-S1,True,2,139,9.1347640263848
cuda,HIT,end_to_end,Full-S1,True,2,140,9.100050025153905
cuda,HIT,end_to_end,Full-S1,True,2,141,9.109026985242963
cuda,HIT,end_to_end,Full-S1,True,2,142,9.070743049960583
cuda,HIT,end_to_end,Full-S1,True,2,143,9.121555020101368
cuda,HIT,end_to_end,Full-S1,True,2,144,9.112408966757357
cuda,HIT,end_to_end,Full-S1,True,2,145,9.07637202180922
cuda,HIT,end_to_end,Full-S1,True,2,146,9.132475010119379
cuda,HIT,end_to_end,Full-S1,True,2,147,9.097889007534832
cuda,HIT,end_to_end,Full-S1,True,2,148,9.081079042516649
cuda,HIT,end_to_end,Full-S1,True,2,149,9.06267500249669
cuda,HIT,end_to_end,Full-S1,True,2,150,9.061781980562955
cuda,HIT,end_to_end,Full-S1,True,2,151,9.087332000490278
cuda,HIT,end_to_end,Full-S1,True,2,152,9.103337011765689
cuda,HIT,end_to_end,Full-S1,True,2,153,9.099007991608232
cuda,HIT,end_to_end,Full-S1,True,2,154,9.06561000738293
cuda,HIT,end_to_end,Full-S1,True,2,155,9.06650599790737
cuda,HIT,end_to_end,Full-S1,True,2,156,9.088638995308429
cuda,HIT,end_to_end,Full-S1,True,2,157,9.105789999011904
cuda,HIT,end_to_end,Full-S1,True,2,158,9.085376979783177
cuda,HIT,end_to_end,Full-S1,True,2,159,9.111378982197493
cuda,HIT,end_to_end,Full-S1,True,2,160,9.089899016544223
cuda,HIT,end_to_end,Full-S1,True,2,161,9.093844972085208
cuda,HIT,end_to_end,Full-S1,True,2,162,9.090033010579646
cuda,HIT,end_to_end,Full-S1,True,2,163,9.089377999771386
cuda,HIT,end_to_end,Full-S1,True,2,164,9.114579996094108
cuda,HIT,end_to_end,Full-S1,True,2,165,9.063918958418071
cuda,HIT,end_to_end,Full-S1,True,2,166,9.08669998170808
cuda,HIT,end_to_end,Full-S1,True,2,167,9.134276013355702
cuda,HIT,end_to_end,Full-S1,True,2,168,9.10061999456957
cuda,HIT,end_to_end,Full-S1,True,2,169,9.089689992833883
cuda,HIT,end_to_end,Full-S1,True,2,170,9.089661994948983
cuda,HIT,end_to_end,Full-S1,True,2,171,9.099542978219688
cuda,HIT,end_to_end,Full-S1,True,2,172,9.086976002436131
cuda,HIT,end_to_end,Full-S1,True,2,173,9.091362007893622
cuda,HIT,end_to_end,Full-S1,True,2,174,9.113005013205111
cuda,HIT,end_to_end,Full-S1,True,2,175,9.095638990402222
cuda,HIT,end_to_end,Full-S1,True,2,176,9.103091026190668
cuda,HIT,end_to_end,Full-S1,True,2,177,9.084855031687766
cuda,HIT,end_to_end,Full-S1,True,2,178,9.097289992496371
cuda,HIT,end_to_end,Full-S1,True,2,179,9.126766002736986
cuda,HIT,end_to_end,Full-S1,True,2,180,9.099741990212351
cuda,HIT,end_to_end,Full-S1,True,2,181,9.068652987480164
cuda,HIT,end_to_end,Full-S1,True,2,182,9.128821024205536
cuda,HIT,end_to_end,Full-S1,True,2,183,9.102071984671056
cuda,HIT,end_to_end,Full-S1,True,2,184,9.080486022867262
cuda,HIT,end_to_end,Full-S1,True,2,185,9.08062601229176
cuda,HIT,end_to_end,Full-S1,True,2,186,9.064504993148148
cuda,HIT,end_to_end,Full-S1,True,2,187,9.130289021413773
cuda,HIT,end_to_end,Full-S1,True,2,188,9.13530302932486
cuda,HIT,end_to_end,Full-S1,True,2,189,9.086448000743985
cuda,HIT,end_to_end,Full-S1,True,2,190,9.122096991632134
cuda,HIT,end_to_end,Full-S1,True,2,191,9.109681996051222
cuda,HIT,end_to_end,Full-S1,True,2,192,9.068507002666593
cuda,HIT,end_to_end,Full-S1,True,2,193,9.081949014216661
cuda,HIT,end_to_end,Full-S1,True,2,194,9.134557039942592
cuda,HIT,end_to_end,Full-S1,True,2,195,9.106227022130042
cuda,HIT,end_to_end,Full-S1,True,2,196,9.066515951417387
cuda,HIT,end_to_end,Full-S1,True,2,197,9.110156970564276
cuda,HIT,end_to_end,Full-S1,True,2,198,9.103485033847392
cuda,HIT,end_to_end,Full-S1,True,2,199,9.073324035853148
cuda,HIT,end_to_end,Full-S1,True,2,200,9.094592009205371
cuda,HIT,end_to_end,Full-S1,True,2,201,9.09985403995961
cuda,HIT,end_to_end,Full-S1,True,2,202,9.067767998203635
cuda,HIT,end_to_end,Full-S1,True,2,203,9.073485969565809
cuda,HIT,end_to_end,Full-S1,True,2,204,9.069950960110873
cuda,HIT,end_to_end,Full-S1,True,2,205,9.097910951822996
cuda,HIT,end_to_end,Full-S1,True,2,206,9.098523994907737
cuda,HIT,end_to_end,Full-S1,True,2,207,9.086793987080455
cuda,HIT,end_to_end,Full-S1,True,2,208,9.0734789846465
cuda,HIT,end_to_end,Full-S1,True,2,209,9.047047991771251
cuda,HIT,end_to_end,Full-S1,True,2,210,9.068743966054171
cuda,HIT,end_to_end,Full-S1,True,2,211,9.104579978156835
cuda,HIT,end_to_end,Full-S1,True,2,212,9.088916005566716
cuda,HIT,end_to_end,Full-S1,True,2,213,9.125423966906965
cuda,HIT,end_to_end,Full-S1,True,2,214,9.094775014091283
cuda,HIT,end_to_end,Full-S1,True,2,215,9.12774697644636
cuda,HIT,end_to_end,Full-S1,True,2,216,9.082117001526058
cuda,HIT,end_to_end,Full-S1,True,2,217,9.076067944988608
cuda,HIT,end_to_end,Full-S1,True,2,218,9.078879025764763
cuda,HIT,end_to_end,Full-S1,True,2,219,9.070881991647184
cuda,HIT,end_to_end,Full-S1,True,2,220,9.07447497593239
cuda,HIT,end_to_end,Full-S1,True,2,221,9.133113024290651
cuda,HIT,end_to_end,Full-S1,True,2,222,9.099780989345163
cuda,HIT,end_to_end,Full-S1,True,2,223,9.109615988563746
cuda,HIT,end_to_end,Full-S1,True,2,224,9.115361026488245
cuda,HIT,end_to_end,Full-S1,True,2,225,9.127331024501473
cuda,HIT,end_to_end,Full-S1,True,2,226,9.081490046810359
cuda,HIT,end_to_end,Full-S1,True,2,227,9.067069971933961
cuda,HIT,end_to_end,Full-S1,True,2,228,9.06623201444745
cuda,HIT,end_to_end,Full-S1,True,2,229,9.086846024729311
cuda,HIT,end_to_end,Full-S1,True,2,230,9.110676997806877
cuda,HIT,end_to_end,Full-S1,True,2,231,9.09311301074922
cuda,HIT,end_to_end,Full-S1,True,2,232,9.088989987503737
cuda,HIT,end_to_end,Full-S1,True,2,233,9.083786979317665
cuda,HIT,end_to_end,Full-S1,True,2,234,9.109292994253337
cuda,HIT,end_to_end,Full-S1,True,2,235,9.110569022595882
cuda,HIT,end_to_end,Full-S1,True,2,236,9.108330006711185
cuda,HIT,end_to_end,Full-S1,True,2,237,9.118565008975565
cuda,HIT,end_to_end,Full-S1,True,2,238,9.126596036367118
cuda,HIT,end_to_end,Full-S1,True,2,239,9.091163985431194
cuda,HIT,end_to_end,Full-S1,True,2,240,9.12138499552384
cuda,HIT,end_to_end,Full-S1,True,2,241,9.09140205476433
cuda,HIT,end_to_end,Full-S1,True,2,242,9.134629974141717
cuda,HIT,end_to_end,Full-S1,True,2,243,9.088620019610971
cuda,HIT,end_to_end,Full-S1,True,2,244,9.099511953536421
cuda,HIT,end_to_end,Full-S1,True,2,245,9.116923029068857
cuda,HIT,end_to_end,Full-S1,True,2,246,9.117183974012733
cuda,HIT,end_to_end,Full-S1,True,2,247,9.077563998289406
cuda,HIT,end_to_end,Full-S1,True,2,248,9.102990967221558
cuda,HIT,end_to_end,Full-S1,True,2,249,9.103975025936961
cuda,HIT,end_to_end,K1,True,2,0,5.420536966994405
cuda,HIT,end_to_end,K1,True,2,1,5.423222959507257
cuda,HIT,end_to_end,K1,True,2,2,5.358914029784501
cuda,HIT,end_to_end,K1,True,2,3,5.369752005208284
cuda,HIT,end_to_end,K1,True,2,4,5.364663025829941
cuda,HIT,end_to_end,K1,True,2,5,5.354941007681191
cuda,HIT,end_to_end,K1,True,2,6,5.336472007911652
cuda,HIT,end_to_end,K1,True,2,7,5.347381986211985
cuda,HIT,end_to_end,K1,True,2,8,5.356802023015916
cuda,HIT,end_to_end,K1,True,2,9,5.337310954928398
cuda,HIT,end_to_end,K1,True,2,10,5.389587953686714
cuda,HIT,end_to_end,K1,True,2,11,5.3501600050367415
cuda,HIT,end_to_end,K1,True,2,12,5.360873998142779
cuda,HIT,end_to_end,K1,True,2,13,5.382833012845367
cuda,HIT,end_to_end,K1,True,2,14,5.408052995335311
cuda,HIT,end_to_end,K1,True,2,15,5.388161982409656
cuda,HIT,end_to_end,K1,True,2,16,5.38241898175329
cuda,HIT,end_to_end,K1,True,2,17,5.359152040909976
cuda,HIT,end_to_end,K1,True,2,18,5.364012031350285
cuda,HIT,end_to_end,K1,True,2,19,5.412091966718435
cuda,HIT,end_to_end,K1,True,2,20,5.367205012589693
cuda,HIT,end_to_end,K1,True,2,21,5.394125997554511
cuda,HIT,end_to_end,K1,True,2,22,5.3735190303996205
cuda,HIT,end_to_end,K1,True,2,23,5.383600015193224
cuda,HIT,end_to_end,K1,True,2,24,5.401213013101369
cuda,HIT,end_to_end,K1,True,2,25,5.37785398773849
cuda,HIT,end_to_end,K1,True,2,26,5.374511994887143
cuda,HIT,end_to_end,K1,True,2,27,5.370091996155679
cuda,HIT,end_to_end,K1,True,2,28,5.378184956498444
cuda,HIT,end_to_end,K1,True,2,29,5.35887700971216
cuda,HIT,end_to_end,K1,True,2,30,5.364454002119601
cuda,HIT,end_to_end,K1,True,2,31,5.369823018554598
cuda,HIT,end_to_end,K1,True,2,32,5.392811959609389
cuda,HIT,end_to_end,K1,True,2,33,5.396458029281348
cuda,HIT,end_to_end,K1,True,2,34,5.3629090543836355
cuda,HIT,end_to_end,K1,True,2,35,5.362919007893652
cuda,HIT,end_to_end,K1,True,2,36,5.379258014727384
cuda,HIT,end_to_end,K1,True,2,37,5.372298997826874
cuda,HIT,end_to_end,K1,True,2,38,5.373768974095583
cuda,HIT,end_to_end,K1,True,2,39,5.353045009542257
cuda,HIT,end_to_end,K1,True,2,40,5.349055049009621
cuda,HIT,end_to_end,K1,True,2,41,5.365713033825159
cuda,HIT,end_to_end,K1,True,2,42,5.358504015021026
cuda,HIT,end_to_end,K1,True,2,43,5.349120998289436
cuda,HIT,end_to_end,K1,True,2,44,5.359942035283893
cuda,HIT,end_to_end,K1,True,2,45,5.357591959182173
cuda,HIT,end_to_end,K1,True,2,46,5.349327984731644
cuda,HIT,end_to_end,K1,True,2,47,5.352073989342898
cuda,HIT,end_to_end,K1,True,2,48,5.331496009603143
cuda,HIT,end_to_end,K1,True,2,49,5.365660996176302
cuda,HIT,end_to_end,K1,True,2,50,5.352223990485072
cuda,HIT,end_to_end,K1,True,2,51,5.392858991399407
cuda,HIT,end_to_end,K1,True,2,52,5.379855982027948
cuda,HIT,end_to_end,K1,True,2,53,5.398801993578672
cuda,HIT,end_to_end,K1,True,2,54,5.425609007943422
cuda,HIT,end_to_end,K1,True,2,55,5.387860001064837
cuda,HIT,end_to_end,K1,True,2,56,5.3698180126957595
cuda,HIT,end_to_end,K1,True,2,57,5.385054973885417
cuda,HIT,end_to_end,K1,True,2,58,5.361335992347449
cuda,HIT,end_to_end,K1,True,2,59,5.355046014301479
cuda,HIT,end_to_end,K1,True,2,60,5.354830005671829
cuda,HIT,end_to_end,K1,True,2,61,5.359330971259624
cuda,HIT,end_to_end,K1,True,2,62,5.36381098208949
cuda,HIT,end_to_end,K1,True,2,63,5.377302994020283
cuda,HIT,end_to_end,K1,True,2,64,5.396797962021083
cuda,HIT,end_to_end,K1,True,2,65,5.4312790161930025
cuda,HIT,end_to_end,K1,True,2,66,5.37482398794964
cuda,HIT,end_to_end,K1,True,2,67,5.355142988264561
cuda,HIT,end_to_end,K1,True,2,68,5.363833042792976
cuda,HIT,end_to_end,K1,True,2,69,5.359265953302383
cuda,HIT,end_to_end,K1,True,2,70,5.37649798206985
cuda,HIT,end_to_end,K1,True,2,71,5.365654011256993
cuda,HIT,end_to_end,K1,True,2,72,5.35840296652168
cuda,HIT,end_to_end,K1,True,2,73,5.40911901043728
cuda,HIT,end_to_end,K1,True,2,74,5.375669978093356
cuda,HIT,end_to_end,K1,True,2,75,5.414263985585421
cuda,HIT,end_to_end,K1,True,2,76,5.3991530439816415
cuda,HIT,end_to_end,K1,True,2,77,5.363475007470697
cuda,HIT,end_to_end,K1,True,2,78,5.420304019935429
cuda,HIT,end_to_end,K1,True,2,79,5.360784998629242
cuda,HIT,end_to_end,K1,True,2,80,5.3829660173505545
cuda,HIT,end_to_end,K1,True,2,81,5.386570002883673
cuda,HIT,end_to_end,K1,True,2,82,5.365136021282524
cuda,HIT,end_to_end,K1,True,2,83,5.359253962524235
cuda,HIT,end_to_end,K1,True,2,84,5.375794949941337
cuda,HIT,end_to_end,K1,True,2,85,5.351426021661609
cuda,HIT,end_to_end,K1,True,2,86,5.3390320390462875
cuda,HIT,end_to_end,K1,True,2,87,5.354012013413012
cuda,HIT,end_to_end,K1,True,2,88,5.382653034757823
cuda,HIT,end_to_end,K1,True,2,89,5.379804992116988
cuda,HIT,end_to_end,K1,True,2,90,5.381490977015346
cuda,HIT,end_to_end,K1,True,2,91,5.41287602391094
cuda,HIT,end_to_end,K1,True,2,92,5.382928007747978
cuda,HIT,end_to_end,K1,True,2,93,5.346517951693386
cuda,HIT,end_to_end,K1,True,2,94,5.35856798524037
cuda,HIT,end_to_end,K1,True,2,95,5.356715992093086
cuda,HIT,end_to_end,K1,True,2,96,5.375028005801141
cuda,HIT,end_to_end,K1,True,2,97,5.384913005400449
cuda,HIT,end_to_end,K1,True,2,98,5.388088000472635
cuda,HIT,end_to_end,K1,True,2,99,5.414424987975508
cuda,HIT,end_to_end,K1,True,2,100,5.380542017519474
cuda,HIT,end_to_end,K1,True,2,101,5.368300015106797
cuda,HIT,end_to_end,K1,True,2,102,5.362479016184807
cuda,HIT,end_to_end,K1,True,2,103,5.364750977605581
cuda,HIT,end_to_end,K1,True,2,104,5.368175043258816
cuda,HIT,end_to_end,K1,True,2,105,5.364420008845627
cuda,HIT,end_to_end,K1,True,2,106,5.371623032260686
cuda,HIT,end_to_end,K1,True,2,107,5.362106952816248
cuda,HIT,end_to_end,K1,True,2,108,5.372121988330036
cuda,HIT,end_to_end,K1,True,2,109,5.398329987656325
cuda,HIT,end_to_end,K1,True,2,110,5.391258979216218
cuda,HIT,end_to_end,K1,True,2,111,5.370041006244719
cuda,HIT,end_to_end,K1,True,2,112,5.384733958635479
cuda,HIT,end_to_end,K1,True,2,113,5.398962995968759
cuda,HIT,end_to_end,K1,True,2,114,5.364626995287836
cuda,HIT,end_to_end,K1,True,2,115,5.372448009438813
cuda,HIT,end_to_end,K1,True,2,116,5.417723034042865
cuda,HIT,end_to_end,K1,True,2,117,5.388352961745113
cuda,HIT,end_to_end,K1,True,2,118,5.4047119920141995
cuda,HIT,end_to_end,K1,True,2,119,5.363081989344209
cuda,HIT,end_to_end,K1,True,2,120,5.38735999725759
cuda,HIT,end_to_end,K1,True,2,121,5.361514980904758
cuda,HIT,end_to_end,K1,True,2,122,5.341984040569514
cuda,HIT,end_to_end,K1,True,2,123,5.3508689743466675
cuda,HIT,end_to_end,K1,True,2,124,5.362707015592605
cuda,HIT,end_to_end,K1,True,2,125,5.3718770504929125
cuda,HIT,end_to_end,K1,True,2,126,5.387016979511827
cuda,HIT,end_to_end,K1,True,2,127,5.366627010516822
cuda,HIT,end_to_end,K1,True,2,128,5.37860399344936
cuda,HIT,end_to_end,K1,True,2,129,5.347559985239059
cuda,HIT,end_to_end,K1,True,2,130,5.345899029634893
cuda,HIT,end_to_end,K1,True,2,131,5.381932016462088
cuda,HIT,end_to_end,K1,True,2,132,5.386548000387847
cuda,HIT,end_to_end,K1,True,2,133,5.411705002188683
cuda,HIT,end_to_end,K1,True,2,134,5.3894720040261745
cuda,HIT,end_to_end,K1,True,2,135,5.3865149966441095
cuda,HIT,end_to_end,K1,True,2,136,5.367044999729842
cuda,HIT,end_to_end,K1,True,2,137,5.352070962544531
cuda,HIT,end_to_end,K1,True,2,138,5.347120051737875
cuda,HIT,end_to_end,K1,True,2,139,5.385333963204175
cuda,HIT,end_to_end,K1,True,2,140,5.368601006921381
cuda,HIT,end_to_end,K1,True,2,141,5.349694984033704
cuda,HIT,end_to_end,K1,True,2,142,5.359812988899648
cuda,HIT,end_to_end,K1,True,2,143,5.3756460547447205
cuda,HIT,end_to_end,K1,True,2,144,5.38552098441869
cuda,HIT,end_to_end,K1,True,2,145,5.399407004006207
cuda,HIT,end_to_end,K1,True,2,146,5.37834397982806
cuda,HIT,end_to_end,K1,True,2,147,5.387936951592565
cuda,HIT,end_to_end,K1,True,2,148,5.359110014978796
cuda,HIT,end_to_end,K1,True,2,149,5.393636005464941
cuda,HIT,end_to_end,K1,True,2,150,5.394640029408038
cuda,HIT,end_to_end,K1,True,2,151,5.386929027736187
cuda,HIT,end_to_end,K1,True,2,152,5.414481041952968
cuda,HIT,end_to_end,K1,True,2,153,5.401119007728994
cuda,HIT,end_to_end,K1,True,2,154,5.3546379785984755
cuda,HIT,end_to_end,K1,True,2,155,5.349648010451347
cuda,HIT,end_to_end,K1,True,2,156,5.3777319844812155
cuda,HIT,end_to_end,K1,True,2,157,5.361684015952051
cuda,HIT,end_to_end,K1,True,2,158,5.449304997455329
cuda,HIT,end_to_end,K1,True,2,159,5.391908052843064
cuda,HIT,end_to_end,K1,True,2,160,5.380348011385649
cuda,HIT,end_to_end,K1,True,2,161,5.377149966079742
cuda,HIT,end_to_end,K1,True,2,162,5.3959390497766435
cuda,HIT,end_to_end,K1,True,2,163,5.367562989704311
cuda,HIT,end_to_end,K1,True,2,164,5.393174011260271
cuda,HIT,end_to_end,K1,True,2,165,5.38706302177161
cuda,HIT,end_to_end,K1,True,2,166,5.392907012719661
cuda,HIT,end_to_end,K1,True,2,167,5.345101992134005
cuda,HIT,end_to_end,K1,True,2,168,5.345377954654396
cuda,HIT,end_to_end,K1,True,2,169,5.350012972485274
cuda,HIT,end_to_end,K1,True,2,170,5.3676830139011145
cuda,HIT,end_to_end,K1,True,2,171,5.362020980101079
cuda,HIT,end_to_end,K1,True,2,172,5.373694992158562
cuda,HIT,end_to_end,K1,True,2,173,5.39473001845181
cuda,HIT,end_to_end,K1,True,2,174,5.3720190189778805
cuda,HIT,end_to_end,K1,True,2,175,5.381628987379372
cuda,HIT,end_to_end,K1,True,2,176,5.39651297731325
cuda,HIT,end_to_end,K1,True,2,177,5.382137023843825
cuda,HIT,end_to_end,K1,True,2,178,5.368501006159931
cuda,HIT,end_to_end,K1,True,2,179,5.341767973732203
cuda,HIT,end_to_end,K1,True,2,180,5.367441975977272
cuda,HIT,end_to_end,K1,True,2,181,5.390790989622474
cuda,HIT,end_to_end,K1,True,2,182,5.379103007726371
cuda,HIT,end_to_end,K1,True,2,183,5.359741975553334
cuda,HIT,end_to_end,K1,True,2,184,5.37087197881192
cuda,HIT,end_to_end,K1,True,2,185,5.388589052017778
cuda,HIT,end_to_end,K1,True,2,186,5.34891796996817
cuda,HIT,end_to_end,K1,True,2,187,5.336730973795056
cuda,HIT,end_to_end,K1,True,2,188,5.333024018909782
cuda,HIT,end_to_end,K1,True,2,189,5.342393997125328
cuda,HIT,end_to_end,K1,True,2,190,5.365798017010093
cuda,HIT,end_to_end,K1,True,2,191,5.392179999034852
cuda,HIT,end_to_end,K1,True,2,192,5.387744982726872
cuda,HIT,end_to_end,K1,True,2,193,5.417738051619381
cuda,HIT,end_to_end,K1,True,2,194,5.381419032346457
cuda,HIT,end_to_end,K1,True,2,195,5.388407036662102
cuda,HIT,end_to_end,K1,True,2,196,5.3518820204772055
cuda,HIT,end_to_end,K1,True,2,197,5.361530988011509
cuda,HIT,end_to_end,K1,True,2,198,5.352195003069937
cuda,HIT,end_to_end,K1,True,2,199,5.345147044863552
cuda,HIT,end_to_end,K1,True,2,200,5.351038998924196
cuda,HIT,end_to_end,K1,True,2,201,5.337023001629859
cuda,HIT,end_to_end,K1,True,2,202,5.341040028724819
cuda,HIT,end_to_end,K1,True,2,203,5.33545296639204
cuda,HIT,end_to_end,K1,True,2,204,5.382298957556486
cuda,HIT,end_to_end,K1,True,2,205,5.344275967217982
cuda,HIT,end_to_end,K1,True,2,206,5.352222011424601
cuda,HIT,end_to_end,K1,True,2,207,5.3752639796584845
cuda,HIT,end_to_end,K1,True,2,208,5.348395963665098
cuda,HIT,end_to_end,K1,True,2,209,5.386089964304119
cuda,HIT,end_to_end,K1,True,2,210,5.3821419714950025
cuda,HIT,end_to_end,K1,True,2,211,5.396578984800726
cuda,HIT,end_to_end,K1,True,2,212,5.379451031330973
cuda,HIT,end_to_end,K1,True,2,213,5.366884986869991
cuda,HIT,end_to_end,K1,True,2,214,5.363074014894664
cuda,HIT,end_to_end,K1,True,2,215,5.393680999986827
cuda,HIT,end_to_end,K1,True,2,216,5.376601999159902
cuda,HIT,end_to_end,K1,True,2,217,5.407771037425846
cuda,HIT,end_to_end,K1,True,2,218,5.36609097616747
cuda,HIT,end_to_end,K1,True,2,219,5.370226979721338
cuda,HIT,end_to_end,K1,True,2,220,5.360590992495418
cuda,HIT,end_to_end,K1,True,2,221,5.3503100061789155
cuda,HIT,end_to_end,K1,True,2,222,5.367130972445011
cuda,HIT,end_to_end,K1,True,2,223,5.348430015146732
cuda,HIT,end_to_end,K1,True,2,224,5.362629017326981
cuda,HIT,end_to_end,K1,True,2,225,5.357782996725291
cuda,HIT,end_to_end,K1,True,2,226,5.35473704803735
cuda,HIT,end_to_end,K1,True,2,227,5.351544008590281
cuda,HIT,end_to_end,K1,True,2,228,5.367839010432363
cuda,HIT,end_to_end,K1,True,2,229,5.341673968359828
cuda,HIT,end_to_end,K1,True,2,230,5.353313987143338
cuda,HIT,end_to_end,K1,True,2,231,5.351650004740804
cuda,HIT,end_to_end,K1,True,2,232,5.363264994230121
cuda,HIT,end_to_end,K1,True,2,233,5.368134006857872
cuda,HIT,end_to_end,K1,True,2,234,5.3460110211744905
cuda,HIT,end_to_end,K1,True,2,235,5.35281200427562
cuda,HIT,end_to_end,K1,True,2,236,5.391486978624016
cuda,HIT,end_to_end,K1,True,2,237,5.37258799886331
cuda,HIT,end_to_end,K1,True,2,238,5.406153039075434
cuda,HIT,end_to_end,K1,True,2,239,5.39386598393321
cuda,HIT,end_to_end,K1,True,2,240,5.38919901009649
cuda,HIT,end_to_end,K1,True,2,241,5.386953998822719
cuda,HIT,end_to_end,K1,True,2,242,5.367767997086048
cuda,HIT,end_to_end,K1,True,2,243,5.404300056397915
cuda,HIT,end_to_end,K1,True,2,244,5.376307002734393
cuda,HIT,end_to_end,K1,True,2,245,5.394270992837846
cuda,HIT,end_to_end,K1,True,2,246,5.362843978218734
cuda,HIT,end_to_end,K1,True,2,247,5.351867992430925
cuda,HIT,end_to_end,K1,True,2,248,5.3724650060757995
cuda,HIT,end_to_end,K1,True,2,249,5.351739004254341
cuda,HIT,end_to_end,K1,True,3,0,5.427572992630303
cuda,HIT,end_to_end,K1,True,3,1,5.398147972300649
cuda,HIT,end_to_end,K1,True,3,2,5.3737410344183445
cuda,HIT,end_to_end,K1,True,3,3,5.3488119738176465
cuda,HIT,end_to_end,K1,True,3,4,5.353683023713529
cuda,HIT,end_to_end,K1,True,3,5,5.350052029825747
cuda,HIT,end_to_end,K1,True,3,6,5.382571020163596
cuda,HIT,end_to_end,K1,True,3,7,5.385330994613469
cuda,HIT,end_to_end,K1,True,3,8,5.4094939841888845
cuda,HIT,end_to_end,K1,True,3,9,5.369524005800486
cuda,HIT,end_to_end,K1,True,3,10,5.375929002184421
cuda,HIT,end_to_end,K1,True,3,11,5.370643979404122
cuda,HIT,end_to_end,K1,True,3,12,5.338301009032875
cuda,HIT,end_to_end,K1,True,3,13,5.35931799095124
cuda,HIT,end_to_end,K1,True,3,14,5.370477971155196
cuda,HIT,end_to_end,K1,True,3,15,5.3648040047846735
cuda,HIT,end_to_end,K1,True,3,16,5.3567709983326495
cuda,HIT,end_to_end,K1,True,3,17,5.366229044739157
cuda,HIT,end_to_end,K1,True,3,18,5.385746015235782
cuda,HIT,end_to_end,K1,True,3,19,5.355621979106218
cuda,HIT,end_to_end,K1,True,3,20,5.341944983229041
cuda,HIT,end_to_end,K1,True,3,21,5.385742988437414
cuda,HIT,end_to_end,K1,True,3,22,5.370024999137968
cuda,HIT,end_to_end,K1,True,3,23,5.387458018958569
cuda,HIT,end_to_end,K1,True,3,24,5.392741004470736
cuda,HIT,end_to_end,K1,True,3,25,5.377282039262354
cuda,HIT,end_to_end,K1,True,3,26,5.394243984483182
cuda,HIT,end_to_end,K1,True,3,27,5.35304396180436
cuda,HIT,end_to_end,K1,True,3,28,5.3693949594162405
cuda,HIT,end_to_end,K1,True,3,29,5.3904399974271655
cuda,HIT,end_to_end,K1,True,3,30,5.389055993873626
cuda,HIT,end_to_end,K1,True,3,31,5.402949987910688
cuda,HIT,end_to_end,K1,True,3,32,5.395684973336756
cuda,HIT,end_to_end,K1,True,3,33,5.36715000635013
cuda,HIT,end_to_end,K1,True,3,34,5.350288993213326
cuda,HIT,end_to_end,K1,True,3,35,5.3597670048475266
cuda,HIT,end_to_end,K1,True,3,36,5.366137949749827
cuda,HIT,end_to_end,K1,True,3,37,5.351155996322632
cuda,HIT,end_to_end,K1,True,3,38,5.340470990631729
cuda,HIT,end_to_end,K1,True,3,39,5.345053039491177
cuda,HIT,end_to_end,K1,True,3,40,5.361165967769921
cuda,HIT,end_to_end,K1,True,3,41,5.369490012526512
cuda,HIT,end_to_end,K1,True,3,42,5.358238006010652
cuda,HIT,end_to_end,K1,True,3,43,5.354014982003719
cuda,HIT,end_to_end,K1,True,3,44,5.339265044312924
cuda,HIT,end_to_end,K1,True,3,45,5.344145989511162
cuda,HIT,end_to_end,K1,True,3,46,5.3726559854112566
cuda,HIT,end_to_end,K1,True,3,47,5.3541199886240065
cuda,HIT,end_to_end,K1,True,3,48,5.377980996854603
cuda,HIT,end_to_end,K1,True,3,49,5.3591670002788305
cuda,HIT,end_to_end,K1,True,3,50,5.3583039552904665
cuda,HIT,end_to_end,K1,True,3,51,5.3424600046128035
cuda,HIT,end_to_end,K1,True,3,52,5.38541201967746
cuda,HIT,end_to_end,K1,True,3,53,5.395404004957527
cuda,HIT,end_to_end,K1,True,3,54,5.405357980635017
cuda,HIT,end_to_end,K1,True,3,55,5.373353022150695
cuda,HIT,end_to_end,K1,True,3,56,5.371079023461789
cuda,HIT,end_to_end,K1,True,3,57,5.38032699842006
cuda,HIT,end_to_end,K1,True,3,58,5.399535992182791
cuda,HIT,end_to_end,K1,True,3,59,5.358842026907951
cuda,HIT,end_to_end,K1,True,3,60,5.348204984329641
cuda,HIT,end_to_end,K1,True,3,61,5.351522006094456
cuda,HIT,end_to_end,K1,True,3,62,5.355940025765449
cuda,HIT,end_to_end,K1,True,3,63,5.355447006877512
cuda,HIT,end_to_end,K1,True,3,64,5.370108992792666
cuda,HIT,end_to_end,K1,True,3,65,5.364922981243581
cuda,HIT,end_to_end,K1,True,3,66,5.37175900535658
cuda,HIT,end_to_end,K1,True,3,67,5.385341006331146
cuda,HIT,end_to_end,K1,True,3,68,5.353674991056323
cuda,HIT,end_to_end,K1,True,3,69,5.3704819874837995
cuda,HIT,end_to_end,K1,True,3,70,5.365416989661753
cuda,HIT,end_to_end,K1,True,3,71,5.380192014854401
cuda,HIT,end_to_end,K1,True,3,72,5.37724100286141
cuda,HIT,end_to_end,K1,True,3,73,5.407386983279139
cuda,HIT,end_to_end,K1,True,3,74,5.385102005675435
cuda,HIT,end_to_end,K1,True,3,75,5.365761986467987
cuda,HIT,end_to_end,K1,True,3,76,5.375053035095334
cuda,HIT,end_to_end,K1,True,3,77,5.409264995250851
cuda,HIT,end_to_end,K1,True,3,78,5.386150034610182
cuda,HIT,end_to_end,K1,True,3,79,5.362874013371766
cuda,HIT,end_to_end,K1,True,3,80,5.375604028813541
cuda,HIT,end_to_end,K1,True,3,81,5.372209008783102
cuda,HIT,end_to_end,K1,True,3,82,5.385421041864902
cuda,HIT,end_to_end,K1,True,3,83,5.37365599302575
cuda,HIT,end_to_end,K1,True,3,84,5.372997024096549
cuda,HIT,end_to_end,K1,True,3,85,5.362669005990028
cuda,HIT,end_to_end,K1,True,3,86,5.362465977668762
cuda,HIT,end_to_end,K1,True,3,87,5.3417819435708225
cuda,HIT,end_to_end,K1,True,3,88,5.366183002479374
cuda,HIT,end_to_end,K1,True,3,89,5.382061994168907
cuda,HIT,end_to_end,K1,True,3,90,5.34927099943161
cuda,HIT,end_to_end,K1,True,3,91,5.385229014791548
cuda,HIT,end_to_end,K1,True,3,92,5.352157982997596
cuda,HIT,end_to_end,K1,True,3,93,5.35380095243454
cuda,HIT,end_to_end,K1,True,3,94,5.370906030293554
cuda,HIT,end_to_end,K1,True,3,95,5.425586015917361
cuda,HIT,end_to_end,K1,True,3,96,5.387053010053933
cuda,HIT,end_to_end,K1,True,3,97,5.371880019083619
cuda,HIT,end_to_end,K1,True,3,98,5.378714995458722
cuda,HIT,end_to_end,K1,True,3,99,5.364017037209123
cuda,HIT,end_to_end,K1,True,3,100,5.358512979000807
cuda,HIT,end_to_end,K1,True,3,101,5.375134001951665
cuda,HIT,end_to_end,K1,True,3,102,5.359456001315266
cuda,HIT,end_to_end,K1,True,3,103,5.358840979170054
cuda,HIT,end_to_end,K1,True,3,104,5.371042003389448
cuda,HIT,end_to_end,K1,True,3,105,5.356048000976443
cuda,HIT,end_to_end,K1,True,3,106,5.368674988858402
cuda,HIT,end_to_end,K1,True,3,107,5.35928102908656
cuda,HIT,end_to_end,K1,True,3,108,5.353281041607261
cuda,HIT,end_to_end,K1,True,3,109,5.353991000447422
cuda,HIT,end_to_end,K1,True,3,110,5.3467280231416225
cuda,HIT,end_to_end,K1,True,3,111,5.349831015337259
cuda,HIT,end_to_end,K1,True,3,112,5.352489999495447
cuda,HIT,end_to_end,K1,True,3,113,5.339536990504712
cuda,HIT,end_to_end,K1,True,3,114,5.361599032767117
cuda,HIT,end_to_end,K1,True,3,115,5.363814998418093
cuda,HIT,end_to_end,K1,True,3,116,5.3636119700968266
cuda,HIT,end_to_end,K1,True,3,117,5.345198966097087
cuda,HIT,end_to_end,K1,True,3,118,5.371711042243987
cuda,HIT,end_to_end,K1,True,3,119,5.349682993255556
cuda,HIT,end_to_end,K1,True,3,120,5.3758720168843865
cuda,HIT,end_to_end,K1,True,3,121,5.382798030041158
cuda,HIT,end_to_end,K1,True,3,122,5.391372018493712
cuda,HIT,end_to_end,K1,True,3,123,5.365446035284549
cuda,HIT,end_to_end,K1,True,3,124,5.389353027567267
cuda,HIT,end_to_end,K1,True,3,125,5.373174033593386
cuda,HIT,end_to_end,K1,True,3,126,5.364793003536761
cuda,HIT,end_to_end,K1,True,3,127,5.382362985983491
cuda,HIT,end_to_end,K1,True,3,128,5.333000037353486
cuda,HIT,end_to_end,K1,True,3,129,5.360295006539673
cuda,HIT,end_to_end,K1,True,3,130,5.382563977036625
cuda,HIT,end_to_end,K1,True,3,131,5.408139026258141
cuda,HIT,end_to_end,K1,True,3,132,5.380411981604993
cuda,HIT,end_to_end,K1,True,3,133,5.392232036683708
cuda,HIT,end_to_end,K1,True,3,134,6.060752959456295
cuda,HIT,end_to_end,K1,True,3,135,5.486135953105986
cuda,HIT,end_to_end,K1,True,3,136,5.382497969549149
cuda,HIT,end_to_end,K1,True,3,137,5.3974310285411775
cuda,HIT,end_to_end,K1,True,3,138,5.373839987441897
cuda,HIT,end_to_end,K1,True,3,139,5.3714949754066765
cuda,HIT,end_to_end,K1,True,3,140,5.391042970586568
cuda,HIT,end_to_end,K1,True,3,141,5.373874970246106
cuda,HIT,end_to_end,K1,True,3,142,5.359704024158418
cuda,HIT,end_to_end,K1,True,3,143,5.369106947910041
cuda,HIT,end_to_end,K1,True,3,144,5.359343020245433
cuda,HIT,end_to_end,K1,True,3,145,5.355939967557788
cuda,HIT,end_to_end,K1,True,3,146,5.3814330021850765
cuda,HIT,end_to_end,K1,True,3,147,5.355108994990587
cuda,HIT,end_to_end,K1,True,3,148,5.358244990929961
cuda,HIT,end_to_end,K1,True,3,149,5.3549399599432945
cuda,HIT,end_to_end,K1,True,3,150,5.386652948800474
cuda,HIT,end_to_end,K1,True,3,151,5.3916749893687665
cuda,HIT,end_to_end,K1,True,3,152,5.380244983825833
cuda,HIT,end_to_end,K1,True,3,153,5.380939983297139
cuda,HIT,end_to_end,K1,True,3,154,5.388384044636041
cuda,HIT,end_to_end,K1,True,3,155,5.3449629922397435
cuda,HIT,end_to_end,K1,True,3,156,5.373517982661724
cuda,HIT,end_to_end,K1,True,3,157,5.342935037333518
cuda,HIT,end_to_end,K1,True,3,158,5.3549439762718976
cuda,HIT,end_to_end,K1,True,3,159,5.371302017010748
cuda,HIT,end_to_end,K1,True,3,160,5.349824030417949
cuda,HIT,end_to_end,K1,True,3,161,5.354127963073552
cuda,HIT,end_to_end,K1,True,3,162,5.401101021561772
cuda,HIT,end_to_end,K1,True,3,163,5.406579002737999
cuda,HIT,end_to_end,K1,True,3,164,5.407302000094205
cuda,HIT,end_to_end,K1,True,3,165,5.3783319890499115
cuda,HIT,end_to_end,K1,True,3,166,5.35814999602735
cuda,HIT,end_to_end,K1,True,3,167,5.362932977732271
cuda,HIT,end_to_end,K1,True,3,168,5.376551009248942
cuda,HIT,end_to_end,K1,True,3,169,5.357880028896034
cuda,HIT,end_to_end,K1,True,3,170,5.351848027203232
cuda,HIT,end_to_end,K1,True,3,171,5.370680009946227
cuda,HIT,end_to_end,K1,True,3,172,5.412922997493297
cuda,HIT,end_to_end,K1,True,3,173,5.372880958020687
cuda,HIT,end_to_end,K1,True,3,174,5.435221013613045
cuda,HIT,end_to_end,K1,True,3,175,5.42958005098626
cuda,HIT,end_to_end,K1,True,3,176,5.3936520125716925
cuda,HIT,end_to_end,K1,True,3,177,5.379290028940886
cuda,HIT,end_to_end,K1,True,3,178,5.380505986977369
cuda,HIT,end_to_end,K1,True,3,179,5.404607974924147
cuda,HIT,end_to_end,K1,True,3,180,5.366091034375131
cuda,HIT,end_to_end,K1,True,3,181,5.3581190295517445
cuda,HIT,end_to_end,K1,True,3,182,5.352303967811167
cuda,HIT,end_to_end,K1,True,3,183,5.37036097375676
cuda,HIT,end_to_end,K1,True,3,184,5.359949020203203
cuda,HIT,end_to_end,K1,True,3,185,5.350104998797178
cuda,HIT,end_to_end,K1,True,3,186,5.35870500607416
cuda,HIT,end_to_end,K1,True,3,187,5.374311003834009
cuda,HIT,end_to_end,K1,True,3,188,5.4025069694034755
cuda,HIT,end_to_end,K1,True,3,189,5.3650300251320004
cuda,HIT,end_to_end,K1,True,3,190,5.372069019358605
cuda,HIT,end_to_end,K1,True,3,191,5.394461972173303
cuda,HIT,end_to_end,K1,True,3,192,5.355311033781618
cuda,HIT,end_to_end,K1,True,3,193,5.394886014983058
cuda,HIT,end_to_end,K1,True,3,194,5.373266991227865
cuda,HIT,end_to_end,K1,True,3,195,5.364183045458049
cuda,HIT,end_to_end,K1,True,3,196,5.414835992269218
cuda,HIT,end_to_end,K1,True,3,197,5.37708296906203
cuda,HIT,end_to_end,K1,True,3,198,5.37600798998028
cuda,HIT,end_to_end,K1,True,3,199,5.376417015213519
cuda,HIT,end_to_end,K1,True,3,200,5.375910026486963
cuda,HIT,end_to_end,K1,True,3,201,5.388200981542468
cuda,HIT,end_to_end,K1,True,3,202,5.363655975088477
cuda,HIT,end_to_end,K1,True,3,203,5.393244966398925
cuda,HIT,end_to_end,K1,True,3,204,5.408736993558705
cuda,HIT,end_to_end,K1,True,3,205,5.381642025895417
cuda,HIT,end_to_end,K1,True,3,206,5.3697749972343445
cuda,HIT,end_to_end,K1,True,3,207,5.358355992939323
cuda,HIT,end_to_end,K1,True,3,208,5.350102961529046
cuda,HIT,end_to_end,K1,True,3,209,5.359409027732909
cuda,HIT,end_to_end,K1,True,3,210,5.366870027501136
cuda,HIT,end_to_end,K1,True,3,211,5.359823000617325
cuda,HIT,end_to_end,K1,True,3,212,5.368049023672938
cuda,HIT,end_to_end,K1,True,3,213,5.355574015993625
cuda,HIT,end_to_end,K1,True,3,214,5.35036699147895
cuda,HIT,end_to_end,K1,True,3,215,5.379851965699345
cuda,HIT,end_to_end,K1,True,3,216,5.349545972421765
cuda,HIT,end_to_end,K1,True,3,217,5.355212022550404
cuda,HIT,end_to_end,K1,True,3,218,5.345631972886622
cuda,HIT,end_to_end,K1,True,3,219,5.355440021958202
cuda,HIT,end_to_end,K1,True,3,220,5.35719096660614
cuda,HIT,end_to_end,K1,True,3,221,5.354860972147435
cuda,HIT,end_to_end,K1,True,3,222,5.363636999391019
cuda,HIT,end_to_end,K1,True,3,223,5.362026975490153
cuda,HIT,end_to_end,K1,True,3,224,5.351548024918884
cuda,HIT,end_to_end,K1,True,3,225,5.354162945877761
cuda,HIT,end_to_end,K1,True,3,226,5.359653965570033
cuda,HIT,end_to_end,K1,True,3,227,5.358255002647638
cuda,HIT,end_to_end,K1,True,3,228,5.383836047258228
cuda,HIT,end_to_end,K1,True,3,229,5.3496009786613286
cuda,HIT,end_to_end,K1,True,3,230,5.3841639892198145
cuda,HIT,end_to_end,K1,True,3,231,5.352412001229823
cuda,HIT,end_to_end,K1,True,3,232,5.341153999324888
cuda,HIT,end_to_end,K1,True,3,233,5.360568989999592
cuda,HIT,end_to_end,K1,True,3,234,5.396933003794402
cuda,HIT,end_to_end,K1,True,3,235,5.352640000637621
cuda,HIT,end_to_end,K1,True,3,236,5.380634975153953
cuda,HIT,end_to_end,K1,True,3,237,5.412515019997954
cuda,HIT,end_to_end,K1,True,3,238,5.375690991058946
cuda,HIT,end_to_end,K1,True,3,239,5.393233033828437
cuda,HIT,end_to_end,K1,True,3,240,5.3499710047617555
cuda,HIT,end_to_end,K1,True,3,241,5.353491986170411
cuda,HIT,end_to_end,K1,True,3,242,5.353378946892917
cuda,HIT,end_to_end,K1,True,3,243,5.344089004211128
cuda,HIT,end_to_end,K1,True,3,244,5.367261008359492
cuda,HIT,end_to_end,K1,True,3,245,5.361308983992785
cuda,HIT,end_to_end,K1,True,3,246,5.366766999941319
cuda,HIT,end_to_end,K1,True,3,247,5.365943012293428
cuda,HIT,end_to_end,K1,True,3,248,5.337521026376635
cuda,HIT,end_to_end,K1,True,3,249,5.352863983716816
cuda,HIT,end_to_end,Full-S1,True,3,0,9.162327973172069
cuda,HIT,end_to_end,Full-S1,True,3,1,9.141392016317695
cuda,HIT,end_to_end,Full-S1,True,3,2,9.111841965932399
cuda,HIT,end_to_end,Full-S1,True,3,3,9.117782989051193
cuda,HIT,end_to_end,Full-S1,True,3,4,9.065237012691796
cuda,HIT,end_to_end,Full-S1,True,3,5,9.13016899721697
cuda,HIT,end_to_end,Full-S1,True,3,6,9.085521975066513
cuda,HIT,end_to_end,Full-S1,True,3,7,9.076792979612947
cuda,HIT,end_to_end,Full-S1,True,3,8,9.08701802836731
cuda,HIT,end_to_end,Full-S1,True,3,9,9.102188982069492
cuda,HIT,end_to_end,Full-S1,True,3,10,9.1264609945938
cuda,HIT,end_to_end,Full-S1,True,3,11,9.111882012803108
cuda,HIT,end_to_end,Full-S1,True,3,12,9.099282033275813
cuda,HIT,end_to_end,Full-S1,True,3,13,9.135475032962859
cuda,HIT,end_to_end,Full-S1,True,3,14,9.094717970583588
cuda,HIT,end_to_end,Full-S1,True,3,15,9.091977030038834
cuda,HIT,end_to_end,Full-S1,True,3,16,9.071333974134177
cuda,HIT,end_to_end,Full-S1,True,3,17,9.076023998204619
cuda,HIT,end_to_end,Full-S1,True,3,18,9.161610971204937
cuda,HIT,end_to_end,Full-S1,True,3,19,9.14195500081405
cuda,HIT,end_to_end,Full-S1,True,3,20,9.080596966668963
cuda,HIT,end_to_end,Full-S1,True,3,21,9.078875998966396
cuda,HIT,end_to_end,Full-S1,True,3,22,9.090345003642142
cuda,HIT,end_to_end,Full-S1,True,3,23,9.10959200700745
cuda,HIT,end_to_end,Full-S1,True,3,24,9.115396998822689
cuda,HIT,end_to_end,Full-S1,True,3,25,9.082367992959917
cuda,HIT,end_to_end,Full-S1,True,3,26,9.043077996466309
cuda,HIT,end_to_end,Full-S1,True,3,27,9.061062010005116
cuda,HIT,end_to_end,Full-S1,True,3,28,9.064488986041397
cuda,HIT,end_to_end,Full-S1,True,3,29,9.102799987886101
cuda,HIT,end_to_end,Full-S1,True,3,30,9.10268200095743
cuda,HIT,end_to_end,Full-S1,True,3,31,9.072290966287255
cuda,HIT,end_to_end,Full-S1,True,3,32,9.08425502711907
cuda,HIT,end_to_end,Full-S1,True,3,33,9.084117016755044
cuda,HIT,end_to_end,Full-S1,True,3,34,9.057739982381463
cuda,HIT,end_to_end,Full-S1,True,3,35,9.072021988686174
cuda,HIT,end_to_end,Full-S1,True,3,36,9.101842006202787
cuda,HIT,end_to_end,Full-S1,True,3,37,9.137407003436238
cuda,HIT,end_to_end,Full-S1,True,3,38,9.073707973584533
cuda,HIT,end_to_end,Full-S1,True,3,39,9.043880039826035
cuda,HIT,end_to_end,Full-S1,True,3,40,9.116531000472605
cuda,HIT,end_to_end,Full-S1,True,3,41,9.078964998479933
cuda,HIT,end_to_end,Full-S1,True,3,42,9.094235021620989
cuda,HIT,end_to_end,Full-S1,True,3,43,9.114923945162445
cuda,HIT,end_to_end,Full-S1,True,3,44,9.090077015571296
cuda,HIT,end_to_end,Full-S1,True,3,45,9.066439990419894
cuda,HIT,end_to_end,Full-S1,True,3,46,9.090751991607249
cuda,HIT,end_to_end,Full-S1,True,3,47,9.155829960945994
cuda,HIT,end_to_end,Full-S1,True,3,48,9.0937539935112
cuda,HIT,end_to_end,Full-S1,True,3,49,9.086100035347044
cuda,HIT,end_to_end,Full-S1,True,3,50,9.114577958825976
cuda,HIT,end_to_end,Full-S1,True,3,51,9.068896993994713
cuda,HIT,end_to_end,Full-S1,True,3,52,9.063094039447606
cuda,HIT,end_to_end,Full-S1,True,3,53,9.099607996176928
cuda,HIT,end_to_end,Full-S1,True,3,54,9.098092967178673
cuda,HIT,end_to_end,Full-S1,True,3,55,9.094154986087233
cuda,HIT,end_to_end,Full-S1,True,3,56,9.104348020628095
cuda,HIT,end_to_end,Full-S1,True,3,57,9.11127805011347
cuda,HIT,end_to_end,Full-S1,True,3,58,9.08236502436921
cuda,HIT,end_to_end,Full-S1,True,3,59,9.10266995197162
cuda,HIT,end_to_end,Full-S1,True,3,60,9.12915199296549
cuda,HIT,end_to_end,Full-S1,True,3,61,9.072938992176205
cuda,HIT,end_to_end,Full-S1,True,3,62,9.08165198052302
cuda,HIT,end_to_end,Full-S1,True,3,63,9.088020015042275
cuda,HIT,end_to_end,Full-S1,True,3,64,9.090731968171895
cuda,HIT,end_to_end,Full-S1,True,3,65,9.125854005105793
cuda,HIT,end_to_end,Full-S1,True,3,66,9.124531003180891
cuda,HIT,end_to_end,Full-S1,True,3,67,9.068164974451065
cuda,HIT,end_to_end,Full-S1,True,3,68,9.081316995434463
cuda,HIT,end_to_end,Full-S1,True,3,69,9.066068974789232
cuda,HIT,end_to_end,Full-S1,True,3,70,9.060811949893832
cuda,HIT,end_to_end,Full-S1,True,3,71,9.069002990145236
cuda,HIT,end_to_end,Full-S1,True,3,72,9.11043700762093
cuda,HIT,end_to_end,Full-S1,True,3,73,9.105252975132316
cuda,HIT,end_to_end,Full-S1,True,3,74,9.080617979634553
cuda,HIT,end_to_end,Full-S1,True,3,75,9.094880020711571
cuda,HIT,end_to_end,Full-S1,True,3,76,9.103108022827655
cuda,HIT,end_to_end,Full-S1,True,3,77,9.110169019550085
cuda,HIT,end_to_end,Full-S1,True,3,78,9.092603984754533
cuda,HIT,end_to_end,Full-S1,True,3,79,9.107533958740532
cuda,HIT,end_to_end,Full-S1,True,3,80,9.093011962249875
cuda,HIT,end_to_end,Full-S1,True,3,81,9.121690003667027
cuda,HIT,end_to_end,Full-S1,True,3,82,9.074518049601465
cuda,HIT,end_to_end,Full-S1,True,3,83,9.145568998064846
cuda,HIT,end_to_end,Full-S1,True,3,84,9.070457017514855
cuda,HIT,end_to_end,Full-S1,True,3,85,9.045785991474986
cuda,HIT,end_to_end,Full-S1,True,3,86,9.071574022527784
cuda,HIT,end_to_end,Full-S1,True,3,87,9.097491973079741
cuda,HIT,end_to_end,Full-S1,True,3,88,9.12685098592192
cuda,HIT,end_to_end,Full-S1,True,3,89,9.112204948905855
cuda,HIT,end_to_end,Full-S1,True,3,90,9.069956955499947
cuda,HIT,end_to_end,Full-S1,True,3,91,9.090462990570813
cuda,HIT,end_to_end,Full-S1,True,3,92,9.100662951823324
cuda,HIT,end_to_end,Full-S1,True,3,93,9.092605963815004
cuda,HIT,end_to_end,Full-S1,True,3,94,9.04411100782454
cuda,HIT,end_to_end,Full-S1,True,3,95,9.115579014178365
cuda,HIT,end_to_end,Full-S1,True,3,96,9.083991986699402
cuda,HIT,end_to_end,Full-S1,True,3,97,9.12829500157386
cuda,HIT,end_to_end,Full-S1,True,3,98,9.116541012190282
cuda,HIT,end_to_end,Full-S1,True,3,99,9.075689944438636
cuda,HIT,end_to_end,Full-S1,True,3,100,9.10067604854703
cuda,HIT,end_to_end,Full-S1,True,3,101,9.092808002606034
cuda,HIT,end_to_end,Full-S1,True,3,102,9.058670024387538
cuda,HIT,end_to_end,Full-S1,True,3,103,9.077564987819642
cuda,HIT,end_to_end,Full-S1,True,3,104,9.073415014427155
cuda,HIT,end_to_end,Full-S1,True,3,105,9.085398050956428
cuda,HIT,end_to_end,Full-S1,True,3,106,9.10355499945581
cuda,HIT,end_to_end,Full-S1,True,3,107,9.096310008317232
cuda,HIT,end_to_end,Full-S1,True,3,108,9.100443974602968
cuda,HIT,end_to_end,Full-S1,True,3,109,9.078220988158137
cuda,HIT,end_to_end,Full-S1,True,3,110,9.119113034103066
cuda,HIT,end_to_end,Full-S1,True,3,111,9.086253005079925
cuda,HIT,end_to_end,Full-S1,True,3,112,9.064688987564296
cuda,HIT,end_to_end,Full-S1,True,3,113,9.115752996876836
cuda,HIT,end_to_end,Full-S1,True,3,114,9.118739981204271
cuda,HIT,end_to_end,Full-S1,True,3,115,9.103097021579742
cuda,HIT,end_to_end,Full-S1,True,3,116,9.140390029642731
cuda,HIT,end_to_end,Full-S1,True,3,117,9.094372973777354
cuda,HIT,end_to_end,Full-S1,True,3,118,9.08403197536245
cuda,HIT,end_to_end,Full-S1,True,3,119,9.089190978556871
cuda,HIT,end_to_end,Full-S1,True,3,120,9.093814995139837
cuda,HIT,end_to_end,Full-S1,True,3,121,9.093058994039893
cuda,HIT,end_to_end,Full-S1,True,3,122,9.095288987737149
cuda,HIT,end_to_end,Full-S1,True,3,123,9.070393978618085
cuda,HIT,end_to_end,Full-S1,True,3,124,9.05394001165405
cuda,HIT,end_to_end,Full-S1,True,3,125,9.112845989875495
cuda,HIT,end_to_end,Full-S1,True,3,126,9.11365303909406
cuda,HIT,end_to_end,Full-S1,True,3,127,9.09110700013116
cuda,HIT,end_to_end,Full-S1,True,3,128,9.103133983444422
cuda,HIT,end_to_end,Full-S1,True,3,129,9.12737101316452
cuda,HIT,end_to_end,Full-S1,True,3,130,9.090621955692768
cuda,HIT,end_to_end,Full-S1,True,3,131,9.055292000994086
cuda,HIT,end_to_end,Full-S1,True,3,132,9.069843974430114
cuda,HIT,end_to_end,Full-S1,True,3,133,9.118408022914082
cuda,HIT,end_to_end,Full-S1,True,3,134,9.107557008974254
cuda,HIT,end_to_end,Full-S1,True,3,135,9.099319984670728
cuda,HIT,end_to_end,Full-S1,True,3,136,9.105630044359714
cuda,HIT,end_to_end,Full-S1,True,3,137,9.098508046008646
cuda,HIT,end_to_end,Full-S1,True,3,138,9.115374006796628
cuda,HIT,end_to_end,Full-S1,True,3,139,9.081115014851093
cuda,HIT,end_to_end,Full-S1,True,3,140,9.103885036893189
cuda,HIT,end_to_end,Full-S1,True,3,141,9.098036971408874
cuda,HIT,end_to_end,Full-S1,True,3,142,9.056159004103392
cuda,HIT,end_to_end,Full-S1,True,3,143,9.061274991836399
cuda,HIT,end_to_end,Full-S1,True,3,144,9.061806020326912
cuda,HIT,end_to_end,Full-S1,True,3,145,9.11275000544265
cuda,HIT,end_to_end,Full-S1,True,3,146,9.135110944043845
cuda,HIT,end_to_end,Full-S1,True,3,147,9.072241024114192
cuda,HIT,end_to_end,Full-S1,True,3,148,9.087965008802712
cuda,HIT,end_to_end,Full-S1,True,3,149,9.13037097780034
cuda,HIT,end_to_end,Full-S1,True,3,150,9.06605995260179
cuda,HIT,end_to_end,Full-S1,True,3,151,9.071706037502736
cuda,HIT,end_to_end,Full-S1,True,3,152,9.11327701760456
cuda,HIT,end_to_end,Full-S1,True,3,153,9.092230000533164
cuda,HIT,end_to_end,Full-S1,True,3,154,9.09167097415775
cuda,HIT,end_to_end,Full-S1,True,3,155,9.069105959497392
cuda,HIT,end_to_end,Full-S1,True,3,156,9.09404904814437
cuda,HIT,end_to_end,Full-S1,True,3,157,9.074889996554703
cuda,HIT,end_to_end,Full-S1,True,3,158,9.06467402819544
cuda,HIT,end_to_end,Full-S1,True,3,159,9.100313007365912
cuda,HIT,end_to_end,Full-S1,True,3,160,9.084268007427454
cuda,HIT,end_to_end,Full-S1,True,3,161,9.074086032342166
cuda,HIT,end_to_end,Full-S1,True,3,162,9.090801002457738
cuda,HIT,end_to_end,Full-S1,True,3,163,9.07584500964731
cuda,HIT,end_to_end,Full-S1,True,3,164,9.09001799300313
cuda,HIT,end_to_end,Full-S1,True,3,165,9.08458704361692
cuda,HIT,end_to_end,Full-S1,True,3,166,9.063240024261177
cuda,HIT,end_to_end,Full-S1,True,3,167,9.082311007659882
cuda,HIT,end_to_end,Full-S1,True,3,168,9.08462901134044
cuda,HIT,end_to_end,Full-S1,True,3,169,9.090143023058772
cuda,HIT,end_to_end,Full-S1,True,3,170,9.114326036069542
cuda,HIT,end_to_end,Full-S1,True,3,171,9.111310995649546
cuda,HIT,end_to_end,Full-S1,True,3,172,9.071348002180457
cuda,HIT,end_to_end,Full-S1,True,3,173,9.074344008695334
cuda,HIT,end_to_end,Full-S1,True,3,174,9.12080000853166
cuda,HIT,end_to_end,Full-S1,True,3,175,9.132641018368304
cuda,HIT,end_to_end,Full-S1,True,3,176,9.115285996813327
cuda,HIT,end_to_end,Full-S1,True,3,177,9.117794979829341
cuda,HIT,end_to_end,Full-S1,True,3,178,9.06512700021267
cuda,HIT,end_to_end,Full-S1,True,3,179,9.125385025981814
cuda,HIT,end_to_end,Full-S1,True,3,180,9.10201802616939
cuda,HIT,end_to_end,Full-S1,True,3,181,9.082468051929027
cuda,HIT,end_to_end,Full-S1,True,3,182,9.101102012209594
cuda,HIT,end_to_end,Full-S1,True,3,183,9.08472394803539
cuda,HIT,end_to_end,Full-S1,True,3,184,9.103096963372082
cuda,HIT,end_to_end,Full-S1,True,3,185,9.080160991288722
cuda,HIT,end_to_end,Full-S1,True,3,186,9.041143988724798
cuda,HIT,end_to_end,Full-S1,True,3,187,9.111334977205843
cuda,HIT,end_to_end,Full-S1,True,3,188,9.088527003768831
cuda,HIT,end_to_end,Full-S1,True,3,189,9.080077987164259
cuda,HIT,end_to_end,Full-S1,True,3,190,9.111148014198989
cuda,HIT,end_to_end,Full-S1,True,3,191,9.056248003616929
cuda,HIT,end_to_end,Full-S1,True,3,192,9.07626299886033
cuda,HIT,end_to_end,Full-S1,True,3,193,9.122085000853986
cuda,HIT,end_to_end,Full-S1,True,3,194,9.093524946365505
cuda,HIT,end_to_end,Full-S1,True,3,195,9.066907048691064
cuda,HIT,end_to_end,Full-S1,True,3,196,9.112611005548388
cuda,HIT,end_to_end,Full-S1,True,3,197,9.066933998838067
cuda,HIT,end_to_end,Full-S1,True,3,198,9.086169011425227
cuda,HIT,end_to_end,Full-S1,True,3,199,9.094104985706508
cuda,HIT,end_to_end,Full-S1,True,3,200,9.129226964432746
cuda,HIT,end_to_end,Full-S1,True,3,201,9.051431028638035
cuda,HIT,end_to_end,Full-S1,True,3,202,9.066121012438089
cuda,HIT,end_to_end,Full-S1,True,3,203,9.085197001695633
cuda,HIT,end_to_end,Full-S1,True,3,204,9.104923985432833
cuda,HIT,end_to_end,Full-S1,True,3,205,9.087737009394914
cuda,HIT,end_to_end,Full-S1,True,3,206,9.12190304370597
cuda,HIT,end_to_end,Full-S1,True,3,207,9.108469006605446
cuda,HIT,end_to_end,Full-S1,True,3,208,9.062555967830122
cuda,HIT,end_to_end,Full-S1,True,3,209,9.066822996828705
cuda,HIT,end_to_end,Full-S1,True,3,210,9.086176985874772
cuda,HIT,end_to_end,Full-S1,True,3,211,9.079509996809065
cuda,HIT,end_to_end,Full-S1,True,3,212,9.072841028682888
cuda,HIT,end_to_end,Full-S1,True,3,213,9.069580002687871
cuda,HIT,end_to_end,Full-S1,True,3,214,9.084598976187408
cuda,HIT,end_to_end,Full-S1,True,3,215,9.127899014856666
cuda,HIT,end_to_end,Full-S1,True,3,216,9.118154994212091
cuda,HIT,end_to_end,Full-S1,True,3,217,9.110750979743898
cuda,HIT,end_to_end,Full-S1,True,3,218,9.102510986849666
cuda,HIT,end_to_end,Full-S1,True,3,219,9.074311004951596
cuda,HIT,end_to_end,Full-S1,True,3,220,9.081344993319362
cuda,HIT,end_to_end,Full-S1,True,3,221,9.109395032282919
cuda,HIT,end_to_end,Full-S1,True,3,222,9.099657007027417
cuda,HIT,end_to_end,Full-S1,True,3,223,9.063794976100326
cuda,HIT,end_to_end,Full-S1,True,3,224,9.097243950236589
cuda,HIT,end_to_end,Full-S1,True,3,225,9.078208007849753
cuda,HIT,end_to_end,Full-S1,True,3,226,9.10345301963389
cuda,HIT,end_to_end,Full-S1,True,3,227,9.079930954612792
cuda,HIT,end_to_end,Full-S1,True,3,228,9.107613994274288
cuda,HIT,end_to_end,Full-S1,True,3,229,9.11385501967743
cuda,HIT,end_to_end,Full-S1,True,3,230,9.1139129945077
cuda,HIT,end_to_end,Full-S1,True,3,231,9.08244599122554
cuda,HIT,end_to_end,Full-S1,True,3,232,9.118358953855932
cuda,HIT,end_to_end,Full-S1,True,3,233,9.0801430051215
cuda,HIT,end_to_end,Full-S1,True,3,234,9.079505980480462
cuda,HIT,end_to_end,Full-S1,True,3,235,9.089177008718252
cuda,HIT,end_to_end,Full-S1,True,3,236,9.136806009337306
cuda,HIT,end_to_end,Full-S1,True,3,237,9.076396003365517
cuda,HIT,end_to_end,Full-S1,True,3,238,9.124449046794325
cuda,HIT,end_to_end,Full-S1,True,3,239,9.10604395903647
cuda,HIT,end_to_end,Full-S1,True,3,240,9.117569017689675
cuda,HIT,end_to_end,Full-S1,True,3,241,9.105186036322266
cuda,HIT,end_to_end,Full-S1,True,3,242,9.032348985783756
cuda,HIT,end_to_end,Full-S1,True,3,243,9.0667589684017
cuda,HIT,end_to_end,Full-S1,True,3,244,9.093058004509658
cuda,HIT,end_to_end,Full-S1,True,3,245,9.111549006775022
cuda,HIT,end_to_end,Full-S1,True,3,246,9.133488987572491
cuda,HIT,end_to_end,Full-S1,True,3,247,9.090757986996323
cuda,HIT,end_to_end,Full-S1,True,3,248,9.097022993955761
cuda,HIT,end_to_end,Full-S1,True,3,249,9.098763985093683
cuda,MAFAULDA,model_only,Full-S1,True,0,0,7.825283973943442
cuda,MAFAULDA,model_only,Full-S1,True,0,1,7.79278198024258
cuda,MAFAULDA,model_only,Full-S1,True,0,2,7.8863329836167395
cuda,MAFAULDA,model_only,Full-S1,True,0,3,7.836682954803109
cuda,MAFAULDA,model_only,Full-S1,True,0,4,7.794694975018501
cuda,MAFAULDA,model_only,Full-S1,True,0,5,7.81366101000458
cuda,MAFAULDA,model_only,Full-S1,True,0,6,7.837451004888862
cuda,MAFAULDA,model_only,Full-S1,True,0,7,7.805258966982365
cuda,MAFAULDA,model_only,Full-S1,True,0,8,7.758477993775159
cuda,MAFAULDA,model_only,Full-S1,True,0,9,7.770152995362878
cuda,MAFAULDA,model_only,Full-S1,True,0,10,7.794380944687873
cuda,MAFAULDA,model_only,Full-S1,True,0,11,7.774842029903084
cuda,MAFAULDA,model_only,Full-S1,True,0,12,7.82784097827971
cuda,MAFAULDA,model_only,Full-S1,True,0,13,7.784104032907635
cuda,MAFAULDA,model_only,Full-S1,True,0,14,7.800385996233672
cuda,MAFAULDA,model_only,Full-S1,True,0,15,7.776412006933242
cuda,MAFAULDA,model_only,Full-S1,True,0,16,7.761166954878718
cuda,MAFAULDA,model_only,Full-S1,True,0,17,7.801714004017413
cuda,MAFAULDA,model_only,Full-S1,True,0,18,7.814229000359774
cuda,MAFAULDA,model_only,Full-S1,True,0,19,7.833193987607956
cuda,MAFAULDA,model_only,Full-S1,True,0,20,7.81691400334239
cuda,MAFAULDA,model_only,Full-S1,True,0,21,7.840541016776115
cuda,MAFAULDA,model_only,Full-S1,True,0,22,7.88042601197958
cuda,MAFAULDA,model_only,Full-S1,True,0,23,7.765243004541844
cuda,MAFAULDA,model_only,Full-S1,True,0,24,7.8147060121409595
cuda,MAFAULDA,model_only,Full-S1,True,0,25,7.783073000609875
cuda,MAFAULDA,model_only,Full-S1,True,0,26,7.84093898255378
cuda,MAFAULDA,model_only,Full-S1,True,0,27,7.769618008751422
cuda,MAFAULDA,model_only,Full-S1,True,0,28,7.878507953137159
cuda,MAFAULDA,model_only,Full-S1,True,0,29,7.813011994585395
cuda,MAFAULDA,model_only,Full-S1,True,0,30,7.851096976082772
cuda,MAFAULDA,model_only,Full-S1,True,0,31,7.82412599073723
cuda,MAFAULDA,model_only,Full-S1,True,0,32,7.7909009996801615
cuda,MAFAULDA,model_only,Full-S1,True,0,33,7.820312981493771
cuda,MAFAULDA,model_only,Full-S1,True,0,34,7.777905964758247
cuda,MAFAULDA,model_only,Full-S1,True,0,35,7.8265490010380745
cuda,MAFAULDA,model_only,Full-S1,True,0,36,7.79614900238812
cuda,MAFAULDA,model_only,Full-S1,True,0,37,7.749635027721524
cuda,MAFAULDA,model_only,Full-S1,True,0,38,7.773198012728244
cuda,MAFAULDA,model_only,Full-S1,True,0,39,7.8689969959668815
cuda,MAFAULDA,model_only,Full-S1,True,0,40,7.756638980936259
cuda,MAFAULDA,model_only,Full-S1,True,0,41,7.889294996857643
cuda,MAFAULDA,model_only,Full-S1,True,0,42,7.763313013128936
cuda,MAFAULDA,model_only,Full-S1,True,0,43,7.8052550088614225
cuda,MAFAULDA,model_only,Full-S1,True,0,44,7.809258997440338
cuda,MAFAULDA,model_only,Full-S1,True,0,45,7.795081008225679
cuda,MAFAULDA,model_only,Full-S1,True,0,46,7.794261968228966
cuda,MAFAULDA,model_only,Full-S1,True,0,47,7.850107038393617
cuda,MAFAULDA,model_only,Full-S1,True,0,48,7.784635003190488
cuda,MAFAULDA,model_only,Full-S1,True,0,49,7.803830958437175
cuda,MAFAULDA,model_only,Full-S1,True,0,50,7.771285017952323
cuda,MAFAULDA,model_only,Full-S1,True,0,51,7.792885007802397
cuda,MAFAULDA,model_only,Full-S1,True,0,52,7.772330020088702
cuda,MAFAULDA,model_only,Full-S1,True,0,53,7.838872028514743
cuda,MAFAULDA,model_only,Full-S1,True,0,54,7.774616999085993
cuda,MAFAULDA,model_only,Full-S1,True,0,55,7.786018017213792
cuda,MAFAULDA,model_only,Full-S1,True,0,56,7.770464988425374
cuda,MAFAULDA,model_only,Full-S1,True,0,57,7.762630004435778
cuda,MAFAULDA,model_only,Full-S1,True,0,58,7.814217999111861
cuda,MAFAULDA,model_only,Full-S1,True,0,59,8.004444011021405
cuda,MAFAULDA,model_only,Full-S1,True,0,60,7.862446014769375
cuda,MAFAULDA,model_only,Full-S1,True,0,61,8.239355986006558
cuda,MAFAULDA,model_only,Full-S1,True,0,62,8.266443037427962
cuda,MAFAULDA,model_only,Full-S1,True,0,63,8.17725103115663
cuda,MAFAULDA,model_only,Full-S1,True,0,64,7.881905999965966
cuda,MAFAULDA,model_only,Full-S1,True,0,65,7.886303996201605
cuda,MAFAULDA,model_only,Full-S1,True,0,66,7.791051990352571
cuda,MAFAULDA,model_only,Full-S1,True,0,67,7.947209000121802
cuda,MAFAULDA,model_only,Full-S1,True,0,68,7.81995605211705
cuda,MAFAULDA,model_only,Full-S1,True,0,69,7.811937015503645
cuda,MAFAULDA,model_only,Full-S1,True,0,70,7.7687809825874865
cuda,MAFAULDA,model_only,Full-S1,True,0,71,7.838710036594421
cuda,MAFAULDA,model_only,Full-S1,True,0,72,7.783439010381699
cuda,MAFAULDA,model_only,Full-S1,True,0,73,7.784706016536802
cuda,MAFAULDA,model_only,Full-S1,True,0,74,7.825908018276095
cuda,MAFAULDA,model_only,Full-S1,True,0,75,7.83442601095885
cuda,MAFAULDA,model_only,Full-S1,True,0,76,7.79529003193602
cuda,MAFAULDA,model_only,Full-S1,True,0,77,7.793657016009092
cuda,MAFAULDA,model_only,Full-S1,True,0,78,7.771942997351289
cuda,MAFAULDA,model_only,Full-S1,True,0,79,7.760945009067655
cuda,MAFAULDA,model_only,Full-S1,True,0,80,7.789505005348474
cuda,MAFAULDA,model_only,Full-S1,True,0,81,7.8066380228847265
cuda,MAFAULDA,model_only,Full-S1,True,0,82,7.8056660131551325
cuda,MAFAULDA,model_only,Full-S1,True,0,83,7.779896026477218
cuda,MAFAULDA,model_only,Full-S1,True,0,84,7.860307989176363
cuda,MAFAULDA,model_only,Full-S1,True,0,85,7.805382017977536
cuda,MAFAULDA,model_only,Full-S1,True,0,86,7.810360984876752
cuda,MAFAULDA,model_only,Full-S1,True,0,87,7.77776597533375
cuda,MAFAULDA,model_only,Full-S1,True,0,88,7.800009043421596
cuda,MAFAULDA,model_only,Full-S1,True,0,89,7.798822014592588
cuda,MAFAULDA,model_only,Full-S1,True,0,90,7.799738028552383
cuda,MAFAULDA,model_only,Full-S1,True,0,91,7.771860982757062
cuda,MAFAULDA,model_only,Full-S1,True,0,92,7.813399948645383
cuda,MAFAULDA,model_only,Full-S1,True,0,93,7.820816012099385
cuda,MAFAULDA,model_only,Full-S1,True,0,94,7.792118994984776
cuda,MAFAULDA,model_only,Full-S1,True,0,95,7.790328003466129
cuda,MAFAULDA,model_only,Full-S1,True,0,96,7.847070985008031
cuda,MAFAULDA,model_only,Full-S1,True,0,97,7.787966984324157
cuda,MAFAULDA,model_only,Full-S1,True,0,98,7.802288047969341
cuda,MAFAULDA,model_only,Full-S1,True,0,99,7.786757021676749
cuda,MAFAULDA,model_only,Full-S1,True,0,100,7.811984978616238
cuda,MAFAULDA,model_only,Full-S1,True,0,101,7.777293038088828
cuda,MAFAULDA,model_only,Full-S1,True,0,102,7.78600899502635
cuda,MAFAULDA,model_only,Full-S1,True,0,103,7.763292989693582
cuda,MAFAULDA,model_only,Full-S1,True,0,104,7.775981037411839
cuda,MAFAULDA,model_only,Full-S1,True,0,105,7.778336992487311
cuda,MAFAULDA,model_only,Full-S1,True,0,106,7.795214012730867
cuda,MAFAULDA,model_only,Full-S1,True,0,107,7.792097982019186
cuda,MAFAULDA,model_only,Full-S1,True,0,108,7.885272963903844
cuda,MAFAULDA,model_only,Full-S1,True,0,109,7.875308976508677
cuda,MAFAULDA,model_only,Full-S1,True,0,110,7.827546971384436
cuda,MAFAULDA,model_only,Full-S1,True,0,111,7.800713006872684
cuda,MAFAULDA,model_only,Full-S1,True,0,112,7.768851995933801
cuda,MAFAULDA,model_only,Full-S1,True,0,113,7.774388010147959
cuda,MAFAULDA,model_only,Full-S1,True,0,114,7.771343050990254
cuda,MAFAULDA,model_only,Full-S1,True,0,115,7.807168993167579
cuda,MAFAULDA,model_only,Full-S1,True,0,116,7.780789979733527
cuda,MAFAULDA,model_only,Full-S1,True,0,117,8.184444042854011
cuda,MAFAULDA,model_only,Full-S1,True,0,118,7.8777719754725695
cuda,MAFAULDA,model_only,Full-S1,True,0,119,7.823661959264427
cuda,MAFAULDA,model_only,Full-S1,True,0,120,7.784915971569717
cuda,MAFAULDA,model_only,Full-S1,True,0,121,7.936368987429887
cuda,MAFAULDA,model_only,Full-S1,True,0,122,7.821402978152037
cuda,MAFAULDA,model_only,Full-S1,True,0,123,7.777883030939847
cuda,MAFAULDA,model_only,Full-S1,True,0,124,7.795849000103772
cuda,MAFAULDA,model_only,Full-S1,True,0,125,7.7982579823583364
cuda,MAFAULDA,model_only,Full-S1,True,0,126,7.800987979862839
cuda,MAFAULDA,model_only,Full-S1,True,0,127,7.801154977642
cuda,MAFAULDA,model_only,Full-S1,True,0,128,7.785654976032674
cuda,MAFAULDA,model_only,Full-S1,True,0,129,7.803738000802696
cuda,MAFAULDA,model_only,Full-S1,True,0,130,7.820409024134278
cuda,MAFAULDA,model_only,Full-S1,True,0,131,7.797906990163028
cuda,MAFAULDA,model_only,Full-S1,True,0,132,7.759378000628203
cuda,MAFAULDA,model_only,Full-S1,True,0,133,7.809559989254922
cuda,MAFAULDA,model_only,Full-S1,True,0,134,7.80510698677972
cuda,MAFAULDA,model_only,Full-S1,True,0,135,7.784237968735397
cuda,MAFAULDA,model_only,Full-S1,True,0,136,7.781359017826617
cuda,MAFAULDA,model_only,Full-S1,True,0,137,7.7822330058552325
cuda,MAFAULDA,model_only,Full-S1,True,0,138,7.793691009283066
cuda,MAFAULDA,model_only,Full-S1,True,0,139,7.7759590349160135
cuda,MAFAULDA,model_only,Full-S1,True,0,140,7.788460003212094
cuda,MAFAULDA,model_only,Full-S1,True,0,141,7.758560997899622
cuda,MAFAULDA,model_only,Full-S1,True,0,142,7.806445995811373
cuda,MAFAULDA,model_only,Full-S1,True,0,143,7.782475033309311
cuda,MAFAULDA,model_only,Full-S1,True,0,144,7.804482011124492
cuda,MAFAULDA,model_only,Full-S1,True,0,145,7.779642008244991
cuda,MAFAULDA,model_only,Full-S1,True,0,146,7.798293023370206
cuda,MAFAULDA,model_only,Full-S1,True,0,147,7.784504035953432
cuda,MAFAULDA,model_only,Full-S1,True,0,148,7.773144985549152
cuda,MAFAULDA,model_only,Full-S1,True,0,149,7.781240972690284
cuda,MAFAULDA,model_only,Full-S1,True,0,150,7.858512050006539
cuda,MAFAULDA,model_only,Full-S1,True,0,151,7.805405999533832
cuda,MAFAULDA,model_only,Full-S1,True,0,152,7.8274449915625155
cuda,MAFAULDA,model_only,Full-S1,True,0,153,7.800402003340423
cuda,MAFAULDA,model_only,Full-S1,True,0,154,7.7903440105728805
cuda,MAFAULDA,model_only,Full-S1,True,0,155,7.786360976751894
cuda,MAFAULDA,model_only,Full-S1,True,0,156,7.774737954605371
cuda,MAFAULDA,model_only,Full-S1,True,0,157,7.829948037397116
cuda,MAFAULDA,model_only,Full-S1,True,0,158,7.844683015719056
cuda,MAFAULDA,model_only,Full-S1,True,0,159,7.886108011007309
cuda,MAFAULDA,model_only,Full-S1,True,0,160,7.752573990728706
cuda,MAFAULDA,model_only,Full-S1,True,0,161,7.786775997374207
cuda,MAFAULDA,model_only,Full-S1,True,0,162,7.830872025806457
cuda,MAFAULDA,model_only,Full-S1,True,0,163,7.782239001244307
cuda,MAFAULDA,model_only,Full-S1,True,0,164,7.817203993909061
cuda,MAFAULDA,model_only,Full-S1,True,0,165,7.773985038511455
cuda,MAFAULDA,model_only,Full-S1,True,0,166,7.778848987072706
cuda,MAFAULDA,model_only,Full-S1,True,0,167,7.83778796903789
cuda,MAFAULDA,model_only,Full-S1,True,0,168,7.781005988363177
cuda,MAFAULDA,model_only,Full-S1,True,0,169,7.803536020219326
cuda,MAFAULDA,model_only,Full-S1,True,0,170,7.773165008984506
cuda,MAFAULDA,model_only,Full-S1,True,0,171,7.802779029589146
cuda,MAFAULDA,model_only,Full-S1,True,0,172,7.794321980327368
cuda,MAFAULDA,model_only,Full-S1,True,0,173,7.7718659886159
cuda,MAFAULDA,model_only,Full-S1,True,0,174,7.824605039786547
cuda,MAFAULDA,model_only,Full-S1,True,0,175,7.896127994172275
cuda,MAFAULDA,model_only,Full-S1,True,0,176,7.81829800689593
cuda,MAFAULDA,model_only,Full-S1,True,0,177,7.807982969097793
cuda,MAFAULDA,model_only,Full-S1,True,0,178,7.814813987351954
cuda,MAFAULDA,model_only,Full-S1,True,0,179,7.817914010956883
cuda,MAFAULDA,model_only,Full-S1,True,0,180,7.822346000466496
cuda,MAFAULDA,model_only,Full-S1,True,0,181,7.842557039111853
cuda,MAFAULDA,model_only,Full-S1,True,0,182,7.773706980515271
cuda,MAFAULDA,model_only,Full-S1,True,0,183,7.813498028554022
cuda,MAFAULDA,model_only,Full-S1,True,0,184,7.881591969635338
cuda,MAFAULDA,model_only,Full-S1,True,0,185,7.8005079994909465
cuda,MAFAULDA,model_only,Full-S1,True,0,186,7.796836027409881
cuda,MAFAULDA,model_only,Full-S1,True,0,187,7.796852965839207
cuda,MAFAULDA,model_only,Full-S1,True,0,188,7.7988660195842385
cuda,MAFAULDA,model_only,Full-S1,True,0,189,7.827492023352534
cuda,MAFAULDA,model_only,Full-S1,True,0,190,8.077681995928288
cuda,MAFAULDA,model_only,Full-S1,True,0,191,8.122658997308463
cuda,MAFAULDA,model_only,Full-S1,True,0,192,7.9414499923586845
cuda,MAFAULDA,model_only,Full-S1,True,0,193,7.8994869836606085
cuda,MAFAULDA,model_only,Full-S1,True,0,194,7.8031959710642695
cuda,MAFAULDA,model_only,Full-S1,True,0,195,7.875010021962225
cuda,MAFAULDA,model_only,Full-S1,True,0,196,7.796482008416206
cuda,MAFAULDA,model_only,Full-S1,True,0,197,7.827341964002699
cuda,MAFAULDA,model_only,Full-S1,True,0,198,7.802502950653434
cuda,MAFAULDA,model_only,Full-S1,True,0,199,7.809253002051264
cuda,MAFAULDA,model_only,Full-S1,True,0,200,7.804298016708344
cuda,MAFAULDA,model_only,Full-S1,True,0,201,7.797942031174898
cuda,MAFAULDA,model_only,Full-S1,True,0,202,7.803009997587651
cuda,MAFAULDA,model_only,Full-S1,True,0,203,7.831880997400731
cuda,MAFAULDA,model_only,Full-S1,True,0,204,7.783422013744712
cuda,MAFAULDA,model_only,Full-S1,True,0,205,7.763321045786142
cuda,MAFAULDA,model_only,Full-S1,True,0,206,7.763649977277964
cuda,MAFAULDA,model_only,Full-S1,True,0,207,7.7692680060863495
cuda,MAFAULDA,model_only,Full-S1,True,0,208,7.786453003063798
cuda,MAFAULDA,model_only,Full-S1,True,0,209,7.774587953463197
cuda,MAFAULDA,model_only,Full-S1,True,0,210,7.835853029973805
cuda,MAFAULDA,model_only,Full-S1,True,0,211,7.831719005480409
cuda,MAFAULDA,model_only,Full-S1,True,0,212,7.871587993577123
cuda,MAFAULDA,model_only,Full-S1,True,0,213,7.809614005964249
cuda,MAFAULDA,model_only,Full-S1,True,0,214,7.7967989491298795
cuda,MAFAULDA,model_only,Full-S1,True,0,215,7.8262510360218585
cuda,MAFAULDA,model_only,Full-S1,True,0,216,7.838212011847645
cuda,MAFAULDA,model_only,Full-S1,True,0,217,7.808947004377842
cuda,MAFAULDA,model_only,Full-S1,True,0,218,7.8154109651222825
cuda,MAFAULDA,model_only,Full-S1,True,0,219,7.789104012772441
cuda,MAFAULDA,model_only,Full-S1,True,0,220,7.814464974217117
cuda,MAFAULDA,model_only,Full-S1,True,0,221,7.798807986546308
cuda,MAFAULDA,model_only,Full-S1,True,0,222,7.793788972776383
cuda,MAFAULDA,model_only,Full-S1,True,0,223,7.802454987540841
cuda,MAFAULDA,model_only,Full-S1,True,0,224,7.860132027417421
cuda,MAFAULDA,model_only,Full-S1,True,0,225,7.777580001857132
cuda,MAFAULDA,model_only,Full-S1,True,0,226,7.781996973790228
cuda,MAFAULDA,model_only,Full-S1,True,0,227,7.781062042340636
cuda,MAFAULDA,model_only,Full-S1,True,0,228,7.784004032146186
cuda,MAFAULDA,model_only,Full-S1,True,0,229,7.772006036248058
cuda,MAFAULDA,model_only,Full-S1,True,0,230,7.760538021102548
cuda,MAFAULDA,model_only,Full-S1,True,0,231,7.758075022138655
cuda,MAFAULDA,model_only,Full-S1,True,0,232,7.785975991282612
cuda,MAFAULDA,model_only,Full-S1,True,0,233,7.789366994984448
cuda,MAFAULDA,model_only,Full-S1,True,0,234,7.789973984472454
cuda,MAFAULDA,model_only,Full-S1,True,0,235,7.781769032590091
cuda,MAFAULDA,model_only,Full-S1,True,0,236,7.8894630423747
cuda,MAFAULDA,model_only,Full-S1,True,0,237,7.988277997355908
cuda,MAFAULDA,model_only,Full-S1,True,0,238,7.858633005525917
cuda,MAFAULDA,model_only,Full-S1,True,0,239,7.807652000337839
cuda,MAFAULDA,model_only,Full-S1,True,0,240,7.772662036586553
cuda,MAFAULDA,model_only,Full-S1,True,0,241,7.80552695505321
cuda,MAFAULDA,model_only,Full-S1,True,0,242,7.762271969113499
cuda,MAFAULDA,model_only,Full-S1,True,0,243,7.8005079994909465
cuda,MAFAULDA,model_only,Full-S1,True,0,244,7.763680012430996
cuda,MAFAULDA,model_only,Full-S1,True,0,245,8.205311023630202
cuda,MAFAULDA,model_only,Full-S1,True,0,246,7.934562978334725
cuda,MAFAULDA,model_only,Full-S1,True,0,247,7.832829956896603
cuda,MAFAULDA,model_only,Full-S1,True,0,248,7.829963986296207
cuda,MAFAULDA,model_only,Full-S1,True,0,249,7.820621016435325
cuda,MAFAULDA,model_only,K1,True,0,0,4.247563017997891
cuda,MAFAULDA,model_only,K1,True,0,1,4.188508028164506
cuda,MAFAULDA,model_only,K1,True,0,2,4.22464800067246
cuda,MAFAULDA,model_only,K1,True,0,3,4.207557009067386
cuda,MAFAULDA,model_only,K1,True,0,4,4.2089810012839735
cuda,MAFAULDA,model_only,K1,True,0,5,4.205554025247693
cuda,MAFAULDA,model_only,K1,True,0,6,4.2040489497594535
cuda,MAFAULDA,model_only,K1,True,0,7,4.281568981241435
cuda,MAFAULDA,model_only,K1,True,0,8,4.211766994558275
cuda,MAFAULDA,model_only,K1,True,0,9,4.198890004772693
cuda,MAFAULDA,model_only,K1,True,0,10,4.214644024614245
cuda,MAFAULDA,model_only,K1,True,0,11,4.2077459511347115
cuda,MAFAULDA,model_only,K1,True,0,12,4.195926012471318
cuda,MAFAULDA,model_only,K1,True,0,13,4.19235200388357
cuda,MAFAULDA,model_only,K1,True,0,14,4.208611964713782
cuda,MAFAULDA,model_only,K1,True,0,15,4.213188018184155
cuda,MAFAULDA,model_only,K1,True,0,16,4.208840953651816
cuda,MAFAULDA,model_only,K1,True,0,17,4.263882001396269
cuda,MAFAULDA,model_only,K1,True,0,18,4.18978399829939
cuda,MAFAULDA,model_only,K1,True,0,19,4.2105549946427345
cuda,MAFAULDA,model_only,K1,True,0,20,4.192201013211161
cuda,MAFAULDA,model_only,K1,True,0,21,4.216545028612018
cuda,MAFAULDA,model_only,K1,True,0,22,4.234488005749881
cuda,MAFAULDA,model_only,K1,True,0,23,4.198534996248782
cuda,MAFAULDA,model_only,K1,True,0,24,4.213720967527479
cuda,MAFAULDA,model_only,K1,True,0,25,4.2129019857384264
cuda,MAFAULDA,model_only,K1,True,0,26,4.200147988740355
cuda,MAFAULDA,model_only,K1,True,0,27,4.21791203552857
cuda,MAFAULDA,model_only,K1,True,0,28,4.188607970718294
cuda,MAFAULDA,model_only,K1,True,0,29,4.1823399951681495
cuda,MAFAULDA,model_only,K1,True,0,30,4.210429033264518
cuda,MAFAULDA,model_only,K1,True,0,31,4.213817010167986
cuda,MAFAULDA,model_only,K1,True,0,32,4.2059839470312
cuda,MAFAULDA,model_only,K1,True,0,33,4.215758002828807
cuda,MAFAULDA,model_only,K1,True,0,34,4.187549988273531
cuda,MAFAULDA,model_only,K1,True,0,35,4.184985999017954
cuda,MAFAULDA,model_only,K1,True,0,36,4.181412979960442
cuda,MAFAULDA,model_only,K1,True,0,37,4.210835963021964
cuda,MAFAULDA,model_only,K1,True,0,38,4.205394012387842
cuda,MAFAULDA,model_only,K1,True,0,39,4.222114977892488
cuda,MAFAULDA,model_only,K1,True,0,40,4.208699974697083
cuda,MAFAULDA,model_only,K1,True,0,41,4.206236975733191
cuda,MAFAULDA,model_only,K1,True,0,42,4.246070981025696
cuda,MAFAULDA,model_only,K1,True,0,43,4.212216008454561
cuda,MAFAULDA,model_only,K1,True,0,44,4.2139909928664565
cuda,MAFAULDA,model_only,K1,True,0,45,4.256938002072275
cuda,MAFAULDA,model_only,K1,True,0,46,4.253716964740306
cuda,MAFAULDA,model_only,K1,True,0,47,4.2479580151848495
cuda,MAFAULDA,model_only,K1,True,0,48,4.182067001238465
cuda,MAFAULDA,model_only,K1,True,0,49,4.294295038562268
cuda,MAFAULDA,model_only,K1,True,0,50,4.2538970010355115
cuda,MAFAULDA,model_only,K1,True,0,51,4.181182011961937
cuda,MAFAULDA,model_only,K1,True,0,52,4.293379024602473
cuda,MAFAULDA,model_only,K1,True,0,53,4.21527901198715
cuda,MAFAULDA,model_only,K1,True,0,54,4.239156027324498
cuda,MAFAULDA,model_only,K1,True,0,55,4.215749970171601
cuda,MAFAULDA,model_only,K1,True,0,56,4.180322051979601
cuda,MAFAULDA,model_only,K1,True,0,57,4.200960975140333
cuda,MAFAULDA,model_only,K1,True,0,58,4.215424996800721
cuda,MAFAULDA,model_only,K1,True,0,59,4.194542008917779
cuda,MAFAULDA,model_only,K1,True,0,60,4.3198910425417125
cuda,MAFAULDA,model_only,K1,True,0,61,4.201080999337137
cuda,MAFAULDA,model_only,K1,True,0,62,4.224393982440233
cuda,MAFAULDA,model_only,K1,True,0,63,4.179298994131386
cuda,MAFAULDA,model_only,K1,True,0,64,4.2288280092179775
cuda,MAFAULDA,model_only,K1,True,0,65,4.196066991426051
cuda,MAFAULDA,model_only,K1,True,0,66,4.216430999804288
cuda,MAFAULDA,model_only,K1,True,0,67,4.24451899016276
cuda,MAFAULDA,model_only,K1,True,0,68,4.228661011438817
cuda,MAFAULDA,model_only,K1,True,0,69,4.1849620174616575
cuda,MAFAULDA,model_only,K1,True,0,70,4.192669992335141
cuda,MAFAULDA,model_only,K1,True,0,71,4.206893965601921
cuda,MAFAULDA,model_only,K1,True,0,72,4.218239977490157
cuda,MAFAULDA,model_only,K1,True,0,73,4.221936978865415
cuda,MAFAULDA,model_only,K1,True,0,74,4.197002970613539
cuda,MAFAULDA,model_only,K1,True,0,75,4.269769007805735
cuda,MAFAULDA,model_only,K1,True,0,76,4.2131340014748275
cuda,MAFAULDA,model_only,K1,True,0,77,4.182022006716579
cuda,MAFAULDA,model_only,K1,True,0,78,4.268436983693391
cuda,MAFAULDA,model_only,K1,True,0,79,4.217261972371489
cuda,MAFAULDA,model_only,K1,True,0,80,4.21703903703019
cuda,MAFAULDA,model_only,K1,True,0,81,4.203106975182891
cuda,MAFAULDA,model_only,K1,True,0,82,4.203772987239063
cuda,MAFAULDA,model_only,K1,True,0,83,4.271006037015468
cuda,MAFAULDA,model_only,K1,True,0,84,4.199900024104863
cuda,MAFAULDA,model_only,K1,True,0,85,4.215952998492867
cuda,MAFAULDA,model_only,K1,True,0,86,4.2213230044581
cuda,MAFAULDA,model_only,K1,True,0,87,4.203800985123962
cuda,MAFAULDA,model_only,K1,True,0,88,4.227378987707198
cuda,MAFAULDA,model_only,K1,True,0,89,4.206133016850799
cuda,MAFAULDA,model_only,K1,True,0,90,4.204169032163918
cuda,MAFAULDA,model_only,K1,True,0,91,4.1866410174407065
cuda,MAFAULDA,model_only,K1,True,0,92,4.215621040202677
cuda,MAFAULDA,model_only,K1,True,0,93,4.2113790404982865
cuda,MAFAULDA,model_only,K1,True,0,94,4.2201909818686545
cuda,MAFAULDA,model_only,K1,True,0,95,4.193258995655924
cuda,MAFAULDA,model_only,K1,True,0,96,4.232951032463461
cuda,MAFAULDA,model_only,K1,True,0,97,4.184791003353894
cuda,MAFAULDA,model_only,K1,True,0,98,4.209003003779799
cuda,MAFAULDA,model_only,K1,True,0,99,4.204374039545655
cuda,MAFAULDA,model_only,K1,True,0,100,4.248209006618708
cuda,MAFAULDA,model_only,K1,True,0,101,4.193869011942297
cuda,MAFAULDA,model_only,K1,True,0,102,4.2058039689436555
cuda,MAFAULDA,model_only,K1,True,0,103,4.192313004750758
cuda,MAFAULDA,model_only,K1,True,0,104,4.2075240053236485
cuda,MAFAULDA,model_only,K1,True,0,105,4.234338004607707
cuda,MAFAULDA,model_only,K1,True,0,106,4.196261987090111
cuda,MAFAULDA,model_only,K1,True,0,107,4.213690001051873
cuda,MAFAULDA,model_only,K1,True,0,108,4.21981600811705
cuda,MAFAULDA,model_only,K1,True,0,109,4.217491019517183
cuda,MAFAULDA,model_only,K1,True,0,110,4.236342967487872
cuda,MAFAULDA,model_only,K1,True,0,111,4.204253957141191
cuda,MAFAULDA,model_only,K1,True,0,112,4.239497997332364
cuda,MAFAULDA,model_only,K1,True,0,113,4.243459028657526
cuda,MAFAULDA,model_only,K1,True,0,114,4.206629004329443
cuda,MAFAULDA,model_only,K1,True,0,115,4.191090993117541
cuda,MAFAULDA,model_only,K1,True,0,116,4.189611005131155
cuda,MAFAULDA,model_only,K1,True,0,117,4.224621981848031
cuda,MAFAULDA,model_only,K1,True,0,118,4.212422005366534
cuda,MAFAULDA,model_only,K1,True,0,119,4.20898396987468
cuda,MAFAULDA,model_only,K1,True,0,120,4.22564399195835
cuda,MAFAULDA,model_only,K1,True,0,121,4.2385769775137305
cuda,MAFAULDA,model_only,K1,True,0,122,4.230085003655404
cuda,MAFAULDA,model_only,K1,True,0,123,4.177421040367335
cuda,MAFAULDA,model_only,K1,True,0,124,4.215839959215373
cuda,MAFAULDA,model_only,K1,True,0,125,4.2022280395030975
cuda,MAFAULDA,model_only,K1,True,0,126,4.298206011299044
cuda,MAFAULDA,model_only,K1,True,0,127,4.460338968783617
cuda,MAFAULDA,model_only,K1,True,0,128,4.3926729704253376
cuda,MAFAULDA,model_only,K1,True,0,129,4.502806987147778
cuda,MAFAULDA,model_only,K1,True,0,130,4.323428962379694
cuda,MAFAULDA,model_only,K1,True,0,131,4.211205989122391
cuda,MAFAULDA,model_only,K1,True,0,132,4.2211589752696455
cuda,MAFAULDA,model_only,K1,True,0,133,4.185965983197093
cuda,MAFAULDA,model_only,K1,True,0,134,4.222324991133064
cuda,MAFAULDA,model_only,K1,True,0,135,4.200217023026198
cuda,MAFAULDA,model_only,K1,True,0,136,4.311142023652792
cuda,MAFAULDA,model_only,K1,True,0,137,4.263009002897888
cuda,MAFAULDA,model_only,K1,True,0,138,4.210947954561561
cuda,MAFAULDA,model_only,K1,True,0,139,4.2228850070387125
cuda,MAFAULDA,model_only,K1,True,0,140,4.221716022584587
cuda,MAFAULDA,model_only,K1,True,0,141,4.21887100674212
cuda,MAFAULDA,model_only,K1,True,0,142,4.219383001327515
cuda,MAFAULDA,model_only,K1,True,0,143,4.187152022495866
cuda,MAFAULDA,model_only,K1,True,0,144,4.211235966067761
cuda,MAFAULDA,model_only,K1,True,0,145,4.214141052216291
cuda,MAFAULDA,model_only,K1,True,0,146,4.214160027913749
cuda,MAFAULDA,model_only,K1,True,0,147,4.216207016725093
cuda,MAFAULDA,model_only,K1,True,0,148,4.200091992970556
cuda,MAFAULDA,model_only,K1,True,0,149,4.19000699184835
cuda,MAFAULDA,model_only,K1,True,0,150,4.271532001439482
cuda,MAFAULDA,model_only,K1,True,0,151,4.225854005198926
cuda,MAFAULDA,model_only,K1,True,0,152,4.208325000945479
cuda,MAFAULDA,model_only,K1,True,0,153,4.205140983685851
cuda,MAFAULDA,model_only,K1,True,0,154,4.199335002340376
cuda,MAFAULDA,model_only,K1,True,0,155,4.203667980618775
cuda,MAFAULDA,model_only,K1,True,0,156,4.19184600468725
cuda,MAFAULDA,model_only,K1,True,0,157,4.208520986139774
cuda,MAFAULDA,model_only,K1,True,0,158,4.212327999994159
cuda,MAFAULDA,model_only,K1,True,0,159,4.194694047328085
cuda,MAFAULDA,model_only,K1,True,0,160,4.213941982015967
cuda,MAFAULDA,model_only,K1,True,0,161,4.196869034785777
cuda,MAFAULDA,model_only,K1,True,0,162,4.195804998744279
cuda,MAFAULDA,model_only,K1,True,0,163,4.181271011475474
cuda,MAFAULDA,model_only,K1,True,0,164,4.180204006843269
cuda,MAFAULDA,model_only,K1,True,0,165,4.232397011946887
cuda,MAFAULDA,model_only,K1,True,0,166,4.275593033526093
cuda,MAFAULDA,model_only,K1,True,0,167,4.2797920177690685
cuda,MAFAULDA,model_only,K1,True,0,168,4.249424033332616
cuda,MAFAULDA,model_only,K1,True,0,169,4.218500049319118
cuda,MAFAULDA,model_only,K1,True,0,170,4.202594980597496
cuda,MAFAULDA,model_only,K1,True,0,171,4.218210990075022
cuda,MAFAULDA,model_only,K1,True,0,172,4.191018000710756
cuda,MAFAULDA,model_only,K1,True,0,173,4.211491963360459
cuda,MAFAULDA,model_only,K1,True,0,174,4.21595195075497
cuda,MAFAULDA,model_only,K1,True,0,175,4.2138759745284915
cuda,MAFAULDA,model_only,K1,True,0,176,4.326805006712675
cuda,MAFAULDA,model_only,K1,True,0,177,4.320589010603726
cuda,MAFAULDA,model_only,K1,True,0,178,4.266665957402438
cuda,MAFAULDA,model_only,K1,True,0,179,4.2059909901581705
cuda,MAFAULDA,model_only,K1,True,0,180,4.196595982648432
cuda,MAFAULDA,model_only,K1,True,0,181,4.230836988426745
cuda,MAFAULDA,model_only,K1,True,0,182,4.235916014295071
cuda,MAFAULDA,model_only,K1,True,0,183,4.192758002318442
cuda,MAFAULDA,model_only,K1,True,0,184,4.234306048601866
cuda,MAFAULDA,model_only,K1,True,0,185,4.242481023538858
cuda,MAFAULDA,model_only,K1,True,0,186,4.226411983836442
cuda,MAFAULDA,model_only,K1,True,0,187,4.216777975670993
cuda,MAFAULDA,model_only,K1,True,0,188,4.203593009151518
cuda,MAFAULDA,model_only,K1,True,0,189,4.203012038487941
cuda,MAFAULDA,model_only,K1,True,0,190,4.283229005523026
cuda,MAFAULDA,model_only,K1,True,0,191,4.209264006931335
cuda,MAFAULDA,model_only,K1,True,0,192,4.202685027848929
cuda,MAFAULDA,model_only,K1,True,0,193,4.217813024297357
cuda,MAFAULDA,model_only,K1,True,0,194,4.195028974208981
cuda,MAFAULDA,model_only,K1,True,0,195,4.2121990118175745
cuda,MAFAULDA,model_only,K1,True,0,196,4.182579985354096
cuda,MAFAULDA,model_only,K1,True,0,197,4.214614978991449
cuda,MAFAULDA,model_only,K1,True,0,198,4.207506950479001
cuda,MAFAULDA,model_only,K1,True,0,199,4.176196991465986
cuda,MAFAULDA,model_only,K1,True,0,200,4.197993024718016
cuda,MAFAULDA,model_only,K1,True,0,201,4.196388006675988
cuda,MAFAULDA,model_only,K1,True,0,202,4.203510005027056
cuda,MAFAULDA,model_only,K1,True,0,203,4.1915279580280185
cuda,MAFAULDA,model_only,K1,True,0,204,4.196540976408869
cuda,MAFAULDA,model_only,K1,True,0,205,4.22736001200974
cuda,MAFAULDA,model_only,K1,True,0,206,4.179859010037035
cuda,MAFAULDA,model_only,K1,True,0,207,4.207177960779518
cuda,MAFAULDA,model_only,K1,True,0,208,4.235244006849825
cuda,MAFAULDA,model_only,K1,True,0,209,4.189971019513905
cuda,MAFAULDA,model_only,K1,True,0,210,4.213035979773849
cuda,MAFAULDA,model_only,K1,True,0,211,4.2238879832439125
cuda,MAFAULDA,model_only,K1,True,0,212,4.303095978684723
cuda,MAFAULDA,model_only,K1,True,0,213,4.211999999824911
cuda,MAFAULDA,model_only,K1,True,0,214,4.2655960423871875
cuda,MAFAULDA,model_only,K1,True,0,215,4.258906003087759
cuda,MAFAULDA,model_only,K1,True,0,216,4.2126479675062
cuda,MAFAULDA,model_only,K1,True,0,217,4.194027977064252
cuda,MAFAULDA,model_only,K1,True,0,218,4.178484959993511
cuda,MAFAULDA,model_only,K1,True,0,219,4.206441051792353
cuda,MAFAULDA,model_only,K1,True,0,220,4.271637997590005
cuda,MAFAULDA,model_only,K1,True,0,221,4.2117490083910525
cuda,MAFAULDA,model_only,K1,True,0,222,4.202279029414058
cuda,MAFAULDA,model_only,K1,True,0,223,4.215057007968426
cuda,MAFAULDA,model_only,K1,True,0,224,4.233182000461966
cuda,MAFAULDA,model_only,K1,True,0,225,4.206961020827293
cuda,MAFAULDA,model_only,K1,True,0,226,4.249540041200817
cuda,MAFAULDA,model_only,K1,True,0,227,4.428457003086805
cuda,MAFAULDA,model_only,K1,True,0,228,4.42658900283277
cuda,MAFAULDA,model_only,K1,True,0,229,4.33087901910767
cuda,MAFAULDA,model_only,K1,True,0,230,4.23574703745544
cuda,MAFAULDA,model_only,K1,True,0,231,4.229880985803902
cuda,MAFAULDA,model_only,K1,True,0,232,4.186823032796383
cuda,MAFAULDA,model_only,K1,True,0,233,4.232147010043263
cuda,MAFAULDA,model_only,K1,True,0,234,4.208158003166318
cuda,MAFAULDA,model_only,K1,True,0,235,4.232487000990659
cuda,MAFAULDA,model_only,K1,True,0,236,4.232330014929175
cuda,MAFAULDA,model_only,K1,True,0,237,4.223543975967914
cuda,MAFAULDA,model_only,K1,True,0,238,4.20153298182413
cuda,MAFAULDA,model_only,K1,True,0,239,4.263118025846779
cuda,MAFAULDA,model_only,K1,True,0,240,4.219835973344743
cuda,MAFAULDA,model_only,K1,True,0,241,4.209653008729219
cuda,MAFAULDA,model_only,K1,True,0,242,4.1996079962700605
cuda,MAFAULDA,model_only,K1,True,0,243,4.211360996123403
cuda,MAFAULDA,model_only,K1,True,0,244,4.2943310108967125
cuda,MAFAULDA,model_only,K1,True,0,245,4.199314978905022
cuda,MAFAULDA,model_only,K1,True,0,246,4.206939018331468
cuda,MAFAULDA,model_only,K1,True,0,247,4.200969007797539
cuda,MAFAULDA,model_only,K1,True,0,248,4.188388003967702
cuda,MAFAULDA,model_only,K1,True,0,249,4.209809994790703
cuda,MAFAULDA,model_only,K1,True,1,0,4.232313018292189
cuda,MAFAULDA,model_only,K1,True,1,1,4.25461697159335
cuda,MAFAULDA,model_only,K1,True,1,2,4.2186600039713085
cuda,MAFAULDA,model_only,K1,True,1,3,4.197946982458234
cuda,MAFAULDA,model_only,K1,True,1,4,4.204657976515591
cuda,MAFAULDA,model_only,K1,True,1,5,4.182184988167137
cuda,MAFAULDA,model_only,K1,True,1,6,4.193394968751818
cuda,MAFAULDA,model_only,K1,True,1,7,4.2290129931643605
cuda,MAFAULDA,model_only,K1,True,1,8,4.201675998046994
cuda,MAFAULDA,model_only,K1,True,1,9,4.224367963615805
cuda,MAFAULDA,model_only,K1,True,1,10,4.208091995678842
cuda,MAFAULDA,model_only,K1,True,1,11,4.208664991892874
cuda,MAFAULDA,model_only,K1,True,1,12,4.227369965519756
cuda,MAFAULDA,model_only,K1,True,1,13,4.194137000013143
cuda,MAFAULDA,model_only,K1,True,1,14,4.20895399292931
cuda,MAFAULDA,model_only,K1,True,1,15,4.2122710146941245
cuda,MAFAULDA,model_only,K1,True,1,16,4.28505998570472
cuda,MAFAULDA,model_only,K1,True,1,17,4.2018460226245224
cuda,MAFAULDA,model_only,K1,True,1,18,4.182920965831727
cuda,MAFAULDA,model_only,K1,True,1,19,4.217437002807856
cuda,MAFAULDA,model_only,K1,True,1,20,4.219043010380119
cuda,MAFAULDA,model_only,K1,True,1,21,4.198049020487815
cuda,MAFAULDA,model_only,K1,True,1,22,4.204602970276028
cuda,MAFAULDA,model_only,K1,True,1,23,4.204732016660273
cuda,MAFAULDA,model_only,K1,True,1,24,4.220194008667022
cuda,MAFAULDA,model_only,K1,True,1,25,4.2239309987053275
cuda,MAFAULDA,model_only,K1,True,1,26,4.210560000501573
cuda,MAFAULDA,model_only,K1,True,1,27,4.198627022560686
cuda,MAFAULDA,model_only,K1,True,1,28,4.191151994746178
cuda,MAFAULDA,model_only,K1,True,1,29,4.218971997033805
cuda,MAFAULDA,model_only,K1,True,1,30,4.201742995064706
cuda,MAFAULDA,model_only,K1,True,1,31,4.217859997879714
cuda,MAFAULDA,model_only,K1,True,1,32,4.210891958791763
cuda,MAFAULDA,model_only,K1,True,1,33,4.212483996525407
cuda,MAFAULDA,model_only,K1,True,1,34,4.233730956912041
cuda,MAFAULDA,model_only,K1,True,1,35,4.220693022944033
cuda,MAFAULDA,model_only,K1,True,1,36,4.193135013338178
cuda,MAFAULDA,model_only,K1,True,1,37,4.216851957608014
cuda,MAFAULDA,model_only,K1,True,1,38,4.201383970212191
cuda,MAFAULDA,model_only,K1,True,1,39,4.22188697848469
cuda,MAFAULDA,model_only,K1,True,1,40,4.196862981189042
cuda,MAFAULDA,model_only,K1,True,1,41,4.2028920142911375
cuda,MAFAULDA,model_only,K1,True,1,42,4.2166030034422874
cuda,MAFAULDA,model_only,K1,True,1,43,4.194720007944852
cuda,MAFAULDA,model_only,K1,True,1,44,4.198977956548333
cuda,MAFAULDA,model_only,K1,True,1,45,4.214344022329897
cuda,MAFAULDA,model_only,K1,True,1,46,4.216714994981885
cuda,MAFAULDA,model_only,K1,True,1,47,4.279281012713909
cuda,MAFAULDA,model_only,K1,True,1,48,4.195184970740229
cuda,MAFAULDA,model_only,K1,True,1,49,4.208589030895382
cuda,MAFAULDA,model_only,K1,True,1,50,4.213410022202879
cuda,MAFAULDA,model_only,K1,True,1,51,4.207618010696024
cuda,MAFAULDA,model_only,K1,True,1,52,4.23292099731043
cuda,MAFAULDA,model_only,K1,True,1,53,4.236391978338361
cuda,MAFAULDA,model_only,K1,True,1,54,4.234419960994273
cuda,MAFAULDA,model_only,K1,True,1,55,4.195206973236054
cuda,MAFAULDA,model_only,K1,True,1,56,4.212639993056655
cuda,MAFAULDA,model_only,K1,True,1,57,4.224445961881429
cuda,MAFAULDA,model_only,K1,True,1,58,4.22712997533381
cuda,MAFAULDA,model_only,K1,True,1,59,4.23396797850728
cuda,MAFAULDA,model_only,K1,True,1,60,4.197109024971724
cuda,MAFAULDA,model_only,K1,True,1,61,4.216725996229798
cuda,MAFAULDA,model_only,K1,True,1,62,4.199552000500262
cuda,MAFAULDA,model_only,K1,True,1,63,4.213534004520625
cuda,MAFAULDA,model_only,K1,True,1,64,4.213587031699717
cuda,MAFAULDA,model_only,K1,True,1,65,4.226196033414453
cuda,MAFAULDA,model_only,K1,True,1,66,4.21361398184672
cuda,MAFAULDA,model_only,K1,True,1,67,4.203618969768286
cuda,MAFAULDA,model_only,K1,True,1,68,4.2938030092045665
cuda,MAFAULDA,model_only,K1,True,1,69,4.2069999617524445
cuda,MAFAULDA,model_only,K1,True,1,70,4.327767004724592
cuda,MAFAULDA,model_only,K1,True,1,71,4.196738998871297
cuda,MAFAULDA,model_only,K1,True,1,72,4.218871996272355
cuda,MAFAULDA,model_only,K1,True,1,73,4.2203490156680346
cuda,MAFAULDA,model_only,K1,True,1,74,4.20730997575447
cuda,MAFAULDA,model_only,K1,True,1,75,4.225920012686402
cuda,MAFAULDA,model_only,K1,True,1,76,4.20796504477039
cuda,MAFAULDA,model_only,K1,True,1,77,4.263133043423295
cuda,MAFAULDA,model_only,K1,True,1,78,4.216460976749659
cuda,MAFAULDA,model_only,K1,True,1,79,4.205801989883184
cuda,MAFAULDA,model_only,K1,True,1,80,4.206592042464763
cuda,MAFAULDA,model_only,K1,True,1,81,4.423772974405438
cuda,MAFAULDA,model_only,K1,True,1,82,4.323248052969575
cuda,MAFAULDA,model_only,K1,True,1,83,4.504219978116453
cuda,MAFAULDA,model_only,K1,True,1,84,4.363564949017018
cuda,MAFAULDA,model_only,K1,True,1,85,4.259086039382964
cuda,MAFAULDA,model_only,K1,True,1,86,4.2161240126006305
cuda,MAFAULDA,model_only,K1,True,1,87,4.241355985868722
cuda,MAFAULDA,model_only,K1,True,1,88,4.211877007037401
cuda,MAFAULDA,model_only,K1,True,1,89,4.20063897036016
cuda,MAFAULDA,model_only,K1,True,1,90,4.2102099978365
cuda,MAFAULDA,model_only,K1,True,1,91,4.202198993880302
cuda,MAFAULDA,model_only,K1,True,1,92,4.248993995133787
cuda,MAFAULDA,model_only,K1,True,1,93,4.209202015772462
cuda,MAFAULDA,model_only,K1,True,1,94,4.218529036734253
cuda,MAFAULDA,model_only,K1,True,1,95,4.217215988319367
cuda,MAFAULDA,model_only,K1,True,1,96,4.205884994007647
cuda,MAFAULDA,model_only,K1,True,1,97,4.225253011099994
cuda,MAFAULDA,model_only,K1,True,1,98,4.222096991725266
cuda,MAFAULDA,model_only,K1,True,1,99,4.201851959805936
cuda,MAFAULDA,model_only,K1,True,1,100,4.305586044210941
cuda,MAFAULDA,model_only,K1,True,1,101,4.213326959870756
cuda,MAFAULDA,model_only,K1,True,1,102,4.215324006509036
cuda,MAFAULDA,model_only,K1,True,1,103,4.192035994492471
cuda,MAFAULDA,model_only,K1,True,1,104,4.2830369784496725
cuda,MAFAULDA,model_only,K1,True,1,105,4.201692994683981
cuda,MAFAULDA,model_only,K1,True,1,106,4.1998259839601815
cuda,MAFAULDA,model_only,K1,True,1,107,4.243662988301367
cuda,MAFAULDA,model_only,K1,True,1,108,4.198125039692968
cuda,MAFAULDA,model_only,K1,True,1,109,4.200234019663185
cuda,MAFAULDA,model_only,K1,True,1,110,4.205313045531511
cuda,MAFAULDA,model_only,K1,True,1,111,4.2407880537211895
cuda,MAFAULDA,model_only,K1,True,1,112,4.265119030606002
cuda,MAFAULDA,model_only,K1,True,1,113,4.477593989577144
cuda,MAFAULDA,model_only,K1,True,1,114,4.389355948660523
cuda,MAFAULDA,model_only,K1,True,1,115,4.411374975461513
cuda,MAFAULDA,model_only,K1,True,1,116,4.287704010494053
cuda,MAFAULDA,model_only,K1,True,1,117,4.296274040825665
cuda,MAFAULDA,model_only,K1,True,1,118,4.229546990245581
cuda,MAFAULDA,model_only,K1,True,1,119,4.231808998156339
cuda,MAFAULDA,model_only,K1,True,1,120,4.193057015072554
cuda,MAFAULDA,model_only,K1,True,1,121,4.3059110175818205
cuda,MAFAULDA,model_only,K1,True,1,122,4.294240032322705
cuda,MAFAULDA,model_only,K1,True,1,123,4.293002013582736
cuda,MAFAULDA,model_only,K1,True,1,124,4.209647013340145
cuda,MAFAULDA,model_only,K1,True,1,125,4.235231957864016
cuda,MAFAULDA,model_only,K1,True,1,126,4.195600980892777
cuda,MAFAULDA,model_only,K1,True,1,127,4.22624300699681
cuda,MAFAULDA,model_only,K1,True,1,128,4.191790008917451
cuda,MAFAULDA,model_only,K1,True,1,129,4.217180015984923
cuda,MAFAULDA,model_only,K1,True,1,130,4.222314048092812
cuda,MAFAULDA,model_only,K1,True,1,131,4.206482961308211
cuda,MAFAULDA,model_only,K1,True,1,132,4.209003993310034
cuda,MAFAULDA,model_only,K1,True,1,133,4.206989018712193
cuda,MAFAULDA,model_only,K1,True,1,134,4.193098982796073
cuda,MAFAULDA,model_only,K1,True,1,135,4.203151969704777
cuda,MAFAULDA,model_only,K1,True,1,136,4.1996020008809865
cuda,MAFAULDA,model_only,K1,True,1,137,4.2301269713789225
cuda,MAFAULDA,model_only,K1,True,1,138,4.2365629924461246
cuda,MAFAULDA,model_only,K1,True,1,139,4.181680968031287
cuda,MAFAULDA,model_only,K1,True,1,140,4.171711043454707
cuda,MAFAULDA,model_only,K1,True,1,141,4.211823979858309
cuda,MAFAULDA,model_only,K1,True,1,142,4.211122984997928
cuda,MAFAULDA,model_only,K1,True,1,143,4.176759975962341
cuda,MAFAULDA,model_only,K1,True,1,144,4.211405001115054
cuda,MAFAULDA,model_only,K1,True,1,145,4.190655017737299
cuda,MAFAULDA,model_only,K1,True,1,146,4.222031973768026
cuda,MAFAULDA,model_only,K1,True,1,147,4.184235003776848
cuda,MAFAULDA,model_only,K1,True,1,148,4.200076044071466
cuda,MAFAULDA,model_only,K1,True,1,149,4.186270001810044
cuda,MAFAULDA,model_only,K1,True,1,150,4.240417969413102
cuda,MAFAULDA,model_only,K1,True,1,151,4.19683096697554
cuda,MAFAULDA,model_only,K1,True,1,152,4.187152022495866
cuda,MAFAULDA,model_only,K1,True,1,153,4.248883982654661
cuda,MAFAULDA,model_only,K1,True,1,154,4.24321397440508
cuda,MAFAULDA,model_only,K1,True,1,155,4.210905986838043
cuda,MAFAULDA,model_only,K1,True,1,156,4.225633980240673
cuda,MAFAULDA,model_only,K1,True,1,157,4.213038948364556
cuda,MAFAULDA,model_only,K1,True,1,158,4.203194985166192
cuda,MAFAULDA,model_only,K1,True,1,159,4.205422999802977
cuda,MAFAULDA,model_only,K1,True,1,160,4.204633994959295
cuda,MAFAULDA,model_only,K1,True,1,161,4.229999962262809
cuda,MAFAULDA,model_only,K1,True,1,162,4.2087899637408555
cuda,MAFAULDA,model_only,K1,True,1,163,4.206051991786808
cuda,MAFAULDA,model_only,K1,True,1,164,4.219452966935933
cuda,MAFAULDA,model_only,K1,True,1,165,4.208698985166848
cuda,MAFAULDA,model_only,K1,True,1,166,4.2029659962281585
cuda,MAFAULDA,model_only,K1,True,1,167,4.198731970973313
cuda,MAFAULDA,model_only,K1,True,1,168,4.208708996884525
cuda,MAFAULDA,model_only,K1,True,1,169,4.213007050566375
cuda,MAFAULDA,model_only,K1,True,1,170,4.192858992610127
cuda,MAFAULDA,model_only,K1,True,1,171,4.215434018988162
cuda,MAFAULDA,model_only,K1,True,1,172,4.217120993416756
cuda,MAFAULDA,model_only,K1,True,1,173,4.231230006553233
cuda,MAFAULDA,model_only,K1,True,1,174,4.219703027047217
cuda,MAFAULDA,model_only,K1,True,1,175,4.20438899891451
cuda,MAFAULDA,model_only,K1,True,1,176,4.285036993678659
cuda,MAFAULDA,model_only,K1,True,1,177,4.213449952658266
cuda,MAFAULDA,model_only,K1,True,1,178,4.208941012620926
cuda,MAFAULDA,model_only,K1,True,1,179,4.200960975140333
cuda,MAFAULDA,model_only,K1,True,1,180,4.192976979538798
cuda,MAFAULDA,model_only,K1,True,1,181,4.20233397744596
cuda,MAFAULDA,model_only,K1,True,1,182,4.202103998977691
cuda,MAFAULDA,model_only,K1,True,1,183,4.203010990750045
cuda,MAFAULDA,model_only,K1,True,1,184,4.227088007610291
cuda,MAFAULDA,model_only,K1,True,1,185,4.195171990431845
cuda,MAFAULDA,model_only,K1,True,1,186,4.209410049952567
cuda,MAFAULDA,model_only,K1,True,1,187,4.194303008262068
cuda,MAFAULDA,model_only,K1,True,1,188,4.195519024506211
cuda,MAFAULDA,model_only,K1,True,1,189,4.218672984279692
cuda,MAFAULDA,model_only,K1,True,1,190,4.1914539760909975
cuda,MAFAULDA,model_only,K1,True,1,191,4.207839956507087
cuda,MAFAULDA,model_only,K1,True,1,192,4.215580993331969
cuda,MAFAULDA,model_only,K1,True,1,193,4.204376949928701
cuda,MAFAULDA,model_only,K1,True,1,194,4.180354997515678
cuda,MAFAULDA,model_only,K1,True,1,195,4.220239992719144
cuda,MAFAULDA,model_only,K1,True,1,196,4.216739034745842
cuda,MAFAULDA,model_only,K1,True,1,197,4.229063983075321
cuda,MAFAULDA,model_only,K1,True,1,198,4.2076820391230285
cuda,MAFAULDA,model_only,K1,True,1,199,4.299544030800462
cuda,MAFAULDA,model_only,K1,True,1,200,4.25218598684296
cuda,MAFAULDA,model_only,K1,True,1,201,4.294300975743681
cuda,MAFAULDA,model_only,K1,True,1,202,4.215831984765828
cuda,MAFAULDA,model_only,K1,True,1,203,4.197504022158682
cuda,MAFAULDA,model_only,K1,True,1,204,4.191281972452998
cuda,MAFAULDA,model_only,K1,True,1,205,4.219939990434796
cuda,MAFAULDA,model_only,K1,True,1,206,4.192419000901282
cuda,MAFAULDA,model_only,K1,True,1,207,4.303288005758077
cuda,MAFAULDA,model_only,K1,True,1,208,4.222256015054882
cuda,MAFAULDA,model_only,K1,True,1,209,4.2037859675474465
cuda,MAFAULDA,model_only,K1,True,1,210,4.21667902264744
cuda,MAFAULDA,model_only,K1,True,1,211,4.231175000313669
cuda,MAFAULDA,model_only,K1,True,1,212,4.197891976218671
cuda,MAFAULDA,model_only,K1,True,1,213,4.204572003800422
cuda,MAFAULDA,model_only,K1,True,1,214,4.5825240085832775
cuda,MAFAULDA,model_only,K1,True,1,215,4.523815005086362
cuda,MAFAULDA,model_only,K1,True,1,216,4.513532971031964
cuda,MAFAULDA,model_only,K1,True,1,217,4.424280021339655
cuda,MAFAULDA,model_only,K1,True,1,218,4.43076400551945
cuda,MAFAULDA,model_only,K1,True,1,219,4.374621028546244
cuda,MAFAULDA,model_only,K1,True,1,220,4.205544013530016
cuda,MAFAULDA,model_only,K1,True,1,221,4.2126530315726995
cuda,MAFAULDA,model_only,K1,True,1,222,4.236200999002904
cuda,MAFAULDA,model_only,K1,True,1,223,4.209869017358869
cuda,MAFAULDA,model_only,K1,True,1,224,4.194883978925645
cuda,MAFAULDA,model_only,K1,True,1,225,4.203788994345814
cuda,MAFAULDA,model_only,K1,True,1,226,4.183150944299996
cuda,MAFAULDA,model_only,K1,True,1,227,4.23334602965042
cuda,MAFAULDA,model_only,K1,True,1,228,4.2079740087501705
cuda,MAFAULDA,model_only,K1,True,1,229,4.2107030167244375
cuda,MAFAULDA,model_only,K1,True,1,230,4.324196954257786
cuda,MAFAULDA,model_only,K1,True,1,231,4.2193649569526315
cuda,MAFAULDA,model_only,K1,True,1,232,4.2078300029970706
cuda,MAFAULDA,model_only,K1,True,1,233,4.20213199686259
cuda,MAFAULDA,model_only,K1,True,1,234,4.216726985760033
cuda,MAFAULDA,model_only,K1,True,1,235,4.218336020130664
cuda,MAFAULDA,model_only,K1,True,1,236,4.210052022244781
cuda,MAFAULDA,model_only,K1,True,1,237,4.207579011563212
cuda,MAFAULDA,model_only,K1,True,1,238,4.198173992335796
cuda,MAFAULDA,model_only,K1,True,1,239,4.212361003737897
cuda,MAFAULDA,model_only,K1,True,1,240,4.193970002233982
cuda,MAFAULDA,model_only,K1,True,1,241,4.2181650060229
cuda,MAFAULDA,model_only,K1,True,1,242,4.220668983180076
cuda,MAFAULDA,model_only,K1,True,1,243,4.196138994302601
cuda,MAFAULDA,model_only,K1,True,1,244,4.2021870031021535
cuda,MAFAULDA,model_only,K1,True,1,245,4.199447983410209
cuda,MAFAULDA,model_only,K1,True,1,246,4.239827976562083
cuda,MAFAULDA,model_only,K1,True,1,247,4.216017958242446
cuda,MAFAULDA,model_only,K1,True,1,248,4.226281016599387
cuda,MAFAULDA,model_only,K1,True,1,249,4.212897969409823
cuda,MAFAULDA,model_only,Full-S1,True,1,0,7.878537988290191
cuda,MAFAULDA,model_only,Full-S1,True,1,1,7.7902989578433335
cuda,MAFAULDA,model_only,Full-S1,True,1,2,7.7839550212956965
cuda,MAFAULDA,model_only,Full-S1,True,1,3,7.77718098834157
cuda,MAFAULDA,model_only,Full-S1,True,1,4,7.777663005981594
cuda,MAFAULDA,model_only,Full-S1,True,1,5,7.883248967118561
cuda,MAFAULDA,model_only,Full-S1,True,1,6,7.764854002743959
cuda,MAFAULDA,model_only,Full-S1,True,1,7,7.785291003528982
cuda,MAFAULDA,model_only,Full-S1,True,1,8,7.789539988152683
cuda,MAFAULDA,model_only,Full-S1,True,1,9,7.82586500281468
cuda,MAFAULDA,model_only,Full-S1,True,1,10,7.806929002981633
cuda,MAFAULDA,model_only,Full-S1,True,1,11,7.772208016831428
cuda,MAFAULDA,model_only,Full-S1,True,1,12,7.807294023223221
cuda,MAFAULDA,model_only,Full-S1,True,1,13,7.781345979310572
cuda,MAFAULDA,model_only,Full-S1,True,1,14,7.80527398455888
cuda,MAFAULDA,model_only,Full-S1,True,1,15,7.772517972625792
cuda,MAFAULDA,model_only,Full-S1,True,1,16,7.7765469904989
cuda,MAFAULDA,model_only,Full-S1,True,1,17,7.817331003025174
cuda,MAFAULDA,model_only,Full-S1,True,1,18,7.883680984377861
cuda,MAFAULDA,model_only,Full-S1,True,1,19,7.783143024425954
cuda,MAFAULDA,model_only,Full-S1,True,1,20,7.829978014342487
cuda,MAFAULDA,model_only,Full-S1,True,1,21,7.798725040629506
cuda,MAFAULDA,model_only,Full-S1,True,1,22,7.803365006111562
cuda,MAFAULDA,model_only,Full-S1,True,1,23,7.79911398421973
cuda,MAFAULDA,model_only,Full-S1,True,1,24,7.816137978807092
cuda,MAFAULDA,model_only,Full-S1,True,1,25,7.779870997183025
cuda,MAFAULDA,model_only,Full-S1,True,1,26,7.79839203460142
cuda,MAFAULDA,model_only,Full-S1,True,1,27,7.768545998260379
cuda,MAFAULDA,model_only,Full-S1,True,1,28,7.826785033103079
cuda,MAFAULDA,model_only,Full-S1,True,1,29,7.781678985338658
cuda,MAFAULDA,model_only,Full-S1,True,1,30,7.809125992935151
cuda,MAFAULDA,model_only,Full-S1,True,1,31,7.786158996168524
cuda,MAFAULDA,model_only,Full-S1,True,1,32,7.856338983401656
cuda,MAFAULDA,model_only,Full-S1,True,1,33,7.797498954460025
cuda,MAFAULDA,model_only,Full-S1,True,1,34,7.874737028032541
cuda,MAFAULDA,model_only,Full-S1,True,1,35,7.788713031914085
cuda,MAFAULDA,model_only,Full-S1,True,1,36,7.780908956192434
cuda,MAFAULDA,model_only,Full-S1,True,1,37,7.803546963259578
cuda,MAFAULDA,model_only,Full-S1,True,1,38,7.786526985000819
cuda,MAFAULDA,model_only,Full-S1,True,1,39,7.748513016849756
cuda,MAFAULDA,model_only,Full-S1,True,1,40,7.881591969635338
cuda,MAFAULDA,model_only,Full-S1,True,1,41,7.780359999742359
cuda,MAFAULDA,model_only,Full-S1,True,1,42,7.7952989959158
cuda,MAFAULDA,model_only,Full-S1,True,1,43,7.797566999215633
cuda,MAFAULDA,model_only,Full-S1,True,1,44,7.736983010545373
cuda,MAFAULDA,model_only,Full-S1,True,1,45,7.774969039019197
cuda,MAFAULDA,model_only,Full-S1,True,1,46,7.7606349950656295
cuda,MAFAULDA,model_only,Full-S1,True,1,47,7.785875000990927
cuda,MAFAULDA,model_only,Full-S1,True,1,48,7.785550027620047
cuda,MAFAULDA,model_only,Full-S1,True,1,49,7.787870999891311
cuda,MAFAULDA,model_only,Full-S1,True,1,50,7.773275021463633
cuda,MAFAULDA,model_only,Full-S1,True,1,51,7.8034200123511255
cuda,MAFAULDA,model_only,Full-S1,True,1,52,7.790726027451456
cuda,MAFAULDA,model_only,Full-S1,True,1,53,7.771278964355588
cuda,MAFAULDA,model_only,Full-S1,True,1,54,7.9428249737247825
cuda,MAFAULDA,model_only,Full-S1,True,1,55,7.925463956780732
cuda,MAFAULDA,model_only,Full-S1,True,1,56,7.908969011623412
cuda,MAFAULDA,model_only,Full-S1,True,1,57,7.812296040356159
cuda,MAFAULDA,model_only,Full-S1,True,1,58,7.798473001457751
cuda,MAFAULDA,model_only,Full-S1,True,1,59,7.7932930435054
cuda,MAFAULDA,model_only,Full-S1,True,1,60,7.77193799149245
cuda,MAFAULDA,model_only,Full-S1,True,1,61,7.789523981045932
cuda,MAFAULDA,model_only,Full-S1,True,1,62,7.7641160460188985
cuda,MAFAULDA,model_only,Full-S1,True,1,63,7.85425998037681
cuda,MAFAULDA,model_only,Full-S1,True,1,64,7.772171986289322
cuda,MAFAULDA,model_only,Full-S1,True,1,65,7.7773400116711855
cuda,MAFAULDA,model_only,Full-S1,True,1,66,7.838423014618456
cuda,MAFAULDA,model_only,Full-S1,True,1,67,7.792418997269124
cuda,MAFAULDA,model_only,Full-S1,True,1,68,7.783191045746207
cuda,MAFAULDA,model_only,Full-S1,True,1,69,7.766281021758914
cuda,MAFAULDA,model_only,Full-S1,True,1,70,7.775538018904626
cuda,MAFAULDA,model_only,Full-S1,True,1,71,7.8174690133892
cuda,MAFAULDA,model_only,Full-S1,True,1,72,7.820257975254208
cuda,MAFAULDA,model_only,Full-S1,True,1,73,7.805609027855098
cuda,MAFAULDA,model_only,Full-S1,True,1,74,7.795637007802725
cuda,MAFAULDA,model_only,Full-S1,True,1,75,7.84874998498708
cuda,MAFAULDA,model_only,Full-S1,True,1,76,7.822246989235282
cuda,MAFAULDA,model_only,Full-S1,True,1,77,7.807433954440057
cuda,MAFAULDA,model_only,Full-S1,True,1,78,7.7781949657946825
cuda,MAFAULDA,model_only,Full-S1,True,1,79,7.7656059875153005
cuda,MAFAULDA,model_only,Full-S1,True,1,80,7.805266010109335
cuda,MAFAULDA,model_only,Full-S1,True,1,81,7.815760036464781
cuda,MAFAULDA,model_only,Full-S1,True,1,82,7.805304019711912
cuda,MAFAULDA,model_only,Full-S1,True,1,83,7.756190956570208
cuda,MAFAULDA,model_only,Full-S1,True,1,84,7.799836981575936
cuda,MAFAULDA,model_only,Full-S1,True,1,85,7.8309589880518615
cuda,MAFAULDA,model_only,Full-S1,True,1,86,7.7956520253792405
cuda,MAFAULDA,model_only,Full-S1,True,1,87,7.785518013406545
cuda,MAFAULDA,model_only,Full-S1,True,1,88,7.829543959815055
cuda,MAFAULDA,model_only,Full-S1,True,1,89,7.80417601345107
cuda,MAFAULDA,model_only,Full-S1,True,1,90,7.77224701596424
cuda,MAFAULDA,model_only,Full-S1,True,1,91,8.358317019883543
cuda,MAFAULDA,model_only,Full-S1,True,1,92,7.931230997201055
cuda,MAFAULDA,model_only,Full-S1,True,1,93,7.789622992277145
cuda,MAFAULDA,model_only,Full-S1,True,1,94,7.83843599492684
cuda,MAFAULDA,model_only,Full-S1,True,1,95,7.805244997143745
cuda,MAFAULDA,model_only,Full-S1,True,1,96,7.8120160032995045
cuda,MAFAULDA,model_only,Full-S1,True,1,97,7.799097977112979
cuda,MAFAULDA,model_only,Full-S1,True,1,98,7.800194958690554
cuda,MAFAULDA,model_only,Full-S1,True,1,99,7.785024994518608
cuda,MAFAULDA,model_only,Full-S1,True,1,100,7.799735991284251
cuda,MAFAULDA,model_only,Full-S1,True,1,101,7.915185997262597
cuda,MAFAULDA,model_only,Full-S1,True,1,102,7.806418987456709
cuda,MAFAULDA,model_only,Full-S1,True,1,103,7.850298017729074
cuda,MAFAULDA,model_only,Full-S1,True,1,104,7.867995998822153
cuda,MAFAULDA,model_only,Full-S1,True,1,105,7.793208002112806
cuda,MAFAULDA,model_only,Full-S1,True,1,106,7.842419028747827
cuda,MAFAULDA,model_only,Full-S1,True,1,107,7.790024974383414
cuda,MAFAULDA,model_only,Full-S1,True,1,108,8.053569996263832
cuda,MAFAULDA,model_only,Full-S1,True,1,109,7.941960007883608
cuda,MAFAULDA,model_only,Full-S1,True,1,110,7.881383993662894
cuda,MAFAULDA,model_only,Full-S1,True,1,111,7.8210539650171995
cuda,MAFAULDA,model_only,Full-S1,True,1,112,7.804971013683826
cuda,MAFAULDA,model_only,Full-S1,True,1,113,7.841863029170781
cuda,MAFAULDA,model_only,Full-S1,True,1,114,7.791452982928604
cuda,MAFAULDA,model_only,Full-S1,True,1,115,7.7990079880692065
cuda,MAFAULDA,model_only,Full-S1,True,1,116,7.790361996740103
cuda,MAFAULDA,model_only,Full-S1,True,1,117,7.910192012786865
cuda,MAFAULDA,model_only,Full-S1,True,1,118,7.7754720114171505
cuda,MAFAULDA,model_only,Full-S1,True,1,119,7.823814987204969
cuda,MAFAULDA,model_only,Full-S1,True,1,120,7.797732017934322
cuda,MAFAULDA,model_only,Full-S1,True,1,121,7.8843910014256835
cuda,MAFAULDA,model_only,Full-S1,True,1,122,7.773856050334871
cuda,MAFAULDA,model_only,Full-S1,True,1,123,7.765902963001281
cuda,MAFAULDA,model_only,Full-S1,True,1,124,7.794682984240353
cuda,MAFAULDA,model_only,Full-S1,True,1,125,7.858260010834783
cuda,MAFAULDA,model_only,Full-S1,True,1,126,7.818089972715825
cuda,MAFAULDA,model_only,Full-S1,True,1,127,7.780728046782315
cuda,MAFAULDA,model_only,Full-S1,True,1,128,7.782682019751519
cuda,MAFAULDA,model_only,Full-S1,True,1,129,7.79556599445641
cuda,MAFAULDA,model_only,Full-S1,True,1,130,7.800901017617434
cuda,MAFAULDA,model_only,Full-S1,True,1,131,7.782294997014105
cuda,MAFAULDA,model_only,Full-S1,True,1,132,7.790797972120345
cuda,MAFAULDA,model_only,Full-S1,True,1,133,7.878692005760968
cuda,MAFAULDA,model_only,Full-S1,True,1,134,7.834275020286441
cuda,MAFAULDA,model_only,Full-S1,True,1,135,7.80041899997741
cuda,MAFAULDA,model_only,Full-S1,True,1,136,7.790060015395284
cuda,MAFAULDA,model_only,Full-S1,True,1,137,7.839502999559045
cuda,MAFAULDA,model_only,Full-S1,True,1,138,7.807712012436241
cuda,MAFAULDA,model_only,Full-S1,True,1,139,7.792149030137807
cuda,MAFAULDA,model_only,Full-S1,True,1,140,7.779033039696515
cuda,MAFAULDA,model_only,Full-S1,True,1,141,7.799631974194199
cuda,MAFAULDA,model_only,Full-S1,True,1,142,7.756353006698191
cuda,MAFAULDA,model_only,Full-S1,True,1,143,7.757897023111582
cuda,MAFAULDA,model_only,Full-S1,True,1,144,7.776722020935267
cuda,MAFAULDA,model_only,Full-S1,True,1,145,7.771585020236671
cuda,MAFAULDA,model_only,Full-S1,True,1,146,7.78282101964578
cuda,MAFAULDA,model_only,Full-S1,True,1,147,7.768806011881679
cuda,MAFAULDA,model_only,Full-S1,True,1,148,7.758317980915308
cuda,MAFAULDA,model_only,Full-S1,True,1,149,7.780891959555447
cuda,MAFAULDA,model_only,Full-S1,True,1,150,7.799796003382653
cuda,MAFAULDA,model_only,Full-S1,True,1,151,7.7796499826945364
cuda,MAFAULDA,model_only,Full-S1,True,1,152,7.766515016555786
cuda,MAFAULDA,model_only,Full-S1,True,1,153,7.78850499773398
cuda,MAFAULDA,model_only,Full-S1,True,1,154,7.786670001223683
cuda,MAFAULDA,model_only,Full-S1,True,1,155,7.812780037056655
cuda,MAFAULDA,model_only,Full-S1,True,1,156,7.78851198265329
cuda,MAFAULDA,model_only,Full-S1,True,1,157,7.770799042191356
cuda,MAFAULDA,model_only,Full-S1,True,1,158,7.764125009998679
cuda,MAFAULDA,model_only,Full-S1,True,1,159,7.7440820168703794
cuda,MAFAULDA,model_only,Full-S1,True,1,160,7.781968975905329
cuda,MAFAULDA,model_only,Full-S1,True,1,161,7.7908289968036115
cuda,MAFAULDA,model_only,Full-S1,True,1,162,7.860229001380503
cuda,MAFAULDA,model_only,Full-S1,True,1,163,7.819220016244799
cuda,MAFAULDA,model_only,Full-S1,True,1,164,7.790857984218746
cuda,MAFAULDA,model_only,Full-S1,True,1,165,7.805098022799939
cuda,MAFAULDA,model_only,Full-S1,True,1,166,7.816753990482539
cuda,MAFAULDA,model_only,Full-S1,True,1,167,7.797972008120269
cuda,MAFAULDA,model_only,Full-S1,True,1,168,7.814773998688906
cuda,MAFAULDA,model_only,Full-S1,True,1,169,7.786255038809031
cuda,MAFAULDA,model_only,Full-S1,True,1,170,7.7594820177182555
cuda,MAFAULDA,model_only,Full-S1,True,1,171,7.836741977371275
cuda,MAFAULDA,model_only,Full-S1,True,1,172,7.778172031976283
cuda,MAFAULDA,model_only,Full-S1,True,1,173,7.77190801454708
cuda,MAFAULDA,model_only,Full-S1,True,1,174,7.77028501033783
cuda,MAFAULDA,model_only,Full-S1,True,1,175,7.848029024899006
cuda,MAFAULDA,model_only,Full-S1,True,1,176,7.79023498762399
cuda,MAFAULDA,model_only,Full-S1,True,1,177,7.791926036588848
cuda,MAFAULDA,model_only,Full-S1,True,1,178,7.794119999743998
cuda,MAFAULDA,model_only,Full-S1,True,1,179,7.999536988791078
cuda,MAFAULDA,model_only,Full-S1,True,1,180,8.05030600167811
cuda,MAFAULDA,model_only,Full-S1,True,1,181,7.920706004370004
cuda,MAFAULDA,model_only,Full-S1,True,1,182,8.253887994214892
cuda,MAFAULDA,model_only,Full-S1,True,1,183,8.064983005169779
cuda,MAFAULDA,model_only,Full-S1,True,1,184,7.88544601527974
cuda,MAFAULDA,model_only,Full-S1,True,1,185,7.802081992849708
cuda,MAFAULDA,model_only,Full-S1,True,1,186,7.789458031766117
cuda,MAFAULDA,model_only,Full-S1,True,1,187,7.867067004553974
cuda,MAFAULDA,model_only,Full-S1,True,1,188,7.798411010298878
cuda,MAFAULDA,model_only,Full-S1,True,1,189,7.761730987112969
cuda,MAFAULDA,model_only,Full-S1,True,1,190,7.752516015898436
cuda,MAFAULDA,model_only,Full-S1,True,1,191,7.906229991931468
cuda,MAFAULDA,model_only,Full-S1,True,1,192,7.787014008499682
cuda,MAFAULDA,model_only,Full-S1,True,1,193,7.804051972925663
cuda,MAFAULDA,model_only,Full-S1,True,1,194,7.8184439917095006
cuda,MAFAULDA,model_only,Full-S1,True,1,195,7.78518000151962
cuda,MAFAULDA,model_only,Full-S1,True,1,196,7.779735024087131
cuda,MAFAULDA,model_only,Full-S1,True,1,197,7.857472985051572
cuda,MAFAULDA,model_only,Full-S1,True,1,198,7.816566969268024
cuda,MAFAULDA,model_only,Full-S1,True,1,199,7.787006034050137
cuda,MAFAULDA,model_only,Full-S1,True,1,200,7.769253978040069
cuda,MAFAULDA,model_only,Full-S1,True,1,201,7.78336200164631
cuda,MAFAULDA,model_only,Full-S1,True,1,202,7.761847984511405
cuda,MAFAULDA,model_only,Full-S1,True,1,203,7.851481030229479
cuda,MAFAULDA,model_only,Full-S1,True,1,204,7.8242329764179885
cuda,MAFAULDA,model_only,Full-S1,True,1,205,7.813218981027603
cuda,MAFAULDA,model_only,Full-S1,True,1,206,7.8011800069361925
cuda,MAFAULDA,model_only,Full-S1,True,1,207,7.807767018675804
cuda,MAFAULDA,model_only,Full-S1,True,1,208,7.790470961481333
cuda,MAFAULDA,model_only,Full-S1,True,1,209,7.7609780128113925
cuda,MAFAULDA,model_only,Full-S1,True,1,210,7.7724389848299325
cuda,MAFAULDA,model_only,Full-S1,True,1,211,7.797747966833413
cuda,MAFAULDA,model_only,Full-S1,True,1,212,7.780635030940175
cuda,MAFAULDA,model_only,Full-S1,True,1,213,7.793765980750322
cuda,MAFAULDA,model_only,Full-S1,True,1,214,7.77558796107769
cuda,MAFAULDA,model_only,Full-S1,True,1,215,7.763492001686245
cuda,MAFAULDA,model_only,Full-S1,True,1,216,7.805300992913544
cuda,MAFAULDA,model_only,Full-S1,True,1,217,7.764206035062671
cuda,MAFAULDA,model_only,Full-S1,True,1,218,7.773900055326521
cuda,MAFAULDA,model_only,Full-S1,True,1,219,7.7799650025554
cuda,MAFAULDA,model_only,Full-S1,True,1,220,7.868344022426754
cuda,MAFAULDA,model_only,Full-S1,True,1,221,7.7825760236009955
cuda,MAFAULDA,model_only,Full-S1,True,1,222,7.8077910002321005
cuda,MAFAULDA,model_only,Full-S1,True,1,223,7.79634399805218
cuda,MAFAULDA,model_only,Full-S1,True,1,224,7.802029023878276
cuda,MAFAULDA,model_only,Full-S1,True,1,225,7.747701019980013
cuda,MAFAULDA,model_only,Full-S1,True,1,226,7.823435007594526
cuda,MAFAULDA,model_only,Full-S1,True,1,227,7.791233016178012
cuda,MAFAULDA,model_only,Full-S1,True,1,228,7.818279031198472
cuda,MAFAULDA,model_only,Full-S1,True,1,229,7.913023000583053
cuda,MAFAULDA,model_only,Full-S1,True,1,230,7.8710149973630905
cuda,MAFAULDA,model_only,Full-S1,True,1,231,7.817288977093995
cuda,MAFAULDA,model_only,Full-S1,True,1,232,7.857392018195242
cuda,MAFAULDA,model_only,Full-S1,True,1,233,7.785166031681001
cuda,MAFAULDA,model_only,Full-S1,True,1,234,7.805478991940618
cuda,MAFAULDA,model_only,Full-S1,True,1,235,7.777314982376993
cuda,MAFAULDA,model_only,Full-S1,True,1,236,8.111600007396191
cuda,MAFAULDA,model_only,Full-S1,True,1,237,7.951180043164641
cuda,MAFAULDA,model_only,Full-S1,True,1,238,7.862352998927236
cuda,MAFAULDA,model_only,Full-S1,True,1,239,7.78899498982355
cuda,MAFAULDA,model_only,Full-S1,True,1,240,7.7703550341539085
cuda,MAFAULDA,model_only,Full-S1,True,1,241,7.856787997297943
cuda,MAFAULDA,model_only,Full-S1,True,1,242,7.781824970152229
cuda,MAFAULDA,model_only,Full-S1,True,1,243,7.767016999423504
cuda,MAFAULDA,model_only,Full-S1,True,1,244,7.768837967887521
cuda,MAFAULDA,model_only,Full-S1,True,1,245,7.780393003486097
cuda,MAFAULDA,model_only,Full-S1,True,1,246,7.799382030498236
cuda,MAFAULDA,model_only,Full-S1,True,1,247,7.775195990689099
cuda,MAFAULDA,model_only,Full-S1,True,1,248,7.776086975354701
cuda,MAFAULDA,model_only,Full-S1,True,1,249,7.917654002085328
cuda,MAFAULDA,model_only,Full-S1,True,2,0,7.804938999470323
cuda,MAFAULDA,model_only,Full-S1,True,2,1,7.826106972061098
cuda,MAFAULDA,model_only,Full-S1,True,2,2,7.764563953969628
cuda,MAFAULDA,model_only,Full-S1,True,2,3,7.804924040101469
cuda,MAFAULDA,model_only,Full-S1,True,2,4,7.778262021020055
cuda,MAFAULDA,model_only,Full-S1,True,2,5,7.805934990756214
cuda,MAFAULDA,model_only,Full-S1,True,2,6,7.769256015308201
cuda,MAFAULDA,model_only,Full-S1,True,2,7,7.825190026778728
cuda,MAFAULDA,model_only,Full-S1,True,2,8,7.776945014484227
cuda,MAFAULDA,model_only,Full-S1,True,2,9,7.770970987621695
cuda,MAFAULDA,model_only,Full-S1,True,2,10,7.819637015927583
cuda,MAFAULDA,model_only,Full-S1,True,2,11,7.842459017410874
cuda,MAFAULDA,model_only,Full-S1,True,2,12,7.8361560008488595
cuda,MAFAULDA,model_only,Full-S1,True,2,13,7.883711019530892
cuda,MAFAULDA,model_only,Full-S1,True,2,14,7.8098869998939335
cuda,MAFAULDA,model_only,Full-S1,True,2,15,7.794265984557569
cuda,MAFAULDA,model_only,Full-S1,True,2,16,7.765376009047031
cuda,MAFAULDA,model_only,Full-S1,True,2,17,7.780900981742889
cuda,MAFAULDA,model_only,Full-S1,True,2,18,7.770230004098266
cuda,MAFAULDA,model_only,Full-S1,True,2,19,7.786228961776942
cuda,MAFAULDA,model_only,Full-S1,True,2,20,7.8024499816820025
cuda,MAFAULDA,model_only,Full-S1,True,2,21,7.794986013323069
cuda,MAFAULDA,model_only,Full-S1,True,2,22,7.798958045896143
cuda,MAFAULDA,model_only,Full-S1,True,2,23,7.7969220001250505
cuda,MAFAULDA,model_only,Full-S1,True,2,24,7.771603995934129
cuda,MAFAULDA,model_only,Full-S1,True,2,25,7.777519000228494
cuda,MAFAULDA,model_only,Full-S1,True,2,26,7.76481901993975
cuda,MAFAULDA,model_only,Full-S1,True,2,27,7.786428031977266
cuda,MAFAULDA,model_only,Full-S1,True,2,28,7.937096990644932
cuda,MAFAULDA,model_only,Full-S1,True,2,29,7.829029054846615
cuda,MAFAULDA,model_only,Full-S1,True,2,30,7.821246981620789
cuda,MAFAULDA,model_only,Full-S1,True,2,31,7.801193045452237
cuda,MAFAULDA,model_only,Full-S1,True,2,32,7.800364983268082
cuda,MAFAULDA,model_only,Full-S1,True,2,33,9.06158797442913
cuda,MAFAULDA,model_only,Full-S1,True,2,34,8.648189017549157
cuda,MAFAULDA,model_only,Full-S1,True,2,35,8.509633946232498
cuda,MAFAULDA,model_only,Full-S1,True,2,36,8.385796041693538
cuda,MAFAULDA,model_only,Full-S1,True,2,37,8.268846024293453
cuda,MAFAULDA,model_only,Full-S1,True,2,38,8.44226503977552
cuda,MAFAULDA,model_only,Full-S1,True,2,39,8.419370977208018
cuda,MAFAULDA,model_only,Full-S1,True,2,40,8.327585004735738
cuda,MAFAULDA,model_only,Full-S1,True,2,41,8.08463804423809
cuda,MAFAULDA,model_only,Full-S1,True,2,42,7.8624909510836005
cuda,MAFAULDA,model_only,Full-S1,True,2,43,7.904132013209164
cuda,MAFAULDA,model_only,Full-S1,True,2,44,7.797398022376001
cuda,MAFAULDA,model_only,Full-S1,True,2,45,7.889937958680093
cuda,MAFAULDA,model_only,Full-S1,True,2,46,7.804981025401503
cuda,MAFAULDA,model_only,Full-S1,True,2,47,7.801075000315905
cuda,MAFAULDA,model_only,Full-S1,True,2,48,7.773661985993385
cuda,MAFAULDA,model_only,Full-S1,True,2,49,7.808461028616875
cuda,MAFAULDA,model_only,Full-S1,True,2,50,7.786141010001302
cuda,MAFAULDA,model_only,Full-S1,True,2,51,7.829357986338437
cuda,MAFAULDA,model_only,Full-S1,True,2,52,7.887106039561331
cuda,MAFAULDA,model_only,Full-S1,True,2,53,7.887973973993212
cuda,MAFAULDA,model_only,Full-S1,True,2,54,7.8213250380940735
cuda,MAFAULDA,model_only,Full-S1,True,2,55,7.793250028043985
cuda,MAFAULDA,model_only,Full-S1,True,2,56,7.855964999180287
cuda,MAFAULDA,model_only,Full-S1,True,2,57,7.845097978133708
cuda,MAFAULDA,model_only,Full-S1,True,2,58,7.828504021745175
cuda,MAFAULDA,model_only,Full-S1,True,2,59,7.895480026490986
cuda,MAFAULDA,model_only,Full-S1,True,2,60,8.156904950737953
cuda,MAFAULDA,model_only,Full-S1,True,2,61,8.025242015719414
cuda,MAFAULDA,model_only,Full-S1,True,2,62,7.879242009948939
cuda,MAFAULDA,model_only,Full-S1,True,2,63,7.80561298597604
cuda,MAFAULDA,model_only,Full-S1,True,2,64,7.802551961503923
cuda,MAFAULDA,model_only,Full-S1,True,2,65,7.8166049788706005
cuda,MAFAULDA,model_only,Full-S1,True,2,66,7.785098045133054
cuda,MAFAULDA,model_only,Full-S1,True,2,67,7.775470963679254
cuda,MAFAULDA,model_only,Full-S1,True,2,68,7.8795530134812
cuda,MAFAULDA,model_only,Full-S1,True,2,69,7.893578032962978
cuda,MAFAULDA,model_only,Full-S1,True,2,70,7.809887989424169
cuda,MAFAULDA,model_only,Full-S1,True,2,71,7.925198005978018
cuda,MAFAULDA,model_only,Full-S1,True,2,72,7.805650006048381
cuda,MAFAULDA,model_only,Full-S1,True,2,73,7.835860014893115
cuda,MAFAULDA,model_only,Full-S1,True,2,74,7.788750983309001
cuda,MAFAULDA,model_only,Full-S1,True,2,75,7.797280035447329
cuda,MAFAULDA,model_only,Full-S1,True,2,76,7.7777219703421
cuda,MAFAULDA,model_only,Full-S1,True,2,77,7.798800012096763
cuda,MAFAULDA,model_only,Full-S1,True,2,78,7.769289950374514
cuda,MAFAULDA,model_only,Full-S1,True,2,79,7.790580973960459
cuda,MAFAULDA,model_only,Full-S1,True,2,80,7.865734049119055
cuda,MAFAULDA,model_only,Full-S1,True,2,81,7.852395006921142
cuda,MAFAULDA,model_only,Full-S1,True,2,82,7.8444809769280255
cuda,MAFAULDA,model_only,Full-S1,True,2,83,7.774312049150467
cuda,MAFAULDA,model_only,Full-S1,True,2,84,7.850740978028625
cuda,MAFAULDA,model_only,Full-S1,True,2,85,7.836596050765365
cuda,MAFAULDA,model_only,Full-S1,True,2,86,7.937608985230327
cuda,MAFAULDA,model_only,Full-S1,True,2,87,7.7929929830133915
cuda,MAFAULDA,model_only,Full-S1,True,2,88,7.778036000672728
cuda,MAFAULDA,model_only,Full-S1,True,2,89,7.78554700082168
cuda,MAFAULDA,model_only,Full-S1,True,2,90,7.812310010194778
cuda,MAFAULDA,model_only,Full-S1,True,2,91,7.763077970594168
cuda,MAFAULDA,model_only,Full-S1,True,2,92,7.799866027198732
cuda,MAFAULDA,model_only,Full-S1,True,2,93,7.774297031573951
cuda,MAFAULDA,model_only,Full-S1,True,2,94,7.80046998988837
cuda,MAFAULDA,model_only,Full-S1,True,2,95,7.736742030829191
cuda,MAFAULDA,model_only,Full-S1,True,2,96,7.774933998007327
cuda,MAFAULDA,model_only,Full-S1,True,2,97,7.751780038233846
cuda,MAFAULDA,model_only,Full-S1,True,2,98,7.7946800156496465
cuda,MAFAULDA,model_only,Full-S1,True,2,99,7.765293004922569
cuda,MAFAULDA,model_only,Full-S1,True,2,100,7.785912021063268
cuda,MAFAULDA,model_only,Full-S1,True,2,101,7.776713988278061
cuda,MAFAULDA,model_only,Full-S1,True,2,102,7.772396027576178
cuda,MAFAULDA,model_only,Full-S1,True,2,103,7.827352965250611
cuda,MAFAULDA,model_only,Full-S1,True,2,104,7.781469961628318
cuda,MAFAULDA,model_only,Full-S1,True,2,105,7.802566979080439
cuda,MAFAULDA,model_only,Full-S1,True,2,106,7.854886003769934
cuda,MAFAULDA,model_only,Full-S1,True,2,107,7.8184769954532385
cuda,MAFAULDA,model_only,Full-S1,True,2,108,7.790131028741598
cuda,MAFAULDA,model_only,Full-S1,True,2,109,7.782066008076072
cuda,MAFAULDA,model_only,Full-S1,True,2,110,7.765105983708054
cuda,MAFAULDA,model_only,Full-S1,True,2,111,7.87683401722461
cuda,MAFAULDA,model_only,Full-S1,True,2,112,7.746284012682736
cuda,MAFAULDA,model_only,Full-S1,True,2,113,7.917631010059267
cuda,MAFAULDA,model_only,Full-S1,True,2,114,7.849674962926656
cuda,MAFAULDA,model_only,Full-S1,True,2,115,8.084102999418974
cuda,MAFAULDA,model_only,Full-S1,True,2,116,7.853607006836683
cuda,MAFAULDA,model_only,Full-S1,True,2,117,7.803805987350643
cuda,MAFAULDA,model_only,Full-S1,True,2,118,7.809069007635117
cuda,MAFAULDA,model_only,Full-S1,True,2,119,7.80370197026059
cuda,MAFAULDA,model_only,Full-S1,True,2,120,7.773232995532453
cuda,MAFAULDA,model_only,Full-S1,True,2,121,7.743364956695586
cuda,MAFAULDA,model_only,Full-S1,True,2,122,7.756781007628888
cuda,MAFAULDA,model_only,Full-S1,True,2,123,7.794881006702781
cuda,MAFAULDA,model_only,Full-S1,True,2,124,7.786206959281117
cuda,MAFAULDA,model_only,Full-S1,True,2,125,7.779244042467326
cuda,MAFAULDA,model_only,Full-S1,True,2,126,7.795986020937562
cuda,MAFAULDA,model_only,Full-S1,True,2,127,7.85441102925688
cuda,MAFAULDA,model_only,Full-S1,True,2,128,7.897089992184192
cuda,MAFAULDA,model_only,Full-S1,True,2,129,7.860623009037226
cuda,MAFAULDA,model_only,Full-S1,True,2,130,7.770873024128377
cuda,MAFAULDA,model_only,Full-S1,True,2,131,7.814734999556094
cuda,MAFAULDA,model_only,Full-S1,True,2,132,7.787361042574048
cuda,MAFAULDA,model_only,Full-S1,True,2,133,7.7909769606776536
cuda,MAFAULDA,model_only,Full-S1,True,2,134,7.780116051435471
cuda,MAFAULDA,model_only,Full-S1,True,2,135,7.818996033165604
cuda,MAFAULDA,model_only,Full-S1,True,2,136,7.7885090140625834
cuda,MAFAULDA,model_only,Full-S1,True,2,137,7.746598043013364
cuda,MAFAULDA,model_only,Full-S1,True,2,138,7.8033749596215785
cuda,MAFAULDA,model_only,Full-S1,True,2,139,7.757869025226682
cuda,MAFAULDA,model_only,Full-S1,True,2,140,7.8568580211140215
cuda,MAFAULDA,model_only,Full-S1,True,2,141,7.772505981847644
cuda,MAFAULDA,model_only,Full-S1,True,2,142,7.829286041669548
cuda,MAFAULDA,model_only,Full-S1,True,2,143,7.777574995998293
cuda,MAFAULDA,model_only,Full-S1,True,2,144,7.777020044159144
cuda,MAFAULDA,model_only,Full-S1,True,2,145,7.795990037266165
cuda,MAFAULDA,model_only,Full-S1,True,2,146,7.774969970341772
cuda,MAFAULDA,model_only,Full-S1,True,2,147,7.7622159733437
cuda,MAFAULDA,model_only,Full-S1,True,2,148,7.74585094768554
cuda,MAFAULDA,model_only,Full-S1,True,2,149,7.787170994561166
cuda,MAFAULDA,model_only,Full-S1,True,2,150,7.776599028147757
cuda,MAFAULDA,model_only,Full-S1,True,2,151,7.7659779926761985
cuda,MAFAULDA,model_only,Full-S1,True,2,152,7.779171981383115
cuda,MAFAULDA,model_only,Full-S1,True,2,153,7.752142031677067
cuda,MAFAULDA,model_only,Full-S1,True,2,154,7.785542984493077
cuda,MAFAULDA,model_only,Full-S1,True,2,155,7.786520000081509
cuda,MAFAULDA,model_only,Full-S1,True,2,156,7.884215970989317
cuda,MAFAULDA,model_only,Full-S1,True,2,157,7.852934999391437
cuda,MAFAULDA,model_only,Full-S1,True,2,158,7.90787796722725
cuda,MAFAULDA,model_only,Full-S1,True,2,159,7.78929004445672
cuda,MAFAULDA,model_only,Full-S1,True,2,160,7.798218983225524
cuda,MAFAULDA,model_only,Full-S1,True,2,161,7.804371998645365
cuda,MAFAULDA,model_only,Full-S1,True,2,162,7.782735046930611
cuda,MAFAULDA,model_only,Full-S1,True,2,163,7.787800976075232
cuda,MAFAULDA,model_only,Full-S1,True,2,164,7.802737003657967
cuda,MAFAULDA,model_only,Full-S1,True,2,165,7.803781016264111
cuda,MAFAULDA,model_only,Full-S1,True,2,166,7.887906976975501
cuda,MAFAULDA,model_only,Full-S1,True,2,167,7.785375986713916
cuda,MAFAULDA,model_only,Full-S1,True,2,168,7.802453998010606
cuda,MAFAULDA,model_only,Full-S1,True,2,169,7.792018004693091
cuda,MAFAULDA,model_only,Full-S1,True,2,170,7.7866429928690195
cuda,MAFAULDA,model_only,Full-S1,True,2,171,7.82162300311029
cuda,MAFAULDA,model_only,Full-S1,True,2,172,7.781455002259463
cuda,MAFAULDA,model_only,Full-S1,True,2,173,7.846842985600233
cuda,MAFAULDA,model_only,Full-S1,True,2,174,7.866704952903092
cuda,MAFAULDA,model_only,Full-S1,True,2,175,7.766205002553761
cuda,MAFAULDA,model_only,Full-S1,True,2,176,7.816249039024115
cuda,MAFAULDA,model_only,Full-S1,True,2,177,7.789567986037582
cuda,MAFAULDA,model_only,Full-S1,True,2,178,7.781398016959429
cuda,MAFAULDA,model_only,Full-S1,True,2,179,7.759155996609479
cuda,MAFAULDA,model_only,Full-S1,True,2,180,7.794616976752877
cuda,MAFAULDA,model_only,Full-S1,True,2,181,7.865587016567588
cuda,MAFAULDA,model_only,Full-S1,True,2,182,7.8297959989868104
cuda,MAFAULDA,model_only,Full-S1,True,2,183,7.802112028002739
cuda,MAFAULDA,model_only,Full-S1,True,2,184,7.772774959448725
cuda,MAFAULDA,model_only,Full-S1,True,2,185,7.883073994889855
cuda,MAFAULDA,model_only,Full-S1,True,2,186,7.838470977731049
cuda,MAFAULDA,model_only,Full-S1,True,2,187,8.004560018889606
cuda,MAFAULDA,model_only,Full-S1,True,2,188,7.925565994810313
cuda,MAFAULDA,model_only,Full-S1,True,2,189,7.96204200014472
cuda,MAFAULDA,model_only,Full-S1,True,2,190,7.803877990227193
cuda,MAFAULDA,model_only,Full-S1,True,2,191,7.971943006850779
cuda,MAFAULDA,model_only,Full-S1,True,2,192,7.805393019225448
cuda,MAFAULDA,model_only,Full-S1,True,2,193,7.782861008308828
cuda,MAFAULDA,model_only,Full-S1,True,2,194,7.781695981975645
cuda,MAFAULDA,model_only,Full-S1,True,2,195,7.797583006322384
cuda,MAFAULDA,model_only,Full-S1,True,2,196,7.792203978169709
cuda,MAFAULDA,model_only,Full-S1,True,2,197,7.867036969400942
cuda,MAFAULDA,model_only,Full-S1,True,2,198,7.830406015273184
cuda,MAFAULDA,model_only,Full-S1,True,2,199,7.9803760163486
cuda,MAFAULDA,model_only,Full-S1,True,2,200,7.785975991282612
cuda,MAFAULDA,model_only,Full-S1,True,2,201,7.806505018379539
cuda,MAFAULDA,model_only,Full-S1,True,2,202,7.771220989525318
cuda,MAFAULDA,model_only,Full-S1,True,2,203,7.768833020236343
cuda,MAFAULDA,model_only,Full-S1,True,2,204,7.770966039970517
cuda,MAFAULDA,model_only,Full-S1,True,2,205,7.766689988784492
cuda,MAFAULDA,model_only,Full-S1,True,2,206,7.8234460088424385
cuda,MAFAULDA,model_only,Full-S1,True,2,207,7.80451501486823
cuda,MAFAULDA,model_only,Full-S1,True,2,208,7.856844982597977
cuda,MAFAULDA,model_only,Full-S1,True,2,209,7.848152017686516
cuda,MAFAULDA,model_only,Full-S1,True,2,210,7.89573899237439
cuda,MAFAULDA,model_only,Full-S1,True,2,211,7.7996469917707145
cuda,MAFAULDA,model_only,Full-S1,True,2,212,7.81237002229318
cuda,MAFAULDA,model_only,Full-S1,True,2,213,7.8240829752758145
cuda,MAFAULDA,model_only,Full-S1,True,2,214,7.790721021592617
cuda,MAFAULDA,model_only,Full-S1,True,2,215,7.803977990988642
cuda,MAFAULDA,model_only,Full-S1,True,2,216,7.796462974511087
cuda,MAFAULDA,model_only,Full-S1,True,2,217,7.784067012835294
cuda,MAFAULDA,model_only,Full-S1,True,2,218,7.789825031068176
cuda,MAFAULDA,model_only,Full-S1,True,2,219,7.812536030542105
cuda,MAFAULDA,model_only,Full-S1,True,2,220,7.786814996507019
cuda,MAFAULDA,model_only,Full-S1,True,2,221,7.793202006723732
cuda,MAFAULDA,model_only,Full-S1,True,2,222,7.844261999707669
cuda,MAFAULDA,model_only,Full-S1,True,2,223,7.782492029946297
cuda,MAFAULDA,model_only,Full-S1,True,2,224,7.785452995449305
cuda,MAFAULDA,model_only,Full-S1,True,2,225,7.770790020003915
cuda,MAFAULDA,model_only,Full-S1,True,2,226,7.785939029417932
cuda,MAFAULDA,model_only,Full-S1,True,2,227,7.782451051753014
cuda,MAFAULDA,model_only,Full-S1,True,2,228,7.796532998327166
cuda,MAFAULDA,model_only,Full-S1,True,2,229,7.80704797944054
cuda,MAFAULDA,model_only,Full-S1,True,2,230,7.805040979292244
cuda,MAFAULDA,model_only,Full-S1,True,2,231,7.791668991558254
cuda,MAFAULDA,model_only,Full-S1,True,2,232,7.771084026899189
cuda,MAFAULDA,model_only,Full-S1,True,2,233,7.765229034703225
cuda,MAFAULDA,model_only,Full-S1,True,2,234,7.793491997290403
cuda,MAFAULDA,model_only,Full-S1,True,2,235,7.929758983664215
cuda,MAFAULDA,model_only,Full-S1,True,2,236,7.809859002009034
cuda,MAFAULDA,model_only,Full-S1,True,2,237,7.788077986333519
cuda,MAFAULDA,model_only,Full-S1,True,2,238,7.81428103800863
cuda,MAFAULDA,model_only,Full-S1,True,2,239,7.861102989409119
cuda,MAFAULDA,model_only,Full-S1,True,2,240,7.782205007970333
cuda,MAFAULDA,model_only,Full-S1,True,2,241,7.932589040137827
cuda,MAFAULDA,model_only,Full-S1,True,2,242,7.864749990403652
cuda,MAFAULDA,model_only,Full-S1,True,2,243,8.09263699920848
cuda,MAFAULDA,model_only,Full-S1,True,2,244,7.865744992159307
cuda,MAFAULDA,model_only,Full-S1,True,2,245,7.794720004312694
cuda,MAFAULDA,model_only,Full-S1,True,2,246,7.788949005771428
cuda,MAFAULDA,model_only,Full-S1,True,2,247,7.789203024003655
cuda,MAFAULDA,model_only,Full-S1,True,2,248,7.772563025355339
cuda,MAFAULDA,model_only,Full-S1,True,2,249,7.805877015925944
cuda,MAFAULDA,model_only,K1,True,2,0,4.250972007866949
cuda,MAFAULDA,model_only,K1,True,2,1,4.206262005027384
cuda,MAFAULDA,model_only,K1,True,2,2,4.217557027004659
cuda,MAFAULDA,model_only,K1,True,2,3,4.234489984810352
cuda,MAFAULDA,model_only,K1,True,2,4,4.2219129973091185
cuda,MAFAULDA,model_only,K1,True,2,5,4.2035969672724605
cuda,MAFAULDA,model_only,K1,True,2,6,4.197002039290965
cuda,MAFAULDA,model_only,K1,True,2,7,4.224069998599589
cuda,MAFAULDA,model_only,K1,True,2,8,4.199119983240962
cuda,MAFAULDA,model_only,K1,True,2,9,4.232854000292718
cuda,MAFAULDA,model_only,K1,True,2,10,4.341869032941759
cuda,MAFAULDA,model_only,K1,True,2,11,4.257499007508159
cuda,MAFAULDA,model_only,K1,True,2,12,4.264039976987988
cuda,MAFAULDA,model_only,K1,True,2,13,4.238786001224071
cuda,MAFAULDA,model_only,K1,True,2,14,4.221645009238273
cuda,MAFAULDA,model_only,K1,True,2,15,4.188087012153119
cuda,MAFAULDA,model_only,K1,True,2,16,4.207733960356563
cuda,MAFAULDA,model_only,K1,True,2,17,4.227339988574386
cuda,MAFAULDA,model_only,K1,True,2,18,4.218731017317623
cuda,MAFAULDA,model_only,K1,True,2,19,4.233359009958804
cuda,MAFAULDA,model_only,K1,True,2,20,4.233302024658769
cuda,MAFAULDA,model_only,K1,True,2,21,4.2191119864583015
cuda,MAFAULDA,model_only,K1,True,2,22,4.2549039935693145
cuda,MAFAULDA,model_only,K1,True,2,23,4.208885016851127
cuda,MAFAULDA,model_only,K1,True,2,24,4.202100972179323
cuda,MAFAULDA,model_only,K1,True,2,25,4.188330029137433
cuda,MAFAULDA,model_only,K1,True,2,26,4.21203498262912
cuda,MAFAULDA,model_only,K1,True,2,27,4.226410994306207
cuda,MAFAULDA,model_only,K1,True,2,28,4.2079759878106415
cuda,MAFAULDA,model_only,K1,True,2,29,4.204339988064021
cuda,MAFAULDA,model_only,K1,True,2,30,4.202893003821373
cuda,MAFAULDA,model_only,K1,True,2,31,4.197101981844753
cuda,MAFAULDA,model_only,K1,True,2,32,4.210069018881768
cuda,MAFAULDA,model_only,K1,True,2,33,4.296077007893473
cuda,MAFAULDA,model_only,K1,True,2,34,4.265324037987739
cuda,MAFAULDA,model_only,K1,True,2,35,4.26992098800838
cuda,MAFAULDA,model_only,K1,True,2,36,4.210698010865599
cuda,MAFAULDA,model_only,K1,True,2,37,4.2546779732219875
cuda,MAFAULDA,model_only,K1,True,2,38,4.213515028823167
cuda,MAFAULDA,model_only,K1,True,2,39,4.202283977065235
cuda,MAFAULDA,model_only,K1,True,2,40,4.203443008009344
cuda,MAFAULDA,model_only,K1,True,2,41,4.216744971927255
cuda,MAFAULDA,model_only,K1,True,2,42,4.220098024234176
cuda,MAFAULDA,model_only,K1,True,2,43,4.206527955830097
cuda,MAFAULDA,model_only,K1,True,2,44,4.19273303123191
cuda,MAFAULDA,model_only,K1,True,2,45,4.223582975100726
cuda,MAFAULDA,model_only,K1,True,2,46,4.1697120177559555
cuda,MAFAULDA,model_only,K1,True,2,47,4.191597050521523
cuda,MAFAULDA,model_only,K1,True,2,48,4.202474025078118
cuda,MAFAULDA,model_only,K1,True,2,49,4.209137987345457
cuda,MAFAULDA,model_only,K1,True,2,50,4.217968031298369
cuda,MAFAULDA,model_only,K1,True,2,51,4.228237026836723
cuda,MAFAULDA,model_only,K1,True,2,52,4.200987983494997
cuda,MAFAULDA,model_only,K1,True,2,53,4.213078005705029
cuda,MAFAULDA,model_only,K1,True,2,54,4.218384972773492
cuda,MAFAULDA,model_only,K1,True,2,55,4.233205982018262
cuda,MAFAULDA,model_only,K1,True,2,56,4.213050007820129
cuda,MAFAULDA,model_only,K1,True,2,57,4.201240022666752
cuda,MAFAULDA,model_only,K1,True,2,58,4.214579006657004
cuda,MAFAULDA,model_only,K1,True,2,59,4.244984011165798
cuda,MAFAULDA,model_only,K1,True,2,60,4.2030130280181766
cuda,MAFAULDA,model_only,K1,True,2,61,4.213983018416911
cuda,MAFAULDA,model_only,K1,True,2,62,4.22321300720796
cuda,MAFAULDA,model_only,K1,True,2,63,4.2443290003575385
cuda,MAFAULDA,model_only,K1,True,2,64,4.27907204721123
cuda,MAFAULDA,model_only,K1,True,2,65,4.223248979542404
cuda,MAFAULDA,model_only,K1,True,2,66,4.2098829871974885
cuda,MAFAULDA,model_only,K1,True,2,67,4.262551025021821
cuda,MAFAULDA,model_only,K1,True,2,68,4.2235610308125615
cuda,MAFAULDA,model_only,K1,True,2,69,4.195868968963623
cuda,MAFAULDA,model_only,K1,True,2,70,4.195742018055171
cuda,MAFAULDA,model_only,K1,True,2,71,4.235664964653552
cuda,MAFAULDA,model_only,K1,True,2,72,4.214087966829538
cuda,MAFAULDA,model_only,K1,True,2,73,4.2388029978610575
cuda,MAFAULDA,model_only,K1,True,2,74,4.20927902450785
cuda,MAFAULDA,model_only,K1,True,2,75,4.203441960271448
cuda,MAFAULDA,model_only,K1,True,2,76,4.206743964459747
cuda,MAFAULDA,model_only,K1,True,2,77,4.230232036206871
cuda,MAFAULDA,model_only,K1,True,2,78,4.261879017576575
cuda,MAFAULDA,model_only,K1,True,2,79,4.22592501854524
cuda,MAFAULDA,model_only,K1,True,2,80,4.2172420071437955
cuda,MAFAULDA,model_only,K1,True,2,81,4.255737003404647
cuda,MAFAULDA,model_only,K1,True,2,82,4.203818971291184
cuda,MAFAULDA,model_only,K1,True,2,83,4.229795013088733
cuda,MAFAULDA,model_only,K1,True,2,84,4.206040990538895
cuda,MAFAULDA,model_only,K1,True,2,85,4.260993038769811
cuda,MAFAULDA,model_only,K1,True,2,86,4.389303037896752
cuda,MAFAULDA,model_only,K1,True,2,87,4.476149973925203
cuda,MAFAULDA,model_only,K1,True,2,88,4.496987035963684
cuda,MAFAULDA,model_only,K1,True,2,89,4.381627019029111
cuda,MAFAULDA,model_only,K1,True,2,90,4.562977992463857
cuda,MAFAULDA,model_only,K1,True,2,91,4.4697949779219925
cuda,MAFAULDA,model_only,K1,True,2,92,4.655453027226031
cuda,MAFAULDA,model_only,K1,True,2,93,4.59617399610579
cuda,MAFAULDA,model_only,K1,True,2,94,4.462409997358918
cuda,MAFAULDA,model_only,K1,True,2,95,4.455620015505701
cuda,MAFAULDA,model_only,K1,True,2,96,4.455977992620319
cuda,MAFAULDA,model_only,K1,True,2,97,4.463831020984799
cuda,MAFAULDA,model_only,K1,True,2,98,4.449143016245216
cuda,MAFAULDA,model_only,K1,True,2,99,4.434656002558768
cuda,MAFAULDA,model_only,K1,True,2,100,4.4624400325119495
cuda,MAFAULDA,model_only,K1,True,2,101,4.4257380068302155
cuda,MAFAULDA,model_only,K1,True,2,102,4.4219649862498045
cuda,MAFAULDA,model_only,K1,True,2,103,4.449289001058787
cuda,MAFAULDA,model_only,K1,True,2,104,4.403444996569306
cuda,MAFAULDA,model_only,K1,True,2,105,4.239803995005786
cuda,MAFAULDA,model_only,K1,True,2,106,4.220954026095569
cuda,MAFAULDA,model_only,K1,True,2,107,4.289356991648674
cuda,MAFAULDA,model_only,K1,True,2,108,4.218963964376599
cuda,MAFAULDA,model_only,K1,True,2,109,4.2180189630016685
cuda,MAFAULDA,model_only,K1,True,2,110,4.208260972518474
cuda,MAFAULDA,model_only,K1,True,2,111,4.228617995977402
cuda,MAFAULDA,model_only,K1,True,2,112,4.216286004520953
cuda,MAFAULDA,model_only,K1,True,2,113,4.342290048953146
cuda,MAFAULDA,model_only,K1,True,2,114,4.237169050611556
cuda,MAFAULDA,model_only,K1,True,2,115,4.312432953156531
cuda,MAFAULDA,model_only,K1,True,2,116,4.28915600059554
cuda,MAFAULDA,model_only,K1,True,2,117,4.270479024853557
cuda,MAFAULDA,model_only,K1,True,2,118,4.202136013191193
cuda,MAFAULDA,model_only,K1,True,2,119,4.3455109698697925
cuda,MAFAULDA,model_only,K1,True,2,120,4.248151031788439
cuda,MAFAULDA,model_only,K1,True,2,121,4.366767010651529
cuda,MAFAULDA,model_only,K1,True,2,122,4.37282701022923
cuda,MAFAULDA,model_only,K1,True,2,123,4.336836980655789
cuda,MAFAULDA,model_only,K1,True,2,124,4.222653049509972
cuda,MAFAULDA,model_only,K1,True,2,125,4.217959009110928
cuda,MAFAULDA,model_only,K1,True,2,126,4.200638039037585
cuda,MAFAULDA,model_only,K1,True,2,127,4.2046160087920725
cuda,MAFAULDA,model_only,K1,True,2,128,4.262079019099474
cuda,MAFAULDA,model_only,K1,True,2,129,4.19799197698012
cuda,MAFAULDA,model_only,K1,True,2,130,4.222729010507464
cuda,MAFAULDA,model_only,K1,True,2,131,4.234512976836413
cuda,MAFAULDA,model_only,K1,True,2,132,4.242606984917074
cuda,MAFAULDA,model_only,K1,True,2,133,4.197166010271758
cuda,MAFAULDA,model_only,K1,True,2,134,4.246863012667745
cuda,MAFAULDA,model_only,K1,True,2,135,4.320683015976101
cuda,MAFAULDA,model_only,K1,True,2,136,4.251152975484729
cuda,MAFAULDA,model_only,K1,True,2,137,4.202455980703235
cuda,MAFAULDA,model_only,K1,True,2,138,4.4038029736839235
cuda,MAFAULDA,model_only,K1,True,2,139,4.278098989743739
cuda,MAFAULDA,model_only,K1,True,2,140,4.2600990273058414
cuda,MAFAULDA,model_only,K1,True,2,141,4.2373110190965235
cuda,MAFAULDA,model_only,K1,True,2,142,4.268342978321016
cuda,MAFAULDA,model_only,K1,True,2,143,4.207181977108121
cuda,MAFAULDA,model_only,K1,True,2,144,4.226074030157179
cuda,MAFAULDA,model_only,K1,True,2,145,4.175353969912976
cuda,MAFAULDA,model_only,K1,True,2,146,4.205983015708625
cuda,MAFAULDA,model_only,K1,True,2,147,4.206991987302899
cuda,MAFAULDA,model_only,K1,True,2,148,4.208817961625755
cuda,MAFAULDA,model_only,K1,True,2,149,4.211452032905072
cuda,MAFAULDA,model_only,K1,True,2,150,4.197085974738002
cuda,MAFAULDA,model_only,K1,True,2,151,4.182424978353083
cuda,MAFAULDA,model_only,K1,True,2,152,4.19252400752157
cuda,MAFAULDA,model_only,K1,True,2,153,4.232164996210486
cuda,MAFAULDA,model_only,K1,True,2,154,4.21046995325014
cuda,MAFAULDA,model_only,K1,True,2,155,4.200286988634616
cuda,MAFAULDA,model_only,K1,True,2,156,4.202004987746477
cuda,MAFAULDA,model_only,K1,True,2,157,4.188489052467048
cuda,MAFAULDA,model_only,K1,True,2,158,4.26123000215739
cuda,MAFAULDA,model_only,K1,True,2,159,4.21480304794386
cuda,MAFAULDA,model_only,K1,True,2,160,4.231566039379686
cuda,MAFAULDA,model_only,K1,True,2,161,4.230293037835509
cuda,MAFAULDA,model_only,K1,True,2,162,4.198613984044641
cuda,MAFAULDA,model_only,K1,True,2,163,4.224031988997012
cuda,MAFAULDA,model_only,K1,True,2,164,4.1786080109886825
cuda,MAFAULDA,model_only,K1,True,2,165,4.2010240140371025
cuda,MAFAULDA,model_only,K1,True,2,166,4.19872795464471
cuda,MAFAULDA,model_only,K1,True,2,167,4.229288955684751
cuda,MAFAULDA,model_only,K1,True,2,168,4.204804019536823
cuda,MAFAULDA,model_only,K1,True,2,169,4.27856802707538
cuda,MAFAULDA,model_only,K1,True,2,170,4.19807800790295
cuda,MAFAULDA,model_only,K1,True,2,171,4.217217967379838
cuda,MAFAULDA,model_only,K1,True,2,172,4.2200369643978775
cuda,MAFAULDA,model_only,K1,True,2,173,4.206433950457722
cuda,MAFAULDA,model_only,K1,True,2,174,4.206315032206476
cuda,MAFAULDA,model_only,K1,True,2,175,4.213740001432598
cuda,MAFAULDA,model_only,K1,True,2,176,4.224357020575553
cuda,MAFAULDA,model_only,K1,True,2,177,4.221644019708037
cuda,MAFAULDA,model_only,K1,True,2,178,4.245471965987235
cuda,MAFAULDA,model_only,K1,True,2,179,4.213111009448767
cuda,MAFAULDA,model_only,K1,True,2,180,4.217697016429156
cuda,MAFAULDA,model_only,K1,True,2,181,4.221348965074867
cuda,MAFAULDA,model_only,K1,True,2,182,4.203093994874507
cuda,MAFAULDA,model_only,K1,True,2,183,4.212885978631675
cuda,MAFAULDA,model_only,K1,True,2,184,4.23866999335587
cuda,MAFAULDA,model_only,K1,True,2,185,4.213856009300798
cuda,MAFAULDA,model_only,K1,True,2,186,4.232734034303576
cuda,MAFAULDA,model_only,K1,True,2,187,4.181548021733761
cuda,MAFAULDA,model_only,K1,True,2,188,4.205698031000793
cuda,MAFAULDA,model_only,K1,True,2,189,4.21087397262454
cuda,MAFAULDA,model_only,K1,True,2,190,4.21956495847553
cuda,MAFAULDA,model_only,K1,True,2,191,4.254799976479262
cuda,MAFAULDA,model_only,K1,True,2,192,4.2379790102131665
cuda,MAFAULDA,model_only,K1,True,2,193,4.23717696685344
cuda,MAFAULDA,model_only,K1,True,2,194,4.211085033603013
cuda,MAFAULDA,model_only,K1,True,2,195,4.217814013827592
cuda,MAFAULDA,model_only,K1,True,2,196,4.204778000712395
cuda,MAFAULDA,model_only,K1,True,2,197,4.21152199851349
cuda,MAFAULDA,model_only,K1,True,2,198,4.2109659989364445
cuda,MAFAULDA,model_only,K1,True,2,199,4.263825016096234
cuda,MAFAULDA,model_only,K1,True,2,200,4.181941039860249
cuda,MAFAULDA,model_only,K1,True,2,201,4.213324980810285
cuda,MAFAULDA,model_only,K1,True,2,202,4.201414005365223
cuda,MAFAULDA,model_only,K1,True,2,203,4.1851510177366436
cuda,MAFAULDA,model_only,K1,True,2,204,4.208395956084132
cuda,MAFAULDA,model_only,K1,True,2,205,4.202540963888168
cuda,MAFAULDA,model_only,K1,True,2,206,4.2335279867984354
cuda,MAFAULDA,model_only,K1,True,2,207,4.281382018234581
cuda,MAFAULDA,model_only,K1,True,2,208,4.282200010493398
cuda,MAFAULDA,model_only,K1,True,2,209,4.278066975530237
cuda,MAFAULDA,model_only,K1,True,2,210,4.258401982951909
cuda,MAFAULDA,model_only,K1,True,2,211,4.2161569581367075
cuda,MAFAULDA,model_only,K1,True,2,212,4.240052017848939
cuda,MAFAULDA,model_only,K1,True,2,213,4.193849046714604
cuda,MAFAULDA,model_only,K1,True,2,214,4.228650010190904
cuda,MAFAULDA,model_only,K1,True,2,215,4.207172023598105
cuda,MAFAULDA,model_only,K1,True,2,216,4.216146015096456
cuda,MAFAULDA,model_only,K1,True,2,217,4.22073103254661
cuda,MAFAULDA,model_only,K1,True,2,218,4.201853007543832
cuda,MAFAULDA,model_only,K1,True,2,219,4.2565150070004165
cuda,MAFAULDA,model_only,K1,True,2,220,4.392099974211305
cuda,MAFAULDA,model_only,K1,True,2,221,4.24816197482869
cuda,MAFAULDA,model_only,K1,True,2,222,4.503745003603399
cuda,MAFAULDA,model_only,K1,True,2,223,4.458740004338324
cuda,MAFAULDA,model_only,K1,True,2,224,4.539584973827004
cuda,MAFAULDA,model_only,K1,True,2,225,4.456038004718721
cuda,MAFAULDA,model_only,K1,True,2,226,4.4422970386222005
cuda,MAFAULDA,model_only,K1,True,2,227,4.443245998118073
cuda,MAFAULDA,model_only,K1,True,2,228,4.212937026750296
cuda,MAFAULDA,model_only,K1,True,2,229,4.256599000655115
cuda,MAFAULDA,model_only,K1,True,2,230,4.199609044007957
cuda,MAFAULDA,model_only,K1,True,2,231,4.217188979964703
cuda,MAFAULDA,model_only,K1,True,2,232,4.215786000713706
cuda,MAFAULDA,model_only,K1,True,2,233,4.187990038190037
cuda,MAFAULDA,model_only,K1,True,2,234,4.19647601665929
cuda,MAFAULDA,model_only,K1,True,2,235,4.206640005577356
cuda,MAFAULDA,model_only,K1,True,2,236,4.21613099751994
cuda,MAFAULDA,model_only,K1,True,2,237,4.237236978951842
cuda,MAFAULDA,model_only,K1,True,2,238,4.205981036648154
cuda,MAFAULDA,model_only,K1,True,2,239,4.238708002958447
cuda,MAFAULDA,model_only,K1,True,2,240,4.2047949973493814
cuda,MAFAULDA,model_only,K1,True,2,241,4.222277028020471
cuda,MAFAULDA,model_only,K1,True,2,242,4.1974460473284125
cuda,MAFAULDA,model_only,K1,True,2,243,4.201716976240277
cuda,MAFAULDA,model_only,K1,True,2,244,4.208675993140787
cuda,MAFAULDA,model_only,K1,True,2,245,4.300297005102038
cuda,MAFAULDA,model_only,K1,True,2,246,4.261024994775653
cuda,MAFAULDA,model_only,K1,True,2,247,4.2628690134733915
cuda,MAFAULDA,model_only,K1,True,2,248,4.22783603426069
cuda,MAFAULDA,model_only,K1,True,2,249,4.21165901934728
cuda,MAFAULDA,model_only,K1,True,3,0,4.224902018904686
cuda,MAFAULDA,model_only,K1,True,3,1,4.239530011545867
cuda,MAFAULDA,model_only,K1,True,3,2,4.2994279647246
cuda,MAFAULDA,model_only,K1,True,3,3,4.216529021505266
cuda,MAFAULDA,model_only,K1,True,3,4,4.203735967166722
cuda,MAFAULDA,model_only,K1,True,3,5,4.201631003525108
cuda,MAFAULDA,model_only,K1,True,3,6,4.211701976601034
cuda,MAFAULDA,model_only,K1,True,3,7,4.218910005874932
cuda,MAFAULDA,model_only,K1,True,3,8,4.221450944896787
cuda,MAFAULDA,model_only,K1,True,3,9,4.198534006718546
cuda,MAFAULDA,model_only,K1,True,3,10,4.183379001915455
cuda,MAFAULDA,model_only,K1,True,3,11,4.193656030111015
cuda,MAFAULDA,model_only,K1,True,3,12,4.210039973258972
cuda,MAFAULDA,model_only,K1,True,3,13,4.209202015772462
cuda,MAFAULDA,model_only,K1,True,3,14,4.186409991234541
cuda,MAFAULDA,model_only,K1,True,3,15,4.1801739716902375
cuda,MAFAULDA,model_only,K1,True,3,16,4.202725016511977
cuda,MAFAULDA,model_only,K1,True,3,17,4.228423989843577
cuda,MAFAULDA,model_only,K1,True,3,18,4.203485033940524
cuda,MAFAULDA,model_only,K1,True,3,19,4.17990394635126
cuda,MAFAULDA,model_only,K1,True,3,20,4.197354021016508
cuda,MAFAULDA,model_only,K1,True,3,21,4.214972024783492
cuda,MAFAULDA,model_only,K1,True,3,22,4.229914979077876
cuda,MAFAULDA,model_only,K1,True,3,23,4.220025963149965
cuda,MAFAULDA,model_only,K1,True,3,24,4.218570014927536
cuda,MAFAULDA,model_only,K1,True,3,25,4.29908896330744
cuda,MAFAULDA,model_only,K1,True,3,26,4.207346006296575
cuda,MAFAULDA,model_only,K1,True,3,27,4.2357390047982335
cuda,MAFAULDA,model_only,K1,True,3,28,4.19853103812784
cuda,MAFAULDA,model_only,K1,True,3,29,4.218804999254644
cuda,MAFAULDA,model_only,K1,True,3,30,4.205195989925414
cuda,MAFAULDA,model_only,K1,True,3,31,4.210674960631877
cuda,MAFAULDA,model_only,K1,True,3,32,4.233996965922415
cuda,MAFAULDA,model_only,K1,True,3,33,4.201899981126189
cuda,MAFAULDA,model_only,K1,True,3,34,4.211310995742679
cuda,MAFAULDA,model_only,K1,True,3,35,4.201948991976678
cuda,MAFAULDA,model_only,K1,True,3,36,4.192940017674118
cuda,MAFAULDA,model_only,K1,True,3,37,4.222896997816861
cuda,MAFAULDA,model_only,K1,True,3,38,4.225421987939626
cuda,MAFAULDA,model_only,K1,True,3,39,4.216214991174638
cuda,MAFAULDA,model_only,K1,True,3,40,4.2173180263489485
cuda,MAFAULDA,model_only,K1,True,3,41,4.194119013845921
cuda,MAFAULDA,model_only,K1,True,3,42,4.196526017040014
cuda,MAFAULDA,model_only,K1,True,3,43,4.186598001979291
cuda,MAFAULDA,model_only,K1,True,3,44,4.252831975463778
cuda,MAFAULDA,model_only,K1,True,3,45,4.194591019768268
cuda,MAFAULDA,model_only,K1,True,3,46,4.2082369909621775
cuda,MAFAULDA,model_only,K1,True,3,47,4.2146650375798345
cuda,MAFAULDA,model_only,K1,True,3,48,4.27173898788169
cuda,MAFAULDA,model_only,K1,True,3,49,4.189912986475974
cuda,MAFAULDA,model_only,K1,True,3,50,4.198500013444573
cuda,MAFAULDA,model_only,K1,True,3,51,4.213919979520142
cuda,MAFAULDA,model_only,K1,True,3,52,4.220690985675901
cuda,MAFAULDA,model_only,K1,True,3,53,4.213580978102982
cuda,MAFAULDA,model_only,K1,True,3,54,4.188449995126575
cuda,MAFAULDA,model_only,K1,True,3,55,4.209103004541248
cuda,MAFAULDA,model_only,K1,True,3,56,4.189658968243748
cuda,MAFAULDA,model_only,K1,True,3,57,4.198447975795716
cuda,MAFAULDA,model_only,K1,True,3,58,4.23451594542712
cuda,MAFAULDA,model_only,K1,True,3,59,4.2543819872662425
cuda,MAFAULDA,model_only,K1,True,3,60,4.221235984005034
cuda,MAFAULDA,model_only,K1,True,3,61,4.214564978610724
cuda,MAFAULDA,model_only,K1,True,3,62,4.2124619940295815
cuda,MAFAULDA,model_only,K1,True,3,63,4.236399021465331
cuda,MAFAULDA,model_only,K1,True,3,64,4.216876986902207
cuda,MAFAULDA,model_only,K1,True,3,65,4.202916985377669
cuda,MAFAULDA,model_only,K1,True,3,66,4.232171049807221
cuda,MAFAULDA,model_only,K1,True,3,67,4.206555022392422
cuda,MAFAULDA,model_only,K1,True,3,68,4.2296479805372655
cuda,MAFAULDA,model_only,K1,True,3,69,4.208581987768412
cuda,MAFAULDA,model_only,K1,True,3,70,4.223641008138657
cuda,MAFAULDA,model_only,K1,True,3,71,4.215612018015236
cuda,MAFAULDA,model_only,K1,True,3,72,4.243061994202435
cuda,MAFAULDA,model_only,K1,True,3,73,4.196627996861935
cuda,MAFAULDA,model_only,K1,True,3,74,4.2205280042253435
cuda,MAFAULDA,model_only,K1,True,3,75,4.220408038236201
cuda,MAFAULDA,model_only,K1,True,3,76,4.203107033390552
cuda,MAFAULDA,model_only,K1,True,3,77,4.200996016152203
cuda,MAFAULDA,model_only,K1,True,3,78,4.299369000364095
cuda,MAFAULDA,model_only,K1,True,3,79,4.278991022147238
cuda,MAFAULDA,model_only,K1,True,3,80,4.212043015286326
cuda,MAFAULDA,model_only,K1,True,3,81,4.20389900682494
cuda,MAFAULDA,model_only,K1,True,3,82,4.251598962582648
cuda,MAFAULDA,model_only,K1,True,3,83,4.200267954729497
cuda,MAFAULDA,model_only,K1,True,3,84,4.220511997118592
cuda,MAFAULDA,model_only,K1,True,3,85,4.2113050003536046
cuda,MAFAULDA,model_only,K1,True,3,86,4.2288259719498456
cuda,MAFAULDA,model_only,K1,True,3,87,4.181537020485848
cuda,MAFAULDA,model_only,K1,True,3,88,4.183373006526381
cuda,MAFAULDA,model_only,K1,True,3,89,4.1857080068439245
cuda,MAFAULDA,model_only,K1,True,3,90,4.1996840154752135
cuda,MAFAULDA,model_only,K1,True,3,91,4.212022991850972
cuda,MAFAULDA,model_only,K1,True,3,92,4.212570027448237
cuda,MAFAULDA,model_only,K1,True,3,93,4.26691398024559
cuda,MAFAULDA,model_only,K1,True,3,94,4.222116025630385
cuda,MAFAULDA,model_only,K1,True,3,95,4.191959975287318
cuda,MAFAULDA,model_only,K1,True,3,96,4.229945014230907
cuda,MAFAULDA,model_only,K1,True,3,97,4.223513009492308
cuda,MAFAULDA,model_only,K1,True,3,98,4.208700032904744
cuda,MAFAULDA,model_only,K1,True,3,99,4.2323360103182495
cuda,MAFAULDA,model_only,K1,True,3,100,4.194731998723
cuda,MAFAULDA,model_only,K1,True,3,101,4.29660698864609
cuda,MAFAULDA,model_only,K1,True,3,102,4.196402966044843
cuda,MAFAULDA,model_only,K1,True,3,103,4.226866003591567
cuda,MAFAULDA,model_only,K1,True,3,104,4.220982955303043
cuda,MAFAULDA,model_only,K1,True,3,105,4.396715026814491
cuda,MAFAULDA,model_only,K1,True,3,106,4.238139023073018
cuda,MAFAULDA,model_only,K1,True,3,107,4.275796003639698
cuda,MAFAULDA,model_only,K1,True,3,108,4.430689034052193
cuda,MAFAULDA,model_only,K1,True,3,109,4.316881007980555
cuda,MAFAULDA,model_only,K1,True,3,110,4.229310026858002
cuda,MAFAULDA,model_only,K1,True,3,111,4.199601011350751
cuda,MAFAULDA,model_only,K1,True,3,112,4.212840984109789
cuda,MAFAULDA,model_only,K1,True,3,113,4.210734972730279
cuda,MAFAULDA,model_only,K1,True,3,114,4.1934429900720716
cuda,MAFAULDA,model_only,K1,True,3,115,4.227383004035801
cuda,MAFAULDA,model_only,K1,True,3,116,4.237579007167369
cuda,MAFAULDA,model_only,K1,True,3,117,4.279742017388344
cuda,MAFAULDA,model_only,K1,True,3,118,4.216025990899652
cuda,MAFAULDA,model_only,K1,True,3,119,4.232112027239054
cuda,MAFAULDA,model_only,K1,True,3,120,4.20790899079293
cuda,MAFAULDA,model_only,K1,True,3,121,4.233133979141712
cuda,MAFAULDA,model_only,K1,True,3,122,4.20644402038306
cuda,MAFAULDA,model_only,K1,True,3,123,4.197981965262443
cuda,MAFAULDA,model_only,K1,True,3,124,4.219101974740624
cuda,MAFAULDA,model_only,K1,True,3,125,4.209941020235419
cuda,MAFAULDA,model_only,K1,True,3,126,4.212638013996184
cuda,MAFAULDA,model_only,K1,True,3,127,4.199856019113213
cuda,MAFAULDA,model_only,K1,True,3,128,4.204783996101469
cuda,MAFAULDA,model_only,K1,True,3,129,4.372239985968918
cuda,MAFAULDA,model_only,K1,True,3,130,4.209514008834958
cuda,MAFAULDA,model_only,K1,True,3,131,4.271494981367141
cuda,MAFAULDA,model_only,K1,True,3,132,4.25354897743091
cuda,MAFAULDA,model_only,K1,True,3,133,4.199435992632061
cuda,MAFAULDA,model_only,K1,True,3,134,4.2138780117966235
cuda,MAFAULDA,model_only,K1,True,3,135,4.22690698178485
cuda,MAFAULDA,model_only,K1,True,3,136,4.19551896629855
cuda,MAFAULDA,model_only,K1,True,3,137,4.203110991511494
cuda,MAFAULDA,model_only,K1,True,3,138,4.206258978229016
cuda,MAFAULDA,model_only,K1,True,3,139,4.2174989939667284
cuda,MAFAULDA,model_only,K1,True,3,140,4.225846962071955
cuda,MAFAULDA,model_only,K1,True,3,141,4.216330999042839
cuda,MAFAULDA,model_only,K1,True,3,142,4.203288990538567
cuda,MAFAULDA,model_only,K1,True,3,143,4.194922046735883
cuda,MAFAULDA,model_only,K1,True,3,144,4.207991005387157
cuda,MAFAULDA,model_only,K1,True,3,145,4.280321998521686
cuda,MAFAULDA,model_only,K1,True,3,146,4.201464005745947
cuda,MAFAULDA,model_only,K1,True,3,147,4.264682997018099
cuda,MAFAULDA,model_only,K1,True,3,148,4.183911019936204
cuda,MAFAULDA,model_only,K1,True,3,149,4.204744007438421
cuda,MAFAULDA,model_only,K1,True,3,150,4.197189002297819
cuda,MAFAULDA,model_only,K1,True,3,151,4.18827700195834
cuda,MAFAULDA,model_only,K1,True,3,152,4.182301985565573
cuda,MAFAULDA,model_only,K1,True,3,153,4.200752999167889
cuda,MAFAULDA,model_only,K1,True,3,154,4.286616982426494
cuda,MAFAULDA,model_only,K1,True,3,155,4.208783037029207
cuda,MAFAULDA,model_only,K1,True,3,156,4.209519014693797
cuda,MAFAULDA,model_only,K1,True,3,157,4.223256022669375
cuda,MAFAULDA,model_only,K1,True,3,158,4.246213007718325
cuda,MAFAULDA,model_only,K1,True,3,159,4.184256016742438
cuda,MAFAULDA,model_only,K1,True,3,160,4.20112902065739
cuda,MAFAULDA,model_only,K1,True,3,161,4.204900993499905
cuda,MAFAULDA,model_only,K1,True,3,162,4.238714987877756
cuda,MAFAULDA,model_only,K1,True,3,163,4.190444014966488
cuda,MAFAULDA,model_only,K1,True,3,164,4.218399990350008
cuda,MAFAULDA,model_only,K1,True,3,165,4.1968009900301695
cuda,MAFAULDA,model_only,K1,True,3,166,4.201357020065188
cuda,MAFAULDA,model_only,K1,True,3,167,4.211015009786934
cuda,MAFAULDA,model_only,K1,True,3,168,4.214523010887206
cuda,MAFAULDA,model_only,K1,True,3,169,4.2270360281690955
cuda,MAFAULDA,model_only,K1,True,3,170,4.214913991745561
cuda,MAFAULDA,model_only,K1,True,3,171,4.220788017846644
cuda,MAFAULDA,model_only,K1,True,3,172,4.189990984741598
cuda,MAFAULDA,model_only,K1,True,3,173,4.199963004793972
cuda,MAFAULDA,model_only,K1,True,3,174,4.170291998889297
cuda,MAFAULDA,model_only,K1,True,3,175,4.246109980158508
cuda,MAFAULDA,model_only,K1,True,3,176,4.210756975226104
cuda,MAFAULDA,model_only,K1,True,3,177,4.223067022394389
cuda,MAFAULDA,model_only,K1,True,3,178,4.211067978758365
cuda,MAFAULDA,model_only,K1,True,3,179,4.216732981149107
cuda,MAFAULDA,model_only,K1,True,3,180,4.202003998216242
cuda,MAFAULDA,model_only,K1,True,3,181,4.2160049779340625
cuda,MAFAULDA,model_only,K1,True,3,182,4.185381985735148
cuda,MAFAULDA,model_only,K1,True,3,183,4.185585014056414
cuda,MAFAULDA,model_only,K1,True,3,184,4.220060014631599
cuda,MAFAULDA,model_only,K1,True,3,185,4.298773012124002
cuda,MAFAULDA,model_only,K1,True,3,186,4.200209979899228
cuda,MAFAULDA,model_only,K1,True,3,187,4.210658953525126
cuda,MAFAULDA,model_only,K1,True,3,188,4.24143101554364
cuda,MAFAULDA,model_only,K1,True,3,189,4.207441001199186
cuda,MAFAULDA,model_only,K1,True,3,190,4.219510010443628
cuda,MAFAULDA,model_only,K1,True,3,191,4.196929978206754
cuda,MAFAULDA,model_only,K1,True,3,192,4.231683036778122
cuda,MAFAULDA,model_only,K1,True,3,193,4.199785005766898
cuda,MAFAULDA,model_only,K1,True,3,194,4.241065995302051
cuda,MAFAULDA,model_only,K1,True,3,195,4.264123970642686
cuda,MAFAULDA,model_only,K1,True,3,196,4.333702032454312
cuda,MAFAULDA,model_only,K1,True,3,197,4.2423180420883
cuda,MAFAULDA,model_only,K1,True,3,198,4.223790019750595
cuda,MAFAULDA,model_only,K1,True,3,199,4.24549903254956
cuda,MAFAULDA,model_only,K1,True,3,200,4.221757990308106
cuda,MAFAULDA,model_only,K1,True,3,201,4.204402968753129
cuda,MAFAULDA,model_only,K1,True,3,202,4.2006190051324666
cuda,MAFAULDA,model_only,K1,True,3,203,4.225431010127068
cuda,MAFAULDA,model_only,K1,True,3,204,4.214987973682582
cuda,MAFAULDA,model_only,K1,True,3,205,4.205604025628418
cuda,MAFAULDA,model_only,K1,True,3,206,4.354841017629951
cuda,MAFAULDA,model_only,K1,True,3,207,4.2342059896327555
cuda,MAFAULDA,model_only,K1,True,3,208,4.375385004095733
cuda,MAFAULDA,model_only,K1,True,3,209,4.253962018992752
cuda,MAFAULDA,model_only,K1,True,3,210,4.27481101360172
cuda,MAFAULDA,model_only,K1,True,3,211,4.224725998938084
cuda,MAFAULDA,model_only,K1,True,3,212,4.233360989019275
cuda,MAFAULDA,model_only,K1,True,3,213,4.208777972962707
cuda,MAFAULDA,model_only,K1,True,3,214,4.224884032737464
cuda,MAFAULDA,model_only,K1,True,3,215,4.284962953533977
cuda,MAFAULDA,model_only,K1,True,3,216,4.273492959327996
cuda,MAFAULDA,model_only,K1,True,3,217,4.212126019410789
cuda,MAFAULDA,model_only,K1,True,3,218,4.205984005238861
cuda,MAFAULDA,model_only,K1,True,3,219,4.213534004520625
cuda,MAFAULDA,model_only,K1,True,3,220,4.198260954581201
cuda,MAFAULDA,model_only,K1,True,3,221,4.1811499977484345
cuda,MAFAULDA,model_only,K1,True,3,222,4.1988270240835845
cuda,MAFAULDA,model_only,K1,True,3,223,4.235455009620637
cuda,MAFAULDA,model_only,K1,True,3,224,4.21401800122112
cuda,MAFAULDA,model_only,K1,True,3,225,4.207508987747133
cuda,MAFAULDA,model_only,K1,True,3,226,4.198328009806573
cuda,MAFAULDA,model_only,K1,True,3,227,4.204218043014407
cuda,MAFAULDA,model_only,K1,True,3,228,4.2136210249736905
cuda,MAFAULDA,model_only,K1,True,3,229,4.208149039186537
cuda,MAFAULDA,model_only,K1,True,3,230,4.241062968503684
cuda,MAFAULDA,model_only,K1,True,3,231,4.251678008586168
cuda,MAFAULDA,model_only,K1,True,3,232,4.257733002305031
cuda,MAFAULDA,model_only,K1,True,3,233,4.269319993909448
cuda,MAFAULDA,model_only,K1,True,3,234,4.2054360383190215
cuda,MAFAULDA,model_only,K1,True,3,235,4.201176983769983
cuda,MAFAULDA,model_only,K1,True,3,236,4.262504982762039
cuda,MAFAULDA,model_only,K1,True,3,237,4.279167973436415
cuda,MAFAULDA,model_only,K1,True,3,238,4.271642013918608
cuda,MAFAULDA,model_only,K1,True,3,239,4.2695190059021115
cuda,MAFAULDA,model_only,K1,True,3,240,4.325660003814846
cuda,MAFAULDA,model_only,K1,True,3,241,4.226504010148346
cuda,MAFAULDA,model_only,K1,True,3,242,4.254265979398042
cuda,MAFAULDA,model_only,K1,True,3,243,4.210621991660446
cuda,MAFAULDA,model_only,K1,True,3,244,4.246263997629285
cuda,MAFAULDA,model_only,K1,True,3,245,4.240453010424972
cuda,MAFAULDA,model_only,K1,True,3,246,4.201392002869397
cuda,MAFAULDA,model_only,K1,True,3,247,4.1910840081982315
cuda,MAFAULDA,model_only,K1,True,3,248,4.216784960590303
cuda,MAFAULDA,model_only,K1,True,3,249,4.200094961561263
cuda,MAFAULDA,model_only,Full-S1,True,3,0,7.8558120294474065
cuda,MAFAULDA,model_only,Full-S1,True,3,1,7.822632964234799
cuda,MAFAULDA,model_only,Full-S1,True,3,2,7.806989946402609
cuda,MAFAULDA,model_only,Full-S1,True,3,3,7.792352989781648
cuda,MAFAULDA,model_only,Full-S1,True,3,4,7.796275953296572
cuda,MAFAULDA,model_only,Full-S1,True,3,5,7.880244986154139
cuda,MAFAULDA,model_only,Full-S1,True,3,6,7.817320991307497
cuda,MAFAULDA,model_only,Full-S1,True,3,7,7.836169039364904
cuda,MAFAULDA,model_only,Full-S1,True,3,8,7.825387001503259
cuda,MAFAULDA,model_only,Full-S1,True,3,9,7.772978977300227
cuda,MAFAULDA,model_only,Full-S1,True,3,10,7.825453008990735
cuda,MAFAULDA,model_only,Full-S1,True,3,11,7.799190003424883
cuda,MAFAULDA,model_only,Full-S1,True,3,12,7.788718037772924
cuda,MAFAULDA,model_only,Full-S1,True,3,13,7.80041899997741
cuda,MAFAULDA,model_only,Full-S1,True,3,14,7.821473001968116
cuda,MAFAULDA,model_only,Full-S1,True,3,15,7.797101978212595
cuda,MAFAULDA,model_only,Full-S1,True,3,16,7.805243018083274
cuda,MAFAULDA,model_only,Full-S1,True,3,17,7.7925469959154725
cuda,MAFAULDA,model_only,Full-S1,True,3,18,7.770650961901993
cuda,MAFAULDA,model_only,Full-S1,True,3,19,7.829285983461887
cuda,MAFAULDA,model_only,Full-S1,True,3,20,7.799757004249841
cuda,MAFAULDA,model_only,Full-S1,True,3,21,7.8070450108498335
cuda,MAFAULDA,model_only,Full-S1,True,3,22,7.922350021544844
cuda,MAFAULDA,model_only,Full-S1,True,3,23,7.814974989742041
cuda,MAFAULDA,model_only,Full-S1,True,3,24,7.850777998100966
cuda,MAFAULDA,model_only,Full-S1,True,3,25,7.780171988997608
cuda,MAFAULDA,model_only,Full-S1,True,3,26,7.819541962817311
cuda,MAFAULDA,model_only,Full-S1,True,3,27,7.7949450351297855
cuda,MAFAULDA,model_only,Full-S1,True,3,28,7.833126001060009
cuda,MAFAULDA,model_only,Full-S1,True,3,29,7.806021021679044
cuda,MAFAULDA,model_only,Full-S1,True,3,30,7.803185028024018
cuda,MAFAULDA,model_only,Full-S1,True,3,31,7.794631994329393
cuda,MAFAULDA,model_only,Full-S1,True,3,32,7.792358985170722
cuda,MAFAULDA,model_only,Full-S1,True,3,33,7.840809994377196
cuda,MAFAULDA,model_only,Full-S1,True,3,34,7.8115229844115674
cuda,MAFAULDA,model_only,Full-S1,True,3,35,7.804294989909977
cuda,MAFAULDA,model_only,Full-S1,True,3,36,7.8270010417327285
cuda,MAFAULDA,model_only,Full-S1,True,3,37,7.814952987246215
cuda,MAFAULDA,model_only,Full-S1,True,3,38,7.8611139906570315
cuda,MAFAULDA,model_only,Full-S1,True,3,39,7.80225801281631
cuda,MAFAULDA,model_only,Full-S1,True,3,40,7.786279020365328
cuda,MAFAULDA,model_only,Full-S1,True,3,41,7.777913997415453
cuda,MAFAULDA,model_only,Full-S1,True,3,42,7.784985995385796
cuda,MAFAULDA,model_only,Full-S1,True,3,43,7.813264965079725
cuda,MAFAULDA,model_only,Full-S1,True,3,44,7.8098869998939335
cuda,MAFAULDA,model_only,Full-S1,True,3,45,7.78930401429534
cuda,MAFAULDA,model_only,Full-S1,True,3,46,7.870892994105816
cuda,MAFAULDA,model_only,Full-S1,True,3,47,7.915491994936019
cuda,MAFAULDA,model_only,Full-S1,True,3,48,8.115427976008505
cuda,MAFAULDA,model_only,Full-S1,True,3,49,8.3125060191378
cuda,MAFAULDA,model_only,Full-S1,True,3,50,8.237884961999953
cuda,MAFAULDA,model_only,Full-S1,True,3,51,8.289888966828585
cuda,MAFAULDA,model_only,Full-S1,True,3,52,8.07513197651133
cuda,MAFAULDA,model_only,Full-S1,True,3,53,7.888349995482713
cuda,MAFAULDA,model_only,Full-S1,True,3,54,7.823941996321082
cuda,MAFAULDA,model_only,Full-S1,True,3,55,7.832069008145481
cuda,MAFAULDA,model_only,Full-S1,True,3,56,7.802557025570422
cuda,MAFAULDA,model_only,Full-S1,True,3,57,7.782552973367274
cuda,MAFAULDA,model_only,Full-S1,True,3,58,7.83562904689461
cuda,MAFAULDA,model_only,Full-S1,True,3,59,7.804344000760466
cuda,MAFAULDA,model_only,Full-S1,True,3,60,7.777838036417961
cuda,MAFAULDA,model_only,Full-S1,True,3,61,7.795383047778159
cuda,MAFAULDA,model_only,Full-S1,True,3,62,7.813294010702521
cuda,MAFAULDA,model_only,Full-S1,True,3,63,7.839049969334155
cuda,MAFAULDA,model_only,Full-S1,True,3,64,7.7755150268785655
cuda,MAFAULDA,model_only,Full-S1,True,3,65,7.8074170160107315
cuda,MAFAULDA,model_only,Full-S1,True,3,66,7.784052053466439
cuda,MAFAULDA,model_only,Full-S1,True,3,67,7.79903499642387
cuda,MAFAULDA,model_only,Full-S1,True,3,68,7.788704009726644
cuda,MAFAULDA,model_only,Full-S1,True,3,69,7.7841770253144205
cuda,MAFAULDA,model_only,Full-S1,True,3,70,7.808815978933126
cuda,MAFAULDA,model_only,Full-S1,True,3,71,7.8535660286433995
cuda,MAFAULDA,model_only,Full-S1,True,3,72,7.82486901152879
cuda,MAFAULDA,model_only,Full-S1,True,3,73,7.778542989399284
cuda,MAFAULDA,model_only,Full-S1,True,3,74,7.803021988365799
cuda,MAFAULDA,model_only,Full-S1,True,3,75,7.966312987264246
cuda,MAFAULDA,model_only,Full-S1,True,3,76,7.950845989398658
cuda,MAFAULDA,model_only,Full-S1,True,3,77,7.84721999661997
cuda,MAFAULDA,model_only,Full-S1,True,3,78,7.785463007166982
cuda,MAFAULDA,model_only,Full-S1,True,3,79,7.815236982423812
cuda,MAFAULDA,model_only,Full-S1,True,3,80,7.773799006827176
cuda,MAFAULDA,model_only,Full-S1,True,3,81,7.80628394568339
cuda,MAFAULDA,model_only,Full-S1,True,3,82,7.798970036674291
cuda,MAFAULDA,model_only,Full-S1,True,3,83,7.920717005617917
cuda,MAFAULDA,model_only,Full-S1,True,3,84,8.00857599824667
cuda,MAFAULDA,model_only,Full-S1,True,3,85,8.04050697479397
cuda,MAFAULDA,model_only,Full-S1,True,3,86,8.143243961967528
cuda,MAFAULDA,model_only,Full-S1,True,3,87,7.863436010666192
cuda,MAFAULDA,model_only,Full-S1,True,3,88,7.851315021980554
cuda,MAFAULDA,model_only,Full-S1,True,3,89,7.810310984496027
cuda,MAFAULDA,model_only,Full-S1,True,3,90,7.813324045855552
cuda,MAFAULDA,model_only,Full-S1,True,3,91,7.826091023162007
cuda,MAFAULDA,model_only,Full-S1,True,3,92,7.880493008997291
cuda,MAFAULDA,model_only,Full-S1,True,3,93,7.790451985783875
cuda,MAFAULDA,model_only,Full-S1,True,3,94,7.824626984074712
cuda,MAFAULDA,model_only,Full-S1,True,3,95,7.790521020069718
cuda,MAFAULDA,model_only,Full-S1,True,3,96,7.82705401070416
cuda,MAFAULDA,model_only,Full-S1,True,3,97,7.849385030567646
cuda,MAFAULDA,model_only,Full-S1,True,3,98,7.846444961614907
cuda,MAFAULDA,model_only,Full-S1,True,3,99,7.797879981808364
cuda,MAFAULDA,model_only,Full-S1,True,3,100,7.803271000739187
cuda,MAFAULDA,model_only,Full-S1,True,3,101,7.786520989611745
cuda,MAFAULDA,model_only,Full-S1,True,3,102,7.775491976644844
cuda,MAFAULDA,model_only,Full-S1,True,3,103,7.8307740041054785
cuda,MAFAULDA,model_only,Full-S1,True,3,104,8.40448000235483
cuda,MAFAULDA,model_only,Full-S1,True,3,105,8.120453043375164
cuda,MAFAULDA,model_only,Full-S1,True,3,106,7.832222036086023
cuda,MAFAULDA,model_only,Full-S1,True,3,107,7.789604016579688
cuda,MAFAULDA,model_only,Full-S1,True,3,108,7.778432045597583
cuda,MAFAULDA,model_only,Full-S1,True,3,109,7.812805008143187
cuda,MAFAULDA,model_only,Full-S1,True,3,110,7.780245970934629
cuda,MAFAULDA,model_only,Full-S1,True,3,111,7.802616979461163
cuda,MAFAULDA,model_only,Full-S1,True,3,112,7.786579022649676
cuda,MAFAULDA,model_only,Full-S1,True,3,113,7.767465023789555
cuda,MAFAULDA,model_only,Full-S1,True,3,114,7.779132982250303
cuda,MAFAULDA,model_only,Full-S1,True,3,115,7.789905008394271
cuda,MAFAULDA,model_only,Full-S1,True,3,116,7.863459992222488
cuda,MAFAULDA,model_only,Full-S1,True,3,117,7.829180976841599
cuda,MAFAULDA,model_only,Full-S1,True,3,118,7.798225968144834
cuda,MAFAULDA,model_only,Full-S1,True,3,119,7.819704012945294
cuda,MAFAULDA,model_only,Full-S1,True,3,120,7.796727993991226
cuda,MAFAULDA,model_only,Full-S1,True,3,121,7.869741995818913
cuda,MAFAULDA,model_only,Full-S1,True,3,122,7.850431022234261
cuda,MAFAULDA,model_only,Full-S1,True,3,123,7.833039970137179
cuda,MAFAULDA,model_only,Full-S1,True,3,124,7.7706860029138625
cuda,MAFAULDA,model_only,Full-S1,True,3,125,7.809748989529908
cuda,MAFAULDA,model_only,Full-S1,True,3,126,7.775723992381245
cuda,MAFAULDA,model_only,Full-S1,True,3,127,7.783813984133303
cuda,MAFAULDA,model_only,Full-S1,True,3,128,7.781841035466641
cuda,MAFAULDA,model_only,Full-S1,True,3,129,7.828353031072766
cuda,MAFAULDA,model_only,Full-S1,True,3,130,7.819220016244799
cuda,MAFAULDA,model_only,Full-S1,True,3,131,7.794348988682032
cuda,MAFAULDA,model_only,Full-S1,True,3,132,7.8253530082292855
cuda,MAFAULDA,model_only,Full-S1,True,3,133,7.881071011070162
cuda,MAFAULDA,model_only,Full-S1,True,3,134,7.780918967910111
cuda,MAFAULDA,model_only,Full-S1,True,3,135,7.803447020705789
cuda,MAFAULDA,model_only,Full-S1,True,3,136,7.793085998855531
cuda,MAFAULDA,model_only,Full-S1,True,3,137,7.826351036783308
cuda,MAFAULDA,model_only,Full-S1,True,3,138,7.770217023789883
cuda,MAFAULDA,model_only,Full-S1,True,3,139,7.76763103203848
cuda,MAFAULDA,model_only,Full-S1,True,3,140,7.785088033415377
cuda,MAFAULDA,model_only,Full-S1,True,3,141,7.808300026226789
cuda,MAFAULDA,model_only,Full-S1,True,3,142,7.780959014780819
cuda,MAFAULDA,model_only,Full-S1,True,3,143,7.81180098420009
cuda,MAFAULDA,model_only,Full-S1,True,3,144,7.818965008482337
cuda,MAFAULDA,model_only,Full-S1,True,3,145,7.796369958668947
cuda,MAFAULDA,model_only,Full-S1,True,3,146,7.813222007825971
cuda,MAFAULDA,model_only,Full-S1,True,3,147,7.826525019481778
cuda,MAFAULDA,model_only,Full-S1,True,3,148,7.785757014062256
cuda,MAFAULDA,model_only,Full-S1,True,3,149,7.877685013227165
cuda,MAFAULDA,model_only,Full-S1,True,3,150,7.798303966410458
cuda,MAFAULDA,model_only,Full-S1,True,3,151,7.807205023709685
cuda,MAFAULDA,model_only,Full-S1,True,3,152,7.817908015567809
cuda,MAFAULDA,model_only,Full-S1,True,3,153,7.778575993143022
cuda,MAFAULDA,model_only,Full-S1,True,3,154,7.7978509943932295
cuda,MAFAULDA,model_only,Full-S1,True,3,155,7.799695013090968
cuda,MAFAULDA,model_only,Full-S1,True,3,156,7.8006929834373295
cuda,MAFAULDA,model_only,Full-S1,True,3,157,7.8234110260382295
cuda,MAFAULDA,model_only,Full-S1,True,3,158,7.822657993528992
cuda,MAFAULDA,model_only,Full-S1,True,3,159,7.8064120025373995
cuda,MAFAULDA,model_only,Full-S1,True,3,160,7.824480009730905
cuda,MAFAULDA,model_only,Full-S1,True,3,161,7.809246948454529
cuda,MAFAULDA,model_only,Full-S1,True,3,162,7.811298011802137
cuda,MAFAULDA,model_only,Full-S1,True,3,163,7.827505993191153
cuda,MAFAULDA,model_only,Full-S1,True,3,164,7.8036090126261115
cuda,MAFAULDA,model_only,Full-S1,True,3,165,7.789527997374535
cuda,MAFAULDA,model_only,Full-S1,True,3,166,7.803523039910942
cuda,MAFAULDA,model_only,Full-S1,True,3,167,7.815138029400259
cuda,MAFAULDA,model_only,Full-S1,True,3,168,7.848848006688058
cuda,MAFAULDA,model_only,Full-S1,True,3,169,7.779865001793951
cuda,MAFAULDA,model_only,Full-S1,True,3,170,7.7893760171718895
cuda,MAFAULDA,model_only,Full-S1,True,3,171,7.763033965602517
cuda,MAFAULDA,model_only,Full-S1,True,3,172,7.806078996509314
cuda,MAFAULDA,model_only,Full-S1,True,3,173,7.791880983859301
cuda,MAFAULDA,model_only,Full-S1,True,3,174,7.768278999719769
cuda,MAFAULDA,model_only,Full-S1,True,3,175,7.784943969454616
cuda,MAFAULDA,model_only,Full-S1,True,3,176,7.847975008189678
cuda,MAFAULDA,model_only,Full-S1,True,3,177,8.119938953313977
cuda,MAFAULDA,model_only,Full-S1,True,3,178,8.011033001821488
cuda,MAFAULDA,model_only,Full-S1,True,3,179,7.96623999485746
cuda,MAFAULDA,model_only,Full-S1,True,3,180,7.989456003997475
cuda,MAFAULDA,model_only,Full-S1,True,3,181,7.951919978950173
cuda,MAFAULDA,model_only,Full-S1,True,3,182,7.863762031774968
cuda,MAFAULDA,model_only,Full-S1,True,3,183,7.7731559867970645
cuda,MAFAULDA,model_only,Full-S1,True,3,184,7.804485969245434
cuda,MAFAULDA,model_only,Full-S1,True,3,185,7.8302519978024065
cuda,MAFAULDA,model_only,Full-S1,True,3,186,7.802130014169961
cuda,MAFAULDA,model_only,Full-S1,True,3,187,7.797690981533378
cuda,MAFAULDA,model_only,Full-S1,True,3,188,7.789431023411453
cuda,MAFAULDA,model_only,Full-S1,True,3,189,7.782173983287066
cuda,MAFAULDA,model_only,Full-S1,True,3,190,7.916183036286384
cuda,MAFAULDA,model_only,Full-S1,True,3,191,7.831999973859638
cuda,MAFAULDA,model_only,Full-S1,True,3,192,7.801229949109256
cuda,MAFAULDA,model_only,Full-S1,True,3,193,7.781007036101073
cuda,MAFAULDA,model_only,Full-S1,True,3,194,7.7688960009254515
cuda,MAFAULDA,model_only,Full-S1,True,3,195,7.810759998392314
cuda,MAFAULDA,model_only,Full-S1,True,3,196,7.789086957927793
cuda,MAFAULDA,model_only,Full-S1,True,3,197,7.8094060299918056
cuda,MAFAULDA,model_only,Full-S1,True,3,198,7.844560954254121
cuda,MAFAULDA,model_only,Full-S1,True,3,199,7.879037002567202
cuda,MAFAULDA,model_only,Full-S1,True,3,200,7.8004300012253225
cuda,MAFAULDA,model_only,Full-S1,True,3,201,7.77796603506431
cuda,MAFAULDA,model_only,Full-S1,True,3,202,7.813441974576563
cuda,MAFAULDA,model_only,Full-S1,True,3,203,7.802064006682485
cuda,MAFAULDA,model_only,Full-S1,True,3,204,7.783808978274465
cuda,MAFAULDA,model_only,Full-S1,True,3,205,7.7938929898664355
cuda,MAFAULDA,model_only,Full-S1,True,3,206,7.795275014359504
cuda,MAFAULDA,model_only,Full-S1,True,3,207,7.911805005278438
cuda,MAFAULDA,model_only,Full-S1,True,3,208,7.785304973367602
cuda,MAFAULDA,model_only,Full-S1,True,3,209,7.796387013513595
cuda,MAFAULDA,model_only,Full-S1,True,3,210,7.833846029825509
cuda,MAFAULDA,model_only,Full-S1,True,3,211,7.8425040119327605
cuda,MAFAULDA,model_only,Full-S1,True,3,212,7.790912000928074
cuda,MAFAULDA,model_only,Full-S1,True,3,213,7.770708994939923
cuda,MAFAULDA,model_only,Full-S1,True,3,214,7.749714015517384
cuda,MAFAULDA,model_only,Full-S1,True,3,215,7.782022992614657
cuda,MAFAULDA,model_only,Full-S1,True,3,216,7.793046999722719
cuda,MAFAULDA,model_only,Full-S1,True,3,217,7.7745349844917655
cuda,MAFAULDA,model_only,Full-S1,True,3,218,7.759980973787606
cuda,MAFAULDA,model_only,Full-S1,True,3,219,7.848768029361963
cuda,MAFAULDA,model_only,Full-S1,True,3,220,7.78625498060137
cuda,MAFAULDA,model_only,Full-S1,True,3,221,7.783812005072832
cuda,MAFAULDA,model_only,Full-S1,True,3,222,7.8092089970596135
cuda,MAFAULDA,model_only,Full-S1,True,3,223,7.8133589704521
cuda,MAFAULDA,model_only,Full-S1,True,3,224,7.777023012749851
cuda,MAFAULDA,model_only,Full-S1,True,3,225,7.821177016012371
cuda,MAFAULDA,model_only,Full-S1,True,3,226,7.870376983191818
cuda,MAFAULDA,model_only,Full-S1,True,3,227,7.864777988288552
cuda,MAFAULDA,model_only,Full-S1,True,3,228,7.821343024261296
cuda,MAFAULDA,model_only,Full-S1,True,3,229,7.786855974700302
cuda,MAFAULDA,model_only,Full-S1,True,3,230,7.79574696207419
cuda,MAFAULDA,model_only,Full-S1,True,3,231,7.955523033160716
cuda,MAFAULDA,model_only,Full-S1,True,3,232,8.080027007963508
cuda,MAFAULDA,model_only,Full-S1,True,3,233,7.875928014982492
cuda,MAFAULDA,model_only,Full-S1,True,3,234,7.792132964823395
cuda,MAFAULDA,model_only,Full-S1,True,3,235,7.7967660035938025
cuda,MAFAULDA,model_only,Full-S1,True,3,236,7.907645020168275
cuda,MAFAULDA,model_only,Full-S1,True,3,237,7.872315996792167
cuda,MAFAULDA,model_only,Full-S1,True,3,238,7.802175008691847
cuda,MAFAULDA,model_only,Full-S1,True,3,239,7.791301002725959
cuda,MAFAULDA,model_only,Full-S1,True,3,240,7.796644989866763
cuda,MAFAULDA,model_only,Full-S1,True,3,241,7.755949045531452
cuda,MAFAULDA,model_only,Full-S1,True,3,242,7.825174019671977
cuda,MAFAULDA,model_only,Full-S1,True,3,243,7.824202999472618
cuda,MAFAULDA,model_only,Full-S1,True,3,244,7.810416980646551
cuda,MAFAULDA,model_only,Full-S1,True,3,245,7.857577002141625
cuda,MAFAULDA,model_only,Full-S1,True,3,246,7.784509041812271
cuda,MAFAULDA,model_only,Full-S1,True,3,247,7.794096018187702
cuda,MAFAULDA,model_only,Full-S1,True,3,248,7.857294986024499
cuda,MAFAULDA,model_only,Full-S1,True,3,249,7.783100008964539
cuda,MAFAULDA,end_to_end,Full-S1,True,0,0,10.59963705483824
cuda,MAFAULDA,end_to_end,Full-S1,True,0,1,10.583354043774307
cuda,MAFAULDA,end_to_end,Full-S1,True,0,2,10.566767014097422
cuda,MAFAULDA,end_to_end,Full-S1,True,0,3,10.576463013421744
cuda,MAFAULDA,end_to_end,Full-S1,True,0,4,10.565735981799662
cuda,MAFAULDA,end_to_end,Full-S1,True,0,5,10.557642031926662
cuda,MAFAULDA,end_to_end,Full-S1,True,0,6,10.530272964388132
cuda,MAFAULDA,end_to_end,Full-S1,True,0,7,10.554089036304504
cuda,MAFAULDA,end_to_end,Full-S1,True,0,8,10.549689992330968
cuda,MAFAULDA,end_to_end,Full-S1,True,0,9,10.56152698583901
cuda,MAFAULDA,end_to_end,Full-S1,True,0,10,10.513563000131398
cuda,MAFAULDA,end_to_end,Full-S1,True,0,11,10.52899903152138
cuda,MAFAULDA,end_to_end,Full-S1,True,0,12,10.579196037724614
cuda,MAFAULDA,end_to_end,Full-S1,True,0,13,10.562354989815503
cuda,MAFAULDA,end_to_end,Full-S1,True,0,14,10.53526799660176
cuda,MAFAULDA,end_to_end,Full-S1,True,0,15,10.563399002421647
cuda,MAFAULDA,end_to_end,Full-S1,True,0,16,10.57114900322631
cuda,MAFAULDA,end_to_end,Full-S1,True,0,17,10.57109999237582
cuda,MAFAULDA,end_to_end,Full-S1,True,0,18,10.611693956889212
cuda,MAFAULDA,end_to_end,Full-S1,True,0,19,10.548692021984607
cuda,MAFAULDA,end_to_end,Full-S1,True,0,20,10.5478479526937
cuda,MAFAULDA,end_to_end,Full-S1,True,0,21,10.548304999247193
cuda,MAFAULDA,end_to_end,Full-S1,True,0,22,10.583760973531753
cuda,MAFAULDA,end_to_end,Full-S1,True,0,23,10.579834983218461
cuda,MAFAULDA,end_to_end,Full-S1,True,0,24,10.564344993326813
cuda,MAFAULDA,end_to_end,Full-S1,True,0,25,10.570843005552888
cuda,MAFAULDA,end_to_end,Full-S1,True,0,26,10.513936053030193
cuda,MAFAULDA,end_to_end,Full-S1,True,0,27,10.54865401238203
cuda,MAFAULDA,end_to_end,Full-S1,True,0,28,10.56504697771743
cuda,MAFAULDA,end_to_end,Full-S1,True,0,29,10.57895104167983
cuda,MAFAULDA,end_to_end,Full-S1,True,0,30,10.575285996310413
cuda,MAFAULDA,end_to_end,Full-S1,True,0,31,10.54145599482581
cuda,MAFAULDA,end_to_end,Full-S1,True,0,32,10.575341992080212
cuda,MAFAULDA,end_to_end,Full-S1,True,0,33,10.572327999398112
cuda,MAFAULDA,end_to_end,Full-S1,True,0,34,10.59324701782316
cuda,MAFAULDA,end_to_end,Full-S1,True,0,35,10.557734000030905
cuda,MAFAULDA,end_to_end,Full-S1,True,0,36,10.562547016888857
cuda,MAFAULDA,end_to_end,Full-S1,True,0,37,10.61546104028821
cuda,MAFAULDA,end_to_end,Full-S1,True,0,38,10.81399800023064
cuda,MAFAULDA,end_to_end,Full-S1,True,0,39,10.670806979760528
cuda,MAFAULDA,end_to_end,Full-S1,True,0,40,10.591411031782627
cuda,MAFAULDA,end_to_end,Full-S1,True,0,41,10.569657024461776
cuda,MAFAULDA,end_to_end,Full-S1,True,0,42,10.564055002760142
cuda,MAFAULDA,end_to_end,Full-S1,True,0,43,10.555776010733098
cuda,MAFAULDA,end_to_end,Full-S1,True,0,44,10.559817950706929
cuda,MAFAULDA,end_to_end,Full-S1,True,0,45,10.558799025602639
cuda,MAFAULDA,end_to_end,Full-S1,True,0,46,10.546095960307866
cuda,MAFAULDA,end_to_end,Full-S1,True,0,47,10.581653041299433
cuda,MAFAULDA,end_to_end,Full-S1,True,0,48,10.516915004700422
cuda,MAFAULDA,end_to_end,Full-S1,True,0,49,10.569415986537933
cuda,MAFAULDA,end_to_end,Full-S1,True,0,50,10.55022404761985
cuda,MAFAULDA,end_to_end,Full-S1,True,0,51,10.599185014143586
cuda,MAFAULDA,end_to_end,Full-S1,True,0,52,10.604379989672452
cuda,MAFAULDA,end_to_end,Full-S1,True,0,53,10.595872008707374
cuda,MAFAULDA,end_to_end,Full-S1,True,0,54,10.586102958768606
cuda,MAFAULDA,end_to_end,Full-S1,True,0,55,10.57934801792726
cuda,MAFAULDA,end_to_end,Full-S1,True,0,56,10.638148989528418
cuda,MAFAULDA,end_to_end,Full-S1,True,0,57,10.561071976553649
cuda,MAFAULDA,end_to_end,Full-S1,True,0,58,10.591132973786443
cuda,MAFAULDA,end_to_end,Full-S1,True,0,59,10.51766297314316
cuda,MAFAULDA,end_to_end,Full-S1,True,0,60,10.525902966037393
cuda,MAFAULDA,end_to_end,Full-S1,True,0,61,10.535942972637713
cuda,MAFAULDA,end_to_end,Full-S1,True,0,62,10.525305988267064
cuda,MAFAULDA,end_to_end,Full-S1,True,0,63,10.575055028311908
cuda,MAFAULDA,end_to_end,Full-S1,True,0,64,10.553965985309333
cuda,MAFAULDA,end_to_end,Full-S1,True,0,65,10.57687698630616
cuda,MAFAULDA,end_to_end,Full-S1,True,0,66,10.527569975238293
cuda,MAFAULDA,end_to_end,Full-S1,True,0,67,10.543418989982456
cuda,MAFAULDA,end_to_end,Full-S1,True,0,68,10.579720954410732
cuda,MAFAULDA,end_to_end,Full-S1,True,0,69,10.562288982328027
cuda,MAFAULDA,end_to_end,Full-S1,True,0,70,10.556073975749314
cuda,MAFAULDA,end_to_end,Full-S1,True,0,71,10.539158014580607
cuda,MAFAULDA,end_to_end,Full-S1,True,0,72,10.558867012150586
cuda,MAFAULDA,end_to_end,Full-S1,True,0,73,10.578193003311753
cuda,MAFAULDA,end_to_end,Full-S1,True,0,74,10.54825697792694
cuda,MAFAULDA,end_to_end,Full-S1,True,0,75,10.53641497856006
cuda,MAFAULDA,end_to_end,Full-S1,True,0,76,10.579232010059059
cuda,MAFAULDA,end_to_end,Full-S1,True,0,77,10.527879989240319
cuda,MAFAULDA,end_to_end,Full-S1,True,0,78,10.557335044723004
cuda,MAFAULDA,end_to_end,Full-S1,True,0,79,10.556922003161162
cuda,MAFAULDA,end_to_end,Full-S1,True,0,80,10.53016702644527
cuda,MAFAULDA,end_to_end,Full-S1,True,0,81,10.57414902606979
cuda,MAFAULDA,end_to_end,Full-S1,True,0,82,10.52596402587369
cuda,MAFAULDA,end_to_end,Full-S1,True,0,83,10.581067996099591
cuda,MAFAULDA,end_to_end,Full-S1,True,0,84,10.554545966442674
cuda,MAFAULDA,end_to_end,Full-S1,True,0,85,10.59307501418516
cuda,MAFAULDA,end_to_end,Full-S1,True,0,86,10.550250008236617
cuda,MAFAULDA,end_to_end,Full-S1,True,0,87,10.61181101249531
cuda,MAFAULDA,end_to_end,Full-S1,True,0,88,10.589650017209351
cuda,MAFAULDA,end_to_end,Full-S1,True,0,89,10.566916957031935
cuda,MAFAULDA,end_to_end,Full-S1,True,0,90,10.599469009321183
cuda,MAFAULDA,end_to_end,Full-S1,True,0,91,10.564013035036623
cuda,MAFAULDA,end_to_end,Full-S1,True,0,92,10.653498000465333
cuda,MAFAULDA,end_to_end,Full-S1,True,0,93,10.716538003180176
cuda,MAFAULDA,end_to_end,Full-S1,True,0,94,10.568757017608732
cuda,MAFAULDA,end_to_end,Full-S1,True,0,95,10.554204985965043
cuda,MAFAULDA,end_to_end,Full-S1,True,0,96,10.58481098152697
cuda,MAFAULDA,end_to_end,Full-S1,True,0,97,10.572463972494006
cuda,MAFAULDA,end_to_end,Full-S1,True,0,98,10.58643899159506
cuda,MAFAULDA,end_to_end,Full-S1,True,0,99,10.599950037430972
cuda,MAFAULDA,end_to_end,Full-S1,True,0,100,10.535876033827662
cuda,MAFAULDA,end_to_end,Full-S1,True,0,101,10.553883970715106
cuda,MAFAULDA,end_to_end,Full-S1,True,0,102,10.598986002150923
cuda,MAFAULDA,end_to_end,Full-S1,True,0,103,10.603724978864193
cuda,MAFAULDA,end_to_end,Full-S1,True,0,104,10.537732974626124
cuda,MAFAULDA,end_to_end,Full-S1,True,0,105,10.556553956121206
cuda,MAFAULDA,end_to_end,Full-S1,True,0,106,10.526822006795555
cuda,MAFAULDA,end_to_end,Full-S1,True,0,107,10.608448996208608
cuda,MAFAULDA,end_to_end,Full-S1,True,0,108,10.561419010628015
cuda,MAFAULDA,end_to_end,Full-S1,True,0,109,10.512914974242449
cuda,MAFAULDA,end_to_end,Full-S1,True,0,110,10.545060969889164
cuda,MAFAULDA,end_to_end,Full-S1,True,0,111,10.588218981865793
cuda,MAFAULDA,end_to_end,Full-S1,True,0,112,10.538441012613475
cuda,MAFAULDA,end_to_end,Full-S1,True,0,113,10.545574012212455
cuda,MAFAULDA,end_to_end,Full-S1,True,0,114,10.590171965304762
cuda,MAFAULDA,end_to_end,Full-S1,True,0,115,10.51904703490436
cuda,MAFAULDA,end_to_end,Full-S1,True,0,116,10.588067991193384
cuda,MAFAULDA,end_to_end,Full-S1,True,0,117,10.5886259698309
cuda,MAFAULDA,end_to_end,Full-S1,True,0,118,10.60480996966362
cuda,MAFAULDA,end_to_end,Full-S1,True,0,119,10.52080001682043
cuda,MAFAULDA,end_to_end,Full-S1,True,0,120,10.531142994295806
cuda,MAFAULDA,end_to_end,Full-S1,True,0,121,10.551540006417781
cuda,MAFAULDA,end_to_end,Full-S1,True,0,122,10.506651015020907
cuda,MAFAULDA,end_to_end,Full-S1,True,0,123,10.531514999456704
cuda,MAFAULDA,end_to_end,Full-S1,True,0,124,10.529466031584889
cuda,MAFAULDA,end_to_end,Full-S1,True,0,125,10.539639042690396
cuda,MAFAULDA,end_to_end,Full-S1,True,0,126,10.550239006988704
cuda,MAFAULDA,end_to_end,Full-S1,True,0,127,10.606998985167593
cuda,MAFAULDA,end_to_end,Full-S1,True,0,128,10.525249992497265
cuda,MAFAULDA,end_to_end,Full-S1,True,0,129,10.554281994700432
cuda,MAFAULDA,end_to_end,Full-S1,True,0,130,10.605635994579643
cuda,MAFAULDA,end_to_end,Full-S1,True,0,131,10.536200017668307
cuda,MAFAULDA,end_to_end,Full-S1,True,0,132,10.61557000502944
cuda,MAFAULDA,end_to_end,Full-S1,True,0,133,10.750459972769022
cuda,MAFAULDA,end_to_end,Full-S1,True,0,134,10.553063999395818
cuda,MAFAULDA,end_to_end,Full-S1,True,0,135,10.496066010091454
cuda,MAFAULDA,end_to_end,Full-S1,True,0,136,10.527633014135063
cuda,MAFAULDA,end_to_end,Full-S1,True,0,137,10.538659000303596
cuda,MAFAULDA,end_to_end,Full-S1,True,0,138,10.60772204073146
cuda,MAFAULDA,end_to_end,Full-S1,True,0,139,10.56313404114917
cuda,MAFAULDA,end_to_end,Full-S1,True,0,140,10.544752003625035
cuda,MAFAULDA,end_to_end,Full-S1,True,0,141,10.573925042990595
cuda,MAFAULDA,end_to_end,Full-S1,True,0,142,10.542714037001133
cuda,MAFAULDA,end_to_end,Full-S1,True,0,143,10.524907964281738
cuda,MAFAULDA,end_to_end,Full-S1,True,0,144,10.520623007323593
cuda,MAFAULDA,end_to_end,Full-S1,True,0,145,10.52533503388986
cuda,MAFAULDA,end_to_end,Full-S1,True,0,146,10.560591996181756
cuda,MAFAULDA,end_to_end,Full-S1,True,0,147,10.55710797663778
cuda,MAFAULDA,end_to_end,Full-S1,True,0,148,10.589229001197964
cuda,MAFAULDA,end_to_end,Full-S1,True,0,149,10.562335955910385
cuda,MAFAULDA,end_to_end,Full-S1,True,0,150,10.576405969914049
cuda,MAFAULDA,end_to_end,Full-S1,True,0,151,10.524862038437277
cuda,MAFAULDA,end_to_end,Full-S1,True,0,152,10.532840038649738
cuda,MAFAULDA,end_to_end,Full-S1,True,0,153,10.574583022389561
cuda,MAFAULDA,end_to_end,Full-S1,True,0,154,10.57042001048103
cuda,MAFAULDA,end_to_end,Full-S1,True,0,155,10.554098000284284
cuda,MAFAULDA,end_to_end,Full-S1,True,0,156,10.611572011839598
cuda,MAFAULDA,end_to_end,Full-S1,True,0,157,10.565523989498615
cuda,MAFAULDA,end_to_end,Full-S1,True,0,158,10.51982498029247
cuda,MAFAULDA,end_to_end,Full-S1,True,0,159,10.577992012258619
cuda,MAFAULDA,end_to_end,Full-S1,True,0,160,10.595883999485523
cuda,MAFAULDA,end_to_end,Full-S1,True,0,161,10.542937030550092
cuda,MAFAULDA,end_to_end,Full-S1,True,0,162,10.571427003014833
cuda,MAFAULDA,end_to_end,Full-S1,True,0,163,10.530005034524947
cuda,MAFAULDA,end_to_end,Full-S1,True,0,164,10.57052199030295
cuda,MAFAULDA,end_to_end,Full-S1,True,0,165,10.536948044318706
cuda,MAFAULDA,end_to_end,Full-S1,True,0,166,10.554120992310345
cuda,MAFAULDA,end_to_end,Full-S1,True,0,167,10.565079981461167
cuda,MAFAULDA,end_to_end,Full-S1,True,0,168,10.572345985565335
cuda,MAFAULDA,end_to_end,Full-S1,True,0,169,10.518894996494055
cuda,MAFAULDA,end_to_end,Full-S1,True,0,170,10.544510965701193
cuda,MAFAULDA,end_to_end,Full-S1,True,0,171,10.629951022565365
cuda,MAFAULDA,end_to_end,Full-S1,True,0,172,10.478038981091231
cuda,MAFAULDA,end_to_end,Full-S1,True,0,173,10.52422501379624
cuda,MAFAULDA,end_to_end,Full-S1,True,0,174,10.52850199630484
cuda,MAFAULDA,end_to_end,Full-S1,True,0,175,10.546052013523877
cuda,MAFAULDA,end_to_end,Full-S1,True,0,176,10.580209025647491
cuda,MAFAULDA,end_to_end,Full-S1,True,0,177,10.554205975495279
cuda,MAFAULDA,end_to_end,Full-S1,True,0,178,10.542072996031493
cuda,MAFAULDA,end_to_end,Full-S1,True,0,179,10.535420966334641
cuda,MAFAULDA,end_to_end,Full-S1,True,0,180,10.53417200455442
cuda,MAFAULDA,end_to_end,Full-S1,True,0,181,10.476224997546524
cuda,MAFAULDA,end_to_end,Full-S1,True,0,182,10.50541503354907
cuda,MAFAULDA,end_to_end,Full-S1,True,0,183,10.54035103879869
cuda,MAFAULDA,end_to_end,Full-S1,True,0,184,10.553008993156254
cuda,MAFAULDA,end_to_end,Full-S1,True,0,185,10.543051001150161
cuda,MAFAULDA,end_to_end,Full-S1,True,0,186,10.561149043496698
cuda,MAFAULDA,end_to_end,Full-S1,True,0,187,10.755416995380074
cuda,MAFAULDA,end_to_end,Full-S1,True,0,188,10.682925989385694
cuda,MAFAULDA,end_to_end,Full-S1,True,0,189,10.570087004452944
cuda,MAFAULDA,end_to_end,Full-S1,True,0,190,10.557228000834584
cuda,MAFAULDA,end_to_end,Full-S1,True,0,191,10.61493594897911
cuda,MAFAULDA,end_to_end,Full-S1,True,0,192,10.586825024802238
cuda,MAFAULDA,end_to_end,Full-S1,True,0,193,10.598402994219214
cuda,MAFAULDA,end_to_end,Full-S1,True,0,194,10.529004968702793
cuda,MAFAULDA,end_to_end,Full-S1,True,0,195,10.526786965783685
cuda,MAFAULDA,end_to_end,Full-S1,True,0,196,10.581492038909346
cuda,MAFAULDA,end_to_end,Full-S1,True,0,197,10.588662989903241
cuda,MAFAULDA,end_to_end,Full-S1,True,0,198,10.587653960101306
cuda,MAFAULDA,end_to_end,Full-S1,True,0,199,10.553631000220776
cuda,MAFAULDA,end_to_end,Full-S1,True,0,200,10.572746978141367
cuda,MAFAULDA,end_to_end,Full-S1,True,0,201,10.61823999043554
cuda,MAFAULDA,end_to_end,Full-S1,True,0,202,10.530267958529294
cuda,MAFAULDA,end_to_end,Full-S1,True,0,203,10.570871003437787
cuda,MAFAULDA,end_to_end,Full-S1,True,0,204,10.504898033104837
cuda,MAFAULDA,end_to_end,Full-S1,True,0,205,10.646322974935174
cuda,MAFAULDA,end_to_end,Full-S1,True,0,206,10.517346032429487
cuda,MAFAULDA,end_to_end,Full-S1,True,0,207,10.644374997355044
cuda,MAFAULDA,end_to_end,Full-S1,True,0,208,10.604395996779203
cuda,MAFAULDA,end_to_end,Full-S1,True,0,209,10.590704972855747
cuda,MAFAULDA,end_to_end,Full-S1,True,0,210,10.547625017352402
cuda,MAFAULDA,end_to_end,Full-S1,True,0,211,10.622433968819678
cuda,MAFAULDA,end_to_end,Full-S1,True,0,212,10.636812017764896
cuda,MAFAULDA,end_to_end,Full-S1,True,0,213,10.55653003277257
cuda,MAFAULDA,end_to_end,Full-S1,True,0,214,10.575602995231748
cuda,MAFAULDA,end_to_end,Full-S1,True,0,215,10.608398006297648
cuda,MAFAULDA,end_to_end,Full-S1,True,0,216,10.573206993285567
cuda,MAFAULDA,end_to_end,Full-S1,True,0,217,10.615244042128325
cuda,MAFAULDA,end_to_end,Full-S1,True,0,218,10.562517039943486
cuda,MAFAULDA,end_to_end,Full-S1,True,0,219,10.578756977338344
cuda,MAFAULDA,end_to_end,Full-S1,True,0,220,10.574897984042764
cuda,MAFAULDA,end_to_end,Full-S1,True,0,221,10.548501973971725
cuda,MAFAULDA,end_to_end,Full-S1,True,0,222,10.615880019031465
cuda,MAFAULDA,end_to_end,Full-S1,True,0,223,10.605824994854629
cuda,MAFAULDA,end_to_end,Full-S1,True,0,224,10.596204025205225
cuda,MAFAULDA,end_to_end,Full-S1,True,0,225,10.58465801179409
cuda,MAFAULDA,end_to_end,Full-S1,True,0,226,10.576730011962354
cuda,MAFAULDA,end_to_end,Full-S1,True,0,227,10.789964988362044
cuda,MAFAULDA,end_to_end,Full-S1,True,0,228,10.627648036461323
cuda,MAFAULDA,end_to_end,Full-S1,True,0,229,10.594753955956548
cuda,MAFAULDA,end_to_end,Full-S1,True,0,230,10.583308001514524
cuda,MAFAULDA,end_to_end,Full-S1,True,0,231,10.549377009738237
cuda,MAFAULDA,end_to_end,Full-S1,True,0,232,10.573964973445982
cuda,MAFAULDA,end_to_end,Full-S1,True,0,233,10.594032995868474
cuda,MAFAULDA,end_to_end,Full-S1,True,0,234,10.602672002278268
cuda,MAFAULDA,end_to_end,Full-S1,True,0,235,10.57073101401329
cuda,MAFAULDA,end_to_end,Full-S1,True,0,236,10.557551984675229
cuda,MAFAULDA,end_to_end,Full-S1,True,0,237,10.600371984764934
cuda,MAFAULDA,end_to_end,Full-S1,True,0,238,10.598530992865562
cuda,MAFAULDA,end_to_end,Full-S1,True,0,239,10.542465024627745
cuda,MAFAULDA,end_to_end,Full-S1,True,0,240,10.5160609818995
cuda,MAFAULDA,end_to_end,Full-S1,True,0,241,10.579547961242497
cuda,MAFAULDA,end_to_end,Full-S1,True,0,242,10.604040988255292
cuda,MAFAULDA,end_to_end,Full-S1,True,0,243,10.556950990576297
cuda,MAFAULDA,end_to_end,Full-S1,True,0,244,10.583183029666543
cuda,MAFAULDA,end_to_end,Full-S1,True,0,245,10.557952977251261
cuda,MAFAULDA,end_to_end,Full-S1,True,0,246,10.56394400075078
cuda,MAFAULDA,end_to_end,Full-S1,True,0,247,10.63252502353862
cuda,MAFAULDA,end_to_end,Full-S1,True,0,248,10.58717496925965
cuda,MAFAULDA,end_to_end,Full-S1,True,0,249,10.55365800857544
cuda,MAFAULDA,end_to_end,K1,True,0,0,6.850441044662148
cuda,MAFAULDA,end_to_end,K1,True,0,1,6.760306947398931
cuda,MAFAULDA,end_to_end,K1,True,0,2,6.7676930339075625
cuda,MAFAULDA,end_to_end,K1,True,0,3,6.693509989418089
cuda,MAFAULDA,end_to_end,K1,True,0,4,6.7289419821463525
cuda,MAFAULDA,end_to_end,K1,True,0,5,6.742315017618239
cuda,MAFAULDA,end_to_end,K1,True,0,6,6.723770988173783
cuda,MAFAULDA,end_to_end,K1,True,0,7,6.740999000612646
cuda,MAFAULDA,end_to_end,K1,True,0,8,6.747458013705909
cuda,MAFAULDA,end_to_end,K1,True,0,9,6.717704993207008
cuda,MAFAULDA,end_to_end,K1,True,0,10,6.7582420306280255
cuda,MAFAULDA,end_to_end,K1,True,0,11,6.751031964085996
cuda,MAFAULDA,end_to_end,K1,True,0,12,6.704540050122887
cuda,MAFAULDA,end_to_end,K1,True,0,13,6.720884994138032
cuda,MAFAULDA,end_to_end,K1,True,0,14,6.714358052704483
cuda,MAFAULDA,end_to_end,K1,True,0,15,6.753968016710132
cuda,MAFAULDA,end_to_end,K1,True,0,16,6.746559985913336
cuda,MAFAULDA,end_to_end,K1,True,0,17,6.763331010006368
cuda,MAFAULDA,end_to_end,K1,True,0,18,6.737718009389937
cuda,MAFAULDA,end_to_end,K1,True,0,19,6.724714010488242
cuda,MAFAULDA,end_to_end,K1,True,0,20,6.729468994308263
cuda,MAFAULDA,end_to_end,K1,True,0,21,6.771324027795345
cuda,MAFAULDA,end_to_end,K1,True,0,22,6.708511966280639
cuda,MAFAULDA,end_to_end,K1,True,0,23,6.720552977640182
cuda,MAFAULDA,end_to_end,K1,True,0,24,6.74921995960176
cuda,MAFAULDA,end_to_end,K1,True,0,25,6.70253299176693
cuda,MAFAULDA,end_to_end,K1,True,0,26,6.732982990797609
cuda,MAFAULDA,end_to_end,K1,True,0,27,6.752161949407309
cuda,MAFAULDA,end_to_end,K1,True,0,28,6.7690390278585255
cuda,MAFAULDA,end_to_end,K1,True,0,29,6.729435990564525
cuda,MAFAULDA,end_to_end,K1,True,0,30,6.724826002027839
cuda,MAFAULDA,end_to_end,K1,True,0,31,6.741823977790773
cuda,MAFAULDA,end_to_end,K1,True,0,32,6.720922014210373
cuda,MAFAULDA,end_to_end,K1,True,0,33,6.724337988998741
cuda,MAFAULDA,end_to_end,K1,True,0,34,6.762679025996476
cuda,MAFAULDA,end_to_end,K1,True,0,35,6.707312015350908
cuda,MAFAULDA,end_to_end,K1,True,0,36,6.73709501279518
cuda,MAFAULDA,end_to_end,K1,True,0,37,6.7490870133042336
cuda,MAFAULDA,end_to_end,K1,True,0,38,6.7379170213826
cuda,MAFAULDA,end_to_end,K1,True,0,39,6.726221006829292
cuda,MAFAULDA,end_to_end,K1,True,0,40,6.730956025421619
cuda,MAFAULDA,end_to_end,K1,True,0,41,6.7349919700063765
cuda,MAFAULDA,end_to_end,K1,True,0,42,6.776274007279426
cuda,MAFAULDA,end_to_end,K1,True,0,43,6.716560979839414
cuda,MAFAULDA,end_to_end,K1,True,0,44,6.768834020476788
cuda,MAFAULDA,end_to_end,K1,True,0,45,6.728571024723351
cuda,MAFAULDA,end_to_end,K1,True,0,46,6.762464006897062
cuda,MAFAULDA,end_to_end,K1,True,0,47,6.734177004545927
cuda,MAFAULDA,end_to_end,K1,True,0,48,6.726869964040816
cuda,MAFAULDA,end_to_end,K1,True,0,49,6.799253984354436
cuda,MAFAULDA,end_to_end,K1,True,0,50,6.785342993680388
cuda,MAFAULDA,end_to_end,K1,True,0,51,6.751160020940006
cuda,MAFAULDA,end_to_end,K1,True,0,52,6.7419749684631824
cuda,MAFAULDA,end_to_end,K1,True,0,53,6.77198899211362
cuda,MAFAULDA,end_to_end,K1,True,0,54,6.758810020983219
cuda,MAFAULDA,end_to_end,K1,True,0,55,6.745388964191079
cuda,MAFAULDA,end_to_end,K1,True,0,56,6.727965024765581
cuda,MAFAULDA,end_to_end,K1,True,0,57,6.770670006517321
cuda,MAFAULDA,end_to_end,K1,True,0,58,6.703921011649072
cuda,MAFAULDA,end_to_end,K1,True,0,59,6.717593991197646
cuda,MAFAULDA,end_to_end,K1,True,0,60,6.766162987332791
cuda,MAFAULDA,end_to_end,K1,True,0,61,6.744751997757703
cuda,MAFAULDA,end_to_end,K1,True,0,62,6.721332028973848
cuda,MAFAULDA,end_to_end,K1,True,0,63,6.761021038983017
cuda,MAFAULDA,end_to_end,K1,True,0,64,6.734258029609919
cuda,MAFAULDA,end_to_end,K1,True,0,65,6.763859011698514
cuda,MAFAULDA,end_to_end,K1,True,0,66,6.700995028950274
cuda,MAFAULDA,end_to_end,K1,True,0,67,6.746582977939397
cuda,MAFAULDA,end_to_end,K1,True,0,68,6.735344009939581
cuda,MAFAULDA,end_to_end,K1,True,0,69,6.750733009539545
cuda,MAFAULDA,end_to_end,K1,True,0,70,6.710986024700105
cuda,MAFAULDA,end_to_end,K1,True,0,71,6.737714982591569
cuda,MAFAULDA,end_to_end,K1,True,0,72,6.7626810050569475
cuda,MAFAULDA,end_to_end,K1,True,0,73,6.741027988027781
cuda,MAFAULDA,end_to_end,K1,True,0,74,6.736656010616571
cuda,MAFAULDA,end_to_end,K1,True,0,75,6.737606017850339
cuda,MAFAULDA,end_to_end,K1,True,0,76,6.741736026015133
cuda,MAFAULDA,end_to_end,K1,True,0,77,6.729757005814463
cuda,MAFAULDA,end_to_end,K1,True,0,78,6.710417976137251
cuda,MAFAULDA,end_to_end,K1,True,0,79,6.739713018760085
cuda,MAFAULDA,end_to_end,K1,True,0,80,6.761663011275232
cuda,MAFAULDA,end_to_end,K1,True,0,81,6.76138699054718
cuda,MAFAULDA,end_to_end,K1,True,0,82,6.734243012033403
cuda,MAFAULDA,end_to_end,K1,True,0,83,6.722403049934655
cuda,MAFAULDA,end_to_end,K1,True,0,84,6.714674993418157
cuda,MAFAULDA,end_to_end,K1,True,0,85,6.7253150045871735
cuda,MAFAULDA,end_to_end,K1,True,0,86,6.719925964716822
cuda,MAFAULDA,end_to_end,K1,True,0,87,6.711361987981945
cuda,MAFAULDA,end_to_end,K1,True,0,88,6.708849046844989
cuda,MAFAULDA,end_to_end,K1,True,0,89,6.770803011022508
cuda,MAFAULDA,end_to_end,K1,True,0,90,6.7598780151456594
cuda,MAFAULDA,end_to_end,K1,True,0,91,6.743128993548453
cuda,MAFAULDA,end_to_end,K1,True,0,92,6.7159480531699955
cuda,MAFAULDA,end_to_end,K1,True,0,93,6.70960801653564
cuda,MAFAULDA,end_to_end,K1,True,0,94,6.761150958482176
cuda,MAFAULDA,end_to_end,K1,True,0,95,6.770959007553756
cuda,MAFAULDA,end_to_end,K1,True,0,96,6.734458031132817
cuda,MAFAULDA,end_to_end,K1,True,0,97,6.730925990268588
cuda,MAFAULDA,end_to_end,K1,True,0,98,6.761111028026789
cuda,MAFAULDA,end_to_end,K1,True,0,99,6.7378770327195525
cuda,MAFAULDA,end_to_end,K1,True,0,100,6.7094339756295085
cuda,MAFAULDA,end_to_end,K1,True,0,101,6.7328959703445435
cuda,MAFAULDA,end_to_end,K1,True,0,102,6.759822950698435
cuda,MAFAULDA,end_to_end,K1,True,0,103,6.703332008328289
cuda,MAFAULDA,end_to_end,K1,True,0,104,6.751097040250897
cuda,MAFAULDA,end_to_end,K1,True,0,105,6.741996039636433
cuda,MAFAULDA,end_to_end,K1,True,0,106,6.698803976178169
cuda,MAFAULDA,end_to_end,K1,True,0,107,6.728608976118267
cuda,MAFAULDA,end_to_end,K1,True,0,108,6.738828029483557
cuda,MAFAULDA,end_to_end,K1,True,0,109,6.757862982340157
cuda,MAFAULDA,end_to_end,K1,True,0,110,6.702456972561777
cuda,MAFAULDA,end_to_end,K1,True,0,111,6.74129999242723
cuda,MAFAULDA,end_to_end,K1,True,0,112,6.853547994978726
cuda,MAFAULDA,end_to_end,K1,True,0,113,6.814214983023703
cuda,MAFAULDA,end_to_end,K1,True,0,114,6.731169007252902
cuda,MAFAULDA,end_to_end,K1,True,0,115,6.76740100607276
cuda,MAFAULDA,end_to_end,K1,True,0,116,6.742850004229695
cuda,MAFAULDA,end_to_end,K1,True,0,117,6.736201990861446
cuda,MAFAULDA,end_to_end,K1,True,0,118,6.738129013683647
cuda,MAFAULDA,end_to_end,K1,True,0,119,6.762569944839925
cuda,MAFAULDA,end_to_end,K1,True,0,120,6.733293004799634
cuda,MAFAULDA,end_to_end,K1,True,0,121,6.713333015795797
cuda,MAFAULDA,end_to_end,K1,True,0,122,6.707952998112887
cuda,MAFAULDA,end_to_end,K1,True,0,123,6.746510975062847
cuda,MAFAULDA,end_to_end,K1,True,0,124,6.733181013260037
cuda,MAFAULDA,end_to_end,K1,True,0,125,6.707391003146768
cuda,MAFAULDA,end_to_end,K1,True,0,126,6.7522189929150045
cuda,MAFAULDA,end_to_end,K1,True,0,127,6.717933982145041
cuda,MAFAULDA,end_to_end,K1,True,0,128,6.739286007359624
cuda,MAFAULDA,end_to_end,K1,True,0,129,6.763848010450602
cuda,MAFAULDA,end_to_end,K1,True,0,130,6.74514303682372
cuda,MAFAULDA,end_to_end,K1,True,0,131,6.721145997289568
cuda,MAFAULDA,end_to_end,K1,True,0,132,6.7282699747011065
cuda,MAFAULDA,end_to_end,K1,True,0,133,6.758139003068209
cuda,MAFAULDA,end_to_end,K1,True,0,134,6.697944016195834
cuda,MAFAULDA,end_to_end,K1,True,0,135,6.713718001265079
cuda,MAFAULDA,end_to_end,K1,True,0,136,6.749705993570387
cuda,MAFAULDA,end_to_end,K1,True,0,137,6.702104990836233
cuda,MAFAULDA,end_to_end,K1,True,0,138,6.711103022098541
cuda,MAFAULDA,end_to_end,K1,True,0,139,6.763603014405817
cuda,MAFAULDA,end_to_end,K1,True,0,140,6.704930041451007
cuda,MAFAULDA,end_to_end,K1,True,0,141,6.739675998687744
cuda,MAFAULDA,end_to_end,K1,True,0,142,6.741220015101135
cuda,MAFAULDA,end_to_end,K1,True,0,143,6.732459994964302
cuda,MAFAULDA,end_to_end,K1,True,0,144,6.7380600376054645
cuda,MAFAULDA,end_to_end,K1,True,0,145,6.720815959852189
cuda,MAFAULDA,end_to_end,K1,True,0,146,6.722426973283291
cuda,MAFAULDA,end_to_end,K1,True,0,147,6.724525010213256
cuda,MAFAULDA,end_to_end,K1,True,0,148,6.703783001285046
cuda,MAFAULDA,end_to_end,K1,True,0,149,6.7438530386425555
cuda,MAFAULDA,end_to_end,K1,True,0,150,6.704277009703219
cuda,MAFAULDA,end_to_end,K1,True,0,151,6.71708898153156
cuda,MAFAULDA,end_to_end,K1,True,0,152,6.731593981385231
cuda,MAFAULDA,end_to_end,K1,True,0,153,6.742895988281816
cuda,MAFAULDA,end_to_end,K1,True,0,154,6.727135041728616
cuda,MAFAULDA,end_to_end,K1,True,0,155,6.732703011948615
cuda,MAFAULDA,end_to_end,K1,True,0,156,6.688841036520898
cuda,MAFAULDA,end_to_end,K1,True,0,157,6.7206090316176414
cuda,MAFAULDA,end_to_end,K1,True,0,158,6.767137034330517
cuda,MAFAULDA,end_to_end,K1,True,0,159,6.699323013890535
cuda,MAFAULDA,end_to_end,K1,True,0,160,6.726497958879918
cuda,MAFAULDA,end_to_end,K1,True,0,161,6.6928540472872555
cuda,MAFAULDA,end_to_end,K1,True,0,162,6.736039009410888
cuda,MAFAULDA,end_to_end,K1,True,0,163,6.69675599783659
cuda,MAFAULDA,end_to_end,K1,True,0,164,6.720018980558962
cuda,MAFAULDA,end_to_end,K1,True,0,165,6.752109969966114
cuda,MAFAULDA,end_to_end,K1,True,0,166,6.708483037073165
cuda,MAFAULDA,end_to_end,K1,True,0,167,6.731725996360183
cuda,MAFAULDA,end_to_end,K1,True,0,168,6.771363026928157
cuda,MAFAULDA,end_to_end,K1,True,0,169,6.738206022419035
cuda,MAFAULDA,end_to_end,K1,True,0,170,6.741513963788748
cuda,MAFAULDA,end_to_end,K1,True,0,171,6.711958034429699
cuda,MAFAULDA,end_to_end,K1,True,0,172,6.736848037689924
cuda,MAFAULDA,end_to_end,K1,True,0,173,6.731068016961217
cuda,MAFAULDA,end_to_end,K1,True,0,174,6.735037954058498
cuda,MAFAULDA,end_to_end,K1,True,0,175,6.771445041522384
cuda,MAFAULDA,end_to_end,K1,True,0,176,6.7251589498482645
cuda,MAFAULDA,end_to_end,K1,True,0,177,6.765255995560437
cuda,MAFAULDA,end_to_end,K1,True,0,178,6.732593988999724
cuda,MAFAULDA,end_to_end,K1,True,0,179,6.767809973098338
cuda,MAFAULDA,end_to_end,K1,True,0,180,6.72445201780647
cuda,MAFAULDA,end_to_end,K1,True,0,181,6.713566021062434
cuda,MAFAULDA,end_to_end,K1,True,0,182,6.7398990504443645
cuda,MAFAULDA,end_to_end,K1,True,0,183,6.720560952089727
cuda,MAFAULDA,end_to_end,K1,True,0,184,6.757090974133462
cuda,MAFAULDA,end_to_end,K1,True,0,185,6.697849021293223
cuda,MAFAULDA,end_to_end,K1,True,0,186,6.7370880278758705
cuda,MAFAULDA,end_to_end,K1,True,0,187,6.851345999166369
cuda,MAFAULDA,end_to_end,K1,True,0,188,6.711074966005981
cuda,MAFAULDA,end_to_end,K1,True,0,189,6.768788036424667
cuda,MAFAULDA,end_to_end,K1,True,0,190,6.702925020363182
cuda,MAFAULDA,end_to_end,K1,True,0,191,6.7439639824442565
cuda,MAFAULDA,end_to_end,K1,True,0,192,6.738079013302922
cuda,MAFAULDA,end_to_end,K1,True,0,193,6.730719993356615
cuda,MAFAULDA,end_to_end,K1,True,0,194,6.715663999784738
cuda,MAFAULDA,end_to_end,K1,True,0,195,6.749850988853723
cuda,MAFAULDA,end_to_end,K1,True,0,196,6.733715999871492
cuda,MAFAULDA,end_to_end,K1,True,0,197,6.716739968396723
cuda,MAFAULDA,end_to_end,K1,True,0,198,6.835319974925369
cuda,MAFAULDA,end_to_end,K1,True,0,199,6.777258007787168
cuda,MAFAULDA,end_to_end,K1,True,0,200,6.726689985953271
cuda,MAFAULDA,end_to_end,K1,True,0,201,6.737412011716515
cuda,MAFAULDA,end_to_end,K1,True,0,202,6.7052129888907075
cuda,MAFAULDA,end_to_end,K1,True,0,203,6.728140986524522
cuda,MAFAULDA,end_to_end,K1,True,0,204,6.754688045475632
cuda,MAFAULDA,end_to_end,K1,True,0,205,6.715780007652938
cuda,MAFAULDA,end_to_end,K1,True,0,206,6.71972002601251
cuda,MAFAULDA,end_to_end,K1,True,0,207,6.76841102540493
cuda,MAFAULDA,end_to_end,K1,True,0,208,6.765075959265232
cuda,MAFAULDA,end_to_end,K1,True,0,209,6.704798026476055
cuda,MAFAULDA,end_to_end,K1,True,0,210,6.742405006662011
cuda,MAFAULDA,end_to_end,K1,True,0,211,6.749835971277207
cuda,MAFAULDA,end_to_end,K1,True,0,212,6.729000015184283
cuda,MAFAULDA,end_to_end,K1,True,0,213,6.716373958624899
cuda,MAFAULDA,end_to_end,K1,True,0,214,6.727835978381336
cuda,MAFAULDA,end_to_end,K1,True,0,215,6.750987959094346
cuda,MAFAULDA,end_to_end,K1,True,0,216,6.758557981811464
cuda,MAFAULDA,end_to_end,K1,True,0,217,6.713177019264549
cuda,MAFAULDA,end_to_end,K1,True,0,218,6.7301050294190645
cuda,MAFAULDA,end_to_end,K1,True,0,219,6.765700993128121
cuda,MAFAULDA,end_to_end,K1,True,0,220,6.733296031598002
cuda,MAFAULDA,end_to_end,K1,True,0,221,6.754045025445521
cuda,MAFAULDA,end_to_end,K1,True,0,222,6.718917982652783
cuda,MAFAULDA,end_to_end,K1,True,0,223,6.77390000782907
cuda,MAFAULDA,end_to_end,K1,True,0,224,6.6959449904970825
cuda,MAFAULDA,end_to_end,K1,True,0,225,6.745279009919614
cuda,MAFAULDA,end_to_end,K1,True,0,226,6.7458320409059525
cuda,MAFAULDA,end_to_end,K1,True,0,227,6.686794979032129
cuda,MAFAULDA,end_to_end,K1,True,0,228,6.748626008629799
cuda,MAFAULDA,end_to_end,K1,True,0,229,6.722945021465421
cuda,MAFAULDA,end_to_end,K1,True,0,230,6.717220996506512
cuda,MAFAULDA,end_to_end,K1,True,0,231,6.736342969816178
cuda,MAFAULDA,end_to_end,K1,True,0,232,6.750486965756863
cuda,MAFAULDA,end_to_end,K1,True,0,233,6.735639006365091
cuda,MAFAULDA,end_to_end,K1,True,0,234,6.723067024722695
cuda,MAFAULDA,end_to_end,K1,True,0,235,6.7522230092436075
cuda,MAFAULDA,end_to_end,K1,True,0,236,6.733033980708569
cuda,MAFAULDA,end_to_end,K1,True,0,237,6.703927996568382
cuda,MAFAULDA,end_to_end,K1,True,0,238,6.723080994561315
cuda,MAFAULDA,end_to_end,K1,True,0,239,6.741409015376121
cuda,MAFAULDA,end_to_end,K1,True,0,240,6.723252008669078
cuda,MAFAULDA,end_to_end,K1,True,0,241,6.740623968653381
cuda,MAFAULDA,end_to_end,K1,True,0,242,6.731377972755581
cuda,MAFAULDA,end_to_end,K1,True,0,243,6.73250702675432
cuda,MAFAULDA,end_to_end,K1,True,0,244,6.717929034493864
cuda,MAFAULDA,end_to_end,K1,True,0,245,6.744422949850559
cuda,MAFAULDA,end_to_end,K1,True,0,246,6.742014025803655
cuda,MAFAULDA,end_to_end,K1,True,0,247,6.710018031299114
cuda,MAFAULDA,end_to_end,K1,True,0,248,6.708890956360847
cuda,MAFAULDA,end_to_end,K1,True,0,249,6.7541179596446455
cuda,MAFAULDA,end_to_end,K1,True,1,0,6.771150976419449
cuda,MAFAULDA,end_to_end,K1,True,1,1,6.698401004541665
cuda,MAFAULDA,end_to_end,K1,True,1,2,6.733732006978244
cuda,MAFAULDA,end_to_end,K1,True,1,3,6.774835987016559
cuda,MAFAULDA,end_to_end,K1,True,1,4,6.7427639733068645
cuda,MAFAULDA,end_to_end,K1,True,1,5,6.704330968204886
cuda,MAFAULDA,end_to_end,K1,True,1,6,6.739620002917945
cuda,MAFAULDA,end_to_end,K1,True,1,7,6.703371996991336
cuda,MAFAULDA,end_to_end,K1,True,1,8,6.710007030051202
cuda,MAFAULDA,end_to_end,K1,True,1,9,6.737703981343657
cuda,MAFAULDA,end_to_end,K1,True,1,10,6.726691033691168
cuda,MAFAULDA,end_to_end,K1,True,1,11,6.841036025434732
cuda,MAFAULDA,end_to_end,K1,True,1,12,6.759579002391547
cuda,MAFAULDA,end_to_end,K1,True,1,13,6.700781988911331
cuda,MAFAULDA,end_to_end,K1,True,1,14,6.739347998518497
cuda,MAFAULDA,end_to_end,K1,True,1,15,6.7617829772643745
cuda,MAFAULDA,end_to_end,K1,True,1,16,6.7246080143377185
cuda,MAFAULDA,end_to_end,K1,True,1,17,6.741214019712061
cuda,MAFAULDA,end_to_end,K1,True,1,18,6.719238008372486
cuda,MAFAULDA,end_to_end,K1,True,1,19,6.728695007041097
cuda,MAFAULDA,end_to_end,K1,True,1,20,6.7320450325496495
cuda,MAFAULDA,end_to_end,K1,True,1,21,6.740876997355372
cuda,MAFAULDA,end_to_end,K1,True,1,22,6.695139978546649
cuda,MAFAULDA,end_to_end,K1,True,1,23,6.740099983289838
cuda,MAFAULDA,end_to_end,K1,True,1,24,6.753054040018469
cuda,MAFAULDA,end_to_end,K1,True,1,25,6.718049000483006
cuda,MAFAULDA,end_to_end,K1,True,1,26,6.77147600799799
cuda,MAFAULDA,end_to_end,K1,True,1,27,6.752001005224884
cuda,MAFAULDA,end_to_end,K1,True,1,28,6.699176039546728
cuda,MAFAULDA,end_to_end,K1,True,1,29,6.762145960237831
cuda,MAFAULDA,end_to_end,K1,True,1,30,6.739222968462855
cuda,MAFAULDA,end_to_end,K1,True,1,31,6.727793021127582
cuda,MAFAULDA,end_to_end,K1,True,1,32,6.7039490095339715
cuda,MAFAULDA,end_to_end,K1,True,1,33,6.739267031662166
cuda,MAFAULDA,end_to_end,K1,True,1,34,6.755374022759497
cuda,MAFAULDA,end_to_end,K1,True,1,35,6.740209006238729
cuda,MAFAULDA,end_to_end,K1,True,1,36,6.755462032742798
cuda,MAFAULDA,end_to_end,K1,True,1,37,6.710006971843541
cuda,MAFAULDA,end_to_end,K1,True,1,38,6.753114052116871
cuda,MAFAULDA,end_to_end,K1,True,1,39,6.756788992788643
cuda,MAFAULDA,end_to_end,K1,True,1,40,6.724550970830023
cuda,MAFAULDA,end_to_end,K1,True,1,41,6.728321022819728
cuda,MAFAULDA,end_to_end,K1,True,1,42,6.7557329894043505
cuda,MAFAULDA,end_to_end,K1,True,1,43,6.740142009221017
cuda,MAFAULDA,end_to_end,K1,True,1,44,6.737151008564979
cuda,MAFAULDA,end_to_end,K1,True,1,45,6.708130007609725
cuda,MAFAULDA,end_to_end,K1,True,1,46,6.739517964888364
cuda,MAFAULDA,end_to_end,K1,True,1,47,6.764176010619849
cuda,MAFAULDA,end_to_end,K1,True,1,48,6.731293979100883
cuda,MAFAULDA,end_to_end,K1,True,1,49,6.738813011907041
cuda,MAFAULDA,end_to_end,K1,True,1,50,6.73116696998477
cuda,MAFAULDA,end_to_end,K1,True,1,51,6.764006975572556
cuda,MAFAULDA,end_to_end,K1,True,1,52,6.703310995362699
cuda,MAFAULDA,end_to_end,K1,True,1,53,6.751339009497315
cuda,MAFAULDA,end_to_end,K1,True,1,54,6.713310955092311
cuda,MAFAULDA,end_to_end,K1,True,1,55,6.705630978103727
cuda,MAFAULDA,end_to_end,K1,True,1,56,6.748063024133444
cuda,MAFAULDA,end_to_end,K1,True,1,57,6.710273970384151
cuda,MAFAULDA,end_to_end,K1,True,1,58,6.739584030583501
cuda,MAFAULDA,end_to_end,K1,True,1,59,6.753607012797147
cuda,MAFAULDA,end_to_end,K1,True,1,60,6.707369990181178
cuda,MAFAULDA,end_to_end,K1,True,1,61,6.747633975464851
cuda,MAFAULDA,end_to_end,K1,True,1,62,6.730722961947322
cuda,MAFAULDA,end_to_end,K1,True,1,63,6.744241982232779
cuda,MAFAULDA,end_to_end,K1,True,1,64,6.716450036037713
cuda,MAFAULDA,end_to_end,K1,True,1,65,6.732821988407522
cuda,MAFAULDA,end_to_end,K1,True,1,66,6.732048001140356
cuda,MAFAULDA,end_to_end,K1,True,1,67,6.712139002047479
cuda,MAFAULDA,end_to_end,K1,True,1,68,6.758569972589612
cuda,MAFAULDA,end_to_end,K1,True,1,69,6.7485569743439555
cuda,MAFAULDA,end_to_end,K1,True,1,70,6.734125025104731
cuda,MAFAULDA,end_to_end,K1,True,1,71,6.746325001586229
cuda,MAFAULDA,end_to_end,K1,True,1,72,6.7039059940725565
cuda,MAFAULDA,end_to_end,K1,True,1,73,6.718506978359073
cuda,MAFAULDA,end_to_end,K1,True,1,74,6.743044999893755
cuda,MAFAULDA,end_to_end,K1,True,1,75,6.737018993590027
cuda,MAFAULDA,end_to_end,K1,True,1,76,6.737218995112926
cuda,MAFAULDA,end_to_end,K1,True,1,77,6.752985005732626
cuda,MAFAULDA,end_to_end,K1,True,1,78,6.699598976410925
cuda,MAFAULDA,end_to_end,K1,True,1,79,6.748322979547083
cuda,MAFAULDA,end_to_end,K1,True,1,80,6.739097007084638
cuda,MAFAULDA,end_to_end,K1,True,1,81,6.722608988638967
cuda,MAFAULDA,end_to_end,K1,True,1,82,6.712950998917222
cuda,MAFAULDA,end_to_end,K1,True,1,83,6.759200012311339
cuda,MAFAULDA,end_to_end,K1,True,1,84,6.752935994882137
cuda,MAFAULDA,end_to_end,K1,True,1,85,6.744207988958806
cuda,MAFAULDA,end_to_end,K1,True,1,86,6.718543998431414
cuda,MAFAULDA,end_to_end,K1,True,1,87,6.778293987736106
cuda,MAFAULDA,end_to_end,K1,True,1,88,6.736511015333235
cuda,MAFAULDA,end_to_end,K1,True,1,89,6.743717007339001
cuda,MAFAULDA,end_to_end,K1,True,1,90,6.702482001855969
cuda,MAFAULDA,end_to_end,K1,True,1,91,6.733089976478368
cuda,MAFAULDA,end_to_end,K1,True,1,92,6.782268988899887
cuda,MAFAULDA,end_to_end,K1,True,1,93,6.745895021595061
cuda,MAFAULDA,end_to_end,K1,True,1,94,6.735341041348875
cuda,MAFAULDA,end_to_end,K1,True,1,95,6.7670340067707
cuda,MAFAULDA,end_to_end,K1,True,1,96,6.77778001409024
cuda,MAFAULDA,end_to_end,K1,True,1,97,6.821432965807617
cuda,MAFAULDA,end_to_end,K1,True,1,98,6.794253014959395
cuda,MAFAULDA,end_to_end,K1,True,1,99,6.727222993504256
cuda,MAFAULDA,end_to_end,K1,True,1,100,6.765539001207799
cuda,MAFAULDA,end_to_end,K1,True,1,101,6.712226953823119
cuda,MAFAULDA,end_to_end,K1,True,1,102,6.733118032570928
cuda,MAFAULDA,end_to_end,K1,True,1,103,6.726655003149062
cuda,MAFAULDA,end_to_end,K1,True,1,104,6.699752004351467
cuda,MAFAULDA,end_to_end,K1,True,1,105,6.752326036803424
cuda,MAFAULDA,end_to_end,K1,True,1,106,6.722264050040394
cuda,MAFAULDA,end_to_end,K1,True,1,107,6.764416000805795
cuda,MAFAULDA,end_to_end,K1,True,1,108,6.721665966324508
cuda,MAFAULDA,end_to_end,K1,True,1,109,6.72154501080513
cuda,MAFAULDA,end_to_end,K1,True,1,110,6.756743008736521
cuda,MAFAULDA,end_to_end,K1,True,1,111,6.693075003568083
cuda,MAFAULDA,end_to_end,K1,True,1,112,6.757459021173418
cuda,MAFAULDA,end_to_end,K1,True,1,113,6.72569900052622
cuda,MAFAULDA,end_to_end,K1,True,1,114,6.702591956127435
cuda,MAFAULDA,end_to_end,K1,True,1,115,6.712926959153265
cuda,MAFAULDA,end_to_end,K1,True,1,116,6.711733003612608
cuda,MAFAULDA,end_to_end,K1,True,1,117,6.716329022310674
cuda,MAFAULDA,end_to_end,K1,True,1,118,6.757677998393774
cuda,MAFAULDA,end_to_end,K1,True,1,119,6.712365022394806
cuda,MAFAULDA,end_to_end,K1,True,1,120,6.769821979105473
cuda,MAFAULDA,end_to_end,K1,True,1,121,6.713927024975419
cuda,MAFAULDA,end_to_end,K1,True,1,122,6.723039958160371
cuda,MAFAULDA,end_to_end,K1,True,1,123,6.752677960321307
cuda,MAFAULDA,end_to_end,K1,True,1,124,6.704547966364771
cuda,MAFAULDA,end_to_end,K1,True,1,125,6.734278984367847
cuda,MAFAULDA,end_to_end,K1,True,1,126,6.713443959597498
cuda,MAFAULDA,end_to_end,K1,True,1,127,6.75128900911659
cuda,MAFAULDA,end_to_end,K1,True,1,128,6.738983967807144
cuda,MAFAULDA,end_to_end,K1,True,1,129,6.7264760145917535
cuda,MAFAULDA,end_to_end,K1,True,1,130,6.713441980537027
cuda,MAFAULDA,end_to_end,K1,True,1,131,6.767037033569068
cuda,MAFAULDA,end_to_end,K1,True,1,132,6.711121997795999
cuda,MAFAULDA,end_to_end,K1,True,1,133,6.7206069943495095
cuda,MAFAULDA,end_to_end,K1,True,1,134,6.735569040756673
cuda,MAFAULDA,end_to_end,K1,True,1,135,6.733214017003775
cuda,MAFAULDA,end_to_end,K1,True,1,136,6.729613000061363
cuda,MAFAULDA,end_to_end,K1,True,1,137,6.7575249704532325
cuda,MAFAULDA,end_to_end,K1,True,1,138,6.764069956261665
cuda,MAFAULDA,end_to_end,K1,True,1,139,6.696601980365813
cuda,MAFAULDA,end_to_end,K1,True,1,140,6.745450955349952
cuda,MAFAULDA,end_to_end,K1,True,1,141,6.744519982021302
cuda,MAFAULDA,end_to_end,K1,True,1,142,6.7348110023885965
cuda,MAFAULDA,end_to_end,K1,True,1,143,6.711465015541762
cuda,MAFAULDA,end_to_end,K1,True,1,144,6.7544280318543315
cuda,MAFAULDA,end_to_end,K1,True,1,145,6.763192999642342
cuda,MAFAULDA,end_to_end,K1,True,1,146,6.727645988576114
cuda,MAFAULDA,end_to_end,K1,True,1,147,6.72274298267439
cuda,MAFAULDA,end_to_end,K1,True,1,148,6.731064990162849
cuda,MAFAULDA,end_to_end,K1,True,1,149,6.758533010724932
cuda,MAFAULDA,end_to_end,K1,True,1,150,6.715308001730591
cuda,MAFAULDA,end_to_end,K1,True,1,151,6.738517025951296
cuda,MAFAULDA,end_to_end,K1,True,1,152,6.723251019138843
cuda,MAFAULDA,end_to_end,K1,True,1,153,6.727727013640106
cuda,MAFAULDA,end_to_end,K1,True,1,154,6.709056033287197
cuda,MAFAULDA,end_to_end,K1,True,1,155,6.736026960425079
cuda,MAFAULDA,end_to_end,K1,True,1,156,6.7201199708506465
cuda,MAFAULDA,end_to_end,K1,True,1,157,6.72139396192506
cuda,MAFAULDA,end_to_end,K1,True,1,158,6.763008015695959
cuda,MAFAULDA,end_to_end,K1,True,1,159,6.905838963575661
cuda,MAFAULDA,end_to_end,K1,True,1,160,6.787778984289616
cuda,MAFAULDA,end_to_end,K1,True,1,161,6.710665998980403
cuda,MAFAULDA,end_to_end,K1,True,1,162,6.743371021002531
cuda,MAFAULDA,end_to_end,K1,True,1,163,6.75027200486511
cuda,MAFAULDA,end_to_end,K1,True,1,164,6.720920966472477
cuda,MAFAULDA,end_to_end,K1,True,1,165,6.723825994413346
cuda,MAFAULDA,end_to_end,K1,True,1,166,6.765256985090673
cuda,MAFAULDA,end_to_end,K1,True,1,167,6.737403979059309
cuda,MAFAULDA,end_to_end,K1,True,1,168,6.699760968331248
cuda,MAFAULDA,end_to_end,K1,True,1,169,6.764649995602667
cuda,MAFAULDA,end_to_end,K1,True,1,170,6.755331996828318
cuda,MAFAULDA,end_to_end,K1,True,1,171,6.694370007608086
cuda,MAFAULDA,end_to_end,K1,True,1,172,6.751970970071852
cuda,MAFAULDA,end_to_end,K1,True,1,173,6.723725004121661
cuda,MAFAULDA,end_to_end,K1,True,1,174,6.746614002622664
cuda,MAFAULDA,end_to_end,K1,True,1,175,6.716247007716447
cuda,MAFAULDA,end_to_end,K1,True,1,176,6.743470032233745
cuda,MAFAULDA,end_to_end,K1,True,1,177,6.718845979776233
cuda,MAFAULDA,end_to_end,K1,True,1,178,6.766600010450929
cuda,MAFAULDA,end_to_end,K1,True,1,179,6.708295026328415
cuda,MAFAULDA,end_to_end,K1,True,1,180,6.722910969983786
cuda,MAFAULDA,end_to_end,K1,True,1,181,6.7582429619506
cuda,MAFAULDA,end_to_end,K1,True,1,182,6.726597959641367
cuda,MAFAULDA,end_to_end,K1,True,1,183,6.722114980220795
cuda,MAFAULDA,end_to_end,K1,True,1,184,6.75686402246356
cuda,MAFAULDA,end_to_end,K1,True,1,185,6.695916003081948
cuda,MAFAULDA,end_to_end,K1,True,1,186,6.711510999593884
cuda,MAFAULDA,end_to_end,K1,True,1,187,6.750811007805169
cuda,MAFAULDA,end_to_end,K1,True,1,188,6.714320974424481
cuda,MAFAULDA,end_to_end,K1,True,1,189,6.7334980121813715
cuda,MAFAULDA,end_to_end,K1,True,1,190,6.7353659542277455
cuda,MAFAULDA,end_to_end,K1,True,1,191,6.736460025422275
cuda,MAFAULDA,end_to_end,K1,True,1,192,6.70978199923411
cuda,MAFAULDA,end_to_end,K1,True,1,193,6.711684982292354
cuda,MAFAULDA,end_to_end,K1,True,1,194,6.734972004778683
cuda,MAFAULDA,end_to_end,K1,True,1,195,6.697384000290185
cuda,MAFAULDA,end_to_end,K1,True,1,196,6.71739800600335
cuda,MAFAULDA,end_to_end,K1,True,1,197,6.699491001199931
cuda,MAFAULDA,end_to_end,K1,True,1,198,6.737655960023403
cuda,MAFAULDA,end_to_end,K1,True,1,199,6.733750982675701
cuda,MAFAULDA,end_to_end,K1,True,1,200,6.703782011754811
cuda,MAFAULDA,end_to_end,K1,True,1,201,6.713010952807963
cuda,MAFAULDA,end_to_end,K1,True,1,202,6.745986000169069
cuda,MAFAULDA,end_to_end,K1,True,1,203,6.7296180059202015
cuda,MAFAULDA,end_to_end,K1,True,1,204,6.702567974571139
cuda,MAFAULDA,end_to_end,K1,True,1,205,6.741524033714086
cuda,MAFAULDA,end_to_end,K1,True,1,206,6.727576022967696
cuda,MAFAULDA,end_to_end,K1,True,1,207,6.7265150137245655
cuda,MAFAULDA,end_to_end,K1,True,1,208,6.74267002614215
cuda,MAFAULDA,end_to_end,K1,True,1,209,6.732365989591926
cuda,MAFAULDA,end_to_end,K1,True,1,210,6.71299995156005
cuda,MAFAULDA,end_to_end,K1,True,1,211,6.710316985845566
cuda,MAFAULDA,end_to_end,K1,True,1,212,6.755888985935599
cuda,MAFAULDA,end_to_end,K1,True,1,213,6.722613994497806
cuda,MAFAULDA,end_to_end,K1,True,1,214,6.730836990755051
cuda,MAFAULDA,end_to_end,K1,True,1,215,6.726186024025083
cuda,MAFAULDA,end_to_end,K1,True,1,216,6.726243998855352
cuda,MAFAULDA,end_to_end,K1,True,1,217,6.760911026503891
cuda,MAFAULDA,end_to_end,K1,True,1,218,6.728151987772435
cuda,MAFAULDA,end_to_end,K1,True,1,219,6.698419980239123
cuda,MAFAULDA,end_to_end,K1,True,1,220,6.718535034451634
cuda,MAFAULDA,end_to_end,K1,True,1,221,6.725437007844448
cuda,MAFAULDA,end_to_end,K1,True,1,222,6.737325980793685
cuda,MAFAULDA,end_to_end,K1,True,1,223,6.7528469953686
cuda,MAFAULDA,end_to_end,K1,True,1,224,6.763176992535591
cuda,MAFAULDA,end_to_end,K1,True,1,225,6.774484005291015
cuda,MAFAULDA,end_to_end,K1,True,1,226,6.703671009745449
cuda,MAFAULDA,end_to_end,K1,True,1,227,6.753476045560092
cuda,MAFAULDA,end_to_end,K1,True,1,228,6.7327889846637845
cuda,MAFAULDA,end_to_end,K1,True,1,229,6.737746996805072
cuda,MAFAULDA,end_to_end,K1,True,1,230,6.70333398738876
cuda,MAFAULDA,end_to_end,K1,True,1,231,6.7414139630272985
cuda,MAFAULDA,end_to_end,K1,True,1,232,6.760133022908121
cuda,MAFAULDA,end_to_end,K1,True,1,233,6.706527958158404
cuda,MAFAULDA,end_to_end,K1,True,1,234,6.757756986189634
cuda,MAFAULDA,end_to_end,K1,True,1,235,6.766402977518737
cuda,MAFAULDA,end_to_end,K1,True,1,236,6.708647997584194
cuda,MAFAULDA,end_to_end,K1,True,1,237,6.730841007083654
cuda,MAFAULDA,end_to_end,K1,True,1,238,6.729536049533635
cuda,MAFAULDA,end_to_end,K1,True,1,239,6.722873018588871
cuda,MAFAULDA,end_to_end,K1,True,1,240,6.704555009491742
cuda,MAFAULDA,end_to_end,K1,True,1,241,6.754875008482486
cuda,MAFAULDA,end_to_end,K1,True,1,242,6.717314012348652
cuda,MAFAULDA,end_to_end,K1,True,1,243,6.7342109978199005
cuda,MAFAULDA,end_to_end,K1,True,1,244,6.749042018782347
cuda,MAFAULDA,end_to_end,K1,True,1,245,6.844896997790784
cuda,MAFAULDA,end_to_end,K1,True,1,246,6.778120005037636
cuda,MAFAULDA,end_to_end,K1,True,1,247,6.7453240044415
cuda,MAFAULDA,end_to_end,K1,True,1,248,6.735620030667633
cuda,MAFAULDA,end_to_end,K1,True,1,249,6.706621032208204
cuda,MAFAULDA,end_to_end,Full-S1,True,1,0,10.56503300787881
cuda,MAFAULDA,end_to_end,Full-S1,True,1,1,10.588769975584
cuda,MAFAULDA,end_to_end,Full-S1,True,1,2,10.58289798675105
cuda,MAFAULDA,end_to_end,Full-S1,True,1,3,10.539894981775433
cuda,MAFAULDA,end_to_end,Full-S1,True,1,4,10.58769499650225
cuda,MAFAULDA,end_to_end,Full-S1,True,1,5,10.561732982750982
cuda,MAFAULDA,end_to_end,Full-S1,True,1,6,10.530072031542659
cuda,MAFAULDA,end_to_end,Full-S1,True,1,7,10.59254101710394
cuda,MAFAULDA,end_to_end,Full-S1,True,1,8,10.558253969065845
cuda,MAFAULDA,end_to_end,Full-S1,True,1,9,10.599092987831682
cuda,MAFAULDA,end_to_end,Full-S1,True,1,10,10.561111033894122
cuda,MAFAULDA,end_to_end,Full-S1,True,1,11,10.566347977146506
cuda,MAFAULDA,end_to_end,Full-S1,True,1,12,10.54578396724537
cuda,MAFAULDA,end_to_end,Full-S1,True,1,13,10.550699022132903
cuda,MAFAULDA,end_to_end,Full-S1,True,1,14,10.543536045588553
cuda,MAFAULDA,end_to_end,Full-S1,True,1,15,10.573200997896492
cuda,MAFAULDA,end_to_end,Full-S1,True,1,16,10.5637859669514
cuda,MAFAULDA,end_to_end,Full-S1,True,1,17,10.580211004707962
cuda,MAFAULDA,end_to_end,Full-S1,True,1,18,10.567307006567717
cuda,MAFAULDA,end_to_end,Full-S1,True,1,19,10.548318037763238
cuda,MAFAULDA,end_to_end,Full-S1,True,1,20,10.533107968512923
cuda,MAFAULDA,end_to_end,Full-S1,True,1,21,10.556005989201367
cuda,MAFAULDA,end_to_end,Full-S1,True,1,22,10.587747965473682
cuda,MAFAULDA,end_to_end,Full-S1,True,1,23,10.545344033744186
cuda,MAFAULDA,end_to_end,Full-S1,True,1,24,10.554788983426988
cuda,MAFAULDA,end_to_end,Full-S1,True,1,25,10.571061982773244
cuda,MAFAULDA,end_to_end,Full-S1,True,1,26,10.563966992776841
cuda,MAFAULDA,end_to_end,Full-S1,True,1,27,10.574283020105213
cuda,MAFAULDA,end_to_end,Full-S1,True,1,28,10.521502001211047
cuda,MAFAULDA,end_to_end,Full-S1,True,1,29,10.561967035755515
cuda,MAFAULDA,end_to_end,Full-S1,True,1,30,10.544044023845345
cuda,MAFAULDA,end_to_end,Full-S1,True,1,31,10.523642995394766
cuda,MAFAULDA,end_to_end,Full-S1,True,1,32,10.58892603032291
cuda,MAFAULDA,end_to_end,Full-S1,True,1,33,10.54441201267764
cuda,MAFAULDA,end_to_end,Full-S1,True,1,34,10.559628019109368
cuda,MAFAULDA,end_to_end,Full-S1,True,1,35,10.489933018106967
cuda,MAFAULDA,end_to_end,Full-S1,True,1,36,10.554453998338431
cuda,MAFAULDA,end_to_end,Full-S1,True,1,37,10.832972009666264
cuda,MAFAULDA,end_to_end,Full-S1,True,1,38,10.72576199658215
cuda,MAFAULDA,end_to_end,Full-S1,True,1,39,10.577463021036237
cuda,MAFAULDA,end_to_end,Full-S1,True,1,40,10.613776976242661
cuda,MAFAULDA,end_to_end,Full-S1,True,1,41,10.590518009848893
cuda,MAFAULDA,end_to_end,Full-S1,True,1,42,10.566203040070832
cuda,MAFAULDA,end_to_end,Full-S1,True,1,43,10.592861042823642
cuda,MAFAULDA,end_to_end,Full-S1,True,1,44,10.6068350141868
cuda,MAFAULDA,end_to_end,Full-S1,True,1,45,10.595903964713216
cuda,MAFAULDA,end_to_end,Full-S1,True,1,46,10.56301302742213
cuda,MAFAULDA,end_to_end,Full-S1,True,1,47,10.570828046184033
cuda,MAFAULDA,end_to_end,Full-S1,True,1,48,10.589546000119299
cuda,MAFAULDA,end_to_end,Full-S1,True,1,49,10.552859981544316
cuda,MAFAULDA,end_to_end,Full-S1,True,1,50,10.574118001386523
cuda,MAFAULDA,end_to_end,Full-S1,True,1,51,10.58307196944952
cuda,MAFAULDA,end_to_end,Full-S1,True,1,52,10.54687099531293
cuda,MAFAULDA,end_to_end,Full-S1,True,1,53,10.565549018792808
cuda,MAFAULDA,end_to_end,Full-S1,True,1,54,10.59238804737106
cuda,MAFAULDA,end_to_end,Full-S1,True,1,55,10.53937297547236
cuda,MAFAULDA,end_to_end,Full-S1,True,1,56,10.519204020965844
cuda,MAFAULDA,end_to_end,Full-S1,True,1,57,10.594277002383024
cuda,MAFAULDA,end_to_end,Full-S1,True,1,58,10.58985199779272
cuda,MAFAULDA,end_to_end,Full-S1,True,1,59,10.616015992127359
cuda,MAFAULDA,end_to_end,Full-S1,True,1,60,10.529608989600092
cuda,MAFAULDA,end_to_end,Full-S1,True,1,61,10.646715003531426
cuda,MAFAULDA,end_to_end,Full-S1,True,1,62,10.563546034973115
cuda,MAFAULDA,end_to_end,Full-S1,True,1,63,10.58592600747943
cuda,MAFAULDA,end_to_end,Full-S1,True,1,64,10.575270978733897
cuda,MAFAULDA,end_to_end,Full-S1,True,1,65,10.559373011346906
cuda,MAFAULDA,end_to_end,Full-S1,True,1,66,10.599264991469681
cuda,MAFAULDA,end_to_end,Full-S1,True,1,67,10.545269004069269
cuda,MAFAULDA,end_to_end,Full-S1,True,1,68,10.564027994405478
cuda,MAFAULDA,end_to_end,Full-S1,True,1,69,10.534259025007486
cuda,MAFAULDA,end_to_end,Full-S1,True,1,70,10.602088004816324
cuda,MAFAULDA,end_to_end,Full-S1,True,1,71,10.566679993644357
cuda,MAFAULDA,end_to_end,Full-S1,True,1,72,10.610043013002723
cuda,MAFAULDA,end_to_end,Full-S1,True,1,73,10.553711967077106
cuda,MAFAULDA,end_to_end,Full-S1,True,1,74,10.566127020865679
cuda,MAFAULDA,end_to_end,Full-S1,True,1,75,10.552694031503052
cuda,MAFAULDA,end_to_end,Full-S1,True,1,76,10.567562014330178
cuda,MAFAULDA,end_to_end,Full-S1,True,1,77,10.58921602088958
cuda,MAFAULDA,end_to_end,Full-S1,True,1,78,10.583464987576008
cuda,MAFAULDA,end_to_end,Full-S1,True,1,79,10.556708963122219
cuda,MAFAULDA,end_to_end,Full-S1,True,1,80,10.56172203971073
cuda,MAFAULDA,end_to_end,Full-S1,True,1,81,10.514671041164547
cuda,MAFAULDA,end_to_end,Full-S1,True,1,82,10.56795398471877
cuda,MAFAULDA,end_to_end,Full-S1,True,1,83,10.584148985799402
cuda,MAFAULDA,end_to_end,Full-S1,True,1,84,10.563679970800877
cuda,MAFAULDA,end_to_end,Full-S1,True,1,85,10.58406598167494
cuda,MAFAULDA,end_to_end,Full-S1,True,1,86,10.550510021857917
cuda,MAFAULDA,end_to_end,Full-S1,True,1,87,10.544521966949105
cuda,MAFAULDA,end_to_end,Full-S1,True,1,88,10.568945959676057
cuda,MAFAULDA,end_to_end,Full-S1,True,1,89,10.52799099124968
cuda,MAFAULDA,end_to_end,Full-S1,True,1,90,10.494080022908747
cuda,MAFAULDA,end_to_end,Full-S1,True,1,91,10.741061007138342
cuda,MAFAULDA,end_to_end,Full-S1,True,1,92,10.752047994174063
cuda,MAFAULDA,end_to_end,Full-S1,True,1,93,10.602281021419913
cuda,MAFAULDA,end_to_end,Full-S1,True,1,94,10.570535028818995
cuda,MAFAULDA,end_to_end,Full-S1,True,1,95,10.547592013608664
cuda,MAFAULDA,end_to_end,Full-S1,True,1,96,10.545415978413075
cuda,MAFAULDA,end_to_end,Full-S1,True,1,97,10.607792995870113
cuda,MAFAULDA,end_to_end,Full-S1,True,1,98,10.55315596750006
cuda,MAFAULDA,end_to_end,Full-S1,True,1,99,10.586901975329965
cuda,MAFAULDA,end_to_end,Full-S1,True,1,100,10.56865998543799
cuda,MAFAULDA,end_to_end,Full-S1,True,1,101,10.539368027821183
cuda,MAFAULDA,end_to_end,Full-S1,True,1,102,10.56258799508214
cuda,MAFAULDA,end_to_end,Full-S1,True,1,103,10.557346977293491
cuda,MAFAULDA,end_to_end,Full-S1,True,1,104,10.559347982052714
cuda,MAFAULDA,end_to_end,Full-S1,True,1,105,10.559401998762041
cuda,MAFAULDA,end_to_end,Full-S1,True,1,106,10.557411005720496
cuda,MAFAULDA,end_to_end,Full-S1,True,1,107,10.562866984400898
cuda,MAFAULDA,end_to_end,Full-S1,True,1,108,10.595749015919864
cuda,MAFAULDA,end_to_end,Full-S1,True,1,109,10.538084025029093
cuda,MAFAULDA,end_to_end,Full-S1,True,1,110,10.601838992442936
cuda,MAFAULDA,end_to_end,Full-S1,True,1,111,10.56437601801008
cuda,MAFAULDA,end_to_end,Full-S1,True,1,112,10.56959800189361
cuda,MAFAULDA,end_to_end,Full-S1,True,1,113,10.583335009869188
cuda,MAFAULDA,end_to_end,Full-S1,True,1,114,10.548927006311715
cuda,MAFAULDA,end_to_end,Full-S1,True,1,115,10.558179987128824
cuda,MAFAULDA,end_to_end,Full-S1,True,1,116,10.49382600467652
cuda,MAFAULDA,end_to_end,Full-S1,True,1,117,10.580772010143846
cuda,MAFAULDA,end_to_end,Full-S1,True,1,118,10.556410998106003
cuda,MAFAULDA,end_to_end,Full-S1,True,1,119,10.541150986682624
cuda,MAFAULDA,end_to_end,Full-S1,True,1,120,10.636049031745642
cuda,MAFAULDA,end_to_end,Full-S1,True,1,121,10.551543033216149
cuda,MAFAULDA,end_to_end,Full-S1,True,1,122,10.557261004578322
cuda,MAFAULDA,end_to_end,Full-S1,True,1,123,10.5323979514651
cuda,MAFAULDA,end_to_end,Full-S1,True,1,124,10.52823499776423
cuda,MAFAULDA,end_to_end,Full-S1,True,1,125,10.539272974710912
cuda,MAFAULDA,end_to_end,Full-S1,True,1,126,10.578213958069682
cuda,MAFAULDA,end_to_end,Full-S1,True,1,127,10.583666968159378
cuda,MAFAULDA,end_to_end,Full-S1,True,1,128,10.570660990197212
cuda,MAFAULDA,end_to_end,Full-S1,True,1,129,10.535262001212686
cuda,MAFAULDA,end_to_end,Full-S1,True,1,130,10.591074998956174
cuda,MAFAULDA,end_to_end,Full-S1,True,1,131,10.607568023260683
cuda,MAFAULDA,end_to_end,Full-S1,True,1,132,10.809166997205466
cuda,MAFAULDA,end_to_end,Full-S1,True,1,133,10.637762024998665
cuda,MAFAULDA,end_to_end,Full-S1,True,1,134,10.534143017139286
cuda,MAFAULDA,end_to_end,Full-S1,True,1,135,10.54834300884977
cuda,MAFAULDA,end_to_end,Full-S1,True,1,136,10.584421979729086
cuda,MAFAULDA,end_to_end,Full-S1,True,1,137,10.523760982323438
cuda,MAFAULDA,end_to_end,Full-S1,True,1,138,10.603176022414118
cuda,MAFAULDA,end_to_end,Full-S1,True,1,139,10.544371965806931
cuda,MAFAULDA,end_to_end,Full-S1,True,1,140,10.536068002693355
cuda,MAFAULDA,end_to_end,Full-S1,True,1,141,10.59654203709215
cuda,MAFAULDA,end_to_end,Full-S1,True,1,142,10.521602001972497
cuda,MAFAULDA,end_to_end,Full-S1,True,1,143,10.571065009571612
cuda,MAFAULDA,end_to_end,Full-S1,True,1,144,10.572683997452259
cuda,MAFAULDA,end_to_end,Full-S1,True,1,145,10.545566969085485
cuda,MAFAULDA,end_to_end,Full-S1,True,1,146,10.523192991968244
cuda,MAFAULDA,end_to_end,Full-S1,True,1,147,10.554583044722676
cuda,MAFAULDA,end_to_end,Full-S1,True,1,148,10.593351034913212
cuda,MAFAULDA,end_to_end,Full-S1,True,1,149,10.529280989430845
cuda,MAFAULDA,end_to_end,Full-S1,True,1,150,10.54970599943772
cuda,MAFAULDA,end_to_end,Full-S1,True,1,151,10.515972971916199
cuda,MAFAULDA,end_to_end,Full-S1,True,1,152,10.630172037053853
cuda,MAFAULDA,end_to_end,Full-S1,True,1,153,10.576967033557594
cuda,MAFAULDA,end_to_end,Full-S1,True,1,154,10.532054991926998
cuda,MAFAULDA,end_to_end,Full-S1,True,1,155,10.532646032515913
cuda,MAFAULDA,end_to_end,Full-S1,True,1,156,10.611934994813055
cuda,MAFAULDA,end_to_end,Full-S1,True,1,157,10.54523600032553
cuda,MAFAULDA,end_to_end,Full-S1,True,1,158,10.573382023721933
cuda,MAFAULDA,end_to_end,Full-S1,True,1,159,10.570058017037809
cuda,MAFAULDA,end_to_end,Full-S1,True,1,160,10.525695979595184
cuda,MAFAULDA,end_to_end,Full-S1,True,1,161,10.588049015495926
cuda,MAFAULDA,end_to_end,Full-S1,True,1,162,10.653308010660112
cuda,MAFAULDA,end_to_end,Full-S1,True,1,163,10.564878000877798
cuda,MAFAULDA,end_to_end,Full-S1,True,1,164,10.558395006228238
cuda,MAFAULDA,end_to_end,Full-S1,True,1,165,10.516360984183848
cuda,MAFAULDA,end_to_end,Full-S1,True,1,166,10.560851020272821
cuda,MAFAULDA,end_to_end,Full-S1,True,1,167,10.557456989772618
cuda,MAFAULDA,end_to_end,Full-S1,True,1,168,10.57836296968162
cuda,MAFAULDA,end_to_end,Full-S1,True,1,169,10.563282005023211
cuda,MAFAULDA,end_to_end,Full-S1,True,1,170,10.551796993240714
cuda,MAFAULDA,end_to_end,Full-S1,True,1,171,10.61768498038873
cuda,MAFAULDA,end_to_end,Full-S1,True,1,172,10.570761049166322
cuda,MAFAULDA,end_to_end,Full-S1,True,1,173,10.631387995090336
cuda,MAFAULDA,end_to_end,Full-S1,True,1,174,10.683653992600739
cuda,MAFAULDA,end_to_end,Full-S1,True,1,175,10.598091001156718
cuda,MAFAULDA,end_to_end,Full-S1,True,1,176,10.599925008136779
cuda,MAFAULDA,end_to_end,Full-S1,True,1,177,10.62881899997592
cuda,MAFAULDA,end_to_end,Full-S1,True,1,178,10.547154990490526
cuda,MAFAULDA,end_to_end,Full-S1,True,1,179,10.539583978243172
cuda,MAFAULDA,end_to_end,Full-S1,True,1,180,10.55104105034843
cuda,MAFAULDA,end_to_end,Full-S1,True,1,181,10.54558000760153
cuda,MAFAULDA,end_to_end,Full-S1,True,1,182,10.565361997578293
cuda,MAFAULDA,end_to_end,Full-S1,True,1,183,10.555298998951912
cuda,MAFAULDA,end_to_end,Full-S1,True,1,184,10.574318992439657
cuda,MAFAULDA,end_to_end,Full-S1,True,1,185,10.603948030620813
cuda,MAFAULDA,end_to_end,Full-S1,True,1,186,10.725147963967174
cuda,MAFAULDA,end_to_end,Full-S1,True,1,187,10.634717997163534
cuda,MAFAULDA,end_to_end,Full-S1,True,1,188,10.597138956654817
cuda,MAFAULDA,end_to_end,Full-S1,True,1,189,10.583803988993168
cuda,MAFAULDA,end_to_end,Full-S1,True,1,190,10.565404023509473
cuda,MAFAULDA,end_to_end,Full-S1,True,1,191,10.606581985484809
cuda,MAFAULDA,end_to_end,Full-S1,True,1,192,10.5511550209485
cuda,MAFAULDA,end_to_end,Full-S1,True,1,193,10.59732201974839
cuda,MAFAULDA,end_to_end,Full-S1,True,1,194,10.5431949486956
cuda,MAFAULDA,end_to_end,Full-S1,True,1,195,10.536948044318706
cuda,MAFAULDA,end_to_end,Full-S1,True,1,196,10.591915983241051
cuda,MAFAULDA,end_to_end,Full-S1,True,1,197,10.562964016571641
cuda,MAFAULDA,end_to_end,Full-S1,True,1,198,10.539203009102494
cuda,MAFAULDA,end_to_end,Full-S1,True,1,199,10.563088988419622
cuda,MAFAULDA,end_to_end,Full-S1,True,1,200,10.593813960440457
cuda,MAFAULDA,end_to_end,Full-S1,True,1,201,10.55839197942987
cuda,MAFAULDA,end_to_end,Full-S1,True,1,202,10.602722992189229
cuda,MAFAULDA,end_to_end,Full-S1,True,1,203,10.548345977440476
cuda,MAFAULDA,end_to_end,Full-S1,True,1,204,10.63683198299259
cuda,MAFAULDA,end_to_end,Full-S1,True,1,205,10.582941002212465
cuda,MAFAULDA,end_to_end,Full-S1,True,1,206,10.620643035508692
cuda,MAFAULDA,end_to_end,Full-S1,True,1,207,10.544852004386485
cuda,MAFAULDA,end_to_end,Full-S1,True,1,208,10.545864992309362
cuda,MAFAULDA,end_to_end,Full-S1,True,1,209,10.562735027633607
cuda,MAFAULDA,end_to_end,Full-S1,True,1,210,10.545510973315686
cuda,MAFAULDA,end_to_end,Full-S1,True,1,211,10.58235700475052
cuda,MAFAULDA,end_to_end,Full-S1,True,1,212,10.515322035644203
cuda,MAFAULDA,end_to_end,Full-S1,True,1,213,10.51059499150142
cuda,MAFAULDA,end_to_end,Full-S1,True,1,214,10.588671022560447
cuda,MAFAULDA,end_to_end,Full-S1,True,1,215,10.577796958386898
cuda,MAFAULDA,end_to_end,Full-S1,True,1,216,10.558762005530298
cuda,MAFAULDA,end_to_end,Full-S1,True,1,217,10.557061003055423
cuda,MAFAULDA,end_to_end,Full-S1,True,1,218,10.605007002595812
cuda,MAFAULDA,end_to_end,Full-S1,True,1,219,10.552963009104133
cuda,MAFAULDA,end_to_end,Full-S1,True,1,220,10.567347984761
cuda,MAFAULDA,end_to_end,Full-S1,True,1,221,10.542285977862775
cuda,MAFAULDA,end_to_end,Full-S1,True,1,222,10.600284964311868
cuda,MAFAULDA,end_to_end,Full-S1,True,1,223,10.547409998252988
cuda,MAFAULDA,end_to_end,Full-S1,True,1,224,10.533928987570107
cuda,MAFAULDA,end_to_end,Full-S1,True,1,225,10.60296397190541
cuda,MAFAULDA,end_to_end,Full-S1,True,1,226,10.794481029734015
cuda,MAFAULDA,end_to_end,Full-S1,True,1,227,10.65173203824088
cuda,MAFAULDA,end_to_end,Full-S1,True,1,228,10.524192010052502
cuda,MAFAULDA,end_to_end,Full-S1,True,1,229,10.602755006402731
cuda,MAFAULDA,end_to_end,Full-S1,True,1,230,10.529541003052145
cuda,MAFAULDA,end_to_end,Full-S1,True,1,231,10.536686982959509
cuda,MAFAULDA,end_to_end,Full-S1,True,1,232,10.541067982558161
cuda,MAFAULDA,end_to_end,Full-S1,True,1,233,10.565267992205918
cuda,MAFAULDA,end_to_end,Full-S1,True,1,234,10.544780001509935
cuda,MAFAULDA,end_to_end,Full-S1,True,1,235,10.545253986492753
cuda,MAFAULDA,end_to_end,Full-S1,True,1,236,10.526920028496534
cuda,MAFAULDA,end_to_end,Full-S1,True,1,237,10.577476990874857
cuda,MAFAULDA,end_to_end,Full-S1,True,1,238,10.5623840354383
cuda,MAFAULDA,end_to_end,Full-S1,True,1,239,10.573706007562578
cuda,MAFAULDA,end_to_end,Full-S1,True,1,240,10.540649003814906
cuda,MAFAULDA,end_to_end,Full-S1,True,1,241,10.580173984635621
cuda,MAFAULDA,end_to_end,Full-S1,True,1,242,10.525794990826398
cuda,MAFAULDA,end_to_end,Full-S1,True,1,243,10.55958797223866
cuda,MAFAULDA,end_to_end,Full-S1,True,1,244,10.523959994316101
cuda,MAFAULDA,end_to_end,Full-S1,True,1,245,10.550100996624678
cuda,MAFAULDA,end_to_end,Full-S1,True,1,246,10.564594995230436
cuda,MAFAULDA,end_to_end,Full-S1,True,1,247,10.526413971092552
cuda,MAFAULDA,end_to_end,Full-S1,True,1,248,10.605658986605704
cuda,MAFAULDA,end_to_end,Full-S1,True,1,249,10.544638964347541
cuda,MAFAULDA,end_to_end,Full-S1,True,2,0,10.564021999016404
cuda,MAFAULDA,end_to_end,Full-S1,True,2,1,10.544432967435569
cuda,MAFAULDA,end_to_end,Full-S1,True,2,2,10.582824994344264
cuda,MAFAULDA,end_to_end,Full-S1,True,2,3,10.543668002355844
cuda,MAFAULDA,end_to_end,Full-S1,True,2,4,10.529459977988154
cuda,MAFAULDA,end_to_end,Full-S1,True,2,5,10.560673952568322
cuda,MAFAULDA,end_to_end,Full-S1,True,2,6,10.564272000920027
cuda,MAFAULDA,end_to_end,Full-S1,True,2,7,10.575758991762996
cuda,MAFAULDA,end_to_end,Full-S1,True,2,8,10.566991986706853
cuda,MAFAULDA,end_to_end,Full-S1,True,2,9,10.544008982833475
cuda,MAFAULDA,end_to_end,Full-S1,True,2,10,10.566457000095397
cuda,MAFAULDA,end_to_end,Full-S1,True,2,11,10.58139803353697
cuda,MAFAULDA,end_to_end,Full-S1,True,2,12,10.548815014772117
cuda,MAFAULDA,end_to_end,Full-S1,True,2,13,10.58848004322499
cuda,MAFAULDA,end_to_end,Full-S1,True,2,14,10.558467009104788
cuda,MAFAULDA,end_to_end,Full-S1,True,2,15,10.55872900178656
cuda,MAFAULDA,end_to_end,Full-S1,True,2,16,10.601883986964822
cuda,MAFAULDA,end_to_end,Full-S1,True,2,17,10.54786698659882
cuda,MAFAULDA,end_to_end,Full-S1,True,2,18,10.541950992774218
cuda,MAFAULDA,end_to_end,Full-S1,True,2,19,10.65406302222982
cuda,MAFAULDA,end_to_end,Full-S1,True,2,20,10.632676014211029
cuda,MAFAULDA,end_to_end,Full-S1,True,2,21,10.570531012490392
cuda,MAFAULDA,end_to_end,Full-S1,True,2,22,10.567630990408361
cuda,MAFAULDA,end_to_end,Full-S1,True,2,23,10.57055697310716
cuda,MAFAULDA,end_to_end,Full-S1,True,2,24,10.540422983467579
cuda,MAFAULDA,end_to_end,Full-S1,True,2,25,10.528418002650142
cuda,MAFAULDA,end_to_end,Full-S1,True,2,26,10.535869980230927
cuda,MAFAULDA,end_to_end,Full-S1,True,2,27,10.55792800616473
cuda,MAFAULDA,end_to_end,Full-S1,True,2,28,10.560378024820238
cuda,MAFAULDA,end_to_end,Full-S1,True,2,29,10.59176999842748
cuda,MAFAULDA,end_to_end,Full-S1,True,2,30,10.63579396577552
cuda,MAFAULDA,end_to_end,Full-S1,True,2,31,10.765331971924752
cuda,MAFAULDA,end_to_end,Full-S1,True,2,32,10.634681966621429
cuda,MAFAULDA,end_to_end,Full-S1,True,2,33,10.583490948192775
cuda,MAFAULDA,end_to_end,Full-S1,True,2,34,10.648302035406232
cuda,MAFAULDA,end_to_end,Full-S1,True,2,35,10.54118201136589
cuda,MAFAULDA,end_to_end,Full-S1,True,2,36,10.553307016380131
cuda,MAFAULDA,end_to_end,Full-S1,True,2,37,10.600449983030558
cuda,MAFAULDA,end_to_end,Full-S1,True,2,38,10.594940977171063
cuda,MAFAULDA,end_to_end,Full-S1,True,2,39,10.563293006271124
cuda,MAFAULDA,end_to_end,Full-S1,True,2,40,10.56928199250251
cuda,MAFAULDA,end_to_end,Full-S1,True,2,41,10.595333005767316
cuda,MAFAULDA,end_to_end,Full-S1,True,2,42,10.538096015807241
cuda,MAFAULDA,end_to_end,Full-S1,True,2,43,10.566054028458893
cuda,MAFAULDA,end_to_end,Full-S1,True,2,44,10.548916994594038
cuda,MAFAULDA,end_to_end,Full-S1,True,2,45,10.5405249632895
cuda,MAFAULDA,end_to_end,Full-S1,True,2,46,10.553217027336359
cuda,MAFAULDA,end_to_end,Full-S1,True,2,47,10.57821698486805
cuda,MAFAULDA,end_to_end,Full-S1,True,2,48,10.58533595642075
cuda,MAFAULDA,end_to_end,Full-S1,True,2,49,10.553703992627561
cuda,MAFAULDA,end_to_end,Full-S1,True,2,50,10.591400961857289
cuda,MAFAULDA,end_to_end,Full-S1,True,2,51,10.542279982473701
cuda,MAFAULDA,end_to_end,Full-S1,True,2,52,10.597666958346963
cuda,MAFAULDA,end_to_end,Full-S1,True,2,53,10.581646987702698
cuda,MAFAULDA,end_to_end,Full-S1,True,2,54,10.54140500491485
cuda,MAFAULDA,end_to_end,Full-S1,True,2,55,10.557449015323073
cuda,MAFAULDA,end_to_end,Full-S1,True,2,56,10.540416988078505
cuda,MAFAULDA,end_to_end,Full-S1,True,2,57,10.570884973276407
cuda,MAFAULDA,end_to_end,Full-S1,True,2,58,10.553474014159292
cuda,MAFAULDA,end_to_end,Full-S1,True,2,59,10.488032014109194
cuda,MAFAULDA,end_to_end,Full-S1,True,2,60,10.554105043411255
cuda,MAFAULDA,end_to_end,Full-S1,True,2,61,10.60941000469029
cuda,MAFAULDA,end_to_end,Full-S1,True,2,62,10.599066969007254
cuda,MAFAULDA,end_to_end,Full-S1,True,2,63,10.560592985711992
cuda,MAFAULDA,end_to_end,Full-S1,True,2,64,10.57720696553588
cuda,MAFAULDA,end_to_end,Full-S1,True,2,65,10.546681995037943
cuda,MAFAULDA,end_to_end,Full-S1,True,2,66,10.571535967756063
cuda,MAFAULDA,end_to_end,Full-S1,True,2,67,10.597382031846792
cuda,MAFAULDA,end_to_end,Full-S1,True,2,68,10.541744995862246
cuda,MAFAULDA,end_to_end,Full-S1,True,2,69,10.591375001240522
cuda,MAFAULDA,end_to_end,Full-S1,True,2,70,10.632432997226715
cuda,MAFAULDA,end_to_end,Full-S1,True,2,71,10.868033044971526
cuda,MAFAULDA,end_to_end,Full-S1,True,2,72,10.657037026248872
cuda,MAFAULDA,end_to_end,Full-S1,True,2,73,10.532892018090934
cuda,MAFAULDA,end_to_end,Full-S1,True,2,74,10.634470963850617
cuda,MAFAULDA,end_to_end,Full-S1,True,2,75,10.525849997065961
cuda,MAFAULDA,end_to_end,Full-S1,True,2,76,10.524950979743153
cuda,MAFAULDA,end_to_end,Full-S1,True,2,77,10.591658006887883
cuda,MAFAULDA,end_to_end,Full-S1,True,2,78,10.580181959085166
cuda,MAFAULDA,end_to_end,Full-S1,True,2,79,10.532026994042099
cuda,MAFAULDA,end_to_end,Full-S1,True,2,80,10.560413007624447
cuda,MAFAULDA,end_to_end,Full-S1,True,2,81,10.56867401348427
cuda,MAFAULDA,end_to_end,Full-S1,True,2,82,10.544125980231911
cuda,MAFAULDA,end_to_end,Full-S1,True,2,83,10.620184009894729
cuda,MAFAULDA,end_to_end,Full-S1,True,2,84,10.581385053228587
cuda,MAFAULDA,end_to_end,Full-S1,True,2,85,10.523653996642679
cuda,MAFAULDA,end_to_end,Full-S1,True,2,86,10.607892007101327
cuda,MAFAULDA,end_to_end,Full-S1,True,2,87,10.560602007899433
cuda,MAFAULDA,end_to_end,Full-S1,True,2,88,10.566444019787014
cuda,MAFAULDA,end_to_end,Full-S1,True,2,89,10.598276974633336
cuda,MAFAULDA,end_to_end,Full-S1,True,2,90,10.537273017689586
cuda,MAFAULDA,end_to_end,Full-S1,True,2,91,10.578607965726405
cuda,MAFAULDA,end_to_end,Full-S1,True,2,92,10.573253966867924
cuda,MAFAULDA,end_to_end,Full-S1,True,2,93,10.53528196644038
cuda,MAFAULDA,end_to_end,Full-S1,True,2,94,10.584414005279541
cuda,MAFAULDA,end_to_end,Full-S1,True,2,95,10.580595990177244
cuda,MAFAULDA,end_to_end,Full-S1,True,2,96,10.527885984629393
cuda,MAFAULDA,end_to_end,Full-S1,True,2,97,10.562109993770719
cuda,MAFAULDA,end_to_end,Full-S1,True,2,98,10.555519023910165
cuda,MAFAULDA,end_to_end,Full-S1,True,2,99,10.556655994150788
cuda,MAFAULDA,end_to_end,Full-S1,True,2,100,10.555087006650865
cuda,MAFAULDA,end_to_end,Full-S1,True,2,101,10.555929969996214
cuda,MAFAULDA,end_to_end,Full-S1,True,2,102,11.694497952703387
cuda,MAFAULDA,end_to_end,Full-S1,True,2,103,10.583181981928647
cuda,MAFAULDA,end_to_end,Full-S1,True,2,104,10.515162022784352
cuda,MAFAULDA,end_to_end,Full-S1,True,2,105,10.554509004577994
cuda,MAFAULDA,end_to_end,Full-S1,True,2,106,10.552217019721866
cuda,MAFAULDA,end_to_end,Full-S1,True,2,107,10.597758984658867
cuda,MAFAULDA,end_to_end,Full-S1,True,2,108,10.532863961998373
cuda,MAFAULDA,end_to_end,Full-S1,True,2,109,10.541226947680116
cuda,MAFAULDA,end_to_end,Full-S1,True,2,110,10.551774001214653
cuda,MAFAULDA,end_to_end,Full-S1,True,2,111,10.56452200282365
cuda,MAFAULDA,end_to_end,Full-S1,True,2,112,10.541176015976816
cuda,MAFAULDA,end_to_end,Full-S1,True,2,113,10.589762998279184
cuda,MAFAULDA,end_to_end,Full-S1,True,2,114,10.575975000392646
cuda,MAFAULDA,end_to_end,Full-S1,True,2,115,10.534895991440862
cuda,MAFAULDA,end_to_end,Full-S1,True,2,116,10.579164954833686
cuda,MAFAULDA,end_to_end,Full-S1,True,2,117,10.55458898190409
cuda,MAFAULDA,end_to_end,Full-S1,True,2,118,10.559915041085333
cuda,MAFAULDA,end_to_end,Full-S1,True,2,119,10.659424995537847
cuda,MAFAULDA,end_to_end,Full-S1,True,2,120,10.520668001845479
cuda,MAFAULDA,end_to_end,Full-S1,True,2,121,10.501327982638031
cuda,MAFAULDA,end_to_end,Full-S1,True,2,122,10.527712991461158
cuda,MAFAULDA,end_to_end,Full-S1,True,2,123,10.538536997046322
cuda,MAFAULDA,end_to_end,Full-S1,True,2,124,10.563217045273632
cuda,MAFAULDA,end_to_end,Full-S1,True,2,125,10.770152031909674
cuda,MAFAULDA,end_to_end,Full-S1,True,2,126,10.665859037544578
cuda,MAFAULDA,end_to_end,Full-S1,True,2,127,10.589076031465083
cuda,MAFAULDA,end_to_end,Full-S1,True,2,128,10.583775001578033
cuda,MAFAULDA,end_to_end,Full-S1,True,2,129,10.523644974455237
cuda,MAFAULDA,end_to_end,Full-S1,True,2,130,10.552245017606765
cuda,MAFAULDA,end_to_end,Full-S1,True,2,131,10.51112898858264
cuda,MAFAULDA,end_to_end,Full-S1,True,2,132,10.520002979319543
cuda,MAFAULDA,end_to_end,Full-S1,True,2,133,10.606436990201473
cuda,MAFAULDA,end_to_end,Full-S1,True,2,134,10.541574039962143
cuda,MAFAULDA,end_to_end,Full-S1,True,2,135,10.551947983913124
cuda,MAFAULDA,end_to_end,Full-S1,True,2,136,10.529069986660033
cuda,MAFAULDA,end_to_end,Full-S1,True,2,137,10.511950007639825
cuda,MAFAULDA,end_to_end,Full-S1,True,2,138,10.557021014392376
cuda,MAFAULDA,end_to_end,Full-S1,True,2,139,10.534462984651327
cuda,MAFAULDA,end_to_end,Full-S1,True,2,140,10.548647958785295
cuda,MAFAULDA,end_to_end,Full-S1,True,2,141,10.545074008405209
cuda,MAFAULDA,end_to_end,Full-S1,True,2,142,10.611352976411581
cuda,MAFAULDA,end_to_end,Full-S1,True,2,143,10.549031954724342
cuda,MAFAULDA,end_to_end,Full-S1,True,2,144,10.572450002655387
cuda,MAFAULDA,end_to_end,Full-S1,True,2,145,10.526594996917993
cuda,MAFAULDA,end_to_end,Full-S1,True,2,146,10.582302988041192
cuda,MAFAULDA,end_to_end,Full-S1,True,2,147,10.545470053330064
cuda,MAFAULDA,end_to_end,Full-S1,True,2,148,10.592618957161903
cuda,MAFAULDA,end_to_end,Full-S1,True,2,149,10.525523975957185
cuda,MAFAULDA,end_to_end,Full-S1,True,2,150,10.582973016425967
cuda,MAFAULDA,end_to_end,Full-S1,True,2,151,10.576887987554073
cuda,MAFAULDA,end_to_end,Full-S1,True,2,152,10.568480007350445
cuda,MAFAULDA,end_to_end,Full-S1,True,2,153,10.562012030277401
cuda,MAFAULDA,end_to_end,Full-S1,True,2,154,10.56472898926586
cuda,MAFAULDA,end_to_end,Full-S1,True,2,155,10.525534045882523
cuda,MAFAULDA,end_to_end,Full-S1,True,2,156,10.593005048576742
cuda,MAFAULDA,end_to_end,Full-S1,True,2,157,10.60381904244423
cuda,MAFAULDA,end_to_end,Full-S1,True,2,158,10.54089399985969
cuda,MAFAULDA,end_to_end,Full-S1,True,2,159,10.578533983789384
cuda,MAFAULDA,end_to_end,Full-S1,True,2,160,10.52797498414293
cuda,MAFAULDA,end_to_end,Full-S1,True,2,161,10.539371985942125
cuda,MAFAULDA,end_to_end,Full-S1,True,2,162,10.588299948722124
cuda,MAFAULDA,end_to_end,Full-S1,True,2,163,10.558539011981338
cuda,MAFAULDA,end_to_end,Full-S1,True,2,164,10.577357956208289
cuda,MAFAULDA,end_to_end,Full-S1,True,2,165,10.84277400514111
cuda,MAFAULDA,end_to_end,Full-S1,True,2,166,10.642004024703056
cuda,MAFAULDA,end_to_end,Full-S1,True,2,167,10.565976961515844
cuda,MAFAULDA,end_to_end,Full-S1,True,2,168,10.604967013932765
cuda,MAFAULDA,end_to_end,Full-S1,True,2,169,10.56632399559021
cuda,MAFAULDA,end_to_end,Full-S1,True,2,170,10.541675030253828
cuda,MAFAULDA,end_to_end,Full-S1,True,2,171,10.569069010671228
cuda,MAFAULDA,end_to_end,Full-S1,True,2,172,10.581866023130715
cuda,MAFAULDA,end_to_end,Full-S1,True,2,173,10.583106020931154
cuda,MAFAULDA,end_to_end,Full-S1,True,2,174,10.550658975262195
cuda,MAFAULDA,end_to_end,Full-S1,True,2,175,10.52249304484576
cuda,MAFAULDA,end_to_end,Full-S1,True,2,176,10.579009947832674
cuda,MAFAULDA,end_to_end,Full-S1,True,2,177,10.610711993649602
cuda,MAFAULDA,end_to_end,Full-S1,True,2,178,10.559906018897891
cuda,MAFAULDA,end_to_end,Full-S1,True,2,179,10.541094990912825
cuda,MAFAULDA,end_to_end,Full-S1,True,2,180,10.574252984952182
cuda,MAFAULDA,end_to_end,Full-S1,True,2,181,10.564570955466479
cuda,MAFAULDA,end_to_end,Full-S1,True,2,182,10.57404896710068
cuda,MAFAULDA,end_to_end,Full-S1,True,2,183,10.638111038133502
cuda,MAFAULDA,end_to_end,Full-S1,True,2,184,10.553612024523318
cuda,MAFAULDA,end_to_end,Full-S1,True,2,185,10.506235994398594
cuda,MAFAULDA,end_to_end,Full-S1,True,2,186,10.4902180028148
cuda,MAFAULDA,end_to_end,Full-S1,True,2,187,10.549820959568024
cuda,MAFAULDA,end_to_end,Full-S1,True,2,188,10.594342020340264
cuda,MAFAULDA,end_to_end,Full-S1,True,2,189,10.52815600996837
cuda,MAFAULDA,end_to_end,Full-S1,True,2,190,10.586710995994508
cuda,MAFAULDA,end_to_end,Full-S1,True,2,191,10.519697039853781
cuda,MAFAULDA,end_to_end,Full-S1,True,2,192,10.55556902429089
cuda,MAFAULDA,end_to_end,Full-S1,True,2,193,10.582020971924067
cuda,MAFAULDA,end_to_end,Full-S1,True,2,194,10.570474958512932
cuda,MAFAULDA,end_to_end,Full-S1,True,2,195,10.51740103866905
cuda,MAFAULDA,end_to_end,Full-S1,True,2,196,10.576242988463491
cuda,MAFAULDA,end_to_end,Full-S1,True,2,197,10.545663011725992
cuda,MAFAULDA,end_to_end,Full-S1,True,2,198,10.573142033535987
cuda,MAFAULDA,end_to_end,Full-S1,True,2,199,10.550266015343368
cuda,MAFAULDA,end_to_end,Full-S1,True,2,200,10.53212903207168
cuda,MAFAULDA,end_to_end,Full-S1,True,2,201,10.573538951575756
cuda,MAFAULDA,end_to_end,Full-S1,True,2,202,10.536990012042224
cuda,MAFAULDA,end_to_end,Full-S1,True,2,203,10.525586956646293
cuda,MAFAULDA,end_to_end,Full-S1,True,2,204,10.578787012491375
cuda,MAFAULDA,end_to_end,Full-S1,True,2,205,10.554809006862342
cuda,MAFAULDA,end_to_end,Full-S1,True,2,206,10.527562000788748
cuda,MAFAULDA,end_to_end,Full-S1,True,2,207,10.530673956964165
cuda,MAFAULDA,end_to_end,Full-S1,True,2,208,10.563382995314896
cuda,MAFAULDA,end_to_end,Full-S1,True,2,209,10.564194992184639
cuda,MAFAULDA,end_to_end,Full-S1,True,2,210,10.544055956415832
cuda,MAFAULDA,end_to_end,Full-S1,True,2,211,10.55734301917255
cuda,MAFAULDA,end_to_end,Full-S1,True,2,212,10.572420025710016
cuda,MAFAULDA,end_to_end,Full-S1,True,2,213,10.546117031481117
cuda,MAFAULDA,end_to_end,Full-S1,True,2,214,10.60527702793479
cuda,MAFAULDA,end_to_end,Full-S1,True,2,215,10.527743957936764
cuda,MAFAULDA,end_to_end,Full-S1,True,2,216,10.574228945188224
cuda,MAFAULDA,end_to_end,Full-S1,True,2,217,10.628896008711308
cuda,MAFAULDA,end_to_end,Full-S1,True,2,218,10.587174037937075
cuda,MAFAULDA,end_to_end,Full-S1,True,2,219,10.657028993591666
cuda,MAFAULDA,end_to_end,Full-S1,True,2,220,10.828786995261908
cuda,MAFAULDA,end_to_end,Full-S1,True,2,221,10.585943004116416
cuda,MAFAULDA,end_to_end,Full-S1,True,2,222,10.581580980215222
cuda,MAFAULDA,end_to_end,Full-S1,True,2,223,10.543621028773487
cuda,MAFAULDA,end_to_end,Full-S1,True,2,224,10.565467993728817
cuda,MAFAULDA,end_to_end,Full-S1,True,2,225,10.597021027933806
cuda,MAFAULDA,end_to_end,Full-S1,True,2,226,10.55204396834597
cuda,MAFAULDA,end_to_end,Full-S1,True,2,227,10.554345033597201
cuda,MAFAULDA,end_to_end,Full-S1,True,2,228,10.542449948843569
cuda,MAFAULDA,end_to_end,Full-S1,True,2,229,10.540803021285683
cuda,MAFAULDA,end_to_end,Full-S1,True,2,230,10.587307042442262
cuda,MAFAULDA,end_to_end,Full-S1,True,2,231,10.576097993180156
cuda,MAFAULDA,end_to_end,Full-S1,True,2,232,10.560412018094212
cuda,MAFAULDA,end_to_end,Full-S1,True,2,233,10.505685000680387
cuda,MAFAULDA,end_to_end,Full-S1,True,2,234,10.555435030255467
cuda,MAFAULDA,end_to_end,Full-S1,True,2,235,10.560323018580675
cuda,MAFAULDA,end_to_end,Full-S1,True,2,236,10.577191016636789
cuda,MAFAULDA,end_to_end,Full-S1,True,2,237,10.513329994864762
cuda,MAFAULDA,end_to_end,Full-S1,True,2,238,10.560946015175432
cuda,MAFAULDA,end_to_end,Full-S1,True,2,239,10.588822013232857
cuda,MAFAULDA,end_to_end,Full-S1,True,2,240,10.54814801318571
cuda,MAFAULDA,end_to_end,Full-S1,True,2,241,10.520301992073655
cuda,MAFAULDA,end_to_end,Full-S1,True,2,242,10.558551992289722
cuda,MAFAULDA,end_to_end,Full-S1,True,2,243,10.569517966359854
cuda,MAFAULDA,end_to_end,Full-S1,True,2,244,10.503594996407628
cuda,MAFAULDA,end_to_end,Full-S1,True,2,245,10.521459043957293
cuda,MAFAULDA,end_to_end,Full-S1,True,2,246,10.603764036204666
cuda,MAFAULDA,end_to_end,Full-S1,True,2,247,10.579023975878954
cuda,MAFAULDA,end_to_end,Full-S1,True,2,248,10.569120990112424
cuda,MAFAULDA,end_to_end,Full-S1,True,2,249,10.533105989452451
cuda,MAFAULDA,end_to_end,K1,True,2,0,6.830080994404852
cuda,MAFAULDA,end_to_end,K1,True,2,1,6.749549997039139
cuda,MAFAULDA,end_to_end,K1,True,2,2,6.733324029482901
cuda,MAFAULDA,end_to_end,K1,True,2,3,6.730515975505114
cuda,MAFAULDA,end_to_end,K1,True,2,4,6.759078009054065
cuda,MAFAULDA,end_to_end,K1,True,2,5,6.731522036716342
cuda,MAFAULDA,end_to_end,K1,True,2,6,6.7154919961467385
cuda,MAFAULDA,end_to_end,K1,True,2,7,6.743515958078206
cuda,MAFAULDA,end_to_end,K1,True,2,8,6.7284199758432806
cuda,MAFAULDA,end_to_end,K1,True,2,9,6.727638014126569
cuda,MAFAULDA,end_to_end,K1,True,2,10,6.715775991324335
cuda,MAFAULDA,end_to_end,K1,True,2,11,6.728621025104076
cuda,MAFAULDA,end_to_end,K1,True,2,12,6.745682971086353
cuda,MAFAULDA,end_to_end,K1,True,2,13,6.73808204010129
cuda,MAFAULDA,end_to_end,K1,True,2,14,6.762301956769079
cuda,MAFAULDA,end_to_end,K1,True,2,15,6.7972459946759045
cuda,MAFAULDA,end_to_end,K1,True,2,16,6.7880519782193005
cuda,MAFAULDA,end_to_end,K1,True,2,17,6.739448988810182
cuda,MAFAULDA,end_to_end,K1,True,2,18,6.724920007400215
cuda,MAFAULDA,end_to_end,K1,True,2,19,6.741337012499571
cuda,MAFAULDA,end_to_end,K1,True,2,20,6.722839025314897
cuda,MAFAULDA,end_to_end,K1,True,2,21,6.742696976289153
cuda,MAFAULDA,end_to_end,K1,True,2,22,6.7316360073164105
cuda,MAFAULDA,end_to_end,K1,True,2,23,6.742108962498605
cuda,MAFAULDA,end_to_end,K1,True,2,24,6.740822980646044
cuda,MAFAULDA,end_to_end,K1,True,2,25,6.733376008924097
cuda,MAFAULDA,end_to_end,K1,True,2,26,6.73711602576077
cuda,MAFAULDA,end_to_end,K1,True,2,27,6.749922002200037
cuda,MAFAULDA,end_to_end,K1,True,2,28,6.696015014313161
cuda,MAFAULDA,end_to_end,K1,True,2,29,6.72784901689738
cuda,MAFAULDA,end_to_end,K1,True,2,30,6.765467987861484
cuda,MAFAULDA,end_to_end,K1,True,2,31,6.711633992381394
cuda,MAFAULDA,end_to_end,K1,True,2,32,6.735239992849529
cuda,MAFAULDA,end_to_end,K1,True,2,33,6.747155974153429
cuda,MAFAULDA,end_to_end,K1,True,2,34,6.7166819935664535
cuda,MAFAULDA,end_to_end,K1,True,2,35,6.743568985257298
cuda,MAFAULDA,end_to_end,K1,True,2,36,6.719716009683907
cuda,MAFAULDA,end_to_end,K1,True,2,37,6.743494013790041
cuda,MAFAULDA,end_to_end,K1,True,2,38,6.7253540037199855
cuda,MAFAULDA,end_to_end,K1,True,2,39,6.722277030348778
cuda,MAFAULDA,end_to_end,K1,True,2,40,6.733053014613688
cuda,MAFAULDA,end_to_end,K1,True,2,41,6.722992984578013
cuda,MAFAULDA,end_to_end,K1,True,2,42,6.740047014318407
cuda,MAFAULDA,end_to_end,K1,True,2,43,6.778114999178797
cuda,MAFAULDA,end_to_end,K1,True,2,44,6.712657050229609
cuda,MAFAULDA,end_to_end,K1,True,2,45,6.742294004652649
cuda,MAFAULDA,end_to_end,K1,True,2,46,6.751258973963559
cuda,MAFAULDA,end_to_end,K1,True,2,47,6.701388978399336
cuda,MAFAULDA,end_to_end,K1,True,2,48,6.745004968252033
cuda,MAFAULDA,end_to_end,K1,True,2,49,6.72751700039953
cuda,MAFAULDA,end_to_end,K1,True,2,50,6.745448044966906
cuda,MAFAULDA,end_to_end,K1,True,2,51,6.744042970240116
cuda,MAFAULDA,end_to_end,K1,True,2,52,6.722051999531686
cuda,MAFAULDA,end_to_end,K1,True,2,53,6.760988966561854
cuda,MAFAULDA,end_to_end,K1,True,2,54,6.717823969665915
cuda,MAFAULDA,end_to_end,K1,True,2,55,6.761803990229964
cuda,MAFAULDA,end_to_end,K1,True,2,56,6.738336989656091
cuda,MAFAULDA,end_to_end,K1,True,2,57,6.7036019754596055
cuda,MAFAULDA,end_to_end,K1,True,2,58,6.724008999299258
cuda,MAFAULDA,end_to_end,K1,True,2,59,6.749356049112976
cuda,MAFAULDA,end_to_end,K1,True,2,60,6.7405630252324045
cuda,MAFAULDA,end_to_end,K1,True,2,61,6.736933020874858
cuda,MAFAULDA,end_to_end,K1,True,2,62,6.727980973664671
cuda,MAFAULDA,end_to_end,K1,True,2,63,6.758935051038861
cuda,MAFAULDA,end_to_end,K1,True,2,64,6.734452035743743
cuda,MAFAULDA,end_to_end,K1,True,2,65,6.714981980621815
cuda,MAFAULDA,end_to_end,K1,True,2,66,6.758255010936409
cuda,MAFAULDA,end_to_end,K1,True,2,67,6.743163045030087
cuda,MAFAULDA,end_to_end,K1,True,2,68,6.753730005584657
cuda,MAFAULDA,end_to_end,K1,True,2,69,6.7198980250395834
cuda,MAFAULDA,end_to_end,K1,True,2,70,6.738162017427385
cuda,MAFAULDA,end_to_end,K1,True,2,71,6.741810997482389
cuda,MAFAULDA,end_to_end,K1,True,2,72,6.750809028744698
cuda,MAFAULDA,end_to_end,K1,True,2,73,6.736397976055741
cuda,MAFAULDA,end_to_end,K1,True,2,74,6.7088030045852065
cuda,MAFAULDA,end_to_end,K1,True,2,75,6.751717010047287
cuda,MAFAULDA,end_to_end,K1,True,2,76,6.749088002834469
cuda,MAFAULDA,end_to_end,K1,True,2,77,6.742661003954709
cuda,MAFAULDA,end_to_end,K1,True,2,78,6.706411950290203
cuda,MAFAULDA,end_to_end,K1,True,2,79,6.743251986335963
cuda,MAFAULDA,end_to_end,K1,True,2,80,6.716304051224142
cuda,MAFAULDA,end_to_end,K1,True,2,81,6.718059012200683
cuda,MAFAULDA,end_to_end,K1,True,2,82,6.710324028972536
cuda,MAFAULDA,end_to_end,K1,True,2,83,6.742788944393396
cuda,MAFAULDA,end_to_end,K1,True,2,84,6.731910980306566
cuda,MAFAULDA,end_to_end,K1,True,2,85,6.723718950524926
cuda,MAFAULDA,end_to_end,K1,True,2,86,6.740898999851197
cuda,MAFAULDA,end_to_end,K1,True,2,87,6.7354789935052395
cuda,MAFAULDA,end_to_end,K1,True,2,88,6.729188957251608
cuda,MAFAULDA,end_to_end,K1,True,2,89,6.773730972781777
cuda,MAFAULDA,end_to_end,K1,True,2,90,6.723941012751311
cuda,MAFAULDA,end_to_end,K1,True,2,91,6.756438000593334
cuda,MAFAULDA,end_to_end,K1,True,2,92,6.7370200413279235
cuda,MAFAULDA,end_to_end,K1,True,2,93,6.7397410166449845
cuda,MAFAULDA,end_to_end,K1,True,2,94,6.726538005750626
cuda,MAFAULDA,end_to_end,K1,True,2,95,6.742055993527174
cuda,MAFAULDA,end_to_end,K1,True,2,96,6.726762978360057
cuda,MAFAULDA,end_to_end,K1,True,2,97,6.76660897443071
cuda,MAFAULDA,end_to_end,K1,True,2,98,6.702549988403916
cuda,MAFAULDA,end_to_end,K1,True,2,99,6.750501983333379
cuda,MAFAULDA,end_to_end,K1,True,2,100,6.757233000826091
cuda,MAFAULDA,end_to_end,K1,True,2,101,6.823838979471475
cuda,MAFAULDA,end_to_end,K1,True,2,102,6.814315973315388
cuda,MAFAULDA,end_to_end,K1,True,2,103,6.795274035539478
cuda,MAFAULDA,end_to_end,K1,True,2,104,6.730725988745689
cuda,MAFAULDA,end_to_end,K1,True,2,105,6.7321149981580675
cuda,MAFAULDA,end_to_end,K1,True,2,106,6.71856600092724
cuda,MAFAULDA,end_to_end,K1,True,2,107,6.757301976904273
cuda,MAFAULDA,end_to_end,K1,True,2,108,6.739675009157509
cuda,MAFAULDA,end_to_end,K1,True,2,109,6.71708898153156
cuda,MAFAULDA,end_to_end,K1,True,2,110,6.726898020133376
cuda,MAFAULDA,end_to_end,K1,True,2,111,6.753748981282115
cuda,MAFAULDA,end_to_end,K1,True,2,112,6.718268035911024
cuda,MAFAULDA,end_to_end,K1,True,2,113,6.711510010063648
cuda,MAFAULDA,end_to_end,K1,True,2,114,6.7534910049289465
cuda,MAFAULDA,end_to_end,K1,True,2,115,6.764500983990729
cuda,MAFAULDA,end_to_end,K1,True,2,116,6.704775965772569
cuda,MAFAULDA,end_to_end,K1,True,2,117,6.709687004331499
cuda,MAFAULDA,end_to_end,K1,True,2,118,6.734612979926169
cuda,MAFAULDA,end_to_end,K1,True,2,119,6.735259958077222
cuda,MAFAULDA,end_to_end,K1,True,2,120,6.713923008646816
cuda,MAFAULDA,end_to_end,K1,True,2,121,6.710539048071951
cuda,MAFAULDA,end_to_end,K1,True,2,122,6.747074017766863
cuda,MAFAULDA,end_to_end,K1,True,2,123,6.730827037245035
cuda,MAFAULDA,end_to_end,K1,True,2,124,6.7021860159002244
cuda,MAFAULDA,end_to_end,K1,True,2,125,6.769696017727256
cuda,MAFAULDA,end_to_end,K1,True,2,126,6.727291038259864
cuda,MAFAULDA,end_to_end,K1,True,2,127,6.762769015040249
cuda,MAFAULDA,end_to_end,K1,True,2,128,6.703922001179308
cuda,MAFAULDA,end_to_end,K1,True,2,129,6.713285984005779
cuda,MAFAULDA,end_to_end,K1,True,2,130,6.770282983779907
cuda,MAFAULDA,end_to_end,K1,True,2,131,6.746483966708183
cuda,MAFAULDA,end_to_end,K1,True,2,132,6.706723943352699
cuda,MAFAULDA,end_to_end,K1,True,2,133,6.763159006368369
cuda,MAFAULDA,end_to_end,K1,True,2,134,6.733360991347581
cuda,MAFAULDA,end_to_end,K1,True,2,135,6.730952998623252
cuda,MAFAULDA,end_to_end,K1,True,2,136,6.738455034792423
cuda,MAFAULDA,end_to_end,K1,True,2,137,6.758445990271866
cuda,MAFAULDA,end_to_end,K1,True,2,138,6.739546020980924
cuda,MAFAULDA,end_to_end,K1,True,2,139,6.750971951987594
cuda,MAFAULDA,end_to_end,K1,True,2,140,6.727950007189065
cuda,MAFAULDA,end_to_end,K1,True,2,141,6.754834030289203
cuda,MAFAULDA,end_to_end,K1,True,2,142,6.728036038111895
cuda,MAFAULDA,end_to_end,K1,True,2,143,6.740683980751783
cuda,MAFAULDA,end_to_end,K1,True,2,144,6.736175972037017
cuda,MAFAULDA,end_to_end,K1,True,2,145,6.720642966683954
cuda,MAFAULDA,end_to_end,K1,True,2,146,6.756588991265744
cuda,MAFAULDA,end_to_end,K1,True,2,147,6.732138979714364
cuda,MAFAULDA,end_to_end,K1,True,2,148,6.713212002068758
cuda,MAFAULDA,end_to_end,K1,True,2,149,6.733372050803155
cuda,MAFAULDA,end_to_end,K1,True,2,150,6.7090640077367425
cuda,MAFAULDA,end_to_end,K1,True,2,151,6.743226025719196
cuda,MAFAULDA,end_to_end,K1,True,2,152,6.730104971211404
cuda,MAFAULDA,end_to_end,K1,True,2,153,6.744319980498403
cuda,MAFAULDA,end_to_end,K1,True,2,154,6.751767999958247
cuda,MAFAULDA,end_to_end,K1,True,2,155,6.758210016414523
cuda,MAFAULDA,end_to_end,K1,True,2,156,6.766000995412469
cuda,MAFAULDA,end_to_end,K1,True,2,157,6.757872004527599
cuda,MAFAULDA,end_to_end,K1,True,2,158,6.714220042340457
cuda,MAFAULDA,end_to_end,K1,True,2,159,6.732337002176791
cuda,MAFAULDA,end_to_end,K1,True,2,160,6.772510998416692
cuda,MAFAULDA,end_to_end,K1,True,2,161,6.73135498072952
cuda,MAFAULDA,end_to_end,K1,True,2,162,6.716193980537355
cuda,MAFAULDA,end_to_end,K1,True,2,163,6.796856003347784
cuda,MAFAULDA,end_to_end,K1,True,2,164,6.89455698011443
cuda,MAFAULDA,end_to_end,K1,True,2,165,6.761499040294439
cuda,MAFAULDA,end_to_end,K1,True,2,166,6.745869992300868
cuda,MAFAULDA,end_to_end,K1,True,2,167,6.748196028638631
cuda,MAFAULDA,end_to_end,K1,True,2,168,6.714763003401458
cuda,MAFAULDA,end_to_end,K1,True,2,169,6.763070006854832
cuda,MAFAULDA,end_to_end,K1,True,2,170,6.773974979296327
cuda,MAFAULDA,end_to_end,K1,True,2,171,6.721531972289085
cuda,MAFAULDA,end_to_end,K1,True,2,172,6.72942801611498
cuda,MAFAULDA,end_to_end,K1,True,2,173,6.720378994941711
cuda,MAFAULDA,end_to_end,K1,True,2,174,6.698657001834363
cuda,MAFAULDA,end_to_end,K1,True,2,175,6.747411971446127
cuda,MAFAULDA,end_to_end,K1,True,2,176,6.698812998365611
cuda,MAFAULDA,end_to_end,K1,True,2,177,6.747332983650267
cuda,MAFAULDA,end_to_end,K1,True,2,178,6.73831399763003
cuda,MAFAULDA,end_to_end,K1,True,2,179,6.730930006597191
cuda,MAFAULDA,end_to_end,K1,True,2,180,6.71200203942135
cuda,MAFAULDA,end_to_end,K1,True,2,181,6.759592972230166
cuda,MAFAULDA,end_to_end,K1,True,2,182,6.753386987838894
cuda,MAFAULDA,end_to_end,K1,True,2,183,6.712146976497024
cuda,MAFAULDA,end_to_end,K1,True,2,184,6.736761017236859
cuda,MAFAULDA,end_to_end,K1,True,2,185,6.751553970389068
cuda,MAFAULDA,end_to_end,K1,True,2,186,6.734983995556831
cuda,MAFAULDA,end_to_end,K1,True,2,187,6.721834011841565
cuda,MAFAULDA,end_to_end,K1,True,2,188,6.7303949617780745
cuda,MAFAULDA,end_to_end,K1,True,2,189,6.720651988871396
cuda,MAFAULDA,end_to_end,K1,True,2,190,6.711983005516231
cuda,MAFAULDA,end_to_end,K1,True,2,191,6.756976014003158
cuda,MAFAULDA,end_to_end,K1,True,2,192,6.737251998856664
cuda,MAFAULDA,end_to_end,K1,True,2,193,6.7197130410932004
cuda,MAFAULDA,end_to_end,K1,True,2,194,6.717654992826283
cuda,MAFAULDA,end_to_end,K1,True,2,195,6.731806031893939
cuda,MAFAULDA,end_to_end,K1,True,2,196,6.734897964634001
cuda,MAFAULDA,end_to_end,K1,True,2,197,6.731267960276455
cuda,MAFAULDA,end_to_end,K1,True,2,198,6.714121031109244
cuda,MAFAULDA,end_to_end,K1,True,2,199,6.767063983716071
cuda,MAFAULDA,end_to_end,K1,True,2,200,6.690167996566743
cuda,MAFAULDA,end_to_end,K1,True,2,201,6.734894006513059
cuda,MAFAULDA,end_to_end,K1,True,2,202,6.765873986296356
cuda,MAFAULDA,end_to_end,K1,True,2,203,6.711545982398093
cuda,MAFAULDA,end_to_end,K1,True,2,204,6.72350701643154
cuda,MAFAULDA,end_to_end,K1,True,2,205,6.767999031580985
cuda,MAFAULDA,end_to_end,K1,True,2,206,6.764294987078756
cuda,MAFAULDA,end_to_end,K1,True,2,207,6.74083799822256
cuda,MAFAULDA,end_to_end,K1,True,2,208,6.7160140024498105
cuda,MAFAULDA,end_to_end,K1,True,2,209,6.7488179774954915
cuda,MAFAULDA,end_to_end,K1,True,2,210,6.707441003527492
cuda,MAFAULDA,end_to_end,K1,True,2,211,6.70000200625509
cuda,MAFAULDA,end_to_end,K1,True,2,212,6.731314002536237
cuda,MAFAULDA,end_to_end,K1,True,2,213,6.717554992064834
cuda,MAFAULDA,end_to_end,K1,True,2,214,6.750355998519808
cuda,MAFAULDA,end_to_end,K1,True,2,215,6.726105988491327
cuda,MAFAULDA,end_to_end,K1,True,2,216,6.706496002152562
cuda,MAFAULDA,end_to_end,K1,True,2,217,6.743726960849017
cuda,MAFAULDA,end_to_end,K1,True,2,218,6.76483497954905
cuda,MAFAULDA,end_to_end,K1,True,2,219,6.726198946125805
cuda,MAFAULDA,end_to_end,K1,True,2,220,6.715541996527463
cuda,MAFAULDA,end_to_end,K1,True,2,221,6.737356015946716
cuda,MAFAULDA,end_to_end,K1,True,2,222,6.736707000527531
cuda,MAFAULDA,end_to_end,K1,True,2,223,6.7694130120798945
cuda,MAFAULDA,end_to_end,K1,True,2,224,6.706458982080221
cuda,MAFAULDA,end_to_end,K1,True,2,225,6.710293993819505
cuda,MAFAULDA,end_to_end,K1,True,2,226,6.726020015776157
cuda,MAFAULDA,end_to_end,K1,True,2,227,6.7336130305193365
cuda,MAFAULDA,end_to_end,K1,True,2,228,6.730885012075305
cuda,MAFAULDA,end_to_end,K1,True,2,229,6.728865031618625
cuda,MAFAULDA,end_to_end,K1,True,2,230,6.749852967914194
cuda,MAFAULDA,end_to_end,K1,True,2,231,6.739234959241003
cuda,MAFAULDA,end_to_end,K1,True,2,232,6.732318957801908
cuda,MAFAULDA,end_to_end,K1,True,2,233,6.710592017043382
cuda,MAFAULDA,end_to_end,K1,True,2,234,6.729939952492714
cuda,MAFAULDA,end_to_end,K1,True,2,235,6.7312270402908325
cuda,MAFAULDA,end_to_end,K1,True,2,236,6.721564976032823
cuda,MAFAULDA,end_to_end,K1,True,2,237,6.7596189910545945
cuda,MAFAULDA,end_to_end,K1,True,2,238,6.751590000931174
cuda,MAFAULDA,end_to_end,K1,True,2,239,6.7067070049233735
cuda,MAFAULDA,end_to_end,K1,True,2,240,6.70720700873062
cuda,MAFAULDA,end_to_end,K1,True,2,241,6.749243999365717
cuda,MAFAULDA,end_to_end,K1,True,2,242,6.741588993463665
cuda,MAFAULDA,end_to_end,K1,True,2,243,6.725025014020503
cuda,MAFAULDA,end_to_end,K1,True,2,244,6.763187004253268
cuda,MAFAULDA,end_to_end,K1,True,2,245,6.74218701897189
cuda,MAFAULDA,end_to_end,K1,True,2,246,6.727753032464534
cuda,MAFAULDA,end_to_end,K1,True,2,247,6.712522997986525
cuda,MAFAULDA,end_to_end,K1,True,2,248,6.761476048268378
cuda,MAFAULDA,end_to_end,K1,True,2,249,6.838305969722569
cuda,MAFAULDA,end_to_end,K1,True,3,0,6.815504981204867
cuda,MAFAULDA,end_to_end,K1,True,3,1,6.746335013303906
cuda,MAFAULDA,end_to_end,K1,True,3,2,6.7439989652484655
cuda,MAFAULDA,end_to_end,K1,True,3,3,6.723177037201822
cuda,MAFAULDA,end_to_end,K1,True,3,4,6.725924031343311
cuda,MAFAULDA,end_to_end,K1,True,3,5,6.70735799940303
cuda,MAFAULDA,end_to_end,K1,True,3,6,6.733556976541877
cuda,MAFAULDA,end_to_end,K1,True,3,7,6.773384986445308
cuda,MAFAULDA,end_to_end,K1,True,3,8,6.709403998684138
cuda,MAFAULDA,end_to_end,K1,True,3,9,6.729230983182788
cuda,MAFAULDA,end_to_end,K1,True,3,10,6.734499998856336
cuda,MAFAULDA,end_to_end,K1,True,3,11,6.725348997861147
cuda,MAFAULDA,end_to_end,K1,True,3,12,6.75481598591432
cuda,MAFAULDA,end_to_end,K1,True,3,13,6.7524450132623315
cuda,MAFAULDA,end_to_end,K1,True,3,14,6.773461005650461
cuda,MAFAULDA,end_to_end,K1,True,3,15,6.765240046661347
cuda,MAFAULDA,end_to_end,K1,True,3,16,6.741916993632913
cuda,MAFAULDA,end_to_end,K1,True,3,17,6.710966001264751
cuda,MAFAULDA,end_to_end,K1,True,3,18,6.751055014319718
cuda,MAFAULDA,end_to_end,K1,True,3,19,6.744903977960348
cuda,MAFAULDA,end_to_end,K1,True,3,20,6.748343992512673
cuda,MAFAULDA,end_to_end,K1,True,3,21,6.703293009195477
cuda,MAFAULDA,end_to_end,K1,True,3,22,6.7490850342437625
cuda,MAFAULDA,end_to_end,K1,True,3,23,6.749577005393803
cuda,MAFAULDA,end_to_end,K1,True,3,24,6.702824961394072
cuda,MAFAULDA,end_to_end,K1,True,3,25,6.766083010006696
cuda,MAFAULDA,end_to_end,K1,True,3,26,6.732550973538309
cuda,MAFAULDA,end_to_end,K1,True,3,27,6.718553020618856
cuda,MAFAULDA,end_to_end,K1,True,3,28,6.705751991830766
cuda,MAFAULDA,end_to_end,K1,True,3,29,6.747859006281942
cuda,MAFAULDA,end_to_end,K1,True,3,30,6.7175820004194975
cuda,MAFAULDA,end_to_end,K1,True,3,31,6.7318929941393435
cuda,MAFAULDA,end_to_end,K1,True,3,32,6.742625962942839
cuda,MAFAULDA,end_to_end,K1,True,3,33,6.739959993865341
cuda,MAFAULDA,end_to_end,K1,True,3,34,6.742044002749026
cuda,MAFAULDA,end_to_end,K1,True,3,35,6.7376880324445665
cuda,MAFAULDA,end_to_end,K1,True,3,36,6.757551978807896
cuda,MAFAULDA,end_to_end,K1,True,3,37,6.709384964779019
cuda,MAFAULDA,end_to_end,K1,True,3,38,6.740777986124158
cuda,MAFAULDA,end_to_end,K1,True,3,39,6.754611968062818
cuda,MAFAULDA,end_to_end,K1,True,3,40,6.772321998141706
cuda,MAFAULDA,end_to_end,K1,True,3,41,6.760919000953436
cuda,MAFAULDA,end_to_end,K1,True,3,42,6.713403970934451
cuda,MAFAULDA,end_to_end,K1,True,3,43,6.710604997351766
cuda,MAFAULDA,end_to_end,K1,True,3,44,6.696583004668355
cuda,MAFAULDA,end_to_end,K1,True,3,45,6.737571966368705
cuda,MAFAULDA,end_to_end,K1,True,3,46,6.757641036529094
cuda,MAFAULDA,end_to_end,K1,True,3,47,6.689293950330466
cuda,MAFAULDA,end_to_end,K1,True,3,48,6.754286005161703
cuda,MAFAULDA,end_to_end,K1,True,3,49,6.765020021703094
cuda,MAFAULDA,end_to_end,K1,True,3,50,6.786112964618951
cuda,MAFAULDA,end_to_end,K1,True,3,51,6.706156011205167
cuda,MAFAULDA,end_to_end,K1,True,3,52,6.762026983778924
cuda,MAFAULDA,end_to_end,K1,True,3,53,6.724417966324836
cuda,MAFAULDA,end_to_end,K1,True,3,54,6.7317840293981135
cuda,MAFAULDA,end_to_end,K1,True,3,55,6.777431000955403
cuda,MAFAULDA,end_to_end,K1,True,3,56,6.702093000058085
cuda,MAFAULDA,end_to_end,K1,True,3,57,6.734605005476624
cuda,MAFAULDA,end_to_end,K1,True,3,58,6.73382100649178
cuda,MAFAULDA,end_to_end,K1,True,3,59,6.721664976794273
cuda,MAFAULDA,end_to_end,K1,True,3,60,6.690999958664179
cuda,MAFAULDA,end_to_end,K1,True,3,61,6.778902024962008
cuda,MAFAULDA,end_to_end,K1,True,3,62,6.898214982356876
cuda,MAFAULDA,end_to_end,K1,True,3,63,6.781951989978552
cuda,MAFAULDA,end_to_end,K1,True,3,64,6.744498037733138
cuda,MAFAULDA,end_to_end,K1,True,3,65,6.752724992111325
cuda,MAFAULDA,end_to_end,K1,True,3,66,6.744095007888973
cuda,MAFAULDA,end_to_end,K1,True,3,67,6.736467010341585
cuda,MAFAULDA,end_to_end,K1,True,3,68,6.7425850429572165
cuda,MAFAULDA,end_to_end,K1,True,3,69,6.7584660137072206
cuda,MAFAULDA,end_to_end,K1,True,3,70,6.761640019249171
cuda,MAFAULDA,end_to_end,K1,True,3,71,6.721226032823324
cuda,MAFAULDA,end_to_end,K1,True,3,72,6.753182038664818
cuda,MAFAULDA,end_to_end,K1,True,3,73,6.740851036738604
cuda,MAFAULDA,end_to_end,K1,True,3,74,6.766835984308273
cuda,MAFAULDA,end_to_end,K1,True,3,75,6.716882984619588
cuda,MAFAULDA,end_to_end,K1,True,3,76,6.752402987331152
cuda,MAFAULDA,end_to_end,K1,True,3,77,6.7446709726937115
cuda,MAFAULDA,end_to_end,K1,True,3,78,6.739192001987249
cuda,MAFAULDA,end_to_end,K1,True,3,79,6.725390034262091
cuda,MAFAULDA,end_to_end,K1,True,3,80,6.734222988598049
cuda,MAFAULDA,end_to_end,K1,True,3,81,6.728135980665684
cuda,MAFAULDA,end_to_end,K1,True,3,82,6.744523998349905
cuda,MAFAULDA,end_to_end,K1,True,3,83,6.7165050422772765
cuda,MAFAULDA,end_to_end,K1,True,3,84,6.755351030733436
cuda,MAFAULDA,end_to_end,K1,True,3,85,6.756827991921455
cuda,MAFAULDA,end_to_end,K1,True,3,86,6.72650703927502
cuda,MAFAULDA,end_to_end,K1,True,3,87,6.744113052263856
cuda,MAFAULDA,end_to_end,K1,True,3,88,6.733966001775116
cuda,MAFAULDA,end_to_end,K1,True,3,89,6.6987869795411825
cuda,MAFAULDA,end_to_end,K1,True,3,90,6.740900978911668
cuda,MAFAULDA,end_to_end,K1,True,3,91,6.7471740185283124
cuda,MAFAULDA,end_to_end,K1,True,3,92,6.777431990485638
cuda,MAFAULDA,end_to_end,K1,True,3,93,6.699264049530029
cuda,MAFAULDA,end_to_end,K1,True,3,94,6.724672974087298
cuda,MAFAULDA,end_to_end,K1,True,3,95,6.771177984774113
cuda,MAFAULDA,end_to_end,K1,True,3,96,6.708147993776947
cuda,MAFAULDA,end_to_end,K1,True,3,97,6.759469979442656
cuda,MAFAULDA,end_to_end,K1,True,3,98,6.745140999555588
cuda,MAFAULDA,end_to_end,K1,True,3,99,6.6955689690075815
cuda,MAFAULDA,end_to_end,K1,True,3,100,6.734477006830275
cuda,MAFAULDA,end_to_end,K1,True,3,101,6.746865983586758
cuda,MAFAULDA,end_to_end,K1,True,3,102,6.704810017254204
cuda,MAFAULDA,end_to_end,K1,True,3,103,6.738814990967512
cuda,MAFAULDA,end_to_end,K1,True,3,104,6.746558996383101
cuda,MAFAULDA,end_to_end,K1,True,3,105,6.729743967298418
cuda,MAFAULDA,end_to_end,K1,True,3,106,6.73246500082314
cuda,MAFAULDA,end_to_end,K1,True,3,107,6.7494630347937346
cuda,MAFAULDA,end_to_end,K1,True,3,108,6.760258984286338
cuda,MAFAULDA,end_to_end,K1,True,3,109,6.7258450435474515
cuda,MAFAULDA,end_to_end,K1,True,3,110,6.707828026264906
cuda,MAFAULDA,end_to_end,K1,True,3,111,6.744340993463993
cuda,MAFAULDA,end_to_end,K1,True,3,112,6.771206040866673
cuda,MAFAULDA,end_to_end,K1,True,3,113,6.72879396006465
cuda,MAFAULDA,end_to_end,K1,True,3,114,6.734972994308919
cuda,MAFAULDA,end_to_end,K1,True,3,115,6.7696720361709595
cuda,MAFAULDA,end_to_end,K1,True,3,116,6.7373819765634835
cuda,MAFAULDA,end_to_end,K1,True,3,117,6.742476020008326
cuda,MAFAULDA,end_to_end,K1,True,3,118,6.739464006386697
cuda,MAFAULDA,end_to_end,K1,True,3,119,6.761802011169493
cuda,MAFAULDA,end_to_end,K1,True,3,120,6.779021001420915
cuda,MAFAULDA,end_to_end,K1,True,3,121,6.737066025380045
cuda,MAFAULDA,end_to_end,K1,True,3,122,6.707072025164962
cuda,MAFAULDA,end_to_end,K1,True,3,123,6.742672005202621
cuda,MAFAULDA,end_to_end,K1,True,3,124,6.766126025468111
cuda,MAFAULDA,end_to_end,K1,True,3,125,6.7083139438182116
cuda,MAFAULDA,end_to_end,K1,True,3,126,6.75466499524191
cuda,MAFAULDA,end_to_end,K1,True,3,127,6.772052962332964
cuda,MAFAULDA,end_to_end,K1,True,3,128,6.741560995578766
cuda,MAFAULDA,end_to_end,K1,True,3,129,6.752096000127494
cuda,MAFAULDA,end_to_end,K1,True,3,130,6.736369978170842
cuda,MAFAULDA,end_to_end,K1,True,3,131,6.7259889910928905
cuda,MAFAULDA,end_to_end,K1,True,3,132,6.756466988008469
cuda,MAFAULDA,end_to_end,K1,True,3,133,6.749972992110997
cuda,MAFAULDA,end_to_end,K1,True,3,134,6.812984007410705
cuda,MAFAULDA,end_to_end,K1,True,3,135,6.781528994906694
cuda,MAFAULDA,end_to_end,K1,True,3,136,6.7020729766227305
cuda,MAFAULDA,end_to_end,K1,True,3,137,6.747483043000102
cuda,MAFAULDA,end_to_end,K1,True,3,138,6.744145997799933
cuda,MAFAULDA,end_to_end,K1,True,3,139,6.741657038219273
cuda,MAFAULDA,end_to_end,K1,True,3,140,6.749286025296897
cuda,MAFAULDA,end_to_end,K1,True,3,141,6.736349023412913
cuda,MAFAULDA,end_to_end,K1,True,3,142,6.7734409822151065
cuda,MAFAULDA,end_to_end,K1,True,3,143,6.732337991707027
cuda,MAFAULDA,end_to_end,K1,True,3,144,6.743782956618816
cuda,MAFAULDA,end_to_end,K1,True,3,145,6.728936976287514
cuda,MAFAULDA,end_to_end,K1,True,3,146,6.756162038072944
cuda,MAFAULDA,end_to_end,K1,True,3,147,6.7998640006408095
cuda,MAFAULDA,end_to_end,K1,True,3,148,6.836045999079943
cuda,MAFAULDA,end_to_end,K1,True,3,149,6.80673704482615
cuda,MAFAULDA,end_to_end,K1,True,3,150,6.731663946993649
cuda,MAFAULDA,end_to_end,K1,True,3,151,6.7675799946300685
cuda,MAFAULDA,end_to_end,K1,True,3,152,6.717507960274816
cuda,MAFAULDA,end_to_end,K1,True,3,153,6.749922991730273
cuda,MAFAULDA,end_to_end,K1,True,3,154,6.7585309734568
cuda,MAFAULDA,end_to_end,K1,True,3,155,6.7335739731788635
cuda,MAFAULDA,end_to_end,K1,True,3,156,6.711437017656863
cuda,MAFAULDA,end_to_end,K1,True,3,157,6.717189040500671
cuda,MAFAULDA,end_to_end,K1,True,3,158,6.767230981495231
cuda,MAFAULDA,end_to_end,K1,True,3,159,6.711761991027743
cuda,MAFAULDA,end_to_end,K1,True,3,160,6.717288983054459
cuda,MAFAULDA,end_to_end,K1,True,3,161,6.763810000848025
cuda,MAFAULDA,end_to_end,K1,True,3,162,6.744210957549512
cuda,MAFAULDA,end_to_end,K1,True,3,163,6.75364799099043
cuda,MAFAULDA,end_to_end,K1,True,3,164,6.750225031282753
cuda,MAFAULDA,end_to_end,K1,True,3,165,6.747166044078767
cuda,MAFAULDA,end_to_end,K1,True,3,166,6.764620018657297
cuda,MAFAULDA,end_to_end,K1,True,3,167,6.723053986206651
cuda,MAFAULDA,end_to_end,K1,True,3,168,6.773116998374462
cuda,MAFAULDA,end_to_end,K1,True,3,169,6.721451005432755
cuda,MAFAULDA,end_to_end,K1,True,3,170,6.762264994904399
cuda,MAFAULDA,end_to_end,K1,True,3,171,6.723461963701993
cuda,MAFAULDA,end_to_end,K1,True,3,172,6.751783017534763
cuda,MAFAULDA,end_to_end,K1,True,3,173,6.729131971951574
cuda,MAFAULDA,end_to_end,K1,True,3,174,6.731558998581022
cuda,MAFAULDA,end_to_end,K1,True,3,175,6.715591996908188
cuda,MAFAULDA,end_to_end,K1,True,3,176,6.761087977793068
cuda,MAFAULDA,end_to_end,K1,True,3,177,6.7428789916448295
cuda,MAFAULDA,end_to_end,K1,True,3,178,6.746791012119502
cuda,MAFAULDA,end_to_end,K1,True,3,179,6.73296902095899
cuda,MAFAULDA,end_to_end,K1,True,3,180,6.733864021953195
cuda,MAFAULDA,end_to_end,K1,True,3,181,6.713171023875475
cuda,MAFAULDA,end_to_end,K1,True,3,182,6.75633701030165
cuda,MAFAULDA,end_to_end,K1,True,3,183,6.776976981200278
cuda,MAFAULDA,end_to_end,K1,True,3,184,6.733237998560071
cuda,MAFAULDA,end_to_end,K1,True,3,185,6.719282013364136
cuda,MAFAULDA,end_to_end,K1,True,3,186,6.736676034051925
cuda,MAFAULDA,end_to_end,K1,True,3,187,6.740782002452761
cuda,MAFAULDA,end_to_end,K1,True,3,188,6.729369983077049
cuda,MAFAULDA,end_to_end,K1,True,3,189,6.753458001185209
cuda,MAFAULDA,end_to_end,K1,True,3,190,6.742485973518342
cuda,MAFAULDA,end_to_end,K1,True,3,191,6.698460027109832
cuda,MAFAULDA,end_to_end,K1,True,3,192,6.727534986566752
cuda,MAFAULDA,end_to_end,K1,True,3,193,6.762263015843928
cuda,MAFAULDA,end_to_end,K1,True,3,194,6.754030007869005
cuda,MAFAULDA,end_to_end,K1,True,3,195,6.708903005346656
cuda,MAFAULDA,end_to_end,K1,True,3,196,6.721590005327016
cuda,MAFAULDA,end_to_end,K1,True,3,197,6.752811023034155
cuda,MAFAULDA,end_to_end,K1,True,3,198,6.768306018784642
cuda,MAFAULDA,end_to_end,K1,True,3,199,6.6973339999094605
cuda,MAFAULDA,end_to_end,K1,True,3,200,6.7719839862547815
cuda,MAFAULDA,end_to_end,K1,True,3,201,6.745391001459211
cuda,MAFAULDA,end_to_end,K1,True,3,202,6.742339988704771
cuda,MAFAULDA,end_to_end,K1,True,3,203,6.703842023853213
cuda,MAFAULDA,end_to_end,K1,True,3,204,6.740869022905827
cuda,MAFAULDA,end_to_end,K1,True,3,205,6.729780987370759
cuda,MAFAULDA,end_to_end,K1,True,3,206,6.769874948076904
cuda,MAFAULDA,end_to_end,K1,True,3,207,6.699981982819736
cuda,MAFAULDA,end_to_end,K1,True,3,208,6.726828985847533
cuda,MAFAULDA,end_to_end,K1,True,3,209,6.7537520080804825
cuda,MAFAULDA,end_to_end,K1,True,3,210,6.805530982092023
cuda,MAFAULDA,end_to_end,K1,True,3,211,6.89022900769487
cuda,MAFAULDA,end_to_end,K1,True,3,212,6.740623968653381
cuda,MAFAULDA,end_to_end,K1,True,3,213,6.7451230133883655
cuda,MAFAULDA,end_to_end,K1,True,3,214,6.749040971044451
cuda,MAFAULDA,end_to_end,K1,True,3,215,6.689950008876622
cuda,MAFAULDA,end_to_end,K1,True,3,216,6.746087979990989
cuda,MAFAULDA,end_to_end,K1,True,3,217,6.732829962857068
cuda,MAFAULDA,end_to_end,K1,True,3,218,6.708708009682596
cuda,MAFAULDA,end_to_end,K1,True,3,219,6.700815982185304
cuda,MAFAULDA,end_to_end,K1,True,3,220,6.76540401764214
cuda,MAFAULDA,end_to_end,K1,True,3,221,6.742291036061943
cuda,MAFAULDA,end_to_end,K1,True,3,222,6.721690995618701
cuda,MAFAULDA,end_to_end,K1,True,3,223,6.7389620235189795
cuda,MAFAULDA,end_to_end,K1,True,3,224,6.752867950126529
cuda,MAFAULDA,end_to_end,K1,True,3,225,6.730880995746702
cuda,MAFAULDA,end_to_end,K1,True,3,226,6.7268870188854635
cuda,MAFAULDA,end_to_end,K1,True,3,227,6.752726971171796
cuda,MAFAULDA,end_to_end,K1,True,3,228,6.74489897210151
cuda,MAFAULDA,end_to_end,K1,True,3,229,6.7120500025339425
cuda,MAFAULDA,end_to_end,K1,True,3,230,6.740109005477279
cuda,MAFAULDA,end_to_end,K1,True,3,231,6.77477999124676
cuda,MAFAULDA,end_to_end,K1,True,3,232,6.768777966499329
cuda,MAFAULDA,end_to_end,K1,True,3,233,6.840560003183782
cuda,MAFAULDA,end_to_end,K1,True,3,234,6.75353198312223
cuda,MAFAULDA,end_to_end,K1,True,3,235,6.774934008717537
cuda,MAFAULDA,end_to_end,K1,True,3,236,6.745727034285665
cuda,MAFAULDA,end_to_end,K1,True,3,237,6.711518974043429
cuda,MAFAULDA,end_to_end,K1,True,3,238,6.7463109735399485
cuda,MAFAULDA,end_to_end,K1,True,3,239,6.749929976649582
cuda,MAFAULDA,end_to_end,K1,True,3,240,6.729479995556176
cuda,MAFAULDA,end_to_end,K1,True,3,241,6.722921971231699
cuda,MAFAULDA,end_to_end,K1,True,3,242,6.718250981066376
cuda,MAFAULDA,end_to_end,K1,True,3,243,6.718771008308977
cuda,MAFAULDA,end_to_end,K1,True,3,244,6.756973976735026
cuda,MAFAULDA,end_to_end,K1,True,3,245,6.723388971295208
cuda,MAFAULDA,end_to_end,K1,True,3,246,6.726269028149545
cuda,MAFAULDA,end_to_end,K1,True,3,247,6.718160992022604
cuda,MAFAULDA,end_to_end,K1,True,3,248,6.755984970368445
cuda,MAFAULDA,end_to_end,K1,True,3,249,6.764628982637078
cuda,MAFAULDA,end_to_end,Full-S1,True,3,0,10.57917095022276
cuda,MAFAULDA,end_to_end,Full-S1,True,3,1,10.617321007885039
cuda,MAFAULDA,end_to_end,Full-S1,True,3,2,10.565737029537559
cuda,MAFAULDA,end_to_end,Full-S1,True,3,3,10.593233979307115
cuda,MAFAULDA,end_to_end,Full-S1,True,3,4,10.56309201521799
cuda,MAFAULDA,end_to_end,Full-S1,True,3,5,10.544474993366748
cuda,MAFAULDA,end_to_end,Full-S1,True,3,6,10.554751032032073
cuda,MAFAULDA,end_to_end,Full-S1,True,3,7,10.574282030574977
cuda,MAFAULDA,end_to_end,Full-S1,True,3,8,10.570999991614372
cuda,MAFAULDA,end_to_end,Full-S1,True,3,9,10.555744986049831
cuda,MAFAULDA,end_to_end,Full-S1,True,3,10,10.548776015639305
cuda,MAFAULDA,end_to_end,Full-S1,True,3,11,10.57139300974086
cuda,MAFAULDA,end_to_end,Full-S1,True,3,12,10.57845598552376
cuda,MAFAULDA,end_to_end,Full-S1,True,3,13,10.570388985797763
cuda,MAFAULDA,end_to_end,Full-S1,True,3,14,10.580010013654828
cuda,MAFAULDA,end_to_end,Full-S1,True,3,15,10.526420956011862
cuda,MAFAULDA,end_to_end,Full-S1,True,3,16,10.53591095842421
cuda,MAFAULDA,end_to_end,Full-S1,True,3,17,10.585948009975255
cuda,MAFAULDA,end_to_end,Full-S1,True,3,18,10.539317037910223
cuda,MAFAULDA,end_to_end,Full-S1,True,3,19,10.527347039896995
cuda,MAFAULDA,end_to_end,Full-S1,True,3,20,10.57661697268486
cuda,MAFAULDA,end_to_end,Full-S1,True,3,21,10.514631983824074
cuda,MAFAULDA,end_to_end,Full-S1,True,3,22,10.564688011072576
cuda,MAFAULDA,end_to_end,Full-S1,True,3,23,10.611544013954699
cuda,MAFAULDA,end_to_end,Full-S1,True,3,24,10.575511958450079
cuda,MAFAULDA,end_to_end,Full-S1,True,3,25,10.57686097919941
cuda,MAFAULDA,end_to_end,Full-S1,True,3,26,10.547466983553022
cuda,MAFAULDA,end_to_end,Full-S1,True,3,27,10.55903302039951
cuda,MAFAULDA,end_to_end,Full-S1,True,3,28,10.57841395959258
cuda,MAFAULDA,end_to_end,Full-S1,True,3,29,10.723705985583365
cuda,MAFAULDA,end_to_end,Full-S1,True,3,30,10.61818702146411
cuda,MAFAULDA,end_to_end,Full-S1,True,3,31,10.581724985968322
cuda,MAFAULDA,end_to_end,Full-S1,True,3,32,10.575860040262341
cuda,MAFAULDA,end_to_end,Full-S1,True,3,33,10.57953096460551
cuda,MAFAULDA,end_to_end,Full-S1,True,3,34,10.574339015875012
cuda,MAFAULDA,end_to_end,Full-S1,True,3,35,10.545964993070811
cuda,MAFAULDA,end_to_end,Full-S1,True,3,36,10.536096000578254
cuda,MAFAULDA,end_to_end,Full-S1,True,3,37,10.557133995462209
cuda,MAFAULDA,end_to_end,Full-S1,True,3,38,10.600932000670582
cuda,MAFAULDA,end_to_end,Full-S1,True,3,39,10.559546004515141
cuda,MAFAULDA,end_to_end,Full-S1,True,3,40,10.585230018477887
cuda,MAFAULDA,end_to_end,Full-S1,True,3,41,10.535551002249122
cuda,MAFAULDA,end_to_end,Full-S1,True,3,42,10.560463008005172
cuda,MAFAULDA,end_to_end,Full-S1,True,3,43,10.558313049841672
cuda,MAFAULDA,end_to_end,Full-S1,True,3,44,10.55399898905307
cuda,MAFAULDA,end_to_end,Full-S1,True,3,45,10.567471967078745
cuda,MAFAULDA,end_to_end,Full-S1,True,3,46,10.64240699633956
cuda,MAFAULDA,end_to_end,Full-S1,True,3,47,10.59497200185433
cuda,MAFAULDA,end_to_end,Full-S1,True,3,48,10.735320975072682
cuda,MAFAULDA,end_to_end,Full-S1,True,3,49,10.657988023012877
cuda,MAFAULDA,end_to_end,Full-S1,True,3,50,10.663407971151173
cuda,MAFAULDA,end_to_end,Full-S1,True,3,51,10.607427975628525
cuda,MAFAULDA,end_to_end,Full-S1,True,3,52,10.522107011638582
cuda,MAFAULDA,end_to_end,Full-S1,True,3,53,10.579803958535194
cuda,MAFAULDA,end_to_end,Full-S1,True,3,54,10.624148009810597
cuda,MAFAULDA,end_to_end,Full-S1,True,3,55,10.582301998510957
cuda,MAFAULDA,end_to_end,Full-S1,True,3,56,10.892744990997016
cuda,MAFAULDA,end_to_end,Full-S1,True,3,57,10.840515024028718
cuda,MAFAULDA,end_to_end,Full-S1,True,3,58,10.512024979107082
cuda,MAFAULDA,end_to_end,Full-S1,True,3,59,10.626298026181757
cuda,MAFAULDA,end_to_end,Full-S1,True,3,60,10.537824011407793
cuda,MAFAULDA,end_to_end,Full-S1,True,3,61,10.545209050178528
cuda,MAFAULDA,end_to_end,Full-S1,True,3,62,10.56967896874994
cuda,MAFAULDA,end_to_end,Full-S1,True,3,63,10.723536019213498
cuda,MAFAULDA,end_to_end,Full-S1,True,3,64,10.587317985482514
cuda,MAFAULDA,end_to_end,Full-S1,True,3,65,10.614513012114912
cuda,MAFAULDA,end_to_end,Full-S1,True,3,66,10.595661995466799
cuda,MAFAULDA,end_to_end,Full-S1,True,3,67,10.652703989762813
cuda,MAFAULDA,end_to_end,Full-S1,True,3,68,10.616052022669464
cuda,MAFAULDA,end_to_end,Full-S1,True,3,69,11.01378700695932
cuda,MAFAULDA,end_to_end,Full-S1,True,3,70,10.78652695287019
cuda,MAFAULDA,end_to_end,Full-S1,True,3,71,10.508148989174515
cuda,MAFAULDA,end_to_end,Full-S1,True,3,72,10.594050982035697
cuda,MAFAULDA,end_to_end,Full-S1,True,3,73,10.566331970039755
cuda,MAFAULDA,end_to_end,Full-S1,True,3,74,10.590406018309295
cuda,MAFAULDA,end_to_end,Full-S1,True,3,75,10.58655499946326
cuda,MAFAULDA,end_to_end,Full-S1,True,3,76,10.599216038826853
cuda,MAFAULDA,end_to_end,Full-S1,True,3,77,10.545119002927095
cuda,MAFAULDA,end_to_end,Full-S1,True,3,78,10.574040992651135
cuda,MAFAULDA,end_to_end,Full-S1,True,3,79,10.58845897205174
cuda,MAFAULDA,end_to_end,Full-S1,True,3,80,10.561667033471167
cuda,MAFAULDA,end_to_end,Full-S1,True,3,81,10.619578999467194
cuda,MAFAULDA,end_to_end,Full-S1,True,3,82,10.576776985544711
cuda,MAFAULDA,end_to_end,Full-S1,True,3,83,10.5822550249286
cuda,MAFAULDA,end_to_end,Full-S1,True,3,84,10.771041037514806
cuda,MAFAULDA,end_to_end,Full-S1,True,3,85,10.608674958348274
cuda,MAFAULDA,end_to_end,Full-S1,True,3,86,10.622644040267915
cuda,MAFAULDA,end_to_end,Full-S1,True,3,87,10.575415974017233
cuda,MAFAULDA,end_to_end,Full-S1,True,3,88,10.553692001849413
cuda,MAFAULDA,end_to_end,Full-S1,True,3,89,10.648345982190222
cuda,MAFAULDA,end_to_end,Full-S1,True,3,90,10.704353044275194
cuda,MAFAULDA,end_to_end,Full-S1,True,3,91,10.627501993440092
cuda,MAFAULDA,end_to_end,Full-S1,True,3,92,10.582918010186404
cuda,MAFAULDA,end_to_end,Full-S1,True,3,93,10.644937981851399
cuda,MAFAULDA,end_to_end,Full-S1,True,3,94,10.502793011255562
cuda,MAFAULDA,end_to_end,Full-S1,True,3,95,10.547004989348352
cuda,MAFAULDA,end_to_end,Full-S1,True,3,96,10.65942895365879
cuda,MAFAULDA,end_to_end,Full-S1,True,3,97,10.50648296950385
cuda,MAFAULDA,end_to_end,Full-S1,True,3,98,10.59518096735701
cuda,MAFAULDA,end_to_end,Full-S1,True,3,99,10.556859022472054
cuda,MAFAULDA,end_to_end,Full-S1,True,3,100,10.563249990809709
cuda,MAFAULDA,end_to_end,Full-S1,True,3,101,10.602686030324548
cuda,MAFAULDA,end_to_end,Full-S1,True,3,102,10.554624954238534
cuda,MAFAULDA,end_to_end,Full-S1,True,3,103,10.626315022818744
cuda,MAFAULDA,end_to_end,Full-S1,True,3,104,10.591158992610872
cuda,MAFAULDA,end_to_end,Full-S1,True,3,105,10.653244971763343
cuda,MAFAULDA,end_to_end,Full-S1,True,3,106,10.631337994709611
cuda,MAFAULDA,end_to_end,Full-S1,True,3,107,10.615538980346173
cuda,MAFAULDA,end_to_end,Full-S1,True,3,108,10.608370997942984
cuda,MAFAULDA,end_to_end,Full-S1,True,3,109,10.610072989948094
cuda,MAFAULDA,end_to_end,Full-S1,True,3,110,10.65361697692424
cuda,MAFAULDA,end_to_end,Full-S1,True,3,111,10.622549045365304
cuda,MAFAULDA,end_to_end,Full-S1,True,3,112,10.563571006059647
cuda,MAFAULDA,end_to_end,Full-S1,True,3,113,10.777609015349299
cuda,MAFAULDA,end_to_end,Full-S1,True,3,114,10.725250001996756
cuda,MAFAULDA,end_to_end,Full-S1,True,3,115,10.562315990682691
cuda,MAFAULDA,end_to_end,Full-S1,True,3,116,10.566701006609946
cuda,MAFAULDA,end_to_end,Full-S1,True,3,117,10.682774998713285
cuda,MAFAULDA,end_to_end,Full-S1,True,3,118,10.564142023213208
cuda,MAFAULDA,end_to_end,Full-S1,True,3,119,10.669076000340283
cuda,MAFAULDA,end_to_end,Full-S1,True,3,120,10.583794966805726
cuda,MAFAULDA,end_to_end,Full-S1,True,3,121,10.603256989270449
cuda,MAFAULDA,end_to_end,Full-S1,True,3,122,10.605830990243703
cuda,MAFAULDA,end_to_end,Full-S1,True,3,123,10.873130988329649
cuda,MAFAULDA,end_to_end,Full-S1,True,3,124,10.770531021989882
cuda,MAFAULDA,end_to_end,Full-S1,True,3,125,10.697621968574822
cuda,MAFAULDA,end_to_end,Full-S1,True,3,126,10.691595962271094
cuda,MAFAULDA,end_to_end,Full-S1,True,3,127,10.593104001600295
cuda,MAFAULDA,end_to_end,Full-S1,True,3,128,10.586768970824778
cuda,MAFAULDA,end_to_end,Full-S1,True,3,129,10.596280044410378
cuda,MAFAULDA,end_to_end,Full-S1,True,3,130,10.55142201948911
cuda,MAFAULDA,end_to_end,Full-S1,True,3,131,10.602607973851264
cuda,MAFAULDA,end_to_end,Full-S1,True,3,132,10.641440050676465
cuda,MAFAULDA,end_to_end,Full-S1,True,3,133,10.57015301194042
cuda,MAFAULDA,end_to_end,Full-S1,True,3,134,10.572514031082392
cuda,MAFAULDA,end_to_end,Full-S1,True,3,135,10.5825379723683
cuda,MAFAULDA,end_to_end,Full-S1,True,3,136,10.573472012765706
cuda,MAFAULDA,end_to_end,Full-S1,True,3,137,10.539179027546197
cuda,MAFAULDA,end_to_end,Full-S1,True,3,138,10.768542008008808
cuda,MAFAULDA,end_to_end,Full-S1,True,3,139,10.59148000786081
cuda,MAFAULDA,end_to_end,Full-S1,True,3,140,10.55821101181209
cuda,MAFAULDA,end_to_end,Full-S1,True,3,141,10.603631031699479
cuda,MAFAULDA,end_to_end,Full-S1,True,3,142,10.61182504054159
cuda,MAFAULDA,end_to_end,Full-S1,True,3,143,10.608153999783099
cuda,MAFAULDA,end_to_end,Full-S1,True,3,144,10.643941001035273
cuda,MAFAULDA,end_to_end,Full-S1,True,3,145,10.641129978466779
cuda,MAFAULDA,end_to_end,Full-S1,True,3,146,10.56672603590414
cuda,MAFAULDA,end_to_end,Full-S1,True,3,147,10.542824980802834
cuda,MAFAULDA,end_to_end,Full-S1,True,3,148,10.619945009239018
cuda,MAFAULDA,end_to_end,Full-S1,True,3,149,10.594799008686095
cuda,MAFAULDA,end_to_end,Full-S1,True,3,150,10.569342004600912
cuda,MAFAULDA,end_to_end,Full-S1,True,3,151,10.627032024785876
cuda,MAFAULDA,end_to_end,Full-S1,True,3,152,10.587928001768887
cuda,MAFAULDA,end_to_end,Full-S1,True,3,153,10.576390021014959
cuda,MAFAULDA,end_to_end,Full-S1,True,3,154,10.561847011558712
cuda,MAFAULDA,end_to_end,Full-S1,True,3,155,10.689627029933035
cuda,MAFAULDA,end_to_end,Full-S1,True,3,156,10.520496987737715
cuda,MAFAULDA,end_to_end,Full-S1,True,3,157,10.517847025766969
cuda,MAFAULDA,end_to_end,Full-S1,True,3,158,10.640725027769804
cuda,MAFAULDA,end_to_end,Full-S1,True,3,159,10.528431972488761
cuda,MAFAULDA,end_to_end,Full-S1,True,3,160,10.64957701601088
cuda,MAFAULDA,end_to_end,Full-S1,True,3,161,10.720480000600219
cuda,MAFAULDA,end_to_end,Full-S1,True,3,162,10.574101004749537
cuda,MAFAULDA,end_to_end,Full-S1,True,3,163,10.634700010996312
cuda,MAFAULDA,end_to_end,Full-S1,True,3,164,10.781053977552801
cuda,MAFAULDA,end_to_end,Full-S1,True,3,165,10.581623995676637
cuda,MAFAULDA,end_to_end,Full-S1,True,3,166,10.601296031381935
cuda,MAFAULDA,end_to_end,Full-S1,True,3,167,10.54521999321878
cuda,MAFAULDA,end_to_end,Full-S1,True,3,168,10.539009992498904
cuda,MAFAULDA,end_to_end,Full-S1,True,3,169,10.596634005196393
cuda,MAFAULDA,end_to_end,Full-S1,True,3,170,10.550923005212098
cuda,MAFAULDA,end_to_end,Full-S1,True,3,171,10.573461011517793
cuda,MAFAULDA,end_to_end,Full-S1,True,3,172,10.61872101854533
cuda,MAFAULDA,end_to_end,Full-S1,True,3,173,10.551479004789144
cuda,MAFAULDA,end_to_end,Full-S1,True,3,174,10.52130595780909
cuda,MAFAULDA,end_to_end,Full-S1,True,3,175,10.549661994446069
cuda,MAFAULDA,end_to_end,Full-S1,True,3,176,10.602194990497082
cuda,MAFAULDA,end_to_end,Full-S1,True,3,177,10.666999965906143
cuda,MAFAULDA,end_to_end,Full-S1,True,3,178,10.595439991448075
cuda,MAFAULDA,end_to_end,Full-S1,True,3,179,10.594203020446002
cuda,MAFAULDA,end_to_end,Full-S1,True,3,180,10.53617597790435
cuda,MAFAULDA,end_to_end,Full-S1,True,3,181,10.590514983050525
cuda,MAFAULDA,end_to_end,Full-S1,True,3,182,10.577556036878377
cuda,MAFAULDA,end_to_end,Full-S1,True,3,183,10.624099988490343
cuda,MAFAULDA,end_to_end,Full-S1,True,3,184,10.65374695463106
cuda,MAFAULDA,end_to_end,Full-S1,True,3,185,10.570006037596613
cuda,MAFAULDA,end_to_end,Full-S1,True,3,186,10.636949969921261
cuda,MAFAULDA,end_to_end,Full-S1,True,3,187,10.566866025328636
cuda,MAFAULDA,end_to_end,Full-S1,True,3,188,10.549788014031947
cuda,MAFAULDA,end_to_end,Full-S1,True,3,189,10.54005598416552
cuda,MAFAULDA,end_to_end,Full-S1,True,3,190,10.534231027122587
cuda,MAFAULDA,end_to_end,Full-S1,True,3,191,10.58016496244818
cuda,MAFAULDA,end_to_end,Full-S1,True,3,192,10.628635005559772
cuda,MAFAULDA,end_to_end,Full-S1,True,3,193,10.522116033826023
cuda,MAFAULDA,end_to_end,Full-S1,True,3,194,10.57990500703454
cuda,MAFAULDA,end_to_end,Full-S1,True,3,195,10.627337032929063
cuda,MAFAULDA,end_to_end,Full-S1,True,3,196,10.561224014963955
cuda,MAFAULDA,end_to_end,Full-S1,True,3,197,10.630913020577282
cuda,MAFAULDA,end_to_end,Full-S1,True,3,198,10.563504009041935
cuda,MAFAULDA,end_to_end,Full-S1,True,3,199,10.535119974520057
cuda,MAFAULDA,end_to_end,Full-S1,True,3,200,10.642535984516144
cuda,MAFAULDA,end_to_end,Full-S1,True,3,201,10.568408004473895
cuda,MAFAULDA,end_to_end,Full-S1,True,3,202,10.5817069998011
cuda,MAFAULDA,end_to_end,Full-S1,True,3,203,10.569170000962913
cuda,MAFAULDA,end_to_end,Full-S1,True,3,204,10.674798977561295
cuda,MAFAULDA,end_to_end,Full-S1,True,3,205,10.53155295085162
cuda,MAFAULDA,end_to_end,Full-S1,True,3,206,10.629161959514022
cuda,MAFAULDA,end_to_end,Full-S1,True,3,207,10.630830016452819
cuda,MAFAULDA,end_to_end,Full-S1,True,3,208,10.579647030681372
cuda,MAFAULDA,end_to_end,Full-S1,True,3,209,10.565194010268897
cuda,MAFAULDA,end_to_end,Full-S1,True,3,210,10.644510039128363
cuda,MAFAULDA,end_to_end,Full-S1,True,3,211,10.567015036940575
cuda,MAFAULDA,end_to_end,Full-S1,True,3,212,10.615262028295547
cuda,MAFAULDA,end_to_end,Full-S1,True,3,213,10.597939952276647
cuda,MAFAULDA,end_to_end,Full-S1,True,3,214,10.58227801695466
cuda,MAFAULDA,end_to_end,Full-S1,True,3,215,10.578539979178458
cuda,MAFAULDA,end_to_end,Full-S1,True,3,216,10.670767980627716
cuda,MAFAULDA,end_to_end,Full-S1,True,3,217,10.58514101896435
cuda,MAFAULDA,end_to_end,Full-S1,True,3,218,10.687870031688362
cuda,MAFAULDA,end_to_end,Full-S1,True,3,219,10.670714022126049
cuda,MAFAULDA,end_to_end,Full-S1,True,3,220,10.58722601737827
cuda,MAFAULDA,end_to_end,Full-S1,True,3,221,10.562996962107718
cuda,MAFAULDA,end_to_end,Full-S1,True,3,222,10.680295003112406
cuda,MAFAULDA,end_to_end,Full-S1,True,3,223,10.597859043627977
cuda,MAFAULDA,end_to_end,Full-S1,True,3,224,10.60495397541672
cuda,MAFAULDA,end_to_end,Full-S1,True,3,225,10.588760022073984
cuda,MAFAULDA,end_to_end,Full-S1,True,3,226,10.645297996234149
cuda,MAFAULDA,end_to_end,Full-S1,True,3,227,10.552811028901488
cuda,MAFAULDA,end_to_end,Full-S1,True,3,228,10.548132995609194
cuda,MAFAULDA,end_to_end,Full-S1,True,3,229,10.626565024722368
cuda,MAFAULDA,end_to_end,Full-S1,True,3,230,10.539726994466037
cuda,MAFAULDA,end_to_end,Full-S1,True,3,231,10.54600701900199
cuda,MAFAULDA,end_to_end,Full-S1,True,3,232,10.669095034245402
cuda,MAFAULDA,end_to_end,Full-S1,True,3,233,10.56477997917682
cuda,MAFAULDA,end_to_end,Full-S1,True,3,234,10.576725995633751
cuda,MAFAULDA,end_to_end,Full-S1,True,3,235,10.639433981850743
cuda,MAFAULDA,end_to_end,Full-S1,True,3,236,10.594933992251754
cuda,MAFAULDA,end_to_end,Full-S1,True,3,237,10.531360981985927
cuda,MAFAULDA,end_to_end,Full-S1,True,3,238,10.65171998925507
cuda,MAFAULDA,end_to_end,Full-S1,True,3,239,10.586394986603409
cuda,MAFAULDA,end_to_end,Full-S1,True,3,240,10.539997019805014
cuda,MAFAULDA,end_to_end,Full-S1,True,3,241,10.585171985439956
cuda,MAFAULDA,end_to_end,Full-S1,True,3,242,10.616006038617343
cuda,MAFAULDA,end_to_end,Full-S1,True,3,243,10.631021985318512
cuda,MAFAULDA,end_to_end,Full-S1,True,3,244,10.568720987066627
cuda,MAFAULDA,end_to_end,Full-S1,True,3,245,10.536148969549686
cuda,MAFAULDA,end_to_end,Full-S1,True,3,246,10.566312004812062
cuda,MAFAULDA,end_to_end,Full-S1,True,3,247,10.589952988084406
cuda,MAFAULDA,end_to_end,Full-S1,True,3,248,10.569931007921696
cuda,MAFAULDA,end_to_end,Full-S1,True,3,249,10.548386024311185
