protocol_version,fold_id,dataset,split,window_id,group_id,physical_specimen,recording_id,source_file,mat_variable,source_sha256,official_file_number,original_label,fault_type,fault_severity,bearing,fault_bearing_end,sensor_location,bearing_factor_set,channel,native_sampling_rate_hz,window_duration_seconds,stride_seconds,start_sample,end_sample,rpm,load,or_clock_position
cwru_native12.load.v1,1,CWRU,train,n12L:CWRU:cwru_n12_DE_118:DE:train:0-12000,cwrun12_DE_B007,DE_B007,cwru_n12_DE_118,data/raw/ball/B007_0_DE12k.mat,X118_DE_time,b00628f8dd8d1d930af77fa465d1e5cdb385fe259489053f91f3680bda7f640e,118,B007,ball,7 mil,DE,DE,DE,CWRU_DE_6205,DE,12000,1.0,0.5,0,12000,1796.0,0hp,
cwru_native12.load.v1,1,CWRU,train,n12L:CWRU:cwru_n12_DE_118:DE:train:6000-18000,cwrun12_DE_B007,DE_B007,cwru_n12_DE_118,data/raw/ball/B007_0_DE12k.mat,X118_DE_time,b00628f8dd8d1d930af77fa465d1e5cdb385fe259489053f91f3680bda7f640e,118,B007,ball,7 mil,DE,DE,DE,CWRU_DE_6205,DE,12000,1.0,0.5,6000,18000,1796.0,0hp,
cwru_native12.load.v1,1,CWRU,train,n12L:CWRU:cwru_n12_DE_118:DE:train:12000-24000,cwrun12_DE_B007,DE_B007,cwru_n12_DE_118,data/raw/ball/B007_0_DE12k.mat,X118_DE_time,b00628f8dd8d1d930af77fa465d1e5cdb385fe259489053f91f3680bda7f640e,118,B007,ball,7 mil,DE,DE,DE,CWRU_DE_6205,DE,12000,1.0,0.5,12000,24000,1796.0,0hp,
cwru_native12.load.v1,1,CWRU,train,n12L:CWRU:cwru_n12_DE_118:DE:train:18000-30000,cwrun12_DE_B007,DE_B007,cwru_n12_DE_118,data/raw/ball/B007_0_DE12k.mat,X118_DE_time,b00628f8dd8d1d930af77fa465d1e5cdb385fe259489053f91f3680bda7f640e,118,B007,ball,7 mil,DE,DE,DE,CWRU_DE_6205,DE,12000,1.0,0.5,18000,30000,1796.0,0hp,
cwru_native12.load.v1,1,CWRU,train,n12L:CWRU:cwru_n12_DE_118:DE:train:24000-36000,cwrun12_DE_B007,DE_B007,cwru_n12_DE_118,data/raw/ball/B007_0_DE12k.mat,X118_DE_time,b00628f8dd8d1d930af77fa465d1e5cdb385fe259489053f91f3680bda7f640e,118,B007,ball,7 mil,DE,DE,DE,CWRU_DE_6205,DE,12000,1.0,0.5,24000,36000,1796.0,0hp,
cwru_native12.load.v1,1,CWRU,train,n12L:CWRU:cwru_n12_DE_118:DE:train:30000-42000,cwrun12_DE_B007,DE_B007,cwru_n12_DE_118,data/raw/ball/B007_0_DE12k.mat,X118_DE_time,b00628f8dd8d1d930af77fa465d1e5cdb385fe259489053f91f3680bda7f640e,118,B007,ball,7 mil,DE,DE,DE,CWRU_DE_6205,DE,12000,1.0,0.5,30000,42000,1796.0,0hp,
cwru_native12.load.v1,1,CWRU,train,n12L:CWRU:cwru_n12_DE_118:DE:train:36000-48000,cwrun12_DE_B007,DE_B007,cwru_n12_DE_118,data/raw/ball/B007_0_DE12k.mat,X118_DE_time,b00628f8dd8d1d930af77fa465d1e5cdb385fe259489053f91f3680bda7f640e,118,B007,ball,7 mil,DE,DE,DE,CWRU_DE_6205,DE,12000,1.0,0.5,36000,48000,1796.0,0hp,
cwru_native12.load.v1,1,CWRU,train,n12L:CWRU:cwru_n12_DE_118:DE:train:42000-54000,cwrun12_DE_B007,DE_B007,cwru_n12_DE_118,data/raw/ball/B007_0_DE12k.mat,X118_DE_time,b00628f8dd8d1d930af77fa465d1e5cdb385fe259489053f91f3680bda7f640e,118,B007,ball,7 mil,DE,DE,DE,CWRU_DE_6205,DE,12000,1.0,0.5,42000,54000,1796.0,0hp,
cwru_native12.load.v1,1,CWRU,train,n12L:CWRU:cwru_n12_DE_118:DE:train:48000-60000,cwrun12_DE_B007,DE_B007,cwru_n12_DE_118,data/raw/ball/B007_0_DE12k.mat,X118_DE_time,b00628f8dd8d1d930af77fa465d1e5cdb385fe259489053f91f3680bda7f640e,118,B007,ball,7 mil,DE,DE,DE,CWRU_DE_6205,DE,12000,1.0,0.5,48000,60000,1796.0,0hp,
cwru_native12.load.v1,1,CWRU,train,n12L:CWRU:cwru_n12_DE_118:DE:train:54000-66000,cwrun12_DE_B007,DE_B007,cwru_n12_DE_118,data/raw/ball/B007_0_DE12k.mat,X118_DE_time,b00628f8dd8d1d930af77fa465d1e5cdb385fe259489053f91f3680bda7f640e,118,B007,ball,7 mil,DE,DE,DE,CWRU_DE_6205,DE,12000,1.0,0.5,54000,66000,1796.0,0hp,
cwru_native12.load.v1,1,CWRU,train,n12L:CWRU:cwru_n12_DE_118:DE:train:60000-72000,cwrun12_DE_B007,DE_B007,cwru_n12_DE_118,data/raw/ball/B007_0_DE12k.mat,X118_DE_time,b00628f8dd8d1d930af77fa465d1e5cdb385fe259489053f91f3680bda7f640e,118,B007,ball,7 mil,DE,DE,DE,CWRU_DE_6205,DE,12000,1.0,0.5,60000,72000,1796.0,0hp,
cwru_native12.load.v1,1,CWRU,train,n12L:CWRU:cwru_n12_DE_118:DE:train:66000-78000,cwrun12_DE_B007,DE_B007,cwru_n12_DE_118,data/raw/ball/B007_0_DE12k.mat,X118_DE_time,b00628f8dd8d1d930af77fa465d1e5cdb385fe259489053f91f3680bda7f640e,118,B007,ball,7 mil,DE,DE,DE,CWRU_DE_6205,DE,12000,1.0,0.5,66000,78000,1796.0,0hp,
cwru_native12.load.v1,1,CWRU,train,n12L:CWRU:cwru_n12_DE_118:DE:train:72000-84000,cwrun12_DE_B007,DE_B007,cwru_n12_DE_118,data/raw/ball/B007_0_DE12k.mat,X118_DE_time,b00628f8dd8d1d930af77fa465d1e5cdb385fe259489053f91f3680bda7f640e,118,B007,ball,7 mil,DE,DE,DE,CWRU_DE_6205,DE,12000,1.0,0.5,72000,84000,1796.0,0hp,
cwru_native12.load.v1,1,CWRU,train,n12L:CWRU:cwru_n12_DE_118:DE:train:78000-90000,cwrun12_DE_B007,DE_B007,cwru_n12_DE_118,data/raw/ball/B007_0_DE12k.mat,X118_DE_time,b00628f8dd8d1d930af77fa465d1e5cdb385fe259489053f91f3680bda7f640e,118,B007,ball,7 mil,DE,DE,DE,CWRU_DE_6205,DE,12000,1.0,0.5,78000,90000,1796.0,0hp,
cwru_native12.load.v1,1,CWRU,train,n12L:CWRU:cwru_n12_DE_118:DE:train:84000-96000,cwrun12_DE_B007,DE_B007,cwru_n12_DE_118,data/raw/ball/B007_0_DE12k.mat,X118_DE_time,b00628f8dd8d1d930af77fa465d1e5cdb385fe259489053f91f3680bda7f640e,118,B007,ball,7 mil,DE,DE,DE,CWRU_DE_6205,DE,12000,1.0,0.5,84000,96000,1796.0,0hp,
cwru_native12.load.v1,1,CWRU,train,n12L:CWRU:cwru_n12_DE_118:DE:train:90000-102000,cwrun12_DE_B007,DE_B007,cwru_n12_DE_118,data/raw/ball/B007_0_DE12k.mat,X118_DE_time,b00628f8dd8d1d930af77fa465d1e5cdb385fe259489053f91f3680bda7f640e,118,B007,ball,7 mil,DE,DE,DE,CWRU_DE_6205,DE,12000,1.0,0.5,90000,102000,1796.0,0hp,
cwru_native12.load.v1,1,CWRU,train,n12L:CWRU:cwru_n12_DE_118:DE:train:96000-108000,cwrun12_DE_B007,DE_B007,cwru_n12_DE_118,data/raw/ball/B007_0_DE12k.mat,X118_DE_time,b00628f8dd8d1d930af77fa465d1e5cdb385fe259489053f91f3680bda7f640e,118,B007,ball,7 mil,DE,DE,DE,CWRU_DE_6205,DE,12000,1.0,0.5,96000,108000,1796.0,0hp,
cwru_native12.load.v1,1,CWRU,train,n12L:CWRU:cwru_n12_DE_118:DE:train:102000-114000,cwrun12_DE_B007,DE_B007,cwru_n12_DE_118,data/raw/ball/B007_0_DE12k.mat,X118_DE_time,b00628f8dd8d1d930af77fa465d1e5cdb385fe259489053f91f3680bda7f640e,118,B007,ball,7 mil,DE,DE,DE,CWRU_DE_6205,DE,12000,1.0,0.5,102000,114000,1796.0,0hp,
cwru_native12.load.v1,1,CWRU,train,n12L:CWRU:cwru_n12_DE_118:DE:train:108000-120000,cwrun12_DE_B007,DE_B007,cwru_n12_DE_118,data/raw/ball/B007_0_DE12k.mat,X118_DE_time,b00628f8dd8d1d930af77fa465d1e5cdb385fe259489053f91f3680bda7f640e,118,B007,ball,7 mil,DE,DE,DE,CWRU_DE_6205,DE,12000,1.0,0.5,108000,120000,1796.0,0hp,
cwru_native12.load.v1,1,CWRU,train,n12L:CWRU:cwru_n12_DE_119:DE:train:0-12000,cwrun12_DE_B007,DE_B007,cwru_n12_DE_119,data/raw/ball/B007_1_DE12k.mat,X119_DE_time,bc72d9df7668219e004a0f711232b23ec0aed393eb9bd8f9f5483426f6b51330,119,B007,ball,7 mil,DE,DE,DE,CWRU_DE_6205,DE,12000,1.0,0.5,0,12000,1772.0,1hp,
cwru_native12.load.v1,1,CWRU,train,n12L:CWRU:cwru_n12_DE_119:DE:train:6000-18000,cwrun12_DE_B007,DE_B007,cwru_n12_DE_119,data/raw/ball/B007_1_DE12k.mat,X119_DE_time,bc72d9df7668219e004a0f711232b23ec0aed393eb9bd8f9f5483426f6b51330,119,B007,ball,7 mil,DE,DE,DE,CWRU_DE_6205,DE,12000,1.0,0.5,6000,18000,1772.0,1hp,
cwru_native12.load.v1,1,CWRU,train,n12L:CWRU:cwru_n12_DE_119:DE:train:12000-24000,cwrun12_DE_B007,DE_B007,cwru_n12_DE_119,data/raw/ball/B007_1_DE12k.mat,X119_DE_time,bc72d9df7668219e004a0f711232b23ec0aed393eb9bd8f9f5483426f6b51330,119,B007,ball,7 mil,DE,DE,DE,CWRU_DE_6205,DE,12000,1.0,0.5,12000,24000,1772.0,1hp,
cwru_native12.load.v1,1,CWRU,train,n12L:CWRU:cwru_n12_DE_119:DE:train:18000-30000,cwrun12_DE_B007,DE_B007,cwru_n12_DE_119,data/raw/ball/B007_1_DE12k.mat,X119_DE_time,bc72d9df7668219e004a0f711232b23ec0aed393eb9bd8f9f5483426f6b51330,119,B007,ball,7 mil,DE,DE,DE,CWRU_DE_6205,DE,12000,1.0,0.5,18000,30000,1772.0,1hp,
cwru_native12.load.v1,1,CWRU,train,n12L:CWRU:cwru_n12_DE_119:DE:train:24000-36000,cwrun12_DE_B007,DE_B007,cwru_n12_DE_119,data/raw/ball/B007_1_DE12k.mat,X119_DE_time,bc72d9df7668219e004a0f711232b23ec0aed393eb9bd8f9f5483426f6b51330,119,B007,ball,7 mil,DE,DE,DE,CWRU_DE_6205,DE,12000,1.0,0.5,24000,36000,1772.0,1hp,
cwru_native12.load.v1,1,CWRU,train,n12L:CWRU:cwru_n12_DE_119:DE:train:30000-42000,cwrun12_DE_B007,DE_B007,cwru_n12_DE_119,data/raw/ball/B007_1_DE12k.mat,X119_DE_time,bc72d9df7668219e004a0f711232b23ec0aed393eb9bd8f9f5483426f6b51330,119,B007,ball,7 mil,DE,DE,DE,CWRU_DE_6205,DE,12000,1.0,0.5,30000,42000,1772.0,1hp,
cwru_native12.load.v1,1,CWRU,train,n12L:CWRU:cwru_n12_DE_119:DE:train:36000-48000,cwrun12_DE_B007,DE_B007,cwru_n12_DE_119,data/raw/ball/B007_1_DE12k.mat,X119_DE_time,bc72d9df7668219e004a0f711232b23ec0aed393eb9bd8f9f5483426f6b51330,119,B007,ball,7 mil,DE,DE,DE,CWRU_DE_6205,DE,12000,1.0,0.5,36000,48000,1772.0,1hp,
cwru_native12.load.v1,1,CWRU,train,n12L:CWRU:cwru_n12_DE_119:DE:train:42000-54000,cwrun12_DE_B007,DE_B007,cwru_n12_DE_119,data/raw/ball/B007_1_DE12k.mat,X119_DE_time,bc72d9df7668219e004a0f711232b23ec0aed393eb9bd8f9f5483426f6b51330,119,B007,ball,7 mil,DE,DE,DE,CWRU_DE_6205,DE,12000,1.0,0.5,42000,54000,1772.0,1hp,
cwru_native12.load.v1,1,CWRU,train,n12L:CWRU:cwru_n12_DE_119:DE:train:48000-60000,cwrun12_DE_B007,DE_B007,cwru_n12_DE_119,data/raw/ball/B007_1_DE12k.mat,X119_DE_time,bc72d9df7668219e004a0f711232b23ec0aed393eb9bd8f9f5483426f6b51330,119,B007,ball,7 mil,DE,DE,DE,CWRU_DE_6205,DE,12000,1.0,0.5,48000,60000,1772.0,1hp,
cwru_native12.load.v1,1,CWRU,train,n12L:CWRU:cwru_n12_DE_119:DE:train:54000-66000,cwrun12_DE_B007,DE_B007,cwru_n12_DE_119,data/raw/ball/B007_1_DE12k.mat,X119_DE_time,bc72d9df7668219e004a0f711232b23ec0aed393eb9bd8f9f5483426f6b51330,119,B007,ball,7 mil,DE,DE,DE,CWRU_DE_6205,DE,12000,1.0,0.5,54000,66000,1772.0,1hp,
cwru_native12.load.v1,1,CWRU,train,n12L:CWRU:cwru_n12_DE_119:DE:train:60000-72000,cwrun12_DE_B007,DE_B007,cwru_n12_DE_119,data/raw/ball/B007_1_DE12k.mat,X119_DE_time,bc72d9df7668219e004a0f711232b23ec0aed393eb9bd8f9f5483426f6b51330,119,B007,ball,7 mil,DE,DE,DE,CWRU_DE_6205,DE,12000,1.0,0.5,60000,72000,1772.0,1hp,
cwru_native12.load.v1,1,CWRU,train,n12L:CWRU:cwru_n12_DE_119:DE:train:66000-78000,cwrun12_DE_B007,DE_B007,cwru_n12_DE_119,data/raw/ball/B007_1_DE12k.mat,X119_DE_time,bc72d9df7668219e004a0f711232b23ec0aed393eb9bd8f9f5483426f6b51330,119,B007,ball,7 mil,DE,DE,DE,CWRU_DE_6205,DE,12000,1.0,0.5,66000,78000,1772.0,1hp,
cwru_native12.load.v1,1,CWRU,train,n12L:CWRU:cwru_n12_DE_119:DE:train:72000-84000,cwrun12_DE_B007,DE_B007,cwru_n12_DE_119,data/raw/ball/B007_1_DE12k.mat,X119_DE_time,bc72d9df7668219e004a0f711232b23ec0aed393eb9bd8f9f5483426f6b51330,119,B007,ball,7 mil,DE,DE,DE,CWRU_DE_6205,DE,12000,1.0,0.5,72000,84000,1772.0,1hp,
cwru_native12.load.v1,1,CWRU,train,n12L:CWRU:cwru_n12_DE_119:DE:train:78000-90000,cwrun12_DE_B007,DE_B007,cwru_n12_DE_119,data/raw/ball/B007_1_DE12k.mat,X119_DE_time,bc72d9df7668219e004a0f711232b23ec0aed393eb9bd8f9f5483426f6b51330,119,B007,ball,7 mil,DE,DE,DE,CWRU_DE_6205,DE,12000,1.0,0.5,78000,90000,1772.0,1hp,
cwru_native12.load.v1,1,CWRU,train,n12L:CWRU:cwru_n12_DE_119:DE:train:84000-96000,cwrun12_DE_B007,DE_B007,cwru_n12_DE_119,data/raw/ball/B007_1_DE12k.mat,X119_DE_time,bc72d9df7668219e004a0f711232b23ec0aed393eb9bd8f9f5483426f6b51330,119,B007,ball,7 mil,DE,DE,DE,CWRU_DE_6205,DE,12000,1.0,0.5,84000,96000,1772.0,1hp,
cwru_native12.load.v1,1,CWRU,train,n12L:CWRU:cwru_n12_DE_119:DE:train:90000-102000,cwrun12_DE_B007,DE_B007,cwru_n12_DE_119,data/raw/ball/B007_1_DE12k.mat,X119_DE_time,bc72d9df7668219e004a0f711232b23ec0aed393eb9bd8f9f5483426f6b51330,119,B007,ball,7 mil,DE,DE,DE,CWRU_DE_6205,DE,12000,1.0,0.5,90000,102000,1772.0,1hp,
cwru_native12.load.v1,1,CWRU,train,n12L:CWRU:cwru_n12_DE_119:DE:train:96000-108000,cwrun12_DE_B007,DE_B007,cwru_n12_DE_119,data/raw/ball/B007_1_DE12k.mat,X119_DE_time,bc72d9df7668219e004a0f711232b23ec0aed393eb9bd8f9f5483426f6b51330,119,B007,ball,7 mil,DE,DE,DE,CWRU_DE_6205,DE,12000,1.0,0.5,96000,108000,1772.0,1hp,
cwru_native12.load.v1,1,CWRU,train,n12L:CWRU:cwru_n12_DE_119:DE:train:102000-114000,cwrun12_DE_B007,DE_B007,cwru_n12_DE_119,data/raw/ball/B007_1_DE12k.mat,X119_DE_time,bc72d9df7668219e004a0f711232b23ec0aed393eb9bd8f9f5483426f6b51330,119,B007,ball,7 mil,DE,DE,DE,CWRU_DE_6205,DE,12000,1.0,0.5,102000,114000,1772.0,1hp,
cwru_native12.load.v1,1,CWRU,train,n12L:CWRU:cwru_n12_DE_119:DE:train:108000-120000,cwrun12_DE_B007,DE_B007,cwru_n12_DE_119,data/raw/ball/B007_1_DE12k.mat,X119_DE_time,bc72d9df7668219e004a0f711232b23ec0aed393eb9bd8f9f5483426f6b51330,119,B007,ball,7 mil,DE,DE,DE,CWRU_DE_6205,DE,12000,1.0,0.5,108000,120000,1772.0,1hp,
cwru_native12.load.v1,1,CWRU,validation,n12L:CWRU:cwru_n12_DE_120:DE:validation:0-12000,cwrun12_DE_B007,DE_B007,cwru_n12_DE_120,data/raw/ball/B007_2_DE12k.mat,X120_DE_time,e0b7a584c49af52335ff0904a97d4afcf02d045625c582de63a7c85ce10b489c,120,B007,ball,7 mil,DE,DE,DE,CWRU_DE_6205,DE,12000,1.0,1.0,0,12000,1748.0,2hp,
cwru_native12.load.v1,1,CWRU,validation,n12L:CWRU:cwru_n12_DE_120:DE:validation:12000-24000,cwrun12_DE_B007,DE_B007,cwru_n12_DE_120,data/raw/ball/B007_2_DE12k.mat,X120_DE_time,e0b7a584c49af52335ff0904a97d4afcf02d045625c582de63a7c85ce10b489c,120,B007,ball,7 mil,DE,DE,DE,CWRU_DE_6205,DE,12000,1.0,1.0,12000,24000,1748.0,2hp,
cwru_native12.load.v1,1,CWRU,validation,n12L:CWRU:cwru_n12_DE_120:DE:validation:24000-36000,cwrun12_DE_B007,DE_B007,cwru_n12_DE_120,data/raw/ball/B007_2_DE12k.mat,X120_DE_time,e0b7a584c49af52335ff0904a97d4afcf02d045625c582de63a7c85ce10b489c,120,B007,ball,7 mil,DE,DE,DE,CWRU_DE_6205,DE,12000,1.0,1.0,24000,36000,1748.0,2hp,
cwru_native12.load.v1,1,CWRU,validation,n12L:CWRU:cwru_n12_DE_120:DE:validation:36000-48000,cwrun12_DE_B007,DE_B007,cwru_n12_DE_120,data/raw/ball/B007_2_DE12k.mat,X120_DE_time,e0b7a584c49af52335ff0904a97d4afcf02d045625c582de63a7c85ce10b489c,120,B007,ball,7 mil,DE,DE,DE,CWRU_DE_6205,DE,12000,1.0,1.0,36000,48000,1748.0,2hp,
cwru_native12.load.v1,1,CWRU,validation,n12L:CWRU:cwru_n12_DE_120:DE:validation:48000-60000,cwrun12_DE_B007,DE_B007,cwru_n12_DE_120,data/raw/ball/B007_2_DE12k.mat,X120_DE_time,e0b7a584c49af52335ff0904a97d4afcf02d045625c582de63a7c85ce10b489c,120,B007,ball,7 mil,DE,DE,DE,CWRU_DE_6205,DE,12000,1.0,1.0,48000,60000,1748.0,2hp,
cwru_native12.load.v1,1,CWRU,validation,n12L:CWRU:cwru_n12_DE_120:DE:validation:60000-72000,cwrun12_DE_B007,DE_B007,cwru_n12_DE_120,data/raw/ball/B007_2_DE12k.mat,X120_DE_time,e0b7a584c49af52335ff0904a97d4afcf02d045625c582de63a7c85ce10b489c,120,B007,ball,7 mil,DE,DE,DE,CWRU_DE_6205,DE,12000,1.0,1.0,60000,72000,1748.0,2hp,
cwru_native12.load.v1,1,CWRU,validation,n12L:CWRU:cwru_n12_DE_120:DE:validation:72000-84000,cwrun12_DE_B007,DE_B007,cwru_n12_DE_120,data/raw/ball/B007_2_DE12k.mat,X120_DE_time,e0b7a584c49af52335ff0904a97d4afcf02d045625c582de63a7c85ce10b489c,120,B007,ball,7 mil,DE,DE,DE,CWRU_DE_6205,DE,12000,1.0,1.0,72000,84000,1748.0,2hp,
cwru_native12.load.v1,1,CWRU,validation,n12L:CWRU:cwru_n12_DE_120:DE:validation:84000-96000,cwrun12_DE_B007,DE_B007,cwru_n12_DE_120,data/raw/ball/B007_2_DE12k.mat,X120_DE_time,e0b7a584c49af52335ff0904a97d4afcf02d045625c582de63a7c85ce10b489c,120,B007,ball,7 mil,DE,DE,DE,CWRU_DE_6205,DE,12000,1.0,1.0,84000,96000,1748.0,2hp,
cwru_native12.load.v1,1,CWRU,validation,n12L:CWRU:cwru_n12_DE_120:DE:validation:96000-108000,cwrun12_DE_B007,DE_B007,cwru_n12_DE_120,data/raw/ball/B007_2_DE12k.mat,X120_DE_time,e0b7a584c49af52335ff0904a97d4afcf02d045625c582de63a7c85ce10b489c,120,B007,ball,7 mil,DE,DE,DE,CWRU_DE_6205,DE,12000,1.0,1.0,96000,108000,1748.0,2hp,
cwru_native12.load.v1,1,CWRU,validation,n12L:CWRU:cwru_n12_DE_120:DE:validation:108000-120000,cwrun12_DE_B007,DE_B007,cwru_n12_DE_120,data/raw/ball/B007_2_DE12k.mat,X120_DE_time,e0b7a584c49af52335ff0904a97d4afcf02d045625c582de63a7c85ce10b489c,120,B007,ball,7 mil,DE,DE,DE,CWRU_DE_6205,DE,12000,1.0,1.0,108000,120000,1748.0,2hp,
cwru_native12.load.v1,1,CWRU,test,n12L:CWRU:cwru_n12_DE_121:DE:test:0-12000,cwrun12_DE_B007,DE_B007,cwru_n12_DE_121,data/raw/ball/B007_3_DE12k.mat,X121_DE_time,52f686e984ba8e9b04a047a57416271cdb322cee57ee105dce58926a24b966cb,121,B007,ball,7 mil,DE,DE,DE,CWRU_DE_6205,DE,12000,1.0,1.0,0,12000,1722.0,3hp,
cwru_native12.load.v1,1,CWRU,test,n12L:CWRU:cwru_n12_DE_121:DE:test:12000-24000,cwrun12_DE_B007,DE_B007,cwru_n12_DE_121,data/raw/ball/B007_3_DE12k.mat,X121_DE_time,52f686e984ba8e9b04a047a57416271cdb322cee57ee105dce58926a24b966cb,121,B007,ball,7 mil,DE,DE,DE,CWRU_DE_6205,DE,12000,1.0,1.0,12000,24000,1722.0,3hp,
cwru_native12.load.v1,1,CWRU,test,n12L:CWRU:cwru_n12_DE_121:DE:test:24000-36000,cwrun12_DE_B007,DE_B007,cwru_n12_DE_121,data/raw/ball/B007_3_DE12k.mat,X121_DE_time,52f686e984ba8e9b04a047a57416271cdb322cee57ee105dce58926a24b966cb,121,B007,ball,7 mil,DE,DE,DE,CWRU_DE_6205,DE,12000,1.0,1.0,24000,36000,1722.0,3hp,
cwru_native12.load.v1,1,CWRU,test,n12L:CWRU:cwru_n12_DE_121:DE:test:36000-48000,cwrun12_DE_B007,DE_B007,cwru_n12_DE_121,data/raw/ball/B007_3_DE12k.mat,X121_DE_time,52f686e984ba8e9b04a047a57416271cdb322cee57ee105dce58926a24b966cb,121,B007,ball,7 mil,DE,DE,DE,CWRU_DE_6205,DE,12000,1.0,1.0,36000,48000,1722.0,3hp,
cwru_native12.load.v1,1,CWRU,test,n12L:CWRU:cwru_n12_DE_121:DE:test:48000-60000,cwrun12_DE_B007,DE_B007,cwru_n12_DE_121,data/raw/ball/B007_3_DE12k.mat,X121_DE_time,52f686e984ba8e9b04a047a57416271cdb322cee57ee105dce58926a24b966cb,121,B007,ball,7 mil,DE,DE,DE,CWRU_DE_6205,DE,12000,1.0,1.0,48000,60000,1722.0,3hp,
cwru_native12.load.v1,1,CWRU,test,n12L:CWRU:cwru_n12_DE_121:DE:test:60000-72000,cwrun12_DE_B007,DE_B007,cwru_n12_DE_121,data/raw/ball/B007_3_DE12k.mat,X121_DE_time,52f686e984ba8e9b04a047a57416271cdb322cee57ee105dce58926a24b966cb,121,B007,ball,7 mil,DE,DE,DE,CWRU_DE_6205,DE,12000,1.0,1.0,60000,72000,1722.0,3hp,
cwru_native12.load.v1,1,CWRU,test,n12L:CWRU:cwru_n12_DE_121:DE:test:72000-84000,cwrun12_DE_B007,DE_B007,cwru_n12_DE_121,data/raw/ball/B007_3_DE12k.mat,X121_DE_time,52f686e984ba8e9b04a047a57416271cdb322cee57ee105dce58926a24b966cb,121,B007,ball,7 mil,DE,DE,DE,CWRU_DE_6205,DE,12000,1.0,1.0,72000,84000,1722.0,3hp,
cwru_native12.load.v1,1,CWRU,test,n12L:CWRU:cwru_n12_DE_121:DE:test:84000-96000,cwrun12_DE_B007,DE_B007,cwru_n12_DE_121,data/raw/ball/B007_3_DE12k.mat,X121_DE_time,52f686e984ba8e9b04a047a57416271cdb322cee57ee105dce58926a24b966cb,121,B007,ball,7 mil,DE,DE,DE,CWRU_DE_6205,DE,12000,1.0,1.0,84000,96000,1722.0,3hp,
cwru_native12.load.v1,1,CWRU,test,n12L:CWRU:cwru_n12_DE_121:DE:test:96000-108000,cwrun12_DE_B007,DE_B007,cwru_n12_DE_121,data/raw/ball/B007_3_DE12k.mat,X121_DE_time,52f686e984ba8e9b04a047a57416271cdb322cee57ee105dce58926a24b966cb,121,B007,ball,7 mil,DE,DE,DE,CWRU_DE_6205,DE,12000,1.0,1.0,96000,108000,1722.0,3hp,
cwru_native12.load.v1,1,CWRU,test,n12L:CWRU:cwru_n12_DE_121:DE:test:108000-120000,cwrun12_DE_B007,DE_B007,cwru_n12_DE_121,data/raw/ball/B007_3_DE12k.mat,X121_DE_time,52f686e984ba8e9b04a047a57416271cdb322cee57ee105dce58926a24b966cb,121,B007,ball,7 mil,DE,DE,DE,CWRU_DE_6205,DE,12000,1.0,1.0,108000,120000,1722.0,3hp,
cwru_native12.load.v1,1,CWRU,train,n12L:CWRU:cwru_n12_DE_185:DE:train:0-12000,cwrun12_DE_B014,DE_B014,cwru_n12_DE_185,data/raw/ball/B014_0_DE12k.mat,X185_DE_time,5bea2c60f177215ba3ec4ae287faf745d7e14aed1a12efe9e37b27c27044bafc,185,B014,ball,14 mil,DE,DE,DE,CWRU_DE_6205,DE,12000,1.0,0.5,0,12000,1796.0,0hp,
cwru_native12.load.v1,1,CWRU,train,n12L:CWRU:cwru_n12_DE_185:DE:train:6000-18000,cwrun12_DE_B014,DE_B014,cwru_n12_DE_185,data/raw/ball/B014_0_DE12k.mat,X185_DE_time,5bea2c60f177215ba3ec4ae287faf745d7e14aed1a12efe9e37b27c27044bafc,185,B014,ball,14 mil,DE,DE,DE,CWRU_DE_6205,DE,12000,1.0,0.5,6000,18000,1796.0,0hp,
cwru_native12.load.v1,1,CWRU,train,n12L:CWRU:cwru_n12_DE_185:DE:train:12000-24000,cwrun12_DE_B014,DE_B014,cwru_n12_DE_185,data/raw/ball/B014_0_DE12k.mat,X185_DE_time,5bea2c60f177215ba3ec4ae287faf745d7e14aed1a12efe9e37b27c27044bafc,185,B014,ball,14 mil,DE,DE,DE,CWRU_DE_6205,DE,12000,1.0,0.5,12000,24000,1796.0,0hp,
cwru_native12.load.v1,1,CWRU,train,n12L:CWRU:cwru_n12_DE_185:DE:train:18000-30000,cwrun12_DE_B014,DE_B014,cwru_n12_DE_185,data/raw/ball/B014_0_DE12k.mat,X185_DE_time,5bea2c60f177215ba3ec4ae287faf745d7e14aed1a12efe9e37b27c27044bafc,185,B014,ball,14 mil,DE,DE,DE,CWRU_DE_6205,DE,12000,1.0,0.5,18000,30000,1796.0,0hp,
cwru_native12.load.v1,1,CWRU,train,n12L:CWRU:cwru_n12_DE_185:DE:train:24000-36000,cwrun12_DE_B014,DE_B014,cwru_n12_DE_185,data/raw/ball/B014_0_DE12k.mat,X185_DE_time,5bea2c60f177215ba3ec4ae287faf745d7e14aed1a12efe9e37b27c27044bafc,185,B014,ball,14 mil,DE,DE,DE,CWRU_DE_6205,DE,12000,1.0,0.5,24000,36000,1796.0,0hp,
cwru_native12.load.v1,1,CWRU,train,n12L:CWRU:cwru_n12_DE_185:DE:train:30000-42000,cwrun12_DE_B014,DE_B014,cwru_n12_DE_185,data/raw/ball/B014_0_DE12k.mat,X185_DE_time,5bea2c60f177215ba3ec4ae287faf745d7e14aed1a12efe9e37b27c27044bafc,185,B014,ball,14 mil,DE,DE,DE,CWRU_DE_6205,DE,12000,1.0,0.5,30000,42000,1796.0,0hp,
cwru_native12.load.v1,1,CWRU,train,n12L:CWRU:cwru_n12_DE_185:DE:train:36000-48000,cwrun12_DE_B014,DE_B014,cwru_n12_DE_185,data/raw/ball/B014_0_DE12k.mat,X185_DE_time,5bea2c60f177215ba3ec4ae287faf745d7e14aed1a12efe9e37b27c27044bafc,185,B014,ball,14 mil,DE,DE,DE,CWRU_DE_6205,DE,12000,1.0,0.5,36000,48000,1796.0,0hp,
cwru_native12.load.v1,1,CWRU,train,n12L:CWRU:cwru_n12_DE_185:DE:train:42000-54000,cwrun12_DE_B014,DE_B014,cwru_n12_DE_185,data/raw/ball/B014_0_DE12k.mat,X185_DE_time,5bea2c60f177215ba3ec4ae287faf745d7e14aed1a12efe9e37b27c27044bafc,185,B014,ball,14 mil,DE,DE,DE,CWRU_DE_6205,DE,12000,1.0,0.5,42000,54000,1796.0,0hp,
cwru_native12.load.v1,1,CWRU,train,n12L:CWRU:cwru_n12_DE_185:DE:train:48000-60000,cwrun12_DE_B014,DE_B014,cwru_n12_DE_185,data/raw/ball/B014_0_DE12k.mat,X185_DE_time,5bea2c60f177215ba3ec4ae287faf745d7e14aed1a12efe9e37b27c27044bafc,185,B014,ball,14 mil,DE,DE,DE,CWRU_DE_6205,DE,12000,1.0,0.5,48000,60000,1796.0,0hp,
cwru_native12.load.v1,1,CWRU,train,n12L:CWRU:cwru_n12_DE_185:DE:train:54000-66000,cwrun12_DE_B014,DE_B014,cwru_n12_DE_185,data/raw/ball/B014_0_DE12k.mat,X185_DE_time,5bea2c60f177215ba3ec4ae287faf745d7e14aed1a12efe9e37b27c27044bafc,185,B014,ball,14 mil,DE,DE,DE,CWRU_DE_6205,DE,12000,1.0,0.5,54000,66000,1796.0,0hp,
cwru_native12.load.v1,1,CWRU,train,n12L:CWRU:cwru_n12_DE_185:DE:train:60000-72000,cwrun12_DE_B014,DE_B014,cwru_n12_DE_185,data/raw/ball/B014_0_DE12k.mat,X185_DE_time,5bea2c60f177215ba3ec4ae287faf745d7e14aed1a12efe9e37b27c27044bafc,185,B014,ball,14 mil,DE,DE,DE,CWRU_DE_6205,DE,12000,1.0,0.5,60000,72000,1796.0,0hp,
cwru_native12.load.v1,1,CWRU,train,n12L:CWRU:cwru_n12_DE_185:DE:train:66000-78000,cwrun12_DE_B014,DE_B014,cwru_n12_DE_185,data/raw/ball/B014_0_DE12k.mat,X185_DE_time,5bea2c60f177215ba3ec4ae287faf745d7e14aed1a12efe9e37b27c27044bafc,185,B014,ball,14 mil,DE,DE,DE,CWRU_DE_6205,DE,12000,1.0,0.5,66000,78000,1796.0,0hp,
cwru_native12.load.v1,1,CWRU,train,n12L:CWRU:cwru_n12_DE_185:DE:train:72000-84000,cwrun12_DE_B014,DE_B014,cwru_n12_DE_185,data/raw/ball/B014_0_DE12k.mat,X185_DE_time,5bea2c60f177215ba3ec4ae287faf745d7e14aed1a12efe9e37b27c27044bafc,185,B014,ball,14 mil,DE,DE,DE,CWRU_DE_6205,DE,12000,1.0,0.5,72000,84000,1796.0,0hp,
cwru_native12.load.v1,1,CWRU,train,n12L:CWRU:cwru_n12_DE_185:DE:train:78000-90000,cwrun12_DE_B014,DE_B014,cwru_n12_DE_185,data/raw/ball/B014_0_DE12k.mat,X185_DE_time,5bea2c60f177215ba3ec4ae287faf745d7e14aed1a12efe9e37b27c27044bafc,185,B014,ball,14 mil,DE,DE,DE,CWRU_DE_6205,DE,12000,1.0,0.5,78000,90000,1796.0,0hp,
cwru_native12.load.v1,1,CWRU,train,n12L:CWRU:cwru_n12_DE_185:DE:train:84000-96000,cwrun12_DE_B014,DE_B014,cwru_n12_DE_185,data/raw/ball/B014_0_DE12k.mat,X185_DE_time,5bea2c60f177215ba3ec4ae287faf745d7e14aed1a12efe9e37b27c27044bafc,185,B014,ball,14 mil,DE,DE,DE,CWRU_DE_6205,DE,12000,1.0,0.5,84000,96000,1796.0,0hp,
cwru_native12.load.v1,1,CWRU,train,n12L:CWRU:cwru_n12_DE_185:DE:train:90000-102000,cwrun12_DE_B014,DE_B014,cwru_n12_DE_185,data/raw/ball/B014_0_DE12k.mat,X185_DE_time,5bea2c60f177215ba3ec4ae287faf745d7e14aed1a12efe9e37b27c27044bafc,185,B014,ball,14 mil,DE,DE,DE,CWRU_DE_6205,DE,12000,1.0,0.5,90000,102000,1796.0,0hp,
cwru_native12.load.v1,1,CWRU,train,n12L:CWRU:cwru_n12_DE_185:DE:train:96000-108000,cwrun12_DE_B014,DE_B014,cwru_n12_DE_185,data/raw/ball/B014_0_DE12k.mat,X185_DE_time,5bea2c60f177215ba3ec4ae287faf745d7e14aed1a12efe9e37b27c27044bafc,185,B014,ball,14 mil,DE,DE,DE,CWRU_DE_6205,DE,12000,1.0,0.5,96000,108000,1796.0,0hp,
cwru_native12.load.v1,1,CWRU,train,n12L:CWRU:cwru_n12_DE_185:DE:train:102000-114000,cwrun12_DE_B014,DE_B014,cwru_n12_DE_185,data/raw/ball/B014_0_DE12k.mat,X185_DE_time,5bea2c60f177215ba3ec4ae287faf745d7e14aed1a12efe9e37b27c27044bafc,185,B014,ball,14 mil,DE,DE,DE,CWRU_DE_6205,DE,12000,1.0,0.5,102000,114000,1796.0,0hp,
cwru_native12.load.v1,1,CWRU,train,n12L:CWRU:cwru_n12_DE_185:DE:train:108000-120000,cwrun12_DE_B014,DE_B014,cwru_n12_DE_185,data/raw/ball/B014_0_DE12k.mat,X185_DE_time,5bea2c60f177215ba3ec4ae287faf745d7e14aed1a12efe9e37b27c27044bafc,185,B014,ball,14 mil,DE,DE,DE,CWRU_DE_6205,DE,12000,1.0,0.5,108000,120000,1796.0,0hp,
cwru_native12.load.v1,1,CWRU,train,n12L:CWRU:cwru_n12_DE_186:DE:train:0-12000,cwrun12_DE_B014,DE_B014,cwru_n12_DE_186,data/raw/ball/B014_1_DE12k.mat,X186_DE_time,1b3b6f3ad38e891feaa8026fe957b34f62f9082785089cc74f6878acdfe88ec5,186,B014,ball,14 mil,DE,DE,DE,CWRU_DE_6205,DE,12000,1.0,0.5,0,12000,1772.0,1hp,
cwru_native12.load.v1,1,CWRU,train,n12L:CWRU:cwru_n12_DE_186:DE:train:6000-18000,cwrun12_DE_B014,DE_B014,cwru_n12_DE_186,data/raw/ball/B014_1_DE12k.mat,X186_DE_time,1b3b6f3ad38e891feaa8026fe957b34f62f9082785089cc74f6878acdfe88ec5,186,B014,ball,14 mil,DE,DE,DE,CWRU_DE_6205,DE,12000,1.0,0.5,6000,18000,1772.0,1hp,
cwru_native12.load.v1,1,CWRU,train,n12L:CWRU:cwru_n12_DE_186:DE:train:12000-24000,cwrun12_DE_B014,DE_B014,cwru_n12_DE_186,data/raw/ball/B014_1_DE12k.mat,X186_DE_time,1b3b6f3ad38e891feaa8026fe957b34f62f9082785089cc74f6878acdfe88ec5,186,B014,ball,14 mil,DE,DE,DE,CWRU_DE_6205,DE,12000,1.0,0.5,12000,24000,1772.0,1hp,
cwru_native12.load.v1,1,CWRU,train,n12L:CWRU:cwru_n12_DE_186:DE:train:18000-30000,cwrun12_DE_B014,DE_B014,cwru_n12_DE_186,data/raw/ball/B014_1_DE12k.mat,X186_DE_time,1b3b6f3ad38e891feaa8026fe957b34f62f9082785089cc74f6878acdfe88ec5,186,B014,ball,14 mil,DE,DE,DE,CWRU_DE_6205,DE,12000,1.0,0.5,18000,30000,1772.0,1hp,
cwru_native12.load.v1,1,CWRU,train,n12L:CWRU:cwru_n12_DE_186:DE:train:24000-36000,cwrun12_DE_B014,DE_B014,cwru_n12_DE_186,data/raw/ball/B014_1_DE12k.mat,X186_DE_time,1b3b6f3ad38e891feaa8026fe957b34f62f9082785089cc74f6878acdfe88ec5,186,B014,ball,14 mil,DE,DE,DE,CWRU_DE_6205,DE,12000,1.0,0.5,24000,36000,1772.0,1hp,
cwru_native12.load.v1,1,CWRU,train,n12L:CWRU:cwru_n12_DE_186:DE:train:30000-42000,cwrun12_DE_B014,DE_B014,cwru_n12_DE_186,data/raw/ball/B014_1_DE12k.mat,X186_DE_time,1b3b6f3ad38e891feaa8026fe957b34f62f9082785089cc74f6878acdfe88ec5,186,B014,ball,14 mil,DE,DE,DE,CWRU_DE_6205,DE,12000,1.0,0.5,30000,42000,1772.0,1hp,
cwru_native12.load.v1,1,CWRU,train,n12L:CWRU:cwru_n12_DE_186:DE:train:36000-48000,cwrun12_DE_B014,DE_B014,cwru_n12_DE_186,data/raw/ball/B014_1_DE12k.mat,X186_DE_time,1b3b6f3ad38e891feaa8026fe957b34f62f9082785089cc74f6878acdfe88ec5,186,B014,ball,14 mil,DE,DE,DE,CWRU_DE_6205,DE,12000,1.0,0.5,36000,48000,1772.0,1hp,
cwru_native12.load.v1,1,CWRU,train,n12L:CWRU:cwru_n12_DE_186:DE:train:42000-54000,cwrun12_DE_B014,DE_B014,cwru_n12_DE_186,data/raw/ball/B014_1_DE12k.mat,X186_DE_time,1b3b6f3ad38e891feaa8026fe957b34f62f9082785089cc74f6878acdfe88ec5,186,B014,ball,14 mil,DE,DE,DE,CWRU_DE_6205,DE,12000,1.0,0.5,42000,54000,1772.0,1hp,
cwru_native12.load.v1,1,CWRU,train,n12L:CWRU:cwru_n12_DE_186:DE:train:48000-60000,cwrun12_DE_B014,DE_B014,cwru_n12_DE_186,data/raw/ball/B014_1_DE12k.mat,X186_DE_time,1b3b6f3ad38e891feaa8026fe957b34f62f9082785089cc74f6878acdfe88ec5,186,B014,ball,14 mil,DE,DE,DE,CWRU_DE_6205,DE,12000,1.0,0.5,48000,60000,1772.0,1hp,
cwru_native12.load.v1,1,CWRU,train,n12L:CWRU:cwru_n12_DE_186:DE:train:54000-66000,cwrun12_DE_B014,DE_B014,cwru_n12_DE_186,data/raw/ball/B014_1_DE12k.mat,X186_DE_time,1b3b6f3ad38e891feaa8026fe957b34f62f9082785089cc74f6878acdfe88ec5,186,B014,ball,14 mil,DE,DE,DE,CWRU_DE_6205,DE,12000,1.0,0.5,54000,66000,1772.0,1hp,
cwru_native12.load.v1,1,CWRU,train,n12L:CWRU:cwru_n12_DE_186:DE:train:60000-72000,cwrun12_DE_B014,DE_B014,cwru_n12_DE_186,data/raw/ball/B014_1_DE12k.mat,X186_DE_time,1b3b6f3ad38e891feaa8026fe957b34f62f9082785089cc74f6878acdfe88ec5,186,B014,ball,14 mil,DE,DE,DE,CWRU_DE_6205,DE,12000,1.0,0.5,60000,72000,1772.0,1hp,
cwru_native12.load.v1,1,CWRU,train,n12L:CWRU:cwru_n12_DE_186:DE:train:66000-78000,cwrun12_DE_B014,DE_B014,cwru_n12_DE_186,data/raw/ball/B014_1_DE12k.mat,X186_DE_time,1b3b6f3ad38e891feaa8026fe957b34f62f9082785089cc74f6878acdfe88ec5,186,B014,ball,14 mil,DE,DE,DE,CWRU_DE_6205,DE,12000,1.0,0.5,66000,78000,1772.0,1hp,
cwru_native12.load.v1,1,CWRU,train,n12L:CWRU:cwru_n12_DE_186:DE:train:72000-84000,cwrun12_DE_B014,DE_B014,cwru_n12_DE_186,data/raw/ball/B014_1_DE12k.mat,X186_DE_time,1b3b6f3ad38e891feaa8026fe957b34f62f9082785089cc74f6878acdfe88ec5,186,B014,ball,14 mil,DE,DE,DE,CWRU_DE_6205,DE,12000,1.0,0.5,72000,84000,1772.0,1hp,
cwru_native12.load.v1,1,CWRU,train,n12L:CWRU:cwru_n12_DE_186:DE:train:78000-90000,cwrun12_DE_B014,DE_B014,cwru_n12_DE_186,data/raw/ball/B014_1_DE12k.mat,X186_DE_time,1b3b6f3ad38e891feaa8026fe957b34f62f9082785089cc74f6878acdfe88ec5,186,B014,ball,14 mil,DE,DE,DE,CWRU_DE_6205,DE,12000,1.0,0.5,78000,90000,1772.0,1hp,
cwru_native12.load.v1,1,CWRU,train,n12L:CWRU:cwru_n12_DE_186:DE:train:84000-96000,cwrun12_DE_B014,DE_B014,cwru_n12_DE_186,data/raw/ball/B014_1_DE12k.mat,X186_DE_time,1b3b6f3ad38e891feaa8026fe957b34f62f9082785089cc74f6878acdfe88ec5,186,B014,ball,14 mil,DE,DE,DE,CWRU_DE_6205,DE,12000,1.0,0.5,84000,96000,1772.0,1hp,
cwru_native12.load.v1,1,CWRU,train,n12L:CWRU:cwru_n12_DE_186:DE:train:90000-102000,cwrun12_DE_B014,DE_B014,cwru_n12_DE_186,data/raw/ball/B014_1_DE12k.mat,X186_DE_time,1b3b6f3ad38e891feaa8026fe957b34f62f9082785089cc74f6878acdfe88ec5,186,B014,ball,14 mil,DE,DE,DE,CWRU_DE_6205,DE,12000,1.0,0.5,90000,102000,1772.0,1hp,
cwru_native12.load.v1,1,CWRU,train,n12L:CWRU:cwru_n12_DE_186:DE:train:96000-108000,cwrun12_DE_B014,DE_B014,cwru_n12_DE_186,data/raw/ball/B014_1_DE12k.mat,X186_DE_time,1b3b6f3ad38e891feaa8026fe957b34f62f9082785089cc74f6878acdfe88ec5,186,B014,ball,14 mil,DE,DE,DE,CWRU_DE_6205,DE,12000,1.0,0.5,96000,108000,1772.0,1hp,
cwru_native12.load.v1,1,CWRU,train,n12L:CWRU:cwru_n12_DE_186:DE:train:102000-114000,cwrun12_DE_B014,DE_B014,cwru_n12_DE_186,data/raw/ball/B014_1_DE12k.mat,X186_DE_time,1b3b6f3ad38e891feaa8026fe957b34f62f9082785089cc74f6878acdfe88ec5,186,B014,ball,14 mil,DE,DE,DE,CWRU_DE_6205,DE,12000,1.0,0.5,102000,114000,1772.0,1hp,
cwru_native12.load.v1,1,CWRU,train,n12L:CWRU:cwru_n12_DE_186:DE:train:108000-120000,cwrun12_DE_B014,DE_B014,cwru_n12_DE_186,data/raw/ball/B014_1_DE12k.mat,X186_DE_time,1b3b6f3ad38e891feaa8026fe957b34f62f9082785089cc74f6878acdfe88ec5,186,B014,ball,14 mil,DE,DE,DE,CWRU_DE_6205,DE,12000,1.0,0.5,108000,120000,1772.0,1hp,
cwru_native12.load.v1,1,CWRU,validation,n12L:CWRU:cwru_n12_DE_187:DE:validation:0-12000,cwrun12_DE_B014,DE_B014,cwru_n12_DE_187,data/raw/ball/B014_2_DE12k.mat,X187_DE_time,0f1338cce89beb5c8d8e5e154579bc576354e7c7d1617ebd1759662c6f3100b2,187,B014,ball,14 mil,DE,DE,DE,CWRU_DE_6205,DE,12000,1.0,1.0,0,12000,1749.0,2hp,
cwru_native12.load.v1,1,CWRU,validation,n12L:CWRU:cwru_n12_DE_187:DE:validation:12000-24000,cwrun12_DE_B014,DE_B014,cwru_n12_DE_187,data/raw/ball/B014_2_DE12k.mat,X187_DE_time,0f1338cce89beb5c8d8e5e154579bc576354e7c7d1617ebd1759662c6f3100b2,187,B014,ball,14 mil,DE,DE,DE,CWRU_DE_6205,DE,12000,1.0,1.0,12000,24000,1749.0,2hp,
cwru_native12.load.v1,1,CWRU,validation,n12L:CWRU:cwru_n12_DE_187:DE:validation:24000-36000,cwrun12_DE_B014,DE_B014,cwru_n12_DE_187,data/raw/ball/B014_2_DE12k.mat,X187_DE_time,0f1338cce89beb5c8d8e5e154579bc576354e7c7d1617ebd1759662c6f3100b2,187,B014,ball,14 mil,DE,DE,DE,CWRU_DE_6205,DE,12000,1.0,1.0,24000,36000,1749.0,2hp,
cwru_native12.load.v1,1,CWRU,validation,n12L:CWRU:cwru_n12_DE_187:DE:validation:36000-48000,cwrun12_DE_B014,DE_B014,cwru_n12_DE_187,data/raw/ball/B014_2_DE12k.mat,X187_DE_time,0f1338cce89beb5c8d8e5e154579bc576354e7c7d1617ebd1759662c6f3100b2,187,B014,ball,14 mil,DE,DE,DE,CWRU_DE_6205,DE,12000,1.0,1.0,36000,48000,1749.0,2hp,
cwru_native12.load.v1,1,CWRU,validation,n12L:CWRU:cwru_n12_DE_187:DE:validation:48000-60000,cwrun12_DE_B014,DE_B014,cwru_n12_DE_187,data/raw/ball/B014_2_DE12k.mat,X187_DE_time,0f1338cce89beb5c8d8e5e154579bc576354e7c7d1617ebd1759662c6f3100b2,187,B014,ball,14 mil,DE,DE,DE,CWRU_DE_6205,DE,12000,1.0,1.0,48000,60000,1749.0,2hp,
cwru_native12.load.v1,1,CWRU,validation,n12L:CWRU:cwru_n12_DE_187:DE:validation:60000-72000,cwrun12_DE_B014,DE_B014,cwru_n12_DE_187,data/raw/ball/B014_2_DE12k.mat,X187_DE_time,0f1338cce89beb5c8d8e5e154579bc576354e7c7d1617ebd1759662c6f3100b2,187,B014,ball,14 mil,DE,DE,DE,CWRU_DE_6205,DE,12000,1.0,1.0,60000,72000,1749.0,2hp,
cwru_native12.load.v1,1,CWRU,validation,n12L:CWRU:cwru_n12_DE_187:DE:validation:72000-84000,cwrun12_DE_B014,DE_B014,cwru_n12_DE_187,data/raw/ball/B014_2_DE12k.mat,X187_DE_time,0f1338cce89beb5c8d8e5e154579bc576354e7c7d1617ebd1759662c6f3100b2,187,B014,ball,14 mil,DE,DE,DE,CWRU_DE_6205,DE,12000,1.0,1.0,72000,84000,1749.0,2hp,
cwru_native12.load.v1,1,CWRU,validation,n12L:CWRU:cwru_n12_DE_187:DE:validation:84000-96000,cwrun12_DE_B014,DE_B014,cwru_n12_DE_187,data/raw/ball/B014_2_DE12k.mat,X187_DE_time,0f1338cce89beb5c8d8e5e154579bc576354e7c7d1617ebd1759662c6f3100b2,187,B014,ball,14 mil,DE,DE,DE,CWRU_DE_6205,DE,12000,1.0,1.0,84000,96000,1749.0,2hp,
cwru_native12.load.v1,1,CWRU,validation,n12L:CWRU:cwru_n12_DE_187:DE:validation:96000-108000,cwrun12_DE_B014,DE_B014,cwru_n12_DE_187,data/raw/ball/B014_2_DE12k.mat,X187_DE_time,0f1338cce89beb5c8d8e5e154579bc576354e7c7d1617ebd1759662c6f3100b2,187,B014,ball,14 mil,DE,DE,DE,CWRU_DE_6205,DE,12000,1.0,1.0,96000,108000,1749.0,2hp,
cwru_native12.load.v1,1,CWRU,validation,n12L:CWRU:cwru_n12_DE_187:DE:validation:108000-120000,cwrun12_DE_B014,DE_B014,cwru_n12_DE_187,data/raw/ball/B014_2_DE12k.mat,X187_DE_time,0f1338cce89beb5c8d8e5e154579bc576354e7c7d1617ebd1759662c6f3100b2,187,B014,ball,14 mil,DE,DE,DE,CWRU_DE_6205,DE,12000,1.0,1.0,108000,120000,1749.0,2hp,
cwru_native12.load.v1,1,CWRU,test,n12L:CWRU:cwru_n12_DE_188:DE:test:0-12000,cwrun12_DE_B014,DE_B014,cwru_n12_DE_188,data/raw/ball/B014_3_DE12k.mat,X188_DE_time,1981614324d653c2522bea68fd4fd87e337495b117d12596db67abd1e10e7443,188,B014,ball,14 mil,DE,DE,DE,CWRU_DE_6205,DE,12000,1.0,1.0,0,12000,1724.0,3hp,
cwru_native12.load.v1,1,CWRU,test,n12L:CWRU:cwru_n12_DE_188:DE:test:12000-24000,cwrun12_DE_B014,DE_B014,cwru_n12_DE_188,data/raw/ball/B014_3_DE12k.mat,X188_DE_time,1981614324d653c2522bea68fd4fd87e337495b117d12596db67abd1e10e7443,188,B014,ball,14 mil,DE,DE,DE,CWRU_DE_6205,DE,12000,1.0,1.0,12000,24000,1724.0,3hp,
cwru_native12.load.v1,1,CWRU,test,n12L:CWRU:cwru_n12_DE_188:DE:test:24000-36000,cwrun12_DE_B014,DE_B014,cwru_n12_DE_188,data/raw/ball/B014_3_DE12k.mat,X188_DE_time,1981614324d653c2522bea68fd4fd87e337495b117d12596db67abd1e10e7443,188,B014,ball,14 mil,DE,DE,DE,CWRU_DE_6205,DE,12000,1.0,1.0,24000,36000,1724.0,3hp,
cwru_native12.load.v1,1,CWRU,test,n12L:CWRU:cwru_n12_DE_188:DE:test:36000-48000,cwrun12_DE_B014,DE_B014,cwru_n12_DE_188,data/raw/ball/B014_3_DE12k.mat,X188_DE_time,1981614324d653c2522bea68fd4fd87e337495b117d12596db67abd1e10e7443,188,B014,ball,14 mil,DE,DE,DE,CWRU_DE_6205,DE,12000,1.0,1.0,36000,48000,1724.0,3hp,
cwru_native12.load.v1,1,CWRU,test,n12L:CWRU:cwru_n12_DE_188:DE:test:48000-60000,cwrun12_DE_B014,DE_B014,cwru_n12_DE_188,data/raw/ball/B014_3_DE12k.mat,X188_DE_time,1981614324d653c2522bea68fd4fd87e337495b117d12596db67abd1e10e7443,188,B014,ball,14 mil,DE,DE,DE,CWRU_DE_6205,DE,12000,1.0,1.0,48000,60000,1724.0,3hp,
cwru_native12.load.v1,1,CWRU,test,n12L:CWRU:cwru_n12_DE_188:DE:test:60000-72000,cwrun12_DE_B014,DE_B014,cwru_n12_DE_188,data/raw/ball/B014_3_DE12k.mat,X188_DE_time,1981614324d653c2522bea68fd4fd87e337495b117d12596db67abd1e10e7443,188,B014,ball,14 mil,DE,DE,DE,CWRU_DE_6205,DE,12000,1.0,1.0,60000,72000,1724.0,3hp,
cwru_native12.load.v1,1,CWRU,test,n12L:CWRU:cwru_n12_DE_188:DE:test:72000-84000,cwrun12_DE_B014,DE_B014,cwru_n12_DE_188,data/raw/ball/B014_3_DE12k.mat,X188_DE_time,1981614324d653c2522bea68fd4fd87e337495b117d12596db67abd1e10e7443,188,B014,ball,14 mil,DE,DE,DE,CWRU_DE_6205,DE,12000,1.0,1.0,72000,84000,1724.0,3hp,
cwru_native12.load.v1,1,CWRU,test,n12L:CWRU:cwru_n12_DE_188:DE:test:84000-96000,cwrun12_DE_B014,DE_B014,cwru_n12_DE_188,data/raw/ball/B014_3_DE12k.mat,X188_DE_time,1981614324d653c2522bea68fd4fd87e337495b117d12596db67abd1e10e7443,188,B014,ball,14 mil,DE,DE,DE,CWRU_DE_6205,DE,12000,1.0,1.0,84000,96000,1724.0,3hp,
cwru_native12.load.v1,1,CWRU,test,n12L:CWRU:cwru_n12_DE_188:DE:test:96000-108000,cwrun12_DE_B014,DE_B014,cwru_n12_DE_188,data/raw/ball/B014_3_DE12k.mat,X188_DE_time,1981614324d653c2522bea68fd4fd87e337495b117d12596db67abd1e10e7443,188,B014,ball,14 mil,DE,DE,DE,CWRU_DE_6205,DE,12000,1.0,1.0,96000,108000,1724.0,3hp,
cwru_native12.load.v1,1,CWRU,test,n12L:CWRU:cwru_n12_DE_188:DE:test:108000-120000,cwrun12_DE_B014,DE_B014,cwru_n12_DE_188,data/raw/ball/B014_3_DE12k.mat,X188_DE_time,1981614324d653c2522bea68fd4fd87e337495b117d12596db67abd1e10e7443,188,B014,ball,14 mil,DE,DE,DE,CWRU_DE_6205,DE,12000,1.0,1.0,108000,120000,1724.0,3hp,
cwru_native12.load.v1,1,CWRU,train,n12L:CWRU:cwru_n12_DE_222:DE:train:0-12000,cwrun12_DE_B021,DE_B021,cwru_n12_DE_222,data/raw/ball/B021_0_DE12k.mat,X222_DE_time,fcc0ee740fa123b1f4683f555458891719efb2857afd9fdee63e8fde0ed14469,222,B021,ball,21 mil,DE,DE,DE,CWRU_DE_6205,DE,12000,1.0,0.5,0,12000,1796.0,0hp,
cwru_native12.load.v1,1,CWRU,train,n12L:CWRU:cwru_n12_DE_222:DE:train:6000-18000,cwrun12_DE_B021,DE_B021,cwru_n12_DE_222,data/raw/ball/B021_0_DE12k.mat,X222_DE_time,fcc0ee740fa123b1f4683f555458891719efb2857afd9fdee63e8fde0ed14469,222,B021,ball,21 mil,DE,DE,DE,CWRU_DE_6205,DE,12000,1.0,0.5,6000,18000,1796.0,0hp,
cwru_native12.load.v1,1,CWRU,train,n12L:CWRU:cwru_n12_DE_222:DE:train:12000-24000,cwrun12_DE_B021,DE_B021,cwru_n12_DE_222,data/raw/ball/B021_0_DE12k.mat,X222_DE_time,fcc0ee740fa123b1f4683f555458891719efb2857afd9fdee63e8fde0ed14469,222,B021,ball,21 mil,DE,DE,DE,CWRU_DE_6205,DE,12000,1.0,0.5,12000,24000,1796.0,0hp,
cwru_native12.load.v1,1,CWRU,train,n12L:CWRU:cwru_n12_DE_222:DE:train:18000-30000,cwrun12_DE_B021,DE_B021,cwru_n12_DE_222,data/raw/ball/B021_0_DE12k.mat,X222_DE_time,fcc0ee740fa123b1f4683f555458891719efb2857afd9fdee63e8fde0ed14469,222,B021,ball,21 mil,DE,DE,DE,CWRU_DE_6205,DE,12000,1.0,0.5,18000,30000,1796.0,0hp,
cwru_native12.load.v1,1,CWRU,train,n12L:CWRU:cwru_n12_DE_222:DE:train:24000-36000,cwrun12_DE_B021,DE_B021,cwru_n12_DE_222,data/raw/ball/B021_0_DE12k.mat,X222_DE_time,fcc0ee740fa123b1f4683f555458891719efb2857afd9fdee63e8fde0ed14469,222,B021,ball,21 mil,DE,DE,DE,CWRU_DE_6205,DE,12000,1.0,0.5,24000,36000,1796.0,0hp,
cwru_native12.load.v1,1,CWRU,train,n12L:CWRU:cwru_n12_DE_222:DE:train:30000-42000,cwrun12_DE_B021,DE_B021,cwru_n12_DE_222,data/raw/ball/B021_0_DE12k.mat,X222_DE_time,fcc0ee740fa123b1f4683f555458891719efb2857afd9fdee63e8fde0ed14469,222,B021,ball,21 mil,DE,DE,DE,CWRU_DE_6205,DE,12000,1.0,0.5,30000,42000,1796.0,0hp,
cwru_native12.load.v1,1,CWRU,train,n12L:CWRU:cwru_n12_DE_222:DE:train:36000-48000,cwrun12_DE_B021,DE_B021,cwru_n12_DE_222,data/raw/ball/B021_0_DE12k.mat,X222_DE_time,fcc0ee740fa123b1f4683f555458891719efb2857afd9fdee63e8fde0ed14469,222,B021,ball,21 mil,DE,DE,DE,CWRU_DE_6205,DE,12000,1.0,0.5,36000,48000,1796.0,0hp,
cwru_native12.load.v1,1,CWRU,train,n12L:CWRU:cwru_n12_DE_222:DE:train:42000-54000,cwrun12_DE_B021,DE_B021,cwru_n12_DE_222,data/raw/ball/B021_0_DE12k.mat,X222_DE_time,fcc0ee740fa123b1f4683f555458891719efb2857afd9fdee63e8fde0ed14469,222,B021,ball,21 mil,DE,DE,DE,CWRU_DE_6205,DE,12000,1.0,0.5,42000,54000,1796.0,0hp,
cwru_native12.load.v1,1,CWRU,train,n12L:CWRU:cwru_n12_DE_222:DE:train:48000-60000,cwrun12_DE_B021,DE_B021,cwru_n12_DE_222,data/raw/ball/B021_0_DE12k.mat,X222_DE_time,fcc0ee740fa123b1f4683f555458891719efb2857afd9fdee63e8fde0ed14469,222,B021,ball,21 mil,DE,DE,DE,CWRU_DE_6205,DE,12000,1.0,0.5,48000,60000,1796.0,0hp,
cwru_native12.load.v1,1,CWRU,train,n12L:CWRU:cwru_n12_DE_222:DE:train:54000-66000,cwrun12_DE_B021,DE_B021,cwru_n12_DE_222,data/raw/ball/B021_0_DE12k.mat,X222_DE_time,fcc0ee740fa123b1f4683f555458891719efb2857afd9fdee63e8fde0ed14469,222,B021,ball,21 mil,DE,DE,DE,CWRU_DE_6205,DE,12000,1.0,0.5,54000,66000,1796.0,0hp,
cwru_native12.load.v1,1,CWRU,train,n12L:CWRU:cwru_n12_DE_222:DE:train:60000-72000,cwrun12_DE_B021,DE_B021,cwru_n12_DE_222,data/raw/ball/B021_0_DE12k.mat,X222_DE_time,fcc0ee740fa123b1f4683f555458891719efb2857afd9fdee63e8fde0ed14469,222,B021,ball,21 mil,DE,DE,DE,CWRU_DE_6205,DE,12000,1.0,0.5,60000,72000,1796.0,0hp,
cwru_native12.load.v1,1,CWRU,train,n12L:CWRU:cwru_n12_DE_222:DE:train:66000-78000,cwrun12_DE_B021,DE_B021,cwru_n12_DE_222,data/raw/ball/B021_0_DE12k.mat,X222_DE_time,fcc0ee740fa123b1f4683f555458891719efb2857afd9fdee63e8fde0ed14469,222,B021,ball,21 mil,DE,DE,DE,CWRU_DE_6205,DE,12000,1.0,0.5,66000,78000,1796.0,0hp,
cwru_native12.load.v1,1,CWRU,train,n12L:CWRU:cwru_n12_DE_222:DE:train:72000-84000,cwrun12_DE_B021,DE_B021,cwru_n12_DE_222,data/raw/ball/B021_0_DE12k.mat,X222_DE_time,fcc0ee740fa123b1f4683f555458891719efb2857afd9fdee63e8fde0ed14469,222,B021,ball,21 mil,DE,DE,DE,CWRU_DE_6205,DE,12000,1.0,0.5,72000,84000,1796.0,0hp,
cwru_native12.load.v1,1,CWRU,train,n12L:CWRU:cwru_n12_DE_222:DE:train:78000-90000,cwrun12_DE_B021,DE_B021,cwru_n12_DE_222,data/raw/ball/B021_0_DE12k.mat,X222_DE_time,fcc0ee740fa123b1f4683f555458891719efb2857afd9fdee63e8fde0ed14469,222,B021,ball,21 mil,DE,DE,DE,CWRU_DE_6205,DE,12000,1.0,0.5,78000,90000,1796.0,0hp,
cwru_native12.load.v1,1,CWRU,train,n12L:CWRU:cwru_n12_DE_222:DE:train:84000-96000,cwrun12_DE_B021,DE_B021,cwru_n12_DE_222,data/raw/ball/B021_0_DE12k.mat,X222_DE_time,fcc0ee740fa123b1f4683f555458891719efb2857afd9fdee63e8fde0ed14469,222,B021,ball,21 mil,DE,DE,DE,CWRU_DE_6205,DE,12000,1.0,0.5,84000,96000,1796.0,0hp,
cwru_native12.load.v1,1,CWRU,train,n12L:CWRU:cwru_n12_DE_222:DE:train:90000-102000,cwrun12_DE_B021,DE_B021,cwru_n12_DE_222,data/raw/ball/B021_0_DE12k.mat,X222_DE_time,fcc0ee740fa123b1f4683f555458891719efb2857afd9fdee63e8fde0ed14469,222,B021,ball,21 mil,DE,DE,DE,CWRU_DE_6205,DE,12000,1.0,0.5,90000,102000,1796.0,0hp,
cwru_native12.load.v1,1,CWRU,train,n12L:CWRU:cwru_n12_DE_222:DE:train:96000-108000,cwrun12_DE_B021,DE_B021,cwru_n12_DE_222,data/raw/ball/B021_0_DE12k.mat,X222_DE_time,fcc0ee740fa123b1f4683f555458891719efb2857afd9fdee63e8fde0ed14469,222,B021,ball,21 mil,DE,DE,DE,CWRU_DE_6205,DE,12000,1.0,0.5,96000,108000,1796.0,0hp,
cwru_native12.load.v1,1,CWRU,train,n12L:CWRU:cwru_n12_DE_222:DE:train:102000-114000,cwrun12_DE_B021,DE_B021,cwru_n12_DE_222,data/raw/ball/B021_0_DE12k.mat,X222_DE_time,fcc0ee740fa123b1f4683f555458891719efb2857afd9fdee63e8fde0ed14469,222,B021,ball,21 mil,DE,DE,DE,CWRU_DE_6205,DE,12000,1.0,0.5,102000,114000,1796.0,0hp,
cwru_native12.load.v1,1,CWRU,train,n12L:CWRU:cwru_n12_DE_222:DE:train:108000-120000,cwrun12_DE_B021,DE_B021,cwru_n12_DE_222,data/raw/ball/B021_0_DE12k.mat,X222_DE_time,fcc0ee740fa123b1f4683f555458891719efb2857afd9fdee63e8fde0ed14469,222,B021,ball,21 mil,DE,DE,DE,CWRU_DE_6205,DE,12000,1.0,0.5,108000,120000,1796.0,0hp,
cwru_native12.load.v1,1,CWRU,train,n12L:CWRU:cwru_n12_DE_223:DE:train:0-12000,cwrun12_DE_B021,DE_B021,cwru_n12_DE_223,data/raw/ball/B021_1_DE12k.mat,X223_DE_time,7287410fd2217e3b332c5ab4732a68963be046d7d17bd40efa41cabe6a0514e5,223,B021,ball,21 mil,DE,DE,DE,CWRU_DE_6205,DE,12000,1.0,0.5,0,12000,1774.0,1hp,
cwru_native12.load.v1,1,CWRU,train,n12L:CWRU:cwru_n12_DE_223:DE:train:6000-18000,cwrun12_DE_B021,DE_B021,cwru_n12_DE_223,data/raw/ball/B021_1_DE12k.mat,X223_DE_time,7287410fd2217e3b332c5ab4732a68963be046d7d17bd40efa41cabe6a0514e5,223,B021,ball,21 mil,DE,DE,DE,CWRU_DE_6205,DE,12000,1.0,0.5,6000,18000,1774.0,1hp,
cwru_native12.load.v1,1,CWRU,train,n12L:CWRU:cwru_n12_DE_223:DE:train:12000-24000,cwrun12_DE_B021,DE_B021,cwru_n12_DE_223,data/raw/ball/B021_1_DE12k.mat,X223_DE_time,7287410fd2217e3b332c5ab4732a68963be046d7d17bd40efa41cabe6a0514e5,223,B021,ball,21 mil,DE,DE,DE,CWRU_DE_6205,DE,12000,1.0,0.5,12000,24000,1774.0,1hp,
cwru_native12.load.v1,1,CWRU,train,n12L:CWRU:cwru_n12_DE_223:DE:train:18000-30000,cwrun12_DE_B021,DE_B021,cwru_n12_DE_223,data/raw/ball/B021_1_DE12k.mat,X223_DE_time,7287410fd2217e3b332c5ab4732a68963be046d7d17bd40efa41cabe6a0514e5,223,B021,ball,21 mil,DE,DE,DE,CWRU_DE_6205,DE,12000,1.0,0.5,18000,30000,1774.0,1hp,
cwru_native12.load.v1,1,CWRU,train,n12L:CWRU:cwru_n12_DE_223:DE:train:24000-36000,cwrun12_DE_B021,DE_B021,cwru_n12_DE_223,data/raw/ball/B021_1_DE12k.mat,X223_DE_time,7287410fd2217e3b332c5ab4732a68963be046d7d17bd40efa41cabe6a0514e5,223,B021,ball,21 mil,DE,DE,DE,CWRU_DE_6205,DE,12000,1.0,0.5,24000,36000,1774.0,1hp,
cwru_native12.load.v1,1,CWRU,train,n12L:CWRU:cwru_n12_DE_223:DE:train:30000-42000,cwrun12_DE_B021,DE_B021,cwru_n12_DE_223,data/raw/ball/B021_1_DE12k.mat,X223_DE_time,7287410fd2217e3b332c5ab4732a68963be046d7d17bd40efa41cabe6a0514e5,223,B021,ball,21 mil,DE,DE,DE,CWRU_DE_6205,DE,12000,1.0,0.5,30000,42000,1774.0,1hp,
cwru_native12.load.v1,1,CWRU,train,n12L:CWRU:cwru_n12_DE_223:DE:train:36000-48000,cwrun12_DE_B021,DE_B021,cwru_n12_DE_223,data/raw/ball/B021_1_DE12k.mat,X223_DE_time,7287410fd2217e3b332c5ab4732a68963be046d7d17bd40efa41cabe6a0514e5,223,B021,ball,21 mil,DE,DE,DE,CWRU_DE_6205,DE,12000,1.0,0.5,36000,48000,1774.0,1hp,
cwru_native12.load.v1,1,CWRU,train,n12L:CWRU:cwru_n12_DE_223:DE:train:42000-54000,cwrun12_DE_B021,DE_B021,cwru_n12_DE_223,data/raw/ball/B021_1_DE12k.mat,X223_DE_time,7287410fd2217e3b332c5ab4732a68963be046d7d17bd40efa41cabe6a0514e5,223,B021,ball,21 mil,DE,DE,DE,CWRU_DE_6205,DE,12000,1.0,0.5,42000,54000,1774.0,1hp,
cwru_native12.load.v1,1,CWRU,train,n12L:CWRU:cwru_n12_DE_223:DE:train:48000-60000,cwrun12_DE_B021,DE_B021,cwru_n12_DE_223,data/raw/ball/B021_1_DE12k.mat,X223_DE_time,7287410fd2217e3b332c5ab4732a68963be046d7d17bd40efa41cabe6a0514e5,223,B021,ball,21 mil,DE,DE,DE,CWRU_DE_6205,DE,12000,1.0,0.5,48000,60000,1774.0,1hp,
cwru_native12.load.v1,1,CWRU,train,n12L:CWRU:cwru_n12_DE_223:DE:train:54000-66000,cwrun12_DE_B021,DE_B021,cwru_n12_DE_223,data/raw/ball/B021_1_DE12k.mat,X223_DE_time,7287410fd2217e3b332c5ab4732a68963be046d7d17bd40efa41cabe6a0514e5,223,B021,ball,21 mil,DE,DE,DE,CWRU_DE_6205,DE,12000,1.0,0.5,54000,66000,1774.0,1hp,
cwru_native12.load.v1,1,CWRU,train,n12L:CWRU:cwru_n12_DE_223:DE:train:60000-72000,cwrun12_DE_B021,DE_B021,cwru_n12_DE_223,data/raw/ball/B021_1_DE12k.mat,X223_DE_time,7287410fd2217e3b332c5ab4732a68963be046d7d17bd40efa41cabe6a0514e5,223,B021,ball,21 mil,DE,DE,DE,CWRU_DE_6205,DE,12000,1.0,0.5,60000,72000,1774.0,1hp,
cwru_native12.load.v1,1,CWRU,train,n12L:CWRU:cwru_n12_DE_223:DE:train:66000-78000,cwrun12_DE_B021,DE_B021,cwru_n12_DE_223,data/raw/ball/B021_1_DE12k.mat,X223_DE_time,7287410fd2217e3b332c5ab4732a68963be046d7d17bd40efa41cabe6a0514e5,223,B021,ball,21 mil,DE,DE,DE,CWRU_DE_6205,DE,12000,1.0,0.5,66000,78000,1774.0,1hp,
cwru_native12.load.v1,1,CWRU,train,n12L:CWRU:cwru_n12_DE_223:DE:train:72000-84000,cwrun12_DE_B021,DE_B021,cwru_n12_DE_223,data/raw/ball/B021_1_DE12k.mat,X223_DE_time,7287410fd2217e3b332c5ab4732a68963be046d7d17bd40efa41cabe6a0514e5,223,B021,ball,21 mil,DE,DE,DE,CWRU_DE_6205,DE,12000,1.0,0.5,72000,84000,1774.0,1hp,
cwru_native12.load.v1,1,CWRU,train,n12L:CWRU:cwru_n12_DE_223:DE:train:78000-90000,cwrun12_DE_B021,DE_B021,cwru_n12_DE_223,data/raw/ball/B021_1_DE12k.mat,X223_DE_time,7287410fd2217e3b332c5ab4732a68963be046d7d17bd40efa41cabe6a0514e5,223,B021,ball,21 mil,DE,DE,DE,CWRU_DE_6205,DE,12000,1.0,0.5,78000,90000,1774.0,1hp,
cwru_native12.load.v1,1,CWRU,train,n12L:CWRU:cwru_n12_DE_223:DE:train:84000-96000,cwrun12_DE_B021,DE_B021,cwru_n12_DE_223,data/raw/ball/B021_1_DE12k.mat,X223_DE_time,7287410fd2217e3b332c5ab4732a68963be046d7d17bd40efa41cabe6a0514e5,223,B021,ball,21 mil,DE,DE,DE,CWRU_DE_6205,DE,12000,1.0,0.5,84000,96000,1774.0,1hp,
cwru_native12.load.v1,1,CWRU,train,n12L:CWRU:cwru_n12_DE_223:DE:train:90000-102000,cwrun12_DE_B021,DE_B021,cwru_n12_DE_223,data/raw/ball/B021_1_DE12k.mat,X223_DE_time,7287410fd2217e3b332c5ab4732a68963be046d7d17bd40efa41cabe6a0514e5,223,B021,ball,21 mil,DE,DE,DE,CWRU_DE_6205,DE,12000,1.0,0.5,90000,102000,1774.0,1hp,
cwru_native12.load.v1,1,CWRU,train,n12L:CWRU:cwru_n12_DE_223:DE:train:96000-108000,cwrun12_DE_B021,DE_B021,cwru_n12_DE_223,data/raw/ball/B021_1_DE12k.mat,X223_DE_time,7287410fd2217e3b332c5ab4732a68963be046d7d17bd40efa41cabe6a0514e5,223,B021,ball,21 mil,DE,DE,DE,CWRU_DE_6205,DE,12000,1.0,0.5,96000,108000,1774.0,1hp,
cwru_native12.load.v1,1,CWRU,train,n12L:CWRU:cwru_n12_DE_223:DE:train:102000-114000,cwrun12_DE_B021,DE_B021,cwru_n12_DE_223,data/raw/ball/B021_1_DE12k.mat,X223_DE_time,7287410fd2217e3b332c5ab4732a68963be046d7d17bd40efa41cabe6a0514e5,223,B021,ball,21 mil,DE,DE,DE,CWRU_DE_6205,DE,12000,1.0,0.5,102000,114000,1774.0,1hp,
cwru_native12.load.v1,1,CWRU,train,n12L:CWRU:cwru_n12_DE_223:DE:train:108000-120000,cwrun12_DE_B021,DE_B021,cwru_n12_DE_223,data/raw/ball/B021_1_DE12k.mat,X223_DE_time,7287410fd2217e3b332c5ab4732a68963be046d7d17bd40efa41cabe6a0514e5,223,B021,ball,21 mil,DE,DE,DE,CWRU_DE_6205,DE,12000,1.0,0.5,108000,120000,1774.0,1hp,
cwru_native12.load.v1,1,CWRU,validation,n12L:CWRU:cwru_n12_DE_224:DE:validation:0-12000,cwrun12_DE_B021,DE_B021,cwru_n12_DE_224,data/raw/ball/B021_2_DE12k.mat,X224_DE_time,8a16894c2ff4d6bcdb9f4c345c0d5f13737b3bd6d15015d6b566c86e7a3ee7b7,224,B021,ball,21 mil,DE,DE,DE,CWRU_DE_6205,DE,12000,1.0,1.0,0,12000,1754.0,2hp,
cwru_native12.load.v1,1,CWRU,validation,n12L:CWRU:cwru_n12_DE_224:DE:validation:12000-24000,cwrun12_DE_B021,DE_B021,cwru_n12_DE_224,data/raw/ball/B021_2_DE12k.mat,X224_DE_time,8a16894c2ff4d6bcdb9f4c345c0d5f13737b3bd6d15015d6b566c86e7a3ee7b7,224,B021,ball,21 mil,DE,DE,DE,CWRU_DE_6205,DE,12000,1.0,1.0,12000,24000,1754.0,2hp,
cwru_native12.load.v1,1,CWRU,validation,n12L:CWRU:cwru_n12_DE_224:DE:validation:24000-36000,cwrun12_DE_B021,DE_B021,cwru_n12_DE_224,data/raw/ball/B021_2_DE12k.mat,X224_DE_time,8a16894c2ff4d6bcdb9f4c345c0d5f13737b3bd6d15015d6b566c86e7a3ee7b7,224,B021,ball,21 mil,DE,DE,DE,CWRU_DE_6205,DE,12000,1.0,1.0,24000,36000,1754.0,2hp,
cwru_native12.load.v1,1,CWRU,validation,n12L:CWRU:cwru_n12_DE_224:DE:validation:36000-48000,cwrun12_DE_B021,DE_B021,cwru_n12_DE_224,data/raw/ball/B021_2_DE12k.mat,X224_DE_time,8a16894c2ff4d6bcdb9f4c345c0d5f13737b3bd6d15015d6b566c86e7a3ee7b7,224,B021,ball,21 mil,DE,DE,DE,CWRU_DE_6205,DE,12000,1.0,1.0,36000,48000,1754.0,2hp,
cwru_native12.load.v1,1,CWRU,validation,n12L:CWRU:cwru_n12_DE_224:DE:validation:48000-60000,cwrun12_DE_B021,DE_B021,cwru_n12_DE_224,data/raw/ball/B021_2_DE12k.mat,X224_DE_time,8a16894c2ff4d6bcdb9f4c345c0d5f13737b3bd6d15015d6b566c86e7a3ee7b7,224,B021,ball,21 mil,DE,DE,DE,CWRU_DE_6205,DE,12000,1.0,1.0,48000,60000,1754.0,2hp,
cwru_native12.load.v1,1,CWRU,validation,n12L:CWRU:cwru_n12_DE_224:DE:validation:60000-72000,cwrun12_DE_B021,DE_B021,cwru_n12_DE_224,data/raw/ball/B021_2_DE12k.mat,X224_DE_time,8a16894c2ff4d6bcdb9f4c345c0d5f13737b3bd6d15015d6b566c86e7a3ee7b7,224,B021,ball,21 mil,DE,DE,DE,CWRU_DE_6205,DE,12000,1.0,1.0,60000,72000,1754.0,2hp,
cwru_native12.load.v1,1,CWRU,validation,n12L:CWRU:cwru_n12_DE_224:DE:validation:72000-84000,cwrun12_DE_B021,DE_B021,cwru_n12_DE_224,data/raw/ball/B021_2_DE12k.mat,X224_DE_time,8a16894c2ff4d6bcdb9f4c345c0d5f13737b3bd6d15015d6b566c86e7a3ee7b7,224,B021,ball,21 mil,DE,DE,DE,CWRU_DE_6205,DE,12000,1.0,1.0,72000,84000,1754.0,2hp,
cwru_native12.load.v1,1,CWRU,validation,n12L:CWRU:cwru_n12_DE_224:DE:validation:84000-96000,cwrun12_DE_B021,DE_B021,cwru_n12_DE_224,data/raw/ball/B021_2_DE12k.mat,X224_DE_time,8a16894c2ff4d6bcdb9f4c345c0d5f13737b3bd6d15015d6b566c86e7a3ee7b7,224,B021,ball,21 mil,DE,DE,DE,CWRU_DE_6205,DE,12000,1.0,1.0,84000,96000,1754.0,2hp,
cwru_native12.load.v1,1,CWRU,validation,n12L:CWRU:cwru_n12_DE_224:DE:validation:96000-108000,cwrun12_DE_B021,DE_B021,cwru_n12_DE_224,data/raw/ball/B021_2_DE12k.mat,X224_DE_time,8a16894c2ff4d6bcdb9f4c345c0d5f13737b3bd6d15015d6b566c86e7a3ee7b7,224,B021,ball,21 mil,DE,DE,DE,CWRU_DE_6205,DE,12000,1.0,1.0,96000,108000,1754.0,2hp,
cwru_native12.load.v1,1,CWRU,validation,n12L:CWRU:cwru_n12_DE_224:DE:validation:108000-120000,cwrun12_DE_B021,DE_B021,cwru_n12_DE_224,data/raw/ball/B021_2_DE12k.mat,X224_DE_time,8a16894c2ff4d6bcdb9f4c345c0d5f13737b3bd6d15015d6b566c86e7a3ee7b7,224,B021,ball,21 mil,DE,DE,DE,CWRU_DE_6205,DE,12000,1.0,1.0,108000,120000,1754.0,2hp,
cwru_native12.load.v1,1,CWRU,test,n12L:CWRU:cwru_n12_DE_225:DE:test:0-12000,cwrun12_DE_B021,DE_B021,cwru_n12_DE_225,data/raw/ball/B021_3_DE12k.mat,X225_DE_time,ece92fa141af03473fdfca80d00d9112472a20340224514e79979c6ddc97a6cf,225,B021,ball,21 mil,DE,DE,DE,CWRU_DE_6205,DE,12000,1.0,1.0,0,12000,1729.0,3hp,
cwru_native12.load.v1,1,CWRU,test,n12L:CWRU:cwru_n12_DE_225:DE:test:12000-24000,cwrun12_DE_B021,DE_B021,cwru_n12_DE_225,data/raw/ball/B021_3_DE12k.mat,X225_DE_time,ece92fa141af03473fdfca80d00d9112472a20340224514e79979c6ddc97a6cf,225,B021,ball,21 mil,DE,DE,DE,CWRU_DE_6205,DE,12000,1.0,1.0,12000,24000,1729.0,3hp,
cwru_native12.load.v1,1,CWRU,test,n12L:CWRU:cwru_n12_DE_225:DE:test:24000-36000,cwrun12_DE_B021,DE_B021,cwru_n12_DE_225,data/raw/ball/B021_3_DE12k.mat,X225_DE_time,ece92fa141af03473fdfca80d00d9112472a20340224514e79979c6ddc97a6cf,225,B021,ball,21 mil,DE,DE,DE,CWRU_DE_6205,DE,12000,1.0,1.0,24000,36000,1729.0,3hp,
cwru_native12.load.v1,1,CWRU,test,n12L:CWRU:cwru_n12_DE_225:DE:test:36000-48000,cwrun12_DE_B021,DE_B021,cwru_n12_DE_225,data/raw/ball/B021_3_DE12k.mat,X225_DE_time,ece92fa141af03473fdfca80d00d9112472a20340224514e79979c6ddc97a6cf,225,B021,ball,21 mil,DE,DE,DE,CWRU_DE_6205,DE,12000,1.0,1.0,36000,48000,1729.0,3hp,
cwru_native12.load.v1,1,CWRU,test,n12L:CWRU:cwru_n12_DE_225:DE:test:48000-60000,cwrun12_DE_B021,DE_B021,cwru_n12_DE_225,data/raw/ball/B021_3_DE12k.mat,X225_DE_time,ece92fa141af03473fdfca80d00d9112472a20340224514e79979c6ddc97a6cf,225,B021,ball,21 mil,DE,DE,DE,CWRU_DE_6205,DE,12000,1.0,1.0,48000,60000,1729.0,3hp,
cwru_native12.load.v1,1,CWRU,test,n12L:CWRU:cwru_n12_DE_225:DE:test:60000-72000,cwrun12_DE_B021,DE_B021,cwru_n12_DE_225,data/raw/ball/B021_3_DE12k.mat,X225_DE_time,ece92fa141af03473fdfca80d00d9112472a20340224514e79979c6ddc97a6cf,225,B021,ball,21 mil,DE,DE,DE,CWRU_DE_6205,DE,12000,1.0,1.0,60000,72000,1729.0,3hp,
cwru_native12.load.v1,1,CWRU,test,n12L:CWRU:cwru_n12_DE_225:DE:test:72000-84000,cwrun12_DE_B021,DE_B021,cwru_n12_DE_225,data/raw/ball/B021_3_DE12k.mat,X225_DE_time,ece92fa141af03473fdfca80d00d9112472a20340224514e79979c6ddc97a6cf,225,B021,ball,21 mil,DE,DE,DE,CWRU_DE_6205,DE,12000,1.0,1.0,72000,84000,1729.0,3hp,
cwru_native12.load.v1,1,CWRU,test,n12L:CWRU:cwru_n12_DE_225:DE:test:84000-96000,cwrun12_DE_B021,DE_B021,cwru_n12_DE_225,data/raw/ball/B021_3_DE12k.mat,X225_DE_time,ece92fa141af03473fdfca80d00d9112472a20340224514e79979c6ddc97a6cf,225,B021,ball,21 mil,DE,DE,DE,CWRU_DE_6205,DE,12000,1.0,1.0,84000,96000,1729.0,3hp,
cwru_native12.load.v1,1,CWRU,test,n12L:CWRU:cwru_n12_DE_225:DE:test:96000-108000,cwrun12_DE_B021,DE_B021,cwru_n12_DE_225,data/raw/ball/B021_3_DE12k.mat,X225_DE_time,ece92fa141af03473fdfca80d00d9112472a20340224514e79979c6ddc97a6cf,225,B021,ball,21 mil,DE,DE,DE,CWRU_DE_6205,DE,12000,1.0,1.0,96000,108000,1729.0,3hp,
cwru_native12.load.v1,1,CWRU,test,n12L:CWRU:cwru_n12_DE_225:DE:test:108000-120000,cwrun12_DE_B021,DE_B021,cwru_n12_DE_225,data/raw/ball/B021_3_DE12k.mat,X225_DE_time,ece92fa141af03473fdfca80d00d9112472a20340224514e79979c6ddc97a6cf,225,B021,ball,21 mil,DE,DE,DE,CWRU_DE_6205,DE,12000,1.0,1.0,108000,120000,1729.0,3hp,
cwru_native12.load.v1,1,CWRU,train,n12L:CWRU:cwru_n12_DE_3005:DE:train:0-12000,cwrun12_DE_B028,DE_B028,cwru_n12_DE_3005,data/raw/ball/B028_0_DE12k.mat,X048_DE_time,37f3f8e0268a9cd7df8ff5e15e326be06ab099b2291a2282041d01bb89a7c924,3005,B028,ball,28 mil,DE,DE,DE,CWRU_DE_6205,DE,12000,1.0,0.5,0,12000,1797.0,0hp,
cwru_native12.load.v1,1,CWRU,train,n12L:CWRU:cwru_n12_DE_3005:DE:train:6000-18000,cwrun12_DE_B028,DE_B028,cwru_n12_DE_3005,data/raw/ball/B028_0_DE12k.mat,X048_DE_time,37f3f8e0268a9cd7df8ff5e15e326be06ab099b2291a2282041d01bb89a7c924,3005,B028,ball,28 mil,DE,DE,DE,CWRU_DE_6205,DE,12000,1.0,0.5,6000,18000,1797.0,0hp,
cwru_native12.load.v1,1,CWRU,train,n12L:CWRU:cwru_n12_DE_3005:DE:train:12000-24000,cwrun12_DE_B028,DE_B028,cwru_n12_DE_3005,data/raw/ball/B028_0_DE12k.mat,X048_DE_time,37f3f8e0268a9cd7df8ff5e15e326be06ab099b2291a2282041d01bb89a7c924,3005,B028,ball,28 mil,DE,DE,DE,CWRU_DE_6205,DE,12000,1.0,0.5,12000,24000,1797.0,0hp,
cwru_native12.load.v1,1,CWRU,train,n12L:CWRU:cwru_n12_DE_3005:DE:train:18000-30000,cwrun12_DE_B028,DE_B028,cwru_n12_DE_3005,data/raw/ball/B028_0_DE12k.mat,X048_DE_time,37f3f8e0268a9cd7df8ff5e15e326be06ab099b2291a2282041d01bb89a7c924,3005,B028,ball,28 mil,DE,DE,DE,CWRU_DE_6205,DE,12000,1.0,0.5,18000,30000,1797.0,0hp,
cwru_native12.load.v1,1,CWRU,train,n12L:CWRU:cwru_n12_DE_3005:DE:train:24000-36000,cwrun12_DE_B028,DE_B028,cwru_n12_DE_3005,data/raw/ball/B028_0_DE12k.mat,X048_DE_time,37f3f8e0268a9cd7df8ff5e15e326be06ab099b2291a2282041d01bb89a7c924,3005,B028,ball,28 mil,DE,DE,DE,CWRU_DE_6205,DE,12000,1.0,0.5,24000,36000,1797.0,0hp,
cwru_native12.load.v1,1,CWRU,train,n12L:CWRU:cwru_n12_DE_3005:DE:train:30000-42000,cwrun12_DE_B028,DE_B028,cwru_n12_DE_3005,data/raw/ball/B028_0_DE12k.mat,X048_DE_time,37f3f8e0268a9cd7df8ff5e15e326be06ab099b2291a2282041d01bb89a7c924,3005,B028,ball,28 mil,DE,DE,DE,CWRU_DE_6205,DE,12000,1.0,0.5,30000,42000,1797.0,0hp,
cwru_native12.load.v1,1,CWRU,train,n12L:CWRU:cwru_n12_DE_3005:DE:train:36000-48000,cwrun12_DE_B028,DE_B028,cwru_n12_DE_3005,data/raw/ball/B028_0_DE12k.mat,X048_DE_time,37f3f8e0268a9cd7df8ff5e15e326be06ab099b2291a2282041d01bb89a7c924,3005,B028,ball,28 mil,DE,DE,DE,CWRU_DE_6205,DE,12000,1.0,0.5,36000,48000,1797.0,0hp,
cwru_native12.load.v1,1,CWRU,train,n12L:CWRU:cwru_n12_DE_3005:DE:train:42000-54000,cwrun12_DE_B028,DE_B028,cwru_n12_DE_3005,data/raw/ball/B028_0_DE12k.mat,X048_DE_time,37f3f8e0268a9cd7df8ff5e15e326be06ab099b2291a2282041d01bb89a7c924,3005,B028,ball,28 mil,DE,DE,DE,CWRU_DE_6205,DE,12000,1.0,0.5,42000,54000,1797.0,0hp,
cwru_native12.load.v1,1,CWRU,train,n12L:CWRU:cwru_n12_DE_3005:DE:train:48000-60000,cwrun12_DE_B028,DE_B028,cwru_n12_DE_3005,data/raw/ball/B028_0_DE12k.mat,X048_DE_time,37f3f8e0268a9cd7df8ff5e15e326be06ab099b2291a2282041d01bb89a7c924,3005,B028,ball,28 mil,DE,DE,DE,CWRU_DE_6205,DE,12000,1.0,0.5,48000,60000,1797.0,0hp,
cwru_native12.load.v1,1,CWRU,train,n12L:CWRU:cwru_n12_DE_3005:DE:train:54000-66000,cwrun12_DE_B028,DE_B028,cwru_n12_DE_3005,data/raw/ball/B028_0_DE12k.mat,X048_DE_time,37f3f8e0268a9cd7df8ff5e15e326be06ab099b2291a2282041d01bb89a7c924,3005,B028,ball,28 mil,DE,DE,DE,CWRU_DE_6205,DE,12000,1.0,0.5,54000,66000,1797.0,0hp,
cwru_native12.load.v1,1,CWRU,train,n12L:CWRU:cwru_n12_DE_3005:DE:train:60000-72000,cwrun12_DE_B028,DE_B028,cwru_n12_DE_3005,data/raw/ball/B028_0_DE12k.mat,X048_DE_time,37f3f8e0268a9cd7df8ff5e15e326be06ab099b2291a2282041d01bb89a7c924,3005,B028,ball,28 mil,DE,DE,DE,CWRU_DE_6205,DE,12000,1.0,0.5,60000,72000,1797.0,0hp,
cwru_native12.load.v1,1,CWRU,train,n12L:CWRU:cwru_n12_DE_3005:DE:train:66000-78000,cwrun12_DE_B028,DE_B028,cwru_n12_DE_3005,data/raw/ball/B028_0_DE12k.mat,X048_DE_time,37f3f8e0268a9cd7df8ff5e15e326be06ab099b2291a2282041d01bb89a7c924,3005,B028,ball,28 mil,DE,DE,DE,CWRU_DE_6205,DE,12000,1.0,0.5,66000,78000,1797.0,0hp,
cwru_native12.load.v1,1,CWRU,train,n12L:CWRU:cwru_n12_DE_3005:DE:train:72000-84000,cwrun12_DE_B028,DE_B028,cwru_n12_DE_3005,data/raw/ball/B028_0_DE12k.mat,X048_DE_time,37f3f8e0268a9cd7df8ff5e15e326be06ab099b2291a2282041d01bb89a7c924,3005,B028,ball,28 mil,DE,DE,DE,CWRU_DE_6205,DE,12000,1.0,0.5,72000,84000,1797.0,0hp,
cwru_native12.load.v1,1,CWRU,train,n12L:CWRU:cwru_n12_DE_3005:DE:train:78000-90000,cwrun12_DE_B028,DE_B028,cwru_n12_DE_3005,data/raw/ball/B028_0_DE12k.mat,X048_DE_time,37f3f8e0268a9cd7df8ff5e15e326be06ab099b2291a2282041d01bb89a7c924,3005,B028,ball,28 mil,DE,DE,DE,CWRU_DE_6205,DE,12000,1.0,0.5,78000,90000,1797.0,0hp,
cwru_native12.load.v1,1,CWRU,train,n12L:CWRU:cwru_n12_DE_3005:DE:train:84000-96000,cwrun12_DE_B028,DE_B028,cwru_n12_DE_3005,data/raw/ball/B028_0_DE12k.mat,X048_DE_time,37f3f8e0268a9cd7df8ff5e15e326be06ab099b2291a2282041d01bb89a7c924,3005,B028,ball,28 mil,DE,DE,DE,CWRU_DE_6205,DE,12000,1.0,0.5,84000,96000,1797.0,0hp,
cwru_native12.load.v1,1,CWRU,train,n12L:CWRU:cwru_n12_DE_3005:DE:train:90000-102000,cwrun12_DE_B028,DE_B028,cwru_n12_DE_3005,data/raw/ball/B028_0_DE12k.mat,X048_DE_time,37f3f8e0268a9cd7df8ff5e15e326be06ab099b2291a2282041d01bb89a7c924,3005,B028,ball,28 mil,DE,DE,DE,CWRU_DE_6205,DE,12000,1.0,0.5,90000,102000,1797.0,0hp,
cwru_native12.load.v1,1,CWRU,train,n12L:CWRU:cwru_n12_DE_3005:DE:train:96000-108000,cwrun12_DE_B028,DE_B028,cwru_n12_DE_3005,data/raw/ball/B028_0_DE12k.mat,X048_DE_time,37f3f8e0268a9cd7df8ff5e15e326be06ab099b2291a2282041d01bb89a7c924,3005,B028,ball,28 mil,DE,DE,DE,CWRU_DE_6205,DE,12000,1.0,0.5,96000,108000,1797.0,0hp,
cwru_native12.load.v1,1,CWRU,train,n12L:CWRU:cwru_n12_DE_3005:DE:train:102000-114000,cwrun12_DE_B028,DE_B028,cwru_n12_DE_3005,data/raw/ball/B028_0_DE12k.mat,X048_DE_time,37f3f8e0268a9cd7df8ff5e15e326be06ab099b2291a2282041d01bb89a7c924,3005,B028,ball,28 mil,DE,DE,DE,CWRU_DE_6205,DE,12000,1.0,0.5,102000,114000,1797.0,0hp,
cwru_native12.load.v1,1,CWRU,train,n12L:CWRU:cwru_n12_DE_3005:DE:train:108000-120000,cwrun12_DE_B028,DE_B028,cwru_n12_DE_3005,data/raw/ball/B028_0_DE12k.mat,X048_DE_time,37f3f8e0268a9cd7df8ff5e15e326be06ab099b2291a2282041d01bb89a7c924,3005,B028,ball,28 mil,DE,DE,DE,CWRU_DE_6205,DE,12000,1.0,0.5,108000,120000,1797.0,0hp,
cwru_native12.load.v1,1,CWRU,train,n12L:CWRU:cwru_n12_DE_3006:DE:train:0-12000,cwrun12_DE_B028,DE_B028,cwru_n12_DE_3006,data/raw/ball/B028_1_DE12k.mat,X049_DE_time,b642c57602deaeecfa33291d9179a2d2c2d997e0c23b44598a3cdecb9533d3f1,3006,B028,ball,28 mil,DE,DE,DE,CWRU_DE_6205,DE,12000,1.0,0.5,0,12000,1772.0,1hp,
cwru_native12.load.v1,1,CWRU,train,n12L:CWRU:cwru_n12_DE_3006:DE:train:6000-18000,cwrun12_DE_B028,DE_B028,cwru_n12_DE_3006,data/raw/ball/B028_1_DE12k.mat,X049_DE_time,b642c57602deaeecfa33291d9179a2d2c2d997e0c23b44598a3cdecb9533d3f1,3006,B028,ball,28 mil,DE,DE,DE,CWRU_DE_6205,DE,12000,1.0,0.5,6000,18000,1772.0,1hp,
cwru_native12.load.v1,1,CWRU,train,n12L:CWRU:cwru_n12_DE_3006:DE:train:12000-24000,cwrun12_DE_B028,DE_B028,cwru_n12_DE_3006,data/raw/ball/B028_1_DE12k.mat,X049_DE_time,b642c57602deaeecfa33291d9179a2d2c2d997e0c23b44598a3cdecb9533d3f1,3006,B028,ball,28 mil,DE,DE,DE,CWRU_DE_6205,DE,12000,1.0,0.5,12000,24000,1772.0,1hp,
cwru_native12.load.v1,1,CWRU,train,n12L:CWRU:cwru_n12_DE_3006:DE:train:18000-30000,cwrun12_DE_B028,DE_B028,cwru_n12_DE_3006,data/raw/ball/B028_1_DE12k.mat,X049_DE_time,b642c57602deaeecfa33291d9179a2d2c2d997e0c23b44598a3cdecb9533d3f1,3006,B028,ball,28 mil,DE,DE,DE,CWRU_DE_6205,DE,12000,1.0,0.5,18000,30000,1772.0,1hp,
cwru_native12.load.v1,1,CWRU,train,n12L:CWRU:cwru_n12_DE_3006:DE:train:24000-36000,cwrun12_DE_B028,DE_B028,cwru_n12_DE_3006,data/raw/ball/B028_1_DE12k.mat,X049_DE_time,b642c57602deaeecfa33291d9179a2d2c2d997e0c23b44598a3cdecb9533d3f1,3006,B028,ball,28 mil,DE,DE,DE,CWRU_DE_6205,DE,12000,1.0,0.5,24000,36000,1772.0,1hp,
cwru_native12.load.v1,1,CWRU,train,n12L:CWRU:cwru_n12_DE_3006:DE:train:30000-42000,cwrun12_DE_B028,DE_B028,cwru_n12_DE_3006,data/raw/ball/B028_1_DE12k.mat,X049_DE_time,b642c57602deaeecfa33291d9179a2d2c2d997e0c23b44598a3cdecb9533d3f1,3006,B028,ball,28 mil,DE,DE,DE,CWRU_DE_6205,DE,12000,1.0,0.5,30000,42000,1772.0,1hp,
cwru_native12.load.v1,1,CWRU,train,n12L:CWRU:cwru_n12_DE_3006:DE:train:36000-48000,cwrun12_DE_B028,DE_B028,cwru_n12_DE_3006,data/raw/ball/B028_1_DE12k.mat,X049_DE_time,b642c57602deaeecfa33291d9179a2d2c2d997e0c23b44598a3cdecb9533d3f1,3006,B028,ball,28 mil,DE,DE,DE,CWRU_DE_6205,DE,12000,1.0,0.5,36000,48000,1772.0,1hp,
cwru_native12.load.v1,1,CWRU,train,n12L:CWRU:cwru_n12_DE_3006:DE:train:42000-54000,cwrun12_DE_B028,DE_B028,cwru_n12_DE_3006,data/raw/ball/B028_1_DE12k.mat,X049_DE_time,b642c57602deaeecfa33291d9179a2d2c2d997e0c23b44598a3cdecb9533d3f1,3006,B028,ball,28 mil,DE,DE,DE,CWRU_DE_6205,DE,12000,1.0,0.5,42000,54000,1772.0,1hp,
cwru_native12.load.v1,1,CWRU,train,n12L:CWRU:cwru_n12_DE_3006:DE:train:48000-60000,cwrun12_DE_B028,DE_B028,cwru_n12_DE_3006,data/raw/ball/B028_1_DE12k.mat,X049_DE_time,b642c57602deaeecfa33291d9179a2d2c2d997e0c23b44598a3cdecb9533d3f1,3006,B028,ball,28 mil,DE,DE,DE,CWRU_DE_6205,DE,12000,1.0,0.5,48000,60000,1772.0,1hp,
cwru_native12.load.v1,1,CWRU,train,n12L:CWRU:cwru_n12_DE_3006:DE:train:54000-66000,cwrun12_DE_B028,DE_B028,cwru_n12_DE_3006,data/raw/ball/B028_1_DE12k.mat,X049_DE_time,b642c57602deaeecfa33291d9179a2d2c2d997e0c23b44598a3cdecb9533d3f1,3006,B028,ball,28 mil,DE,DE,DE,CWRU_DE_6205,DE,12000,1.0,0.5,54000,66000,1772.0,1hp,
cwru_native12.load.v1,1,CWRU,train,n12L:CWRU:cwru_n12_DE_3006:DE:train:60000-72000,cwrun12_DE_B028,DE_B028,cwru_n12_DE_3006,data/raw/ball/B028_1_DE12k.mat,X049_DE_time,b642c57602deaeecfa33291d9179a2d2c2d997e0c23b44598a3cdecb9533d3f1,3006,B028,ball,28 mil,DE,DE,DE,CWRU_DE_6205,DE,12000,1.0,0.5,60000,72000,1772.0,1hp,
cwru_native12.load.v1,1,CWRU,train,n12L:CWRU:cwru_n12_DE_3006:DE:train:66000-78000,cwrun12_DE_B028,DE_B028,cwru_n12_DE_3006,data/raw/ball/B028_1_DE12k.mat,X049_DE_time,b642c57602deaeecfa33291d9179a2d2c2d997e0c23b44598a3cdecb9533d3f1,3006,B028,ball,28 mil,DE,DE,DE,CWRU_DE_6205,DE,12000,1.0,0.5,66000,78000,1772.0,1hp,
cwru_native12.load.v1,1,CWRU,train,n12L:CWRU:cwru_n12_DE_3006:DE:train:72000-84000,cwrun12_DE_B028,DE_B028,cwru_n12_DE_3006,data/raw/ball/B028_1_DE12k.mat,X049_DE_time,b642c57602deaeecfa33291d9179a2d2c2d997e0c23b44598a3cdecb9533d3f1,3006,B028,ball,28 mil,DE,DE,DE,CWRU_DE_6205,DE,12000,1.0,0.5,72000,84000,1772.0,1hp,
cwru_native12.load.v1,1,CWRU,train,n12L:CWRU:cwru_n12_DE_3006:DE:train:78000-90000,cwrun12_DE_B028,DE_B028,cwru_n12_DE_3006,data/raw/ball/B028_1_DE12k.mat,X049_DE_time,b642c57602deaeecfa33291d9179a2d2c2d997e0c23b44598a3cdecb9533d3f1,3006,B028,ball,28 mil,DE,DE,DE,CWRU_DE_6205,DE,12000,1.0,0.5,78000,90000,1772.0,1hp,
cwru_native12.load.v1,1,CWRU,train,n12L:CWRU:cwru_n12_DE_3006:DE:train:84000-96000,cwrun12_DE_B028,DE_B028,cwru_n12_DE_3006,data/raw/ball/B028_1_DE12k.mat,X049_DE_time,b642c57602deaeecfa33291d9179a2d2c2d997e0c23b44598a3cdecb9533d3f1,3006,B028,ball,28 mil,DE,DE,DE,CWRU_DE_6205,DE,12000,1.0,0.5,84000,96000,1772.0,1hp,
cwru_native12.load.v1,1,CWRU,train,n12L:CWRU:cwru_n12_DE_3006:DE:train:90000-102000,cwrun12_DE_B028,DE_B028,cwru_n12_DE_3006,data/raw/ball/B028_1_DE12k.mat,X049_DE_time,b642c57602deaeecfa33291d9179a2d2c2d997e0c23b44598a3cdecb9533d3f1,3006,B028,ball,28 mil,DE,DE,DE,CWRU_DE_6205,DE,12000,1.0,0.5,90000,102000,1772.0,1hp,
cwru_native12.load.v1,1,CWRU,train,n12L:CWRU:cwru_n12_DE_3006:DE:train:96000-108000,cwrun12_DE_B028,DE_B028,cwru_n12_DE_3006,data/raw/ball/B028_1_DE12k.mat,X049_DE_time,b642c57602deaeecfa33291d9179a2d2c2d997e0c23b44598a3cdecb9533d3f1,3006,B028,ball,28 mil,DE,DE,DE,CWRU_DE_6205,DE,12000,1.0,0.5,96000,108000,1772.0,1hp,
cwru_native12.load.v1,1,CWRU,train,n12L:CWRU:cwru_n12_DE_3006:DE:train:102000-114000,cwrun12_DE_B028,DE_B028,cwru_n12_DE_3006,data/raw/ball/B028_1_DE12k.mat,X049_DE_time,b642c57602deaeecfa33291d9179a2d2c2d997e0c23b44598a3cdecb9533d3f1,3006,B028,ball,28 mil,DE,DE,DE,CWRU_DE_6205,DE,12000,1.0,0.5,102000,114000,1772.0,1hp,
cwru_native12.load.v1,1,CWRU,train,n12L:CWRU:cwru_n12_DE_3006:DE:train:108000-120000,cwrun12_DE_B028,DE_B028,cwru_n12_DE_3006,data/raw/ball/B028_1_DE12k.mat,X049_DE_time,b642c57602deaeecfa33291d9179a2d2c2d997e0c23b44598a3cdecb9533d3f1,3006,B028,ball,28 mil,DE,DE,DE,CWRU_DE_6205,DE,12000,1.0,0.5,108000,120000,1772.0,1hp,
cwru_native12.load.v1,1,CWRU,validation,n12L:CWRU:cwru_n12_DE_3007:DE:validation:0-12000,cwrun12_DE_B028,DE_B028,cwru_n12_DE_3007,data/raw/ball/B028_2_DE12k.mat,X050_DE_time,9b1ce8c46b4df3c3a8ab5f18a3fceaa78b0c17904716abc1bf6066c7235a226c,3007,B028,ball,28 mil,DE,DE,DE,CWRU_DE_6205,DE,12000,1.0,1.0,0,12000,1750.0,2hp,
cwru_native12.load.v1,1,CWRU,validation,n12L:CWRU:cwru_n12_DE_3007:DE:validation:12000-24000,cwrun12_DE_B028,DE_B028,cwru_n12_DE_3007,data/raw/ball/B028_2_DE12k.mat,X050_DE_time,9b1ce8c46b4df3c3a8ab5f18a3fceaa78b0c17904716abc1bf6066c7235a226c,3007,B028,ball,28 mil,DE,DE,DE,CWRU_DE_6205,DE,12000,1.0,1.0,12000,24000,1750.0,2hp,
cwru_native12.load.v1,1,CWRU,validation,n12L:CWRU:cwru_n12_DE_3007:DE:validation:24000-36000,cwrun12_DE_B028,DE_B028,cwru_n12_DE_3007,data/raw/ball/B028_2_DE12k.mat,X050_DE_time,9b1ce8c46b4df3c3a8ab5f18a3fceaa78b0c17904716abc1bf6066c7235a226c,3007,B028,ball,28 mil,DE,DE,DE,CWRU_DE_6205,DE,12000,1.0,1.0,24000,36000,1750.0,2hp,
cwru_native12.load.v1,1,CWRU,validation,n12L:CWRU:cwru_n12_DE_3007:DE:validation:36000-48000,cwrun12_DE_B028,DE_B028,cwru_n12_DE_3007,data/raw/ball/B028_2_DE12k.mat,X050_DE_time,9b1ce8c46b4df3c3a8ab5f18a3fceaa78b0c17904716abc1bf6066c7235a226c,3007,B028,ball,28 mil,DE,DE,DE,CWRU_DE_6205,DE,12000,1.0,1.0,36000,48000,1750.0,2hp,
cwru_native12.load.v1,1,CWRU,validation,n12L:CWRU:cwru_n12_DE_3007:DE:validation:48000-60000,cwrun12_DE_B028,DE_B028,cwru_n12_DE_3007,data/raw/ball/B028_2_DE12k.mat,X050_DE_time,9b1ce8c46b4df3c3a8ab5f18a3fceaa78b0c17904716abc1bf6066c7235a226c,3007,B028,ball,28 mil,DE,DE,DE,CWRU_DE_6205,DE,12000,1.0,1.0,48000,60000,1750.0,2hp,
cwru_native12.load.v1,1,CWRU,validation,n12L:CWRU:cwru_n12_DE_3007:DE:validation:60000-72000,cwrun12_DE_B028,DE_B028,cwru_n12_DE_3007,data/raw/ball/B028_2_DE12k.mat,X050_DE_time,9b1ce8c46b4df3c3a8ab5f18a3fceaa78b0c17904716abc1bf6066c7235a226c,3007,B028,ball,28 mil,DE,DE,DE,CWRU_DE_6205,DE,12000,1.0,1.0,60000,72000,1750.0,2hp,
cwru_native12.load.v1,1,CWRU,validation,n12L:CWRU:cwru_n12_DE_3007:DE:validation:72000-84000,cwrun12_DE_B028,DE_B028,cwru_n12_DE_3007,data/raw/ball/B028_2_DE12k.mat,X050_DE_time,9b1ce8c46b4df3c3a8ab5f18a3fceaa78b0c17904716abc1bf6066c7235a226c,3007,B028,ball,28 mil,DE,DE,DE,CWRU_DE_6205,DE,12000,1.0,1.0,72000,84000,1750.0,2hp,
cwru_native12.load.v1,1,CWRU,validation,n12L:CWRU:cwru_n12_DE_3007:DE:validation:84000-96000,cwrun12_DE_B028,DE_B028,cwru_n12_DE_3007,data/raw/ball/B028_2_DE12k.mat,X050_DE_time,9b1ce8c46b4df3c3a8ab5f18a3fceaa78b0c17904716abc1bf6066c7235a226c,3007,B028,ball,28 mil,DE,DE,DE,CWRU_DE_6205,DE,12000,1.0,1.0,84000,96000,1750.0,2hp,
cwru_native12.load.v1,1,CWRU,validation,n12L:CWRU:cwru_n12_DE_3007:DE:validation:96000-108000,cwrun12_DE_B028,DE_B028,cwru_n12_DE_3007,data/raw/ball/B028_2_DE12k.mat,X050_DE_time,9b1ce8c46b4df3c3a8ab5f18a3fceaa78b0c17904716abc1bf6066c7235a226c,3007,B028,ball,28 mil,DE,DE,DE,CWRU_DE_6205,DE,12000,1.0,1.0,96000,108000,1750.0,2hp,
cwru_native12.load.v1,1,CWRU,validation,n12L:CWRU:cwru_n12_DE_3007:DE:validation:108000-120000,cwrun12_DE_B028,DE_B028,cwru_n12_DE_3007,data/raw/ball/B028_2_DE12k.mat,X050_DE_time,9b1ce8c46b4df3c3a8ab5f18a3fceaa78b0c17904716abc1bf6066c7235a226c,3007,B028,ball,28 mil,DE,DE,DE,CWRU_DE_6205,DE,12000,1.0,1.0,108000,120000,1750.0,2hp,
cwru_native12.load.v1,1,CWRU,test,n12L:CWRU:cwru_n12_DE_3008:DE:test:0-12000,cwrun12_DE_B028,DE_B028,cwru_n12_DE_3008,data/raw/ball/B028_3_DE12k.mat,X051_DE_time,ac958f7b5a1c00469849e6104a1869d75231cddd0742a39d36475fce589ee475,3008,B028,ball,28 mil,DE,DE,DE,CWRU_DE_6205,DE,12000,1.0,1.0,0,12000,1730.0,3hp,
cwru_native12.load.v1,1,CWRU,test,n12L:CWRU:cwru_n12_DE_3008:DE:test:12000-24000,cwrun12_DE_B028,DE_B028,cwru_n12_DE_3008,data/raw/ball/B028_3_DE12k.mat,X051_DE_time,ac958f7b5a1c00469849e6104a1869d75231cddd0742a39d36475fce589ee475,3008,B028,ball,28 mil,DE,DE,DE,CWRU_DE_6205,DE,12000,1.0,1.0,12000,24000,1730.0,3hp,
cwru_native12.load.v1,1,CWRU,test,n12L:CWRU:cwru_n12_DE_3008:DE:test:24000-36000,cwrun12_DE_B028,DE_B028,cwru_n12_DE_3008,data/raw/ball/B028_3_DE12k.mat,X051_DE_time,ac958f7b5a1c00469849e6104a1869d75231cddd0742a39d36475fce589ee475,3008,B028,ball,28 mil,DE,DE,DE,CWRU_DE_6205,DE,12000,1.0,1.0,24000,36000,1730.0,3hp,
cwru_native12.load.v1,1,CWRU,test,n12L:CWRU:cwru_n12_DE_3008:DE:test:36000-48000,cwrun12_DE_B028,DE_B028,cwru_n12_DE_3008,data/raw/ball/B028_3_DE12k.mat,X051_DE_time,ac958f7b5a1c00469849e6104a1869d75231cddd0742a39d36475fce589ee475,3008,B028,ball,28 mil,DE,DE,DE,CWRU_DE_6205,DE,12000,1.0,1.0,36000,48000,1730.0,3hp,
cwru_native12.load.v1,1,CWRU,test,n12L:CWRU:cwru_n12_DE_3008:DE:test:48000-60000,cwrun12_DE_B028,DE_B028,cwru_n12_DE_3008,data/raw/ball/B028_3_DE12k.mat,X051_DE_time,ac958f7b5a1c00469849e6104a1869d75231cddd0742a39d36475fce589ee475,3008,B028,ball,28 mil,DE,DE,DE,CWRU_DE_6205,DE,12000,1.0,1.0,48000,60000,1730.0,3hp,
cwru_native12.load.v1,1,CWRU,test,n12L:CWRU:cwru_n12_DE_3008:DE:test:60000-72000,cwrun12_DE_B028,DE_B028,cwru_n12_DE_3008,data/raw/ball/B028_3_DE12k.mat,X051_DE_time,ac958f7b5a1c00469849e6104a1869d75231cddd0742a39d36475fce589ee475,3008,B028,ball,28 mil,DE,DE,DE,CWRU_DE_6205,DE,12000,1.0,1.0,60000,72000,1730.0,3hp,
cwru_native12.load.v1,1,CWRU,test,n12L:CWRU:cwru_n12_DE_3008:DE:test:72000-84000,cwrun12_DE_B028,DE_B028,cwru_n12_DE_3008,data/raw/ball/B028_3_DE12k.mat,X051_DE_time,ac958f7b5a1c00469849e6104a1869d75231cddd0742a39d36475fce589ee475,3008,B028,ball,28 mil,DE,DE,DE,CWRU_DE_6205,DE,12000,1.0,1.0,72000,84000,1730.0,3hp,
cwru_native12.load.v1,1,CWRU,test,n12L:CWRU:cwru_n12_DE_3008:DE:test:84000-96000,cwrun12_DE_B028,DE_B028,cwru_n12_DE_3008,data/raw/ball/B028_3_DE12k.mat,X051_DE_time,ac958f7b5a1c00469849e6104a1869d75231cddd0742a39d36475fce589ee475,3008,B028,ball,28 mil,DE,DE,DE,CWRU_DE_6205,DE,12000,1.0,1.0,84000,96000,1730.0,3hp,
cwru_native12.load.v1,1,CWRU,test,n12L:CWRU:cwru_n12_DE_3008:DE:test:96000-108000,cwrun12_DE_B028,DE_B028,cwru_n12_DE_3008,data/raw/ball/B028_3_DE12k.mat,X051_DE_time,ac958f7b5a1c00469849e6104a1869d75231cddd0742a39d36475fce589ee475,3008,B028,ball,28 mil,DE,DE,DE,CWRU_DE_6205,DE,12000,1.0,1.0,96000,108000,1730.0,3hp,
cwru_native12.load.v1,1,CWRU,test,n12L:CWRU:cwru_n12_DE_3008:DE:test:108000-120000,cwrun12_DE_B028,DE_B028,cwru_n12_DE_3008,data/raw/ball/B028_3_DE12k.mat,X051_DE_time,ac958f7b5a1c00469849e6104a1869d75231cddd0742a39d36475fce589ee475,3008,B028,ball,28 mil,DE,DE,DE,CWRU_DE_6205,DE,12000,1.0,1.0,108000,120000,1730.0,3hp,
cwru_native12.load.v1,1,CWRU,train,n12L:CWRU:cwru_n12_DE_105:DE:train:0-12000,cwrun12_DE_IR007,DE_IR007,cwru_n12_DE_105,data/raw/inner_race/IR007_0_DE12k.mat,X105_DE_time,f80b0ea04fd06b372a0eaec7c056543ea37e4bb4727a5b173d2a5bacd2aa9cab,105,IR007,inner_race,7 mil,DE,DE,DE,CWRU_DE_6205,DE,12000,1.0,0.5,0,12000,1797.0,0hp,
cwru_native12.load.v1,1,CWRU,train,n12L:CWRU:cwru_n12_DE_105:DE:train:6000-18000,cwrun12_DE_IR007,DE_IR007,cwru_n12_DE_105,data/raw/inner_race/IR007_0_DE12k.mat,X105_DE_time,f80b0ea04fd06b372a0eaec7c056543ea37e4bb4727a5b173d2a5bacd2aa9cab,105,IR007,inner_race,7 mil,DE,DE,DE,CWRU_DE_6205,DE,12000,1.0,0.5,6000,18000,1797.0,0hp,
cwru_native12.load.v1,1,CWRU,train,n12L:CWRU:cwru_n12_DE_105:DE:train:12000-24000,cwrun12_DE_IR007,DE_IR007,cwru_n12_DE_105,data/raw/inner_race/IR007_0_DE12k.mat,X105_DE_time,f80b0ea04fd06b372a0eaec7c056543ea37e4bb4727a5b173d2a5bacd2aa9cab,105,IR007,inner_race,7 mil,DE,DE,DE,CWRU_DE_6205,DE,12000,1.0,0.5,12000,24000,1797.0,0hp,
cwru_native12.load.v1,1,CWRU,train,n12L:CWRU:cwru_n12_DE_105:DE:train:18000-30000,cwrun12_DE_IR007,DE_IR007,cwru_n12_DE_105,data/raw/inner_race/IR007_0_DE12k.mat,X105_DE_time,f80b0ea04fd06b372a0eaec7c056543ea37e4bb4727a5b173d2a5bacd2aa9cab,105,IR007,inner_race,7 mil,DE,DE,DE,CWRU_DE_6205,DE,12000,1.0,0.5,18000,30000,1797.0,0hp,
cwru_native12.load.v1,1,CWRU,train,n12L:CWRU:cwru_n12_DE_105:DE:train:24000-36000,cwrun12_DE_IR007,DE_IR007,cwru_n12_DE_105,data/raw/inner_race/IR007_0_DE12k.mat,X105_DE_time,f80b0ea04fd06b372a0eaec7c056543ea37e4bb4727a5b173d2a5bacd2aa9cab,105,IR007,inner_race,7 mil,DE,DE,DE,CWRU_DE_6205,DE,12000,1.0,0.5,24000,36000,1797.0,0hp,
cwru_native12.load.v1,1,CWRU,train,n12L:CWRU:cwru_n12_DE_105:DE:train:30000-42000,cwrun12_DE_IR007,DE_IR007,cwru_n12_DE_105,data/raw/inner_race/IR007_0_DE12k.mat,X105_DE_time,f80b0ea04fd06b372a0eaec7c056543ea37e4bb4727a5b173d2a5bacd2aa9cab,105,IR007,inner_race,7 mil,DE,DE,DE,CWRU_DE_6205,DE,12000,1.0,0.5,30000,42000,1797.0,0hp,
cwru_native12.load.v1,1,CWRU,train,n12L:CWRU:cwru_n12_DE_105:DE:train:36000-48000,cwrun12_DE_IR007,DE_IR007,cwru_n12_DE_105,data/raw/inner_race/IR007_0_DE12k.mat,X105_DE_time,f80b0ea04fd06b372a0eaec7c056543ea37e4bb4727a5b173d2a5bacd2aa9cab,105,IR007,inner_race,7 mil,DE,DE,DE,CWRU_DE_6205,DE,12000,1.0,0.5,36000,48000,1797.0,0hp,
cwru_native12.load.v1,1,CWRU,train,n12L:CWRU:cwru_n12_DE_105:DE:train:42000-54000,cwrun12_DE_IR007,DE_IR007,cwru_n12_DE_105,data/raw/inner_race/IR007_0_DE12k.mat,X105_DE_time,f80b0ea04fd06b372a0eaec7c056543ea37e4bb4727a5b173d2a5bacd2aa9cab,105,IR007,inner_race,7 mil,DE,DE,DE,CWRU_DE_6205,DE,12000,1.0,0.5,42000,54000,1797.0,0hp,
cwru_native12.load.v1,1,CWRU,train,n12L:CWRU:cwru_n12_DE_105:DE:train:48000-60000,cwrun12_DE_IR007,DE_IR007,cwru_n12_DE_105,data/raw/inner_race/IR007_0_DE12k.mat,X105_DE_time,f80b0ea04fd06b372a0eaec7c056543ea37e4bb4727a5b173d2a5bacd2aa9cab,105,IR007,inner_race,7 mil,DE,DE,DE,CWRU_DE_6205,DE,12000,1.0,0.5,48000,60000,1797.0,0hp,
cwru_native12.load.v1,1,CWRU,train,n12L:CWRU:cwru_n12_DE_105:DE:train:54000-66000,cwrun12_DE_IR007,DE_IR007,cwru_n12_DE_105,data/raw/inner_race/IR007_0_DE12k.mat,X105_DE_time,f80b0ea04fd06b372a0eaec7c056543ea37e4bb4727a5b173d2a5bacd2aa9cab,105,IR007,inner_race,7 mil,DE,DE,DE,CWRU_DE_6205,DE,12000,1.0,0.5,54000,66000,1797.0,0hp,
cwru_native12.load.v1,1,CWRU,train,n12L:CWRU:cwru_n12_DE_105:DE:train:60000-72000,cwrun12_DE_IR007,DE_IR007,cwru_n12_DE_105,data/raw/inner_race/IR007_0_DE12k.mat,X105_DE_time,f80b0ea04fd06b372a0eaec7c056543ea37e4bb4727a5b173d2a5bacd2aa9cab,105,IR007,inner_race,7 mil,DE,DE,DE,CWRU_DE_6205,DE,12000,1.0,0.5,60000,72000,1797.0,0hp,
cwru_native12.load.v1,1,CWRU,train,n12L:CWRU:cwru_n12_DE_105:DE:train:66000-78000,cwrun12_DE_IR007,DE_IR007,cwru_n12_DE_105,data/raw/inner_race/IR007_0_DE12k.mat,X105_DE_time,f80b0ea04fd06b372a0eaec7c056543ea37e4bb4727a5b173d2a5bacd2aa9cab,105,IR007,inner_race,7 mil,DE,DE,DE,CWRU_DE_6205,DE,12000,1.0,0.5,66000,78000,1797.0,0hp,
cwru_native12.load.v1,1,CWRU,train,n12L:CWRU:cwru_n12_DE_105:DE:train:72000-84000,cwrun12_DE_IR007,DE_IR007,cwru_n12_DE_105,data/raw/inner_race/IR007_0_DE12k.mat,X105_DE_time,f80b0ea04fd06b372a0eaec7c056543ea37e4bb4727a5b173d2a5bacd2aa9cab,105,IR007,inner_race,7 mil,DE,DE,DE,CWRU_DE_6205,DE,12000,1.0,0.5,72000,84000,1797.0,0hp,
cwru_native12.load.v1,1,CWRU,train,n12L:CWRU:cwru_n12_DE_105:DE:train:78000-90000,cwrun12_DE_IR007,DE_IR007,cwru_n12_DE_105,data/raw/inner_race/IR007_0_DE12k.mat,X105_DE_time,f80b0ea04fd06b372a0eaec7c056543ea37e4bb4727a5b173d2a5bacd2aa9cab,105,IR007,inner_race,7 mil,DE,DE,DE,CWRU_DE_6205,DE,12000,1.0,0.5,78000,90000,1797.0,0hp,
cwru_native12.load.v1,1,CWRU,train,n12L:CWRU:cwru_n12_DE_105:DE:train:84000-96000,cwrun12_DE_IR007,DE_IR007,cwru_n12_DE_105,data/raw/inner_race/IR007_0_DE12k.mat,X105_DE_time,f80b0ea04fd06b372a0eaec7c056543ea37e4bb4727a5b173d2a5bacd2aa9cab,105,IR007,inner_race,7 mil,DE,DE,DE,CWRU_DE_6205,DE,12000,1.0,0.5,84000,96000,1797.0,0hp,
cwru_native12.load.v1,1,CWRU,train,n12L:CWRU:cwru_n12_DE_105:DE:train:90000-102000,cwrun12_DE_IR007,DE_IR007,cwru_n12_DE_105,data/raw/inner_race/IR007_0_DE12k.mat,X105_DE_time,f80b0ea04fd06b372a0eaec7c056543ea37e4bb4727a5b173d2a5bacd2aa9cab,105,IR007,inner_race,7 mil,DE,DE,DE,CWRU_DE_6205,DE,12000,1.0,0.5,90000,102000,1797.0,0hp,
cwru_native12.load.v1,1,CWRU,train,n12L:CWRU:cwru_n12_DE_105:DE:train:96000-108000,cwrun12_DE_IR007,DE_IR007,cwru_n12_DE_105,data/raw/inner_race/IR007_0_DE12k.mat,X105_DE_time,f80b0ea04fd06b372a0eaec7c056543ea37e4bb4727a5b173d2a5bacd2aa9cab,105,IR007,inner_race,7 mil,DE,DE,DE,CWRU_DE_6205,DE,12000,1.0,0.5,96000,108000,1797.0,0hp,
cwru_native12.load.v1,1,CWRU,train,n12L:CWRU:cwru_n12_DE_105:DE:train:102000-114000,cwrun12_DE_IR007,DE_IR007,cwru_n12_DE_105,data/raw/inner_race/IR007_0_DE12k.mat,X105_DE_time,f80b0ea04fd06b372a0eaec7c056543ea37e4bb4727a5b173d2a5bacd2aa9cab,105,IR007,inner_race,7 mil,DE,DE,DE,CWRU_DE_6205,DE,12000,1.0,0.5,102000,114000,1797.0,0hp,
cwru_native12.load.v1,1,CWRU,train,n12L:CWRU:cwru_n12_DE_105:DE:train:108000-120000,cwrun12_DE_IR007,DE_IR007,cwru_n12_DE_105,data/raw/inner_race/IR007_0_DE12k.mat,X105_DE_time,f80b0ea04fd06b372a0eaec7c056543ea37e4bb4727a5b173d2a5bacd2aa9cab,105,IR007,inner_race,7 mil,DE,DE,DE,CWRU_DE_6205,DE,12000,1.0,0.5,108000,120000,1797.0,0hp,
cwru_native12.load.v1,1,CWRU,train,n12L:CWRU:cwru_n12_DE_106:DE:train:0-12000,cwrun12_DE_IR007,DE_IR007,cwru_n12_DE_106,data/raw/inner_race/IR007_1_DE12k.mat,X106_DE_time,e5cec7cdd138e6cd1deb9ed8634e5aaa9bc1bd7094ddc075bff606580eb6e883,106,IR007,inner_race,7 mil,DE,DE,DE,CWRU_DE_6205,DE,12000,1.0,0.5,0,12000,1772.0,1hp,
cwru_native12.load.v1,1,CWRU,train,n12L:CWRU:cwru_n12_DE_106:DE:train:6000-18000,cwrun12_DE_IR007,DE_IR007,cwru_n12_DE_106,data/raw/inner_race/IR007_1_DE12k.mat,X106_DE_time,e5cec7cdd138e6cd1deb9ed8634e5aaa9bc1bd7094ddc075bff606580eb6e883,106,IR007,inner_race,7 mil,DE,DE,DE,CWRU_DE_6205,DE,12000,1.0,0.5,6000,18000,1772.0,1hp,
cwru_native12.load.v1,1,CWRU,train,n12L:CWRU:cwru_n12_DE_106:DE:train:12000-24000,cwrun12_DE_IR007,DE_IR007,cwru_n12_DE_106,data/raw/inner_race/IR007_1_DE12k.mat,X106_DE_time,e5cec7cdd138e6cd1deb9ed8634e5aaa9bc1bd7094ddc075bff606580eb6e883,106,IR007,inner_race,7 mil,DE,DE,DE,CWRU_DE_6205,DE,12000,1.0,0.5,12000,24000,1772.0,1hp,
cwru_native12.load.v1,1,CWRU,train,n12L:CWRU:cwru_n12_DE_106:DE:train:18000-30000,cwrun12_DE_IR007,DE_IR007,cwru_n12_DE_106,data/raw/inner_race/IR007_1_DE12k.mat,X106_DE_time,e5cec7cdd138e6cd1deb9ed8634e5aaa9bc1bd7094ddc075bff606580eb6e883,106,IR007,inner_race,7 mil,DE,DE,DE,CWRU_DE_6205,DE,12000,1.0,0.5,18000,30000,1772.0,1hp,
cwru_native12.load.v1,1,CWRU,train,n12L:CWRU:cwru_n12_DE_106:DE:train:24000-36000,cwrun12_DE_IR007,DE_IR007,cwru_n12_DE_106,data/raw/inner_race/IR007_1_DE12k.mat,X106_DE_time,e5cec7cdd138e6cd1deb9ed8634e5aaa9bc1bd7094ddc075bff606580eb6e883,106,IR007,inner_race,7 mil,DE,DE,DE,CWRU_DE_6205,DE,12000,1.0,0.5,24000,36000,1772.0,1hp,
cwru_native12.load.v1,1,CWRU,train,n12L:CWRU:cwru_n12_DE_106:DE:train:30000-42000,cwrun12_DE_IR007,DE_IR007,cwru_n12_DE_106,data/raw/inner_race/IR007_1_DE12k.mat,X106_DE_time,e5cec7cdd138e6cd1deb9ed8634e5aaa9bc1bd7094ddc075bff606580eb6e883,106,IR007,inner_race,7 mil,DE,DE,DE,CWRU_DE_6205,DE,12000,1.0,0.5,30000,42000,1772.0,1hp,
cwru_native12.load.v1,1,CWRU,train,n12L:CWRU:cwru_n12_DE_106:DE:train:36000-48000,cwrun12_DE_IR007,DE_IR007,cwru_n12_DE_106,data/raw/inner_race/IR007_1_DE12k.mat,X106_DE_time,e5cec7cdd138e6cd1deb9ed8634e5aaa9bc1bd7094ddc075bff606580eb6e883,106,IR007,inner_race,7 mil,DE,DE,DE,CWRU_DE_6205,DE,12000,1.0,0.5,36000,48000,1772.0,1hp,
cwru_native12.load.v1,1,CWRU,train,n12L:CWRU:cwru_n12_DE_106:DE:train:42000-54000,cwrun12_DE_IR007,DE_IR007,cwru_n12_DE_106,data/raw/inner_race/IR007_1_DE12k.mat,X106_DE_time,e5cec7cdd138e6cd1deb9ed8634e5aaa9bc1bd7094ddc075bff606580eb6e883,106,IR007,inner_race,7 mil,DE,DE,DE,CWRU_DE_6205,DE,12000,1.0,0.5,42000,54000,1772.0,1hp,
cwru_native12.load.v1,1,CWRU,train,n12L:CWRU:cwru_n12_DE_106:DE:train:48000-60000,cwrun12_DE_IR007,DE_IR007,cwru_n12_DE_106,data/raw/inner_race/IR007_1_DE12k.mat,X106_DE_time,e5cec7cdd138e6cd1deb9ed8634e5aaa9bc1bd7094ddc075bff606580eb6e883,106,IR007,inner_race,7 mil,DE,DE,DE,CWRU_DE_6205,DE,12000,1.0,0.5,48000,60000,1772.0,1hp,
cwru_native12.load.v1,1,CWRU,train,n12L:CWRU:cwru_n12_DE_106:DE:train:54000-66000,cwrun12_DE_IR007,DE_IR007,cwru_n12_DE_106,data/raw/inner_race/IR007_1_DE12k.mat,X106_DE_time,e5cec7cdd138e6cd1deb9ed8634e5aaa9bc1bd7094ddc075bff606580eb6e883,106,IR007,inner_race,7 mil,DE,DE,DE,CWRU_DE_6205,DE,12000,1.0,0.5,54000,66000,1772.0,1hp,
cwru_native12.load.v1,1,CWRU,train,n12L:CWRU:cwru_n12_DE_106:DE:train:60000-72000,cwrun12_DE_IR007,DE_IR007,cwru_n12_DE_106,data/raw/inner_race/IR007_1_DE12k.mat,X106_DE_time,e5cec7cdd138e6cd1deb9ed8634e5aaa9bc1bd7094ddc075bff606580eb6e883,106,IR007,inner_race,7 mil,DE,DE,DE,CWRU_DE_6205,DE,12000,1.0,0.5,60000,72000,1772.0,1hp,
cwru_native12.load.v1,1,CWRU,train,n12L:CWRU:cwru_n12_DE_106:DE:train:66000-78000,cwrun12_DE_IR007,DE_IR007,cwru_n12_DE_106,data/raw/inner_race/IR007_1_DE12k.mat,X106_DE_time,e5cec7cdd138e6cd1deb9ed8634e5aaa9bc1bd7094ddc075bff606580eb6e883,106,IR007,inner_race,7 mil,DE,DE,DE,CWRU_DE_6205,DE,12000,1.0,0.5,66000,78000,1772.0,1hp,
cwru_native12.load.v1,1,CWRU,train,n12L:CWRU:cwru_n12_DE_106:DE:train:72000-84000,cwrun12_DE_IR007,DE_IR007,cwru_n12_DE_106,data/raw/inner_race/IR007_1_DE12k.mat,X106_DE_time,e5cec7cdd138e6cd1deb9ed8634e5aaa9bc1bd7094ddc075bff606580eb6e883,106,IR007,inner_race,7 mil,DE,DE,DE,CWRU_DE_6205,DE,12000,1.0,0.5,72000,84000,1772.0,1hp,
cwru_native12.load.v1,1,CWRU,train,n12L:CWRU:cwru_n12_DE_106:DE:train:78000-90000,cwrun12_DE_IR007,DE_IR007,cwru_n12_DE_106,data/raw/inner_race/IR007_1_DE12k.mat,X106_DE_time,e5cec7cdd138e6cd1deb9ed8634e5aaa9bc1bd7094ddc075bff606580eb6e883,106,IR007,inner_race,7 mil,DE,DE,DE,CWRU_DE_6205,DE,12000,1.0,0.5,78000,90000,1772.0,1hp,
cwru_native12.load.v1,1,CWRU,train,n12L:CWRU:cwru_n12_DE_106:DE:train:84000-96000,cwrun12_DE_IR007,DE_IR007,cwru_n12_DE_106,data/raw/inner_race/IR007_1_DE12k.mat,X106_DE_time,e5cec7cdd138e6cd1deb9ed8634e5aaa9bc1bd7094ddc075bff606580eb6e883,106,IR007,inner_race,7 mil,DE,DE,DE,CWRU_DE_6205,DE,12000,1.0,0.5,84000,96000,1772.0,1hp,
cwru_native12.load.v1,1,CWRU,train,n12L:CWRU:cwru_n12_DE_106:DE:train:90000-102000,cwrun12_DE_IR007,DE_IR007,cwru_n12_DE_106,data/raw/inner_race/IR007_1_DE12k.mat,X106_DE_time,e5cec7cdd138e6cd1deb9ed8634e5aaa9bc1bd7094ddc075bff606580eb6e883,106,IR007,inner_race,7 mil,DE,DE,DE,CWRU_DE_6205,DE,12000,1.0,0.5,90000,102000,1772.0,1hp,
cwru_native12.load.v1,1,CWRU,train,n12L:CWRU:cwru_n12_DE_106:DE:train:96000-108000,cwrun12_DE_IR007,DE_IR007,cwru_n12_DE_106,data/raw/inner_race/IR007_1_DE12k.mat,X106_DE_time,e5cec7cdd138e6cd1deb9ed8634e5aaa9bc1bd7094ddc075bff606580eb6e883,106,IR007,inner_race,7 mil,DE,DE,DE,CWRU_DE_6205,DE,12000,1.0,0.5,96000,108000,1772.0,1hp,
cwru_native12.load.v1,1,CWRU,train,n12L:CWRU:cwru_n12_DE_106:DE:train:102000-114000,cwrun12_DE_IR007,DE_IR007,cwru_n12_DE_106,data/raw/inner_race/IR007_1_DE12k.mat,X106_DE_time,e5cec7cdd138e6cd1deb9ed8634e5aaa9bc1bd7094ddc075bff606580eb6e883,106,IR007,inner_race,7 mil,DE,DE,DE,CWRU_DE_6205,DE,12000,1.0,0.5,102000,114000,1772.0,1hp,
cwru_native12.load.v1,1,CWRU,train,n12L:CWRU:cwru_n12_DE_106:DE:train:108000-120000,cwrun12_DE_IR007,DE_IR007,cwru_n12_DE_106,data/raw/inner_race/IR007_1_DE12k.mat,X106_DE_time,e5cec7cdd138e6cd1deb9ed8634e5aaa9bc1bd7094ddc075bff606580eb6e883,106,IR007,inner_race,7 mil,DE,DE,DE,CWRU_DE_6205,DE,12000,1.0,0.5,108000,120000,1772.0,1hp,
cwru_native12.load.v1,1,CWRU,validation,n12L:CWRU:cwru_n12_DE_107:DE:validation:0-12000,cwrun12_DE_IR007,DE_IR007,cwru_n12_DE_107,data/raw/inner_race/IR007_2_DE12k.mat,X107_DE_time,111ba8996a115684661a13c913bd74d8029a59294492f88aec7b03e175fdd388,107,IR007,inner_race,7 mil,DE,DE,DE,CWRU_DE_6205,DE,12000,1.0,1.0,0,12000,1748.0,2hp,
cwru_native12.load.v1,1,CWRU,validation,n12L:CWRU:cwru_n12_DE_107:DE:validation:12000-24000,cwrun12_DE_IR007,DE_IR007,cwru_n12_DE_107,data/raw/inner_race/IR007_2_DE12k.mat,X107_DE_time,111ba8996a115684661a13c913bd74d8029a59294492f88aec7b03e175fdd388,107,IR007,inner_race,7 mil,DE,DE,DE,CWRU_DE_6205,DE,12000,1.0,1.0,12000,24000,1748.0,2hp,
cwru_native12.load.v1,1,CWRU,validation,n12L:CWRU:cwru_n12_DE_107:DE:validation:24000-36000,cwrun12_DE_IR007,DE_IR007,cwru_n12_DE_107,data/raw/inner_race/IR007_2_DE12k.mat,X107_DE_time,111ba8996a115684661a13c913bd74d8029a59294492f88aec7b03e175fdd388,107,IR007,inner_race,7 mil,DE,DE,DE,CWRU_DE_6205,DE,12000,1.0,1.0,24000,36000,1748.0,2hp,
cwru_native12.load.v1,1,CWRU,validation,n12L:CWRU:cwru_n12_DE_107:DE:validation:36000-48000,cwrun12_DE_IR007,DE_IR007,cwru_n12_DE_107,data/raw/inner_race/IR007_2_DE12k.mat,X107_DE_time,111ba8996a115684661a13c913bd74d8029a59294492f88aec7b03e175fdd388,107,IR007,inner_race,7 mil,DE,DE,DE,CWRU_DE_6205,DE,12000,1.0,1.0,36000,48000,1748.0,2hp,
cwru_native12.load.v1,1,CWRU,validation,n12L:CWRU:cwru_n12_DE_107:DE:validation:48000-60000,cwrun12_DE_IR007,DE_IR007,cwru_n12_DE_107,data/raw/inner_race/IR007_2_DE12k.mat,X107_DE_time,111ba8996a115684661a13c913bd74d8029a59294492f88aec7b03e175fdd388,107,IR007,inner_race,7 mil,DE,DE,DE,CWRU_DE_6205,DE,12000,1.0,1.0,48000,60000,1748.0,2hp,
cwru_native12.load.v1,1,CWRU,validation,n12L:CWRU:cwru_n12_DE_107:DE:validation:60000-72000,cwrun12_DE_IR007,DE_IR007,cwru_n12_DE_107,data/raw/inner_race/IR007_2_DE12k.mat,X107_DE_time,111ba8996a115684661a13c913bd74d8029a59294492f88aec7b03e175fdd388,107,IR007,inner_race,7 mil,DE,DE,DE,CWRU_DE_6205,DE,12000,1.0,1.0,60000,72000,1748.0,2hp,
cwru_native12.load.v1,1,CWRU,validation,n12L:CWRU:cwru_n12_DE_107:DE:validation:72000-84000,cwrun12_DE_IR007,DE_IR007,cwru_n12_DE_107,data/raw/inner_race/IR007_2_DE12k.mat,X107_DE_time,111ba8996a115684661a13c913bd74d8029a59294492f88aec7b03e175fdd388,107,IR007,inner_race,7 mil,DE,DE,DE,CWRU_DE_6205,DE,12000,1.0,1.0,72000,84000,1748.0,2hp,
cwru_native12.load.v1,1,CWRU,validation,n12L:CWRU:cwru_n12_DE_107:DE:validation:84000-96000,cwrun12_DE_IR007,DE_IR007,cwru_n12_DE_107,data/raw/inner_race/IR007_2_DE12k.mat,X107_DE_time,111ba8996a115684661a13c913bd74d8029a59294492f88aec7b03e175fdd388,107,IR007,inner_race,7 mil,DE,DE,DE,CWRU_DE_6205,DE,12000,1.0,1.0,84000,96000,1748.0,2hp,
cwru_native12.load.v1,1,CWRU,validation,n12L:CWRU:cwru_n12_DE_107:DE:validation:96000-108000,cwrun12_DE_IR007,DE_IR007,cwru_n12_DE_107,data/raw/inner_race/IR007_2_DE12k.mat,X107_DE_time,111ba8996a115684661a13c913bd74d8029a59294492f88aec7b03e175fdd388,107,IR007,inner_race,7 mil,DE,DE,DE,CWRU_DE_6205,DE,12000,1.0,1.0,96000,108000,1748.0,2hp,
cwru_native12.load.v1,1,CWRU,validation,n12L:CWRU:cwru_n12_DE_107:DE:validation:108000-120000,cwrun12_DE_IR007,DE_IR007,cwru_n12_DE_107,data/raw/inner_race/IR007_2_DE12k.mat,X107_DE_time,111ba8996a115684661a13c913bd74d8029a59294492f88aec7b03e175fdd388,107,IR007,inner_race,7 mil,DE,DE,DE,CWRU_DE_6205,DE,12000,1.0,1.0,108000,120000,1748.0,2hp,
cwru_native12.load.v1,1,CWRU,test,n12L:CWRU:cwru_n12_DE_108:DE:test:0-12000,cwrun12_DE_IR007,DE_IR007,cwru_n12_DE_108,data/raw/inner_race/IR007_3_DE12k.mat,X108_DE_time,d415f0e65128bfa0b118c2051c988fb0dc6ce3e4c8aa45fdc5ad1d0967462e7d,108,IR007,inner_race,7 mil,DE,DE,DE,CWRU_DE_6205,DE,12000,1.0,1.0,0,12000,1721.0,3hp,
cwru_native12.load.v1,1,CWRU,test,n12L:CWRU:cwru_n12_DE_108:DE:test:12000-24000,cwrun12_DE_IR007,DE_IR007,cwru_n12_DE_108,data/raw/inner_race/IR007_3_DE12k.mat,X108_DE_time,d415f0e65128bfa0b118c2051c988fb0dc6ce3e4c8aa45fdc5ad1d0967462e7d,108,IR007,inner_race,7 mil,DE,DE,DE,CWRU_DE_6205,DE,12000,1.0,1.0,12000,24000,1721.0,3hp,
cwru_native12.load.v1,1,CWRU,test,n12L:CWRU:cwru_n12_DE_108:DE:test:24000-36000,cwrun12_DE_IR007,DE_IR007,cwru_n12_DE_108,data/raw/inner_race/IR007_3_DE12k.mat,X108_DE_time,d415f0e65128bfa0b118c2051c988fb0dc6ce3e4c8aa45fdc5ad1d0967462e7d,108,IR007,inner_race,7 mil,DE,DE,DE,CWRU_DE_6205,DE,12000,1.0,1.0,24000,36000,1721.0,3hp,
cwru_native12.load.v1,1,CWRU,test,n12L:CWRU:cwru_n12_DE_108:DE:test:36000-48000,cwrun12_DE_IR007,DE_IR007,cwru_n12_DE_108,data/raw/inner_race/IR007_3_DE12k.mat,X108_DE_time,d415f0e65128bfa0b118c2051c988fb0dc6ce3e4c8aa45fdc5ad1d0967462e7d,108,IR007,inner_race,7 mil,DE,DE,DE,CWRU_DE_6205,DE,12000,1.0,1.0,36000,48000,1721.0,3hp,
cwru_native12.load.v1,1,CWRU,test,n12L:CWRU:cwru_n12_DE_108:DE:test:48000-60000,cwrun12_DE_IR007,DE_IR007,cwru_n12_DE_108,data/raw/inner_race/IR007_3_DE12k.mat,X108_DE_time,d415f0e65128bfa0b118c2051c988fb0dc6ce3e4c8aa45fdc5ad1d0967462e7d,108,IR007,inner_race,7 mil,DE,DE,DE,CWRU_DE_6205,DE,12000,1.0,1.0,48000,60000,1721.0,3hp,
cwru_native12.load.v1,1,CWRU,test,n12L:CWRU:cwru_n12_DE_108:DE:test:60000-72000,cwrun12_DE_IR007,DE_IR007,cwru_n12_DE_108,data/raw/inner_race/IR007_3_DE12k.mat,X108_DE_time,d415f0e65128bfa0b118c2051c988fb0dc6ce3e4c8aa45fdc5ad1d0967462e7d,108,IR007,inner_race,7 mil,DE,DE,DE,CWRU_DE_6205,DE,12000,1.0,1.0,60000,72000,1721.0,3hp,
cwru_native12.load.v1,1,CWRU,test,n12L:CWRU:cwru_n12_DE_108:DE:test:72000-84000,cwrun12_DE_IR007,DE_IR007,cwru_n12_DE_108,data/raw/inner_race/IR007_3_DE12k.mat,X108_DE_time,d415f0e65128bfa0b118c2051c988fb0dc6ce3e4c8aa45fdc5ad1d0967462e7d,108,IR007,inner_race,7 mil,DE,DE,DE,CWRU_DE_6205,DE,12000,1.0,1.0,72000,84000,1721.0,3hp,
cwru_native12.load.v1,1,CWRU,test,n12L:CWRU:cwru_n12_DE_108:DE:test:84000-96000,cwrun12_DE_IR007,DE_IR007,cwru_n12_DE_108,data/raw/inner_race/IR007_3_DE12k.mat,X108_DE_time,d415f0e65128bfa0b118c2051c988fb0dc6ce3e4c8aa45fdc5ad1d0967462e7d,108,IR007,inner_race,7 mil,DE,DE,DE,CWRU_DE_6205,DE,12000,1.0,1.0,84000,96000,1721.0,3hp,
cwru_native12.load.v1,1,CWRU,test,n12L:CWRU:cwru_n12_DE_108:DE:test:96000-108000,cwrun12_DE_IR007,DE_IR007,cwru_n12_DE_108,data/raw/inner_race/IR007_3_DE12k.mat,X108_DE_time,d415f0e65128bfa0b118c2051c988fb0dc6ce3e4c8aa45fdc5ad1d0967462e7d,108,IR007,inner_race,7 mil,DE,DE,DE,CWRU_DE_6205,DE,12000,1.0,1.0,96000,108000,1721.0,3hp,
cwru_native12.load.v1,1,CWRU,test,n12L:CWRU:cwru_n12_DE_108:DE:test:108000-120000,cwrun12_DE_IR007,DE_IR007,cwru_n12_DE_108,data/raw/inner_race/IR007_3_DE12k.mat,X108_DE_time,d415f0e65128bfa0b118c2051c988fb0dc6ce3e4c8aa45fdc5ad1d0967462e7d,108,IR007,inner_race,7 mil,DE,DE,DE,CWRU_DE_6205,DE,12000,1.0,1.0,108000,120000,1721.0,3hp,
cwru_native12.load.v1,1,CWRU,train,n12L:CWRU:cwru_n12_DE_169:DE:train:0-12000,cwrun12_DE_IR014,DE_IR014,cwru_n12_DE_169,data/raw/inner_race/IR014_0_DE12k.mat,X169_DE_time,f5448673725c4ea2735fe7d3fe4b16ad82b217eac6b62c4bf351c4549b0a5229,169,IR014,inner_race,14 mil,DE,DE,DE,CWRU_DE_6205,DE,12000,1.0,0.5,0,12000,1796.0,0hp,
cwru_native12.load.v1,1,CWRU,train,n12L:CWRU:cwru_n12_DE_169:DE:train:6000-18000,cwrun12_DE_IR014,DE_IR014,cwru_n12_DE_169,data/raw/inner_race/IR014_0_DE12k.mat,X169_DE_time,f5448673725c4ea2735fe7d3fe4b16ad82b217eac6b62c4bf351c4549b0a5229,169,IR014,inner_race,14 mil,DE,DE,DE,CWRU_DE_6205,DE,12000,1.0,0.5,6000,18000,1796.0,0hp,
cwru_native12.load.v1,1,CWRU,train,n12L:CWRU:cwru_n12_DE_169:DE:train:12000-24000,cwrun12_DE_IR014,DE_IR014,cwru_n12_DE_169,data/raw/inner_race/IR014_0_DE12k.mat,X169_DE_time,f5448673725c4ea2735fe7d3fe4b16ad82b217eac6b62c4bf351c4549b0a5229,169,IR014,inner_race,14 mil,DE,DE,DE,CWRU_DE_6205,DE,12000,1.0,0.5,12000,24000,1796.0,0hp,
cwru_native12.load.v1,1,CWRU,train,n12L:CWRU:cwru_n12_DE_169:DE:train:18000-30000,cwrun12_DE_IR014,DE_IR014,cwru_n12_DE_169,data/raw/inner_race/IR014_0_DE12k.mat,X169_DE_time,f5448673725c4ea2735fe7d3fe4b16ad82b217eac6b62c4bf351c4549b0a5229,169,IR014,inner_race,14 mil,DE,DE,DE,CWRU_DE_6205,DE,12000,1.0,0.5,18000,30000,1796.0,0hp,
cwru_native12.load.v1,1,CWRU,train,n12L:CWRU:cwru_n12_DE_169:DE:train:24000-36000,cwrun12_DE_IR014,DE_IR014,cwru_n12_DE_169,data/raw/inner_race/IR014_0_DE12k.mat,X169_DE_time,f5448673725c4ea2735fe7d3fe4b16ad82b217eac6b62c4bf351c4549b0a5229,169,IR014,inner_race,14 mil,DE,DE,DE,CWRU_DE_6205,DE,12000,1.0,0.5,24000,36000,1796.0,0hp,
cwru_native12.load.v1,1,CWRU,train,n12L:CWRU:cwru_n12_DE_169:DE:train:30000-42000,cwrun12_DE_IR014,DE_IR014,cwru_n12_DE_169,data/raw/inner_race/IR014_0_DE12k.mat,X169_DE_time,f5448673725c4ea2735fe7d3fe4b16ad82b217eac6b62c4bf351c4549b0a5229,169,IR014,inner_race,14 mil,DE,DE,DE,CWRU_DE_6205,DE,12000,1.0,0.5,30000,42000,1796.0,0hp,
cwru_native12.load.v1,1,CWRU,train,n12L:CWRU:cwru_n12_DE_169:DE:train:36000-48000,cwrun12_DE_IR014,DE_IR014,cwru_n12_DE_169,data/raw/inner_race/IR014_0_DE12k.mat,X169_DE_time,f5448673725c4ea2735fe7d3fe4b16ad82b217eac6b62c4bf351c4549b0a5229,169,IR014,inner_race,14 mil,DE,DE,DE,CWRU_DE_6205,DE,12000,1.0,0.5,36000,48000,1796.0,0hp,
cwru_native12.load.v1,1,CWRU,train,n12L:CWRU:cwru_n12_DE_169:DE:train:42000-54000,cwrun12_DE_IR014,DE_IR014,cwru_n12_DE_169,data/raw/inner_race/IR014_0_DE12k.mat,X169_DE_time,f5448673725c4ea2735fe7d3fe4b16ad82b217eac6b62c4bf351c4549b0a5229,169,IR014,inner_race,14 mil,DE,DE,DE,CWRU_DE_6205,DE,12000,1.0,0.5,42000,54000,1796.0,0hp,
cwru_native12.load.v1,1,CWRU,train,n12L:CWRU:cwru_n12_DE_169:DE:train:48000-60000,cwrun12_DE_IR014,DE_IR014,cwru_n12_DE_169,data/raw/inner_race/IR014_0_DE12k.mat,X169_DE_time,f5448673725c4ea2735fe7d3fe4b16ad82b217eac6b62c4bf351c4549b0a5229,169,IR014,inner_race,14 mil,DE,DE,DE,CWRU_DE_6205,DE,12000,1.0,0.5,48000,60000,1796.0,0hp,
cwru_native12.load.v1,1,CWRU,train,n12L:CWRU:cwru_n12_DE_169:DE:train:54000-66000,cwrun12_DE_IR014,DE_IR014,cwru_n12_DE_169,data/raw/inner_race/IR014_0_DE12k.mat,X169_DE_time,f5448673725c4ea2735fe7d3fe4b16ad82b217eac6b62c4bf351c4549b0a5229,169,IR014,inner_race,14 mil,DE,DE,DE,CWRU_DE_6205,DE,12000,1.0,0.5,54000,66000,1796.0,0hp,
cwru_native12.load.v1,1,CWRU,train,n12L:CWRU:cwru_n12_DE_169:DE:train:60000-72000,cwrun12_DE_IR014,DE_IR014,cwru_n12_DE_169,data/raw/inner_race/IR014_0_DE12k.mat,X169_DE_time,f5448673725c4ea2735fe7d3fe4b16ad82b217eac6b62c4bf351c4549b0a5229,169,IR014,inner_race,14 mil,DE,DE,DE,CWRU_DE_6205,DE,12000,1.0,0.5,60000,72000,1796.0,0hp,
cwru_native12.load.v1,1,CWRU,train,n12L:CWRU:cwru_n12_DE_169:DE:train:66000-78000,cwrun12_DE_IR014,DE_IR014,cwru_n12_DE_169,data/raw/inner_race/IR014_0_DE12k.mat,X169_DE_time,f5448673725c4ea2735fe7d3fe4b16ad82b217eac6b62c4bf351c4549b0a5229,169,IR014,inner_race,14 mil,DE,DE,DE,CWRU_DE_6205,DE,12000,1.0,0.5,66000,78000,1796.0,0hp,
cwru_native12.load.v1,1,CWRU,train,n12L:CWRU:cwru_n12_DE_169:DE:train:72000-84000,cwrun12_DE_IR014,DE_IR014,cwru_n12_DE_169,data/raw/inner_race/IR014_0_DE12k.mat,X169_DE_time,f5448673725c4ea2735fe7d3fe4b16ad82b217eac6b62c4bf351c4549b0a5229,169,IR014,inner_race,14 mil,DE,DE,DE,CWRU_DE_6205,DE,12000,1.0,0.5,72000,84000,1796.0,0hp,
cwru_native12.load.v1,1,CWRU,train,n12L:CWRU:cwru_n12_DE_169:DE:train:78000-90000,cwrun12_DE_IR014,DE_IR014,cwru_n12_DE_169,data/raw/inner_race/IR014_0_DE12k.mat,X169_DE_time,f5448673725c4ea2735fe7d3fe4b16ad82b217eac6b62c4bf351c4549b0a5229,169,IR014,inner_race,14 mil,DE,DE,DE,CWRU_DE_6205,DE,12000,1.0,0.5,78000,90000,1796.0,0hp,
cwru_native12.load.v1,1,CWRU,train,n12L:CWRU:cwru_n12_DE_169:DE:train:84000-96000,cwrun12_DE_IR014,DE_IR014,cwru_n12_DE_169,data/raw/inner_race/IR014_0_DE12k.mat,X169_DE_time,f5448673725c4ea2735fe7d3fe4b16ad82b217eac6b62c4bf351c4549b0a5229,169,IR014,inner_race,14 mil,DE,DE,DE,CWRU_DE_6205,DE,12000,1.0,0.5,84000,96000,1796.0,0hp,
cwru_native12.load.v1,1,CWRU,train,n12L:CWRU:cwru_n12_DE_169:DE:train:90000-102000,cwrun12_DE_IR014,DE_IR014,cwru_n12_DE_169,data/raw/inner_race/IR014_0_DE12k.mat,X169_DE_time,f5448673725c4ea2735fe7d3fe4b16ad82b217eac6b62c4bf351c4549b0a5229,169,IR014,inner_race,14 mil,DE,DE,DE,CWRU_DE_6205,DE,12000,1.0,0.5,90000,102000,1796.0,0hp,
cwru_native12.load.v1,1,CWRU,train,n12L:CWRU:cwru_n12_DE_169:DE:train:96000-108000,cwrun12_DE_IR014,DE_IR014,cwru_n12_DE_169,data/raw/inner_race/IR014_0_DE12k.mat,X169_DE_time,f5448673725c4ea2735fe7d3fe4b16ad82b217eac6b62c4bf351c4549b0a5229,169,IR014,inner_race,14 mil,DE,DE,DE,CWRU_DE_6205,DE,12000,1.0,0.5,96000,108000,1796.0,0hp,
cwru_native12.load.v1,1,CWRU,train,n12L:CWRU:cwru_n12_DE_169:DE:train:102000-114000,cwrun12_DE_IR014,DE_IR014,cwru_n12_DE_169,data/raw/inner_race/IR014_0_DE12k.mat,X169_DE_time,f5448673725c4ea2735fe7d3fe4b16ad82b217eac6b62c4bf351c4549b0a5229,169,IR014,inner_race,14 mil,DE,DE,DE,CWRU_DE_6205,DE,12000,1.0,0.5,102000,114000,1796.0,0hp,
cwru_native12.load.v1,1,CWRU,train,n12L:CWRU:cwru_n12_DE_169:DE:train:108000-120000,cwrun12_DE_IR014,DE_IR014,cwru_n12_DE_169,data/raw/inner_race/IR014_0_DE12k.mat,X169_DE_time,f5448673725c4ea2735fe7d3fe4b16ad82b217eac6b62c4bf351c4549b0a5229,169,IR014,inner_race,14 mil,DE,DE,DE,CWRU_DE_6205,DE,12000,1.0,0.5,108000,120000,1796.0,0hp,
cwru_native12.load.v1,1,CWRU,train,n12L:CWRU:cwru_n12_DE_170:DE:train:0-12000,cwrun12_DE_IR014,DE_IR014,cwru_n12_DE_170,data/raw/inner_race/IR014_1_DE12k.mat,X170_DE_time,bcb73a5208b67265468232a2e342f53719850901671d0ee28494f3af97621f46,170,IR014,inner_race,14 mil,DE,DE,DE,CWRU_DE_6205,DE,12000,1.0,0.5,0,12000,1774.0,1hp,
cwru_native12.load.v1,1,CWRU,train,n12L:CWRU:cwru_n12_DE_170:DE:train:6000-18000,cwrun12_DE_IR014,DE_IR014,cwru_n12_DE_170,data/raw/inner_race/IR014_1_DE12k.mat,X170_DE_time,bcb73a5208b67265468232a2e342f53719850901671d0ee28494f3af97621f46,170,IR014,inner_race,14 mil,DE,DE,DE,CWRU_DE_6205,DE,12000,1.0,0.5,6000,18000,1774.0,1hp,
cwru_native12.load.v1,1,CWRU,train,n12L:CWRU:cwru_n12_DE_170:DE:train:12000-24000,cwrun12_DE_IR014,DE_IR014,cwru_n12_DE_170,data/raw/inner_race/IR014_1_DE12k.mat,X170_DE_time,bcb73a5208b67265468232a2e342f53719850901671d0ee28494f3af97621f46,170,IR014,inner_race,14 mil,DE,DE,DE,CWRU_DE_6205,DE,12000,1.0,0.5,12000,24000,1774.0,1hp,
cwru_native12.load.v1,1,CWRU,train,n12L:CWRU:cwru_n12_DE_170:DE:train:18000-30000,cwrun12_DE_IR014,DE_IR014,cwru_n12_DE_170,data/raw/inner_race/IR014_1_DE12k.mat,X170_DE_time,bcb73a5208b67265468232a2e342f53719850901671d0ee28494f3af97621f46,170,IR014,inner_race,14 mil,DE,DE,DE,CWRU_DE_6205,DE,12000,1.0,0.5,18000,30000,1774.0,1hp,
cwru_native12.load.v1,1,CWRU,train,n12L:CWRU:cwru_n12_DE_170:DE:train:24000-36000,cwrun12_DE_IR014,DE_IR014,cwru_n12_DE_170,data/raw/inner_race/IR014_1_DE12k.mat,X170_DE_time,bcb73a5208b67265468232a2e342f53719850901671d0ee28494f3af97621f46,170,IR014,inner_race,14 mil,DE,DE,DE,CWRU_DE_6205,DE,12000,1.0,0.5,24000,36000,1774.0,1hp,
cwru_native12.load.v1,1,CWRU,train,n12L:CWRU:cwru_n12_DE_170:DE:train:30000-42000,cwrun12_DE_IR014,DE_IR014,cwru_n12_DE_170,data/raw/inner_race/IR014_1_DE12k.mat,X170_DE_time,bcb73a5208b67265468232a2e342f53719850901671d0ee28494f3af97621f46,170,IR014,inner_race,14 mil,DE,DE,DE,CWRU_DE_6205,DE,12000,1.0,0.5,30000,42000,1774.0,1hp,
cwru_native12.load.v1,1,CWRU,train,n12L:CWRU:cwru_n12_DE_170:DE:train:36000-48000,cwrun12_DE_IR014,DE_IR014,cwru_n12_DE_170,data/raw/inner_race/IR014_1_DE12k.mat,X170_DE_time,bcb73a5208b67265468232a2e342f53719850901671d0ee28494f3af97621f46,170,IR014,inner_race,14 mil,DE,DE,DE,CWRU_DE_6205,DE,12000,1.0,0.5,36000,48000,1774.0,1hp,
cwru_native12.load.v1,1,CWRU,train,n12L:CWRU:cwru_n12_DE_170:DE:train:42000-54000,cwrun12_DE_IR014,DE_IR014,cwru_n12_DE_170,data/raw/inner_race/IR014_1_DE12k.mat,X170_DE_time,bcb73a5208b67265468232a2e342f53719850901671d0ee28494f3af97621f46,170,IR014,inner_race,14 mil,DE,DE,DE,CWRU_DE_6205,DE,12000,1.0,0.5,42000,54000,1774.0,1hp,
cwru_native12.load.v1,1,CWRU,train,n12L:CWRU:cwru_n12_DE_170:DE:train:48000-60000,cwrun12_DE_IR014,DE_IR014,cwru_n12_DE_170,data/raw/inner_race/IR014_1_DE12k.mat,X170_DE_time,bcb73a5208b67265468232a2e342f53719850901671d0ee28494f3af97621f46,170,IR014,inner_race,14 mil,DE,DE,DE,CWRU_DE_6205,DE,12000,1.0,0.5,48000,60000,1774.0,1hp,
cwru_native12.load.v1,1,CWRU,train,n12L:CWRU:cwru_n12_DE_170:DE:train:54000-66000,cwrun12_DE_IR014,DE_IR014,cwru_n12_DE_170,data/raw/inner_race/IR014_1_DE12k.mat,X170_DE_time,bcb73a5208b67265468232a2e342f53719850901671d0ee28494f3af97621f46,170,IR014,inner_race,14 mil,DE,DE,DE,CWRU_DE_6205,DE,12000,1.0,0.5,54000,66000,1774.0,1hp,
cwru_native12.load.v1,1,CWRU,train,n12L:CWRU:cwru_n12_DE_170:DE:train:60000-72000,cwrun12_DE_IR014,DE_IR014,cwru_n12_DE_170,data/raw/inner_race/IR014_1_DE12k.mat,X170_DE_time,bcb73a5208b67265468232a2e342f53719850901671d0ee28494f3af97621f46,170,IR014,inner_race,14 mil,DE,DE,DE,CWRU_DE_6205,DE,12000,1.0,0.5,60000,72000,1774.0,1hp,
cwru_native12.load.v1,1,CWRU,train,n12L:CWRU:cwru_n12_DE_170:DE:train:66000-78000,cwrun12_DE_IR014,DE_IR014,cwru_n12_DE_170,data/raw/inner_race/IR014_1_DE12k.mat,X170_DE_time,bcb73a5208b67265468232a2e342f53719850901671d0ee28494f3af97621f46,170,IR014,inner_race,14 mil,DE,DE,DE,CWRU_DE_6205,DE,12000,1.0,0.5,66000,78000,1774.0,1hp,
cwru_native12.load.v1,1,CWRU,train,n12L:CWRU:cwru_n12_DE_170:DE:train:72000-84000,cwrun12_DE_IR014,DE_IR014,cwru_n12_DE_170,data/raw/inner_race/IR014_1_DE12k.mat,X170_DE_time,bcb73a5208b67265468232a2e342f53719850901671d0ee28494f3af97621f46,170,IR014,inner_race,14 mil,DE,DE,DE,CWRU_DE_6205,DE,12000,1.0,0.5,72000,84000,1774.0,1hp,
cwru_native12.load.v1,1,CWRU,train,n12L:CWRU:cwru_n12_DE_170:DE:train:78000-90000,cwrun12_DE_IR014,DE_IR014,cwru_n12_DE_170,data/raw/inner_race/IR014_1_DE12k.mat,X170_DE_time,bcb73a5208b67265468232a2e342f53719850901671d0ee28494f3af97621f46,170,IR014,inner_race,14 mil,DE,DE,DE,CWRU_DE_6205,DE,12000,1.0,0.5,78000,90000,1774.0,1hp,
cwru_native12.load.v1,1,CWRU,train,n12L:CWRU:cwru_n12_DE_170:DE:train:84000-96000,cwrun12_DE_IR014,DE_IR014,cwru_n12_DE_170,data/raw/inner_race/IR014_1_DE12k.mat,X170_DE_time,bcb73a5208b67265468232a2e342f53719850901671d0ee28494f3af97621f46,170,IR014,inner_race,14 mil,DE,DE,DE,CWRU_DE_6205,DE,12000,1.0,0.5,84000,96000,1774.0,1hp,
cwru_native12.load.v1,1,CWRU,train,n12L:CWRU:cwru_n12_DE_170:DE:train:90000-102000,cwrun12_DE_IR014,DE_IR014,cwru_n12_DE_170,data/raw/inner_race/IR014_1_DE12k.mat,X170_DE_time,bcb73a5208b67265468232a2e342f53719850901671d0ee28494f3af97621f46,170,IR014,inner_race,14 mil,DE,DE,DE,CWRU_DE_6205,DE,12000,1.0,0.5,90000,102000,1774.0,1hp,
cwru_native12.load.v1,1,CWRU,train,n12L:CWRU:cwru_n12_DE_170:DE:train:96000-108000,cwrun12_DE_IR014,DE_IR014,cwru_n12_DE_170,data/raw/inner_race/IR014_1_DE12k.mat,X170_DE_time,bcb73a5208b67265468232a2e342f53719850901671d0ee28494f3af97621f46,170,IR014,inner_race,14 mil,DE,DE,DE,CWRU_DE_6205,DE,12000,1.0,0.5,96000,108000,1774.0,1hp,
cwru_native12.load.v1,1,CWRU,train,n12L:CWRU:cwru_n12_DE_170:DE:train:102000-114000,cwrun12_DE_IR014,DE_IR014,cwru_n12_DE_170,data/raw/inner_race/IR014_1_DE12k.mat,X170_DE_time,bcb73a5208b67265468232a2e342f53719850901671d0ee28494f3af97621f46,170,IR014,inner_race,14 mil,DE,DE,DE,CWRU_DE_6205,DE,12000,1.0,0.5,102000,114000,1774.0,1hp,
cwru_native12.load.v1,1,CWRU,train,n12L:CWRU:cwru_n12_DE_170:DE:train:108000-120000,cwrun12_DE_IR014,DE_IR014,cwru_n12_DE_170,data/raw/inner_race/IR014_1_DE12k.mat,X170_DE_time,bcb73a5208b67265468232a2e342f53719850901671d0ee28494f3af97621f46,170,IR014,inner_race,14 mil,DE,DE,DE,CWRU_DE_6205,DE,12000,1.0,0.5,108000,120000,1774.0,1hp,
cwru_native12.load.v1,1,CWRU,validation,n12L:CWRU:cwru_n12_DE_171:DE:validation:0-12000,cwrun12_DE_IR014,DE_IR014,cwru_n12_DE_171,data/raw/inner_race/IR014_2_DE12k.mat,X171_DE_time,63d0fdc1a68e64610ddfaf56a9c224d6137ab7b5c0d318eea1d542b9e5ffc029,171,IR014,inner_race,14 mil,DE,DE,DE,CWRU_DE_6205,DE,12000,1.0,1.0,0,12000,1752.0,2hp,
cwru_native12.load.v1,1,CWRU,validation,n12L:CWRU:cwru_n12_DE_171:DE:validation:12000-24000,cwrun12_DE_IR014,DE_IR014,cwru_n12_DE_171,data/raw/inner_race/IR014_2_DE12k.mat,X171_DE_time,63d0fdc1a68e64610ddfaf56a9c224d6137ab7b5c0d318eea1d542b9e5ffc029,171,IR014,inner_race,14 mil,DE,DE,DE,CWRU_DE_6205,DE,12000,1.0,1.0,12000,24000,1752.0,2hp,
cwru_native12.load.v1,1,CWRU,validation,n12L:CWRU:cwru_n12_DE_171:DE:validation:24000-36000,cwrun12_DE_IR014,DE_IR014,cwru_n12_DE_171,data/raw/inner_race/IR014_2_DE12k.mat,X171_DE_time,63d0fdc1a68e64610ddfaf56a9c224d6137ab7b5c0d318eea1d542b9e5ffc029,171,IR014,inner_race,14 mil,DE,DE,DE,CWRU_DE_6205,DE,12000,1.0,1.0,24000,36000,1752.0,2hp,
cwru_native12.load.v1,1,CWRU,validation,n12L:CWRU:cwru_n12_DE_171:DE:validation:36000-48000,cwrun12_DE_IR014,DE_IR014,cwru_n12_DE_171,data/raw/inner_race/IR014_2_DE12k.mat,X171_DE_time,63d0fdc1a68e64610ddfaf56a9c224d6137ab7b5c0d318eea1d542b9e5ffc029,171,IR014,inner_race,14 mil,DE,DE,DE,CWRU_DE_6205,DE,12000,1.0,1.0,36000,48000,1752.0,2hp,
cwru_native12.load.v1,1,CWRU,validation,n12L:CWRU:cwru_n12_DE_171:DE:validation:48000-60000,cwrun12_DE_IR014,DE_IR014,cwru_n12_DE_171,data/raw/inner_race/IR014_2_DE12k.mat,X171_DE_time,63d0fdc1a68e64610ddfaf56a9c224d6137ab7b5c0d318eea1d542b9e5ffc029,171,IR014,inner_race,14 mil,DE,DE,DE,CWRU_DE_6205,DE,12000,1.0,1.0,48000,60000,1752.0,2hp,
cwru_native12.load.v1,1,CWRU,validation,n12L:CWRU:cwru_n12_DE_171:DE:validation:60000-72000,cwrun12_DE_IR014,DE_IR014,cwru_n12_DE_171,data/raw/inner_race/IR014_2_DE12k.mat,X171_DE_time,63d0fdc1a68e64610ddfaf56a9c224d6137ab7b5c0d318eea1d542b9e5ffc029,171,IR014,inner_race,14 mil,DE,DE,DE,CWRU_DE_6205,DE,12000,1.0,1.0,60000,72000,1752.0,2hp,
cwru_native12.load.v1,1,CWRU,validation,n12L:CWRU:cwru_n12_DE_171:DE:validation:72000-84000,cwrun12_DE_IR014,DE_IR014,cwru_n12_DE_171,data/raw/inner_race/IR014_2_DE12k.mat,X171_DE_time,63d0fdc1a68e64610ddfaf56a9c224d6137ab7b5c0d318eea1d542b9e5ffc029,171,IR014,inner_race,14 mil,DE,DE,DE,CWRU_DE_6205,DE,12000,1.0,1.0,72000,84000,1752.0,2hp,
cwru_native12.load.v1,1,CWRU,validation,n12L:CWRU:cwru_n12_DE_171:DE:validation:84000-96000,cwrun12_DE_IR014,DE_IR014,cwru_n12_DE_171,data/raw/inner_race/IR014_2_DE12k.mat,X171_DE_time,63d0fdc1a68e64610ddfaf56a9c224d6137ab7b5c0d318eea1d542b9e5ffc029,171,IR014,inner_race,14 mil,DE,DE,DE,CWRU_DE_6205,DE,12000,1.0,1.0,84000,96000,1752.0,2hp,
cwru_native12.load.v1,1,CWRU,validation,n12L:CWRU:cwru_n12_DE_171:DE:validation:96000-108000,cwrun12_DE_IR014,DE_IR014,cwru_n12_DE_171,data/raw/inner_race/IR014_2_DE12k.mat,X171_DE_time,63d0fdc1a68e64610ddfaf56a9c224d6137ab7b5c0d318eea1d542b9e5ffc029,171,IR014,inner_race,14 mil,DE,DE,DE,CWRU_DE_6205,DE,12000,1.0,1.0,96000,108000,1752.0,2hp,
cwru_native12.load.v1,1,CWRU,validation,n12L:CWRU:cwru_n12_DE_171:DE:validation:108000-120000,cwrun12_DE_IR014,DE_IR014,cwru_n12_DE_171,data/raw/inner_race/IR014_2_DE12k.mat,X171_DE_time,63d0fdc1a68e64610ddfaf56a9c224d6137ab7b5c0d318eea1d542b9e5ffc029,171,IR014,inner_race,14 mil,DE,DE,DE,CWRU_DE_6205,DE,12000,1.0,1.0,108000,120000,1752.0,2hp,
cwru_native12.load.v1,1,CWRU,test,n12L:CWRU:cwru_n12_DE_172:DE:test:0-12000,cwrun12_DE_IR014,DE_IR014,cwru_n12_DE_172,data/raw/inner_race/IR014_3_DE12k.mat,X172_DE_time,f75170ceef70d5da475671de0d2e52a0acd9b3883ad422b6deaf2907d888ba24,172,IR014,inner_race,14 mil,DE,DE,DE,CWRU_DE_6205,DE,12000,1.0,1.0,0,12000,1728.0,3hp,
cwru_native12.load.v1,1,CWRU,test,n12L:CWRU:cwru_n12_DE_172:DE:test:12000-24000,cwrun12_DE_IR014,DE_IR014,cwru_n12_DE_172,data/raw/inner_race/IR014_3_DE12k.mat,X172_DE_time,f75170ceef70d5da475671de0d2e52a0acd9b3883ad422b6deaf2907d888ba24,172,IR014,inner_race,14 mil,DE,DE,DE,CWRU_DE_6205,DE,12000,1.0,1.0,12000,24000,1728.0,3hp,
cwru_native12.load.v1,1,CWRU,test,n12L:CWRU:cwru_n12_DE_172:DE:test:24000-36000,cwrun12_DE_IR014,DE_IR014,cwru_n12_DE_172,data/raw/inner_race/IR014_3_DE12k.mat,X172_DE_time,f75170ceef70d5da475671de0d2e52a0acd9b3883ad422b6deaf2907d888ba24,172,IR014,inner_race,14 mil,DE,DE,DE,CWRU_DE_6205,DE,12000,1.0,1.0,24000,36000,1728.0,3hp,
cwru_native12.load.v1,1,CWRU,test,n12L:CWRU:cwru_n12_DE_172:DE:test:36000-48000,cwrun12_DE_IR014,DE_IR014,cwru_n12_DE_172,data/raw/inner_race/IR014_3_DE12k.mat,X172_DE_time,f75170ceef70d5da475671de0d2e52a0acd9b3883ad422b6deaf2907d888ba24,172,IR014,inner_race,14 mil,DE,DE,DE,CWRU_DE_6205,DE,12000,1.0,1.0,36000,48000,1728.0,3hp,
cwru_native12.load.v1,1,CWRU,test,n12L:CWRU:cwru_n12_DE_172:DE:test:48000-60000,cwrun12_DE_IR014,DE_IR014,cwru_n12_DE_172,data/raw/inner_race/IR014_3_DE12k.mat,X172_DE_time,f75170ceef70d5da475671de0d2e52a0acd9b3883ad422b6deaf2907d888ba24,172,IR014,inner_race,14 mil,DE,DE,DE,CWRU_DE_6205,DE,12000,1.0,1.0,48000,60000,1728.0,3hp,
cwru_native12.load.v1,1,CWRU,test,n12L:CWRU:cwru_n12_DE_172:DE:test:60000-72000,cwrun12_DE_IR014,DE_IR014,cwru_n12_DE_172,data/raw/inner_race/IR014_3_DE12k.mat,X172_DE_time,f75170ceef70d5da475671de0d2e52a0acd9b3883ad422b6deaf2907d888ba24,172,IR014,inner_race,14 mil,DE,DE,DE,CWRU_DE_6205,DE,12000,1.0,1.0,60000,72000,1728.0,3hp,
cwru_native12.load.v1,1,CWRU,test,n12L:CWRU:cwru_n12_DE_172:DE:test:72000-84000,cwrun12_DE_IR014,DE_IR014,cwru_n12_DE_172,data/raw/inner_race/IR014_3_DE12k.mat,X172_DE_time,f75170ceef70d5da475671de0d2e52a0acd9b3883ad422b6deaf2907d888ba24,172,IR014,inner_race,14 mil,DE,DE,DE,CWRU_DE_6205,DE,12000,1.0,1.0,72000,84000,1728.0,3hp,
cwru_native12.load.v1,1,CWRU,test,n12L:CWRU:cwru_n12_DE_172:DE:test:84000-96000,cwrun12_DE_IR014,DE_IR014,cwru_n12_DE_172,data/raw/inner_race/IR014_3_DE12k.mat,X172_DE_time,f75170ceef70d5da475671de0d2e52a0acd9b3883ad422b6deaf2907d888ba24,172,IR014,inner_race,14 mil,DE,DE,DE,CWRU_DE_6205,DE,12000,1.0,1.0,84000,96000,1728.0,3hp,
cwru_native12.load.v1,1,CWRU,test,n12L:CWRU:cwru_n12_DE_172:DE:test:96000-108000,cwrun12_DE_IR014,DE_IR014,cwru_n12_DE_172,data/raw/inner_race/IR014_3_DE12k.mat,X172_DE_time,f75170ceef70d5da475671de0d2e52a0acd9b3883ad422b6deaf2907d888ba24,172,IR014,inner_race,14 mil,DE,DE,DE,CWRU_DE_6205,DE,12000,1.0,1.0,96000,108000,1728.0,3hp,
cwru_native12.load.v1,1,CWRU,test,n12L:CWRU:cwru_n12_DE_172:DE:test:108000-120000,cwrun12_DE_IR014,DE_IR014,cwru_n12_DE_172,data/raw/inner_race/IR014_3_DE12k.mat,X172_DE_time,f75170ceef70d5da475671de0d2e52a0acd9b3883ad422b6deaf2907d888ba24,172,IR014,inner_race,14 mil,DE,DE,DE,CWRU_DE_6205,DE,12000,1.0,1.0,108000,120000,1728.0,3hp,
cwru_native12.load.v1,1,CWRU,train,n12L:CWRU:cwru_n12_DE_209:DE:train:0-12000,cwrun12_DE_IR021,DE_IR021,cwru_n12_DE_209,data/raw/inner_race/IR021_0_DE12k.mat,X209_DE_time,9f723d6d9d2eba714c6dc50f99321dffa73d8b1e4d3605675b2c2251511eff80,209,IR021,inner_race,21 mil,DE,DE,DE,CWRU_DE_6205,DE,12000,1.0,0.5,0,12000,1797.0,0hp,
cwru_native12.load.v1,1,CWRU,train,n12L:CWRU:cwru_n12_DE_209:DE:train:6000-18000,cwrun12_DE_IR021,DE_IR021,cwru_n12_DE_209,data/raw/inner_race/IR021_0_DE12k.mat,X209_DE_time,9f723d6d9d2eba714c6dc50f99321dffa73d8b1e4d3605675b2c2251511eff80,209,IR021,inner_race,21 mil,DE,DE,DE,CWRU_DE_6205,DE,12000,1.0,0.5,6000,18000,1797.0,0hp,
cwru_native12.load.v1,1,CWRU,train,n12L:CWRU:cwru_n12_DE_209:DE:train:12000-24000,cwrun12_DE_IR021,DE_IR021,cwru_n12_DE_209,data/raw/inner_race/IR021_0_DE12k.mat,X209_DE_time,9f723d6d9d2eba714c6dc50f99321dffa73d8b1e4d3605675b2c2251511eff80,209,IR021,inner_race,21 mil,DE,DE,DE,CWRU_DE_6205,DE,12000,1.0,0.5,12000,24000,1797.0,0hp,
cwru_native12.load.v1,1,CWRU,train,n12L:CWRU:cwru_n12_DE_209:DE:train:18000-30000,cwrun12_DE_IR021,DE_IR021,cwru_n12_DE_209,data/raw/inner_race/IR021_0_DE12k.mat,X209_DE_time,9f723d6d9d2eba714c6dc50f99321dffa73d8b1e4d3605675b2c2251511eff80,209,IR021,inner_race,21 mil,DE,DE,DE,CWRU_DE_6205,DE,12000,1.0,0.5,18000,30000,1797.0,0hp,
cwru_native12.load.v1,1,CWRU,train,n12L:CWRU:cwru_n12_DE_209:DE:train:24000-36000,cwrun12_DE_IR021,DE_IR021,cwru_n12_DE_209,data/raw/inner_race/IR021_0_DE12k.mat,X209_DE_time,9f723d6d9d2eba714c6dc50f99321dffa73d8b1e4d3605675b2c2251511eff80,209,IR021,inner_race,21 mil,DE,DE,DE,CWRU_DE_6205,DE,12000,1.0,0.5,24000,36000,1797.0,0hp,
cwru_native12.load.v1,1,CWRU,train,n12L:CWRU:cwru_n12_DE_209:DE:train:30000-42000,cwrun12_DE_IR021,DE_IR021,cwru_n12_DE_209,data/raw/inner_race/IR021_0_DE12k.mat,X209_DE_time,9f723d6d9d2eba714c6dc50f99321dffa73d8b1e4d3605675b2c2251511eff80,209,IR021,inner_race,21 mil,DE,DE,DE,CWRU_DE_6205,DE,12000,1.0,0.5,30000,42000,1797.0,0hp,
cwru_native12.load.v1,1,CWRU,train,n12L:CWRU:cwru_n12_DE_209:DE:train:36000-48000,cwrun12_DE_IR021,DE_IR021,cwru_n12_DE_209,data/raw/inner_race/IR021_0_DE12k.mat,X209_DE_time,9f723d6d9d2eba714c6dc50f99321dffa73d8b1e4d3605675b2c2251511eff80,209,IR021,inner_race,21 mil,DE,DE,DE,CWRU_DE_6205,DE,12000,1.0,0.5,36000,48000,1797.0,0hp,
cwru_native12.load.v1,1,CWRU,train,n12L:CWRU:cwru_n12_DE_209:DE:train:42000-54000,cwrun12_DE_IR021,DE_IR021,cwru_n12_DE_209,data/raw/inner_race/IR021_0_DE12k.mat,X209_DE_time,9f723d6d9d2eba714c6dc50f99321dffa73d8b1e4d3605675b2c2251511eff80,209,IR021,inner_race,21 mil,DE,DE,DE,CWRU_DE_6205,DE,12000,1.0,0.5,42000,54000,1797.0,0hp,
cwru_native12.load.v1,1,CWRU,train,n12L:CWRU:cwru_n12_DE_209:DE:train:48000-60000,cwrun12_DE_IR021,DE_IR021,cwru_n12_DE_209,data/raw/inner_race/IR021_0_DE12k.mat,X209_DE_time,9f723d6d9d2eba714c6dc50f99321dffa73d8b1e4d3605675b2c2251511eff80,209,IR021,inner_race,21 mil,DE,DE,DE,CWRU_DE_6205,DE,12000,1.0,0.5,48000,60000,1797.0,0hp,
cwru_native12.load.v1,1,CWRU,train,n12L:CWRU:cwru_n12_DE_209:DE:train:54000-66000,cwrun12_DE_IR021,DE_IR021,cwru_n12_DE_209,data/raw/inner_race/IR021_0_DE12k.mat,X209_DE_time,9f723d6d9d2eba714c6dc50f99321dffa73d8b1e4d3605675b2c2251511eff80,209,IR021,inner_race,21 mil,DE,DE,DE,CWRU_DE_6205,DE,12000,1.0,0.5,54000,66000,1797.0,0hp,
cwru_native12.load.v1,1,CWRU,train,n12L:CWRU:cwru_n12_DE_209:DE:train:60000-72000,cwrun12_DE_IR021,DE_IR021,cwru_n12_DE_209,data/raw/inner_race/IR021_0_DE12k.mat,X209_DE_time,9f723d6d9d2eba714c6dc50f99321dffa73d8b1e4d3605675b2c2251511eff80,209,IR021,inner_race,21 mil,DE,DE,DE,CWRU_DE_6205,DE,12000,1.0,0.5,60000,72000,1797.0,0hp,
cwru_native12.load.v1,1,CWRU,train,n12L:CWRU:cwru_n12_DE_209:DE:train:66000-78000,cwrun12_DE_IR021,DE_IR021,cwru_n12_DE_209,data/raw/inner_race/IR021_0_DE12k.mat,X209_DE_time,9f723d6d9d2eba714c6dc50f99321dffa73d8b1e4d3605675b2c2251511eff80,209,IR021,inner_race,21 mil,DE,DE,DE,CWRU_DE_6205,DE,12000,1.0,0.5,66000,78000,1797.0,0hp,
cwru_native12.load.v1,1,CWRU,train,n12L:CWRU:cwru_n12_DE_209:DE:train:72000-84000,cwrun12_DE_IR021,DE_IR021,cwru_n12_DE_209,data/raw/inner_race/IR021_0_DE12k.mat,X209_DE_time,9f723d6d9d2eba714c6dc50f99321dffa73d8b1e4d3605675b2c2251511eff80,209,IR021,inner_race,21 mil,DE,DE,DE,CWRU_DE_6205,DE,12000,1.0,0.5,72000,84000,1797.0,0hp,
cwru_native12.load.v1,1,CWRU,train,n12L:CWRU:cwru_n12_DE_209:DE:train:78000-90000,cwrun12_DE_IR021,DE_IR021,cwru_n12_DE_209,data/raw/inner_race/IR021_0_DE12k.mat,X209_DE_time,9f723d6d9d2eba714c6dc50f99321dffa73d8b1e4d3605675b2c2251511eff80,209,IR021,inner_race,21 mil,DE,DE,DE,CWRU_DE_6205,DE,12000,1.0,0.5,78000,90000,1797.0,0hp,
cwru_native12.load.v1,1,CWRU,train,n12L:CWRU:cwru_n12_DE_209:DE:train:84000-96000,cwrun12_DE_IR021,DE_IR021,cwru_n12_DE_209,data/raw/inner_race/IR021_0_DE12k.mat,X209_DE_time,9f723d6d9d2eba714c6dc50f99321dffa73d8b1e4d3605675b2c2251511eff80,209,IR021,inner_race,21 mil,DE,DE,DE,CWRU_DE_6205,DE,12000,1.0,0.5,84000,96000,1797.0,0hp,
cwru_native12.load.v1,1,CWRU,train,n12L:CWRU:cwru_n12_DE_209:DE:train:90000-102000,cwrun12_DE_IR021,DE_IR021,cwru_n12_DE_209,data/raw/inner_race/IR021_0_DE12k.mat,X209_DE_time,9f723d6d9d2eba714c6dc50f99321dffa73d8b1e4d3605675b2c2251511eff80,209,IR021,inner_race,21 mil,DE,DE,DE,CWRU_DE_6205,DE,12000,1.0,0.5,90000,102000,1797.0,0hp,
cwru_native12.load.v1,1,CWRU,train,n12L:CWRU:cwru_n12_DE_209:DE:train:96000-108000,cwrun12_DE_IR021,DE_IR021,cwru_n12_DE_209,data/raw/inner_race/IR021_0_DE12k.mat,X209_DE_time,9f723d6d9d2eba714c6dc50f99321dffa73d8b1e4d3605675b2c2251511eff80,209,IR021,inner_race,21 mil,DE,DE,DE,CWRU_DE_6205,DE,12000,1.0,0.5,96000,108000,1797.0,0hp,
cwru_native12.load.v1,1,CWRU,train,n12L:CWRU:cwru_n12_DE_209:DE:train:102000-114000,cwrun12_DE_IR021,DE_IR021,cwru_n12_DE_209,data/raw/inner_race/IR021_0_DE12k.mat,X209_DE_time,9f723d6d9d2eba714c6dc50f99321dffa73d8b1e4d3605675b2c2251511eff80,209,IR021,inner_race,21 mil,DE,DE,DE,CWRU_DE_6205,DE,12000,1.0,0.5,102000,114000,1797.0,0hp,
cwru_native12.load.v1,1,CWRU,train,n12L:CWRU:cwru_n12_DE_209:DE:train:108000-120000,cwrun12_DE_IR021,DE_IR021,cwru_n12_DE_209,data/raw/inner_race/IR021_0_DE12k.mat,X209_DE_time,9f723d6d9d2eba714c6dc50f99321dffa73d8b1e4d3605675b2c2251511eff80,209,IR021,inner_race,21 mil,DE,DE,DE,CWRU_DE_6205,DE,12000,1.0,0.5,108000,120000,1797.0,0hp,
cwru_native12.load.v1,1,CWRU,train,n12L:CWRU:cwru_n12_DE_210:DE:train:0-12000,cwrun12_DE_IR021,DE_IR021,cwru_n12_DE_210,data/raw/inner_race/IR021_1_DE12k.mat,X210_DE_time,596692397e77e129a00f7b7a61c4c3ffd6c7a59979b89039e7f70a7431cce1c7,210,IR021,inner_race,21 mil,DE,DE,DE,CWRU_DE_6205,DE,12000,1.0,0.5,0,12000,1774.0,1hp,
cwru_native12.load.v1,1,CWRU,train,n12L:CWRU:cwru_n12_DE_210:DE:train:6000-18000,cwrun12_DE_IR021,DE_IR021,cwru_n12_DE_210,data/raw/inner_race/IR021_1_DE12k.mat,X210_DE_time,596692397e77e129a00f7b7a61c4c3ffd6c7a59979b89039e7f70a7431cce1c7,210,IR021,inner_race,21 mil,DE,DE,DE,CWRU_DE_6205,DE,12000,1.0,0.5,6000,18000,1774.0,1hp,
cwru_native12.load.v1,1,CWRU,train,n12L:CWRU:cwru_n12_DE_210:DE:train:12000-24000,cwrun12_DE_IR021,DE_IR021,cwru_n12_DE_210,data/raw/inner_race/IR021_1_DE12k.mat,X210_DE_time,596692397e77e129a00f7b7a61c4c3ffd6c7a59979b89039e7f70a7431cce1c7,210,IR021,inner_race,21 mil,DE,DE,DE,CWRU_DE_6205,DE,12000,1.0,0.5,12000,24000,1774.0,1hp,
cwru_native12.load.v1,1,CWRU,train,n12L:CWRU:cwru_n12_DE_210:DE:train:18000-30000,cwrun12_DE_IR021,DE_IR021,cwru_n12_DE_210,data/raw/inner_race/IR021_1_DE12k.mat,X210_DE_time,596692397e77e129a00f7b7a61c4c3ffd6c7a59979b89039e7f70a7431cce1c7,210,IR021,inner_race,21 mil,DE,DE,DE,CWRU_DE_6205,DE,12000,1.0,0.5,18000,30000,1774.0,1hp,
cwru_native12.load.v1,1,CWRU,train,n12L:CWRU:cwru_n12_DE_210:DE:train:24000-36000,cwrun12_DE_IR021,DE_IR021,cwru_n12_DE_210,data/raw/inner_race/IR021_1_DE12k.mat,X210_DE_time,596692397e77e129a00f7b7a61c4c3ffd6c7a59979b89039e7f70a7431cce1c7,210,IR021,inner_race,21 mil,DE,DE,DE,CWRU_DE_6205,DE,12000,1.0,0.5,24000,36000,1774.0,1hp,
cwru_native12.load.v1,1,CWRU,train,n12L:CWRU:cwru_n12_DE_210:DE:train:30000-42000,cwrun12_DE_IR021,DE_IR021,cwru_n12_DE_210,data/raw/inner_race/IR021_1_DE12k.mat,X210_DE_time,596692397e77e129a00f7b7a61c4c3ffd6c7a59979b89039e7f70a7431cce1c7,210,IR021,inner_race,21 mil,DE,DE,DE,CWRU_DE_6205,DE,12000,1.0,0.5,30000,42000,1774.0,1hp,
cwru_native12.load.v1,1,CWRU,train,n12L:CWRU:cwru_n12_DE_210:DE:train:36000-48000,cwrun12_DE_IR021,DE_IR021,cwru_n12_DE_210,data/raw/inner_race/IR021_1_DE12k.mat,X210_DE_time,596692397e77e129a00f7b7a61c4c3ffd6c7a59979b89039e7f70a7431cce1c7,210,IR021,inner_race,21 mil,DE,DE,DE,CWRU_DE_6205,DE,12000,1.0,0.5,36000,48000,1774.0,1hp,
cwru_native12.load.v1,1,CWRU,train,n12L:CWRU:cwru_n12_DE_210:DE:train:42000-54000,cwrun12_DE_IR021,DE_IR021,cwru_n12_DE_210,data/raw/inner_race/IR021_1_DE12k.mat,X210_DE_time,596692397e77e129a00f7b7a61c4c3ffd6c7a59979b89039e7f70a7431cce1c7,210,IR021,inner_race,21 mil,DE,DE,DE,CWRU_DE_6205,DE,12000,1.0,0.5,42000,54000,1774.0,1hp,
cwru_native12.load.v1,1,CWRU,train,n12L:CWRU:cwru_n12_DE_210:DE:train:48000-60000,cwrun12_DE_IR021,DE_IR021,cwru_n12_DE_210,data/raw/inner_race/IR021_1_DE12k.mat,X210_DE_time,596692397e77e129a00f7b7a61c4c3ffd6c7a59979b89039e7f70a7431cce1c7,210,IR021,inner_race,21 mil,DE,DE,DE,CWRU_DE_6205,DE,12000,1.0,0.5,48000,60000,1774.0,1hp,
cwru_native12.load.v1,1,CWRU,train,n12L:CWRU:cwru_n12_DE_210:DE:train:54000-66000,cwrun12_DE_IR021,DE_IR021,cwru_n12_DE_210,data/raw/inner_race/IR021_1_DE12k.mat,X210_DE_time,596692397e77e129a00f7b7a61c4c3ffd6c7a59979b89039e7f70a7431cce1c7,210,IR021,inner_race,21 mil,DE,DE,DE,CWRU_DE_6205,DE,12000,1.0,0.5,54000,66000,1774.0,1hp,
cwru_native12.load.v1,1,CWRU,train,n12L:CWRU:cwru_n12_DE_210:DE:train:60000-72000,cwrun12_DE_IR021,DE_IR021,cwru_n12_DE_210,data/raw/inner_race/IR021_1_DE12k.mat,X210_DE_time,596692397e77e129a00f7b7a61c4c3ffd6c7a59979b89039e7f70a7431cce1c7,210,IR021,inner_race,21 mil,DE,DE,DE,CWRU_DE_6205,DE,12000,1.0,0.5,60000,72000,1774.0,1hp,
cwru_native12.load.v1,1,CWRU,train,n12L:CWRU:cwru_n12_DE_210:DE:train:66000-78000,cwrun12_DE_IR021,DE_IR021,cwru_n12_DE_210,data/raw/inner_race/IR021_1_DE12k.mat,X210_DE_time,596692397e77e129a00f7b7a61c4c3ffd6c7a59979b89039e7f70a7431cce1c7,210,IR021,inner_race,21 mil,DE,DE,DE,CWRU_DE_6205,DE,12000,1.0,0.5,66000,78000,1774.0,1hp,
cwru_native12.load.v1,1,CWRU,train,n12L:CWRU:cwru_n12_DE_210:DE:train:72000-84000,cwrun12_DE_IR021,DE_IR021,cwru_n12_DE_210,data/raw/inner_race/IR021_1_DE12k.mat,X210_DE_time,596692397e77e129a00f7b7a61c4c3ffd6c7a59979b89039e7f70a7431cce1c7,210,IR021,inner_race,21 mil,DE,DE,DE,CWRU_DE_6205,DE,12000,1.0,0.5,72000,84000,1774.0,1hp,
cwru_native12.load.v1,1,CWRU,train,n12L:CWRU:cwru_n12_DE_210:DE:train:78000-90000,cwrun12_DE_IR021,DE_IR021,cwru_n12_DE_210,data/raw/inner_race/IR021_1_DE12k.mat,X210_DE_time,596692397e77e129a00f7b7a61c4c3ffd6c7a59979b89039e7f70a7431cce1c7,210,IR021,inner_race,21 mil,DE,DE,DE,CWRU_DE_6205,DE,12000,1.0,0.5,78000,90000,1774.0,1hp,
cwru_native12.load.v1,1,CWRU,train,n12L:CWRU:cwru_n12_DE_210:DE:train:84000-96000,cwrun12_DE_IR021,DE_IR021,cwru_n12_DE_210,data/raw/inner_race/IR021_1_DE12k.mat,X210_DE_time,596692397e77e129a00f7b7a61c4c3ffd6c7a59979b89039e7f70a7431cce1c7,210,IR021,inner_race,21 mil,DE,DE,DE,CWRU_DE_6205,DE,12000,1.0,0.5,84000,96000,1774.0,1hp,
cwru_native12.load.v1,1,CWRU,train,n12L:CWRU:cwru_n12_DE_210:DE:train:90000-102000,cwrun12_DE_IR021,DE_IR021,cwru_n12_DE_210,data/raw/inner_race/IR021_1_DE12k.mat,X210_DE_time,596692397e77e129a00f7b7a61c4c3ffd6c7a59979b89039e7f70a7431cce1c7,210,IR021,inner_race,21 mil,DE,DE,DE,CWRU_DE_6205,DE,12000,1.0,0.5,90000,102000,1774.0,1hp,
cwru_native12.load.v1,1,CWRU,train,n12L:CWRU:cwru_n12_DE_210:DE:train:96000-108000,cwrun12_DE_IR021,DE_IR021,cwru_n12_DE_210,data/raw/inner_race/IR021_1_DE12k.mat,X210_DE_time,596692397e77e129a00f7b7a61c4c3ffd6c7a59979b89039e7f70a7431cce1c7,210,IR021,inner_race,21 mil,DE,DE,DE,CWRU_DE_6205,DE,12000,1.0,0.5,96000,108000,1774.0,1hp,
cwru_native12.load.v1,1,CWRU,train,n12L:CWRU:cwru_n12_DE_210:DE:train:102000-114000,cwrun12_DE_IR021,DE_IR021,cwru_n12_DE_210,data/raw/inner_race/IR021_1_DE12k.mat,X210_DE_time,596692397e77e129a00f7b7a61c4c3ffd6c7a59979b89039e7f70a7431cce1c7,210,IR021,inner_race,21 mil,DE,DE,DE,CWRU_DE_6205,DE,12000,1.0,0.5,102000,114000,1774.0,1hp,
cwru_native12.load.v1,1,CWRU,train,n12L:CWRU:cwru_n12_DE_210:DE:train:108000-120000,cwrun12_DE_IR021,DE_IR021,cwru_n12_DE_210,data/raw/inner_race/IR021_1_DE12k.mat,X210_DE_time,596692397e77e129a00f7b7a61c4c3ffd6c7a59979b89039e7f70a7431cce1c7,210,IR021,inner_race,21 mil,DE,DE,DE,CWRU_DE_6205,DE,12000,1.0,0.5,108000,120000,1774.0,1hp,
cwru_native12.load.v1,1,CWRU,validation,n12L:CWRU:cwru_n12_DE_211:DE:validation:0-12000,cwrun12_DE_IR021,DE_IR021,cwru_n12_DE_211,data/raw/inner_race/IR021_2_DE12k.mat,X211_DE_time,8296a02ee489c2d16cbd9fc278ca2e29b22475cec70ebe840558c78b6b743dc1,211,IR021,inner_race,21 mil,DE,DE,DE,CWRU_DE_6205,DE,12000,1.0,1.0,0,12000,1752.0,2hp,
cwru_native12.load.v1,1,CWRU,validation,n12L:CWRU:cwru_n12_DE_211:DE:validation:12000-24000,cwrun12_DE_IR021,DE_IR021,cwru_n12_DE_211,data/raw/inner_race/IR021_2_DE12k.mat,X211_DE_time,8296a02ee489c2d16cbd9fc278ca2e29b22475cec70ebe840558c78b6b743dc1,211,IR021,inner_race,21 mil,DE,DE,DE,CWRU_DE_6205,DE,12000,1.0,1.0,12000,24000,1752.0,2hp,
cwru_native12.load.v1,1,CWRU,validation,n12L:CWRU:cwru_n12_DE_211:DE:validation:24000-36000,cwrun12_DE_IR021,DE_IR021,cwru_n12_DE_211,data/raw/inner_race/IR021_2_DE12k.mat,X211_DE_time,8296a02ee489c2d16cbd9fc278ca2e29b22475cec70ebe840558c78b6b743dc1,211,IR021,inner_race,21 mil,DE,DE,DE,CWRU_DE_6205,DE,12000,1.0,1.0,24000,36000,1752.0,2hp,
cwru_native12.load.v1,1,CWRU,validation,n12L:CWRU:cwru_n12_DE_211:DE:validation:36000-48000,cwrun12_DE_IR021,DE_IR021,cwru_n12_DE_211,data/raw/inner_race/IR021_2_DE12k.mat,X211_DE_time,8296a02ee489c2d16cbd9fc278ca2e29b22475cec70ebe840558c78b6b743dc1,211,IR021,inner_race,21 mil,DE,DE,DE,CWRU_DE_6205,DE,12000,1.0,1.0,36000,48000,1752.0,2hp,
cwru_native12.load.v1,1,CWRU,validation,n12L:CWRU:cwru_n12_DE_211:DE:validation:48000-60000,cwrun12_DE_IR021,DE_IR021,cwru_n12_DE_211,data/raw/inner_race/IR021_2_DE12k.mat,X211_DE_time,8296a02ee489c2d16cbd9fc278ca2e29b22475cec70ebe840558c78b6b743dc1,211,IR021,inner_race,21 mil,DE,DE,DE,CWRU_DE_6205,DE,12000,1.0,1.0,48000,60000,1752.0,2hp,
cwru_native12.load.v1,1,CWRU,validation,n12L:CWRU:cwru_n12_DE_211:DE:validation:60000-72000,cwrun12_DE_IR021,DE_IR021,cwru_n12_DE_211,data/raw/inner_race/IR021_2_DE12k.mat,X211_DE_time,8296a02ee489c2d16cbd9fc278ca2e29b22475cec70ebe840558c78b6b743dc1,211,IR021,inner_race,21 mil,DE,DE,DE,CWRU_DE_6205,DE,12000,1.0,1.0,60000,72000,1752.0,2hp,
cwru_native12.load.v1,1,CWRU,validation,n12L:CWRU:cwru_n12_DE_211:DE:validation:72000-84000,cwrun12_DE_IR021,DE_IR021,cwru_n12_DE_211,data/raw/inner_race/IR021_2_DE12k.mat,X211_DE_time,8296a02ee489c2d16cbd9fc278ca2e29b22475cec70ebe840558c78b6b743dc1,211,IR021,inner_race,21 mil,DE,DE,DE,CWRU_DE_6205,DE,12000,1.0,1.0,72000,84000,1752.0,2hp,
cwru_native12.load.v1,1,CWRU,validation,n12L:CWRU:cwru_n12_DE_211:DE:validation:84000-96000,cwrun12_DE_IR021,DE_IR021,cwru_n12_DE_211,data/raw/inner_race/IR021_2_DE12k.mat,X211_DE_time,8296a02ee489c2d16cbd9fc278ca2e29b22475cec70ebe840558c78b6b743dc1,211,IR021,inner_race,21 mil,DE,DE,DE,CWRU_DE_6205,DE,12000,1.0,1.0,84000,96000,1752.0,2hp,
cwru_native12.load.v1,1,CWRU,validation,n12L:CWRU:cwru_n12_DE_211:DE:validation:96000-108000,cwrun12_DE_IR021,DE_IR021,cwru_n12_DE_211,data/raw/inner_race/IR021_2_DE12k.mat,X211_DE_time,8296a02ee489c2d16cbd9fc278ca2e29b22475cec70ebe840558c78b6b743dc1,211,IR021,inner_race,21 mil,DE,DE,DE,CWRU_DE_6205,DE,12000,1.0,1.0,96000,108000,1752.0,2hp,
cwru_native12.load.v1,1,CWRU,validation,n12L:CWRU:cwru_n12_DE_211:DE:validation:108000-120000,cwrun12_DE_IR021,DE_IR021,cwru_n12_DE_211,data/raw/inner_race/IR021_2_DE12k.mat,X211_DE_time,8296a02ee489c2d16cbd9fc278ca2e29b22475cec70ebe840558c78b6b743dc1,211,IR021,inner_race,21 mil,DE,DE,DE,CWRU_DE_6205,DE,12000,1.0,1.0,108000,120000,1752.0,2hp,
cwru_native12.load.v1,1,CWRU,test,n12L:CWRU:cwru_n12_DE_212:DE:test:0-12000,cwrun12_DE_IR021,DE_IR021,cwru_n12_DE_212,data/raw/inner_race/IR021_3_DE12k.mat,X212_DE_time,bfe13761f545a26b217db897a12d27e16fec74306aa86ade8dbdc8ebe587c253,212,IR021,inner_race,21 mil,DE,DE,DE,CWRU_DE_6205,DE,12000,1.0,1.0,0,12000,1728.0,3hp,
cwru_native12.load.v1,1,CWRU,test,n12L:CWRU:cwru_n12_DE_212:DE:test:12000-24000,cwrun12_DE_IR021,DE_IR021,cwru_n12_DE_212,data/raw/inner_race/IR021_3_DE12k.mat,X212_DE_time,bfe13761f545a26b217db897a12d27e16fec74306aa86ade8dbdc8ebe587c253,212,IR021,inner_race,21 mil,DE,DE,DE,CWRU_DE_6205,DE,12000,1.0,1.0,12000,24000,1728.0,3hp,
cwru_native12.load.v1,1,CWRU,test,n12L:CWRU:cwru_n12_DE_212:DE:test:24000-36000,cwrun12_DE_IR021,DE_IR021,cwru_n12_DE_212,data/raw/inner_race/IR021_3_DE12k.mat,X212_DE_time,bfe13761f545a26b217db897a12d27e16fec74306aa86ade8dbdc8ebe587c253,212,IR021,inner_race,21 mil,DE,DE,DE,CWRU_DE_6205,DE,12000,1.0,1.0,24000,36000,1728.0,3hp,
cwru_native12.load.v1,1,CWRU,test,n12L:CWRU:cwru_n12_DE_212:DE:test:36000-48000,cwrun12_DE_IR021,DE_IR021,cwru_n12_DE_212,data/raw/inner_race/IR021_3_DE12k.mat,X212_DE_time,bfe13761f545a26b217db897a12d27e16fec74306aa86ade8dbdc8ebe587c253,212,IR021,inner_race,21 mil,DE,DE,DE,CWRU_DE_6205,DE,12000,1.0,1.0,36000,48000,1728.0,3hp,
cwru_native12.load.v1,1,CWRU,test,n12L:CWRU:cwru_n12_DE_212:DE:test:48000-60000,cwrun12_DE_IR021,DE_IR021,cwru_n12_DE_212,data/raw/inner_race/IR021_3_DE12k.mat,X212_DE_time,bfe13761f545a26b217db897a12d27e16fec74306aa86ade8dbdc8ebe587c253,212,IR021,inner_race,21 mil,DE,DE,DE,CWRU_DE_6205,DE,12000,1.0,1.0,48000,60000,1728.0,3hp,
cwru_native12.load.v1,1,CWRU,test,n12L:CWRU:cwru_n12_DE_212:DE:test:60000-72000,cwrun12_DE_IR021,DE_IR021,cwru_n12_DE_212,data/raw/inner_race/IR021_3_DE12k.mat,X212_DE_time,bfe13761f545a26b217db897a12d27e16fec74306aa86ade8dbdc8ebe587c253,212,IR021,inner_race,21 mil,DE,DE,DE,CWRU_DE_6205,DE,12000,1.0,1.0,60000,72000,1728.0,3hp,
cwru_native12.load.v1,1,CWRU,test,n12L:CWRU:cwru_n12_DE_212:DE:test:72000-84000,cwrun12_DE_IR021,DE_IR021,cwru_n12_DE_212,data/raw/inner_race/IR021_3_DE12k.mat,X212_DE_time,bfe13761f545a26b217db897a12d27e16fec74306aa86ade8dbdc8ebe587c253,212,IR021,inner_race,21 mil,DE,DE,DE,CWRU_DE_6205,DE,12000,1.0,1.0,72000,84000,1728.0,3hp,
cwru_native12.load.v1,1,CWRU,test,n12L:CWRU:cwru_n12_DE_212:DE:test:84000-96000,cwrun12_DE_IR021,DE_IR021,cwru_n12_DE_212,data/raw/inner_race/IR021_3_DE12k.mat,X212_DE_time,bfe13761f545a26b217db897a12d27e16fec74306aa86ade8dbdc8ebe587c253,212,IR021,inner_race,21 mil,DE,DE,DE,CWRU_DE_6205,DE,12000,1.0,1.0,84000,96000,1728.0,3hp,
cwru_native12.load.v1,1,CWRU,test,n12L:CWRU:cwru_n12_DE_212:DE:test:96000-108000,cwrun12_DE_IR021,DE_IR021,cwru_n12_DE_212,data/raw/inner_race/IR021_3_DE12k.mat,X212_DE_time,bfe13761f545a26b217db897a12d27e16fec74306aa86ade8dbdc8ebe587c253,212,IR021,inner_race,21 mil,DE,DE,DE,CWRU_DE_6205,DE,12000,1.0,1.0,96000,108000,1728.0,3hp,
cwru_native12.load.v1,1,CWRU,test,n12L:CWRU:cwru_n12_DE_212:DE:test:108000-120000,cwrun12_DE_IR021,DE_IR021,cwru_n12_DE_212,data/raw/inner_race/IR021_3_DE12k.mat,X212_DE_time,bfe13761f545a26b217db897a12d27e16fec74306aa86ade8dbdc8ebe587c253,212,IR021,inner_race,21 mil,DE,DE,DE,CWRU_DE_6205,DE,12000,1.0,1.0,108000,120000,1728.0,3hp,
cwru_native12.load.v1,1,CWRU,train,n12L:CWRU:cwru_n12_DE_3001:DE:train:0-12000,cwrun12_DE_IR028,DE_IR028,cwru_n12_DE_3001,data/raw/inner_race/IR028_0_DE12k.mat,X056_DE_time,2e7400f922b75888dbee1fc3ab8c7cd770822127aa97353b7b622de103e79d46,3001,IR028,inner_race,28 mil,DE,DE,DE,CWRU_DE_6205,DE,12000,1.0,0.5,0,12000,1797.0,0hp,
cwru_native12.load.v1,1,CWRU,train,n12L:CWRU:cwru_n12_DE_3001:DE:train:6000-18000,cwrun12_DE_IR028,DE_IR028,cwru_n12_DE_3001,data/raw/inner_race/IR028_0_DE12k.mat,X056_DE_time,2e7400f922b75888dbee1fc3ab8c7cd770822127aa97353b7b622de103e79d46,3001,IR028,inner_race,28 mil,DE,DE,DE,CWRU_DE_6205,DE,12000,1.0,0.5,6000,18000,1797.0,0hp,
cwru_native12.load.v1,1,CWRU,train,n12L:CWRU:cwru_n12_DE_3001:DE:train:12000-24000,cwrun12_DE_IR028,DE_IR028,cwru_n12_DE_3001,data/raw/inner_race/IR028_0_DE12k.mat,X056_DE_time,2e7400f922b75888dbee1fc3ab8c7cd770822127aa97353b7b622de103e79d46,3001,IR028,inner_race,28 mil,DE,DE,DE,CWRU_DE_6205,DE,12000,1.0,0.5,12000,24000,1797.0,0hp,
cwru_native12.load.v1,1,CWRU,train,n12L:CWRU:cwru_n12_DE_3001:DE:train:18000-30000,cwrun12_DE_IR028,DE_IR028,cwru_n12_DE_3001,data/raw/inner_race/IR028_0_DE12k.mat,X056_DE_time,2e7400f922b75888dbee1fc3ab8c7cd770822127aa97353b7b622de103e79d46,3001,IR028,inner_race,28 mil,DE,DE,DE,CWRU_DE_6205,DE,12000,1.0,0.5,18000,30000,1797.0,0hp,
cwru_native12.load.v1,1,CWRU,train,n12L:CWRU:cwru_n12_DE_3001:DE:train:24000-36000,cwrun12_DE_IR028,DE_IR028,cwru_n12_DE_3001,data/raw/inner_race/IR028_0_DE12k.mat,X056_DE_time,2e7400f922b75888dbee1fc3ab8c7cd770822127aa97353b7b622de103e79d46,3001,IR028,inner_race,28 mil,DE,DE,DE,CWRU_DE_6205,DE,12000,1.0,0.5,24000,36000,1797.0,0hp,
cwru_native12.load.v1,1,CWRU,train,n12L:CWRU:cwru_n12_DE_3001:DE:train:30000-42000,cwrun12_DE_IR028,DE_IR028,cwru_n12_DE_3001,data/raw/inner_race/IR028_0_DE12k.mat,X056_DE_time,2e7400f922b75888dbee1fc3ab8c7cd770822127aa97353b7b622de103e79d46,3001,IR028,inner_race,28 mil,DE,DE,DE,CWRU_DE_6205,DE,12000,1.0,0.5,30000,42000,1797.0,0hp,
cwru_native12.load.v1,1,CWRU,train,n12L:CWRU:cwru_n12_DE_3001:DE:train:36000-48000,cwrun12_DE_IR028,DE_IR028,cwru_n12_DE_3001,data/raw/inner_race/IR028_0_DE12k.mat,X056_DE_time,2e7400f922b75888dbee1fc3ab8c7cd770822127aa97353b7b622de103e79d46,3001,IR028,inner_race,28 mil,DE,DE,DE,CWRU_DE_6205,DE,12000,1.0,0.5,36000,48000,1797.0,0hp,
cwru_native12.load.v1,1,CWRU,train,n12L:CWRU:cwru_n12_DE_3001:DE:train:42000-54000,cwrun12_DE_IR028,DE_IR028,cwru_n12_DE_3001,data/raw/inner_race/IR028_0_DE12k.mat,X056_DE_time,2e7400f922b75888dbee1fc3ab8c7cd770822127aa97353b7b622de103e79d46,3001,IR028,inner_race,28 mil,DE,DE,DE,CWRU_DE_6205,DE,12000,1.0,0.5,42000,54000,1797.0,0hp,
cwru_native12.load.v1,1,CWRU,train,n12L:CWRU:cwru_n12_DE_3001:DE:train:48000-60000,cwrun12_DE_IR028,DE_IR028,cwru_n12_DE_3001,data/raw/inner_race/IR028_0_DE12k.mat,X056_DE_time,2e7400f922b75888dbee1fc3ab8c7cd770822127aa97353b7b622de103e79d46,3001,IR028,inner_race,28 mil,DE,DE,DE,CWRU_DE_6205,DE,12000,1.0,0.5,48000,60000,1797.0,0hp,
cwru_native12.load.v1,1,CWRU,train,n12L:CWRU:cwru_n12_DE_3001:DE:train:54000-66000,cwrun12_DE_IR028,DE_IR028,cwru_n12_DE_3001,data/raw/inner_race/IR028_0_DE12k.mat,X056_DE_time,2e7400f922b75888dbee1fc3ab8c7cd770822127aa97353b7b622de103e79d46,3001,IR028,inner_race,28 mil,DE,DE,DE,CWRU_DE_6205,DE,12000,1.0,0.5,54000,66000,1797.0,0hp,
cwru_native12.load.v1,1,CWRU,train,n12L:CWRU:cwru_n12_DE_3001:DE:train:60000-72000,cwrun12_DE_IR028,DE_IR028,cwru_n12_DE_3001,data/raw/inner_race/IR028_0_DE12k.mat,X056_DE_time,2e7400f922b75888dbee1fc3ab8c7cd770822127aa97353b7b622de103e79d46,3001,IR028,inner_race,28 mil,DE,DE,DE,CWRU_DE_6205,DE,12000,1.0,0.5,60000,72000,1797.0,0hp,
cwru_native12.load.v1,1,CWRU,train,n12L:CWRU:cwru_n12_DE_3001:DE:train:66000-78000,cwrun12_DE_IR028,DE_IR028,cwru_n12_DE_3001,data/raw/inner_race/IR028_0_DE12k.mat,X056_DE_time,2e7400f922b75888dbee1fc3ab8c7cd770822127aa97353b7b622de103e79d46,3001,IR028,inner_race,28 mil,DE,DE,DE,CWRU_DE_6205,DE,12000,1.0,0.5,66000,78000,1797.0,0hp,
cwru_native12.load.v1,1,CWRU,train,n12L:CWRU:cwru_n12_DE_3001:DE:train:72000-84000,cwrun12_DE_IR028,DE_IR028,cwru_n12_DE_3001,data/raw/inner_race/IR028_0_DE12k.mat,X056_DE_time,2e7400f922b75888dbee1fc3ab8c7cd770822127aa97353b7b622de103e79d46,3001,IR028,inner_race,28 mil,DE,DE,DE,CWRU_DE_6205,DE,12000,1.0,0.5,72000,84000,1797.0,0hp,
cwru_native12.load.v1,1,CWRU,train,n12L:CWRU:cwru_n12_DE_3001:DE:train:78000-90000,cwrun12_DE_IR028,DE_IR028,cwru_n12_DE_3001,data/raw/inner_race/IR028_0_DE12k.mat,X056_DE_time,2e7400f922b75888dbee1fc3ab8c7cd770822127aa97353b7b622de103e79d46,3001,IR028,inner_race,28 mil,DE,DE,DE,CWRU_DE_6205,DE,12000,1.0,0.5,78000,90000,1797.0,0hp,
cwru_native12.load.v1,1,CWRU,train,n12L:CWRU:cwru_n12_DE_3001:DE:train:84000-96000,cwrun12_DE_IR028,DE_IR028,cwru_n12_DE_3001,data/raw/inner_race/IR028_0_DE12k.mat,X056_DE_time,2e7400f922b75888dbee1fc3ab8c7cd770822127aa97353b7b622de103e79d46,3001,IR028,inner_race,28 mil,DE,DE,DE,CWRU_DE_6205,DE,12000,1.0,0.5,84000,96000,1797.0,0hp,
cwru_native12.load.v1,1,CWRU,train,n12L:CWRU:cwru_n12_DE_3001:DE:train:90000-102000,cwrun12_DE_IR028,DE_IR028,cwru_n12_DE_3001,data/raw/inner_race/IR028_0_DE12k.mat,X056_DE_time,2e7400f922b75888dbee1fc3ab8c7cd770822127aa97353b7b622de103e79d46,3001,IR028,inner_race,28 mil,DE,DE,DE,CWRU_DE_6205,DE,12000,1.0,0.5,90000,102000,1797.0,0hp,
cwru_native12.load.v1,1,CWRU,train,n12L:CWRU:cwru_n12_DE_3001:DE:train:96000-108000,cwrun12_DE_IR028,DE_IR028,cwru_n12_DE_3001,data/raw/inner_race/IR028_0_DE12k.mat,X056_DE_time,2e7400f922b75888dbee1fc3ab8c7cd770822127aa97353b7b622de103e79d46,3001,IR028,inner_race,28 mil,DE,DE,DE,CWRU_DE_6205,DE,12000,1.0,0.5,96000,108000,1797.0,0hp,
cwru_native12.load.v1,1,CWRU,train,n12L:CWRU:cwru_n12_DE_3001:DE:train:102000-114000,cwrun12_DE_IR028,DE_IR028,cwru_n12_DE_3001,data/raw/inner_race/IR028_0_DE12k.mat,X056_DE_time,2e7400f922b75888dbee1fc3ab8c7cd770822127aa97353b7b622de103e79d46,3001,IR028,inner_race,28 mil,DE,DE,DE,CWRU_DE_6205,DE,12000,1.0,0.5,102000,114000,1797.0,0hp,
cwru_native12.load.v1,1,CWRU,train,n12L:CWRU:cwru_n12_DE_3001:DE:train:108000-120000,cwrun12_DE_IR028,DE_IR028,cwru_n12_DE_3001,data/raw/inner_race/IR028_0_DE12k.mat,X056_DE_time,2e7400f922b75888dbee1fc3ab8c7cd770822127aa97353b7b622de103e79d46,3001,IR028,inner_race,28 mil,DE,DE,DE,CWRU_DE_6205,DE,12000,1.0,0.5,108000,120000,1797.0,0hp,
cwru_native12.load.v1,1,CWRU,train,n12L:CWRU:cwru_n12_DE_3002:DE:train:0-12000,cwrun12_DE_IR028,DE_IR028,cwru_n12_DE_3002,data/raw/inner_race/IR028_1_DE12k.mat,X057_DE_time,13556b993e01d95a48c6693f592bbea4da2252c99eb94d2f4a0961d8b3af033a,3002,IR028,inner_race,28 mil,DE,DE,DE,CWRU_DE_6205,DE,12000,1.0,0.5,0,12000,1772.0,1hp,
cwru_native12.load.v1,1,CWRU,train,n12L:CWRU:cwru_n12_DE_3002:DE:train:6000-18000,cwrun12_DE_IR028,DE_IR028,cwru_n12_DE_3002,data/raw/inner_race/IR028_1_DE12k.mat,X057_DE_time,13556b993e01d95a48c6693f592bbea4da2252c99eb94d2f4a0961d8b3af033a,3002,IR028,inner_race,28 mil,DE,DE,DE,CWRU_DE_6205,DE,12000,1.0,0.5,6000,18000,1772.0,1hp,
cwru_native12.load.v1,1,CWRU,train,n12L:CWRU:cwru_n12_DE_3002:DE:train:12000-24000,cwrun12_DE_IR028,DE_IR028,cwru_n12_DE_3002,data/raw/inner_race/IR028_1_DE12k.mat,X057_DE_time,13556b993e01d95a48c6693f592bbea4da2252c99eb94d2f4a0961d8b3af033a,3002,IR028,inner_race,28 mil,DE,DE,DE,CWRU_DE_6205,DE,12000,1.0,0.5,12000,24000,1772.0,1hp,
cwru_native12.load.v1,1,CWRU,train,n12L:CWRU:cwru_n12_DE_3002:DE:train:18000-30000,cwrun12_DE_IR028,DE_IR028,cwru_n12_DE_3002,data/raw/inner_race/IR028_1_DE12k.mat,X057_DE_time,13556b993e01d95a48c6693f592bbea4da2252c99eb94d2f4a0961d8b3af033a,3002,IR028,inner_race,28 mil,DE,DE,DE,CWRU_DE_6205,DE,12000,1.0,0.5,18000,30000,1772.0,1hp,
cwru_native12.load.v1,1,CWRU,train,n12L:CWRU:cwru_n12_DE_3002:DE:train:24000-36000,cwrun12_DE_IR028,DE_IR028,cwru_n12_DE_3002,data/raw/inner_race/IR028_1_DE12k.mat,X057_DE_time,13556b993e01d95a48c6693f592bbea4da2252c99eb94d2f4a0961d8b3af033a,3002,IR028,inner_race,28 mil,DE,DE,DE,CWRU_DE_6205,DE,12000,1.0,0.5,24000,36000,1772.0,1hp,
cwru_native12.load.v1,1,CWRU,train,n12L:CWRU:cwru_n12_DE_3002:DE:train:30000-42000,cwrun12_DE_IR028,DE_IR028,cwru_n12_DE_3002,data/raw/inner_race/IR028_1_DE12k.mat,X057_DE_time,13556b993e01d95a48c6693f592bbea4da2252c99eb94d2f4a0961d8b3af033a,3002,IR028,inner_race,28 mil,DE,DE,DE,CWRU_DE_6205,DE,12000,1.0,0.5,30000,42000,1772.0,1hp,
cwru_native12.load.v1,1,CWRU,train,n12L:CWRU:cwru_n12_DE_3002:DE:train:36000-48000,cwrun12_DE_IR028,DE_IR028,cwru_n12_DE_3002,data/raw/inner_race/IR028_1_DE12k.mat,X057_DE_time,13556b993e01d95a48c6693f592bbea4da2252c99eb94d2f4a0961d8b3af033a,3002,IR028,inner_race,28 mil,DE,DE,DE,CWRU_DE_6205,DE,12000,1.0,0.5,36000,48000,1772.0,1hp,
cwru_native12.load.v1,1,CWRU,train,n12L:CWRU:cwru_n12_DE_3002:DE:train:42000-54000,cwrun12_DE_IR028,DE_IR028,cwru_n12_DE_3002,data/raw/inner_race/IR028_1_DE12k.mat,X057_DE_time,13556b993e01d95a48c6693f592bbea4da2252c99eb94d2f4a0961d8b3af033a,3002,IR028,inner_race,28 mil,DE,DE,DE,CWRU_DE_6205,DE,12000,1.0,0.5,42000,54000,1772.0,1hp,
cwru_native12.load.v1,1,CWRU,train,n12L:CWRU:cwru_n12_DE_3002:DE:train:48000-60000,cwrun12_DE_IR028,DE_IR028,cwru_n12_DE_3002,data/raw/inner_race/IR028_1_DE12k.mat,X057_DE_time,13556b993e01d95a48c6693f592bbea4da2252c99eb94d2f4a0961d8b3af033a,3002,IR028,inner_race,28 mil,DE,DE,DE,CWRU_DE_6205,DE,12000,1.0,0.5,48000,60000,1772.0,1hp,
cwru_native12.load.v1,1,CWRU,train,n12L:CWRU:cwru_n12_DE_3002:DE:train:54000-66000,cwrun12_DE_IR028,DE_IR028,cwru_n12_DE_3002,data/raw/inner_race/IR028_1_DE12k.mat,X057_DE_time,13556b993e01d95a48c6693f592bbea4da2252c99eb94d2f4a0961d8b3af033a,3002,IR028,inner_race,28 mil,DE,DE,DE,CWRU_DE_6205,DE,12000,1.0,0.5,54000,66000,1772.0,1hp,
cwru_native12.load.v1,1,CWRU,train,n12L:CWRU:cwru_n12_DE_3002:DE:train:60000-72000,cwrun12_DE_IR028,DE_IR028,cwru_n12_DE_3002,data/raw/inner_race/IR028_1_DE12k.mat,X057_DE_time,13556b993e01d95a48c6693f592bbea4da2252c99eb94d2f4a0961d8b3af033a,3002,IR028,inner_race,28 mil,DE,DE,DE,CWRU_DE_6205,DE,12000,1.0,0.5,60000,72000,1772.0,1hp,
cwru_native12.load.v1,1,CWRU,train,n12L:CWRU:cwru_n12_DE_3002:DE:train:66000-78000,cwrun12_DE_IR028,DE_IR028,cwru_n12_DE_3002,data/raw/inner_race/IR028_1_DE12k.mat,X057_DE_time,13556b993e01d95a48c6693f592bbea4da2252c99eb94d2f4a0961d8b3af033a,3002,IR028,inner_race,28 mil,DE,DE,DE,CWRU_DE_6205,DE,12000,1.0,0.5,66000,78000,1772.0,1hp,
cwru_native12.load.v1,1,CWRU,train,n12L:CWRU:cwru_n12_DE_3002:DE:train:72000-84000,cwrun12_DE_IR028,DE_IR028,cwru_n12_DE_3002,data/raw/inner_race/IR028_1_DE12k.mat,X057_DE_time,13556b993e01d95a48c6693f592bbea4da2252c99eb94d2f4a0961d8b3af033a,3002,IR028,inner_race,28 mil,DE,DE,DE,CWRU_DE_6205,DE,12000,1.0,0.5,72000,84000,1772.0,1hp,
cwru_native12.load.v1,1,CWRU,train,n12L:CWRU:cwru_n12_DE_3002:DE:train:78000-90000,cwrun12_DE_IR028,DE_IR028,cwru_n12_DE_3002,data/raw/inner_race/IR028_1_DE12k.mat,X057_DE_time,13556b993e01d95a48c6693f592bbea4da2252c99eb94d2f4a0961d8b3af033a,3002,IR028,inner_race,28 mil,DE,DE,DE,CWRU_DE_6205,DE,12000,1.0,0.5,78000,90000,1772.0,1hp,
cwru_native12.load.v1,1,CWRU,train,n12L:CWRU:cwru_n12_DE_3002:DE:train:84000-96000,cwrun12_DE_IR028,DE_IR028,cwru_n12_DE_3002,data/raw/inner_race/IR028_1_DE12k.mat,X057_DE_time,13556b993e01d95a48c6693f592bbea4da2252c99eb94d2f4a0961d8b3af033a,3002,IR028,inner_race,28 mil,DE,DE,DE,CWRU_DE_6205,DE,12000,1.0,0.5,84000,96000,1772.0,1hp,
cwru_native12.load.v1,1,CWRU,train,n12L:CWRU:cwru_n12_DE_3002:DE:train:90000-102000,cwrun12_DE_IR028,DE_IR028,cwru_n12_DE_3002,data/raw/inner_race/IR028_1_DE12k.mat,X057_DE_time,13556b993e01d95a48c6693f592bbea4da2252c99eb94d2f4a0961d8b3af033a,3002,IR028,inner_race,28 mil,DE,DE,DE,CWRU_DE_6205,DE,12000,1.0,0.5,90000,102000,1772.0,1hp,
cwru_native12.load.v1,1,CWRU,train,n12L:CWRU:cwru_n12_DE_3002:DE:train:96000-108000,cwrun12_DE_IR028,DE_IR028,cwru_n12_DE_3002,data/raw/inner_race/IR028_1_DE12k.mat,X057_DE_time,13556b993e01d95a48c6693f592bbea4da2252c99eb94d2f4a0961d8b3af033a,3002,IR028,inner_race,28 mil,DE,DE,DE,CWRU_DE_6205,DE,12000,1.0,0.5,96000,108000,1772.0,1hp,
cwru_native12.load.v1,1,CWRU,train,n12L:CWRU:cwru_n12_DE_3002:DE:train:102000-114000,cwrun12_DE_IR028,DE_IR028,cwru_n12_DE_3002,data/raw/inner_race/IR028_1_DE12k.mat,X057_DE_time,13556b993e01d95a48c6693f592bbea4da2252c99eb94d2f4a0961d8b3af033a,3002,IR028,inner_race,28 mil,DE,DE,DE,CWRU_DE_6205,DE,12000,1.0,0.5,102000,114000,1772.0,1hp,
cwru_native12.load.v1,1,CWRU,train,n12L:CWRU:cwru_n12_DE_3002:DE:train:108000-120000,cwrun12_DE_IR028,DE_IR028,cwru_n12_DE_3002,data/raw/inner_race/IR028_1_DE12k.mat,X057_DE_time,13556b993e01d95a48c6693f592bbea4da2252c99eb94d2f4a0961d8b3af033a,3002,IR028,inner_race,28 mil,DE,DE,DE,CWRU_DE_6205,DE,12000,1.0,0.5,108000,120000,1772.0,1hp,
cwru_native12.load.v1,1,CWRU,validation,n12L:CWRU:cwru_n12_DE_3003:DE:validation:0-12000,cwrun12_DE_IR028,DE_IR028,cwru_n12_DE_3003,data/raw/inner_race/IR028_2_DE12k.mat,X058_DE_time,ef7ebceaee0a1da63c6da18f227e3582d6c626dbce2d84a06674872645cb8272,3003,IR028,inner_race,28 mil,DE,DE,DE,CWRU_DE_6205,DE,12000,1.0,1.0,0,12000,1750.0,2hp,
cwru_native12.load.v1,1,CWRU,validation,n12L:CWRU:cwru_n12_DE_3003:DE:validation:12000-24000,cwrun12_DE_IR028,DE_IR028,cwru_n12_DE_3003,data/raw/inner_race/IR028_2_DE12k.mat,X058_DE_time,ef7ebceaee0a1da63c6da18f227e3582d6c626dbce2d84a06674872645cb8272,3003,IR028,inner_race,28 mil,DE,DE,DE,CWRU_DE_6205,DE,12000,1.0,1.0,12000,24000,1750.0,2hp,
cwru_native12.load.v1,1,CWRU,validation,n12L:CWRU:cwru_n12_DE_3003:DE:validation:24000-36000,cwrun12_DE_IR028,DE_IR028,cwru_n12_DE_3003,data/raw/inner_race/IR028_2_DE12k.mat,X058_DE_time,ef7ebceaee0a1da63c6da18f227e3582d6c626dbce2d84a06674872645cb8272,3003,IR028,inner_race,28 mil,DE,DE,DE,CWRU_DE_6205,DE,12000,1.0,1.0,24000,36000,1750.0,2hp,
cwru_native12.load.v1,1,CWRU,validation,n12L:CWRU:cwru_n12_DE_3003:DE:validation:36000-48000,cwrun12_DE_IR028,DE_IR028,cwru_n12_DE_3003,data/raw/inner_race/IR028_2_DE12k.mat,X058_DE_time,ef7ebceaee0a1da63c6da18f227e3582d6c626dbce2d84a06674872645cb8272,3003,IR028,inner_race,28 mil,DE,DE,DE,CWRU_DE_6205,DE,12000,1.0,1.0,36000,48000,1750.0,2hp,
cwru_native12.load.v1,1,CWRU,validation,n12L:CWRU:cwru_n12_DE_3003:DE:validation:48000-60000,cwrun12_DE_IR028,DE_IR028,cwru_n12_DE_3003,data/raw/inner_race/IR028_2_DE12k.mat,X058_DE_time,ef7ebceaee0a1da63c6da18f227e3582d6c626dbce2d84a06674872645cb8272,3003,IR028,inner_race,28 mil,DE,DE,DE,CWRU_DE_6205,DE,12000,1.0,1.0,48000,60000,1750.0,2hp,
cwru_native12.load.v1,1,CWRU,validation,n12L:CWRU:cwru_n12_DE_3003:DE:validation:60000-72000,cwrun12_DE_IR028,DE_IR028,cwru_n12_DE_3003,data/raw/inner_race/IR028_2_DE12k.mat,X058_DE_time,ef7ebceaee0a1da63c6da18f227e3582d6c626dbce2d84a06674872645cb8272,3003,IR028,inner_race,28 mil,DE,DE,DE,CWRU_DE_6205,DE,12000,1.0,1.0,60000,72000,1750.0,2hp,
cwru_native12.load.v1,1,CWRU,validation,n12L:CWRU:cwru_n12_DE_3003:DE:validation:72000-84000,cwrun12_DE_IR028,DE_IR028,cwru_n12_DE_3003,data/raw/inner_race/IR028_2_DE12k.mat,X058_DE_time,ef7ebceaee0a1da63c6da18f227e3582d6c626dbce2d84a06674872645cb8272,3003,IR028,inner_race,28 mil,DE,DE,DE,CWRU_DE_6205,DE,12000,1.0,1.0,72000,84000,1750.0,2hp,
cwru_native12.load.v1,1,CWRU,validation,n12L:CWRU:cwru_n12_DE_3003:DE:validation:84000-96000,cwrun12_DE_IR028,DE_IR028,cwru_n12_DE_3003,data/raw/inner_race/IR028_2_DE12k.mat,X058_DE_time,ef7ebceaee0a1da63c6da18f227e3582d6c626dbce2d84a06674872645cb8272,3003,IR028,inner_race,28 mil,DE,DE,DE,CWRU_DE_6205,DE,12000,1.0,1.0,84000,96000,1750.0,2hp,
cwru_native12.load.v1,1,CWRU,validation,n12L:CWRU:cwru_n12_DE_3003:DE:validation:96000-108000,cwrun12_DE_IR028,DE_IR028,cwru_n12_DE_3003,data/raw/inner_race/IR028_2_DE12k.mat,X058_DE_time,ef7ebceaee0a1da63c6da18f227e3582d6c626dbce2d84a06674872645cb8272,3003,IR028,inner_race,28 mil,DE,DE,DE,CWRU_DE_6205,DE,12000,1.0,1.0,96000,108000,1750.0,2hp,
cwru_native12.load.v1,1,CWRU,validation,n12L:CWRU:cwru_n12_DE_3003:DE:validation:108000-120000,cwrun12_DE_IR028,DE_IR028,cwru_n12_DE_3003,data/raw/inner_race/IR028_2_DE12k.mat,X058_DE_time,ef7ebceaee0a1da63c6da18f227e3582d6c626dbce2d84a06674872645cb8272,3003,IR028,inner_race,28 mil,DE,DE,DE,CWRU_DE_6205,DE,12000,1.0,1.0,108000,120000,1750.0,2hp,
cwru_native12.load.v1,1,CWRU,test,n12L:CWRU:cwru_n12_DE_3004:DE:test:0-12000,cwrun12_DE_IR028,DE_IR028,cwru_n12_DE_3004,data/raw/inner_race/IR028_3_DE12k.mat,X059_DE_time,5c0a940bcef2b4850c826f3480f493ea69c68a09b79a70e79c7fa5cb39020c32,3004,IR028,inner_race,28 mil,DE,DE,DE,CWRU_DE_6205,DE,12000,1.0,1.0,0,12000,1730.0,3hp,
cwru_native12.load.v1,1,CWRU,test,n12L:CWRU:cwru_n12_DE_3004:DE:test:12000-24000,cwrun12_DE_IR028,DE_IR028,cwru_n12_DE_3004,data/raw/inner_race/IR028_3_DE12k.mat,X059_DE_time,5c0a940bcef2b4850c826f3480f493ea69c68a09b79a70e79c7fa5cb39020c32,3004,IR028,inner_race,28 mil,DE,DE,DE,CWRU_DE_6205,DE,12000,1.0,1.0,12000,24000,1730.0,3hp,
cwru_native12.load.v1,1,CWRU,test,n12L:CWRU:cwru_n12_DE_3004:DE:test:24000-36000,cwrun12_DE_IR028,DE_IR028,cwru_n12_DE_3004,data/raw/inner_race/IR028_3_DE12k.mat,X059_DE_time,5c0a940bcef2b4850c826f3480f493ea69c68a09b79a70e79c7fa5cb39020c32,3004,IR028,inner_race,28 mil,DE,DE,DE,CWRU_DE_6205,DE,12000,1.0,1.0,24000,36000,1730.0,3hp,
cwru_native12.load.v1,1,CWRU,test,n12L:CWRU:cwru_n12_DE_3004:DE:test:36000-48000,cwrun12_DE_IR028,DE_IR028,cwru_n12_DE_3004,data/raw/inner_race/IR028_3_DE12k.mat,X059_DE_time,5c0a940bcef2b4850c826f3480f493ea69c68a09b79a70e79c7fa5cb39020c32,3004,IR028,inner_race,28 mil,DE,DE,DE,CWRU_DE_6205,DE,12000,1.0,1.0,36000,48000,1730.0,3hp,
cwru_native12.load.v1,1,CWRU,test,n12L:CWRU:cwru_n12_DE_3004:DE:test:48000-60000,cwrun12_DE_IR028,DE_IR028,cwru_n12_DE_3004,data/raw/inner_race/IR028_3_DE12k.mat,X059_DE_time,5c0a940bcef2b4850c826f3480f493ea69c68a09b79a70e79c7fa5cb39020c32,3004,IR028,inner_race,28 mil,DE,DE,DE,CWRU_DE_6205,DE,12000,1.0,1.0,48000,60000,1730.0,3hp,
cwru_native12.load.v1,1,CWRU,test,n12L:CWRU:cwru_n12_DE_3004:DE:test:60000-72000,cwrun12_DE_IR028,DE_IR028,cwru_n12_DE_3004,data/raw/inner_race/IR028_3_DE12k.mat,X059_DE_time,5c0a940bcef2b4850c826f3480f493ea69c68a09b79a70e79c7fa5cb39020c32,3004,IR028,inner_race,28 mil,DE,DE,DE,CWRU_DE_6205,DE,12000,1.0,1.0,60000,72000,1730.0,3hp,
cwru_native12.load.v1,1,CWRU,test,n12L:CWRU:cwru_n12_DE_3004:DE:test:72000-84000,cwrun12_DE_IR028,DE_IR028,cwru_n12_DE_3004,data/raw/inner_race/IR028_3_DE12k.mat,X059_DE_time,5c0a940bcef2b4850c826f3480f493ea69c68a09b79a70e79c7fa5cb39020c32,3004,IR028,inner_race,28 mil,DE,DE,DE,CWRU_DE_6205,DE,12000,1.0,1.0,72000,84000,1730.0,3hp,
cwru_native12.load.v1,1,CWRU,test,n12L:CWRU:cwru_n12_DE_3004:DE:test:84000-96000,cwrun12_DE_IR028,DE_IR028,cwru_n12_DE_3004,data/raw/inner_race/IR028_3_DE12k.mat,X059_DE_time,5c0a940bcef2b4850c826f3480f493ea69c68a09b79a70e79c7fa5cb39020c32,3004,IR028,inner_race,28 mil,DE,DE,DE,CWRU_DE_6205,DE,12000,1.0,1.0,84000,96000,1730.0,3hp,
cwru_native12.load.v1,1,CWRU,test,n12L:CWRU:cwru_n12_DE_3004:DE:test:96000-108000,cwrun12_DE_IR028,DE_IR028,cwru_n12_DE_3004,data/raw/inner_race/IR028_3_DE12k.mat,X059_DE_time,5c0a940bcef2b4850c826f3480f493ea69c68a09b79a70e79c7fa5cb39020c32,3004,IR028,inner_race,28 mil,DE,DE,DE,CWRU_DE_6205,DE,12000,1.0,1.0,96000,108000,1730.0,3hp,
cwru_native12.load.v1,1,CWRU,test,n12L:CWRU:cwru_n12_DE_3004:DE:test:108000-120000,cwrun12_DE_IR028,DE_IR028,cwru_n12_DE_3004,data/raw/inner_race/IR028_3_DE12k.mat,X059_DE_time,5c0a940bcef2b4850c826f3480f493ea69c68a09b79a70e79c7fa5cb39020c32,3004,IR028,inner_race,28 mil,DE,DE,DE,CWRU_DE_6205,DE,12000,1.0,1.0,108000,120000,1730.0,3hp,
cwru_native12.load.v1,1,CWRU,train,n12L:CWRU:cwru_n12_DE_156:DE:train:0-12000,cwrun12_DE_OR007,DE_OR007,cwru_n12_DE_156,data/raw/outer_race/OR007@12_0_DE12k.mat,X156_DE_time,d6ebef8850c114f136018381f6d3fa1c700073a784fffac72c0c8a3e21a227e3,156,OR007@12,outer_race,7 mil,DE,DE,DE,CWRU_DE_6205,DE,12000,1.0,0.5,0,12000,1797.0,0hp,12
cwru_native12.load.v1,1,CWRU,train,n12L:CWRU:cwru_n12_DE_156:DE:train:6000-18000,cwrun12_DE_OR007,DE_OR007,cwru_n12_DE_156,data/raw/outer_race/OR007@12_0_DE12k.mat,X156_DE_time,d6ebef8850c114f136018381f6d3fa1c700073a784fffac72c0c8a3e21a227e3,156,OR007@12,outer_race,7 mil,DE,DE,DE,CWRU_DE_6205,DE,12000,1.0,0.5,6000,18000,1797.0,0hp,12
cwru_native12.load.v1,1,CWRU,train,n12L:CWRU:cwru_n12_DE_156:DE:train:12000-24000,cwrun12_DE_OR007,DE_OR007,cwru_n12_DE_156,data/raw/outer_race/OR007@12_0_DE12k.mat,X156_DE_time,d6ebef8850c114f136018381f6d3fa1c700073a784fffac72c0c8a3e21a227e3,156,OR007@12,outer_race,7 mil,DE,DE,DE,CWRU_DE_6205,DE,12000,1.0,0.5,12000,24000,1797.0,0hp,12
cwru_native12.load.v1,1,CWRU,train,n12L:CWRU:cwru_n12_DE_156:DE:train:18000-30000,cwrun12_DE_OR007,DE_OR007,cwru_n12_DE_156,data/raw/outer_race/OR007@12_0_DE12k.mat,X156_DE_time,d6ebef8850c114f136018381f6d3fa1c700073a784fffac72c0c8a3e21a227e3,156,OR007@12,outer_race,7 mil,DE,DE,DE,CWRU_DE_6205,DE,12000,1.0,0.5,18000,30000,1797.0,0hp,12
cwru_native12.load.v1,1,CWRU,train,n12L:CWRU:cwru_n12_DE_156:DE:train:24000-36000,cwrun12_DE_OR007,DE_OR007,cwru_n12_DE_156,data/raw/outer_race/OR007@12_0_DE12k.mat,X156_DE_time,d6ebef8850c114f136018381f6d3fa1c700073a784fffac72c0c8a3e21a227e3,156,OR007@12,outer_race,7 mil,DE,DE,DE,CWRU_DE_6205,DE,12000,1.0,0.5,24000,36000,1797.0,0hp,12
cwru_native12.load.v1,1,CWRU,train,n12L:CWRU:cwru_n12_DE_156:DE:train:30000-42000,cwrun12_DE_OR007,DE_OR007,cwru_n12_DE_156,data/raw/outer_race/OR007@12_0_DE12k.mat,X156_DE_time,d6ebef8850c114f136018381f6d3fa1c700073a784fffac72c0c8a3e21a227e3,156,OR007@12,outer_race,7 mil,DE,DE,DE,CWRU_DE_6205,DE,12000,1.0,0.5,30000,42000,1797.0,0hp,12
cwru_native12.load.v1,1,CWRU,train,n12L:CWRU:cwru_n12_DE_156:DE:train:36000-48000,cwrun12_DE_OR007,DE_OR007,cwru_n12_DE_156,data/raw/outer_race/OR007@12_0_DE12k.mat,X156_DE_time,d6ebef8850c114f136018381f6d3fa1c700073a784fffac72c0c8a3e21a227e3,156,OR007@12,outer_race,7 mil,DE,DE,DE,CWRU_DE_6205,DE,12000,1.0,0.5,36000,48000,1797.0,0hp,12
cwru_native12.load.v1,1,CWRU,train,n12L:CWRU:cwru_n12_DE_156:DE:train:42000-54000,cwrun12_DE_OR007,DE_OR007,cwru_n12_DE_156,data/raw/outer_race/OR007@12_0_DE12k.mat,X156_DE_time,d6ebef8850c114f136018381f6d3fa1c700073a784fffac72c0c8a3e21a227e3,156,OR007@12,outer_race,7 mil,DE,DE,DE,CWRU_DE_6205,DE,12000,1.0,0.5,42000,54000,1797.0,0hp,12
cwru_native12.load.v1,1,CWRU,train,n12L:CWRU:cwru_n12_DE_156:DE:train:48000-60000,cwrun12_DE_OR007,DE_OR007,cwru_n12_DE_156,data/raw/outer_race/OR007@12_0_DE12k.mat,X156_DE_time,d6ebef8850c114f136018381f6d3fa1c700073a784fffac72c0c8a3e21a227e3,156,OR007@12,outer_race,7 mil,DE,DE,DE,CWRU_DE_6205,DE,12000,1.0,0.5,48000,60000,1797.0,0hp,12
cwru_native12.load.v1,1,CWRU,train,n12L:CWRU:cwru_n12_DE_156:DE:train:54000-66000,cwrun12_DE_OR007,DE_OR007,cwru_n12_DE_156,data/raw/outer_race/OR007@12_0_DE12k.mat,X156_DE_time,d6ebef8850c114f136018381f6d3fa1c700073a784fffac72c0c8a3e21a227e3,156,OR007@12,outer_race,7 mil,DE,DE,DE,CWRU_DE_6205,DE,12000,1.0,0.5,54000,66000,1797.0,0hp,12
cwru_native12.load.v1,1,CWRU,train,n12L:CWRU:cwru_n12_DE_156:DE:train:60000-72000,cwrun12_DE_OR007,DE_OR007,cwru_n12_DE_156,data/raw/outer_race/OR007@12_0_DE12k.mat,X156_DE_time,d6ebef8850c114f136018381f6d3fa1c700073a784fffac72c0c8a3e21a227e3,156,OR007@12,outer_race,7 mil,DE,DE,DE,CWRU_DE_6205,DE,12000,1.0,0.5,60000,72000,1797.0,0hp,12
cwru_native12.load.v1,1,CWRU,train,n12L:CWRU:cwru_n12_DE_156:DE:train:66000-78000,cwrun12_DE_OR007,DE_OR007,cwru_n12_DE_156,data/raw/outer_race/OR007@12_0_DE12k.mat,X156_DE_time,d6ebef8850c114f136018381f6d3fa1c700073a784fffac72c0c8a3e21a227e3,156,OR007@12,outer_race,7 mil,DE,DE,DE,CWRU_DE_6205,DE,12000,1.0,0.5,66000,78000,1797.0,0hp,12
cwru_native12.load.v1,1,CWRU,train,n12L:CWRU:cwru_n12_DE_156:DE:train:72000-84000,cwrun12_DE_OR007,DE_OR007,cwru_n12_DE_156,data/raw/outer_race/OR007@12_0_DE12k.mat,X156_DE_time,d6ebef8850c114f136018381f6d3fa1c700073a784fffac72c0c8a3e21a227e3,156,OR007@12,outer_race,7 mil,DE,DE,DE,CWRU_DE_6205,DE,12000,1.0,0.5,72000,84000,1797.0,0hp,12
cwru_native12.load.v1,1,CWRU,train,n12L:CWRU:cwru_n12_DE_156:DE:train:78000-90000,cwrun12_DE_OR007,DE_OR007,cwru_n12_DE_156,data/raw/outer_race/OR007@12_0_DE12k.mat,X156_DE_time,d6ebef8850c114f136018381f6d3fa1c700073a784fffac72c0c8a3e21a227e3,156,OR007@12,outer_race,7 mil,DE,DE,DE,CWRU_DE_6205,DE,12000,1.0,0.5,78000,90000,1797.0,0hp,12
cwru_native12.load.v1,1,CWRU,train,n12L:CWRU:cwru_n12_DE_156:DE:train:84000-96000,cwrun12_DE_OR007,DE_OR007,cwru_n12_DE_156,data/raw/outer_race/OR007@12_0_DE12k.mat,X156_DE_time,d6ebef8850c114f136018381f6d3fa1c700073a784fffac72c0c8a3e21a227e3,156,OR007@12,outer_race,7 mil,DE,DE,DE,CWRU_DE_6205,DE,12000,1.0,0.5,84000,96000,1797.0,0hp,12
cwru_native12.load.v1,1,CWRU,train,n12L:CWRU:cwru_n12_DE_156:DE:train:90000-102000,cwrun12_DE_OR007,DE_OR007,cwru_n12_DE_156,data/raw/outer_race/OR007@12_0_DE12k.mat,X156_DE_time,d6ebef8850c114f136018381f6d3fa1c700073a784fffac72c0c8a3e21a227e3,156,OR007@12,outer_race,7 mil,DE,DE,DE,CWRU_DE_6205,DE,12000,1.0,0.5,90000,102000,1797.0,0hp,12
cwru_native12.load.v1,1,CWRU,train,n12L:CWRU:cwru_n12_DE_156:DE:train:96000-108000,cwrun12_DE_OR007,DE_OR007,cwru_n12_DE_156,data/raw/outer_race/OR007@12_0_DE12k.mat,X156_DE_time,d6ebef8850c114f136018381f6d3fa1c700073a784fffac72c0c8a3e21a227e3,156,OR007@12,outer_race,7 mil,DE,DE,DE,CWRU_DE_6205,DE,12000,1.0,0.5,96000,108000,1797.0,0hp,12
cwru_native12.load.v1,1,CWRU,train,n12L:CWRU:cwru_n12_DE_156:DE:train:102000-114000,cwrun12_DE_OR007,DE_OR007,cwru_n12_DE_156,data/raw/outer_race/OR007@12_0_DE12k.mat,X156_DE_time,d6ebef8850c114f136018381f6d3fa1c700073a784fffac72c0c8a3e21a227e3,156,OR007@12,outer_race,7 mil,DE,DE,DE,CWRU_DE_6205,DE,12000,1.0,0.5,102000,114000,1797.0,0hp,12
cwru_native12.load.v1,1,CWRU,train,n12L:CWRU:cwru_n12_DE_156:DE:train:108000-120000,cwrun12_DE_OR007,DE_OR007,cwru_n12_DE_156,data/raw/outer_race/OR007@12_0_DE12k.mat,X156_DE_time,d6ebef8850c114f136018381f6d3fa1c700073a784fffac72c0c8a3e21a227e3,156,OR007@12,outer_race,7 mil,DE,DE,DE,CWRU_DE_6205,DE,12000,1.0,0.5,108000,120000,1797.0,0hp,12
cwru_native12.load.v1,1,CWRU,train,n12L:CWRU:cwru_n12_DE_158:DE:train:0-12000,cwrun12_DE_OR007,DE_OR007,cwru_n12_DE_158,data/raw/outer_race/OR007@12_1_DE12k.mat,X158_DE_time,9ca1d5954e2ab970d3e8e87d069a1a468151f177071b4b7dc6f9ca1acfd0dfcd,158,OR007@12,outer_race,7 mil,DE,DE,DE,CWRU_DE_6205,DE,12000,1.0,0.5,0,12000,1773.0,1hp,12
cwru_native12.load.v1,1,CWRU,train,n12L:CWRU:cwru_n12_DE_158:DE:train:6000-18000,cwrun12_DE_OR007,DE_OR007,cwru_n12_DE_158,data/raw/outer_race/OR007@12_1_DE12k.mat,X158_DE_time,9ca1d5954e2ab970d3e8e87d069a1a468151f177071b4b7dc6f9ca1acfd0dfcd,158,OR007@12,outer_race,7 mil,DE,DE,DE,CWRU_DE_6205,DE,12000,1.0,0.5,6000,18000,1773.0,1hp,12
cwru_native12.load.v1,1,CWRU,train,n12L:CWRU:cwru_n12_DE_158:DE:train:12000-24000,cwrun12_DE_OR007,DE_OR007,cwru_n12_DE_158,data/raw/outer_race/OR007@12_1_DE12k.mat,X158_DE_time,9ca1d5954e2ab970d3e8e87d069a1a468151f177071b4b7dc6f9ca1acfd0dfcd,158,OR007@12,outer_race,7 mil,DE,DE,DE,CWRU_DE_6205,DE,12000,1.0,0.5,12000,24000,1773.0,1hp,12
cwru_native12.load.v1,1,CWRU,train,n12L:CWRU:cwru_n12_DE_158:DE:train:18000-30000,cwrun12_DE_OR007,DE_OR007,cwru_n12_DE_158,data/raw/outer_race/OR007@12_1_DE12k.mat,X158_DE_time,9ca1d5954e2ab970d3e8e87d069a1a468151f177071b4b7dc6f9ca1acfd0dfcd,158,OR007@12,outer_race,7 mil,DE,DE,DE,CWRU_DE_6205,DE,12000,1.0,0.5,18000,30000,1773.0,1hp,12
cwru_native12.load.v1,1,CWRU,train,n12L:CWRU:cwru_n12_DE_158:DE:train:24000-36000,cwrun12_DE_OR007,DE_OR007,cwru_n12_DE_158,data/raw/outer_race/OR007@12_1_DE12k.mat,X158_DE_time,9ca1d5954e2ab970d3e8e87d069a1a468151f177071b4b7dc6f9ca1acfd0dfcd,158,OR007@12,outer_race,7 mil,DE,DE,DE,CWRU_DE_6205,DE,12000,1.0,0.5,24000,36000,1773.0,1hp,12
cwru_native12.load.v1,1,CWRU,train,n12L:CWRU:cwru_n12_DE_158:DE:train:30000-42000,cwrun12_DE_OR007,DE_OR007,cwru_n12_DE_158,data/raw/outer_race/OR007@12_1_DE12k.mat,X158_DE_time,9ca1d5954e2ab970d3e8e87d069a1a468151f177071b4b7dc6f9ca1acfd0dfcd,158,OR007@12,outer_race,7 mil,DE,DE,DE,CWRU_DE_6205,DE,12000,1.0,0.5,30000,42000,1773.0,1hp,12
cwru_native12.load.v1,1,CWRU,train,n12L:CWRU:cwru_n12_DE_158:DE:train:36000-48000,cwrun12_DE_OR007,DE_OR007,cwru_n12_DE_158,data/raw/outer_race/OR007@12_1_DE12k.mat,X158_DE_time,9ca1d5954e2ab970d3e8e87d069a1a468151f177071b4b7dc6f9ca1acfd0dfcd,158,OR007@12,outer_race,7 mil,DE,DE,DE,CWRU_DE_6205,DE,12000,1.0,0.5,36000,48000,1773.0,1hp,12
cwru_native12.load.v1,1,CWRU,train,n12L:CWRU:cwru_n12_DE_158:DE:train:42000-54000,cwrun12_DE_OR007,DE_OR007,cwru_n12_DE_158,data/raw/outer_race/OR007@12_1_DE12k.mat,X158_DE_time,9ca1d5954e2ab970d3e8e87d069a1a468151f177071b4b7dc6f9ca1acfd0dfcd,158,OR007@12,outer_race,7 mil,DE,DE,DE,CWRU_DE_6205,DE,12000,1.0,0.5,42000,54000,1773.0,1hp,12
cwru_native12.load.v1,1,CWRU,train,n12L:CWRU:cwru_n12_DE_158:DE:train:48000-60000,cwrun12_DE_OR007,DE_OR007,cwru_n12_DE_158,data/raw/outer_race/OR007@12_1_DE12k.mat,X158_DE_time,9ca1d5954e2ab970d3e8e87d069a1a468151f177071b4b7dc6f9ca1acfd0dfcd,158,OR007@12,outer_race,7 mil,DE,DE,DE,CWRU_DE_6205,DE,12000,1.0,0.5,48000,60000,1773.0,1hp,12
cwru_native12.load.v1,1,CWRU,train,n12L:CWRU:cwru_n12_DE_158:DE:train:54000-66000,cwrun12_DE_OR007,DE_OR007,cwru_n12_DE_158,data/raw/outer_race/OR007@12_1_DE12k.mat,X158_DE_time,9ca1d5954e2ab970d3e8e87d069a1a468151f177071b4b7dc6f9ca1acfd0dfcd,158,OR007@12,outer_race,7 mil,DE,DE,DE,CWRU_DE_6205,DE,12000,1.0,0.5,54000,66000,1773.0,1hp,12
cwru_native12.load.v1,1,CWRU,train,n12L:CWRU:cwru_n12_DE_158:DE:train:60000-72000,cwrun12_DE_OR007,DE_OR007,cwru_n12_DE_158,data/raw/outer_race/OR007@12_1_DE12k.mat,X158_DE_time,9ca1d5954e2ab970d3e8e87d069a1a468151f177071b4b7dc6f9ca1acfd0dfcd,158,OR007@12,outer_race,7 mil,DE,DE,DE,CWRU_DE_6205,DE,12000,1.0,0.5,60000,72000,1773.0,1hp,12
cwru_native12.load.v1,1,CWRU,train,n12L:CWRU:cwru_n12_DE_158:DE:train:66000-78000,cwrun12_DE_OR007,DE_OR007,cwru_n12_DE_158,data/raw/outer_race/OR007@12_1_DE12k.mat,X158_DE_time,9ca1d5954e2ab970d3e8e87d069a1a468151f177071b4b7dc6f9ca1acfd0dfcd,158,OR007@12,outer_race,7 mil,DE,DE,DE,CWRU_DE_6205,DE,12000,1.0,0.5,66000,78000,1773.0,1hp,12
cwru_native12.load.v1,1,CWRU,train,n12L:CWRU:cwru_n12_DE_158:DE:train:72000-84000,cwrun12_DE_OR007,DE_OR007,cwru_n12_DE_158,data/raw/outer_race/OR007@12_1_DE12k.mat,X158_DE_time,9ca1d5954e2ab970d3e8e87d069a1a468151f177071b4b7dc6f9ca1acfd0dfcd,158,OR007@12,outer_race,7 mil,DE,DE,DE,CWRU_DE_6205,DE,12000,1.0,0.5,72000,84000,1773.0,1hp,12
cwru_native12.load.v1,1,CWRU,train,n12L:CWRU:cwru_n12_DE_158:DE:train:78000-90000,cwrun12_DE_OR007,DE_OR007,cwru_n12_DE_158,data/raw/outer_race/OR007@12_1_DE12k.mat,X158_DE_time,9ca1d5954e2ab970d3e8e87d069a1a468151f177071b4b7dc6f9ca1acfd0dfcd,158,OR007@12,outer_race,7 mil,DE,DE,DE,CWRU_DE_6205,DE,12000,1.0,0.5,78000,90000,1773.0,1hp,12
cwru_native12.load.v1,1,CWRU,train,n12L:CWRU:cwru_n12_DE_158:DE:train:84000-96000,cwrun12_DE_OR007,DE_OR007,cwru_n12_DE_158,data/raw/outer_race/OR007@12_1_DE12k.mat,X158_DE_time,9ca1d5954e2ab970d3e8e87d069a1a468151f177071b4b7dc6f9ca1acfd0dfcd,158,OR007@12,outer_race,7 mil,DE,DE,DE,CWRU_DE_6205,DE,12000,1.0,0.5,84000,96000,1773.0,1hp,12
cwru_native12.load.v1,1,CWRU,train,n12L:CWRU:cwru_n12_DE_158:DE:train:90000-102000,cwrun12_DE_OR007,DE_OR007,cwru_n12_DE_158,data/raw/outer_race/OR007@12_1_DE12k.mat,X158_DE_time,9ca1d5954e2ab970d3e8e87d069a1a468151f177071b4b7dc6f9ca1acfd0dfcd,158,OR007@12,outer_race,7 mil,DE,DE,DE,CWRU_DE_6205,DE,12000,1.0,0.5,90000,102000,1773.0,1hp,12
cwru_native12.load.v1,1,CWRU,train,n12L:CWRU:cwru_n12_DE_158:DE:train:96000-108000,cwrun12_DE_OR007,DE_OR007,cwru_n12_DE_158,data/raw/outer_race/OR007@12_1_DE12k.mat,X158_DE_time,9ca1d5954e2ab970d3e8e87d069a1a468151f177071b4b7dc6f9ca1acfd0dfcd,158,OR007@12,outer_race,7 mil,DE,DE,DE,CWRU_DE_6205,DE,12000,1.0,0.5,96000,108000,1773.0,1hp,12
cwru_native12.load.v1,1,CWRU,train,n12L:CWRU:cwru_n12_DE_158:DE:train:102000-114000,cwrun12_DE_OR007,DE_OR007,cwru_n12_DE_158,data/raw/outer_race/OR007@12_1_DE12k.mat,X158_DE_time,9ca1d5954e2ab970d3e8e87d069a1a468151f177071b4b7dc6f9ca1acfd0dfcd,158,OR007@12,outer_race,7 mil,DE,DE,DE,CWRU_DE_6205,DE,12000,1.0,0.5,102000,114000,1773.0,1hp,12
cwru_native12.load.v1,1,CWRU,train,n12L:CWRU:cwru_n12_DE_158:DE:train:108000-120000,cwrun12_DE_OR007,DE_OR007,cwru_n12_DE_158,data/raw/outer_race/OR007@12_1_DE12k.mat,X158_DE_time,9ca1d5954e2ab970d3e8e87d069a1a468151f177071b4b7dc6f9ca1acfd0dfcd,158,OR007@12,outer_race,7 mil,DE,DE,DE,CWRU_DE_6205,DE,12000,1.0,0.5,108000,120000,1773.0,1hp,12
cwru_native12.load.v1,1,CWRU,validation,n12L:CWRU:cwru_n12_DE_159:DE:validation:0-12000,cwrun12_DE_OR007,DE_OR007,cwru_n12_DE_159,data/raw/outer_race/OR007@12_2_DE12k.mat,X159_DE_time,a0544e211cda781e06c70a29fbbc34ff871625dd9929917cfb5367b8bc59d236,159,OR007@12,outer_race,7 mil,DE,DE,DE,CWRU_DE_6205,DE,12000,1.0,1.0,0,12000,1750.0,2hp,12
cwru_native12.load.v1,1,CWRU,validation,n12L:CWRU:cwru_n12_DE_159:DE:validation:12000-24000,cwrun12_DE_OR007,DE_OR007,cwru_n12_DE_159,data/raw/outer_race/OR007@12_2_DE12k.mat,X159_DE_time,a0544e211cda781e06c70a29fbbc34ff871625dd9929917cfb5367b8bc59d236,159,OR007@12,outer_race,7 mil,DE,DE,DE,CWRU_DE_6205,DE,12000,1.0,1.0,12000,24000,1750.0,2hp,12
cwru_native12.load.v1,1,CWRU,validation,n12L:CWRU:cwru_n12_DE_159:DE:validation:24000-36000,cwrun12_DE_OR007,DE_OR007,cwru_n12_DE_159,data/raw/outer_race/OR007@12_2_DE12k.mat,X159_DE_time,a0544e211cda781e06c70a29fbbc34ff871625dd9929917cfb5367b8bc59d236,159,OR007@12,outer_race,7 mil,DE,DE,DE,CWRU_DE_6205,DE,12000,1.0,1.0,24000,36000,1750.0,2hp,12
cwru_native12.load.v1,1,CWRU,validation,n12L:CWRU:cwru_n12_DE_159:DE:validation:36000-48000,cwrun12_DE_OR007,DE_OR007,cwru_n12_DE_159,data/raw/outer_race/OR007@12_2_DE12k.mat,X159_DE_time,a0544e211cda781e06c70a29fbbc34ff871625dd9929917cfb5367b8bc59d236,159,OR007@12,outer_race,7 mil,DE,DE,DE,CWRU_DE_6205,DE,12000,1.0,1.0,36000,48000,1750.0,2hp,12
cwru_native12.load.v1,1,CWRU,validation,n12L:CWRU:cwru_n12_DE_159:DE:validation:48000-60000,cwrun12_DE_OR007,DE_OR007,cwru_n12_DE_159,data/raw/outer_race/OR007@12_2_DE12k.mat,X159_DE_time,a0544e211cda781e06c70a29fbbc34ff871625dd9929917cfb5367b8bc59d236,159,OR007@12,outer_race,7 mil,DE,DE,DE,CWRU_DE_6205,DE,12000,1.0,1.0,48000,60000,1750.0,2hp,12
cwru_native12.load.v1,1,CWRU,validation,n12L:CWRU:cwru_n12_DE_159:DE:validation:60000-72000,cwrun12_DE_OR007,DE_OR007,cwru_n12_DE_159,data/raw/outer_race/OR007@12_2_DE12k.mat,X159_DE_time,a0544e211cda781e06c70a29fbbc34ff871625dd9929917cfb5367b8bc59d236,159,OR007@12,outer_race,7 mil,DE,DE,DE,CWRU_DE_6205,DE,12000,1.0,1.0,60000,72000,1750.0,2hp,12
cwru_native12.load.v1,1,CWRU,validation,n12L:CWRU:cwru_n12_DE_159:DE:validation:72000-84000,cwrun12_DE_OR007,DE_OR007,cwru_n12_DE_159,data/raw/outer_race/OR007@12_2_DE12k.mat,X159_DE_time,a0544e211cda781e06c70a29fbbc34ff871625dd9929917cfb5367b8bc59d236,159,OR007@12,outer_race,7 mil,DE,DE,DE,CWRU_DE_6205,DE,12000,1.0,1.0,72000,84000,1750.0,2hp,12
cwru_native12.load.v1,1,CWRU,validation,n12L:CWRU:cwru_n12_DE_159:DE:validation:84000-96000,cwrun12_DE_OR007,DE_OR007,cwru_n12_DE_159,data/raw/outer_race/OR007@12_2_DE12k.mat,X159_DE_time,a0544e211cda781e06c70a29fbbc34ff871625dd9929917cfb5367b8bc59d236,159,OR007@12,outer_race,7 mil,DE,DE,DE,CWRU_DE_6205,DE,12000,1.0,1.0,84000,96000,1750.0,2hp,12
cwru_native12.load.v1,1,CWRU,validation,n12L:CWRU:cwru_n12_DE_159:DE:validation:96000-108000,cwrun12_DE_OR007,DE_OR007,cwru_n12_DE_159,data/raw/outer_race/OR007@12_2_DE12k.mat,X159_DE_time,a0544e211cda781e06c70a29fbbc34ff871625dd9929917cfb5367b8bc59d236,159,OR007@12,outer_race,7 mil,DE,DE,DE,CWRU_DE_6205,DE,12000,1.0,1.0,96000,108000,1750.0,2hp,12
cwru_native12.load.v1,1,CWRU,validation,n12L:CWRU:cwru_n12_DE_159:DE:validation:108000-120000,cwrun12_DE_OR007,DE_OR007,cwru_n12_DE_159,data/raw/outer_race/OR007@12_2_DE12k.mat,X159_DE_time,a0544e211cda781e06c70a29fbbc34ff871625dd9929917cfb5367b8bc59d236,159,OR007@12,outer_race,7 mil,DE,DE,DE,CWRU_DE_6205,DE,12000,1.0,1.0,108000,120000,1750.0,2hp,12
cwru_native12.load.v1,1,CWRU,test,n12L:CWRU:cwru_n12_DE_160:DE:test:0-12000,cwrun12_DE_OR007,DE_OR007,cwru_n12_DE_160,data/raw/outer_race/OR007@12_3_DE12k.mat,X160_DE_time,e3385b0ba00274a35405205622b9513cbd0b2a3e62116d50adf477a1def0e8d2,160,OR007@12,outer_race,7 mil,DE,DE,DE,CWRU_DE_6205,DE,12000,1.0,1.0,0,12000,1724.0,3hp,12
cwru_native12.load.v1,1,CWRU,test,n12L:CWRU:cwru_n12_DE_160:DE:test:12000-24000,cwrun12_DE_OR007,DE_OR007,cwru_n12_DE_160,data/raw/outer_race/OR007@12_3_DE12k.mat,X160_DE_time,e3385b0ba00274a35405205622b9513cbd0b2a3e62116d50adf477a1def0e8d2,160,OR007@12,outer_race,7 mil,DE,DE,DE,CWRU_DE_6205,DE,12000,1.0,1.0,12000,24000,1724.0,3hp,12
cwru_native12.load.v1,1,CWRU,test,n12L:CWRU:cwru_n12_DE_160:DE:test:24000-36000,cwrun12_DE_OR007,DE_OR007,cwru_n12_DE_160,data/raw/outer_race/OR007@12_3_DE12k.mat,X160_DE_time,e3385b0ba00274a35405205622b9513cbd0b2a3e62116d50adf477a1def0e8d2,160,OR007@12,outer_race,7 mil,DE,DE,DE,CWRU_DE_6205,DE,12000,1.0,1.0,24000,36000,1724.0,3hp,12
cwru_native12.load.v1,1,CWRU,test,n12L:CWRU:cwru_n12_DE_160:DE:test:36000-48000,cwrun12_DE_OR007,DE_OR007,cwru_n12_DE_160,data/raw/outer_race/OR007@12_3_DE12k.mat,X160_DE_time,e3385b0ba00274a35405205622b9513cbd0b2a3e62116d50adf477a1def0e8d2,160,OR007@12,outer_race,7 mil,DE,DE,DE,CWRU_DE_6205,DE,12000,1.0,1.0,36000,48000,1724.0,3hp,12
cwru_native12.load.v1,1,CWRU,test,n12L:CWRU:cwru_n12_DE_160:DE:test:48000-60000,cwrun12_DE_OR007,DE_OR007,cwru_n12_DE_160,data/raw/outer_race/OR007@12_3_DE12k.mat,X160_DE_time,e3385b0ba00274a35405205622b9513cbd0b2a3e62116d50adf477a1def0e8d2,160,OR007@12,outer_race,7 mil,DE,DE,DE,CWRU_DE_6205,DE,12000,1.0,1.0,48000,60000,1724.0,3hp,12
cwru_native12.load.v1,1,CWRU,test,n12L:CWRU:cwru_n12_DE_160:DE:test:60000-72000,cwrun12_DE_OR007,DE_OR007,cwru_n12_DE_160,data/raw/outer_race/OR007@12_3_DE12k.mat,X160_DE_time,e3385b0ba00274a35405205622b9513cbd0b2a3e62116d50adf477a1def0e8d2,160,OR007@12,outer_race,7 mil,DE,DE,DE,CWRU_DE_6205,DE,12000,1.0,1.0,60000,72000,1724.0,3hp,12
cwru_native12.load.v1,1,CWRU,test,n12L:CWRU:cwru_n12_DE_160:DE:test:72000-84000,cwrun12_DE_OR007,DE_OR007,cwru_n12_DE_160,data/raw/outer_race/OR007@12_3_DE12k.mat,X160_DE_time,e3385b0ba00274a35405205622b9513cbd0b2a3e62116d50adf477a1def0e8d2,160,OR007@12,outer_race,7 mil,DE,DE,DE,CWRU_DE_6205,DE,12000,1.0,1.0,72000,84000,1724.0,3hp,12
cwru_native12.load.v1,1,CWRU,test,n12L:CWRU:cwru_n12_DE_160:DE:test:84000-96000,cwrun12_DE_OR007,DE_OR007,cwru_n12_DE_160,data/raw/outer_race/OR007@12_3_DE12k.mat,X160_DE_time,e3385b0ba00274a35405205622b9513cbd0b2a3e62116d50adf477a1def0e8d2,160,OR007@12,outer_race,7 mil,DE,DE,DE,CWRU_DE_6205,DE,12000,1.0,1.0,84000,96000,1724.0,3hp,12
cwru_native12.load.v1,1,CWRU,test,n12L:CWRU:cwru_n12_DE_160:DE:test:96000-108000,cwrun12_DE_OR007,DE_OR007,cwru_n12_DE_160,data/raw/outer_race/OR007@12_3_DE12k.mat,X160_DE_time,e3385b0ba00274a35405205622b9513cbd0b2a3e62116d50adf477a1def0e8d2,160,OR007@12,outer_race,7 mil,DE,DE,DE,CWRU_DE_6205,DE,12000,1.0,1.0,96000,108000,1724.0,3hp,12
cwru_native12.load.v1,1,CWRU,test,n12L:CWRU:cwru_n12_DE_160:DE:test:108000-120000,cwrun12_DE_OR007,DE_OR007,cwru_n12_DE_160,data/raw/outer_race/OR007@12_3_DE12k.mat,X160_DE_time,e3385b0ba00274a35405205622b9513cbd0b2a3e62116d50adf477a1def0e8d2,160,OR007@12,outer_race,7 mil,DE,DE,DE,CWRU_DE_6205,DE,12000,1.0,1.0,108000,120000,1724.0,3hp,12
cwru_native12.load.v1,1,CWRU,train,n12L:CWRU:cwru_n12_DE_144:DE:train:0-12000,cwrun12_DE_OR007,DE_OR007,cwru_n12_DE_144,data/raw/outer_race/OR007@3_0_DE12k.mat,X144_DE_time,f1f51d8c3b66e90fcdd8de15be95c2d4d3e9bac018dbba57f3006e930eec6b22,144,OR007@3,outer_race,7 mil,DE,DE,DE,CWRU_DE_6205,DE,12000,1.0,0.5,0,12000,1797.0,0hp,3
cwru_native12.load.v1,1,CWRU,train,n12L:CWRU:cwru_n12_DE_144:DE:train:6000-18000,cwrun12_DE_OR007,DE_OR007,cwru_n12_DE_144,data/raw/outer_race/OR007@3_0_DE12k.mat,X144_DE_time,f1f51d8c3b66e90fcdd8de15be95c2d4d3e9bac018dbba57f3006e930eec6b22,144,OR007@3,outer_race,7 mil,DE,DE,DE,CWRU_DE_6205,DE,12000,1.0,0.5,6000,18000,1797.0,0hp,3
cwru_native12.load.v1,1,CWRU,train,n12L:CWRU:cwru_n12_DE_144:DE:train:12000-24000,cwrun12_DE_OR007,DE_OR007,cwru_n12_DE_144,data/raw/outer_race/OR007@3_0_DE12k.mat,X144_DE_time,f1f51d8c3b66e90fcdd8de15be95c2d4d3e9bac018dbba57f3006e930eec6b22,144,OR007@3,outer_race,7 mil,DE,DE,DE,CWRU_DE_6205,DE,12000,1.0,0.5,12000,24000,1797.0,0hp,3
cwru_native12.load.v1,1,CWRU,train,n12L:CWRU:cwru_n12_DE_144:DE:train:18000-30000,cwrun12_DE_OR007,DE_OR007,cwru_n12_DE_144,data/raw/outer_race/OR007@3_0_DE12k.mat,X144_DE_time,f1f51d8c3b66e90fcdd8de15be95c2d4d3e9bac018dbba57f3006e930eec6b22,144,OR007@3,outer_race,7 mil,DE,DE,DE,CWRU_DE_6205,DE,12000,1.0,0.5,18000,30000,1797.0,0hp,3
cwru_native12.load.v1,1,CWRU,train,n12L:CWRU:cwru_n12_DE_144:DE:train:24000-36000,cwrun12_DE_OR007,DE_OR007,cwru_n12_DE_144,data/raw/outer_race/OR007@3_0_DE12k.mat,X144_DE_time,f1f51d8c3b66e90fcdd8de15be95c2d4d3e9bac018dbba57f3006e930eec6b22,144,OR007@3,outer_race,7 mil,DE,DE,DE,CWRU_DE_6205,DE,12000,1.0,0.5,24000,36000,1797.0,0hp,3
cwru_native12.load.v1,1,CWRU,train,n12L:CWRU:cwru_n12_DE_144:DE:train:30000-42000,cwrun12_DE_OR007,DE_OR007,cwru_n12_DE_144,data/raw/outer_race/OR007@3_0_DE12k.mat,X144_DE_time,f1f51d8c3b66e90fcdd8de15be95c2d4d3e9bac018dbba57f3006e930eec6b22,144,OR007@3,outer_race,7 mil,DE,DE,DE,CWRU_DE_6205,DE,12000,1.0,0.5,30000,42000,1797.0,0hp,3
cwru_native12.load.v1,1,CWRU,train,n12L:CWRU:cwru_n12_DE_144:DE:train:36000-48000,cwrun12_DE_OR007,DE_OR007,cwru_n12_DE_144,data/raw/outer_race/OR007@3_0_DE12k.mat,X144_DE_time,f1f51d8c3b66e90fcdd8de15be95c2d4d3e9bac018dbba57f3006e930eec6b22,144,OR007@3,outer_race,7 mil,DE,DE,DE,CWRU_DE_6205,DE,12000,1.0,0.5,36000,48000,1797.0,0hp,3
cwru_native12.load.v1,1,CWRU,train,n12L:CWRU:cwru_n12_DE_144:DE:train:42000-54000,cwrun12_DE_OR007,DE_OR007,cwru_n12_DE_144,data/raw/outer_race/OR007@3_0_DE12k.mat,X144_DE_time,f1f51d8c3b66e90fcdd8de15be95c2d4d3e9bac018dbba57f3006e930eec6b22,144,OR007@3,outer_race,7 mil,DE,DE,DE,CWRU_DE_6205,DE,12000,1.0,0.5,42000,54000,1797.0,0hp,3
cwru_native12.load.v1,1,CWRU,train,n12L:CWRU:cwru_n12_DE_144:DE:train:48000-60000,cwrun12_DE_OR007,DE_OR007,cwru_n12_DE_144,data/raw/outer_race/OR007@3_0_DE12k.mat,X144_DE_time,f1f51d8c3b66e90fcdd8de15be95c2d4d3e9bac018dbba57f3006e930eec6b22,144,OR007@3,outer_race,7 mil,DE,DE,DE,CWRU_DE_6205,DE,12000,1.0,0.5,48000,60000,1797.0,0hp,3
cwru_native12.load.v1,1,CWRU,train,n12L:CWRU:cwru_n12_DE_144:DE:train:54000-66000,cwrun12_DE_OR007,DE_OR007,cwru_n12_DE_144,data/raw/outer_race/OR007@3_0_DE12k.mat,X144_DE_time,f1f51d8c3b66e90fcdd8de15be95c2d4d3e9bac018dbba57f3006e930eec6b22,144,OR007@3,outer_race,7 mil,DE,DE,DE,CWRU_DE_6205,DE,12000,1.0,0.5,54000,66000,1797.0,0hp,3
cwru_native12.load.v1,1,CWRU,train,n12L:CWRU:cwru_n12_DE_144:DE:train:60000-72000,cwrun12_DE_OR007,DE_OR007,cwru_n12_DE_144,data/raw/outer_race/OR007@3_0_DE12k.mat,X144_DE_time,f1f51d8c3b66e90fcdd8de15be95c2d4d3e9bac018dbba57f3006e930eec6b22,144,OR007@3,outer_race,7 mil,DE,DE,DE,CWRU_DE_6205,DE,12000,1.0,0.5,60000,72000,1797.0,0hp,3
cwru_native12.load.v1,1,CWRU,train,n12L:CWRU:cwru_n12_DE_144:DE:train:66000-78000,cwrun12_DE_OR007,DE_OR007,cwru_n12_DE_144,data/raw/outer_race/OR007@3_0_DE12k.mat,X144_DE_time,f1f51d8c3b66e90fcdd8de15be95c2d4d3e9bac018dbba57f3006e930eec6b22,144,OR007@3,outer_race,7 mil,DE,DE,DE,CWRU_DE_6205,DE,12000,1.0,0.5,66000,78000,1797.0,0hp,3
cwru_native12.load.v1,1,CWRU,train,n12L:CWRU:cwru_n12_DE_144:DE:train:72000-84000,cwrun12_DE_OR007,DE_OR007,cwru_n12_DE_144,data/raw/outer_race/OR007@3_0_DE12k.mat,X144_DE_time,f1f51d8c3b66e90fcdd8de15be95c2d4d3e9bac018dbba57f3006e930eec6b22,144,OR007@3,outer_race,7 mil,DE,DE,DE,CWRU_DE_6205,DE,12000,1.0,0.5,72000,84000,1797.0,0hp,3
cwru_native12.load.v1,1,CWRU,train,n12L:CWRU:cwru_n12_DE_144:DE:train:78000-90000,cwrun12_DE_OR007,DE_OR007,cwru_n12_DE_144,data/raw/outer_race/OR007@3_0_DE12k.mat,X144_DE_time,f1f51d8c3b66e90fcdd8de15be95c2d4d3e9bac018dbba57f3006e930eec6b22,144,OR007@3,outer_race,7 mil,DE,DE,DE,CWRU_DE_6205,DE,12000,1.0,0.5,78000,90000,1797.0,0hp,3
cwru_native12.load.v1,1,CWRU,train,n12L:CWRU:cwru_n12_DE_144:DE:train:84000-96000,cwrun12_DE_OR007,DE_OR007,cwru_n12_DE_144,data/raw/outer_race/OR007@3_0_DE12k.mat,X144_DE_time,f1f51d8c3b66e90fcdd8de15be95c2d4d3e9bac018dbba57f3006e930eec6b22,144,OR007@3,outer_race,7 mil,DE,DE,DE,CWRU_DE_6205,DE,12000,1.0,0.5,84000,96000,1797.0,0hp,3
cwru_native12.load.v1,1,CWRU,train,n12L:CWRU:cwru_n12_DE_144:DE:train:90000-102000,cwrun12_DE_OR007,DE_OR007,cwru_n12_DE_144,data/raw/outer_race/OR007@3_0_DE12k.mat,X144_DE_time,f1f51d8c3b66e90fcdd8de15be95c2d4d3e9bac018dbba57f3006e930eec6b22,144,OR007@3,outer_race,7 mil,DE,DE,DE,CWRU_DE_6205,DE,12000,1.0,0.5,90000,102000,1797.0,0hp,3
cwru_native12.load.v1,1,CWRU,train,n12L:CWRU:cwru_n12_DE_144:DE:train:96000-108000,cwrun12_DE_OR007,DE_OR007,cwru_n12_DE_144,data/raw/outer_race/OR007@3_0_DE12k.mat,X144_DE_time,f1f51d8c3b66e90fcdd8de15be95c2d4d3e9bac018dbba57f3006e930eec6b22,144,OR007@3,outer_race,7 mil,DE,DE,DE,CWRU_DE_6205,DE,12000,1.0,0.5,96000,108000,1797.0,0hp,3
cwru_native12.load.v1,1,CWRU,train,n12L:CWRU:cwru_n12_DE_144:DE:train:102000-114000,cwrun12_DE_OR007,DE_OR007,cwru_n12_DE_144,data/raw/outer_race/OR007@3_0_DE12k.mat,X144_DE_time,f1f51d8c3b66e90fcdd8de15be95c2d4d3e9bac018dbba57f3006e930eec6b22,144,OR007@3,outer_race,7 mil,DE,DE,DE,CWRU_DE_6205,DE,12000,1.0,0.5,102000,114000,1797.0,0hp,3
cwru_native12.load.v1,1,CWRU,train,n12L:CWRU:cwru_n12_DE_144:DE:train:108000-120000,cwrun12_DE_OR007,DE_OR007,cwru_n12_DE_144,data/raw/outer_race/OR007@3_0_DE12k.mat,X144_DE_time,f1f51d8c3b66e90fcdd8de15be95c2d4d3e9bac018dbba57f3006e930eec6b22,144,OR007@3,outer_race,7 mil,DE,DE,DE,CWRU_DE_6205,DE,12000,1.0,0.5,108000,120000,1797.0,0hp,3
cwru_native12.load.v1,1,CWRU,train,n12L:CWRU:cwru_n12_DE_145:DE:train:0-12000,cwrun12_DE_OR007,DE_OR007,cwru_n12_DE_145,data/raw/outer_race/OR007@3_1_DE12k.mat,X145_DE_time,2ea3b3e021ec0024a6b85573035e4ca76856180c875fed7740a2ee7216ad84a2,145,OR007@3,outer_race,7 mil,DE,DE,DE,CWRU_DE_6205,DE,12000,1.0,0.5,0,12000,1774.0,1hp,3
cwru_native12.load.v1,1,CWRU,train,n12L:CWRU:cwru_n12_DE_145:DE:train:6000-18000,cwrun12_DE_OR007,DE_OR007,cwru_n12_DE_145,data/raw/outer_race/OR007@3_1_DE12k.mat,X145_DE_time,2ea3b3e021ec0024a6b85573035e4ca76856180c875fed7740a2ee7216ad84a2,145,OR007@3,outer_race,7 mil,DE,DE,DE,CWRU_DE_6205,DE,12000,1.0,0.5,6000,18000,1774.0,1hp,3
cwru_native12.load.v1,1,CWRU,train,n12L:CWRU:cwru_n12_DE_145:DE:train:12000-24000,cwrun12_DE_OR007,DE_OR007,cwru_n12_DE_145,data/raw/outer_race/OR007@3_1_DE12k.mat,X145_DE_time,2ea3b3e021ec0024a6b85573035e4ca76856180c875fed7740a2ee7216ad84a2,145,OR007@3,outer_race,7 mil,DE,DE,DE,CWRU_DE_6205,DE,12000,1.0,0.5,12000,24000,1774.0,1hp,3
cwru_native12.load.v1,1,CWRU,train,n12L:CWRU:cwru_n12_DE_145:DE:train:18000-30000,cwrun12_DE_OR007,DE_OR007,cwru_n12_DE_145,data/raw/outer_race/OR007@3_1_DE12k.mat,X145_DE_time,2ea3b3e021ec0024a6b85573035e4ca76856180c875fed7740a2ee7216ad84a2,145,OR007@3,outer_race,7 mil,DE,DE,DE,CWRU_DE_6205,DE,12000,1.0,0.5,18000,30000,1774.0,1hp,3
cwru_native12.load.v1,1,CWRU,train,n12L:CWRU:cwru_n12_DE_145:DE:train:24000-36000,cwrun12_DE_OR007,DE_OR007,cwru_n12_DE_145,data/raw/outer_race/OR007@3_1_DE12k.mat,X145_DE_time,2ea3b3e021ec0024a6b85573035e4ca76856180c875fed7740a2ee7216ad84a2,145,OR007@3,outer_race,7 mil,DE,DE,DE,CWRU_DE_6205,DE,12000,1.0,0.5,24000,36000,1774.0,1hp,3
cwru_native12.load.v1,1,CWRU,train,n12L:CWRU:cwru_n12_DE_145:DE:train:30000-42000,cwrun12_DE_OR007,DE_OR007,cwru_n12_DE_145,data/raw/outer_race/OR007@3_1_DE12k.mat,X145_DE_time,2ea3b3e021ec0024a6b85573035e4ca76856180c875fed7740a2ee7216ad84a2,145,OR007@3,outer_race,7 mil,DE,DE,DE,CWRU_DE_6205,DE,12000,1.0,0.5,30000,42000,1774.0,1hp,3
cwru_native12.load.v1,1,CWRU,train,n12L:CWRU:cwru_n12_DE_145:DE:train:36000-48000,cwrun12_DE_OR007,DE_OR007,cwru_n12_DE_145,data/raw/outer_race/OR007@3_1_DE12k.mat,X145_DE_time,2ea3b3e021ec0024a6b85573035e4ca76856180c875fed7740a2ee7216ad84a2,145,OR007@3,outer_race,7 mil,DE,DE,DE,CWRU_DE_6205,DE,12000,1.0,0.5,36000,48000,1774.0,1hp,3
cwru_native12.load.v1,1,CWRU,train,n12L:CWRU:cwru_n12_DE_145:DE:train:42000-54000,cwrun12_DE_OR007,DE_OR007,cwru_n12_DE_145,data/raw/outer_race/OR007@3_1_DE12k.mat,X145_DE_time,2ea3b3e021ec0024a6b85573035e4ca76856180c875fed7740a2ee7216ad84a2,145,OR007@3,outer_race,7 mil,DE,DE,DE,CWRU_DE_6205,DE,12000,1.0,0.5,42000,54000,1774.0,1hp,3
cwru_native12.load.v1,1,CWRU,train,n12L:CWRU:cwru_n12_DE_145:DE:train:48000-60000,cwrun12_DE_OR007,DE_OR007,cwru_n12_DE_145,data/raw/outer_race/OR007@3_1_DE12k.mat,X145_DE_time,2ea3b3e021ec0024a6b85573035e4ca76856180c875fed7740a2ee7216ad84a2,145,OR007@3,outer_race,7 mil,DE,DE,DE,CWRU_DE_6205,DE,12000,1.0,0.5,48000,60000,1774.0,1hp,3
cwru_native12.load.v1,1,CWRU,train,n12L:CWRU:cwru_n12_DE_145:DE:train:54000-66000,cwrun12_DE_OR007,DE_OR007,cwru_n12_DE_145,data/raw/outer_race/OR007@3_1_DE12k.mat,X145_DE_time,2ea3b3e021ec0024a6b85573035e4ca76856180c875fed7740a2ee7216ad84a2,145,OR007@3,outer_race,7 mil,DE,DE,DE,CWRU_DE_6205,DE,12000,1.0,0.5,54000,66000,1774.0,1hp,3
cwru_native12.load.v1,1,CWRU,train,n12L:CWRU:cwru_n12_DE_145:DE:train:60000-72000,cwrun12_DE_OR007,DE_OR007,cwru_n12_DE_145,data/raw/outer_race/OR007@3_1_DE12k.mat,X145_DE_time,2ea3b3e021ec0024a6b85573035e4ca76856180c875fed7740a2ee7216ad84a2,145,OR007@3,outer_race,7 mil,DE,DE,DE,CWRU_DE_6205,DE,12000,1.0,0.5,60000,72000,1774.0,1hp,3
cwru_native12.load.v1,1,CWRU,train,n12L:CWRU:cwru_n12_DE_145:DE:train:66000-78000,cwrun12_DE_OR007,DE_OR007,cwru_n12_DE_145,data/raw/outer_race/OR007@3_1_DE12k.mat,X145_DE_time,2ea3b3e021ec0024a6b85573035e4ca76856180c875fed7740a2ee7216ad84a2,145,OR007@3,outer_race,7 mil,DE,DE,DE,CWRU_DE_6205,DE,12000,1.0,0.5,66000,78000,1774.0,1hp,3
cwru_native12.load.v1,1,CWRU,train,n12L:CWRU:cwru_n12_DE_145:DE:train:72000-84000,cwrun12_DE_OR007,DE_OR007,cwru_n12_DE_145,data/raw/outer_race/OR007@3_1_DE12k.mat,X145_DE_time,2ea3b3e021ec0024a6b85573035e4ca76856180c875fed7740a2ee7216ad84a2,145,OR007@3,outer_race,7 mil,DE,DE,DE,CWRU_DE_6205,DE,12000,1.0,0.5,72000,84000,1774.0,1hp,3
cwru_native12.load.v1,1,CWRU,train,n12L:CWRU:cwru_n12_DE_145:DE:train:78000-90000,cwrun12_DE_OR007,DE_OR007,cwru_n12_DE_145,data/raw/outer_race/OR007@3_1_DE12k.mat,X145_DE_time,2ea3b3e021ec0024a6b85573035e4ca76856180c875fed7740a2ee7216ad84a2,145,OR007@3,outer_race,7 mil,DE,DE,DE,CWRU_DE_6205,DE,12000,1.0,0.5,78000,90000,1774.0,1hp,3
cwru_native12.load.v1,1,CWRU,train,n12L:CWRU:cwru_n12_DE_145:DE:train:84000-96000,cwrun12_DE_OR007,DE_OR007,cwru_n12_DE_145,data/raw/outer_race/OR007@3_1_DE12k.mat,X145_DE_time,2ea3b3e021ec0024a6b85573035e4ca76856180c875fed7740a2ee7216ad84a2,145,OR007@3,outer_race,7 mil,DE,DE,DE,CWRU_DE_6205,DE,12000,1.0,0.5,84000,96000,1774.0,1hp,3
cwru_native12.load.v1,1,CWRU,train,n12L:CWRU:cwru_n12_DE_145:DE:train:90000-102000,cwrun12_DE_OR007,DE_OR007,cwru_n12_DE_145,data/raw/outer_race/OR007@3_1_DE12k.mat,X145_DE_time,2ea3b3e021ec0024a6b85573035e4ca76856180c875fed7740a2ee7216ad84a2,145,OR007@3,outer_race,7 mil,DE,DE,DE,CWRU_DE_6205,DE,12000,1.0,0.5,90000,102000,1774.0,1hp,3
cwru_native12.load.v1,1,CWRU,train,n12L:CWRU:cwru_n12_DE_145:DE:train:96000-108000,cwrun12_DE_OR007,DE_OR007,cwru_n12_DE_145,data/raw/outer_race/OR007@3_1_DE12k.mat,X145_DE_time,2ea3b3e021ec0024a6b85573035e4ca76856180c875fed7740a2ee7216ad84a2,145,OR007@3,outer_race,7 mil,DE,DE,DE,CWRU_DE_6205,DE,12000,1.0,0.5,96000,108000,1774.0,1hp,3
cwru_native12.load.v1,1,CWRU,train,n12L:CWRU:cwru_n12_DE_145:DE:train:102000-114000,cwrun12_DE_OR007,DE_OR007,cwru_n12_DE_145,data/raw/outer_race/OR007@3_1_DE12k.mat,X145_DE_time,2ea3b3e021ec0024a6b85573035e4ca76856180c875fed7740a2ee7216ad84a2,145,OR007@3,outer_race,7 mil,DE,DE,DE,CWRU_DE_6205,DE,12000,1.0,0.5,102000,114000,1774.0,1hp,3
cwru_native12.load.v1,1,CWRU,train,n12L:CWRU:cwru_n12_DE_145:DE:train:108000-120000,cwrun12_DE_OR007,DE_OR007,cwru_n12_DE_145,data/raw/outer_race/OR007@3_1_DE12k.mat,X145_DE_time,2ea3b3e021ec0024a6b85573035e4ca76856180c875fed7740a2ee7216ad84a2,145,OR007@3,outer_race,7 mil,DE,DE,DE,CWRU_DE_6205,DE,12000,1.0,0.5,108000,120000,1774.0,1hp,3
cwru_native12.load.v1,1,CWRU,validation,n12L:CWRU:cwru_n12_DE_146:DE:validation:0-12000,cwrun12_DE_OR007,DE_OR007,cwru_n12_DE_146,data/raw/outer_race/OR007@3_2_DE12k.mat,X146_DE_time,1be984f637243ce8e0bf801a6a82b0b024abd6d0f71aa9d759330ccc898d7b7b,146,OR007@3,outer_race,7 mil,DE,DE,DE,CWRU_DE_6205,DE,12000,1.0,1.0,0,12000,1751.0,2hp,3
cwru_native12.load.v1,1,CWRU,validation,n12L:CWRU:cwru_n12_DE_146:DE:validation:12000-24000,cwrun12_DE_OR007,DE_OR007,cwru_n12_DE_146,data/raw/outer_race/OR007@3_2_DE12k.mat,X146_DE_time,1be984f637243ce8e0bf801a6a82b0b024abd6d0f71aa9d759330ccc898d7b7b,146,OR007@3,outer_race,7 mil,DE,DE,DE,CWRU_DE_6205,DE,12000,1.0,1.0,12000,24000,1751.0,2hp,3
cwru_native12.load.v1,1,CWRU,validation,n12L:CWRU:cwru_n12_DE_146:DE:validation:24000-36000,cwrun12_DE_OR007,DE_OR007,cwru_n12_DE_146,data/raw/outer_race/OR007@3_2_DE12k.mat,X146_DE_time,1be984f637243ce8e0bf801a6a82b0b024abd6d0f71aa9d759330ccc898d7b7b,146,OR007@3,outer_race,7 mil,DE,DE,DE,CWRU_DE_6205,DE,12000,1.0,1.0,24000,36000,1751.0,2hp,3
cwru_native12.load.v1,1,CWRU,validation,n12L:CWRU:cwru_n12_DE_146:DE:validation:36000-48000,cwrun12_DE_OR007,DE_OR007,cwru_n12_DE_146,data/raw/outer_race/OR007@3_2_DE12k.mat,X146_DE_time,1be984f637243ce8e0bf801a6a82b0b024abd6d0f71aa9d759330ccc898d7b7b,146,OR007@3,outer_race,7 mil,DE,DE,DE,CWRU_DE_6205,DE,12000,1.0,1.0,36000,48000,1751.0,2hp,3
cwru_native12.load.v1,1,CWRU,validation,n12L:CWRU:cwru_n12_DE_146:DE:validation:48000-60000,cwrun12_DE_OR007,DE_OR007,cwru_n12_DE_146,data/raw/outer_race/OR007@3_2_DE12k.mat,X146_DE_time,1be984f637243ce8e0bf801a6a82b0b024abd6d0f71aa9d759330ccc898d7b7b,146,OR007@3,outer_race,7 mil,DE,DE,DE,CWRU_DE_6205,DE,12000,1.0,1.0,48000,60000,1751.0,2hp,3
cwru_native12.load.v1,1,CWRU,validation,n12L:CWRU:cwru_n12_DE_146:DE:validation:60000-72000,cwrun12_DE_OR007,DE_OR007,cwru_n12_DE_146,data/raw/outer_race/OR007@3_2_DE12k.mat,X146_DE_time,1be984f637243ce8e0bf801a6a82b0b024abd6d0f71aa9d759330ccc898d7b7b,146,OR007@3,outer_race,7 mil,DE,DE,DE,CWRU_DE_6205,DE,12000,1.0,1.0,60000,72000,1751.0,2hp,3
cwru_native12.load.v1,1,CWRU,validation,n12L:CWRU:cwru_n12_DE_146:DE:validation:72000-84000,cwrun12_DE_OR007,DE_OR007,cwru_n12_DE_146,data/raw/outer_race/OR007@3_2_DE12k.mat,X146_DE_time,1be984f637243ce8e0bf801a6a82b0b024abd6d0f71aa9d759330ccc898d7b7b,146,OR007@3,outer_race,7 mil,DE,DE,DE,CWRU_DE_6205,DE,12000,1.0,1.0,72000,84000,1751.0,2hp,3
cwru_native12.load.v1,1,CWRU,validation,n12L:CWRU:cwru_n12_DE_146:DE:validation:84000-96000,cwrun12_DE_OR007,DE_OR007,cwru_n12_DE_146,data/raw/outer_race/OR007@3_2_DE12k.mat,X146_DE_time,1be984f637243ce8e0bf801a6a82b0b024abd6d0f71aa9d759330ccc898d7b7b,146,OR007@3,outer_race,7 mil,DE,DE,DE,CWRU_DE_6205,DE,12000,1.0,1.0,84000,96000,1751.0,2hp,3
cwru_native12.load.v1,1,CWRU,validation,n12L:CWRU:cwru_n12_DE_146:DE:validation:96000-108000,cwrun12_DE_OR007,DE_OR007,cwru_n12_DE_146,data/raw/outer_race/OR007@3_2_DE12k.mat,X146_DE_time,1be984f637243ce8e0bf801a6a82b0b024abd6d0f71aa9d759330ccc898d7b7b,146,OR007@3,outer_race,7 mil,DE,DE,DE,CWRU_DE_6205,DE,12000,1.0,1.0,96000,108000,1751.0,2hp,3
cwru_native12.load.v1,1,CWRU,validation,n12L:CWRU:cwru_n12_DE_146:DE:validation:108000-120000,cwrun12_DE_OR007,DE_OR007,cwru_n12_DE_146,data/raw/outer_race/OR007@3_2_DE12k.mat,X146_DE_time,1be984f637243ce8e0bf801a6a82b0b024abd6d0f71aa9d759330ccc898d7b7b,146,OR007@3,outer_race,7 mil,DE,DE,DE,CWRU_DE_6205,DE,12000,1.0,1.0,108000,120000,1751.0,2hp,3
cwru_native12.load.v1,1,CWRU,test,n12L:CWRU:cwru_n12_DE_147:DE:test:0-12000,cwrun12_DE_OR007,DE_OR007,cwru_n12_DE_147,data/raw/outer_race/OR007@3_3_DE12k.mat,X147_DE_time,cb8a4440866359a664200b5cf774c567accdbf12a56a4854d137a4638cfe43fb,147,OR007@3,outer_race,7 mil,DE,DE,DE,CWRU_DE_6205,DE,12000,1.0,1.0,0,12000,1725.0,3hp,3
cwru_native12.load.v1,1,CWRU,test,n12L:CWRU:cwru_n12_DE_147:DE:test:12000-24000,cwrun12_DE_OR007,DE_OR007,cwru_n12_DE_147,data/raw/outer_race/OR007@3_3_DE12k.mat,X147_DE_time,cb8a4440866359a664200b5cf774c567accdbf12a56a4854d137a4638cfe43fb,147,OR007@3,outer_race,7 mil,DE,DE,DE,CWRU_DE_6205,DE,12000,1.0,1.0,12000,24000,1725.0,3hp,3
cwru_native12.load.v1,1,CWRU,test,n12L:CWRU:cwru_n12_DE_147:DE:test:24000-36000,cwrun12_DE_OR007,DE_OR007,cwru_n12_DE_147,data/raw/outer_race/OR007@3_3_DE12k.mat,X147_DE_time,cb8a4440866359a664200b5cf774c567accdbf12a56a4854d137a4638cfe43fb,147,OR007@3,outer_race,7 mil,DE,DE,DE,CWRU_DE_6205,DE,12000,1.0,1.0,24000,36000,1725.0,3hp,3
cwru_native12.load.v1,1,CWRU,test,n12L:CWRU:cwru_n12_DE_147:DE:test:36000-48000,cwrun12_DE_OR007,DE_OR007,cwru_n12_DE_147,data/raw/outer_race/OR007@3_3_DE12k.mat,X147_DE_time,cb8a4440866359a664200b5cf774c567accdbf12a56a4854d137a4638cfe43fb,147,OR007@3,outer_race,7 mil,DE,DE,DE,CWRU_DE_6205,DE,12000,1.0,1.0,36000,48000,1725.0,3hp,3
cwru_native12.load.v1,1,CWRU,test,n12L:CWRU:cwru_n12_DE_147:DE:test:48000-60000,cwrun12_DE_OR007,DE_OR007,cwru_n12_DE_147,data/raw/outer_race/OR007@3_3_DE12k.mat,X147_DE_time,cb8a4440866359a664200b5cf774c567accdbf12a56a4854d137a4638cfe43fb,147,OR007@3,outer_race,7 mil,DE,DE,DE,CWRU_DE_6205,DE,12000,1.0,1.0,48000,60000,1725.0,3hp,3
cwru_native12.load.v1,1,CWRU,test,n12L:CWRU:cwru_n12_DE_147:DE:test:60000-72000,cwrun12_DE_OR007,DE_OR007,cwru_n12_DE_147,data/raw/outer_race/OR007@3_3_DE12k.mat,X147_DE_time,cb8a4440866359a664200b5cf774c567accdbf12a56a4854d137a4638cfe43fb,147,OR007@3,outer_race,7 mil,DE,DE,DE,CWRU_DE_6205,DE,12000,1.0,1.0,60000,72000,1725.0,3hp,3
cwru_native12.load.v1,1,CWRU,test,n12L:CWRU:cwru_n12_DE_147:DE:test:72000-84000,cwrun12_DE_OR007,DE_OR007,cwru_n12_DE_147,data/raw/outer_race/OR007@3_3_DE12k.mat,X147_DE_time,cb8a4440866359a664200b5cf774c567accdbf12a56a4854d137a4638cfe43fb,147,OR007@3,outer_race,7 mil,DE,DE,DE,CWRU_DE_6205,DE,12000,1.0,1.0,72000,84000,1725.0,3hp,3
cwru_native12.load.v1,1,CWRU,test,n12L:CWRU:cwru_n12_DE_147:DE:test:84000-96000,cwrun12_DE_OR007,DE_OR007,cwru_n12_DE_147,data/raw/outer_race/OR007@3_3_DE12k.mat,X147_DE_time,cb8a4440866359a664200b5cf774c567accdbf12a56a4854d137a4638cfe43fb,147,OR007@3,outer_race,7 mil,DE,DE,DE,CWRU_DE_6205,DE,12000,1.0,1.0,84000,96000,1725.0,3hp,3
cwru_native12.load.v1,1,CWRU,test,n12L:CWRU:cwru_n12_DE_147:DE:test:96000-108000,cwrun12_DE_OR007,DE_OR007,cwru_n12_DE_147,data/raw/outer_race/OR007@3_3_DE12k.mat,X147_DE_time,cb8a4440866359a664200b5cf774c567accdbf12a56a4854d137a4638cfe43fb,147,OR007@3,outer_race,7 mil,DE,DE,DE,CWRU_DE_6205,DE,12000,1.0,1.0,96000,108000,1725.0,3hp,3
cwru_native12.load.v1,1,CWRU,test,n12L:CWRU:cwru_n12_DE_147:DE:test:108000-120000,cwrun12_DE_OR007,DE_OR007,cwru_n12_DE_147,data/raw/outer_race/OR007@3_3_DE12k.mat,X147_DE_time,cb8a4440866359a664200b5cf774c567accdbf12a56a4854d137a4638cfe43fb,147,OR007@3,outer_race,7 mil,DE,DE,DE,CWRU_DE_6205,DE,12000,1.0,1.0,108000,120000,1725.0,3hp,3
cwru_native12.load.v1,1,CWRU,train,n12L:CWRU:cwru_n12_DE_130:DE:train:0-12000,cwrun12_DE_OR007,DE_OR007,cwru_n12_DE_130,data/raw/outer_race/OR007@6_0_DE12k.mat,X130_DE_time,35a095307d0971477049b343a1b5981dde465a58fb7f233ad89b035068c1717d,130,OR007@6,outer_race,7 mil,DE,DE,DE,CWRU_DE_6205,DE,12000,1.0,0.5,0,12000,1796.0,0hp,6
cwru_native12.load.v1,1,CWRU,train,n12L:CWRU:cwru_n12_DE_130:DE:train:6000-18000,cwrun12_DE_OR007,DE_OR007,cwru_n12_DE_130,data/raw/outer_race/OR007@6_0_DE12k.mat,X130_DE_time,35a095307d0971477049b343a1b5981dde465a58fb7f233ad89b035068c1717d,130,OR007@6,outer_race,7 mil,DE,DE,DE,CWRU_DE_6205,DE,12000,1.0,0.5,6000,18000,1796.0,0hp,6
cwru_native12.load.v1,1,CWRU,train,n12L:CWRU:cwru_n12_DE_130:DE:train:12000-24000,cwrun12_DE_OR007,DE_OR007,cwru_n12_DE_130,data/raw/outer_race/OR007@6_0_DE12k.mat,X130_DE_time,35a095307d0971477049b343a1b5981dde465a58fb7f233ad89b035068c1717d,130,OR007@6,outer_race,7 mil,DE,DE,DE,CWRU_DE_6205,DE,12000,1.0,0.5,12000,24000,1796.0,0hp,6
cwru_native12.load.v1,1,CWRU,train,n12L:CWRU:cwru_n12_DE_130:DE:train:18000-30000,cwrun12_DE_OR007,DE_OR007,cwru_n12_DE_130,data/raw/outer_race/OR007@6_0_DE12k.mat,X130_DE_time,35a095307d0971477049b343a1b5981dde465a58fb7f233ad89b035068c1717d,130,OR007@6,outer_race,7 mil,DE,DE,DE,CWRU_DE_6205,DE,12000,1.0,0.5,18000,30000,1796.0,0hp,6
cwru_native12.load.v1,1,CWRU,train,n12L:CWRU:cwru_n12_DE_130:DE:train:24000-36000,cwrun12_DE_OR007,DE_OR007,cwru_n12_DE_130,data/raw/outer_race/OR007@6_0_DE12k.mat,X130_DE_time,35a095307d0971477049b343a1b5981dde465a58fb7f233ad89b035068c1717d,130,OR007@6,outer_race,7 mil,DE,DE,DE,CWRU_DE_6205,DE,12000,1.0,0.5,24000,36000,1796.0,0hp,6
cwru_native12.load.v1,1,CWRU,train,n12L:CWRU:cwru_n12_DE_130:DE:train:30000-42000,cwrun12_DE_OR007,DE_OR007,cwru_n12_DE_130,data/raw/outer_race/OR007@6_0_DE12k.mat,X130_DE_time,35a095307d0971477049b343a1b5981dde465a58fb7f233ad89b035068c1717d,130,OR007@6,outer_race,7 mil,DE,DE,DE,CWRU_DE_6205,DE,12000,1.0,0.5,30000,42000,1796.0,0hp,6
cwru_native12.load.v1,1,CWRU,train,n12L:CWRU:cwru_n12_DE_130:DE:train:36000-48000,cwrun12_DE_OR007,DE_OR007,cwru_n12_DE_130,data/raw/outer_race/OR007@6_0_DE12k.mat,X130_DE_time,35a095307d0971477049b343a1b5981dde465a58fb7f233ad89b035068c1717d,130,OR007@6,outer_race,7 mil,DE,DE,DE,CWRU_DE_6205,DE,12000,1.0,0.5,36000,48000,1796.0,0hp,6
cwru_native12.load.v1,1,CWRU,train,n12L:CWRU:cwru_n12_DE_130:DE:train:42000-54000,cwrun12_DE_OR007,DE_OR007,cwru_n12_DE_130,data/raw/outer_race/OR007@6_0_DE12k.mat,X130_DE_time,35a095307d0971477049b343a1b5981dde465a58fb7f233ad89b035068c1717d,130,OR007@6,outer_race,7 mil,DE,DE,DE,CWRU_DE_6205,DE,12000,1.0,0.5,42000,54000,1796.0,0hp,6
cwru_native12.load.v1,1,CWRU,train,n12L:CWRU:cwru_n12_DE_130:DE:train:48000-60000,cwrun12_DE_OR007,DE_OR007,cwru_n12_DE_130,data/raw/outer_race/OR007@6_0_DE12k.mat,X130_DE_time,35a095307d0971477049b343a1b5981dde465a58fb7f233ad89b035068c1717d,130,OR007@6,outer_race,7 mil,DE,DE,DE,CWRU_DE_6205,DE,12000,1.0,0.5,48000,60000,1796.0,0hp,6
cwru_native12.load.v1,1,CWRU,train,n12L:CWRU:cwru_n12_DE_130:DE:train:54000-66000,cwrun12_DE_OR007,DE_OR007,cwru_n12_DE_130,data/raw/outer_race/OR007@6_0_DE12k.mat,X130_DE_time,35a095307d0971477049b343a1b5981dde465a58fb7f233ad89b035068c1717d,130,OR007@6,outer_race,7 mil,DE,DE,DE,CWRU_DE_6205,DE,12000,1.0,0.5,54000,66000,1796.0,0hp,6
cwru_native12.load.v1,1,CWRU,train,n12L:CWRU:cwru_n12_DE_130:DE:train:60000-72000,cwrun12_DE_OR007,DE_OR007,cwru_n12_DE_130,data/raw/outer_race/OR007@6_0_DE12k.mat,X130_DE_time,35a095307d0971477049b343a1b5981dde465a58fb7f233ad89b035068c1717d,130,OR007@6,outer_race,7 mil,DE,DE,DE,CWRU_DE_6205,DE,12000,1.0,0.5,60000,72000,1796.0,0hp,6
cwru_native12.load.v1,1,CWRU,train,n12L:CWRU:cwru_n12_DE_130:DE:train:66000-78000,cwrun12_DE_OR007,DE_OR007,cwru_n12_DE_130,data/raw/outer_race/OR007@6_0_DE12k.mat,X130_DE_time,35a095307d0971477049b343a1b5981dde465a58fb7f233ad89b035068c1717d,130,OR007@6,outer_race,7 mil,DE,DE,DE,CWRU_DE_6205,DE,12000,1.0,0.5,66000,78000,1796.0,0hp,6
cwru_native12.load.v1,1,CWRU,train,n12L:CWRU:cwru_n12_DE_130:DE:train:72000-84000,cwrun12_DE_OR007,DE_OR007,cwru_n12_DE_130,data/raw/outer_race/OR007@6_0_DE12k.mat,X130_DE_time,35a095307d0971477049b343a1b5981dde465a58fb7f233ad89b035068c1717d,130,OR007@6,outer_race,7 mil,DE,DE,DE,CWRU_DE_6205,DE,12000,1.0,0.5,72000,84000,1796.0,0hp,6
cwru_native12.load.v1,1,CWRU,train,n12L:CWRU:cwru_n12_DE_130:DE:train:78000-90000,cwrun12_DE_OR007,DE_OR007,cwru_n12_DE_130,data/raw/outer_race/OR007@6_0_DE12k.mat,X130_DE_time,35a095307d0971477049b343a1b5981dde465a58fb7f233ad89b035068c1717d,130,OR007@6,outer_race,7 mil,DE,DE,DE,CWRU_DE_6205,DE,12000,1.0,0.5,78000,90000,1796.0,0hp,6
cwru_native12.load.v1,1,CWRU,train,n12L:CWRU:cwru_n12_DE_130:DE:train:84000-96000,cwrun12_DE_OR007,DE_OR007,cwru_n12_DE_130,data/raw/outer_race/OR007@6_0_DE12k.mat,X130_DE_time,35a095307d0971477049b343a1b5981dde465a58fb7f233ad89b035068c1717d,130,OR007@6,outer_race,7 mil,DE,DE,DE,CWRU_DE_6205,DE,12000,1.0,0.5,84000,96000,1796.0,0hp,6
cwru_native12.load.v1,1,CWRU,train,n12L:CWRU:cwru_n12_DE_130:DE:train:90000-102000,cwrun12_DE_OR007,DE_OR007,cwru_n12_DE_130,data/raw/outer_race/OR007@6_0_DE12k.mat,X130_DE_time,35a095307d0971477049b343a1b5981dde465a58fb7f233ad89b035068c1717d,130,OR007@6,outer_race,7 mil,DE,DE,DE,CWRU_DE_6205,DE,12000,1.0,0.5,90000,102000,1796.0,0hp,6
cwru_native12.load.v1,1,CWRU,train,n12L:CWRU:cwru_n12_DE_130:DE:train:96000-108000,cwrun12_DE_OR007,DE_OR007,cwru_n12_DE_130,data/raw/outer_race/OR007@6_0_DE12k.mat,X130_DE_time,35a095307d0971477049b343a1b5981dde465a58fb7f233ad89b035068c1717d,130,OR007@6,outer_race,7 mil,DE,DE,DE,CWRU_DE_6205,DE,12000,1.0,0.5,96000,108000,1796.0,0hp,6
cwru_native12.load.v1,1,CWRU,train,n12L:CWRU:cwru_n12_DE_130:DE:train:102000-114000,cwrun12_DE_OR007,DE_OR007,cwru_n12_DE_130,data/raw/outer_race/OR007@6_0_DE12k.mat,X130_DE_time,35a095307d0971477049b343a1b5981dde465a58fb7f233ad89b035068c1717d,130,OR007@6,outer_race,7 mil,DE,DE,DE,CWRU_DE_6205,DE,12000,1.0,0.5,102000,114000,1796.0,0hp,6
cwru_native12.load.v1,1,CWRU,train,n12L:CWRU:cwru_n12_DE_130:DE:train:108000-120000,cwrun12_DE_OR007,DE_OR007,cwru_n12_DE_130,data/raw/outer_race/OR007@6_0_DE12k.mat,X130_DE_time,35a095307d0971477049b343a1b5981dde465a58fb7f233ad89b035068c1717d,130,OR007@6,outer_race,7 mil,DE,DE,DE,CWRU_DE_6205,DE,12000,1.0,0.5,108000,120000,1796.0,0hp,6
cwru_native12.load.v1,1,CWRU,train,n12L:CWRU:cwru_n12_DE_131:DE:train:0-12000,cwrun12_DE_OR007,DE_OR007,cwru_n12_DE_131,data/raw/outer_race/OR007@6_1_DE12k.mat,X131_DE_time,7883f7b83beadc54b2f301767f9145ce07055707182fb0278fdf0a6bb53ce3cb,131,OR007@6,outer_race,7 mil,DE,DE,DE,CWRU_DE_6205,DE,12000,1.0,0.5,0,12000,1773.0,1hp,6
cwru_native12.load.v1,1,CWRU,train,n12L:CWRU:cwru_n12_DE_131:DE:train:6000-18000,cwrun12_DE_OR007,DE_OR007,cwru_n12_DE_131,data/raw/outer_race/OR007@6_1_DE12k.mat,X131_DE_time,7883f7b83beadc54b2f301767f9145ce07055707182fb0278fdf0a6bb53ce3cb,131,OR007@6,outer_race,7 mil,DE,DE,DE,CWRU_DE_6205,DE,12000,1.0,0.5,6000,18000,1773.0,1hp,6
cwru_native12.load.v1,1,CWRU,train,n12L:CWRU:cwru_n12_DE_131:DE:train:12000-24000,cwrun12_DE_OR007,DE_OR007,cwru_n12_DE_131,data/raw/outer_race/OR007@6_1_DE12k.mat,X131_DE_time,7883f7b83beadc54b2f301767f9145ce07055707182fb0278fdf0a6bb53ce3cb,131,OR007@6,outer_race,7 mil,DE,DE,DE,CWRU_DE_6205,DE,12000,1.0,0.5,12000,24000,1773.0,1hp,6
cwru_native12.load.v1,1,CWRU,train,n12L:CWRU:cwru_n12_DE_131:DE:train:18000-30000,cwrun12_DE_OR007,DE_OR007,cwru_n12_DE_131,data/raw/outer_race/OR007@6_1_DE12k.mat,X131_DE_time,7883f7b83beadc54b2f301767f9145ce07055707182fb0278fdf0a6bb53ce3cb,131,OR007@6,outer_race,7 mil,DE,DE,DE,CWRU_DE_6205,DE,12000,1.0,0.5,18000,30000,1773.0,1hp,6
cwru_native12.load.v1,1,CWRU,train,n12L:CWRU:cwru_n12_DE_131:DE:train:24000-36000,cwrun12_DE_OR007,DE_OR007,cwru_n12_DE_131,data/raw/outer_race/OR007@6_1_DE12k.mat,X131_DE_time,7883f7b83beadc54b2f301767f9145ce07055707182fb0278fdf0a6bb53ce3cb,131,OR007@6,outer_race,7 mil,DE,DE,DE,CWRU_DE_6205,DE,12000,1.0,0.5,24000,36000,1773.0,1hp,6
cwru_native12.load.v1,1,CWRU,train,n12L:CWRU:cwru_n12_DE_131:DE:train:30000-42000,cwrun12_DE_OR007,DE_OR007,cwru_n12_DE_131,data/raw/outer_race/OR007@6_1_DE12k.mat,X131_DE_time,7883f7b83beadc54b2f301767f9145ce07055707182fb0278fdf0a6bb53ce3cb,131,OR007@6,outer_race,7 mil,DE,DE,DE,CWRU_DE_6205,DE,12000,1.0,0.5,30000,42000,1773.0,1hp,6
cwru_native12.load.v1,1,CWRU,train,n12L:CWRU:cwru_n12_DE_131:DE:train:36000-48000,cwrun12_DE_OR007,DE_OR007,cwru_n12_DE_131,data/raw/outer_race/OR007@6_1_DE12k.mat,X131_DE_time,7883f7b83beadc54b2f301767f9145ce07055707182fb0278fdf0a6bb53ce3cb,131,OR007@6,outer_race,7 mil,DE,DE,DE,CWRU_DE_6205,DE,12000,1.0,0.5,36000,48000,1773.0,1hp,6
cwru_native12.load.v1,1,CWRU,train,n12L:CWRU:cwru_n12_DE_131:DE:train:42000-54000,cwrun12_DE_OR007,DE_OR007,cwru_n12_DE_131,data/raw/outer_race/OR007@6_1_DE12k.mat,X131_DE_time,7883f7b83beadc54b2f301767f9145ce07055707182fb0278fdf0a6bb53ce3cb,131,OR007@6,outer_race,7 mil,DE,DE,DE,CWRU_DE_6205,DE,12000,1.0,0.5,42000,54000,1773.0,1hp,6
cwru_native12.load.v1,1,CWRU,train,n12L:CWRU:cwru_n12_DE_131:DE:train:48000-60000,cwrun12_DE_OR007,DE_OR007,cwru_n12_DE_131,data/raw/outer_race/OR007@6_1_DE12k.mat,X131_DE_time,7883f7b83beadc54b2f301767f9145ce07055707182fb0278fdf0a6bb53ce3cb,131,OR007@6,outer_race,7 mil,DE,DE,DE,CWRU_DE_6205,DE,12000,1.0,0.5,48000,60000,1773.0,1hp,6
cwru_native12.load.v1,1,CWRU,train,n12L:CWRU:cwru_n12_DE_131:DE:train:54000-66000,cwrun12_DE_OR007,DE_OR007,cwru_n12_DE_131,data/raw/outer_race/OR007@6_1_DE12k.mat,X131_DE_time,7883f7b83beadc54b2f301767f9145ce07055707182fb0278fdf0a6bb53ce3cb,131,OR007@6,outer_race,7 mil,DE,DE,DE,CWRU_DE_6205,DE,12000,1.0,0.5,54000,66000,1773.0,1hp,6
cwru_native12.load.v1,1,CWRU,train,n12L:CWRU:cwru_n12_DE_131:DE:train:60000-72000,cwrun12_DE_OR007,DE_OR007,cwru_n12_DE_131,data/raw/outer_race/OR007@6_1_DE12k.mat,X131_DE_time,7883f7b83beadc54b2f301767f9145ce07055707182fb0278fdf0a6bb53ce3cb,131,OR007@6,outer_race,7 mil,DE,DE,DE,CWRU_DE_6205,DE,12000,1.0,0.5,60000,72000,1773.0,1hp,6
cwru_native12.load.v1,1,CWRU,train,n12L:CWRU:cwru_n12_DE_131:DE:train:66000-78000,cwrun12_DE_OR007,DE_OR007,cwru_n12_DE_131,data/raw/outer_race/OR007@6_1_DE12k.mat,X131_DE_time,7883f7b83beadc54b2f301767f9145ce07055707182fb0278fdf0a6bb53ce3cb,131,OR007@6,outer_race,7 mil,DE,DE,DE,CWRU_DE_6205,DE,12000,1.0,0.5,66000,78000,1773.0,1hp,6
cwru_native12.load.v1,1,CWRU,train,n12L:CWRU:cwru_n12_DE_131:DE:train:72000-84000,cwrun12_DE_OR007,DE_OR007,cwru_n12_DE_131,data/raw/outer_race/OR007@6_1_DE12k.mat,X131_DE_time,7883f7b83beadc54b2f301767f9145ce07055707182fb0278fdf0a6bb53ce3cb,131,OR007@6,outer_race,7 mil,DE,DE,DE,CWRU_DE_6205,DE,12000,1.0,0.5,72000,84000,1773.0,1hp,6
cwru_native12.load.v1,1,CWRU,train,n12L:CWRU:cwru_n12_DE_131:DE:train:78000-90000,cwrun12_DE_OR007,DE_OR007,cwru_n12_DE_131,data/raw/outer_race/OR007@6_1_DE12k.mat,X131_DE_time,7883f7b83beadc54b2f301767f9145ce07055707182fb0278fdf0a6bb53ce3cb,131,OR007@6,outer_race,7 mil,DE,DE,DE,CWRU_DE_6205,DE,12000,1.0,0.5,78000,90000,1773.0,1hp,6
cwru_native12.load.v1,1,CWRU,train,n12L:CWRU:cwru_n12_DE_131:DE:train:84000-96000,cwrun12_DE_OR007,DE_OR007,cwru_n12_DE_131,data/raw/outer_race/OR007@6_1_DE12k.mat,X131_DE_time,7883f7b83beadc54b2f301767f9145ce07055707182fb0278fdf0a6bb53ce3cb,131,OR007@6,outer_race,7 mil,DE,DE,DE,CWRU_DE_6205,DE,12000,1.0,0.5,84000,96000,1773.0,1hp,6
cwru_native12.load.v1,1,CWRU,train,n12L:CWRU:cwru_n12_DE_131:DE:train:90000-102000,cwrun12_DE_OR007,DE_OR007,cwru_n12_DE_131,data/raw/outer_race/OR007@6_1_DE12k.mat,X131_DE_time,7883f7b83beadc54b2f301767f9145ce07055707182fb0278fdf0a6bb53ce3cb,131,OR007@6,outer_race,7 mil,DE,DE,DE,CWRU_DE_6205,DE,12000,1.0,0.5,90000,102000,1773.0,1hp,6
cwru_native12.load.v1,1,CWRU,train,n12L:CWRU:cwru_n12_DE_131:DE:train:96000-108000,cwrun12_DE_OR007,DE_OR007,cwru_n12_DE_131,data/raw/outer_race/OR007@6_1_DE12k.mat,X131_DE_time,7883f7b83beadc54b2f301767f9145ce07055707182fb0278fdf0a6bb53ce3cb,131,OR007@6,outer_race,7 mil,DE,DE,DE,CWRU_DE_6205,DE,12000,1.0,0.5,96000,108000,1773.0,1hp,6
cwru_native12.load.v1,1,CWRU,train,n12L:CWRU:cwru_n12_DE_131:DE:train:102000-114000,cwrun12_DE_OR007,DE_OR007,cwru_n12_DE_131,data/raw/outer_race/OR007@6_1_DE12k.mat,X131_DE_time,7883f7b83beadc54b2f301767f9145ce07055707182fb0278fdf0a6bb53ce3cb,131,OR007@6,outer_race,7 mil,DE,DE,DE,CWRU_DE_6205,DE,12000,1.0,0.5,102000,114000,1773.0,1hp,6
cwru_native12.load.v1,1,CWRU,train,n12L:CWRU:cwru_n12_DE_131:DE:train:108000-120000,cwrun12_DE_OR007,DE_OR007,cwru_n12_DE_131,data/raw/outer_race/OR007@6_1_DE12k.mat,X131_DE_time,7883f7b83beadc54b2f301767f9145ce07055707182fb0278fdf0a6bb53ce3cb,131,OR007@6,outer_race,7 mil,DE,DE,DE,CWRU_DE_6205,DE,12000,1.0,0.5,108000,120000,1773.0,1hp,6
cwru_native12.load.v1,1,CWRU,validation,n12L:CWRU:cwru_n12_DE_132:DE:validation:0-12000,cwrun12_DE_OR007,DE_OR007,cwru_n12_DE_132,data/raw/outer_race/OR007@6_2_DE12k.mat,X132_DE_time,17a69ed5d2270b42532e678e35bbe2fa04a2cc413cf2bf9e88c7692de8662d18,132,OR007@6,outer_race,7 mil,DE,DE,DE,CWRU_DE_6205,DE,12000,1.0,1.0,0,12000,1750.0,2hp,6
cwru_native12.load.v1,1,CWRU,validation,n12L:CWRU:cwru_n12_DE_132:DE:validation:12000-24000,cwrun12_DE_OR007,DE_OR007,cwru_n12_DE_132,data/raw/outer_race/OR007@6_2_DE12k.mat,X132_DE_time,17a69ed5d2270b42532e678e35bbe2fa04a2cc413cf2bf9e88c7692de8662d18,132,OR007@6,outer_race,7 mil,DE,DE,DE,CWRU_DE_6205,DE,12000,1.0,1.0,12000,24000,1750.0,2hp,6
cwru_native12.load.v1,1,CWRU,validation,n12L:CWRU:cwru_n12_DE_132:DE:validation:24000-36000,cwrun12_DE_OR007,DE_OR007,cwru_n12_DE_132,data/raw/outer_race/OR007@6_2_DE12k.mat,X132_DE_time,17a69ed5d2270b42532e678e35bbe2fa04a2cc413cf2bf9e88c7692de8662d18,132,OR007@6,outer_race,7 mil,DE,DE,DE,CWRU_DE_6205,DE,12000,1.0,1.0,24000,36000,1750.0,2hp,6
cwru_native12.load.v1,1,CWRU,validation,n12L:CWRU:cwru_n12_DE_132:DE:validation:36000-48000,cwrun12_DE_OR007,DE_OR007,cwru_n12_DE_132,data/raw/outer_race/OR007@6_2_DE12k.mat,X132_DE_time,17a69ed5d2270b42532e678e35bbe2fa04a2cc413cf2bf9e88c7692de8662d18,132,OR007@6,outer_race,7 mil,DE,DE,DE,CWRU_DE_6205,DE,12000,1.0,1.0,36000,48000,1750.0,2hp,6
cwru_native12.load.v1,1,CWRU,validation,n12L:CWRU:cwru_n12_DE_132:DE:validation:48000-60000,cwrun12_DE_OR007,DE_OR007,cwru_n12_DE_132,data/raw/outer_race/OR007@6_2_DE12k.mat,X132_DE_time,17a69ed5d2270b42532e678e35bbe2fa04a2cc413cf2bf9e88c7692de8662d18,132,OR007@6,outer_race,7 mil,DE,DE,DE,CWRU_DE_6205,DE,12000,1.0,1.0,48000,60000,1750.0,2hp,6
cwru_native12.load.v1,1,CWRU,validation,n12L:CWRU:cwru_n12_DE_132:DE:validation:60000-72000,cwrun12_DE_OR007,DE_OR007,cwru_n12_DE_132,data/raw/outer_race/OR007@6_2_DE12k.mat,X132_DE_time,17a69ed5d2270b42532e678e35bbe2fa04a2cc413cf2bf9e88c7692de8662d18,132,OR007@6,outer_race,7 mil,DE,DE,DE,CWRU_DE_6205,DE,12000,1.0,1.0,60000,72000,1750.0,2hp,6
cwru_native12.load.v1,1,CWRU,validation,n12L:CWRU:cwru_n12_DE_132:DE:validation:72000-84000,cwrun12_DE_OR007,DE_OR007,cwru_n12_DE_132,data/raw/outer_race/OR007@6_2_DE12k.mat,X132_DE_time,17a69ed5d2270b42532e678e35bbe2fa04a2cc413cf2bf9e88c7692de8662d18,132,OR007@6,outer_race,7 mil,DE,DE,DE,CWRU_DE_6205,DE,12000,1.0,1.0,72000,84000,1750.0,2hp,6
cwru_native12.load.v1,1,CWRU,validation,n12L:CWRU:cwru_n12_DE_132:DE:validation:84000-96000,cwrun12_DE_OR007,DE_OR007,cwru_n12_DE_132,data/raw/outer_race/OR007@6_2_DE12k.mat,X132_DE_time,17a69ed5d2270b42532e678e35bbe2fa04a2cc413cf2bf9e88c7692de8662d18,132,OR007@6,outer_race,7 mil,DE,DE,DE,CWRU_DE_6205,DE,12000,1.0,1.0,84000,96000,1750.0,2hp,6
cwru_native12.load.v1,1,CWRU,validation,n12L:CWRU:cwru_n12_DE_132:DE:validation:96000-108000,cwrun12_DE_OR007,DE_OR007,cwru_n12_DE_132,data/raw/outer_race/OR007@6_2_DE12k.mat,X132_DE_time,17a69ed5d2270b42532e678e35bbe2fa04a2cc413cf2bf9e88c7692de8662d18,132,OR007@6,outer_race,7 mil,DE,DE,DE,CWRU_DE_6205,DE,12000,1.0,1.0,96000,108000,1750.0,2hp,6
cwru_native12.load.v1,1,CWRU,validation,n12L:CWRU:cwru_n12_DE_132:DE:validation:108000-120000,cwrun12_DE_OR007,DE_OR007,cwru_n12_DE_132,data/raw/outer_race/OR007@6_2_DE12k.mat,X132_DE_time,17a69ed5d2270b42532e678e35bbe2fa04a2cc413cf2bf9e88c7692de8662d18,132,OR007@6,outer_race,7 mil,DE,DE,DE,CWRU_DE_6205,DE,12000,1.0,1.0,108000,120000,1750.0,2hp,6
cwru_native12.load.v1,1,CWRU,test,n12L:CWRU:cwru_n12_DE_133:DE:test:0-12000,cwrun12_DE_OR007,DE_OR007,cwru_n12_DE_133,data/raw/outer_race/OR007@6_3_DE12k.mat,X133_DE_time,53f076cb0d905cf46bffaee7736abce8224ffed777deed03c0c863d762a90c71,133,OR007@6,outer_race,7 mil,DE,DE,DE,CWRU_DE_6205,DE,12000,1.0,1.0,0,12000,1725.0,3hp,6
cwru_native12.load.v1,1,CWRU,test,n12L:CWRU:cwru_n12_DE_133:DE:test:12000-24000,cwrun12_DE_OR007,DE_OR007,cwru_n12_DE_133,data/raw/outer_race/OR007@6_3_DE12k.mat,X133_DE_time,53f076cb0d905cf46bffaee7736abce8224ffed777deed03c0c863d762a90c71,133,OR007@6,outer_race,7 mil,DE,DE,DE,CWRU_DE_6205,DE,12000,1.0,1.0,12000,24000,1725.0,3hp,6
cwru_native12.load.v1,1,CWRU,test,n12L:CWRU:cwru_n12_DE_133:DE:test:24000-36000,cwrun12_DE_OR007,DE_OR007,cwru_n12_DE_133,data/raw/outer_race/OR007@6_3_DE12k.mat,X133_DE_time,53f076cb0d905cf46bffaee7736abce8224ffed777deed03c0c863d762a90c71,133,OR007@6,outer_race,7 mil,DE,DE,DE,CWRU_DE_6205,DE,12000,1.0,1.0,24000,36000,1725.0,3hp,6
cwru_native12.load.v1,1,CWRU,test,n12L:CWRU:cwru_n12_DE_133:DE:test:36000-48000,cwrun12_DE_OR007,DE_OR007,cwru_n12_DE_133,data/raw/outer_race/OR007@6_3_DE12k.mat,X133_DE_time,53f076cb0d905cf46bffaee7736abce8224ffed777deed03c0c863d762a90c71,133,OR007@6,outer_race,7 mil,DE,DE,DE,CWRU_DE_6205,DE,12000,1.0,1.0,36000,48000,1725.0,3hp,6
cwru_native12.load.v1,1,CWRU,test,n12L:CWRU:cwru_n12_DE_133:DE:test:48000-60000,cwrun12_DE_OR007,DE_OR007,cwru_n12_DE_133,data/raw/outer_race/OR007@6_3_DE12k.mat,X133_DE_time,53f076cb0d905cf46bffaee7736abce8224ffed777deed03c0c863d762a90c71,133,OR007@6,outer_race,7 mil,DE,DE,DE,CWRU_DE_6205,DE,12000,1.0,1.0,48000,60000,1725.0,3hp,6
cwru_native12.load.v1,1,CWRU,test,n12L:CWRU:cwru_n12_DE_133:DE:test:60000-72000,cwrun12_DE_OR007,DE_OR007,cwru_n12_DE_133,data/raw/outer_race/OR007@6_3_DE12k.mat,X133_DE_time,53f076cb0d905cf46bffaee7736abce8224ffed777deed03c0c863d762a90c71,133,OR007@6,outer_race,7 mil,DE,DE,DE,CWRU_DE_6205,DE,12000,1.0,1.0,60000,72000,1725.0,3hp,6
cwru_native12.load.v1,1,CWRU,test,n12L:CWRU:cwru_n12_DE_133:DE:test:72000-84000,cwrun12_DE_OR007,DE_OR007,cwru_n12_DE_133,data/raw/outer_race/OR007@6_3_DE12k.mat,X133_DE_time,53f076cb0d905cf46bffaee7736abce8224ffed777deed03c0c863d762a90c71,133,OR007@6,outer_race,7 mil,DE,DE,DE,CWRU_DE_6205,DE,12000,1.0,1.0,72000,84000,1725.0,3hp,6
cwru_native12.load.v1,1,CWRU,test,n12L:CWRU:cwru_n12_DE_133:DE:test:84000-96000,cwrun12_DE_OR007,DE_OR007,cwru_n12_DE_133,data/raw/outer_race/OR007@6_3_DE12k.mat,X133_DE_time,53f076cb0d905cf46bffaee7736abce8224ffed777deed03c0c863d762a90c71,133,OR007@6,outer_race,7 mil,DE,DE,DE,CWRU_DE_6205,DE,12000,1.0,1.0,84000,96000,1725.0,3hp,6
cwru_native12.load.v1,1,CWRU,test,n12L:CWRU:cwru_n12_DE_133:DE:test:96000-108000,cwrun12_DE_OR007,DE_OR007,cwru_n12_DE_133,data/raw/outer_race/OR007@6_3_DE12k.mat,X133_DE_time,53f076cb0d905cf46bffaee7736abce8224ffed777deed03c0c863d762a90c71,133,OR007@6,outer_race,7 mil,DE,DE,DE,CWRU_DE_6205,DE,12000,1.0,1.0,96000,108000,1725.0,3hp,6
cwru_native12.load.v1,1,CWRU,test,n12L:CWRU:cwru_n12_DE_133:DE:test:108000-120000,cwrun12_DE_OR007,DE_OR007,cwru_n12_DE_133,data/raw/outer_race/OR007@6_3_DE12k.mat,X133_DE_time,53f076cb0d905cf46bffaee7736abce8224ffed777deed03c0c863d762a90c71,133,OR007@6,outer_race,7 mil,DE,DE,DE,CWRU_DE_6205,DE,12000,1.0,1.0,108000,120000,1725.0,3hp,6
cwru_native12.load.v1,1,CWRU,train,n12L:CWRU:cwru_n12_DE_197:DE:train:0-12000,cwrun12_DE_OR014,DE_OR014,cwru_n12_DE_197,data/raw/outer_race/OR014@6_0_DE12k.mat,X197_DE_time,fa571b47cd942f9514a920b403fb7c053cd442bb2963a360a96d0f61432f03e9,197,OR014@6,outer_race,14 mil,DE,DE,DE,CWRU_DE_6205,DE,12000,1.0,0.5,0,12000,1796.0,0hp,6
cwru_native12.load.v1,1,CWRU,train,n12L:CWRU:cwru_n12_DE_197:DE:train:6000-18000,cwrun12_DE_OR014,DE_OR014,cwru_n12_DE_197,data/raw/outer_race/OR014@6_0_DE12k.mat,X197_DE_time,fa571b47cd942f9514a920b403fb7c053cd442bb2963a360a96d0f61432f03e9,197,OR014@6,outer_race,14 mil,DE,DE,DE,CWRU_DE_6205,DE,12000,1.0,0.5,6000,18000,1796.0,0hp,6
cwru_native12.load.v1,1,CWRU,train,n12L:CWRU:cwru_n12_DE_197:DE:train:12000-24000,cwrun12_DE_OR014,DE_OR014,cwru_n12_DE_197,data/raw/outer_race/OR014@6_0_DE12k.mat,X197_DE_time,fa571b47cd942f9514a920b403fb7c053cd442bb2963a360a96d0f61432f03e9,197,OR014@6,outer_race,14 mil,DE,DE,DE,CWRU_DE_6205,DE,12000,1.0,0.5,12000,24000,1796.0,0hp,6
cwru_native12.load.v1,1,CWRU,train,n12L:CWRU:cwru_n12_DE_197:DE:train:18000-30000,cwrun12_DE_OR014,DE_OR014,cwru_n12_DE_197,data/raw/outer_race/OR014@6_0_DE12k.mat,X197_DE_time,fa571b47cd942f9514a920b403fb7c053cd442bb2963a360a96d0f61432f03e9,197,OR014@6,outer_race,14 mil,DE,DE,DE,CWRU_DE_6205,DE,12000,1.0,0.5,18000,30000,1796.0,0hp,6
cwru_native12.load.v1,1,CWRU,train,n12L:CWRU:cwru_n12_DE_197:DE:train:24000-36000,cwrun12_DE_OR014,DE_OR014,cwru_n12_DE_197,data/raw/outer_race/OR014@6_0_DE12k.mat,X197_DE_time,fa571b47cd942f9514a920b403fb7c053cd442bb2963a360a96d0f61432f03e9,197,OR014@6,outer_race,14 mil,DE,DE,DE,CWRU_DE_6205,DE,12000,1.0,0.5,24000,36000,1796.0,0hp,6
cwru_native12.load.v1,1,CWRU,train,n12L:CWRU:cwru_n12_DE_197:DE:train:30000-42000,cwrun12_DE_OR014,DE_OR014,cwru_n12_DE_197,data/raw/outer_race/OR014@6_0_DE12k.mat,X197_DE_time,fa571b47cd942f9514a920b403fb7c053cd442bb2963a360a96d0f61432f03e9,197,OR014@6,outer_race,14 mil,DE,DE,DE,CWRU_DE_6205,DE,12000,1.0,0.5,30000,42000,1796.0,0hp,6
cwru_native12.load.v1,1,CWRU,train,n12L:CWRU:cwru_n12_DE_197:DE:train:36000-48000,cwrun12_DE_OR014,DE_OR014,cwru_n12_DE_197,data/raw/outer_race/OR014@6_0_DE12k.mat,X197_DE_time,fa571b47cd942f9514a920b403fb7c053cd442bb2963a360a96d0f61432f03e9,197,OR014@6,outer_race,14 mil,DE,DE,DE,CWRU_DE_6205,DE,12000,1.0,0.5,36000,48000,1796.0,0hp,6
cwru_native12.load.v1,1,CWRU,train,n12L:CWRU:cwru_n12_DE_197:DE:train:42000-54000,cwrun12_DE_OR014,DE_OR014,cwru_n12_DE_197,data/raw/outer_race/OR014@6_0_DE12k.mat,X197_DE_time,fa571b47cd942f9514a920b403fb7c053cd442bb2963a360a96d0f61432f03e9,197,OR014@6,outer_race,14 mil,DE,DE,DE,CWRU_DE_6205,DE,12000,1.0,0.5,42000,54000,1796.0,0hp,6
cwru_native12.load.v1,1,CWRU,train,n12L:CWRU:cwru_n12_DE_197:DE:train:48000-60000,cwrun12_DE_OR014,DE_OR014,cwru_n12_DE_197,data/raw/outer_race/OR014@6_0_DE12k.mat,X197_DE_time,fa571b47cd942f9514a920b403fb7c053cd442bb2963a360a96d0f61432f03e9,197,OR014@6,outer_race,14 mil,DE,DE,DE,CWRU_DE_6205,DE,12000,1.0,0.5,48000,60000,1796.0,0hp,6
cwru_native12.load.v1,1,CWRU,train,n12L:CWRU:cwru_n12_DE_197:DE:train:54000-66000,cwrun12_DE_OR014,DE_OR014,cwru_n12_DE_197,data/raw/outer_race/OR014@6_0_DE12k.mat,X197_DE_time,fa571b47cd942f9514a920b403fb7c053cd442bb2963a360a96d0f61432f03e9,197,OR014@6,outer_race,14 mil,DE,DE,DE,CWRU_DE_6205,DE,12000,1.0,0.5,54000,66000,1796.0,0hp,6
cwru_native12.load.v1,1,CWRU,train,n12L:CWRU:cwru_n12_DE_197:DE:train:60000-72000,cwrun12_DE_OR014,DE_OR014,cwru_n12_DE_197,data/raw/outer_race/OR014@6_0_DE12k.mat,X197_DE_time,fa571b47cd942f9514a920b403fb7c053cd442bb2963a360a96d0f61432f03e9,197,OR014@6,outer_race,14 mil,DE,DE,DE,CWRU_DE_6205,DE,12000,1.0,0.5,60000,72000,1796.0,0hp,6
cwru_native12.load.v1,1,CWRU,train,n12L:CWRU:cwru_n12_DE_197:DE:train:66000-78000,cwrun12_DE_OR014,DE_OR014,cwru_n12_DE_197,data/raw/outer_race/OR014@6_0_DE12k.mat,X197_DE_time,fa571b47cd942f9514a920b403fb7c053cd442bb2963a360a96d0f61432f03e9,197,OR014@6,outer_race,14 mil,DE,DE,DE,CWRU_DE_6205,DE,12000,1.0,0.5,66000,78000,1796.0,0hp,6
cwru_native12.load.v1,1,CWRU,train,n12L:CWRU:cwru_n12_DE_197:DE:train:72000-84000,cwrun12_DE_OR014,DE_OR014,cwru_n12_DE_197,data/raw/outer_race/OR014@6_0_DE12k.mat,X197_DE_time,fa571b47cd942f9514a920b403fb7c053cd442bb2963a360a96d0f61432f03e9,197,OR014@6,outer_race,14 mil,DE,DE,DE,CWRU_DE_6205,DE,12000,1.0,0.5,72000,84000,1796.0,0hp,6
cwru_native12.load.v1,1,CWRU,train,n12L:CWRU:cwru_n12_DE_197:DE:train:78000-90000,cwrun12_DE_OR014,DE_OR014,cwru_n12_DE_197,data/raw/outer_race/OR014@6_0_DE12k.mat,X197_DE_time,fa571b47cd942f9514a920b403fb7c053cd442bb2963a360a96d0f61432f03e9,197,OR014@6,outer_race,14 mil,DE,DE,DE,CWRU_DE_6205,DE,12000,1.0,0.5,78000,90000,1796.0,0hp,6
cwru_native12.load.v1,1,CWRU,train,n12L:CWRU:cwru_n12_DE_197:DE:train:84000-96000,cwrun12_DE_OR014,DE_OR014,cwru_n12_DE_197,data/raw/outer_race/OR014@6_0_DE12k.mat,X197_DE_time,fa571b47cd942f9514a920b403fb7c053cd442bb2963a360a96d0f61432f03e9,197,OR014@6,outer_race,14 mil,DE,DE,DE,CWRU_DE_6205,DE,12000,1.0,0.5,84000,96000,1796.0,0hp,6
cwru_native12.load.v1,1,CWRU,train,n12L:CWRU:cwru_n12_DE_197:DE:train:90000-102000,cwrun12_DE_OR014,DE_OR014,cwru_n12_DE_197,data/raw/outer_race/OR014@6_0_DE12k.mat,X197_DE_time,fa571b47cd942f9514a920b403fb7c053cd442bb2963a360a96d0f61432f03e9,197,OR014@6,outer_race,14 mil,DE,DE,DE,CWRU_DE_6205,DE,12000,1.0,0.5,90000,102000,1796.0,0hp,6
cwru_native12.load.v1,1,CWRU,train,n12L:CWRU:cwru_n12_DE_197:DE:train:96000-108000,cwrun12_DE_OR014,DE_OR014,cwru_n12_DE_197,data/raw/outer_race/OR014@6_0_DE12k.mat,X197_DE_time,fa571b47cd942f9514a920b403fb7c053cd442bb2963a360a96d0f61432f03e9,197,OR014@6,outer_race,14 mil,DE,DE,DE,CWRU_DE_6205,DE,12000,1.0,0.5,96000,108000,1796.0,0hp,6
cwru_native12.load.v1,1,CWRU,train,n12L:CWRU:cwru_n12_DE_197:DE:train:102000-114000,cwrun12_DE_OR014,DE_OR014,cwru_n12_DE_197,data/raw/outer_race/OR014@6_0_DE12k.mat,X197_DE_time,fa571b47cd942f9514a920b403fb7c053cd442bb2963a360a96d0f61432f03e9,197,OR014@6,outer_race,14 mil,DE,DE,DE,CWRU_DE_6205,DE,12000,1.0,0.5,102000,114000,1796.0,0hp,6
cwru_native12.load.v1,1,CWRU,train,n12L:CWRU:cwru_n12_DE_197:DE:train:108000-120000,cwrun12_DE_OR014,DE_OR014,cwru_n12_DE_197,data/raw/outer_race/OR014@6_0_DE12k.mat,X197_DE_time,fa571b47cd942f9514a920b403fb7c053cd442bb2963a360a96d0f61432f03e9,197,OR014@6,outer_race,14 mil,DE,DE,DE,CWRU_DE_6205,DE,12000,1.0,0.5,108000,120000,1796.0,0hp,6
cwru_native12.load.v1,1,CWRU,train,n12L:CWRU:cwru_n12_DE_198:DE:train:0-12000,cwrun12_DE_OR014,DE_OR014,cwru_n12_DE_198,data/raw/outer_race/OR014@6_1_DE12k.mat,X198_DE_time,dbd58e4585ca8f8332c708b15936987ec0990ca701359fd2483dae2719df5b49,198,OR014@6,outer_race,14 mil,DE,DE,DE,CWRU_DE_6205,DE,12000,1.0,0.5,0,12000,1772.0,1hp,6
cwru_native12.load.v1,1,CWRU,train,n12L:CWRU:cwru_n12_DE_198:DE:train:6000-18000,cwrun12_DE_OR014,DE_OR014,cwru_n12_DE_198,data/raw/outer_race/OR014@6_1_DE12k.mat,X198_DE_time,dbd58e4585ca8f8332c708b15936987ec0990ca701359fd2483dae2719df5b49,198,OR014@6,outer_race,14 mil,DE,DE,DE,CWRU_DE_6205,DE,12000,1.0,0.5,6000,18000,1772.0,1hp,6
cwru_native12.load.v1,1,CWRU,train,n12L:CWRU:cwru_n12_DE_198:DE:train:12000-24000,cwrun12_DE_OR014,DE_OR014,cwru_n12_DE_198,data/raw/outer_race/OR014@6_1_DE12k.mat,X198_DE_time,dbd58e4585ca8f8332c708b15936987ec0990ca701359fd2483dae2719df5b49,198,OR014@6,outer_race,14 mil,DE,DE,DE,CWRU_DE_6205,DE,12000,1.0,0.5,12000,24000,1772.0,1hp,6
cwru_native12.load.v1,1,CWRU,train,n12L:CWRU:cwru_n12_DE_198:DE:train:18000-30000,cwrun12_DE_OR014,DE_OR014,cwru_n12_DE_198,data/raw/outer_race/OR014@6_1_DE12k.mat,X198_DE_time,dbd58e4585ca8f8332c708b15936987ec0990ca701359fd2483dae2719df5b49,198,OR014@6,outer_race,14 mil,DE,DE,DE,CWRU_DE_6205,DE,12000,1.0,0.5,18000,30000,1772.0,1hp,6
cwru_native12.load.v1,1,CWRU,train,n12L:CWRU:cwru_n12_DE_198:DE:train:24000-36000,cwrun12_DE_OR014,DE_OR014,cwru_n12_DE_198,data/raw/outer_race/OR014@6_1_DE12k.mat,X198_DE_time,dbd58e4585ca8f8332c708b15936987ec0990ca701359fd2483dae2719df5b49,198,OR014@6,outer_race,14 mil,DE,DE,DE,CWRU_DE_6205,DE,12000,1.0,0.5,24000,36000,1772.0,1hp,6
cwru_native12.load.v1,1,CWRU,train,n12L:CWRU:cwru_n12_DE_198:DE:train:30000-42000,cwrun12_DE_OR014,DE_OR014,cwru_n12_DE_198,data/raw/outer_race/OR014@6_1_DE12k.mat,X198_DE_time,dbd58e4585ca8f8332c708b15936987ec0990ca701359fd2483dae2719df5b49,198,OR014@6,outer_race,14 mil,DE,DE,DE,CWRU_DE_6205,DE,12000,1.0,0.5,30000,42000,1772.0,1hp,6
cwru_native12.load.v1,1,CWRU,train,n12L:CWRU:cwru_n12_DE_198:DE:train:36000-48000,cwrun12_DE_OR014,DE_OR014,cwru_n12_DE_198,data/raw/outer_race/OR014@6_1_DE12k.mat,X198_DE_time,dbd58e4585ca8f8332c708b15936987ec0990ca701359fd2483dae2719df5b49,198,OR014@6,outer_race,14 mil,DE,DE,DE,CWRU_DE_6205,DE,12000,1.0,0.5,36000,48000,1772.0,1hp,6
cwru_native12.load.v1,1,CWRU,train,n12L:CWRU:cwru_n12_DE_198:DE:train:42000-54000,cwrun12_DE_OR014,DE_OR014,cwru_n12_DE_198,data/raw/outer_race/OR014@6_1_DE12k.mat,X198_DE_time,dbd58e4585ca8f8332c708b15936987ec0990ca701359fd2483dae2719df5b49,198,OR014@6,outer_race,14 mil,DE,DE,DE,CWRU_DE_6205,DE,12000,1.0,0.5,42000,54000,1772.0,1hp,6
cwru_native12.load.v1,1,CWRU,train,n12L:CWRU:cwru_n12_DE_198:DE:train:48000-60000,cwrun12_DE_OR014,DE_OR014,cwru_n12_DE_198,data/raw/outer_race/OR014@6_1_DE12k.mat,X198_DE_time,dbd58e4585ca8f8332c708b15936987ec0990ca701359fd2483dae2719df5b49,198,OR014@6,outer_race,14 mil,DE,DE,DE,CWRU_DE_6205,DE,12000,1.0,0.5,48000,60000,1772.0,1hp,6
cwru_native12.load.v1,1,CWRU,train,n12L:CWRU:cwru_n12_DE_198:DE:train:54000-66000,cwrun12_DE_OR014,DE_OR014,cwru_n12_DE_198,data/raw/outer_race/OR014@6_1_DE12k.mat,X198_DE_time,dbd58e4585ca8f8332c708b15936987ec0990ca701359fd2483dae2719df5b49,198,OR014@6,outer_race,14 mil,DE,DE,DE,CWRU_DE_6205,DE,12000,1.0,0.5,54000,66000,1772.0,1hp,6
cwru_native12.load.v1,1,CWRU,train,n12L:CWRU:cwru_n12_DE_198:DE:train:60000-72000,cwrun12_DE_OR014,DE_OR014,cwru_n12_DE_198,data/raw/outer_race/OR014@6_1_DE12k.mat,X198_DE_time,dbd58e4585ca8f8332c708b15936987ec0990ca701359fd2483dae2719df5b49,198,OR014@6,outer_race,14 mil,DE,DE,DE,CWRU_DE_6205,DE,12000,1.0,0.5,60000,72000,1772.0,1hp,6
cwru_native12.load.v1,1,CWRU,train,n12L:CWRU:cwru_n12_DE_198:DE:train:66000-78000,cwrun12_DE_OR014,DE_OR014,cwru_n12_DE_198,data/raw/outer_race/OR014@6_1_DE12k.mat,X198_DE_time,dbd58e4585ca8f8332c708b15936987ec0990ca701359fd2483dae2719df5b49,198,OR014@6,outer_race,14 mil,DE,DE,DE,CWRU_DE_6205,DE,12000,1.0,0.5,66000,78000,1772.0,1hp,6
cwru_native12.load.v1,1,CWRU,train,n12L:CWRU:cwru_n12_DE_198:DE:train:72000-84000,cwrun12_DE_OR014,DE_OR014,cwru_n12_DE_198,data/raw/outer_race/OR014@6_1_DE12k.mat,X198_DE_time,dbd58e4585ca8f8332c708b15936987ec0990ca701359fd2483dae2719df5b49,198,OR014@6,outer_race,14 mil,DE,DE,DE,CWRU_DE_6205,DE,12000,1.0,0.5,72000,84000,1772.0,1hp,6
cwru_native12.load.v1,1,CWRU,train,n12L:CWRU:cwru_n12_DE_198:DE:train:78000-90000,cwrun12_DE_OR014,DE_OR014,cwru_n12_DE_198,data/raw/outer_race/OR014@6_1_DE12k.mat,X198_DE_time,dbd58e4585ca8f8332c708b15936987ec0990ca701359fd2483dae2719df5b49,198,OR014@6,outer_race,14 mil,DE,DE,DE,CWRU_DE_6205,DE,12000,1.0,0.5,78000,90000,1772.0,1hp,6
cwru_native12.load.v1,1,CWRU,train,n12L:CWRU:cwru_n12_DE_198:DE:train:84000-96000,cwrun12_DE_OR014,DE_OR014,cwru_n12_DE_198,data/raw/outer_race/OR014@6_1_DE12k.mat,X198_DE_time,dbd58e4585ca8f8332c708b15936987ec0990ca701359fd2483dae2719df5b49,198,OR014@6,outer_race,14 mil,DE,DE,DE,CWRU_DE_6205,DE,12000,1.0,0.5,84000,96000,1772.0,1hp,6
cwru_native12.load.v1,1,CWRU,train,n12L:CWRU:cwru_n12_DE_198:DE:train:90000-102000,cwrun12_DE_OR014,DE_OR014,cwru_n12_DE_198,data/raw/outer_race/OR014@6_1_DE12k.mat,X198_DE_time,dbd58e4585ca8f8332c708b15936987ec0990ca701359fd2483dae2719df5b49,198,OR014@6,outer_race,14 mil,DE,DE,DE,CWRU_DE_6205,DE,12000,1.0,0.5,90000,102000,1772.0,1hp,6
cwru_native12.load.v1,1,CWRU,train,n12L:CWRU:cwru_n12_DE_198:DE:train:96000-108000,cwrun12_DE_OR014,DE_OR014,cwru_n12_DE_198,data/raw/outer_race/OR014@6_1_DE12k.mat,X198_DE_time,dbd58e4585ca8f8332c708b15936987ec0990ca701359fd2483dae2719df5b49,198,OR014@6,outer_race,14 mil,DE,DE,DE,CWRU_DE_6205,DE,12000,1.0,0.5,96000,108000,1772.0,1hp,6
cwru_native12.load.v1,1,CWRU,train,n12L:CWRU:cwru_n12_DE_198:DE:train:102000-114000,cwrun12_DE_OR014,DE_OR014,cwru_n12_DE_198,data/raw/outer_race/OR014@6_1_DE12k.mat,X198_DE_time,dbd58e4585ca8f8332c708b15936987ec0990ca701359fd2483dae2719df5b49,198,OR014@6,outer_race,14 mil,DE,DE,DE,CWRU_DE_6205,DE,12000,1.0,0.5,102000,114000,1772.0,1hp,6
cwru_native12.load.v1,1,CWRU,train,n12L:CWRU:cwru_n12_DE_198:DE:train:108000-120000,cwrun12_DE_OR014,DE_OR014,cwru_n12_DE_198,data/raw/outer_race/OR014@6_1_DE12k.mat,X198_DE_time,dbd58e4585ca8f8332c708b15936987ec0990ca701359fd2483dae2719df5b49,198,OR014@6,outer_race,14 mil,DE,DE,DE,CWRU_DE_6205,DE,12000,1.0,0.5,108000,120000,1772.0,1hp,6
cwru_native12.load.v1,1,CWRU,validation,n12L:CWRU:cwru_n12_DE_199:DE:validation:0-12000,cwrun12_DE_OR014,DE_OR014,cwru_n12_DE_199,data/raw/outer_race/OR014@6_2_DE12k.mat,X199_DE_time,ca4e6407fdb68845a6973da6028477911a62d018580063749fe956441be95cf2,199,OR014@6,outer_race,14 mil,DE,DE,DE,CWRU_DE_6205,DE,12000,1.0,1.0,0,12000,1749.0,2hp,6
cwru_native12.load.v1,1,CWRU,validation,n12L:CWRU:cwru_n12_DE_199:DE:validation:12000-24000,cwrun12_DE_OR014,DE_OR014,cwru_n12_DE_199,data/raw/outer_race/OR014@6_2_DE12k.mat,X199_DE_time,ca4e6407fdb68845a6973da6028477911a62d018580063749fe956441be95cf2,199,OR014@6,outer_race,14 mil,DE,DE,DE,CWRU_DE_6205,DE,12000,1.0,1.0,12000,24000,1749.0,2hp,6
cwru_native12.load.v1,1,CWRU,validation,n12L:CWRU:cwru_n12_DE_199:DE:validation:24000-36000,cwrun12_DE_OR014,DE_OR014,cwru_n12_DE_199,data/raw/outer_race/OR014@6_2_DE12k.mat,X199_DE_time,ca4e6407fdb68845a6973da6028477911a62d018580063749fe956441be95cf2,199,OR014@6,outer_race,14 mil,DE,DE,DE,CWRU_DE_6205,DE,12000,1.0,1.0,24000,36000,1749.0,2hp,6
cwru_native12.load.v1,1,CWRU,validation,n12L:CWRU:cwru_n12_DE_199:DE:validation:36000-48000,cwrun12_DE_OR014,DE_OR014,cwru_n12_DE_199,data/raw/outer_race/OR014@6_2_DE12k.mat,X199_DE_time,ca4e6407fdb68845a6973da6028477911a62d018580063749fe956441be95cf2,199,OR014@6,outer_race,14 mil,DE,DE,DE,CWRU_DE_6205,DE,12000,1.0,1.0,36000,48000,1749.0,2hp,6
cwru_native12.load.v1,1,CWRU,validation,n12L:CWRU:cwru_n12_DE_199:DE:validation:48000-60000,cwrun12_DE_OR014,DE_OR014,cwru_n12_DE_199,data/raw/outer_race/OR014@6_2_DE12k.mat,X199_DE_time,ca4e6407fdb68845a6973da6028477911a62d018580063749fe956441be95cf2,199,OR014@6,outer_race,14 mil,DE,DE,DE,CWRU_DE_6205,DE,12000,1.0,1.0,48000,60000,1749.0,2hp,6
cwru_native12.load.v1,1,CWRU,validation,n12L:CWRU:cwru_n12_DE_199:DE:validation:60000-72000,cwrun12_DE_OR014,DE_OR014,cwru_n12_DE_199,data/raw/outer_race/OR014@6_2_DE12k.mat,X199_DE_time,ca4e6407fdb68845a6973da6028477911a62d018580063749fe956441be95cf2,199,OR014@6,outer_race,14 mil,DE,DE,DE,CWRU_DE_6205,DE,12000,1.0,1.0,60000,72000,1749.0,2hp,6
cwru_native12.load.v1,1,CWRU,validation,n12L:CWRU:cwru_n12_DE_199:DE:validation:72000-84000,cwrun12_DE_OR014,DE_OR014,cwru_n12_DE_199,data/raw/outer_race/OR014@6_2_DE12k.mat,X199_DE_time,ca4e6407fdb68845a6973da6028477911a62d018580063749fe956441be95cf2,199,OR014@6,outer_race,14 mil,DE,DE,DE,CWRU_DE_6205,DE,12000,1.0,1.0,72000,84000,1749.0,2hp,6
cwru_native12.load.v1,1,CWRU,validation,n12L:CWRU:cwru_n12_DE_199:DE:validation:84000-96000,cwrun12_DE_OR014,DE_OR014,cwru_n12_DE_199,data/raw/outer_race/OR014@6_2_DE12k.mat,X199_DE_time,ca4e6407fdb68845a6973da6028477911a62d018580063749fe956441be95cf2,199,OR014@6,outer_race,14 mil,DE,DE,DE,CWRU_DE_6205,DE,12000,1.0,1.0,84000,96000,1749.0,2hp,6
cwru_native12.load.v1,1,CWRU,validation,n12L:CWRU:cwru_n12_DE_199:DE:validation:96000-108000,cwrun12_DE_OR014,DE_OR014,cwru_n12_DE_199,data/raw/outer_race/OR014@6_2_DE12k.mat,X199_DE_time,ca4e6407fdb68845a6973da6028477911a62d018580063749fe956441be95cf2,199,OR014@6,outer_race,14 mil,DE,DE,DE,CWRU_DE_6205,DE,12000,1.0,1.0,96000,108000,1749.0,2hp,6
cwru_native12.load.v1,1,CWRU,validation,n12L:CWRU:cwru_n12_DE_199:DE:validation:108000-120000,cwrun12_DE_OR014,DE_OR014,cwru_n12_DE_199,data/raw/outer_race/OR014@6_2_DE12k.mat,X199_DE_time,ca4e6407fdb68845a6973da6028477911a62d018580063749fe956441be95cf2,199,OR014@6,outer_race,14 mil,DE,DE,DE,CWRU_DE_6205,DE,12000,1.0,1.0,108000,120000,1749.0,2hp,6
cwru_native12.load.v1,1,CWRU,test,n12L:CWRU:cwru_n12_DE_200:DE:test:0-12000,cwrun12_DE_OR014,DE_OR014,cwru_n12_DE_200,data/raw/outer_race/OR014@6_3_DE12k.mat,X200_DE_time,2526483d2701220a700df8e6c9db0c527641b0887225907f4096610dd7120f4b,200,OR014@6,outer_race,14 mil,DE,DE,DE,CWRU_DE_6205,DE,12000,1.0,1.0,0,12000,1723.0,3hp,6
cwru_native12.load.v1,1,CWRU,test,n12L:CWRU:cwru_n12_DE_200:DE:test:12000-24000,cwrun12_DE_OR014,DE_OR014,cwru_n12_DE_200,data/raw/outer_race/OR014@6_3_DE12k.mat,X200_DE_time,2526483d2701220a700df8e6c9db0c527641b0887225907f4096610dd7120f4b,200,OR014@6,outer_race,14 mil,DE,DE,DE,CWRU_DE_6205,DE,12000,1.0,1.0,12000,24000,1723.0,3hp,6
cwru_native12.load.v1,1,CWRU,test,n12L:CWRU:cwru_n12_DE_200:DE:test:24000-36000,cwrun12_DE_OR014,DE_OR014,cwru_n12_DE_200,data/raw/outer_race/OR014@6_3_DE12k.mat,X200_DE_time,2526483d2701220a700df8e6c9db0c527641b0887225907f4096610dd7120f4b,200,OR014@6,outer_race,14 mil,DE,DE,DE,CWRU_DE_6205,DE,12000,1.0,1.0,24000,36000,1723.0,3hp,6
cwru_native12.load.v1,1,CWRU,test,n12L:CWRU:cwru_n12_DE_200:DE:test:36000-48000,cwrun12_DE_OR014,DE_OR014,cwru_n12_DE_200,data/raw/outer_race/OR014@6_3_DE12k.mat,X200_DE_time,2526483d2701220a700df8e6c9db0c527641b0887225907f4096610dd7120f4b,200,OR014@6,outer_race,14 mil,DE,DE,DE,CWRU_DE_6205,DE,12000,1.0,1.0,36000,48000,1723.0,3hp,6
cwru_native12.load.v1,1,CWRU,test,n12L:CWRU:cwru_n12_DE_200:DE:test:48000-60000,cwrun12_DE_OR014,DE_OR014,cwru_n12_DE_200,data/raw/outer_race/OR014@6_3_DE12k.mat,X200_DE_time,2526483d2701220a700df8e6c9db0c527641b0887225907f4096610dd7120f4b,200,OR014@6,outer_race,14 mil,DE,DE,DE,CWRU_DE_6205,DE,12000,1.0,1.0,48000,60000,1723.0,3hp,6
cwru_native12.load.v1,1,CWRU,test,n12L:CWRU:cwru_n12_DE_200:DE:test:60000-72000,cwrun12_DE_OR014,DE_OR014,cwru_n12_DE_200,data/raw/outer_race/OR014@6_3_DE12k.mat,X200_DE_time,2526483d2701220a700df8e6c9db0c527641b0887225907f4096610dd7120f4b,200,OR014@6,outer_race,14 mil,DE,DE,DE,CWRU_DE_6205,DE,12000,1.0,1.0,60000,72000,1723.0,3hp,6
cwru_native12.load.v1,1,CWRU,test,n12L:CWRU:cwru_n12_DE_200:DE:test:72000-84000,cwrun12_DE_OR014,DE_OR014,cwru_n12_DE_200,data/raw/outer_race/OR014@6_3_DE12k.mat,X200_DE_time,2526483d2701220a700df8e6c9db0c527641b0887225907f4096610dd7120f4b,200,OR014@6,outer_race,14 mil,DE,DE,DE,CWRU_DE_6205,DE,12000,1.0,1.0,72000,84000,1723.0,3hp,6
cwru_native12.load.v1,1,CWRU,test,n12L:CWRU:cwru_n12_DE_200:DE:test:84000-96000,cwrun12_DE_OR014,DE_OR014,cwru_n12_DE_200,data/raw/outer_race/OR014@6_3_DE12k.mat,X200_DE_time,2526483d2701220a700df8e6c9db0c527641b0887225907f4096610dd7120f4b,200,OR014@6,outer_race,14 mil,DE,DE,DE,CWRU_DE_6205,DE,12000,1.0,1.0,84000,96000,1723.0,3hp,6
cwru_native12.load.v1,1,CWRU,test,n12L:CWRU:cwru_n12_DE_200:DE:test:96000-108000,cwrun12_DE_OR014,DE_OR014,cwru_n12_DE_200,data/raw/outer_race/OR014@6_3_DE12k.mat,X200_DE_time,2526483d2701220a700df8e6c9db0c527641b0887225907f4096610dd7120f4b,200,OR014@6,outer_race,14 mil,DE,DE,DE,CWRU_DE_6205,DE,12000,1.0,1.0,96000,108000,1723.0,3hp,6
cwru_native12.load.v1,1,CWRU,test,n12L:CWRU:cwru_n12_DE_200:DE:test:108000-120000,cwrun12_DE_OR014,DE_OR014,cwru_n12_DE_200,data/raw/outer_race/OR014@6_3_DE12k.mat,X200_DE_time,2526483d2701220a700df8e6c9db0c527641b0887225907f4096610dd7120f4b,200,OR014@6,outer_race,14 mil,DE,DE,DE,CWRU_DE_6205,DE,12000,1.0,1.0,108000,120000,1723.0,3hp,6
cwru_native12.load.v1,1,CWRU,train,n12L:CWRU:cwru_n12_DE_258:DE:train:0-12000,cwrun12_DE_OR021,DE_OR021,cwru_n12_DE_258,data/raw_native12_official/258.mat,X258_DE_time,0b9c84acca45c3ee6ecbd697eb186a903293809625fda231a18da8c588e34383,258,OR021@12,outer_race,21 mil,DE,DE,DE,CWRU_DE_6205,DE,12000,1.0,0.5,0,12000,1796.0,0hp,12
cwru_native12.load.v1,1,CWRU,train,n12L:CWRU:cwru_n12_DE_258:DE:train:6000-18000,cwrun12_DE_OR021,DE_OR021,cwru_n12_DE_258,data/raw_native12_official/258.mat,X258_DE_time,0b9c84acca45c3ee6ecbd697eb186a903293809625fda231a18da8c588e34383,258,OR021@12,outer_race,21 mil,DE,DE,DE,CWRU_DE_6205,DE,12000,1.0,0.5,6000,18000,1796.0,0hp,12
cwru_native12.load.v1,1,CWRU,train,n12L:CWRU:cwru_n12_DE_258:DE:train:12000-24000,cwrun12_DE_OR021,DE_OR021,cwru_n12_DE_258,data/raw_native12_official/258.mat,X258_DE_time,0b9c84acca45c3ee6ecbd697eb186a903293809625fda231a18da8c588e34383,258,OR021@12,outer_race,21 mil,DE,DE,DE,CWRU_DE_6205,DE,12000,1.0,0.5,12000,24000,1796.0,0hp,12
cwru_native12.load.v1,1,CWRU,train,n12L:CWRU:cwru_n12_DE_258:DE:train:18000-30000,cwrun12_DE_OR021,DE_OR021,cwru_n12_DE_258,data/raw_native12_official/258.mat,X258_DE_time,0b9c84acca45c3ee6ecbd697eb186a903293809625fda231a18da8c588e34383,258,OR021@12,outer_race,21 mil,DE,DE,DE,CWRU_DE_6205,DE,12000,1.0,0.5,18000,30000,1796.0,0hp,12
cwru_native12.load.v1,1,CWRU,train,n12L:CWRU:cwru_n12_DE_258:DE:train:24000-36000,cwrun12_DE_OR021,DE_OR021,cwru_n12_DE_258,data/raw_native12_official/258.mat,X258_DE_time,0b9c84acca45c3ee6ecbd697eb186a903293809625fda231a18da8c588e34383,258,OR021@12,outer_race,21 mil,DE,DE,DE,CWRU_DE_6205,DE,12000,1.0,0.5,24000,36000,1796.0,0hp,12
cwru_native12.load.v1,1,CWRU,train,n12L:CWRU:cwru_n12_DE_258:DE:train:30000-42000,cwrun12_DE_OR021,DE_OR021,cwru_n12_DE_258,data/raw_native12_official/258.mat,X258_DE_time,0b9c84acca45c3ee6ecbd697eb186a903293809625fda231a18da8c588e34383,258,OR021@12,outer_race,21 mil,DE,DE,DE,CWRU_DE_6205,DE,12000,1.0,0.5,30000,42000,1796.0,0hp,12
cwru_native12.load.v1,1,CWRU,train,n12L:CWRU:cwru_n12_DE_258:DE:train:36000-48000,cwrun12_DE_OR021,DE_OR021,cwru_n12_DE_258,data/raw_native12_official/258.mat,X258_DE_time,0b9c84acca45c3ee6ecbd697eb186a903293809625fda231a18da8c588e34383,258,OR021@12,outer_race,21 mil,DE,DE,DE,CWRU_DE_6205,DE,12000,1.0,0.5,36000,48000,1796.0,0hp,12
cwru_native12.load.v1,1,CWRU,train,n12L:CWRU:cwru_n12_DE_258:DE:train:42000-54000,cwrun12_DE_OR021,DE_OR021,cwru_n12_DE_258,data/raw_native12_official/258.mat,X258_DE_time,0b9c84acca45c3ee6ecbd697eb186a903293809625fda231a18da8c588e34383,258,OR021@12,outer_race,21 mil,DE,DE,DE,CWRU_DE_6205,DE,12000,1.0,0.5,42000,54000,1796.0,0hp,12
cwru_native12.load.v1,1,CWRU,train,n12L:CWRU:cwru_n12_DE_258:DE:train:48000-60000,cwrun12_DE_OR021,DE_OR021,cwru_n12_DE_258,data/raw_native12_official/258.mat,X258_DE_time,0b9c84acca45c3ee6ecbd697eb186a903293809625fda231a18da8c588e34383,258,OR021@12,outer_race,21 mil,DE,DE,DE,CWRU_DE_6205,DE,12000,1.0,0.5,48000,60000,1796.0,0hp,12
cwru_native12.load.v1,1,CWRU,train,n12L:CWRU:cwru_n12_DE_258:DE:train:54000-66000,cwrun12_DE_OR021,DE_OR021,cwru_n12_DE_258,data/raw_native12_official/258.mat,X258_DE_time,0b9c84acca45c3ee6ecbd697eb186a903293809625fda231a18da8c588e34383,258,OR021@12,outer_race,21 mil,DE,DE,DE,CWRU_DE_6205,DE,12000,1.0,0.5,54000,66000,1796.0,0hp,12
cwru_native12.load.v1,1,CWRU,train,n12L:CWRU:cwru_n12_DE_258:DE:train:60000-72000,cwrun12_DE_OR021,DE_OR021,cwru_n12_DE_258,data/raw_native12_official/258.mat,X258_DE_time,0b9c84acca45c3ee6ecbd697eb186a903293809625fda231a18da8c588e34383,258,OR021@12,outer_race,21 mil,DE,DE,DE,CWRU_DE_6205,DE,12000,1.0,0.5,60000,72000,1796.0,0hp,12
cwru_native12.load.v1,1,CWRU,train,n12L:CWRU:cwru_n12_DE_258:DE:train:66000-78000,cwrun12_DE_OR021,DE_OR021,cwru_n12_DE_258,data/raw_native12_official/258.mat,X258_DE_time,0b9c84acca45c3ee6ecbd697eb186a903293809625fda231a18da8c588e34383,258,OR021@12,outer_race,21 mil,DE,DE,DE,CWRU_DE_6205,DE,12000,1.0,0.5,66000,78000,1796.0,0hp,12
cwru_native12.load.v1,1,CWRU,train,n12L:CWRU:cwru_n12_DE_258:DE:train:72000-84000,cwrun12_DE_OR021,DE_OR021,cwru_n12_DE_258,data/raw_native12_official/258.mat,X258_DE_time,0b9c84acca45c3ee6ecbd697eb186a903293809625fda231a18da8c588e34383,258,OR021@12,outer_race,21 mil,DE,DE,DE,CWRU_DE_6205,DE,12000,1.0,0.5,72000,84000,1796.0,0hp,12
cwru_native12.load.v1,1,CWRU,train,n12L:CWRU:cwru_n12_DE_258:DE:train:78000-90000,cwrun12_DE_OR021,DE_OR021,cwru_n12_DE_258,data/raw_native12_official/258.mat,X258_DE_time,0b9c84acca45c3ee6ecbd697eb186a903293809625fda231a18da8c588e34383,258,OR021@12,outer_race,21 mil,DE,DE,DE,CWRU_DE_6205,DE,12000,1.0,0.5,78000,90000,1796.0,0hp,12
cwru_native12.load.v1,1,CWRU,train,n12L:CWRU:cwru_n12_DE_258:DE:train:84000-96000,cwrun12_DE_OR021,DE_OR021,cwru_n12_DE_258,data/raw_native12_official/258.mat,X258_DE_time,0b9c84acca45c3ee6ecbd697eb186a903293809625fda231a18da8c588e34383,258,OR021@12,outer_race,21 mil,DE,DE,DE,CWRU_DE_6205,DE,12000,1.0,0.5,84000,96000,1796.0,0hp,12
cwru_native12.load.v1,1,CWRU,train,n12L:CWRU:cwru_n12_DE_258:DE:train:90000-102000,cwrun12_DE_OR021,DE_OR021,cwru_n12_DE_258,data/raw_native12_official/258.mat,X258_DE_time,0b9c84acca45c3ee6ecbd697eb186a903293809625fda231a18da8c588e34383,258,OR021@12,outer_race,21 mil,DE,DE,DE,CWRU_DE_6205,DE,12000,1.0,0.5,90000,102000,1796.0,0hp,12
cwru_native12.load.v1,1,CWRU,train,n12L:CWRU:cwru_n12_DE_258:DE:train:96000-108000,cwrun12_DE_OR021,DE_OR021,cwru_n12_DE_258,data/raw_native12_official/258.mat,X258_DE_time,0b9c84acca45c3ee6ecbd697eb186a903293809625fda231a18da8c588e34383,258,OR021@12,outer_race,21 mil,DE,DE,DE,CWRU_DE_6205,DE,12000,1.0,0.5,96000,108000,1796.0,0hp,12
cwru_native12.load.v1,1,CWRU,train,n12L:CWRU:cwru_n12_DE_258:DE:train:102000-114000,cwrun12_DE_OR021,DE_OR021,cwru_n12_DE_258,data/raw_native12_official/258.mat,X258_DE_time,0b9c84acca45c3ee6ecbd697eb186a903293809625fda231a18da8c588e34383,258,OR021@12,outer_race,21 mil,DE,DE,DE,CWRU_DE_6205,DE,12000,1.0,0.5,102000,114000,1796.0,0hp,12
cwru_native12.load.v1,1,CWRU,train,n12L:CWRU:cwru_n12_DE_258:DE:train:108000-120000,cwrun12_DE_OR021,DE_OR021,cwru_n12_DE_258,data/raw_native12_official/258.mat,X258_DE_time,0b9c84acca45c3ee6ecbd697eb186a903293809625fda231a18da8c588e34383,258,OR021@12,outer_race,21 mil,DE,DE,DE,CWRU_DE_6205,DE,12000,1.0,0.5,108000,120000,1796.0,0hp,12
cwru_native12.load.v1,1,CWRU,train,n12L:CWRU:cwru_n12_DE_259:DE:train:0-12000,cwrun12_DE_OR021,DE_OR021,cwru_n12_DE_259,data/raw_native12_official/259.mat,X259_DE_time,7d9f99e3a85d10d9c9548d09a2990f5dd35dd8a634d2f71ac1192a03ffadf1f2,259,OR021@12,outer_race,21 mil,DE,DE,DE,CWRU_DE_6205,DE,12000,1.0,0.5,0,12000,1771.0,1hp,12
cwru_native12.load.v1,1,CWRU,train,n12L:CWRU:cwru_n12_DE_259:DE:train:6000-18000,cwrun12_DE_OR021,DE_OR021,cwru_n12_DE_259,data/raw_native12_official/259.mat,X259_DE_time,7d9f99e3a85d10d9c9548d09a2990f5dd35dd8a634d2f71ac1192a03ffadf1f2,259,OR021@12,outer_race,21 mil,DE,DE,DE,CWRU_DE_6205,DE,12000,1.0,0.5,6000,18000,1771.0,1hp,12
cwru_native12.load.v1,1,CWRU,train,n12L:CWRU:cwru_n12_DE_259:DE:train:12000-24000,cwrun12_DE_OR021,DE_OR021,cwru_n12_DE_259,data/raw_native12_official/259.mat,X259_DE_time,7d9f99e3a85d10d9c9548d09a2990f5dd35dd8a634d2f71ac1192a03ffadf1f2,259,OR021@12,outer_race,21 mil,DE,DE,DE,CWRU_DE_6205,DE,12000,1.0,0.5,12000,24000,1771.0,1hp,12
cwru_native12.load.v1,1,CWRU,train,n12L:CWRU:cwru_n12_DE_259:DE:train:18000-30000,cwrun12_DE_OR021,DE_OR021,cwru_n12_DE_259,data/raw_native12_official/259.mat,X259_DE_time,7d9f99e3a85d10d9c9548d09a2990f5dd35dd8a634d2f71ac1192a03ffadf1f2,259,OR021@12,outer_race,21 mil,DE,DE,DE,CWRU_DE_6205,DE,12000,1.0,0.5,18000,30000,1771.0,1hp,12
cwru_native12.load.v1,1,CWRU,train,n12L:CWRU:cwru_n12_DE_259:DE:train:24000-36000,cwrun12_DE_OR021,DE_OR021,cwru_n12_DE_259,data/raw_native12_official/259.mat,X259_DE_time,7d9f99e3a85d10d9c9548d09a2990f5dd35dd8a634d2f71ac1192a03ffadf1f2,259,OR021@12,outer_race,21 mil,DE,DE,DE,CWRU_DE_6205,DE,12000,1.0,0.5,24000,36000,1771.0,1hp,12
cwru_native12.load.v1,1,CWRU,train,n12L:CWRU:cwru_n12_DE_259:DE:train:30000-42000,cwrun12_DE_OR021,DE_OR021,cwru_n12_DE_259,data/raw_native12_official/259.mat,X259_DE_time,7d9f99e3a85d10d9c9548d09a2990f5dd35dd8a634d2f71ac1192a03ffadf1f2,259,OR021@12,outer_race,21 mil,DE,DE,DE,CWRU_DE_6205,DE,12000,1.0,0.5,30000,42000,1771.0,1hp,12
cwru_native12.load.v1,1,CWRU,train,n12L:CWRU:cwru_n12_DE_259:DE:train:36000-48000,cwrun12_DE_OR021,DE_OR021,cwru_n12_DE_259,data/raw_native12_official/259.mat,X259_DE_time,7d9f99e3a85d10d9c9548d09a2990f5dd35dd8a634d2f71ac1192a03ffadf1f2,259,OR021@12,outer_race,21 mil,DE,DE,DE,CWRU_DE_6205,DE,12000,1.0,0.5,36000,48000,1771.0,1hp,12
cwru_native12.load.v1,1,CWRU,train,n12L:CWRU:cwru_n12_DE_259:DE:train:42000-54000,cwrun12_DE_OR021,DE_OR021,cwru_n12_DE_259,data/raw_native12_official/259.mat,X259_DE_time,7d9f99e3a85d10d9c9548d09a2990f5dd35dd8a634d2f71ac1192a03ffadf1f2,259,OR021@12,outer_race,21 mil,DE,DE,DE,CWRU_DE_6205,DE,12000,1.0,0.5,42000,54000,1771.0,1hp,12
cwru_native12.load.v1,1,CWRU,train,n12L:CWRU:cwru_n12_DE_259:DE:train:48000-60000,cwrun12_DE_OR021,DE_OR021,cwru_n12_DE_259,data/raw_native12_official/259.mat,X259_DE_time,7d9f99e3a85d10d9c9548d09a2990f5dd35dd8a634d2f71ac1192a03ffadf1f2,259,OR021@12,outer_race,21 mil,DE,DE,DE,CWRU_DE_6205,DE,12000,1.0,0.5,48000,60000,1771.0,1hp,12
cwru_native12.load.v1,1,CWRU,train,n12L:CWRU:cwru_n12_DE_259:DE:train:54000-66000,cwrun12_DE_OR021,DE_OR021,cwru_n12_DE_259,data/raw_native12_official/259.mat,X259_DE_time,7d9f99e3a85d10d9c9548d09a2990f5dd35dd8a634d2f71ac1192a03ffadf1f2,259,OR021@12,outer_race,21 mil,DE,DE,DE,CWRU_DE_6205,DE,12000,1.0,0.5,54000,66000,1771.0,1hp,12
cwru_native12.load.v1,1,CWRU,train,n12L:CWRU:cwru_n12_DE_259:DE:train:60000-72000,cwrun12_DE_OR021,DE_OR021,cwru_n12_DE_259,data/raw_native12_official/259.mat,X259_DE_time,7d9f99e3a85d10d9c9548d09a2990f5dd35dd8a634d2f71ac1192a03ffadf1f2,259,OR021@12,outer_race,21 mil,DE,DE,DE,CWRU_DE_6205,DE,12000,1.0,0.5,60000,72000,1771.0,1hp,12
cwru_native12.load.v1,1,CWRU,train,n12L:CWRU:cwru_n12_DE_259:DE:train:66000-78000,cwrun12_DE_OR021,DE_OR021,cwru_n12_DE_259,data/raw_native12_official/259.mat,X259_DE_time,7d9f99e3a85d10d9c9548d09a2990f5dd35dd8a634d2f71ac1192a03ffadf1f2,259,OR021@12,outer_race,21 mil,DE,DE,DE,CWRU_DE_6205,DE,12000,1.0,0.5,66000,78000,1771.0,1hp,12
cwru_native12.load.v1,1,CWRU,train,n12L:CWRU:cwru_n12_DE_259:DE:train:72000-84000,cwrun12_DE_OR021,DE_OR021,cwru_n12_DE_259,data/raw_native12_official/259.mat,X259_DE_time,7d9f99e3a85d10d9c9548d09a2990f5dd35dd8a634d2f71ac1192a03ffadf1f2,259,OR021@12,outer_race,21 mil,DE,DE,DE,CWRU_DE_6205,DE,12000,1.0,0.5,72000,84000,1771.0,1hp,12
cwru_native12.load.v1,1,CWRU,train,n12L:CWRU:cwru_n12_DE_259:DE:train:78000-90000,cwrun12_DE_OR021,DE_OR021,cwru_n12_DE_259,data/raw_native12_official/259.mat,X259_DE_time,7d9f99e3a85d10d9c9548d09a2990f5dd35dd8a634d2f71ac1192a03ffadf1f2,259,OR021@12,outer_race,21 mil,DE,DE,DE,CWRU_DE_6205,DE,12000,1.0,0.5,78000,90000,1771.0,1hp,12
cwru_native12.load.v1,1,CWRU,train,n12L:CWRU:cwru_n12_DE_259:DE:train:84000-96000,cwrun12_DE_OR021,DE_OR021,cwru_n12_DE_259,data/raw_native12_official/259.mat,X259_DE_time,7d9f99e3a85d10d9c9548d09a2990f5dd35dd8a634d2f71ac1192a03ffadf1f2,259,OR021@12,outer_race,21 mil,DE,DE,DE,CWRU_DE_6205,DE,12000,1.0,0.5,84000,96000,1771.0,1hp,12
cwru_native12.load.v1,1,CWRU,train,n12L:CWRU:cwru_n12_DE_259:DE:train:90000-102000,cwrun12_DE_OR021,DE_OR021,cwru_n12_DE_259,data/raw_native12_official/259.mat,X259_DE_time,7d9f99e3a85d10d9c9548d09a2990f5dd35dd8a634d2f71ac1192a03ffadf1f2,259,OR021@12,outer_race,21 mil,DE,DE,DE,CWRU_DE_6205,DE,12000,1.0,0.5,90000,102000,1771.0,1hp,12
cwru_native12.load.v1,1,CWRU,train,n12L:CWRU:cwru_n12_DE_259:DE:train:96000-108000,cwrun12_DE_OR021,DE_OR021,cwru_n12_DE_259,data/raw_native12_official/259.mat,X259_DE_time,7d9f99e3a85d10d9c9548d09a2990f5dd35dd8a634d2f71ac1192a03ffadf1f2,259,OR021@12,outer_race,21 mil,DE,DE,DE,CWRU_DE_6205,DE,12000,1.0,0.5,96000,108000,1771.0,1hp,12
cwru_native12.load.v1,1,CWRU,train,n12L:CWRU:cwru_n12_DE_259:DE:train:102000-114000,cwrun12_DE_OR021,DE_OR021,cwru_n12_DE_259,data/raw_native12_official/259.mat,X259_DE_time,7d9f99e3a85d10d9c9548d09a2990f5dd35dd8a634d2f71ac1192a03ffadf1f2,259,OR021@12,outer_race,21 mil,DE,DE,DE,CWRU_DE_6205,DE,12000,1.0,0.5,102000,114000,1771.0,1hp,12
cwru_native12.load.v1,1,CWRU,train,n12L:CWRU:cwru_n12_DE_259:DE:train:108000-120000,cwrun12_DE_OR021,DE_OR021,cwru_n12_DE_259,data/raw_native12_official/259.mat,X259_DE_time,7d9f99e3a85d10d9c9548d09a2990f5dd35dd8a634d2f71ac1192a03ffadf1f2,259,OR021@12,outer_race,21 mil,DE,DE,DE,CWRU_DE_6205,DE,12000,1.0,0.5,108000,120000,1771.0,1hp,12
cwru_native12.load.v1,1,CWRU,validation,n12L:CWRU:cwru_n12_DE_260:DE:validation:0-12000,cwrun12_DE_OR021,DE_OR021,cwru_n12_DE_260,data/raw_native12_official/260.mat,X260_DE_time,75b92225df9bdc8053809d9732fec4a5eac27e770bb78f9796998f8b7f6a15df,260,OR021@12,outer_race,21 mil,DE,DE,DE,CWRU_DE_6205,DE,12000,1.0,1.0,0,12000,1746.0,2hp,12
cwru_native12.load.v1,1,CWRU,validation,n12L:CWRU:cwru_n12_DE_260:DE:validation:12000-24000,cwrun12_DE_OR021,DE_OR021,cwru_n12_DE_260,data/raw_native12_official/260.mat,X260_DE_time,75b92225df9bdc8053809d9732fec4a5eac27e770bb78f9796998f8b7f6a15df,260,OR021@12,outer_race,21 mil,DE,DE,DE,CWRU_DE_6205,DE,12000,1.0,1.0,12000,24000,1746.0,2hp,12
cwru_native12.load.v1,1,CWRU,validation,n12L:CWRU:cwru_n12_DE_260:DE:validation:24000-36000,cwrun12_DE_OR021,DE_OR021,cwru_n12_DE_260,data/raw_native12_official/260.mat,X260_DE_time,75b92225df9bdc8053809d9732fec4a5eac27e770bb78f9796998f8b7f6a15df,260,OR021@12,outer_race,21 mil,DE,DE,DE,CWRU_DE_6205,DE,12000,1.0,1.0,24000,36000,1746.0,2hp,12
cwru_native12.load.v1,1,CWRU,validation,n12L:CWRU:cwru_n12_DE_260:DE:validation:36000-48000,cwrun12_DE_OR021,DE_OR021,cwru_n12_DE_260,data/raw_native12_official/260.mat,X260_DE_time,75b92225df9bdc8053809d9732fec4a5eac27e770bb78f9796998f8b7f6a15df,260,OR021@12,outer_race,21 mil,DE,DE,DE,CWRU_DE_6205,DE,12000,1.0,1.0,36000,48000,1746.0,2hp,12
cwru_native12.load.v1,1,CWRU,validation,n12L:CWRU:cwru_n12_DE_260:DE:validation:48000-60000,cwrun12_DE_OR021,DE_OR021,cwru_n12_DE_260,data/raw_native12_official/260.mat,X260_DE_time,75b92225df9bdc8053809d9732fec4a5eac27e770bb78f9796998f8b7f6a15df,260,OR021@12,outer_race,21 mil,DE,DE,DE,CWRU_DE_6205,DE,12000,1.0,1.0,48000,60000,1746.0,2hp,12
cwru_native12.load.v1,1,CWRU,validation,n12L:CWRU:cwru_n12_DE_260:DE:validation:60000-72000,cwrun12_DE_OR021,DE_OR021,cwru_n12_DE_260,data/raw_native12_official/260.mat,X260_DE_time,75b92225df9bdc8053809d9732fec4a5eac27e770bb78f9796998f8b7f6a15df,260,OR021@12,outer_race,21 mil,DE,DE,DE,CWRU_DE_6205,DE,12000,1.0,1.0,60000,72000,1746.0,2hp,12
cwru_native12.load.v1,1,CWRU,validation,n12L:CWRU:cwru_n12_DE_260:DE:validation:72000-84000,cwrun12_DE_OR021,DE_OR021,cwru_n12_DE_260,data/raw_native12_official/260.mat,X260_DE_time,75b92225df9bdc8053809d9732fec4a5eac27e770bb78f9796998f8b7f6a15df,260,OR021@12,outer_race,21 mil,DE,DE,DE,CWRU_DE_6205,DE,12000,1.0,1.0,72000,84000,1746.0,2hp,12
cwru_native12.load.v1,1,CWRU,validation,n12L:CWRU:cwru_n12_DE_260:DE:validation:84000-96000,cwrun12_DE_OR021,DE_OR021,cwru_n12_DE_260,data/raw_native12_official/260.mat,X260_DE_time,75b92225df9bdc8053809d9732fec4a5eac27e770bb78f9796998f8b7f6a15df,260,OR021@12,outer_race,21 mil,DE,DE,DE,CWRU_DE_6205,DE,12000,1.0,1.0,84000,96000,1746.0,2hp,12
cwru_native12.load.v1,1,CWRU,validation,n12L:CWRU:cwru_n12_DE_260:DE:validation:96000-108000,cwrun12_DE_OR021,DE_OR021,cwru_n12_DE_260,data/raw_native12_official/260.mat,X260_DE_time,75b92225df9bdc8053809d9732fec4a5eac27e770bb78f9796998f8b7f6a15df,260,OR021@12,outer_race,21 mil,DE,DE,DE,CWRU_DE_6205,DE,12000,1.0,1.0,96000,108000,1746.0,2hp,12
cwru_native12.load.v1,1,CWRU,validation,n12L:CWRU:cwru_n12_DE_260:DE:validation:108000-120000,cwrun12_DE_OR021,DE_OR021,cwru_n12_DE_260,data/raw_native12_official/260.mat,X260_DE_time,75b92225df9bdc8053809d9732fec4a5eac27e770bb78f9796998f8b7f6a15df,260,OR021@12,outer_race,21 mil,DE,DE,DE,CWRU_DE_6205,DE,12000,1.0,1.0,108000,120000,1746.0,2hp,12
cwru_native12.load.v1,1,CWRU,test,n12L:CWRU:cwru_n12_DE_261:DE:test:0-12000,cwrun12_DE_OR021,DE_OR021,cwru_n12_DE_261,data/raw_native12_official/261.mat,X261_DE_time,d89e31d7ba9f08e183e9acdea10f814a89837e38e6762a7dde4d871a976437a1,261,OR021@12,outer_race,21 mil,DE,DE,DE,CWRU_DE_6205,DE,12000,1.0,1.0,0,12000,1718.0,3hp,12
cwru_native12.load.v1,1,CWRU,test,n12L:CWRU:cwru_n12_DE_261:DE:test:12000-24000,cwrun12_DE_OR021,DE_OR021,cwru_n12_DE_261,data/raw_native12_official/261.mat,X261_DE_time,d89e31d7ba9f08e183e9acdea10f814a89837e38e6762a7dde4d871a976437a1,261,OR021@12,outer_race,21 mil,DE,DE,DE,CWRU_DE_6205,DE,12000,1.0,1.0,12000,24000,1718.0,3hp,12
cwru_native12.load.v1,1,CWRU,test,n12L:CWRU:cwru_n12_DE_261:DE:test:24000-36000,cwrun12_DE_OR021,DE_OR021,cwru_n12_DE_261,data/raw_native12_official/261.mat,X261_DE_time,d89e31d7ba9f08e183e9acdea10f814a89837e38e6762a7dde4d871a976437a1,261,OR021@12,outer_race,21 mil,DE,DE,DE,CWRU_DE_6205,DE,12000,1.0,1.0,24000,36000,1718.0,3hp,12
cwru_native12.load.v1,1,CWRU,test,n12L:CWRU:cwru_n12_DE_261:DE:test:36000-48000,cwrun12_DE_OR021,DE_OR021,cwru_n12_DE_261,data/raw_native12_official/261.mat,X261_DE_time,d89e31d7ba9f08e183e9acdea10f814a89837e38e6762a7dde4d871a976437a1,261,OR021@12,outer_race,21 mil,DE,DE,DE,CWRU_DE_6205,DE,12000,1.0,1.0,36000,48000,1718.0,3hp,12
cwru_native12.load.v1,1,CWRU,test,n12L:CWRU:cwru_n12_DE_261:DE:test:48000-60000,cwrun12_DE_OR021,DE_OR021,cwru_n12_DE_261,data/raw_native12_official/261.mat,X261_DE_time,d89e31d7ba9f08e183e9acdea10f814a89837e38e6762a7dde4d871a976437a1,261,OR021@12,outer_race,21 mil,DE,DE,DE,CWRU_DE_6205,DE,12000,1.0,1.0,48000,60000,1718.0,3hp,12
cwru_native12.load.v1,1,CWRU,test,n12L:CWRU:cwru_n12_DE_261:DE:test:60000-72000,cwrun12_DE_OR021,DE_OR021,cwru_n12_DE_261,data/raw_native12_official/261.mat,X261_DE_time,d89e31d7ba9f08e183e9acdea10f814a89837e38e6762a7dde4d871a976437a1,261,OR021@12,outer_race,21 mil,DE,DE,DE,CWRU_DE_6205,DE,12000,1.0,1.0,60000,72000,1718.0,3hp,12
cwru_native12.load.v1,1,CWRU,test,n12L:CWRU:cwru_n12_DE_261:DE:test:72000-84000,cwrun12_DE_OR021,DE_OR021,cwru_n12_DE_261,data/raw_native12_official/261.mat,X261_DE_time,d89e31d7ba9f08e183e9acdea10f814a89837e38e6762a7dde4d871a976437a1,261,OR021@12,outer_race,21 mil,DE,DE,DE,CWRU_DE_6205,DE,12000,1.0,1.0,72000,84000,1718.0,3hp,12
cwru_native12.load.v1,1,CWRU,test,n12L:CWRU:cwru_n12_DE_261:DE:test:84000-96000,cwrun12_DE_OR021,DE_OR021,cwru_n12_DE_261,data/raw_native12_official/261.mat,X261_DE_time,d89e31d7ba9f08e183e9acdea10f814a89837e38e6762a7dde4d871a976437a1,261,OR021@12,outer_race,21 mil,DE,DE,DE,CWRU_DE_6205,DE,12000,1.0,1.0,84000,96000,1718.0,3hp,12
cwru_native12.load.v1,1,CWRU,test,n12L:CWRU:cwru_n12_DE_261:DE:test:96000-108000,cwrun12_DE_OR021,DE_OR021,cwru_n12_DE_261,data/raw_native12_official/261.mat,X261_DE_time,d89e31d7ba9f08e183e9acdea10f814a89837e38e6762a7dde4d871a976437a1,261,OR021@12,outer_race,21 mil,DE,DE,DE,CWRU_DE_6205,DE,12000,1.0,1.0,96000,108000,1718.0,3hp,12
cwru_native12.load.v1,1,CWRU,test,n12L:CWRU:cwru_n12_DE_261:DE:test:108000-120000,cwrun12_DE_OR021,DE_OR021,cwru_n12_DE_261,data/raw_native12_official/261.mat,X261_DE_time,d89e31d7ba9f08e183e9acdea10f814a89837e38e6762a7dde4d871a976437a1,261,OR021@12,outer_race,21 mil,DE,DE,DE,CWRU_DE_6205,DE,12000,1.0,1.0,108000,120000,1718.0,3hp,12
cwru_native12.load.v1,1,CWRU,train,n12L:CWRU:cwru_n12_DE_246:DE:train:0-12000,cwrun12_DE_OR021,DE_OR021,cwru_n12_DE_246,data/raw/outer_race/OR021@12_0_DE12k.mat,X246_DE_time,9e02c5e5785f51cc9a60bf31ccb14e6869ff7d452e4aedefa325aa8a6d9da4e9,246,OR021@3,outer_race,21 mil,DE,DE,DE,CWRU_DE_6205,DE,12000,1.0,0.5,0,12000,1796.0,0hp,3
cwru_native12.load.v1,1,CWRU,train,n12L:CWRU:cwru_n12_DE_246:DE:train:6000-18000,cwrun12_DE_OR021,DE_OR021,cwru_n12_DE_246,data/raw/outer_race/OR021@12_0_DE12k.mat,X246_DE_time,9e02c5e5785f51cc9a60bf31ccb14e6869ff7d452e4aedefa325aa8a6d9da4e9,246,OR021@3,outer_race,21 mil,DE,DE,DE,CWRU_DE_6205,DE,12000,1.0,0.5,6000,18000,1796.0,0hp,3
cwru_native12.load.v1,1,CWRU,train,n12L:CWRU:cwru_n12_DE_246:DE:train:12000-24000,cwrun12_DE_OR021,DE_OR021,cwru_n12_DE_246,data/raw/outer_race/OR021@12_0_DE12k.mat,X246_DE_time,9e02c5e5785f51cc9a60bf31ccb14e6869ff7d452e4aedefa325aa8a6d9da4e9,246,OR021@3,outer_race,21 mil,DE,DE,DE,CWRU_DE_6205,DE,12000,1.0,0.5,12000,24000,1796.0,0hp,3
cwru_native12.load.v1,1,CWRU,train,n12L:CWRU:cwru_n12_DE_246:DE:train:18000-30000,cwrun12_DE_OR021,DE_OR021,cwru_n12_DE_246,data/raw/outer_race/OR021@12_0_DE12k.mat,X246_DE_time,9e02c5e5785f51cc9a60bf31ccb14e6869ff7d452e4aedefa325aa8a6d9da4e9,246,OR021@3,outer_race,21 mil,DE,DE,DE,CWRU_DE_6205,DE,12000,1.0,0.5,18000,30000,1796.0,0hp,3
cwru_native12.load.v1,1,CWRU,train,n12L:CWRU:cwru_n12_DE_246:DE:train:24000-36000,cwrun12_DE_OR021,DE_OR021,cwru_n12_DE_246,data/raw/outer_race/OR021@12_0_DE12k.mat,X246_DE_time,9e02c5e5785f51cc9a60bf31ccb14e6869ff7d452e4aedefa325aa8a6d9da4e9,246,OR021@3,outer_race,21 mil,DE,DE,DE,CWRU_DE_6205,DE,12000,1.0,0.5,24000,36000,1796.0,0hp,3
cwru_native12.load.v1,1,CWRU,train,n12L:CWRU:cwru_n12_DE_246:DE:train:30000-42000,cwrun12_DE_OR021,DE_OR021,cwru_n12_DE_246,data/raw/outer_race/OR021@12_0_DE12k.mat,X246_DE_time,9e02c5e5785f51cc9a60bf31ccb14e6869ff7d452e4aedefa325aa8a6d9da4e9,246,OR021@3,outer_race,21 mil,DE,DE,DE,CWRU_DE_6205,DE,12000,1.0,0.5,30000,42000,1796.0,0hp,3
cwru_native12.load.v1,1,CWRU,train,n12L:CWRU:cwru_n12_DE_246:DE:train:36000-48000,cwrun12_DE_OR021,DE_OR021,cwru_n12_DE_246,data/raw/outer_race/OR021@12_0_DE12k.mat,X246_DE_time,9e02c5e5785f51cc9a60bf31ccb14e6869ff7d452e4aedefa325aa8a6d9da4e9,246,OR021@3,outer_race,21 mil,DE,DE,DE,CWRU_DE_6205,DE,12000,1.0,0.5,36000,48000,1796.0,0hp,3
cwru_native12.load.v1,1,CWRU,train,n12L:CWRU:cwru_n12_DE_246:DE:train:42000-54000,cwrun12_DE_OR021,DE_OR021,cwru_n12_DE_246,data/raw/outer_race/OR021@12_0_DE12k.mat,X246_DE_time,9e02c5e5785f51cc9a60bf31ccb14e6869ff7d452e4aedefa325aa8a6d9da4e9,246,OR021@3,outer_race,21 mil,DE,DE,DE,CWRU_DE_6205,DE,12000,1.0,0.5,42000,54000,1796.0,0hp,3
cwru_native12.load.v1,1,CWRU,train,n12L:CWRU:cwru_n12_DE_246:DE:train:48000-60000,cwrun12_DE_OR021,DE_OR021,cwru_n12_DE_246,data/raw/outer_race/OR021@12_0_DE12k.mat,X246_DE_time,9e02c5e5785f51cc9a60bf31ccb14e6869ff7d452e4aedefa325aa8a6d9da4e9,246,OR021@3,outer_race,21 mil,DE,DE,DE,CWRU_DE_6205,DE,12000,1.0,0.5,48000,60000,1796.0,0hp,3
cwru_native12.load.v1,1,CWRU,train,n12L:CWRU:cwru_n12_DE_246:DE:train:54000-66000,cwrun12_DE_OR021,DE_OR021,cwru_n12_DE_246,data/raw/outer_race/OR021@12_0_DE12k.mat,X246_DE_time,9e02c5e5785f51cc9a60bf31ccb14e6869ff7d452e4aedefa325aa8a6d9da4e9,246,OR021@3,outer_race,21 mil,DE,DE,DE,CWRU_DE_6205,DE,12000,1.0,0.5,54000,66000,1796.0,0hp,3
cwru_native12.load.v1,1,CWRU,train,n12L:CWRU:cwru_n12_DE_246:DE:train:60000-72000,cwrun12_DE_OR021,DE_OR021,cwru_n12_DE_246,data/raw/outer_race/OR021@12_0_DE12k.mat,X246_DE_time,9e02c5e5785f51cc9a60bf31ccb14e6869ff7d452e4aedefa325aa8a6d9da4e9,246,OR021@3,outer_race,21 mil,DE,DE,DE,CWRU_DE_6205,DE,12000,1.0,0.5,60000,72000,1796.0,0hp,3
cwru_native12.load.v1,1,CWRU,train,n12L:CWRU:cwru_n12_DE_246:DE:train:66000-78000,cwrun12_DE_OR021,DE_OR021,cwru_n12_DE_246,data/raw/outer_race/OR021@12_0_DE12k.mat,X246_DE_time,9e02c5e5785f51cc9a60bf31ccb14e6869ff7d452e4aedefa325aa8a6d9da4e9,246,OR021@3,outer_race,21 mil,DE,DE,DE,CWRU_DE_6205,DE,12000,1.0,0.5,66000,78000,1796.0,0hp,3
cwru_native12.load.v1,1,CWRU,train,n12L:CWRU:cwru_n12_DE_246:DE:train:72000-84000,cwrun12_DE_OR021,DE_OR021,cwru_n12_DE_246,data/raw/outer_race/OR021@12_0_DE12k.mat,X246_DE_time,9e02c5e5785f51cc9a60bf31ccb14e6869ff7d452e4aedefa325aa8a6d9da4e9,246,OR021@3,outer_race,21 mil,DE,DE,DE,CWRU_DE_6205,DE,12000,1.0,0.5,72000,84000,1796.0,0hp,3
cwru_native12.load.v1,1,CWRU,train,n12L:CWRU:cwru_n12_DE_246:DE:train:78000-90000,cwrun12_DE_OR021,DE_OR021,cwru_n12_DE_246,data/raw/outer_race/OR021@12_0_DE12k.mat,X246_DE_time,9e02c5e5785f51cc9a60bf31ccb14e6869ff7d452e4aedefa325aa8a6d9da4e9,246,OR021@3,outer_race,21 mil,DE,DE,DE,CWRU_DE_6205,DE,12000,1.0,0.5,78000,90000,1796.0,0hp,3
cwru_native12.load.v1,1,CWRU,train,n12L:CWRU:cwru_n12_DE_246:DE:train:84000-96000,cwrun12_DE_OR021,DE_OR021,cwru_n12_DE_246,data/raw/outer_race/OR021@12_0_DE12k.mat,X246_DE_time,9e02c5e5785f51cc9a60bf31ccb14e6869ff7d452e4aedefa325aa8a6d9da4e9,246,OR021@3,outer_race,21 mil,DE,DE,DE,CWRU_DE_6205,DE,12000,1.0,0.5,84000,96000,1796.0,0hp,3
cwru_native12.load.v1,1,CWRU,train,n12L:CWRU:cwru_n12_DE_246:DE:train:90000-102000,cwrun12_DE_OR021,DE_OR021,cwru_n12_DE_246,data/raw/outer_race/OR021@12_0_DE12k.mat,X246_DE_time,9e02c5e5785f51cc9a60bf31ccb14e6869ff7d452e4aedefa325aa8a6d9da4e9,246,OR021@3,outer_race,21 mil,DE,DE,DE,CWRU_DE_6205,DE,12000,1.0,0.5,90000,102000,1796.0,0hp,3
cwru_native12.load.v1,1,CWRU,train,n12L:CWRU:cwru_n12_DE_246:DE:train:96000-108000,cwrun12_DE_OR021,DE_OR021,cwru_n12_DE_246,data/raw/outer_race/OR021@12_0_DE12k.mat,X246_DE_time,9e02c5e5785f51cc9a60bf31ccb14e6869ff7d452e4aedefa325aa8a6d9da4e9,246,OR021@3,outer_race,21 mil,DE,DE,DE,CWRU_DE_6205,DE,12000,1.0,0.5,96000,108000,1796.0,0hp,3
cwru_native12.load.v1,1,CWRU,train,n12L:CWRU:cwru_n12_DE_246:DE:train:102000-114000,cwrun12_DE_OR021,DE_OR021,cwru_n12_DE_246,data/raw/outer_race/OR021@12_0_DE12k.mat,X246_DE_time,9e02c5e5785f51cc9a60bf31ccb14e6869ff7d452e4aedefa325aa8a6d9da4e9,246,OR021@3,outer_race,21 mil,DE,DE,DE,CWRU_DE_6205,DE,12000,1.0,0.5,102000,114000,1796.0,0hp,3
cwru_native12.load.v1,1,CWRU,train,n12L:CWRU:cwru_n12_DE_246:DE:train:108000-120000,cwrun12_DE_OR021,DE_OR021,cwru_n12_DE_246,data/raw/outer_race/OR021@12_0_DE12k.mat,X246_DE_time,9e02c5e5785f51cc9a60bf31ccb14e6869ff7d452e4aedefa325aa8a6d9da4e9,246,OR021@3,outer_race,21 mil,DE,DE,DE,CWRU_DE_6205,DE,12000,1.0,0.5,108000,120000,1796.0,0hp,3
cwru_native12.load.v1,1,CWRU,train,n12L:CWRU:cwru_n12_DE_247:DE:train:0-12000,cwrun12_DE_OR021,DE_OR021,cwru_n12_DE_247,data/raw/outer_race/OR021@12_1_DE12k.mat,X247_DE_time,83ed7f952bd0e1c412ca490e1757a36c4f91ffdef75ce359daaeec4a5b0466fa,247,OR021@3,outer_race,21 mil,DE,DE,DE,CWRU_DE_6205,DE,12000,1.0,0.5,0,12000,1771.0,1hp,3
cwru_native12.load.v1,1,CWRU,train,n12L:CWRU:cwru_n12_DE_247:DE:train:6000-18000,cwrun12_DE_OR021,DE_OR021,cwru_n12_DE_247,data/raw/outer_race/OR021@12_1_DE12k.mat,X247_DE_time,83ed7f952bd0e1c412ca490e1757a36c4f91ffdef75ce359daaeec4a5b0466fa,247,OR021@3,outer_race,21 mil,DE,DE,DE,CWRU_DE_6205,DE,12000,1.0,0.5,6000,18000,1771.0,1hp,3
cwru_native12.load.v1,1,CWRU,train,n12L:CWRU:cwru_n12_DE_247:DE:train:12000-24000,cwrun12_DE_OR021,DE_OR021,cwru_n12_DE_247,data/raw/outer_race/OR021@12_1_DE12k.mat,X247_DE_time,83ed7f952bd0e1c412ca490e1757a36c4f91ffdef75ce359daaeec4a5b0466fa,247,OR021@3,outer_race,21 mil,DE,DE,DE,CWRU_DE_6205,DE,12000,1.0,0.5,12000,24000,1771.0,1hp,3
cwru_native12.load.v1,1,CWRU,train,n12L:CWRU:cwru_n12_DE_247:DE:train:18000-30000,cwrun12_DE_OR021,DE_OR021,cwru_n12_DE_247,data/raw/outer_race/OR021@12_1_DE12k.mat,X247_DE_time,83ed7f952bd0e1c412ca490e1757a36c4f91ffdef75ce359daaeec4a5b0466fa,247,OR021@3,outer_race,21 mil,DE,DE,DE,CWRU_DE_6205,DE,12000,1.0,0.5,18000,30000,1771.0,1hp,3
cwru_native12.load.v1,1,CWRU,train,n12L:CWRU:cwru_n12_DE_247:DE:train:24000-36000,cwrun12_DE_OR021,DE_OR021,cwru_n12_DE_247,data/raw/outer_race/OR021@12_1_DE12k.mat,X247_DE_time,83ed7f952bd0e1c412ca490e1757a36c4f91ffdef75ce359daaeec4a5b0466fa,247,OR021@3,outer_race,21 mil,DE,DE,DE,CWRU_DE_6205,DE,12000,1.0,0.5,24000,36000,1771.0,1hp,3
cwru_native12.load.v1,1,CWRU,train,n12L:CWRU:cwru_n12_DE_247:DE:train:30000-42000,cwrun12_DE_OR021,DE_OR021,cwru_n12_DE_247,data/raw/outer_race/OR021@12_1_DE12k.mat,X247_DE_time,83ed7f952bd0e1c412ca490e1757a36c4f91ffdef75ce359daaeec4a5b0466fa,247,OR021@3,outer_race,21 mil,DE,DE,DE,CWRU_DE_6205,DE,12000,1.0,0.5,30000,42000,1771.0,1hp,3
cwru_native12.load.v1,1,CWRU,train,n12L:CWRU:cwru_n12_DE_247:DE:train:36000-48000,cwrun12_DE_OR021,DE_OR021,cwru_n12_DE_247,data/raw/outer_race/OR021@12_1_DE12k.mat,X247_DE_time,83ed7f952bd0e1c412ca490e1757a36c4f91ffdef75ce359daaeec4a5b0466fa,247,OR021@3,outer_race,21 mil,DE,DE,DE,CWRU_DE_6205,DE,12000,1.0,0.5,36000,48000,1771.0,1hp,3
cwru_native12.load.v1,1,CWRU,train,n12L:CWRU:cwru_n12_DE_247:DE:train:42000-54000,cwrun12_DE_OR021,DE_OR021,cwru_n12_DE_247,data/raw/outer_race/OR021@12_1_DE12k.mat,X247_DE_time,83ed7f952bd0e1c412ca490e1757a36c4f91ffdef75ce359daaeec4a5b0466fa,247,OR021@3,outer_race,21 mil,DE,DE,DE,CWRU_DE_6205,DE,12000,1.0,0.5,42000,54000,1771.0,1hp,3
cwru_native12.load.v1,1,CWRU,train,n12L:CWRU:cwru_n12_DE_247:DE:train:48000-60000,cwrun12_DE_OR021,DE_OR021,cwru_n12_DE_247,data/raw/outer_race/OR021@12_1_DE12k.mat,X247_DE_time,83ed7f952bd0e1c412ca490e1757a36c4f91ffdef75ce359daaeec4a5b0466fa,247,OR021@3,outer_race,21 mil,DE,DE,DE,CWRU_DE_6205,DE,12000,1.0,0.5,48000,60000,1771.0,1hp,3
cwru_native12.load.v1,1,CWRU,train,n12L:CWRU:cwru_n12_DE_247:DE:train:54000-66000,cwrun12_DE_OR021,DE_OR021,cwru_n12_DE_247,data/raw/outer_race/OR021@12_1_DE12k.mat,X247_DE_time,83ed7f952bd0e1c412ca490e1757a36c4f91ffdef75ce359daaeec4a5b0466fa,247,OR021@3,outer_race,21 mil,DE,DE,DE,CWRU_DE_6205,DE,12000,1.0,0.5,54000,66000,1771.0,1hp,3
cwru_native12.load.v1,1,CWRU,train,n12L:CWRU:cwru_n12_DE_247:DE:train:60000-72000,cwrun12_DE_OR021,DE_OR021,cwru_n12_DE_247,data/raw/outer_race/OR021@12_1_DE12k.mat,X247_DE_time,83ed7f952bd0e1c412ca490e1757a36c4f91ffdef75ce359daaeec4a5b0466fa,247,OR021@3,outer_race,21 mil,DE,DE,DE,CWRU_DE_6205,DE,12000,1.0,0.5,60000,72000,1771.0,1hp,3
cwru_native12.load.v1,1,CWRU,train,n12L:CWRU:cwru_n12_DE_247:DE:train:66000-78000,cwrun12_DE_OR021,DE_OR021,cwru_n12_DE_247,data/raw/outer_race/OR021@12_1_DE12k.mat,X247_DE_time,83ed7f952bd0e1c412ca490e1757a36c4f91ffdef75ce359daaeec4a5b0466fa,247,OR021@3,outer_race,21 mil,DE,DE,DE,CWRU_DE_6205,DE,12000,1.0,0.5,66000,78000,1771.0,1hp,3
cwru_native12.load.v1,1,CWRU,train,n12L:CWRU:cwru_n12_DE_247:DE:train:72000-84000,cwrun12_DE_OR021,DE_OR021,cwru_n12_DE_247,data/raw/outer_race/OR021@12_1_DE12k.mat,X247_DE_time,83ed7f952bd0e1c412ca490e1757a36c4f91ffdef75ce359daaeec4a5b0466fa,247,OR021@3,outer_race,21 mil,DE,DE,DE,CWRU_DE_6205,DE,12000,1.0,0.5,72000,84000,1771.0,1hp,3
cwru_native12.load.v1,1,CWRU,train,n12L:CWRU:cwru_n12_DE_247:DE:train:78000-90000,cwrun12_DE_OR021,DE_OR021,cwru_n12_DE_247,data/raw/outer_race/OR021@12_1_DE12k.mat,X247_DE_time,83ed7f952bd0e1c412ca490e1757a36c4f91ffdef75ce359daaeec4a5b0466fa,247,OR021@3,outer_race,21 mil,DE,DE,DE,CWRU_DE_6205,DE,12000,1.0,0.5,78000,90000,1771.0,1hp,3
cwru_native12.load.v1,1,CWRU,train,n12L:CWRU:cwru_n12_DE_247:DE:train:84000-96000,cwrun12_DE_OR021,DE_OR021,cwru_n12_DE_247,data/raw/outer_race/OR021@12_1_DE12k.mat,X247_DE_time,83ed7f952bd0e1c412ca490e1757a36c4f91ffdef75ce359daaeec4a5b0466fa,247,OR021@3,outer_race,21 mil,DE,DE,DE,CWRU_DE_6205,DE,12000,1.0,0.5,84000,96000,1771.0,1hp,3
cwru_native12.load.v1,1,CWRU,train,n12L:CWRU:cwru_n12_DE_247:DE:train:90000-102000,cwrun12_DE_OR021,DE_OR021,cwru_n12_DE_247,data/raw/outer_race/OR021@12_1_DE12k.mat,X247_DE_time,83ed7f952bd0e1c412ca490e1757a36c4f91ffdef75ce359daaeec4a5b0466fa,247,OR021@3,outer_race,21 mil,DE,DE,DE,CWRU_DE_6205,DE,12000,1.0,0.5,90000,102000,1771.0,1hp,3
cwru_native12.load.v1,1,CWRU,train,n12L:CWRU:cwru_n12_DE_247:DE:train:96000-108000,cwrun12_DE_OR021,DE_OR021,cwru_n12_DE_247,data/raw/outer_race/OR021@12_1_DE12k.mat,X247_DE_time,83ed7f952bd0e1c412ca490e1757a36c4f91ffdef75ce359daaeec4a5b0466fa,247,OR021@3,outer_race,21 mil,DE,DE,DE,CWRU_DE_6205,DE,12000,1.0,0.5,96000,108000,1771.0,1hp,3
cwru_native12.load.v1,1,CWRU,train,n12L:CWRU:cwru_n12_DE_247:DE:train:102000-114000,cwrun12_DE_OR021,DE_OR021,cwru_n12_DE_247,data/raw/outer_race/OR021@12_1_DE12k.mat,X247_DE_time,83ed7f952bd0e1c412ca490e1757a36c4f91ffdef75ce359daaeec4a5b0466fa,247,OR021@3,outer_race,21 mil,DE,DE,DE,CWRU_DE_6205,DE,12000,1.0,0.5,102000,114000,1771.0,1hp,3
cwru_native12.load.v1,1,CWRU,train,n12L:CWRU:cwru_n12_DE_247:DE:train:108000-120000,cwrun12_DE_OR021,DE_OR021,cwru_n12_DE_247,data/raw/outer_race/OR021@12_1_DE12k.mat,X247_DE_time,83ed7f952bd0e1c412ca490e1757a36c4f91ffdef75ce359daaeec4a5b0466fa,247,OR021@3,outer_race,21 mil,DE,DE,DE,CWRU_DE_6205,DE,12000,1.0,0.5,108000,120000,1771.0,1hp,3
cwru_native12.load.v1,1,CWRU,validation,n12L:CWRU:cwru_n12_DE_248:DE:validation:0-12000,cwrun12_DE_OR021,DE_OR021,cwru_n12_DE_248,data/raw/outer_race/OR021@12_2_DE12k.mat,X248_DE_time,d3418e8f9884493548bdddb5406f84a4fd0e73ec153b8f3dfd4633525685ff10,248,OR021@3,outer_race,21 mil,DE,DE,DE,CWRU_DE_6205,DE,12000,1.0,1.0,0,12000,1747.0,2hp,3
cwru_native12.load.v1,1,CWRU,validation,n12L:CWRU:cwru_n12_DE_248:DE:validation:12000-24000,cwrun12_DE_OR021,DE_OR021,cwru_n12_DE_248,data/raw/outer_race/OR021@12_2_DE12k.mat,X248_DE_time,d3418e8f9884493548bdddb5406f84a4fd0e73ec153b8f3dfd4633525685ff10,248,OR021@3,outer_race,21 mil,DE,DE,DE,CWRU_DE_6205,DE,12000,1.0,1.0,12000,24000,1747.0,2hp,3
cwru_native12.load.v1,1,CWRU,validation,n12L:CWRU:cwru_n12_DE_248:DE:validation:24000-36000,cwrun12_DE_OR021,DE_OR021,cwru_n12_DE_248,data/raw/outer_race/OR021@12_2_DE12k.mat,X248_DE_time,d3418e8f9884493548bdddb5406f84a4fd0e73ec153b8f3dfd4633525685ff10,248,OR021@3,outer_race,21 mil,DE,DE,DE,CWRU_DE_6205,DE,12000,1.0,1.0,24000,36000,1747.0,2hp,3
cwru_native12.load.v1,1,CWRU,validation,n12L:CWRU:cwru_n12_DE_248:DE:validation:36000-48000,cwrun12_DE_OR021,DE_OR021,cwru_n12_DE_248,data/raw/outer_race/OR021@12_2_DE12k.mat,X248_DE_time,d3418e8f9884493548bdddb5406f84a4fd0e73ec153b8f3dfd4633525685ff10,248,OR021@3,outer_race,21 mil,DE,DE,DE,CWRU_DE_6205,DE,12000,1.0,1.0,36000,48000,1747.0,2hp,3
cwru_native12.load.v1,1,CWRU,validation,n12L:CWRU:cwru_n12_DE_248:DE:validation:48000-60000,cwrun12_DE_OR021,DE_OR021,cwru_n12_DE_248,data/raw/outer_race/OR021@12_2_DE12k.mat,X248_DE_time,d3418e8f9884493548bdddb5406f84a4fd0e73ec153b8f3dfd4633525685ff10,248,OR021@3,outer_race,21 mil,DE,DE,DE,CWRU_DE_6205,DE,12000,1.0,1.0,48000,60000,1747.0,2hp,3
cwru_native12.load.v1,1,CWRU,validation,n12L:CWRU:cwru_n12_DE_248:DE:validation:60000-72000,cwrun12_DE_OR021,DE_OR021,cwru_n12_DE_248,data/raw/outer_race/OR021@12_2_DE12k.mat,X248_DE_time,d3418e8f9884493548bdddb5406f84a4fd0e73ec153b8f3dfd4633525685ff10,248,OR021@3,outer_race,21 mil,DE,DE,DE,CWRU_DE_6205,DE,12000,1.0,1.0,60000,72000,1747.0,2hp,3
cwru_native12.load.v1,1,CWRU,validation,n12L:CWRU:cwru_n12_DE_248:DE:validation:72000-84000,cwrun12_DE_OR021,DE_OR021,cwru_n12_DE_248,data/raw/outer_race/OR021@12_2_DE12k.mat,X248_DE_time,d3418e8f9884493548bdddb5406f84a4fd0e73ec153b8f3dfd4633525685ff10,248,OR021@3,outer_race,21 mil,DE,DE,DE,CWRU_DE_6205,DE,12000,1.0,1.0,72000,84000,1747.0,2hp,3
cwru_native12.load.v1,1,CWRU,validation,n12L:CWRU:cwru_n12_DE_248:DE:validation:84000-96000,cwrun12_DE_OR021,DE_OR021,cwru_n12_DE_248,data/raw/outer_race/OR021@12_2_DE12k.mat,X248_DE_time,d3418e8f9884493548bdddb5406f84a4fd0e73ec153b8f3dfd4633525685ff10,248,OR021@3,outer_race,21 mil,DE,DE,DE,CWRU_DE_6205,DE,12000,1.0,1.0,84000,96000,1747.0,2hp,3
cwru_native12.load.v1,1,CWRU,validation,n12L:CWRU:cwru_n12_DE_248:DE:validation:96000-108000,cwrun12_DE_OR021,DE_OR021,cwru_n12_DE_248,data/raw/outer_race/OR021@12_2_DE12k.mat,X248_DE_time,d3418e8f9884493548bdddb5406f84a4fd0e73ec153b8f3dfd4633525685ff10,248,OR021@3,outer_race,21 mil,DE,DE,DE,CWRU_DE_6205,DE,12000,1.0,1.0,96000,108000,1747.0,2hp,3
cwru_native12.load.v1,1,CWRU,validation,n12L:CWRU:cwru_n12_DE_248:DE:validation:108000-120000,cwrun12_DE_OR021,DE_OR021,cwru_n12_DE_248,data/raw/outer_race/OR021@12_2_DE12k.mat,X248_DE_time,d3418e8f9884493548bdddb5406f84a4fd0e73ec153b8f3dfd4633525685ff10,248,OR021@3,outer_race,21 mil,DE,DE,DE,CWRU_DE_6205,DE,12000,1.0,1.0,108000,120000,1747.0,2hp,3
cwru_native12.load.v1,1,CWRU,test,n12L:CWRU:cwru_n12_DE_249:DE:test:0-12000,cwrun12_DE_OR021,DE_OR021,cwru_n12_DE_249,data/raw/outer_race/OR021@12_3_DE12k.mat,X249_DE_time,2468c6faf7d93483ffba1f2a10b17820f024d5a34037256e7ee38dfde541e974,249,OR021@3,outer_race,21 mil,DE,DE,DE,CWRU_DE_6205,DE,12000,1.0,1.0,0,12000,1719.0,3hp,3
cwru_native12.load.v1,1,CWRU,test,n12L:CWRU:cwru_n12_DE_249:DE:test:12000-24000,cwrun12_DE_OR021,DE_OR021,cwru_n12_DE_249,data/raw/outer_race/OR021@12_3_DE12k.mat,X249_DE_time,2468c6faf7d93483ffba1f2a10b17820f024d5a34037256e7ee38dfde541e974,249,OR021@3,outer_race,21 mil,DE,DE,DE,CWRU_DE_6205,DE,12000,1.0,1.0,12000,24000,1719.0,3hp,3
cwru_native12.load.v1,1,CWRU,test,n12L:CWRU:cwru_n12_DE_249:DE:test:24000-36000,cwrun12_DE_OR021,DE_OR021,cwru_n12_DE_249,data/raw/outer_race/OR021@12_3_DE12k.mat,X249_DE_time,2468c6faf7d93483ffba1f2a10b17820f024d5a34037256e7ee38dfde541e974,249,OR021@3,outer_race,21 mil,DE,DE,DE,CWRU_DE_6205,DE,12000,1.0,1.0,24000,36000,1719.0,3hp,3
cwru_native12.load.v1,1,CWRU,test,n12L:CWRU:cwru_n12_DE_249:DE:test:36000-48000,cwrun12_DE_OR021,DE_OR021,cwru_n12_DE_249,data/raw/outer_race/OR021@12_3_DE12k.mat,X249_DE_time,2468c6faf7d93483ffba1f2a10b17820f024d5a34037256e7ee38dfde541e974,249,OR021@3,outer_race,21 mil,DE,DE,DE,CWRU_DE_6205,DE,12000,1.0,1.0,36000,48000,1719.0,3hp,3
cwru_native12.load.v1,1,CWRU,test,n12L:CWRU:cwru_n12_DE_249:DE:test:48000-60000,cwrun12_DE_OR021,DE_OR021,cwru_n12_DE_249,data/raw/outer_race/OR021@12_3_DE12k.mat,X249_DE_time,2468c6faf7d93483ffba1f2a10b17820f024d5a34037256e7ee38dfde541e974,249,OR021@3,outer_race,21 mil,DE,DE,DE,CWRU_DE_6205,DE,12000,1.0,1.0,48000,60000,1719.0,3hp,3
cwru_native12.load.v1,1,CWRU,test,n12L:CWRU:cwru_n12_DE_249:DE:test:60000-72000,cwrun12_DE_OR021,DE_OR021,cwru_n12_DE_249,data/raw/outer_race/OR021@12_3_DE12k.mat,X249_DE_time,2468c6faf7d93483ffba1f2a10b17820f024d5a34037256e7ee38dfde541e974,249,OR021@3,outer_race,21 mil,DE,DE,DE,CWRU_DE_6205,DE,12000,1.0,1.0,60000,72000,1719.0,3hp,3
cwru_native12.load.v1,1,CWRU,test,n12L:CWRU:cwru_n12_DE_249:DE:test:72000-84000,cwrun12_DE_OR021,DE_OR021,cwru_n12_DE_249,data/raw/outer_race/OR021@12_3_DE12k.mat,X249_DE_time,2468c6faf7d93483ffba1f2a10b17820f024d5a34037256e7ee38dfde541e974,249,OR021@3,outer_race,21 mil,DE,DE,DE,CWRU_DE_6205,DE,12000,1.0,1.0,72000,84000,1719.0,3hp,3
cwru_native12.load.v1,1,CWRU,test,n12L:CWRU:cwru_n12_DE_249:DE:test:84000-96000,cwrun12_DE_OR021,DE_OR021,cwru_n12_DE_249,data/raw/outer_race/OR021@12_3_DE12k.mat,X249_DE_time,2468c6faf7d93483ffba1f2a10b17820f024d5a34037256e7ee38dfde541e974,249,OR021@3,outer_race,21 mil,DE,DE,DE,CWRU_DE_6205,DE,12000,1.0,1.0,84000,96000,1719.0,3hp,3
cwru_native12.load.v1,1,CWRU,test,n12L:CWRU:cwru_n12_DE_249:DE:test:96000-108000,cwrun12_DE_OR021,DE_OR021,cwru_n12_DE_249,data/raw/outer_race/OR021@12_3_DE12k.mat,X249_DE_time,2468c6faf7d93483ffba1f2a10b17820f024d5a34037256e7ee38dfde541e974,249,OR021@3,outer_race,21 mil,DE,DE,DE,CWRU_DE_6205,DE,12000,1.0,1.0,96000,108000,1719.0,3hp,3
cwru_native12.load.v1,1,CWRU,test,n12L:CWRU:cwru_n12_DE_249:DE:test:108000-120000,cwrun12_DE_OR021,DE_OR021,cwru_n12_DE_249,data/raw/outer_race/OR021@12_3_DE12k.mat,X249_DE_time,2468c6faf7d93483ffba1f2a10b17820f024d5a34037256e7ee38dfde541e974,249,OR021@3,outer_race,21 mil,DE,DE,DE,CWRU_DE_6205,DE,12000,1.0,1.0,108000,120000,1719.0,3hp,3
cwru_native12.load.v1,1,CWRU,train,n12L:CWRU:cwru_n12_DE_234:DE:train:0-12000,cwrun12_DE_OR021,DE_OR021,cwru_n12_DE_234,data/raw/outer_race/OR021@6_0_DE12k.mat,X234_DE_time,ebcbdb96612e8085bbdbf81f0e5e8e8a8d1a693d1ec559c4894f7792771aa9b2,234,OR021@6,outer_race,21 mil,DE,DE,DE,CWRU_DE_6205,DE,12000,1.0,0.5,0,12000,1796.0,0hp,6
cwru_native12.load.v1,1,CWRU,train,n12L:CWRU:cwru_n12_DE_234:DE:train:6000-18000,cwrun12_DE_OR021,DE_OR021,cwru_n12_DE_234,data/raw/outer_race/OR021@6_0_DE12k.mat,X234_DE_time,ebcbdb96612e8085bbdbf81f0e5e8e8a8d1a693d1ec559c4894f7792771aa9b2,234,OR021@6,outer_race,21 mil,DE,DE,DE,CWRU_DE_6205,DE,12000,1.0,0.5,6000,18000,1796.0,0hp,6
cwru_native12.load.v1,1,CWRU,train,n12L:CWRU:cwru_n12_DE_234:DE:train:12000-24000,cwrun12_DE_OR021,DE_OR021,cwru_n12_DE_234,data/raw/outer_race/OR021@6_0_DE12k.mat,X234_DE_time,ebcbdb96612e8085bbdbf81f0e5e8e8a8d1a693d1ec559c4894f7792771aa9b2,234,OR021@6,outer_race,21 mil,DE,DE,DE,CWRU_DE_6205,DE,12000,1.0,0.5,12000,24000,1796.0,0hp,6
cwru_native12.load.v1,1,CWRU,train,n12L:CWRU:cwru_n12_DE_234:DE:train:18000-30000,cwrun12_DE_OR021,DE_OR021,cwru_n12_DE_234,data/raw/outer_race/OR021@6_0_DE12k.mat,X234_DE_time,ebcbdb96612e8085bbdbf81f0e5e8e8a8d1a693d1ec559c4894f7792771aa9b2,234,OR021@6,outer_race,21 mil,DE,DE,DE,CWRU_DE_6205,DE,12000,1.0,0.5,18000,30000,1796.0,0hp,6
cwru_native12.load.v1,1,CWRU,train,n12L:CWRU:cwru_n12_DE_234:DE:train:24000-36000,cwrun12_DE_OR021,DE_OR021,cwru_n12_DE_234,data/raw/outer_race/OR021@6_0_DE12k.mat,X234_DE_time,ebcbdb96612e8085bbdbf81f0e5e8e8a8d1a693d1ec559c4894f7792771aa9b2,234,OR021@6,outer_race,21 mil,DE,DE,DE,CWRU_DE_6205,DE,12000,1.0,0.5,24000,36000,1796.0,0hp,6
cwru_native12.load.v1,1,CWRU,train,n12L:CWRU:cwru_n12_DE_234:DE:train:30000-42000,cwrun12_DE_OR021,DE_OR021,cwru_n12_DE_234,data/raw/outer_race/OR021@6_0_DE12k.mat,X234_DE_time,ebcbdb96612e8085bbdbf81f0e5e8e8a8d1a693d1ec559c4894f7792771aa9b2,234,OR021@6,outer_race,21 mil,DE,DE,DE,CWRU_DE_6205,DE,12000,1.0,0.5,30000,42000,1796.0,0hp,6
cwru_native12.load.v1,1,CWRU,train,n12L:CWRU:cwru_n12_DE_234:DE:train:36000-48000,cwrun12_DE_OR021,DE_OR021,cwru_n12_DE_234,data/raw/outer_race/OR021@6_0_DE12k.mat,X234_DE_time,ebcbdb96612e8085bbdbf81f0e5e8e8a8d1a693d1ec559c4894f7792771aa9b2,234,OR021@6,outer_race,21 mil,DE,DE,DE,CWRU_DE_6205,DE,12000,1.0,0.5,36000,48000,1796.0,0hp,6
cwru_native12.load.v1,1,CWRU,train,n12L:CWRU:cwru_n12_DE_234:DE:train:42000-54000,cwrun12_DE_OR021,DE_OR021,cwru_n12_DE_234,data/raw/outer_race/OR021@6_0_DE12k.mat,X234_DE_time,ebcbdb96612e8085bbdbf81f0e5e8e8a8d1a693d1ec559c4894f7792771aa9b2,234,OR021@6,outer_race,21 mil,DE,DE,DE,CWRU_DE_6205,DE,12000,1.0,0.5,42000,54000,1796.0,0hp,6
cwru_native12.load.v1,1,CWRU,train,n12L:CWRU:cwru_n12_DE_234:DE:train:48000-60000,cwrun12_DE_OR021,DE_OR021,cwru_n12_DE_234,data/raw/outer_race/OR021@6_0_DE12k.mat,X234_DE_time,ebcbdb96612e8085bbdbf81f0e5e8e8a8d1a693d1ec559c4894f7792771aa9b2,234,OR021@6,outer_race,21 mil,DE,DE,DE,CWRU_DE_6205,DE,12000,1.0,0.5,48000,60000,1796.0,0hp,6
cwru_native12.load.v1,1,CWRU,train,n12L:CWRU:cwru_n12_DE_234:DE:train:54000-66000,cwrun12_DE_OR021,DE_OR021,cwru_n12_DE_234,data/raw/outer_race/OR021@6_0_DE12k.mat,X234_DE_time,ebcbdb96612e8085bbdbf81f0e5e8e8a8d1a693d1ec559c4894f7792771aa9b2,234,OR021@6,outer_race,21 mil,DE,DE,DE,CWRU_DE_6205,DE,12000,1.0,0.5,54000,66000,1796.0,0hp,6
cwru_native12.load.v1,1,CWRU,train,n12L:CWRU:cwru_n12_DE_234:DE:train:60000-72000,cwrun12_DE_OR021,DE_OR021,cwru_n12_DE_234,data/raw/outer_race/OR021@6_0_DE12k.mat,X234_DE_time,ebcbdb96612e8085bbdbf81f0e5e8e8a8d1a693d1ec559c4894f7792771aa9b2,234,OR021@6,outer_race,21 mil,DE,DE,DE,CWRU_DE_6205,DE,12000,1.0,0.5,60000,72000,1796.0,0hp,6
cwru_native12.load.v1,1,CWRU,train,n12L:CWRU:cwru_n12_DE_234:DE:train:66000-78000,cwrun12_DE_OR021,DE_OR021,cwru_n12_DE_234,data/raw/outer_race/OR021@6_0_DE12k.mat,X234_DE_time,ebcbdb96612e8085bbdbf81f0e5e8e8a8d1a693d1ec559c4894f7792771aa9b2,234,OR021@6,outer_race,21 mil,DE,DE,DE,CWRU_DE_6205,DE,12000,1.0,0.5,66000,78000,1796.0,0hp,6
cwru_native12.load.v1,1,CWRU,train,n12L:CWRU:cwru_n12_DE_234:DE:train:72000-84000,cwrun12_DE_OR021,DE_OR021,cwru_n12_DE_234,data/raw/outer_race/OR021@6_0_DE12k.mat,X234_DE_time,ebcbdb96612e8085bbdbf81f0e5e8e8a8d1a693d1ec559c4894f7792771aa9b2,234,OR021@6,outer_race,21 mil,DE,DE,DE,CWRU_DE_6205,DE,12000,1.0,0.5,72000,84000,1796.0,0hp,6
cwru_native12.load.v1,1,CWRU,train,n12L:CWRU:cwru_n12_DE_234:DE:train:78000-90000,cwrun12_DE_OR021,DE_OR021,cwru_n12_DE_234,data/raw/outer_race/OR021@6_0_DE12k.mat,X234_DE_time,ebcbdb96612e8085bbdbf81f0e5e8e8a8d1a693d1ec559c4894f7792771aa9b2,234,OR021@6,outer_race,21 mil,DE,DE,DE,CWRU_DE_6205,DE,12000,1.0,0.5,78000,90000,1796.0,0hp,6
cwru_native12.load.v1,1,CWRU,train,n12L:CWRU:cwru_n12_DE_234:DE:train:84000-96000,cwrun12_DE_OR021,DE_OR021,cwru_n12_DE_234,data/raw/outer_race/OR021@6_0_DE12k.mat,X234_DE_time,ebcbdb96612e8085bbdbf81f0e5e8e8a8d1a693d1ec559c4894f7792771aa9b2,234,OR021@6,outer_race,21 mil,DE,DE,DE,CWRU_DE_6205,DE,12000,1.0,0.5,84000,96000,1796.0,0hp,6
cwru_native12.load.v1,1,CWRU,train,n12L:CWRU:cwru_n12_DE_234:DE:train:90000-102000,cwrun12_DE_OR021,DE_OR021,cwru_n12_DE_234,data/raw/outer_race/OR021@6_0_DE12k.mat,X234_DE_time,ebcbdb96612e8085bbdbf81f0e5e8e8a8d1a693d1ec559c4894f7792771aa9b2,234,OR021@6,outer_race,21 mil,DE,DE,DE,CWRU_DE_6205,DE,12000,1.0,0.5,90000,102000,1796.0,0hp,6
cwru_native12.load.v1,1,CWRU,train,n12L:CWRU:cwru_n12_DE_234:DE:train:96000-108000,cwrun12_DE_OR021,DE_OR021,cwru_n12_DE_234,data/raw/outer_race/OR021@6_0_DE12k.mat,X234_DE_time,ebcbdb96612e8085bbdbf81f0e5e8e8a8d1a693d1ec559c4894f7792771aa9b2,234,OR021@6,outer_race,21 mil,DE,DE,DE,CWRU_DE_6205,DE,12000,1.0,0.5,96000,108000,1796.0,0hp,6
cwru_native12.load.v1,1,CWRU,train,n12L:CWRU:cwru_n12_DE_234:DE:train:102000-114000,cwrun12_DE_OR021,DE_OR021,cwru_n12_DE_234,data/raw/outer_race/OR021@6_0_DE12k.mat,X234_DE_time,ebcbdb96612e8085bbdbf81f0e5e8e8a8d1a693d1ec559c4894f7792771aa9b2,234,OR021@6,outer_race,21 mil,DE,DE,DE,CWRU_DE_6205,DE,12000,1.0,0.5,102000,114000,1796.0,0hp,6
cwru_native12.load.v1,1,CWRU,train,n12L:CWRU:cwru_n12_DE_234:DE:train:108000-120000,cwrun12_DE_OR021,DE_OR021,cwru_n12_DE_234,data/raw/outer_race/OR021@6_0_DE12k.mat,X234_DE_time,ebcbdb96612e8085bbdbf81f0e5e8e8a8d1a693d1ec559c4894f7792771aa9b2,234,OR021@6,outer_race,21 mil,DE,DE,DE,CWRU_DE_6205,DE,12000,1.0,0.5,108000,120000,1796.0,0hp,6
cwru_native12.load.v1,1,CWRU,train,n12L:CWRU:cwru_n12_DE_235:DE:train:0-12000,cwrun12_DE_OR021,DE_OR021,cwru_n12_DE_235,data/raw/outer_race/OR021@6_1_DE12k.mat,X235_DE_time,667e4bf1f213f92d10dca71d494ad002d8fd22bfd8004b31a4c71ccf0d764b66,235,OR021@6,outer_race,21 mil,DE,DE,DE,CWRU_DE_6205,DE,12000,1.0,0.5,0,12000,1771.0,1hp,6
cwru_native12.load.v1,1,CWRU,train,n12L:CWRU:cwru_n12_DE_235:DE:train:6000-18000,cwrun12_DE_OR021,DE_OR021,cwru_n12_DE_235,data/raw/outer_race/OR021@6_1_DE12k.mat,X235_DE_time,667e4bf1f213f92d10dca71d494ad002d8fd22bfd8004b31a4c71ccf0d764b66,235,OR021@6,outer_race,21 mil,DE,DE,DE,CWRU_DE_6205,DE,12000,1.0,0.5,6000,18000,1771.0,1hp,6
cwru_native12.load.v1,1,CWRU,train,n12L:CWRU:cwru_n12_DE_235:DE:train:12000-24000,cwrun12_DE_OR021,DE_OR021,cwru_n12_DE_235,data/raw/outer_race/OR021@6_1_DE12k.mat,X235_DE_time,667e4bf1f213f92d10dca71d494ad002d8fd22bfd8004b31a4c71ccf0d764b66,235,OR021@6,outer_race,21 mil,DE,DE,DE,CWRU_DE_6205,DE,12000,1.0,0.5,12000,24000,1771.0,1hp,6
cwru_native12.load.v1,1,CWRU,train,n12L:CWRU:cwru_n12_DE_235:DE:train:18000-30000,cwrun12_DE_OR021,DE_OR021,cwru_n12_DE_235,data/raw/outer_race/OR021@6_1_DE12k.mat,X235_DE_time,667e4bf1f213f92d10dca71d494ad002d8fd22bfd8004b31a4c71ccf0d764b66,235,OR021@6,outer_race,21 mil,DE,DE,DE,CWRU_DE_6205,DE,12000,1.0,0.5,18000,30000,1771.0,1hp,6
cwru_native12.load.v1,1,CWRU,train,n12L:CWRU:cwru_n12_DE_235:DE:train:24000-36000,cwrun12_DE_OR021,DE_OR021,cwru_n12_DE_235,data/raw/outer_race/OR021@6_1_DE12k.mat,X235_DE_time,667e4bf1f213f92d10dca71d494ad002d8fd22bfd8004b31a4c71ccf0d764b66,235,OR021@6,outer_race,21 mil,DE,DE,DE,CWRU_DE_6205,DE,12000,1.0,0.5,24000,36000,1771.0,1hp,6
cwru_native12.load.v1,1,CWRU,train,n12L:CWRU:cwru_n12_DE_235:DE:train:30000-42000,cwrun12_DE_OR021,DE_OR021,cwru_n12_DE_235,data/raw/outer_race/OR021@6_1_DE12k.mat,X235_DE_time,667e4bf1f213f92d10dca71d494ad002d8fd22bfd8004b31a4c71ccf0d764b66,235,OR021@6,outer_race,21 mil,DE,DE,DE,CWRU_DE_6205,DE,12000,1.0,0.5,30000,42000,1771.0,1hp,6
cwru_native12.load.v1,1,CWRU,train,n12L:CWRU:cwru_n12_DE_235:DE:train:36000-48000,cwrun12_DE_OR021,DE_OR021,cwru_n12_DE_235,data/raw/outer_race/OR021@6_1_DE12k.mat,X235_DE_time,667e4bf1f213f92d10dca71d494ad002d8fd22bfd8004b31a4c71ccf0d764b66,235,OR021@6,outer_race,21 mil,DE,DE,DE,CWRU_DE_6205,DE,12000,1.0,0.5,36000,48000,1771.0,1hp,6
cwru_native12.load.v1,1,CWRU,train,n12L:CWRU:cwru_n12_DE_235:DE:train:42000-54000,cwrun12_DE_OR021,DE_OR021,cwru_n12_DE_235,data/raw/outer_race/OR021@6_1_DE12k.mat,X235_DE_time,667e4bf1f213f92d10dca71d494ad002d8fd22bfd8004b31a4c71ccf0d764b66,235,OR021@6,outer_race,21 mil,DE,DE,DE,CWRU_DE_6205,DE,12000,1.0,0.5,42000,54000,1771.0,1hp,6
cwru_native12.load.v1,1,CWRU,train,n12L:CWRU:cwru_n12_DE_235:DE:train:48000-60000,cwrun12_DE_OR021,DE_OR021,cwru_n12_DE_235,data/raw/outer_race/OR021@6_1_DE12k.mat,X235_DE_time,667e4bf1f213f92d10dca71d494ad002d8fd22bfd8004b31a4c71ccf0d764b66,235,OR021@6,outer_race,21 mil,DE,DE,DE,CWRU_DE_6205,DE,12000,1.0,0.5,48000,60000,1771.0,1hp,6
cwru_native12.load.v1,1,CWRU,train,n12L:CWRU:cwru_n12_DE_235:DE:train:54000-66000,cwrun12_DE_OR021,DE_OR021,cwru_n12_DE_235,data/raw/outer_race/OR021@6_1_DE12k.mat,X235_DE_time,667e4bf1f213f92d10dca71d494ad002d8fd22bfd8004b31a4c71ccf0d764b66,235,OR021@6,outer_race,21 mil,DE,DE,DE,CWRU_DE_6205,DE,12000,1.0,0.5,54000,66000,1771.0,1hp,6
cwru_native12.load.v1,1,CWRU,train,n12L:CWRU:cwru_n12_DE_235:DE:train:60000-72000,cwrun12_DE_OR021,DE_OR021,cwru_n12_DE_235,data/raw/outer_race/OR021@6_1_DE12k.mat,X235_DE_time,667e4bf1f213f92d10dca71d494ad002d8fd22bfd8004b31a4c71ccf0d764b66,235,OR021@6,outer_race,21 mil,DE,DE,DE,CWRU_DE_6205,DE,12000,1.0,0.5,60000,72000,1771.0,1hp,6
cwru_native12.load.v1,1,CWRU,train,n12L:CWRU:cwru_n12_DE_235:DE:train:66000-78000,cwrun12_DE_OR021,DE_OR021,cwru_n12_DE_235,data/raw/outer_race/OR021@6_1_DE12k.mat,X235_DE_time,667e4bf1f213f92d10dca71d494ad002d8fd22bfd8004b31a4c71ccf0d764b66,235,OR021@6,outer_race,21 mil,DE,DE,DE,CWRU_DE_6205,DE,12000,1.0,0.5,66000,78000,1771.0,1hp,6
cwru_native12.load.v1,1,CWRU,train,n12L:CWRU:cwru_n12_DE_235:DE:train:72000-84000,cwrun12_DE_OR021,DE_OR021,cwru_n12_DE_235,data/raw/outer_race/OR021@6_1_DE12k.mat,X235_DE_time,667e4bf1f213f92d10dca71d494ad002d8fd22bfd8004b31a4c71ccf0d764b66,235,OR021@6,outer_race,21 mil,DE,DE,DE,CWRU_DE_6205,DE,12000,1.0,0.5,72000,84000,1771.0,1hp,6
cwru_native12.load.v1,1,CWRU,train,n12L:CWRU:cwru_n12_DE_235:DE:train:78000-90000,cwrun12_DE_OR021,DE_OR021,cwru_n12_DE_235,data/raw/outer_race/OR021@6_1_DE12k.mat,X235_DE_time,667e4bf1f213f92d10dca71d494ad002d8fd22bfd8004b31a4c71ccf0d764b66,235,OR021@6,outer_race,21 mil,DE,DE,DE,CWRU_DE_6205,DE,12000,1.0,0.5,78000,90000,1771.0,1hp,6
cwru_native12.load.v1,1,CWRU,train,n12L:CWRU:cwru_n12_DE_235:DE:train:84000-96000,cwrun12_DE_OR021,DE_OR021,cwru_n12_DE_235,data/raw/outer_race/OR021@6_1_DE12k.mat,X235_DE_time,667e4bf1f213f92d10dca71d494ad002d8fd22bfd8004b31a4c71ccf0d764b66,235,OR021@6,outer_race,21 mil,DE,DE,DE,CWRU_DE_6205,DE,12000,1.0,0.5,84000,96000,1771.0,1hp,6
cwru_native12.load.v1,1,CWRU,train,n12L:CWRU:cwru_n12_DE_235:DE:train:90000-102000,cwrun12_DE_OR021,DE_OR021,cwru_n12_DE_235,data/raw/outer_race/OR021@6_1_DE12k.mat,X235_DE_time,667e4bf1f213f92d10dca71d494ad002d8fd22bfd8004b31a4c71ccf0d764b66,235,OR021@6,outer_race,21 mil,DE,DE,DE,CWRU_DE_6205,DE,12000,1.0,0.5,90000,102000,1771.0,1hp,6
cwru_native12.load.v1,1,CWRU,train,n12L:CWRU:cwru_n12_DE_235:DE:train:96000-108000,cwrun12_DE_OR021,DE_OR021,cwru_n12_DE_235,data/raw/outer_race/OR021@6_1_DE12k.mat,X235_DE_time,667e4bf1f213f92d10dca71d494ad002d8fd22bfd8004b31a4c71ccf0d764b66,235,OR021@6,outer_race,21 mil,DE,DE,DE,CWRU_DE_6205,DE,12000,1.0,0.5,96000,108000,1771.0,1hp,6
cwru_native12.load.v1,1,CWRU,train,n12L:CWRU:cwru_n12_DE_235:DE:train:102000-114000,cwrun12_DE_OR021,DE_OR021,cwru_n12_DE_235,data/raw/outer_race/OR021@6_1_DE12k.mat,X235_DE_time,667e4bf1f213f92d10dca71d494ad002d8fd22bfd8004b31a4c71ccf0d764b66,235,OR021@6,outer_race,21 mil,DE,DE,DE,CWRU_DE_6205,DE,12000,1.0,0.5,102000,114000,1771.0,1hp,6
cwru_native12.load.v1,1,CWRU,train,n12L:CWRU:cwru_n12_DE_235:DE:train:108000-120000,cwrun12_DE_OR021,DE_OR021,cwru_n12_DE_235,data/raw/outer_race/OR021@6_1_DE12k.mat,X235_DE_time,667e4bf1f213f92d10dca71d494ad002d8fd22bfd8004b31a4c71ccf0d764b66,235,OR021@6,outer_race,21 mil,DE,DE,DE,CWRU_DE_6205,DE,12000,1.0,0.5,108000,120000,1771.0,1hp,6
cwru_native12.load.v1,1,CWRU,validation,n12L:CWRU:cwru_n12_DE_236:DE:validation:0-12000,cwrun12_DE_OR021,DE_OR021,cwru_n12_DE_236,data/raw/outer_race/OR021@6_2_DE12k.mat,X236_DE_time,c411d6d9826cba8073430555dc833e05fcbe4c38535f3eb7f03c525ea6797589,236,OR021@6,outer_race,21 mil,DE,DE,DE,CWRU_DE_6205,DE,12000,1.0,1.0,0,12000,1748.0,2hp,6
cwru_native12.load.v1,1,CWRU,validation,n12L:CWRU:cwru_n12_DE_236:DE:validation:12000-24000,cwrun12_DE_OR021,DE_OR021,cwru_n12_DE_236,data/raw/outer_race/OR021@6_2_DE12k.mat,X236_DE_time,c411d6d9826cba8073430555dc833e05fcbe4c38535f3eb7f03c525ea6797589,236,OR021@6,outer_race,21 mil,DE,DE,DE,CWRU_DE_6205,DE,12000,1.0,1.0,12000,24000,1748.0,2hp,6
cwru_native12.load.v1,1,CWRU,validation,n12L:CWRU:cwru_n12_DE_236:DE:validation:24000-36000,cwrun12_DE_OR021,DE_OR021,cwru_n12_DE_236,data/raw/outer_race/OR021@6_2_DE12k.mat,X236_DE_time,c411d6d9826cba8073430555dc833e05fcbe4c38535f3eb7f03c525ea6797589,236,OR021@6,outer_race,21 mil,DE,DE,DE,CWRU_DE_6205,DE,12000,1.0,1.0,24000,36000,1748.0,2hp,6
cwru_native12.load.v1,1,CWRU,validation,n12L:CWRU:cwru_n12_DE_236:DE:validation:36000-48000,cwrun12_DE_OR021,DE_OR021,cwru_n12_DE_236,data/raw/outer_race/OR021@6_2_DE12k.mat,X236_DE_time,c411d6d9826cba8073430555dc833e05fcbe4c38535f3eb7f03c525ea6797589,236,OR021@6,outer_race,21 mil,DE,DE,DE,CWRU_DE_6205,DE,12000,1.0,1.0,36000,48000,1748.0,2hp,6
cwru_native12.load.v1,1,CWRU,validation,n12L:CWRU:cwru_n12_DE_236:DE:validation:48000-60000,cwrun12_DE_OR021,DE_OR021,cwru_n12_DE_236,data/raw/outer_race/OR021@6_2_DE12k.mat,X236_DE_time,c411d6d9826cba8073430555dc833e05fcbe4c38535f3eb7f03c525ea6797589,236,OR021@6,outer_race,21 mil,DE,DE,DE,CWRU_DE_6205,DE,12000,1.0,1.0,48000,60000,1748.0,2hp,6
cwru_native12.load.v1,1,CWRU,validation,n12L:CWRU:cwru_n12_DE_236:DE:validation:60000-72000,cwrun12_DE_OR021,DE_OR021,cwru_n12_DE_236,data/raw/outer_race/OR021@6_2_DE12k.mat,X236_DE_time,c411d6d9826cba8073430555dc833e05fcbe4c38535f3eb7f03c525ea6797589,236,OR021@6,outer_race,21 mil,DE,DE,DE,CWRU_DE_6205,DE,12000,1.0,1.0,60000,72000,1748.0,2hp,6
cwru_native12.load.v1,1,CWRU,validation,n12L:CWRU:cwru_n12_DE_236:DE:validation:72000-84000,cwrun12_DE_OR021,DE_OR021,cwru_n12_DE_236,data/raw/outer_race/OR021@6_2_DE12k.mat,X236_DE_time,c411d6d9826cba8073430555dc833e05fcbe4c38535f3eb7f03c525ea6797589,236,OR021@6,outer_race,21 mil,DE,DE,DE,CWRU_DE_6205,DE,12000,1.0,1.0,72000,84000,1748.0,2hp,6
cwru_native12.load.v1,1,CWRU,validation,n12L:CWRU:cwru_n12_DE_236:DE:validation:84000-96000,cwrun12_DE_OR021,DE_OR021,cwru_n12_DE_236,data/raw/outer_race/OR021@6_2_DE12k.mat,X236_DE_time,c411d6d9826cba8073430555dc833e05fcbe4c38535f3eb7f03c525ea6797589,236,OR021@6,outer_race,21 mil,DE,DE,DE,CWRU_DE_6205,DE,12000,1.0,1.0,84000,96000,1748.0,2hp,6
cwru_native12.load.v1,1,CWRU,validation,n12L:CWRU:cwru_n12_DE_236:DE:validation:96000-108000,cwrun12_DE_OR021,DE_OR021,cwru_n12_DE_236,data/raw/outer_race/OR021@6_2_DE12k.mat,X236_DE_time,c411d6d9826cba8073430555dc833e05fcbe4c38535f3eb7f03c525ea6797589,236,OR021@6,outer_race,21 mil,DE,DE,DE,CWRU_DE_6205,DE,12000,1.0,1.0,96000,108000,1748.0,2hp,6
cwru_native12.load.v1,1,CWRU,validation,n12L:CWRU:cwru_n12_DE_236:DE:validation:108000-120000,cwrun12_DE_OR021,DE_OR021,cwru_n12_DE_236,data/raw/outer_race/OR021@6_2_DE12k.mat,X236_DE_time,c411d6d9826cba8073430555dc833e05fcbe4c38535f3eb7f03c525ea6797589,236,OR021@6,outer_race,21 mil,DE,DE,DE,CWRU_DE_6205,DE,12000,1.0,1.0,108000,120000,1748.0,2hp,6
cwru_native12.load.v1,1,CWRU,test,n12L:CWRU:cwru_n12_DE_237:DE:test:0-12000,cwrun12_DE_OR021,DE_OR021,cwru_n12_DE_237,data/raw/outer_race/OR021@6_3_DE12k.mat,X237_DE_time,233d1edb2daa963658369119e389e30f02aca551dd7bb028ab33e7ba63edfd20,237,OR021@6,outer_race,21 mil,DE,DE,DE,CWRU_DE_6205,DE,12000,1.0,1.0,0,12000,1721.0,3hp,6
cwru_native12.load.v1,1,CWRU,test,n12L:CWRU:cwru_n12_DE_237:DE:test:12000-24000,cwrun12_DE_OR021,DE_OR021,cwru_n12_DE_237,data/raw/outer_race/OR021@6_3_DE12k.mat,X237_DE_time,233d1edb2daa963658369119e389e30f02aca551dd7bb028ab33e7ba63edfd20,237,OR021@6,outer_race,21 mil,DE,DE,DE,CWRU_DE_6205,DE,12000,1.0,1.0,12000,24000,1721.0,3hp,6
cwru_native12.load.v1,1,CWRU,test,n12L:CWRU:cwru_n12_DE_237:DE:test:24000-36000,cwrun12_DE_OR021,DE_OR021,cwru_n12_DE_237,data/raw/outer_race/OR021@6_3_DE12k.mat,X237_DE_time,233d1edb2daa963658369119e389e30f02aca551dd7bb028ab33e7ba63edfd20,237,OR021@6,outer_race,21 mil,DE,DE,DE,CWRU_DE_6205,DE,12000,1.0,1.0,24000,36000,1721.0,3hp,6
cwru_native12.load.v1,1,CWRU,test,n12L:CWRU:cwru_n12_DE_237:DE:test:36000-48000,cwrun12_DE_OR021,DE_OR021,cwru_n12_DE_237,data/raw/outer_race/OR021@6_3_DE12k.mat,X237_DE_time,233d1edb2daa963658369119e389e30f02aca551dd7bb028ab33e7ba63edfd20,237,OR021@6,outer_race,21 mil,DE,DE,DE,CWRU_DE_6205,DE,12000,1.0,1.0,36000,48000,1721.0,3hp,6
cwru_native12.load.v1,1,CWRU,test,n12L:CWRU:cwru_n12_DE_237:DE:test:48000-60000,cwrun12_DE_OR021,DE_OR021,cwru_n12_DE_237,data/raw/outer_race/OR021@6_3_DE12k.mat,X237_DE_time,233d1edb2daa963658369119e389e30f02aca551dd7bb028ab33e7ba63edfd20,237,OR021@6,outer_race,21 mil,DE,DE,DE,CWRU_DE_6205,DE,12000,1.0,1.0,48000,60000,1721.0,3hp,6
cwru_native12.load.v1,1,CWRU,test,n12L:CWRU:cwru_n12_DE_237:DE:test:60000-72000,cwrun12_DE_OR021,DE_OR021,cwru_n12_DE_237,data/raw/outer_race/OR021@6_3_DE12k.mat,X237_DE_time,233d1edb2daa963658369119e389e30f02aca551dd7bb028ab33e7ba63edfd20,237,OR021@6,outer_race,21 mil,DE,DE,DE,CWRU_DE_6205,DE,12000,1.0,1.0,60000,72000,1721.0,3hp,6
cwru_native12.load.v1,1,CWRU,test,n12L:CWRU:cwru_n12_DE_237:DE:test:72000-84000,cwrun12_DE_OR021,DE_OR021,cwru_n12_DE_237,data/raw/outer_race/OR021@6_3_DE12k.mat,X237_DE_time,233d1edb2daa963658369119e389e30f02aca551dd7bb028ab33e7ba63edfd20,237,OR021@6,outer_race,21 mil,DE,DE,DE,CWRU_DE_6205,DE,12000,1.0,1.0,72000,84000,1721.0,3hp,6
cwru_native12.load.v1,1,CWRU,test,n12L:CWRU:cwru_n12_DE_237:DE:test:84000-96000,cwrun12_DE_OR021,DE_OR021,cwru_n12_DE_237,data/raw/outer_race/OR021@6_3_DE12k.mat,X237_DE_time,233d1edb2daa963658369119e389e30f02aca551dd7bb028ab33e7ba63edfd20,237,OR021@6,outer_race,21 mil,DE,DE,DE,CWRU_DE_6205,DE,12000,1.0,1.0,84000,96000,1721.0,3hp,6
cwru_native12.load.v1,1,CWRU,test,n12L:CWRU:cwru_n12_DE_237:DE:test:96000-108000,cwrun12_DE_OR021,DE_OR021,cwru_n12_DE_237,data/raw/outer_race/OR021@6_3_DE12k.mat,X237_DE_time,233d1edb2daa963658369119e389e30f02aca551dd7bb028ab33e7ba63edfd20,237,OR021@6,outer_race,21 mil,DE,DE,DE,CWRU_DE_6205,DE,12000,1.0,1.0,96000,108000,1721.0,3hp,6
cwru_native12.load.v1,1,CWRU,test,n12L:CWRU:cwru_n12_DE_237:DE:test:108000-120000,cwrun12_DE_OR021,DE_OR021,cwru_n12_DE_237,data/raw/outer_race/OR021@6_3_DE12k.mat,X237_DE_time,233d1edb2daa963658369119e389e30f02aca551dd7bb028ab33e7ba63edfd20,237,OR021@6,outer_race,21 mil,DE,DE,DE,CWRU_DE_6205,DE,12000,1.0,1.0,108000,120000,1721.0,3hp,6
cwru_native12.load.v1,1,CWRU,train,n12L:CWRU:cwru_n12_FE_282:FE:train:0-12000,cwrun12_FE_B007,FE_B007,cwru_n12_FE_282,data/raw_cwru_12k_fe/B007_0_FE12k.mat,X282_FE_time,e7447bf84ff363c0e49f651f76b502ab34b58653d53156faa852033cef8da947,282,B007,ball,7 mil,FE,FE,FE,CWRU_FE_6203,FE,12000,1.0,0.5,0,12000,1798.0,0hp,
cwru_native12.load.v1,1,CWRU,train,n12L:CWRU:cwru_n12_FE_282:FE:train:6000-18000,cwrun12_FE_B007,FE_B007,cwru_n12_FE_282,data/raw_cwru_12k_fe/B007_0_FE12k.mat,X282_FE_time,e7447bf84ff363c0e49f651f76b502ab34b58653d53156faa852033cef8da947,282,B007,ball,7 mil,FE,FE,FE,CWRU_FE_6203,FE,12000,1.0,0.5,6000,18000,1798.0,0hp,
cwru_native12.load.v1,1,CWRU,train,n12L:CWRU:cwru_n12_FE_282:FE:train:12000-24000,cwrun12_FE_B007,FE_B007,cwru_n12_FE_282,data/raw_cwru_12k_fe/B007_0_FE12k.mat,X282_FE_time,e7447bf84ff363c0e49f651f76b502ab34b58653d53156faa852033cef8da947,282,B007,ball,7 mil,FE,FE,FE,CWRU_FE_6203,FE,12000,1.0,0.5,12000,24000,1798.0,0hp,
cwru_native12.load.v1,1,CWRU,train,n12L:CWRU:cwru_n12_FE_282:FE:train:18000-30000,cwrun12_FE_B007,FE_B007,cwru_n12_FE_282,data/raw_cwru_12k_fe/B007_0_FE12k.mat,X282_FE_time,e7447bf84ff363c0e49f651f76b502ab34b58653d53156faa852033cef8da947,282,B007,ball,7 mil,FE,FE,FE,CWRU_FE_6203,FE,12000,1.0,0.5,18000,30000,1798.0,0hp,
cwru_native12.load.v1,1,CWRU,train,n12L:CWRU:cwru_n12_FE_282:FE:train:24000-36000,cwrun12_FE_B007,FE_B007,cwru_n12_FE_282,data/raw_cwru_12k_fe/B007_0_FE12k.mat,X282_FE_time,e7447bf84ff363c0e49f651f76b502ab34b58653d53156faa852033cef8da947,282,B007,ball,7 mil,FE,FE,FE,CWRU_FE_6203,FE,12000,1.0,0.5,24000,36000,1798.0,0hp,
cwru_native12.load.v1,1,CWRU,train,n12L:CWRU:cwru_n12_FE_282:FE:train:30000-42000,cwrun12_FE_B007,FE_B007,cwru_n12_FE_282,data/raw_cwru_12k_fe/B007_0_FE12k.mat,X282_FE_time,e7447bf84ff363c0e49f651f76b502ab34b58653d53156faa852033cef8da947,282,B007,ball,7 mil,FE,FE,FE,CWRU_FE_6203,FE,12000,1.0,0.5,30000,42000,1798.0,0hp,
cwru_native12.load.v1,1,CWRU,train,n12L:CWRU:cwru_n12_FE_282:FE:train:36000-48000,cwrun12_FE_B007,FE_B007,cwru_n12_FE_282,data/raw_cwru_12k_fe/B007_0_FE12k.mat,X282_FE_time,e7447bf84ff363c0e49f651f76b502ab34b58653d53156faa852033cef8da947,282,B007,ball,7 mil,FE,FE,FE,CWRU_FE_6203,FE,12000,1.0,0.5,36000,48000,1798.0,0hp,
cwru_native12.load.v1,1,CWRU,train,n12L:CWRU:cwru_n12_FE_282:FE:train:42000-54000,cwrun12_FE_B007,FE_B007,cwru_n12_FE_282,data/raw_cwru_12k_fe/B007_0_FE12k.mat,X282_FE_time,e7447bf84ff363c0e49f651f76b502ab34b58653d53156faa852033cef8da947,282,B007,ball,7 mil,FE,FE,FE,CWRU_FE_6203,FE,12000,1.0,0.5,42000,54000,1798.0,0hp,
cwru_native12.load.v1,1,CWRU,train,n12L:CWRU:cwru_n12_FE_282:FE:train:48000-60000,cwrun12_FE_B007,FE_B007,cwru_n12_FE_282,data/raw_cwru_12k_fe/B007_0_FE12k.mat,X282_FE_time,e7447bf84ff363c0e49f651f76b502ab34b58653d53156faa852033cef8da947,282,B007,ball,7 mil,FE,FE,FE,CWRU_FE_6203,FE,12000,1.0,0.5,48000,60000,1798.0,0hp,
cwru_native12.load.v1,1,CWRU,train,n12L:CWRU:cwru_n12_FE_282:FE:train:54000-66000,cwrun12_FE_B007,FE_B007,cwru_n12_FE_282,data/raw_cwru_12k_fe/B007_0_FE12k.mat,X282_FE_time,e7447bf84ff363c0e49f651f76b502ab34b58653d53156faa852033cef8da947,282,B007,ball,7 mil,FE,FE,FE,CWRU_FE_6203,FE,12000,1.0,0.5,54000,66000,1798.0,0hp,
cwru_native12.load.v1,1,CWRU,train,n12L:CWRU:cwru_n12_FE_282:FE:train:60000-72000,cwrun12_FE_B007,FE_B007,cwru_n12_FE_282,data/raw_cwru_12k_fe/B007_0_FE12k.mat,X282_FE_time,e7447bf84ff363c0e49f651f76b502ab34b58653d53156faa852033cef8da947,282,B007,ball,7 mil,FE,FE,FE,CWRU_FE_6203,FE,12000,1.0,0.5,60000,72000,1798.0,0hp,
cwru_native12.load.v1,1,CWRU,train,n12L:CWRU:cwru_n12_FE_282:FE:train:66000-78000,cwrun12_FE_B007,FE_B007,cwru_n12_FE_282,data/raw_cwru_12k_fe/B007_0_FE12k.mat,X282_FE_time,e7447bf84ff363c0e49f651f76b502ab34b58653d53156faa852033cef8da947,282,B007,ball,7 mil,FE,FE,FE,CWRU_FE_6203,FE,12000,1.0,0.5,66000,78000,1798.0,0hp,
cwru_native12.load.v1,1,CWRU,train,n12L:CWRU:cwru_n12_FE_282:FE:train:72000-84000,cwrun12_FE_B007,FE_B007,cwru_n12_FE_282,data/raw_cwru_12k_fe/B007_0_FE12k.mat,X282_FE_time,e7447bf84ff363c0e49f651f76b502ab34b58653d53156faa852033cef8da947,282,B007,ball,7 mil,FE,FE,FE,CWRU_FE_6203,FE,12000,1.0,0.5,72000,84000,1798.0,0hp,
cwru_native12.load.v1,1,CWRU,train,n12L:CWRU:cwru_n12_FE_282:FE:train:78000-90000,cwrun12_FE_B007,FE_B007,cwru_n12_FE_282,data/raw_cwru_12k_fe/B007_0_FE12k.mat,X282_FE_time,e7447bf84ff363c0e49f651f76b502ab34b58653d53156faa852033cef8da947,282,B007,ball,7 mil,FE,FE,FE,CWRU_FE_6203,FE,12000,1.0,0.5,78000,90000,1798.0,0hp,
cwru_native12.load.v1,1,CWRU,train,n12L:CWRU:cwru_n12_FE_282:FE:train:84000-96000,cwrun12_FE_B007,FE_B007,cwru_n12_FE_282,data/raw_cwru_12k_fe/B007_0_FE12k.mat,X282_FE_time,e7447bf84ff363c0e49f651f76b502ab34b58653d53156faa852033cef8da947,282,B007,ball,7 mil,FE,FE,FE,CWRU_FE_6203,FE,12000,1.0,0.5,84000,96000,1798.0,0hp,
cwru_native12.load.v1,1,CWRU,train,n12L:CWRU:cwru_n12_FE_282:FE:train:90000-102000,cwrun12_FE_B007,FE_B007,cwru_n12_FE_282,data/raw_cwru_12k_fe/B007_0_FE12k.mat,X282_FE_time,e7447bf84ff363c0e49f651f76b502ab34b58653d53156faa852033cef8da947,282,B007,ball,7 mil,FE,FE,FE,CWRU_FE_6203,FE,12000,1.0,0.5,90000,102000,1798.0,0hp,
cwru_native12.load.v1,1,CWRU,train,n12L:CWRU:cwru_n12_FE_282:FE:train:96000-108000,cwrun12_FE_B007,FE_B007,cwru_n12_FE_282,data/raw_cwru_12k_fe/B007_0_FE12k.mat,X282_FE_time,e7447bf84ff363c0e49f651f76b502ab34b58653d53156faa852033cef8da947,282,B007,ball,7 mil,FE,FE,FE,CWRU_FE_6203,FE,12000,1.0,0.5,96000,108000,1798.0,0hp,
cwru_native12.load.v1,1,CWRU,train,n12L:CWRU:cwru_n12_FE_282:FE:train:102000-114000,cwrun12_FE_B007,FE_B007,cwru_n12_FE_282,data/raw_cwru_12k_fe/B007_0_FE12k.mat,X282_FE_time,e7447bf84ff363c0e49f651f76b502ab34b58653d53156faa852033cef8da947,282,B007,ball,7 mil,FE,FE,FE,CWRU_FE_6203,FE,12000,1.0,0.5,102000,114000,1798.0,0hp,
cwru_native12.load.v1,1,CWRU,train,n12L:CWRU:cwru_n12_FE_282:FE:train:108000-120000,cwrun12_FE_B007,FE_B007,cwru_n12_FE_282,data/raw_cwru_12k_fe/B007_0_FE12k.mat,X282_FE_time,e7447bf84ff363c0e49f651f76b502ab34b58653d53156faa852033cef8da947,282,B007,ball,7 mil,FE,FE,FE,CWRU_FE_6203,FE,12000,1.0,0.5,108000,120000,1798.0,0hp,
cwru_native12.load.v1,1,CWRU,train,n12L:CWRU:cwru_n12_FE_283:FE:train:0-12000,cwrun12_FE_B007,FE_B007,cwru_n12_FE_283,data/raw_cwru_12k_fe/B007_1_FE12k.mat,X283_FE_time,ec58fd361b56b645ce3811352ec4ae947fbdfc053cede581738129d02ea8928b,283,B007,ball,7 mil,FE,FE,FE,CWRU_FE_6203,FE,12000,1.0,0.5,0,12000,1777.0,1hp,
cwru_native12.load.v1,1,CWRU,train,n12L:CWRU:cwru_n12_FE_283:FE:train:6000-18000,cwrun12_FE_B007,FE_B007,cwru_n12_FE_283,data/raw_cwru_12k_fe/B007_1_FE12k.mat,X283_FE_time,ec58fd361b56b645ce3811352ec4ae947fbdfc053cede581738129d02ea8928b,283,B007,ball,7 mil,FE,FE,FE,CWRU_FE_6203,FE,12000,1.0,0.5,6000,18000,1777.0,1hp,
cwru_native12.load.v1,1,CWRU,train,n12L:CWRU:cwru_n12_FE_283:FE:train:12000-24000,cwrun12_FE_B007,FE_B007,cwru_n12_FE_283,data/raw_cwru_12k_fe/B007_1_FE12k.mat,X283_FE_time,ec58fd361b56b645ce3811352ec4ae947fbdfc053cede581738129d02ea8928b,283,B007,ball,7 mil,FE,FE,FE,CWRU_FE_6203,FE,12000,1.0,0.5,12000,24000,1777.0,1hp,
cwru_native12.load.v1,1,CWRU,train,n12L:CWRU:cwru_n12_FE_283:FE:train:18000-30000,cwrun12_FE_B007,FE_B007,cwru_n12_FE_283,data/raw_cwru_12k_fe/B007_1_FE12k.mat,X283_FE_time,ec58fd361b56b645ce3811352ec4ae947fbdfc053cede581738129d02ea8928b,283,B007,ball,7 mil,FE,FE,FE,CWRU_FE_6203,FE,12000,1.0,0.5,18000,30000,1777.0,1hp,
cwru_native12.load.v1,1,CWRU,train,n12L:CWRU:cwru_n12_FE_283:FE:train:24000-36000,cwrun12_FE_B007,FE_B007,cwru_n12_FE_283,data/raw_cwru_12k_fe/B007_1_FE12k.mat,X283_FE_time,ec58fd361b56b645ce3811352ec4ae947fbdfc053cede581738129d02ea8928b,283,B007,ball,7 mil,FE,FE,FE,CWRU_FE_6203,FE,12000,1.0,0.5,24000,36000,1777.0,1hp,
cwru_native12.load.v1,1,CWRU,train,n12L:CWRU:cwru_n12_FE_283:FE:train:30000-42000,cwrun12_FE_B007,FE_B007,cwru_n12_FE_283,data/raw_cwru_12k_fe/B007_1_FE12k.mat,X283_FE_time,ec58fd361b56b645ce3811352ec4ae947fbdfc053cede581738129d02ea8928b,283,B007,ball,7 mil,FE,FE,FE,CWRU_FE_6203,FE,12000,1.0,0.5,30000,42000,1777.0,1hp,
cwru_native12.load.v1,1,CWRU,train,n12L:CWRU:cwru_n12_FE_283:FE:train:36000-48000,cwrun12_FE_B007,FE_B007,cwru_n12_FE_283,data/raw_cwru_12k_fe/B007_1_FE12k.mat,X283_FE_time,ec58fd361b56b645ce3811352ec4ae947fbdfc053cede581738129d02ea8928b,283,B007,ball,7 mil,FE,FE,FE,CWRU_FE_6203,FE,12000,1.0,0.5,36000,48000,1777.0,1hp,
cwru_native12.load.v1,1,CWRU,train,n12L:CWRU:cwru_n12_FE_283:FE:train:42000-54000,cwrun12_FE_B007,FE_B007,cwru_n12_FE_283,data/raw_cwru_12k_fe/B007_1_FE12k.mat,X283_FE_time,ec58fd361b56b645ce3811352ec4ae947fbdfc053cede581738129d02ea8928b,283,B007,ball,7 mil,FE,FE,FE,CWRU_FE_6203,FE,12000,1.0,0.5,42000,54000,1777.0,1hp,
cwru_native12.load.v1,1,CWRU,train,n12L:CWRU:cwru_n12_FE_283:FE:train:48000-60000,cwrun12_FE_B007,FE_B007,cwru_n12_FE_283,data/raw_cwru_12k_fe/B007_1_FE12k.mat,X283_FE_time,ec58fd361b56b645ce3811352ec4ae947fbdfc053cede581738129d02ea8928b,283,B007,ball,7 mil,FE,FE,FE,CWRU_FE_6203,FE,12000,1.0,0.5,48000,60000,1777.0,1hp,
cwru_native12.load.v1,1,CWRU,train,n12L:CWRU:cwru_n12_FE_283:FE:train:54000-66000,cwrun12_FE_B007,FE_B007,cwru_n12_FE_283,data/raw_cwru_12k_fe/B007_1_FE12k.mat,X283_FE_time,ec58fd361b56b645ce3811352ec4ae947fbdfc053cede581738129d02ea8928b,283,B007,ball,7 mil,FE,FE,FE,CWRU_FE_6203,FE,12000,1.0,0.5,54000,66000,1777.0,1hp,
cwru_native12.load.v1,1,CWRU,train,n12L:CWRU:cwru_n12_FE_283:FE:train:60000-72000,cwrun12_FE_B007,FE_B007,cwru_n12_FE_283,data/raw_cwru_12k_fe/B007_1_FE12k.mat,X283_FE_time,ec58fd361b56b645ce3811352ec4ae947fbdfc053cede581738129d02ea8928b,283,B007,ball,7 mil,FE,FE,FE,CWRU_FE_6203,FE,12000,1.0,0.5,60000,72000,1777.0,1hp,
cwru_native12.load.v1,1,CWRU,train,n12L:CWRU:cwru_n12_FE_283:FE:train:66000-78000,cwrun12_FE_B007,FE_B007,cwru_n12_FE_283,data/raw_cwru_12k_fe/B007_1_FE12k.mat,X283_FE_time,ec58fd361b56b645ce3811352ec4ae947fbdfc053cede581738129d02ea8928b,283,B007,ball,7 mil,FE,FE,FE,CWRU_FE_6203,FE,12000,1.0,0.5,66000,78000,1777.0,1hp,
cwru_native12.load.v1,1,CWRU,train,n12L:CWRU:cwru_n12_FE_283:FE:train:72000-84000,cwrun12_FE_B007,FE_B007,cwru_n12_FE_283,data/raw_cwru_12k_fe/B007_1_FE12k.mat,X283_FE_time,ec58fd361b56b645ce3811352ec4ae947fbdfc053cede581738129d02ea8928b,283,B007,ball,7 mil,FE,FE,FE,CWRU_FE_6203,FE,12000,1.0,0.5,72000,84000,1777.0,1hp,
cwru_native12.load.v1,1,CWRU,train,n12L:CWRU:cwru_n12_FE_283:FE:train:78000-90000,cwrun12_FE_B007,FE_B007,cwru_n12_FE_283,data/raw_cwru_12k_fe/B007_1_FE12k.mat,X283_FE_time,ec58fd361b56b645ce3811352ec4ae947fbdfc053cede581738129d02ea8928b,283,B007,ball,7 mil,FE,FE,FE,CWRU_FE_6203,FE,12000,1.0,0.5,78000,90000,1777.0,1hp,
cwru_native12.load.v1,1,CWRU,train,n12L:CWRU:cwru_n12_FE_283:FE:train:84000-96000,cwrun12_FE_B007,FE_B007,cwru_n12_FE_283,data/raw_cwru_12k_fe/B007_1_FE12k.mat,X283_FE_time,ec58fd361b56b645ce3811352ec4ae947fbdfc053cede581738129d02ea8928b,283,B007,ball,7 mil,FE,FE,FE,CWRU_FE_6203,FE,12000,1.0,0.5,84000,96000,1777.0,1hp,
cwru_native12.load.v1,1,CWRU,train,n12L:CWRU:cwru_n12_FE_283:FE:train:90000-102000,cwrun12_FE_B007,FE_B007,cwru_n12_FE_283,data/raw_cwru_12k_fe/B007_1_FE12k.mat,X283_FE_time,ec58fd361b56b645ce3811352ec4ae947fbdfc053cede581738129d02ea8928b,283,B007,ball,7 mil,FE,FE,FE,CWRU_FE_6203,FE,12000,1.0,0.5,90000,102000,1777.0,1hp,
cwru_native12.load.v1,1,CWRU,train,n12L:CWRU:cwru_n12_FE_283:FE:train:96000-108000,cwrun12_FE_B007,FE_B007,cwru_n12_FE_283,data/raw_cwru_12k_fe/B007_1_FE12k.mat,X283_FE_time,ec58fd361b56b645ce3811352ec4ae947fbdfc053cede581738129d02ea8928b,283,B007,ball,7 mil,FE,FE,FE,CWRU_FE_6203,FE,12000,1.0,0.5,96000,108000,1777.0,1hp,
cwru_native12.load.v1,1,CWRU,train,n12L:CWRU:cwru_n12_FE_283:FE:train:102000-114000,cwrun12_FE_B007,FE_B007,cwru_n12_FE_283,data/raw_cwru_12k_fe/B007_1_FE12k.mat,X283_FE_time,ec58fd361b56b645ce3811352ec4ae947fbdfc053cede581738129d02ea8928b,283,B007,ball,7 mil,FE,FE,FE,CWRU_FE_6203,FE,12000,1.0,0.5,102000,114000,1777.0,1hp,
cwru_native12.load.v1,1,CWRU,train,n12L:CWRU:cwru_n12_FE_283:FE:train:108000-120000,cwrun12_FE_B007,FE_B007,cwru_n12_FE_283,data/raw_cwru_12k_fe/B007_1_FE12k.mat,X283_FE_time,ec58fd361b56b645ce3811352ec4ae947fbdfc053cede581738129d02ea8928b,283,B007,ball,7 mil,FE,FE,FE,CWRU_FE_6203,FE,12000,1.0,0.5,108000,120000,1777.0,1hp,
cwru_native12.load.v1,1,CWRU,validation,n12L:CWRU:cwru_n12_FE_284:FE:validation:0-12000,cwrun12_FE_B007,FE_B007,cwru_n12_FE_284,data/raw_cwru_12k_fe/B007_2_FE12k.mat,X284_FE_time,f6179084903e78126b7728f267125f0d387f79eb69742145fc1047fdfc938d8b,284,B007,ball,7 mil,FE,FE,FE,CWRU_FE_6203,FE,12000,1.0,1.0,0,12000,1755.0,2hp,
cwru_native12.load.v1,1,CWRU,validation,n12L:CWRU:cwru_n12_FE_284:FE:validation:12000-24000,cwrun12_FE_B007,FE_B007,cwru_n12_FE_284,data/raw_cwru_12k_fe/B007_2_FE12k.mat,X284_FE_time,f6179084903e78126b7728f267125f0d387f79eb69742145fc1047fdfc938d8b,284,B007,ball,7 mil,FE,FE,FE,CWRU_FE_6203,FE,12000,1.0,1.0,12000,24000,1755.0,2hp,
cwru_native12.load.v1,1,CWRU,validation,n12L:CWRU:cwru_n12_FE_284:FE:validation:24000-36000,cwrun12_FE_B007,FE_B007,cwru_n12_FE_284,data/raw_cwru_12k_fe/B007_2_FE12k.mat,X284_FE_time,f6179084903e78126b7728f267125f0d387f79eb69742145fc1047fdfc938d8b,284,B007,ball,7 mil,FE,FE,FE,CWRU_FE_6203,FE,12000,1.0,1.0,24000,36000,1755.0,2hp,
cwru_native12.load.v1,1,CWRU,validation,n12L:CWRU:cwru_n12_FE_284:FE:validation:36000-48000,cwrun12_FE_B007,FE_B007,cwru_n12_FE_284,data/raw_cwru_12k_fe/B007_2_FE12k.mat,X284_FE_time,f6179084903e78126b7728f267125f0d387f79eb69742145fc1047fdfc938d8b,284,B007,ball,7 mil,FE,FE,FE,CWRU_FE_6203,FE,12000,1.0,1.0,36000,48000,1755.0,2hp,
cwru_native12.load.v1,1,CWRU,validation,n12L:CWRU:cwru_n12_FE_284:FE:validation:48000-60000,cwrun12_FE_B007,FE_B007,cwru_n12_FE_284,data/raw_cwru_12k_fe/B007_2_FE12k.mat,X284_FE_time,f6179084903e78126b7728f267125f0d387f79eb69742145fc1047fdfc938d8b,284,B007,ball,7 mil,FE,FE,FE,CWRU_FE_6203,FE,12000,1.0,1.0,48000,60000,1755.0,2hp,
cwru_native12.load.v1,1,CWRU,validation,n12L:CWRU:cwru_n12_FE_284:FE:validation:60000-72000,cwrun12_FE_B007,FE_B007,cwru_n12_FE_284,data/raw_cwru_12k_fe/B007_2_FE12k.mat,X284_FE_time,f6179084903e78126b7728f267125f0d387f79eb69742145fc1047fdfc938d8b,284,B007,ball,7 mil,FE,FE,FE,CWRU_FE_6203,FE,12000,1.0,1.0,60000,72000,1755.0,2hp,
cwru_native12.load.v1,1,CWRU,validation,n12L:CWRU:cwru_n12_FE_284:FE:validation:72000-84000,cwrun12_FE_B007,FE_B007,cwru_n12_FE_284,data/raw_cwru_12k_fe/B007_2_FE12k.mat,X284_FE_time,f6179084903e78126b7728f267125f0d387f79eb69742145fc1047fdfc938d8b,284,B007,ball,7 mil,FE,FE,FE,CWRU_FE_6203,FE,12000,1.0,1.0,72000,84000,1755.0,2hp,
cwru_native12.load.v1,1,CWRU,validation,n12L:CWRU:cwru_n12_FE_284:FE:validation:84000-96000,cwrun12_FE_B007,FE_B007,cwru_n12_FE_284,data/raw_cwru_12k_fe/B007_2_FE12k.mat,X284_FE_time,f6179084903e78126b7728f267125f0d387f79eb69742145fc1047fdfc938d8b,284,B007,ball,7 mil,FE,FE,FE,CWRU_FE_6203,FE,12000,1.0,1.0,84000,96000,1755.0,2hp,
cwru_native12.load.v1,1,CWRU,validation,n12L:CWRU:cwru_n12_FE_284:FE:validation:96000-108000,cwrun12_FE_B007,FE_B007,cwru_n12_FE_284,data/raw_cwru_12k_fe/B007_2_FE12k.mat,X284_FE_time,f6179084903e78126b7728f267125f0d387f79eb69742145fc1047fdfc938d8b,284,B007,ball,7 mil,FE,FE,FE,CWRU_FE_6203,FE,12000,1.0,1.0,96000,108000,1755.0,2hp,
cwru_native12.load.v1,1,CWRU,validation,n12L:CWRU:cwru_n12_FE_284:FE:validation:108000-120000,cwrun12_FE_B007,FE_B007,cwru_n12_FE_284,data/raw_cwru_12k_fe/B007_2_FE12k.mat,X284_FE_time,f6179084903e78126b7728f267125f0d387f79eb69742145fc1047fdfc938d8b,284,B007,ball,7 mil,FE,FE,FE,CWRU_FE_6203,FE,12000,1.0,1.0,108000,120000,1755.0,2hp,
cwru_native12.load.v1,1,CWRU,test,n12L:CWRU:cwru_n12_FE_285:FE:test:0-12000,cwrun12_FE_B007,FE_B007,cwru_n12_FE_285,data/raw_cwru_12k_fe/B007_3_FE12k.mat,X285_FE_time,0536eee89c111af8c4ecbf8dd580bc63a35df480795d837d1e9a0d036c62ed4b,285,B007,ball,7 mil,FE,FE,FE,CWRU_FE_6203,FE,12000,1.0,1.0,0,12000,1732.0,3hp,
cwru_native12.load.v1,1,CWRU,test,n12L:CWRU:cwru_n12_FE_285:FE:test:12000-24000,cwrun12_FE_B007,FE_B007,cwru_n12_FE_285,data/raw_cwru_12k_fe/B007_3_FE12k.mat,X285_FE_time,0536eee89c111af8c4ecbf8dd580bc63a35df480795d837d1e9a0d036c62ed4b,285,B007,ball,7 mil,FE,FE,FE,CWRU_FE_6203,FE,12000,1.0,1.0,12000,24000,1732.0,3hp,
cwru_native12.load.v1,1,CWRU,test,n12L:CWRU:cwru_n12_FE_285:FE:test:24000-36000,cwrun12_FE_B007,FE_B007,cwru_n12_FE_285,data/raw_cwru_12k_fe/B007_3_FE12k.mat,X285_FE_time,0536eee89c111af8c4ecbf8dd580bc63a35df480795d837d1e9a0d036c62ed4b,285,B007,ball,7 mil,FE,FE,FE,CWRU_FE_6203,FE,12000,1.0,1.0,24000,36000,1732.0,3hp,
cwru_native12.load.v1,1,CWRU,test,n12L:CWRU:cwru_n12_FE_285:FE:test:36000-48000,cwrun12_FE_B007,FE_B007,cwru_n12_FE_285,data/raw_cwru_12k_fe/B007_3_FE12k.mat,X285_FE_time,0536eee89c111af8c4ecbf8dd580bc63a35df480795d837d1e9a0d036c62ed4b,285,B007,ball,7 mil,FE,FE,FE,CWRU_FE_6203,FE,12000,1.0,1.0,36000,48000,1732.0,3hp,
cwru_native12.load.v1,1,CWRU,test,n12L:CWRU:cwru_n12_FE_285:FE:test:48000-60000,cwrun12_FE_B007,FE_B007,cwru_n12_FE_285,data/raw_cwru_12k_fe/B007_3_FE12k.mat,X285_FE_time,0536eee89c111af8c4ecbf8dd580bc63a35df480795d837d1e9a0d036c62ed4b,285,B007,ball,7 mil,FE,FE,FE,CWRU_FE_6203,FE,12000,1.0,1.0,48000,60000,1732.0,3hp,
cwru_native12.load.v1,1,CWRU,test,n12L:CWRU:cwru_n12_FE_285:FE:test:60000-72000,cwrun12_FE_B007,FE_B007,cwru_n12_FE_285,data/raw_cwru_12k_fe/B007_3_FE12k.mat,X285_FE_time,0536eee89c111af8c4ecbf8dd580bc63a35df480795d837d1e9a0d036c62ed4b,285,B007,ball,7 mil,FE,FE,FE,CWRU_FE_6203,FE,12000,1.0,1.0,60000,72000,1732.0,3hp,
cwru_native12.load.v1,1,CWRU,test,n12L:CWRU:cwru_n12_FE_285:FE:test:72000-84000,cwrun12_FE_B007,FE_B007,cwru_n12_FE_285,data/raw_cwru_12k_fe/B007_3_FE12k.mat,X285_FE_time,0536eee89c111af8c4ecbf8dd580bc63a35df480795d837d1e9a0d036c62ed4b,285,B007,ball,7 mil,FE,FE,FE,CWRU_FE_6203,FE,12000,1.0,1.0,72000,84000,1732.0,3hp,
cwru_native12.load.v1,1,CWRU,test,n12L:CWRU:cwru_n12_FE_285:FE:test:84000-96000,cwrun12_FE_B007,FE_B007,cwru_n12_FE_285,data/raw_cwru_12k_fe/B007_3_FE12k.mat,X285_FE_time,0536eee89c111af8c4ecbf8dd580bc63a35df480795d837d1e9a0d036c62ed4b,285,B007,ball,7 mil,FE,FE,FE,CWRU_FE_6203,FE,12000,1.0,1.0,84000,96000,1732.0,3hp,
cwru_native12.load.v1,1,CWRU,test,n12L:CWRU:cwru_n12_FE_285:FE:test:96000-108000,cwrun12_FE_B007,FE_B007,cwru_n12_FE_285,data/raw_cwru_12k_fe/B007_3_FE12k.mat,X285_FE_time,0536eee89c111af8c4ecbf8dd580bc63a35df480795d837d1e9a0d036c62ed4b,285,B007,ball,7 mil,FE,FE,FE,CWRU_FE_6203,FE,12000,1.0,1.0,96000,108000,1732.0,3hp,
cwru_native12.load.v1,1,CWRU,test,n12L:CWRU:cwru_n12_FE_285:FE:test:108000-120000,cwrun12_FE_B007,FE_B007,cwru_n12_FE_285,data/raw_cwru_12k_fe/B007_3_FE12k.mat,X285_FE_time,0536eee89c111af8c4ecbf8dd580bc63a35df480795d837d1e9a0d036c62ed4b,285,B007,ball,7 mil,FE,FE,FE,CWRU_FE_6203,FE,12000,1.0,1.0,108000,120000,1732.0,3hp,
cwru_native12.load.v1,1,CWRU,train,n12L:CWRU:cwru_n12_FE_286:FE:train:0-12000,cwrun12_FE_B014,FE_B014,cwru_n12_FE_286,data/raw_cwru_12k_fe/B014_0_FE12k.mat,X286_FE_time,ffef67be62c7f4395c3c0d69684ee7b7772d5c6f6c4f5f67b6791fa66d2489ea,286,B014,ball,14 mil,FE,FE,FE,CWRU_FE_6203,FE,12000,1.0,0.5,0,12000,1796.0,0hp,
cwru_native12.load.v1,1,CWRU,train,n12L:CWRU:cwru_n12_FE_286:FE:train:6000-18000,cwrun12_FE_B014,FE_B014,cwru_n12_FE_286,data/raw_cwru_12k_fe/B014_0_FE12k.mat,X286_FE_time,ffef67be62c7f4395c3c0d69684ee7b7772d5c6f6c4f5f67b6791fa66d2489ea,286,B014,ball,14 mil,FE,FE,FE,CWRU_FE_6203,FE,12000,1.0,0.5,6000,18000,1796.0,0hp,
cwru_native12.load.v1,1,CWRU,train,n12L:CWRU:cwru_n12_FE_286:FE:train:12000-24000,cwrun12_FE_B014,FE_B014,cwru_n12_FE_286,data/raw_cwru_12k_fe/B014_0_FE12k.mat,X286_FE_time,ffef67be62c7f4395c3c0d69684ee7b7772d5c6f6c4f5f67b6791fa66d2489ea,286,B014,ball,14 mil,FE,FE,FE,CWRU_FE_6203,FE,12000,1.0,0.5,12000,24000,1796.0,0hp,
cwru_native12.load.v1,1,CWRU,train,n12L:CWRU:cwru_n12_FE_286:FE:train:18000-30000,cwrun12_FE_B014,FE_B014,cwru_n12_FE_286,data/raw_cwru_12k_fe/B014_0_FE12k.mat,X286_FE_time,ffef67be62c7f4395c3c0d69684ee7b7772d5c6f6c4f5f67b6791fa66d2489ea,286,B014,ball,14 mil,FE,FE,FE,CWRU_FE_6203,FE,12000,1.0,0.5,18000,30000,1796.0,0hp,
cwru_native12.load.v1,1,CWRU,train,n12L:CWRU:cwru_n12_FE_286:FE:train:24000-36000,cwrun12_FE_B014,FE_B014,cwru_n12_FE_286,data/raw_cwru_12k_fe/B014_0_FE12k.mat,X286_FE_time,ffef67be62c7f4395c3c0d69684ee7b7772d5c6f6c4f5f67b6791fa66d2489ea,286,B014,ball,14 mil,FE,FE,FE,CWRU_FE_6203,FE,12000,1.0,0.5,24000,36000,1796.0,0hp,
cwru_native12.load.v1,1,CWRU,train,n12L:CWRU:cwru_n12_FE_286:FE:train:30000-42000,cwrun12_FE_B014,FE_B014,cwru_n12_FE_286,data/raw_cwru_12k_fe/B014_0_FE12k.mat,X286_FE_time,ffef67be62c7f4395c3c0d69684ee7b7772d5c6f6c4f5f67b6791fa66d2489ea,286,B014,ball,14 mil,FE,FE,FE,CWRU_FE_6203,FE,12000,1.0,0.5,30000,42000,1796.0,0hp,
cwru_native12.load.v1,1,CWRU,train,n12L:CWRU:cwru_n12_FE_286:FE:train:36000-48000,cwrun12_FE_B014,FE_B014,cwru_n12_FE_286,data/raw_cwru_12k_fe/B014_0_FE12k.mat,X286_FE_time,ffef67be62c7f4395c3c0d69684ee7b7772d5c6f6c4f5f67b6791fa66d2489ea,286,B014,ball,14 mil,FE,FE,FE,CWRU_FE_6203,FE,12000,1.0,0.5,36000,48000,1796.0,0hp,
cwru_native12.load.v1,1,CWRU,train,n12L:CWRU:cwru_n12_FE_286:FE:train:42000-54000,cwrun12_FE_B014,FE_B014,cwru_n12_FE_286,data/raw_cwru_12k_fe/B014_0_FE12k.mat,X286_FE_time,ffef67be62c7f4395c3c0d69684ee7b7772d5c6f6c4f5f67b6791fa66d2489ea,286,B014,ball,14 mil,FE,FE,FE,CWRU_FE_6203,FE,12000,1.0,0.5,42000,54000,1796.0,0hp,
cwru_native12.load.v1,1,CWRU,train,n12L:CWRU:cwru_n12_FE_286:FE:train:48000-60000,cwrun12_FE_B014,FE_B014,cwru_n12_FE_286,data/raw_cwru_12k_fe/B014_0_FE12k.mat,X286_FE_time,ffef67be62c7f4395c3c0d69684ee7b7772d5c6f6c4f5f67b6791fa66d2489ea,286,B014,ball,14 mil,FE,FE,FE,CWRU_FE_6203,FE,12000,1.0,0.5,48000,60000,1796.0,0hp,
cwru_native12.load.v1,1,CWRU,train,n12L:CWRU:cwru_n12_FE_286:FE:train:54000-66000,cwrun12_FE_B014,FE_B014,cwru_n12_FE_286,data/raw_cwru_12k_fe/B014_0_FE12k.mat,X286_FE_time,ffef67be62c7f4395c3c0d69684ee7b7772d5c6f6c4f5f67b6791fa66d2489ea,286,B014,ball,14 mil,FE,FE,FE,CWRU_FE_6203,FE,12000,1.0,0.5,54000,66000,1796.0,0hp,
cwru_native12.load.v1,1,CWRU,train,n12L:CWRU:cwru_n12_FE_286:FE:train:60000-72000,cwrun12_FE_B014,FE_B014,cwru_n12_FE_286,data/raw_cwru_12k_fe/B014_0_FE12k.mat,X286_FE_time,ffef67be62c7f4395c3c0d69684ee7b7772d5c6f6c4f5f67b6791fa66d2489ea,286,B014,ball,14 mil,FE,FE,FE,CWRU_FE_6203,FE,12000,1.0,0.5,60000,72000,1796.0,0hp,
cwru_native12.load.v1,1,CWRU,train,n12L:CWRU:cwru_n12_FE_286:FE:train:66000-78000,cwrun12_FE_B014,FE_B014,cwru_n12_FE_286,data/raw_cwru_12k_fe/B014_0_FE12k.mat,X286_FE_time,ffef67be62c7f4395c3c0d69684ee7b7772d5c6f6c4f5f67b6791fa66d2489ea,286,B014,ball,14 mil,FE,FE,FE,CWRU_FE_6203,FE,12000,1.0,0.5,66000,78000,1796.0,0hp,
cwru_native12.load.v1,1,CWRU,train,n12L:CWRU:cwru_n12_FE_286:FE:train:72000-84000,cwrun12_FE_B014,FE_B014,cwru_n12_FE_286,data/raw_cwru_12k_fe/B014_0_FE12k.mat,X286_FE_time,ffef67be62c7f4395c3c0d69684ee7b7772d5c6f6c4f5f67b6791fa66d2489ea,286,B014,ball,14 mil,FE,FE,FE,CWRU_FE_6203,FE,12000,1.0,0.5,72000,84000,1796.0,0hp,
cwru_native12.load.v1,1,CWRU,train,n12L:CWRU:cwru_n12_FE_286:FE:train:78000-90000,cwrun12_FE_B014,FE_B014,cwru_n12_FE_286,data/raw_cwru_12k_fe/B014_0_FE12k.mat,X286_FE_time,ffef67be62c7f4395c3c0d69684ee7b7772d5c6f6c4f5f67b6791fa66d2489ea,286,B014,ball,14 mil,FE,FE,FE,CWRU_FE_6203,FE,12000,1.0,0.5,78000,90000,1796.0,0hp,
cwru_native12.load.v1,1,CWRU,train,n12L:CWRU:cwru_n12_FE_286:FE:train:84000-96000,cwrun12_FE_B014,FE_B014,cwru_n12_FE_286,data/raw_cwru_12k_fe/B014_0_FE12k.mat,X286_FE_time,ffef67be62c7f4395c3c0d69684ee7b7772d5c6f6c4f5f67b6791fa66d2489ea,286,B014,ball,14 mil,FE,FE,FE,CWRU_FE_6203,FE,12000,1.0,0.5,84000,96000,1796.0,0hp,
cwru_native12.load.v1,1,CWRU,train,n12L:CWRU:cwru_n12_FE_286:FE:train:90000-102000,cwrun12_FE_B014,FE_B014,cwru_n12_FE_286,data/raw_cwru_12k_fe/B014_0_FE12k.mat,X286_FE_time,ffef67be62c7f4395c3c0d69684ee7b7772d5c6f6c4f5f67b6791fa66d2489ea,286,B014,ball,14 mil,FE,FE,FE,CWRU_FE_6203,FE,12000,1.0,0.5,90000,102000,1796.0,0hp,
cwru_native12.load.v1,1,CWRU,train,n12L:CWRU:cwru_n12_FE_286:FE:train:96000-108000,cwrun12_FE_B014,FE_B014,cwru_n12_FE_286,data/raw_cwru_12k_fe/B014_0_FE12k.mat,X286_FE_time,ffef67be62c7f4395c3c0d69684ee7b7772d5c6f6c4f5f67b6791fa66d2489ea,286,B014,ball,14 mil,FE,FE,FE,CWRU_FE_6203,FE,12000,1.0,0.5,96000,108000,1796.0,0hp,
cwru_native12.load.v1,1,CWRU,train,n12L:CWRU:cwru_n12_FE_286:FE:train:102000-114000,cwrun12_FE_B014,FE_B014,cwru_n12_FE_286,data/raw_cwru_12k_fe/B014_0_FE12k.mat,X286_FE_time,ffef67be62c7f4395c3c0d69684ee7b7772d5c6f6c4f5f67b6791fa66d2489ea,286,B014,ball,14 mil,FE,FE,FE,CWRU_FE_6203,FE,12000,1.0,0.5,102000,114000,1796.0,0hp,
cwru_native12.load.v1,1,CWRU,train,n12L:CWRU:cwru_n12_FE_286:FE:train:108000-120000,cwrun12_FE_B014,FE_B014,cwru_n12_FE_286,data/raw_cwru_12k_fe/B014_0_FE12k.mat,X286_FE_time,ffef67be62c7f4395c3c0d69684ee7b7772d5c6f6c4f5f67b6791fa66d2489ea,286,B014,ball,14 mil,FE,FE,FE,CWRU_FE_6203,FE,12000,1.0,0.5,108000,120000,1796.0,0hp,
cwru_native12.load.v1,1,CWRU,train,n12L:CWRU:cwru_n12_FE_287:FE:train:0-12000,cwrun12_FE_B014,FE_B014,cwru_n12_FE_287,data/raw_cwru_12k_fe/B014_1_FE12k.mat,X287_FE_time,11838a991ec50b1f34f786ca8431e0ef1ff81df072a66e9740e6488da5be8627,287,B014,ball,14 mil,FE,FE,FE,CWRU_FE_6203,FE,12000,1.0,0.5,0,12000,1775.0,1hp,
cwru_native12.load.v1,1,CWRU,train,n12L:CWRU:cwru_n12_FE_287:FE:train:6000-18000,cwrun12_FE_B014,FE_B014,cwru_n12_FE_287,data/raw_cwru_12k_fe/B014_1_FE12k.mat,X287_FE_time,11838a991ec50b1f34f786ca8431e0ef1ff81df072a66e9740e6488da5be8627,287,B014,ball,14 mil,FE,FE,FE,CWRU_FE_6203,FE,12000,1.0,0.5,6000,18000,1775.0,1hp,
cwru_native12.load.v1,1,CWRU,train,n12L:CWRU:cwru_n12_FE_287:FE:train:12000-24000,cwrun12_FE_B014,FE_B014,cwru_n12_FE_287,data/raw_cwru_12k_fe/B014_1_FE12k.mat,X287_FE_time,11838a991ec50b1f34f786ca8431e0ef1ff81df072a66e9740e6488da5be8627,287,B014,ball,14 mil,FE,FE,FE,CWRU_FE_6203,FE,12000,1.0,0.5,12000,24000,1775.0,1hp,
cwru_native12.load.v1,1,CWRU,train,n12L:CWRU:cwru_n12_FE_287:FE:train:18000-30000,cwrun12_FE_B014,FE_B014,cwru_n12_FE_287,data/raw_cwru_12k_fe/B014_1_FE12k.mat,X287_FE_time,11838a991ec50b1f34f786ca8431e0ef1ff81df072a66e9740e6488da5be8627,287,B014,ball,14 mil,FE,FE,FE,CWRU_FE_6203,FE,12000,1.0,0.5,18000,30000,1775.0,1hp,
cwru_native12.load.v1,1,CWRU,train,n12L:CWRU:cwru_n12_FE_287:FE:train:24000-36000,cwrun12_FE_B014,FE_B014,cwru_n12_FE_287,data/raw_cwru_12k_fe/B014_1_FE12k.mat,X287_FE_time,11838a991ec50b1f34f786ca8431e0ef1ff81df072a66e9740e6488da5be8627,287,B014,ball,14 mil,FE,FE,FE,CWRU_FE_6203,FE,12000,1.0,0.5,24000,36000,1775.0,1hp,
cwru_native12.load.v1,1,CWRU,train,n12L:CWRU:cwru_n12_FE_287:FE:train:30000-42000,cwrun12_FE_B014,FE_B014,cwru_n12_FE_287,data/raw_cwru_12k_fe/B014_1_FE12k.mat,X287_FE_time,11838a991ec50b1f34f786ca8431e0ef1ff81df072a66e9740e6488da5be8627,287,B014,ball,14 mil,FE,FE,FE,CWRU_FE_6203,FE,12000,1.0,0.5,30000,42000,1775.0,1hp,
cwru_native12.load.v1,1,CWRU,train,n12L:CWRU:cwru_n12_FE_287:FE:train:36000-48000,cwrun12_FE_B014,FE_B014,cwru_n12_FE_287,data/raw_cwru_12k_fe/B014_1_FE12k.mat,X287_FE_time,11838a991ec50b1f34f786ca8431e0ef1ff81df072a66e9740e6488da5be8627,287,B014,ball,14 mil,FE,FE,FE,CWRU_FE_6203,FE,12000,1.0,0.5,36000,48000,1775.0,1hp,
cwru_native12.load.v1,1,CWRU,train,n12L:CWRU:cwru_n12_FE_287:FE:train:42000-54000,cwrun12_FE_B014,FE_B014,cwru_n12_FE_287,data/raw_cwru_12k_fe/B014_1_FE12k.mat,X287_FE_time,11838a991ec50b1f34f786ca8431e0ef1ff81df072a66e9740e6488da5be8627,287,B014,ball,14 mil,FE,FE,FE,CWRU_FE_6203,FE,12000,1.0,0.5,42000,54000,1775.0,1hp,
cwru_native12.load.v1,1,CWRU,train,n12L:CWRU:cwru_n12_FE_287:FE:train:48000-60000,cwrun12_FE_B014,FE_B014,cwru_n12_FE_287,data/raw_cwru_12k_fe/B014_1_FE12k.mat,X287_FE_time,11838a991ec50b1f34f786ca8431e0ef1ff81df072a66e9740e6488da5be8627,287,B014,ball,14 mil,FE,FE,FE,CWRU_FE_6203,FE,12000,1.0,0.5,48000,60000,1775.0,1hp,
cwru_native12.load.v1,1,CWRU,train,n12L:CWRU:cwru_n12_FE_287:FE:train:54000-66000,cwrun12_FE_B014,FE_B014,cwru_n12_FE_287,data/raw_cwru_12k_fe/B014_1_FE12k.mat,X287_FE_time,11838a991ec50b1f34f786ca8431e0ef1ff81df072a66e9740e6488da5be8627,287,B014,ball,14 mil,FE,FE,FE,CWRU_FE_6203,FE,12000,1.0,0.5,54000,66000,1775.0,1hp,
cwru_native12.load.v1,1,CWRU,train,n12L:CWRU:cwru_n12_FE_287:FE:train:60000-72000,cwrun12_FE_B014,FE_B014,cwru_n12_FE_287,data/raw_cwru_12k_fe/B014_1_FE12k.mat,X287_FE_time,11838a991ec50b1f34f786ca8431e0ef1ff81df072a66e9740e6488da5be8627,287,B014,ball,14 mil,FE,FE,FE,CWRU_FE_6203,FE,12000,1.0,0.5,60000,72000,1775.0,1hp,
cwru_native12.load.v1,1,CWRU,train,n12L:CWRU:cwru_n12_FE_287:FE:train:66000-78000,cwrun12_FE_B014,FE_B014,cwru_n12_FE_287,data/raw_cwru_12k_fe/B014_1_FE12k.mat,X287_FE_time,11838a991ec50b1f34f786ca8431e0ef1ff81df072a66e9740e6488da5be8627,287,B014,ball,14 mil,FE,FE,FE,CWRU_FE_6203,FE,12000,1.0,0.5,66000,78000,1775.0,1hp,
cwru_native12.load.v1,1,CWRU,train,n12L:CWRU:cwru_n12_FE_287:FE:train:72000-84000,cwrun12_FE_B014,FE_B014,cwru_n12_FE_287,data/raw_cwru_12k_fe/B014_1_FE12k.mat,X287_FE_time,11838a991ec50b1f34f786ca8431e0ef1ff81df072a66e9740e6488da5be8627,287,B014,ball,14 mil,FE,FE,FE,CWRU_FE_6203,FE,12000,1.0,0.5,72000,84000,1775.0,1hp,
cwru_native12.load.v1,1,CWRU,train,n12L:CWRU:cwru_n12_FE_287:FE:train:78000-90000,cwrun12_FE_B014,FE_B014,cwru_n12_FE_287,data/raw_cwru_12k_fe/B014_1_FE12k.mat,X287_FE_time,11838a991ec50b1f34f786ca8431e0ef1ff81df072a66e9740e6488da5be8627,287,B014,ball,14 mil,FE,FE,FE,CWRU_FE_6203,FE,12000,1.0,0.5,78000,90000,1775.0,1hp,
cwru_native12.load.v1,1,CWRU,train,n12L:CWRU:cwru_n12_FE_287:FE:train:84000-96000,cwrun12_FE_B014,FE_B014,cwru_n12_FE_287,data/raw_cwru_12k_fe/B014_1_FE12k.mat,X287_FE_time,11838a991ec50b1f34f786ca8431e0ef1ff81df072a66e9740e6488da5be8627,287,B014,ball,14 mil,FE,FE,FE,CWRU_FE_6203,FE,12000,1.0,0.5,84000,96000,1775.0,1hp,
cwru_native12.load.v1,1,CWRU,train,n12L:CWRU:cwru_n12_FE_287:FE:train:90000-102000,cwrun12_FE_B014,FE_B014,cwru_n12_FE_287,data/raw_cwru_12k_fe/B014_1_FE12k.mat,X287_FE_time,11838a991ec50b1f34f786ca8431e0ef1ff81df072a66e9740e6488da5be8627,287,B014,ball,14 mil,FE,FE,FE,CWRU_FE_6203,FE,12000,1.0,0.5,90000,102000,1775.0,1hp,
cwru_native12.load.v1,1,CWRU,train,n12L:CWRU:cwru_n12_FE_287:FE:train:96000-108000,cwrun12_FE_B014,FE_B014,cwru_n12_FE_287,data/raw_cwru_12k_fe/B014_1_FE12k.mat,X287_FE_time,11838a991ec50b1f34f786ca8431e0ef1ff81df072a66e9740e6488da5be8627,287,B014,ball,14 mil,FE,FE,FE,CWRU_FE_6203,FE,12000,1.0,0.5,96000,108000,1775.0,1hp,
cwru_native12.load.v1,1,CWRU,train,n12L:CWRU:cwru_n12_FE_287:FE:train:102000-114000,cwrun12_FE_B014,FE_B014,cwru_n12_FE_287,data/raw_cwru_12k_fe/B014_1_FE12k.mat,X287_FE_time,11838a991ec50b1f34f786ca8431e0ef1ff81df072a66e9740e6488da5be8627,287,B014,ball,14 mil,FE,FE,FE,CWRU_FE_6203,FE,12000,1.0,0.5,102000,114000,1775.0,1hp,
cwru_native12.load.v1,1,CWRU,train,n12L:CWRU:cwru_n12_FE_287:FE:train:108000-120000,cwrun12_FE_B014,FE_B014,cwru_n12_FE_287,data/raw_cwru_12k_fe/B014_1_FE12k.mat,X287_FE_time,11838a991ec50b1f34f786ca8431e0ef1ff81df072a66e9740e6488da5be8627,287,B014,ball,14 mil,FE,FE,FE,CWRU_FE_6203,FE,12000,1.0,0.5,108000,120000,1775.0,1hp,
cwru_native12.load.v1,1,CWRU,validation,n12L:CWRU:cwru_n12_FE_288:FE:validation:0-12000,cwrun12_FE_B014,FE_B014,cwru_n12_FE_288,data/raw_cwru_12k_fe/B014_2_FE12k.mat,X288_FE_time,1c16e412208b2f7d43779ba6654fdc76781bd118071a27442338cae781a22bd5,288,B014,ball,14 mil,FE,FE,FE,CWRU_FE_6203,FE,12000,1.0,1.0,0,12000,1755.0,2hp,
cwru_native12.load.v1,1,CWRU,validation,n12L:CWRU:cwru_n12_FE_288:FE:validation:12000-24000,cwrun12_FE_B014,FE_B014,cwru_n12_FE_288,data/raw_cwru_12k_fe/B014_2_FE12k.mat,X288_FE_time,1c16e412208b2f7d43779ba6654fdc76781bd118071a27442338cae781a22bd5,288,B014,ball,14 mil,FE,FE,FE,CWRU_FE_6203,FE,12000,1.0,1.0,12000,24000,1755.0,2hp,
cwru_native12.load.v1,1,CWRU,validation,n12L:CWRU:cwru_n12_FE_288:FE:validation:24000-36000,cwrun12_FE_B014,FE_B014,cwru_n12_FE_288,data/raw_cwru_12k_fe/B014_2_FE12k.mat,X288_FE_time,1c16e412208b2f7d43779ba6654fdc76781bd118071a27442338cae781a22bd5,288,B014,ball,14 mil,FE,FE,FE,CWRU_FE_6203,FE,12000,1.0,1.0,24000,36000,1755.0,2hp,
cwru_native12.load.v1,1,CWRU,validation,n12L:CWRU:cwru_n12_FE_288:FE:validation:36000-48000,cwrun12_FE_B014,FE_B014,cwru_n12_FE_288,data/raw_cwru_12k_fe/B014_2_FE12k.mat,X288_FE_time,1c16e412208b2f7d43779ba6654fdc76781bd118071a27442338cae781a22bd5,288,B014,ball,14 mil,FE,FE,FE,CWRU_FE_6203,FE,12000,1.0,1.0,36000,48000,1755.0,2hp,
cwru_native12.load.v1,1,CWRU,validation,n12L:CWRU:cwru_n12_FE_288:FE:validation:48000-60000,cwrun12_FE_B014,FE_B014,cwru_n12_FE_288,data/raw_cwru_12k_fe/B014_2_FE12k.mat,X288_FE_time,1c16e412208b2f7d43779ba6654fdc76781bd118071a27442338cae781a22bd5,288,B014,ball,14 mil,FE,FE,FE,CWRU_FE_6203,FE,12000,1.0,1.0,48000,60000,1755.0,2hp,
cwru_native12.load.v1,1,CWRU,validation,n12L:CWRU:cwru_n12_FE_288:FE:validation:60000-72000,cwrun12_FE_B014,FE_B014,cwru_n12_FE_288,data/raw_cwru_12k_fe/B014_2_FE12k.mat,X288_FE_time,1c16e412208b2f7d43779ba6654fdc76781bd118071a27442338cae781a22bd5,288,B014,ball,14 mil,FE,FE,FE,CWRU_FE_6203,FE,12000,1.0,1.0,60000,72000,1755.0,2hp,
cwru_native12.load.v1,1,CWRU,validation,n12L:CWRU:cwru_n12_FE_288:FE:validation:72000-84000,cwrun12_FE_B014,FE_B014,cwru_n12_FE_288,data/raw_cwru_12k_fe/B014_2_FE12k.mat,X288_FE_time,1c16e412208b2f7d43779ba6654fdc76781bd118071a27442338cae781a22bd5,288,B014,ball,14 mil,FE,FE,FE,CWRU_FE_6203,FE,12000,1.0,1.0,72000,84000,1755.0,2hp,
cwru_native12.load.v1,1,CWRU,validation,n12L:CWRU:cwru_n12_FE_288:FE:validation:84000-96000,cwrun12_FE_B014,FE_B014,cwru_n12_FE_288,data/raw_cwru_12k_fe/B014_2_FE12k.mat,X288_FE_time,1c16e412208b2f7d43779ba6654fdc76781bd118071a27442338cae781a22bd5,288,B014,ball,14 mil,FE,FE,FE,CWRU_FE_6203,FE,12000,1.0,1.0,84000,96000,1755.0,2hp,
cwru_native12.load.v1,1,CWRU,validation,n12L:CWRU:cwru_n12_FE_288:FE:validation:96000-108000,cwrun12_FE_B014,FE_B014,cwru_n12_FE_288,data/raw_cwru_12k_fe/B014_2_FE12k.mat,X288_FE_time,1c16e412208b2f7d43779ba6654fdc76781bd118071a27442338cae781a22bd5,288,B014,ball,14 mil,FE,FE,FE,CWRU_FE_6203,FE,12000,1.0,1.0,96000,108000,1755.0,2hp,
cwru_native12.load.v1,1,CWRU,validation,n12L:CWRU:cwru_n12_FE_288:FE:validation:108000-120000,cwrun12_FE_B014,FE_B014,cwru_n12_FE_288,data/raw_cwru_12k_fe/B014_2_FE12k.mat,X288_FE_time,1c16e412208b2f7d43779ba6654fdc76781bd118071a27442338cae781a22bd5,288,B014,ball,14 mil,FE,FE,FE,CWRU_FE_6203,FE,12000,1.0,1.0,108000,120000,1755.0,2hp,
cwru_native12.load.v1,1,CWRU,test,n12L:CWRU:cwru_n12_FE_289:FE:test:0-12000,cwrun12_FE_B014,FE_B014,cwru_n12_FE_289,data/raw_cwru_12k_fe/B014_3_FE12k.mat,X289_FE_time,5fb1247048f7773b2bc023afed156f7708d6a03fe78f7aa33f0a202beef6b2de,289,B014,ball,14 mil,FE,FE,FE,CWRU_FE_6203,FE,12000,1.0,1.0,0,12000,1732.0,3hp,
cwru_native12.load.v1,1,CWRU,test,n12L:CWRU:cwru_n12_FE_289:FE:test:12000-24000,cwrun12_FE_B014,FE_B014,cwru_n12_FE_289,data/raw_cwru_12k_fe/B014_3_FE12k.mat,X289_FE_time,5fb1247048f7773b2bc023afed156f7708d6a03fe78f7aa33f0a202beef6b2de,289,B014,ball,14 mil,FE,FE,FE,CWRU_FE_6203,FE,12000,1.0,1.0,12000,24000,1732.0,3hp,
cwru_native12.load.v1,1,CWRU,test,n12L:CWRU:cwru_n12_FE_289:FE:test:24000-36000,cwrun12_FE_B014,FE_B014,cwru_n12_FE_289,data/raw_cwru_12k_fe/B014_3_FE12k.mat,X289_FE_time,5fb1247048f7773b2bc023afed156f7708d6a03fe78f7aa33f0a202beef6b2de,289,B014,ball,14 mil,FE,FE,FE,CWRU_FE_6203,FE,12000,1.0,1.0,24000,36000,1732.0,3hp,
cwru_native12.load.v1,1,CWRU,test,n12L:CWRU:cwru_n12_FE_289:FE:test:36000-48000,cwrun12_FE_B014,FE_B014,cwru_n12_FE_289,data/raw_cwru_12k_fe/B014_3_FE12k.mat,X289_FE_time,5fb1247048f7773b2bc023afed156f7708d6a03fe78f7aa33f0a202beef6b2de,289,B014,ball,14 mil,FE,FE,FE,CWRU_FE_6203,FE,12000,1.0,1.0,36000,48000,1732.0,3hp,
cwru_native12.load.v1,1,CWRU,test,n12L:CWRU:cwru_n12_FE_289:FE:test:48000-60000,cwrun12_FE_B014,FE_B014,cwru_n12_FE_289,data/raw_cwru_12k_fe/B014_3_FE12k.mat,X289_FE_time,5fb1247048f7773b2bc023afed156f7708d6a03fe78f7aa33f0a202beef6b2de,289,B014,ball,14 mil,FE,FE,FE,CWRU_FE_6203,FE,12000,1.0,1.0,48000,60000,1732.0,3hp,
cwru_native12.load.v1,1,CWRU,test,n12L:CWRU:cwru_n12_FE_289:FE:test:60000-72000,cwrun12_FE_B014,FE_B014,cwru_n12_FE_289,data/raw_cwru_12k_fe/B014_3_FE12k.mat,X289_FE_time,5fb1247048f7773b2bc023afed156f7708d6a03fe78f7aa33f0a202beef6b2de,289,B014,ball,14 mil,FE,FE,FE,CWRU_FE_6203,FE,12000,1.0,1.0,60000,72000,1732.0,3hp,
cwru_native12.load.v1,1,CWRU,test,n12L:CWRU:cwru_n12_FE_289:FE:test:72000-84000,cwrun12_FE_B014,FE_B014,cwru_n12_FE_289,data/raw_cwru_12k_fe/B014_3_FE12k.mat,X289_FE_time,5fb1247048f7773b2bc023afed156f7708d6a03fe78f7aa33f0a202beef6b2de,289,B014,ball,14 mil,FE,FE,FE,CWRU_FE_6203,FE,12000,1.0,1.0,72000,84000,1732.0,3hp,
cwru_native12.load.v1,1,CWRU,test,n12L:CWRU:cwru_n12_FE_289:FE:test:84000-96000,cwrun12_FE_B014,FE_B014,cwru_n12_FE_289,data/raw_cwru_12k_fe/B014_3_FE12k.mat,X289_FE_time,5fb1247048f7773b2bc023afed156f7708d6a03fe78f7aa33f0a202beef6b2de,289,B014,ball,14 mil,FE,FE,FE,CWRU_FE_6203,FE,12000,1.0,1.0,84000,96000,1732.0,3hp,
cwru_native12.load.v1,1,CWRU,test,n12L:CWRU:cwru_n12_FE_289:FE:test:96000-108000,cwrun12_FE_B014,FE_B014,cwru_n12_FE_289,data/raw_cwru_12k_fe/B014_3_FE12k.mat,X289_FE_time,5fb1247048f7773b2bc023afed156f7708d6a03fe78f7aa33f0a202beef6b2de,289,B014,ball,14 mil,FE,FE,FE,CWRU_FE_6203,FE,12000,1.0,1.0,96000,108000,1732.0,3hp,
cwru_native12.load.v1,1,CWRU,test,n12L:CWRU:cwru_n12_FE_289:FE:test:108000-120000,cwrun12_FE_B014,FE_B014,cwru_n12_FE_289,data/raw_cwru_12k_fe/B014_3_FE12k.mat,X289_FE_time,5fb1247048f7773b2bc023afed156f7708d6a03fe78f7aa33f0a202beef6b2de,289,B014,ball,14 mil,FE,FE,FE,CWRU_FE_6203,FE,12000,1.0,1.0,108000,120000,1732.0,3hp,
cwru_native12.load.v1,1,CWRU,train,n12L:CWRU:cwru_n12_FE_290:FE:train:0-12000,cwrun12_FE_B021,FE_B021,cwru_n12_FE_290,data/raw_cwru_12k_fe/B021_0_FE12k.mat,X290_FE_time,53146773c3f3b844a6aaaf57fbbe4a821c4e887bb9ad20af49c4bf904e4d9096,290,B021,ball,21 mil,FE,FE,FE,CWRU_FE_6203,FE,12000,1.0,0.5,0,12000,1796.0,0hp,
cwru_native12.load.v1,1,CWRU,train,n12L:CWRU:cwru_n12_FE_290:FE:train:6000-18000,cwrun12_FE_B021,FE_B021,cwru_n12_FE_290,data/raw_cwru_12k_fe/B021_0_FE12k.mat,X290_FE_time,53146773c3f3b844a6aaaf57fbbe4a821c4e887bb9ad20af49c4bf904e4d9096,290,B021,ball,21 mil,FE,FE,FE,CWRU_FE_6203,FE,12000,1.0,0.5,6000,18000,1796.0,0hp,
cwru_native12.load.v1,1,CWRU,train,n12L:CWRU:cwru_n12_FE_290:FE:train:12000-24000,cwrun12_FE_B021,FE_B021,cwru_n12_FE_290,data/raw_cwru_12k_fe/B021_0_FE12k.mat,X290_FE_time,53146773c3f3b844a6aaaf57fbbe4a821c4e887bb9ad20af49c4bf904e4d9096,290,B021,ball,21 mil,FE,FE,FE,CWRU_FE_6203,FE,12000,1.0,0.5,12000,24000,1796.0,0hp,
cwru_native12.load.v1,1,CWRU,train,n12L:CWRU:cwru_n12_FE_290:FE:train:18000-30000,cwrun12_FE_B021,FE_B021,cwru_n12_FE_290,data/raw_cwru_12k_fe/B021_0_FE12k.mat,X290_FE_time,53146773c3f3b844a6aaaf57fbbe4a821c4e887bb9ad20af49c4bf904e4d9096,290,B021,ball,21 mil,FE,FE,FE,CWRU_FE_6203,FE,12000,1.0,0.5,18000,30000,1796.0,0hp,
cwru_native12.load.v1,1,CWRU,train,n12L:CWRU:cwru_n12_FE_290:FE:train:24000-36000,cwrun12_FE_B021,FE_B021,cwru_n12_FE_290,data/raw_cwru_12k_fe/B021_0_FE12k.mat,X290_FE_time,53146773c3f3b844a6aaaf57fbbe4a821c4e887bb9ad20af49c4bf904e4d9096,290,B021,ball,21 mil,FE,FE,FE,CWRU_FE_6203,FE,12000,1.0,0.5,24000,36000,1796.0,0hp,
cwru_native12.load.v1,1,CWRU,train,n12L:CWRU:cwru_n12_FE_290:FE:train:30000-42000,cwrun12_FE_B021,FE_B021,cwru_n12_FE_290,data/raw_cwru_12k_fe/B021_0_FE12k.mat,X290_FE_time,53146773c3f3b844a6aaaf57fbbe4a821c4e887bb9ad20af49c4bf904e4d9096,290,B021,ball,21 mil,FE,FE,FE,CWRU_FE_6203,FE,12000,1.0,0.5,30000,42000,1796.0,0hp,
cwru_native12.load.v1,1,CWRU,train,n12L:CWRU:cwru_n12_FE_290:FE:train:36000-48000,cwrun12_FE_B021,FE_B021,cwru_n12_FE_290,data/raw_cwru_12k_fe/B021_0_FE12k.mat,X290_FE_time,53146773c3f3b844a6aaaf57fbbe4a821c4e887bb9ad20af49c4bf904e4d9096,290,B021,ball,21 mil,FE,FE,FE,CWRU_FE_6203,FE,12000,1.0,0.5,36000,48000,1796.0,0hp,
cwru_native12.load.v1,1,CWRU,train,n12L:CWRU:cwru_n12_FE_290:FE:train:42000-54000,cwrun12_FE_B021,FE_B021,cwru_n12_FE_290,data/raw_cwru_12k_fe/B021_0_FE12k.mat,X290_FE_time,53146773c3f3b844a6aaaf57fbbe4a821c4e887bb9ad20af49c4bf904e4d9096,290,B021,ball,21 mil,FE,FE,FE,CWRU_FE_6203,FE,12000,1.0,0.5,42000,54000,1796.0,0hp,
cwru_native12.load.v1,1,CWRU,train,n12L:CWRU:cwru_n12_FE_290:FE:train:48000-60000,cwrun12_FE_B021,FE_B021,cwru_n12_FE_290,data/raw_cwru_12k_fe/B021_0_FE12k.mat,X290_FE_time,53146773c3f3b844a6aaaf57fbbe4a821c4e887bb9ad20af49c4bf904e4d9096,290,B021,ball,21 mil,FE,FE,FE,CWRU_FE_6203,FE,12000,1.0,0.5,48000,60000,1796.0,0hp,
cwru_native12.load.v1,1,CWRU,train,n12L:CWRU:cwru_n12_FE_290:FE:train:54000-66000,cwrun12_FE_B021,FE_B021,cwru_n12_FE_290,data/raw_cwru_12k_fe/B021_0_FE12k.mat,X290_FE_time,53146773c3f3b844a6aaaf57fbbe4a821c4e887bb9ad20af49c4bf904e4d9096,290,B021,ball,21 mil,FE,FE,FE,CWRU_FE_6203,FE,12000,1.0,0.5,54000,66000,1796.0,0hp,
cwru_native12.load.v1,1,CWRU,train,n12L:CWRU:cwru_n12_FE_290:FE:train:60000-72000,cwrun12_FE_B021,FE_B021,cwru_n12_FE_290,data/raw_cwru_12k_fe/B021_0_FE12k.mat,X290_FE_time,53146773c3f3b844a6aaaf57fbbe4a821c4e887bb9ad20af49c4bf904e4d9096,290,B021,ball,21 mil,FE,FE,FE,CWRU_FE_6203,FE,12000,1.0,0.5,60000,72000,1796.0,0hp,
cwru_native12.load.v1,1,CWRU,train,n12L:CWRU:cwru_n12_FE_290:FE:train:66000-78000,cwrun12_FE_B021,FE_B021,cwru_n12_FE_290,data/raw_cwru_12k_fe/B021_0_FE12k.mat,X290_FE_time,53146773c3f3b844a6aaaf57fbbe4a821c4e887bb9ad20af49c4bf904e4d9096,290,B021,ball,21 mil,FE,FE,FE,CWRU_FE_6203,FE,12000,1.0,0.5,66000,78000,1796.0,0hp,
cwru_native12.load.v1,1,CWRU,train,n12L:CWRU:cwru_n12_FE_290:FE:train:72000-84000,cwrun12_FE_B021,FE_B021,cwru_n12_FE_290,data/raw_cwru_12k_fe/B021_0_FE12k.mat,X290_FE_time,53146773c3f3b844a6aaaf57fbbe4a821c4e887bb9ad20af49c4bf904e4d9096,290,B021,ball,21 mil,FE,FE,FE,CWRU_FE_6203,FE,12000,1.0,0.5,72000,84000,1796.0,0hp,
cwru_native12.load.v1,1,CWRU,train,n12L:CWRU:cwru_n12_FE_290:FE:train:78000-90000,cwrun12_FE_B021,FE_B021,cwru_n12_FE_290,data/raw_cwru_12k_fe/B021_0_FE12k.mat,X290_FE_time,53146773c3f3b844a6aaaf57fbbe4a821c4e887bb9ad20af49c4bf904e4d9096,290,B021,ball,21 mil,FE,FE,FE,CWRU_FE_6203,FE,12000,1.0,0.5,78000,90000,1796.0,0hp,
cwru_native12.load.v1,1,CWRU,train,n12L:CWRU:cwru_n12_FE_290:FE:train:84000-96000,cwrun12_FE_B021,FE_B021,cwru_n12_FE_290,data/raw_cwru_12k_fe/B021_0_FE12k.mat,X290_FE_time,53146773c3f3b844a6aaaf57fbbe4a821c4e887bb9ad20af49c4bf904e4d9096,290,B021,ball,21 mil,FE,FE,FE,CWRU_FE_6203,FE,12000,1.0,0.5,84000,96000,1796.0,0hp,
cwru_native12.load.v1,1,CWRU,train,n12L:CWRU:cwru_n12_FE_290:FE:train:90000-102000,cwrun12_FE_B021,FE_B021,cwru_n12_FE_290,data/raw_cwru_12k_fe/B021_0_FE12k.mat,X290_FE_time,53146773c3f3b844a6aaaf57fbbe4a821c4e887bb9ad20af49c4bf904e4d9096,290,B021,ball,21 mil,FE,FE,FE,CWRU_FE_6203,FE,12000,1.0,0.5,90000,102000,1796.0,0hp,
cwru_native12.load.v1,1,CWRU,train,n12L:CWRU:cwru_n12_FE_290:FE:train:96000-108000,cwrun12_FE_B021,FE_B021,cwru_n12_FE_290,data/raw_cwru_12k_fe/B021_0_FE12k.mat,X290_FE_time,53146773c3f3b844a6aaaf57fbbe4a821c4e887bb9ad20af49c4bf904e4d9096,290,B021,ball,21 mil,FE,FE,FE,CWRU_FE_6203,FE,12000,1.0,0.5,96000,108000,1796.0,0hp,
cwru_native12.load.v1,1,CWRU,train,n12L:CWRU:cwru_n12_FE_290:FE:train:102000-114000,cwrun12_FE_B021,FE_B021,cwru_n12_FE_290,data/raw_cwru_12k_fe/B021_0_FE12k.mat,X290_FE_time,53146773c3f3b844a6aaaf57fbbe4a821c4e887bb9ad20af49c4bf904e4d9096,290,B021,ball,21 mil,FE,FE,FE,CWRU_FE_6203,FE,12000,1.0,0.5,102000,114000,1796.0,0hp,
cwru_native12.load.v1,1,CWRU,train,n12L:CWRU:cwru_n12_FE_290:FE:train:108000-120000,cwrun12_FE_B021,FE_B021,cwru_n12_FE_290,data/raw_cwru_12k_fe/B021_0_FE12k.mat,X290_FE_time,53146773c3f3b844a6aaaf57fbbe4a821c4e887bb9ad20af49c4bf904e4d9096,290,B021,ball,21 mil,FE,FE,FE,CWRU_FE_6203,FE,12000,1.0,0.5,108000,120000,1796.0,0hp,
cwru_native12.load.v1,1,CWRU,train,n12L:CWRU:cwru_n12_FE_291:FE:train:0-12000,cwrun12_FE_B021,FE_B021,cwru_n12_FE_291,data/raw_cwru_12k_fe/B021_1_FE12k.mat,X291_FE_time,1511ae3611d67c9cfa697ba2b204332ab52337a95e22eba9ebde172e3385d69d,291,B021,ball,21 mil,FE,FE,FE,CWRU_FE_6203,FE,12000,1.0,0.5,0,12000,1775.0,1hp,
cwru_native12.load.v1,1,CWRU,train,n12L:CWRU:cwru_n12_FE_291:FE:train:6000-18000,cwrun12_FE_B021,FE_B021,cwru_n12_FE_291,data/raw_cwru_12k_fe/B021_1_FE12k.mat,X291_FE_time,1511ae3611d67c9cfa697ba2b204332ab52337a95e22eba9ebde172e3385d69d,291,B021,ball,21 mil,FE,FE,FE,CWRU_FE_6203,FE,12000,1.0,0.5,6000,18000,1775.0,1hp,
cwru_native12.load.v1,1,CWRU,train,n12L:CWRU:cwru_n12_FE_291:FE:train:12000-24000,cwrun12_FE_B021,FE_B021,cwru_n12_FE_291,data/raw_cwru_12k_fe/B021_1_FE12k.mat,X291_FE_time,1511ae3611d67c9cfa697ba2b204332ab52337a95e22eba9ebde172e3385d69d,291,B021,ball,21 mil,FE,FE,FE,CWRU_FE_6203,FE,12000,1.0,0.5,12000,24000,1775.0,1hp,
cwru_native12.load.v1,1,CWRU,train,n12L:CWRU:cwru_n12_FE_291:FE:train:18000-30000,cwrun12_FE_B021,FE_B021,cwru_n12_FE_291,data/raw_cwru_12k_fe/B021_1_FE12k.mat,X291_FE_time,1511ae3611d67c9cfa697ba2b204332ab52337a95e22eba9ebde172e3385d69d,291,B021,ball,21 mil,FE,FE,FE,CWRU_FE_6203,FE,12000,1.0,0.5,18000,30000,1775.0,1hp,
cwru_native12.load.v1,1,CWRU,train,n12L:CWRU:cwru_n12_FE_291:FE:train:24000-36000,cwrun12_FE_B021,FE_B021,cwru_n12_FE_291,data/raw_cwru_12k_fe/B021_1_FE12k.mat,X291_FE_time,1511ae3611d67c9cfa697ba2b204332ab52337a95e22eba9ebde172e3385d69d,291,B021,ball,21 mil,FE,FE,FE,CWRU_FE_6203,FE,12000,1.0,0.5,24000,36000,1775.0,1hp,
cwru_native12.load.v1,1,CWRU,train,n12L:CWRU:cwru_n12_FE_291:FE:train:30000-42000,cwrun12_FE_B021,FE_B021,cwru_n12_FE_291,data/raw_cwru_12k_fe/B021_1_FE12k.mat,X291_FE_time,1511ae3611d67c9cfa697ba2b204332ab52337a95e22eba9ebde172e3385d69d,291,B021,ball,21 mil,FE,FE,FE,CWRU_FE_6203,FE,12000,1.0,0.5,30000,42000,1775.0,1hp,
cwru_native12.load.v1,1,CWRU,train,n12L:CWRU:cwru_n12_FE_291:FE:train:36000-48000,cwrun12_FE_B021,FE_B021,cwru_n12_FE_291,data/raw_cwru_12k_fe/B021_1_FE12k.mat,X291_FE_time,1511ae3611d67c9cfa697ba2b204332ab52337a95e22eba9ebde172e3385d69d,291,B021,ball,21 mil,FE,FE,FE,CWRU_FE_6203,FE,12000,1.0,0.5,36000,48000,1775.0,1hp,
cwru_native12.load.v1,1,CWRU,train,n12L:CWRU:cwru_n12_FE_291:FE:train:42000-54000,cwrun12_FE_B021,FE_B021,cwru_n12_FE_291,data/raw_cwru_12k_fe/B021_1_FE12k.mat,X291_FE_time,1511ae3611d67c9cfa697ba2b204332ab52337a95e22eba9ebde172e3385d69d,291,B021,ball,21 mil,FE,FE,FE,CWRU_FE_6203,FE,12000,1.0,0.5,42000,54000,1775.0,1hp,
cwru_native12.load.v1,1,CWRU,train,n12L:CWRU:cwru_n12_FE_291:FE:train:48000-60000,cwrun12_FE_B021,FE_B021,cwru_n12_FE_291,data/raw_cwru_12k_fe/B021_1_FE12k.mat,X291_FE_time,1511ae3611d67c9cfa697ba2b204332ab52337a95e22eba9ebde172e3385d69d,291,B021,ball,21 mil,FE,FE,FE,CWRU_FE_6203,FE,12000,1.0,0.5,48000,60000,1775.0,1hp,
cwru_native12.load.v1,1,CWRU,train,n12L:CWRU:cwru_n12_FE_291:FE:train:54000-66000,cwrun12_FE_B021,FE_B021,cwru_n12_FE_291,data/raw_cwru_12k_fe/B021_1_FE12k.mat,X291_FE_time,1511ae3611d67c9cfa697ba2b204332ab52337a95e22eba9ebde172e3385d69d,291,B021,ball,21 mil,FE,FE,FE,CWRU_FE_6203,FE,12000,1.0,0.5,54000,66000,1775.0,1hp,
cwru_native12.load.v1,1,CWRU,train,n12L:CWRU:cwru_n12_FE_291:FE:train:60000-72000,cwrun12_FE_B021,FE_B021,cwru_n12_FE_291,data/raw_cwru_12k_fe/B021_1_FE12k.mat,X291_FE_time,1511ae3611d67c9cfa697ba2b204332ab52337a95e22eba9ebde172e3385d69d,291,B021,ball,21 mil,FE,FE,FE,CWRU_FE_6203,FE,12000,1.0,0.5,60000,72000,1775.0,1hp,
cwru_native12.load.v1,1,CWRU,train,n12L:CWRU:cwru_n12_FE_291:FE:train:66000-78000,cwrun12_FE_B021,FE_B021,cwru_n12_FE_291,data/raw_cwru_12k_fe/B021_1_FE12k.mat,X291_FE_time,1511ae3611d67c9cfa697ba2b204332ab52337a95e22eba9ebde172e3385d69d,291,B021,ball,21 mil,FE,FE,FE,CWRU_FE_6203,FE,12000,1.0,0.5,66000,78000,1775.0,1hp,
cwru_native12.load.v1,1,CWRU,train,n12L:CWRU:cwru_n12_FE_291:FE:train:72000-84000,cwrun12_FE_B021,FE_B021,cwru_n12_FE_291,data/raw_cwru_12k_fe/B021_1_FE12k.mat,X291_FE_time,1511ae3611d67c9cfa697ba2b204332ab52337a95e22eba9ebde172e3385d69d,291,B021,ball,21 mil,FE,FE,FE,CWRU_FE_6203,FE,12000,1.0,0.5,72000,84000,1775.0,1hp,
cwru_native12.load.v1,1,CWRU,train,n12L:CWRU:cwru_n12_FE_291:FE:train:78000-90000,cwrun12_FE_B021,FE_B021,cwru_n12_FE_291,data/raw_cwru_12k_fe/B021_1_FE12k.mat,X291_FE_time,1511ae3611d67c9cfa697ba2b204332ab52337a95e22eba9ebde172e3385d69d,291,B021,ball,21 mil,FE,FE,FE,CWRU_FE_6203,FE,12000,1.0,0.5,78000,90000,1775.0,1hp,
cwru_native12.load.v1,1,CWRU,train,n12L:CWRU:cwru_n12_FE_291:FE:train:84000-96000,cwrun12_FE_B021,FE_B021,cwru_n12_FE_291,data/raw_cwru_12k_fe/B021_1_FE12k.mat,X291_FE_time,1511ae3611d67c9cfa697ba2b204332ab52337a95e22eba9ebde172e3385d69d,291,B021,ball,21 mil,FE,FE,FE,CWRU_FE_6203,FE,12000,1.0,0.5,84000,96000,1775.0,1hp,
cwru_native12.load.v1,1,CWRU,train,n12L:CWRU:cwru_n12_FE_291:FE:train:90000-102000,cwrun12_FE_B021,FE_B021,cwru_n12_FE_291,data/raw_cwru_12k_fe/B021_1_FE12k.mat,X291_FE_time,1511ae3611d67c9cfa697ba2b204332ab52337a95e22eba9ebde172e3385d69d,291,B021,ball,21 mil,FE,FE,FE,CWRU_FE_6203,FE,12000,1.0,0.5,90000,102000,1775.0,1hp,
cwru_native12.load.v1,1,CWRU,train,n12L:CWRU:cwru_n12_FE_291:FE:train:96000-108000,cwrun12_FE_B021,FE_B021,cwru_n12_FE_291,data/raw_cwru_12k_fe/B021_1_FE12k.mat,X291_FE_time,1511ae3611d67c9cfa697ba2b204332ab52337a95e22eba9ebde172e3385d69d,291,B021,ball,21 mil,FE,FE,FE,CWRU_FE_6203,FE,12000,1.0,0.5,96000,108000,1775.0,1hp,
cwru_native12.load.v1,1,CWRU,train,n12L:CWRU:cwru_n12_FE_291:FE:train:102000-114000,cwrun12_FE_B021,FE_B021,cwru_n12_FE_291,data/raw_cwru_12k_fe/B021_1_FE12k.mat,X291_FE_time,1511ae3611d67c9cfa697ba2b204332ab52337a95e22eba9ebde172e3385d69d,291,B021,ball,21 mil,FE,FE,FE,CWRU_FE_6203,FE,12000,1.0,0.5,102000,114000,1775.0,1hp,
cwru_native12.load.v1,1,CWRU,train,n12L:CWRU:cwru_n12_FE_291:FE:train:108000-120000,cwrun12_FE_B021,FE_B021,cwru_n12_FE_291,data/raw_cwru_12k_fe/B021_1_FE12k.mat,X291_FE_time,1511ae3611d67c9cfa697ba2b204332ab52337a95e22eba9ebde172e3385d69d,291,B021,ball,21 mil,FE,FE,FE,CWRU_FE_6203,FE,12000,1.0,0.5,108000,120000,1775.0,1hp,
cwru_native12.load.v1,1,CWRU,validation,n12L:CWRU:cwru_n12_FE_292:FE:validation:0-12000,cwrun12_FE_B021,FE_B021,cwru_n12_FE_292,data/raw_cwru_12k_fe/B021_2_FE12k.mat,X292_FE_time,09d10a867b780b4d214453a31c6c85963b7a5c67eb51a70e382902f37b202123,292,B021,ball,21 mil,FE,FE,FE,CWRU_FE_6203,FE,12000,1.0,1.0,0,12000,1756.0,2hp,
cwru_native12.load.v1,1,CWRU,validation,n12L:CWRU:cwru_n12_FE_292:FE:validation:12000-24000,cwrun12_FE_B021,FE_B021,cwru_n12_FE_292,data/raw_cwru_12k_fe/B021_2_FE12k.mat,X292_FE_time,09d10a867b780b4d214453a31c6c85963b7a5c67eb51a70e382902f37b202123,292,B021,ball,21 mil,FE,FE,FE,CWRU_FE_6203,FE,12000,1.0,1.0,12000,24000,1756.0,2hp,
cwru_native12.load.v1,1,CWRU,validation,n12L:CWRU:cwru_n12_FE_292:FE:validation:24000-36000,cwrun12_FE_B021,FE_B021,cwru_n12_FE_292,data/raw_cwru_12k_fe/B021_2_FE12k.mat,X292_FE_time,09d10a867b780b4d214453a31c6c85963b7a5c67eb51a70e382902f37b202123,292,B021,ball,21 mil,FE,FE,FE,CWRU_FE_6203,FE,12000,1.0,1.0,24000,36000,1756.0,2hp,
cwru_native12.load.v1,1,CWRU,validation,n12L:CWRU:cwru_n12_FE_292:FE:validation:36000-48000,cwrun12_FE_B021,FE_B021,cwru_n12_FE_292,data/raw_cwru_12k_fe/B021_2_FE12k.mat,X292_FE_time,09d10a867b780b4d214453a31c6c85963b7a5c67eb51a70e382902f37b202123,292,B021,ball,21 mil,FE,FE,FE,CWRU_FE_6203,FE,12000,1.0,1.0,36000,48000,1756.0,2hp,
cwru_native12.load.v1,1,CWRU,validation,n12L:CWRU:cwru_n12_FE_292:FE:validation:48000-60000,cwrun12_FE_B021,FE_B021,cwru_n12_FE_292,data/raw_cwru_12k_fe/B021_2_FE12k.mat,X292_FE_time,09d10a867b780b4d214453a31c6c85963b7a5c67eb51a70e382902f37b202123,292,B021,ball,21 mil,FE,FE,FE,CWRU_FE_6203,FE,12000,1.0,1.0,48000,60000,1756.0,2hp,
cwru_native12.load.v1,1,CWRU,validation,n12L:CWRU:cwru_n12_FE_292:FE:validation:60000-72000,cwrun12_FE_B021,FE_B021,cwru_n12_FE_292,data/raw_cwru_12k_fe/B021_2_FE12k.mat,X292_FE_time,09d10a867b780b4d214453a31c6c85963b7a5c67eb51a70e382902f37b202123,292,B021,ball,21 mil,FE,FE,FE,CWRU_FE_6203,FE,12000,1.0,1.0,60000,72000,1756.0,2hp,
cwru_native12.load.v1,1,CWRU,validation,n12L:CWRU:cwru_n12_FE_292:FE:validation:72000-84000,cwrun12_FE_B021,FE_B021,cwru_n12_FE_292,data/raw_cwru_12k_fe/B021_2_FE12k.mat,X292_FE_time,09d10a867b780b4d214453a31c6c85963b7a5c67eb51a70e382902f37b202123,292,B021,ball,21 mil,FE,FE,FE,CWRU_FE_6203,FE,12000,1.0,1.0,72000,84000,1756.0,2hp,
cwru_native12.load.v1,1,CWRU,validation,n12L:CWRU:cwru_n12_FE_292:FE:validation:84000-96000,cwrun12_FE_B021,FE_B021,cwru_n12_FE_292,data/raw_cwru_12k_fe/B021_2_FE12k.mat,X292_FE_time,09d10a867b780b4d214453a31c6c85963b7a5c67eb51a70e382902f37b202123,292,B021,ball,21 mil,FE,FE,FE,CWRU_FE_6203,FE,12000,1.0,1.0,84000,96000,1756.0,2hp,
cwru_native12.load.v1,1,CWRU,validation,n12L:CWRU:cwru_n12_FE_292:FE:validation:96000-108000,cwrun12_FE_B021,FE_B021,cwru_n12_FE_292,data/raw_cwru_12k_fe/B021_2_FE12k.mat,X292_FE_time,09d10a867b780b4d214453a31c6c85963b7a5c67eb51a70e382902f37b202123,292,B021,ball,21 mil,FE,FE,FE,CWRU_FE_6203,FE,12000,1.0,1.0,96000,108000,1756.0,2hp,
cwru_native12.load.v1,1,CWRU,validation,n12L:CWRU:cwru_n12_FE_292:FE:validation:108000-120000,cwrun12_FE_B021,FE_B021,cwru_n12_FE_292,data/raw_cwru_12k_fe/B021_2_FE12k.mat,X292_FE_time,09d10a867b780b4d214453a31c6c85963b7a5c67eb51a70e382902f37b202123,292,B021,ball,21 mil,FE,FE,FE,CWRU_FE_6203,FE,12000,1.0,1.0,108000,120000,1756.0,2hp,
cwru_native12.load.v1,1,CWRU,test,n12L:CWRU:cwru_n12_FE_293:FE:test:0-12000,cwrun12_FE_B021,FE_B021,cwru_n12_FE_293,data/raw_cwru_12k_fe/B021_3_FE12k.mat,X293_FE_time,9133e6cdc952670aca0a1a5576c24b1075c7701c956f43083bc38a3505af0271,293,B021,ball,21 mil,FE,FE,FE,CWRU_FE_6203,FE,12000,1.0,1.0,0,12000,1734.0,3hp,
cwru_native12.load.v1,1,CWRU,test,n12L:CWRU:cwru_n12_FE_293:FE:test:12000-24000,cwrun12_FE_B021,FE_B021,cwru_n12_FE_293,data/raw_cwru_12k_fe/B021_3_FE12k.mat,X293_FE_time,9133e6cdc952670aca0a1a5576c24b1075c7701c956f43083bc38a3505af0271,293,B021,ball,21 mil,FE,FE,FE,CWRU_FE_6203,FE,12000,1.0,1.0,12000,24000,1734.0,3hp,
cwru_native12.load.v1,1,CWRU,test,n12L:CWRU:cwru_n12_FE_293:FE:test:24000-36000,cwrun12_FE_B021,FE_B021,cwru_n12_FE_293,data/raw_cwru_12k_fe/B021_3_FE12k.mat,X293_FE_time,9133e6cdc952670aca0a1a5576c24b1075c7701c956f43083bc38a3505af0271,293,B021,ball,21 mil,FE,FE,FE,CWRU_FE_6203,FE,12000,1.0,1.0,24000,36000,1734.0,3hp,
cwru_native12.load.v1,1,CWRU,test,n12L:CWRU:cwru_n12_FE_293:FE:test:36000-48000,cwrun12_FE_B021,FE_B021,cwru_n12_FE_293,data/raw_cwru_12k_fe/B021_3_FE12k.mat,X293_FE_time,9133e6cdc952670aca0a1a5576c24b1075c7701c956f43083bc38a3505af0271,293,B021,ball,21 mil,FE,FE,FE,CWRU_FE_6203,FE,12000,1.0,1.0,36000,48000,1734.0,3hp,
cwru_native12.load.v1,1,CWRU,test,n12L:CWRU:cwru_n12_FE_293:FE:test:48000-60000,cwrun12_FE_B021,FE_B021,cwru_n12_FE_293,data/raw_cwru_12k_fe/B021_3_FE12k.mat,X293_FE_time,9133e6cdc952670aca0a1a5576c24b1075c7701c956f43083bc38a3505af0271,293,B021,ball,21 mil,FE,FE,FE,CWRU_FE_6203,FE,12000,1.0,1.0,48000,60000,1734.0,3hp,
cwru_native12.load.v1,1,CWRU,test,n12L:CWRU:cwru_n12_FE_293:FE:test:60000-72000,cwrun12_FE_B021,FE_B021,cwru_n12_FE_293,data/raw_cwru_12k_fe/B021_3_FE12k.mat,X293_FE_time,9133e6cdc952670aca0a1a5576c24b1075c7701c956f43083bc38a3505af0271,293,B021,ball,21 mil,FE,FE,FE,CWRU_FE_6203,FE,12000,1.0,1.0,60000,72000,1734.0,3hp,
cwru_native12.load.v1,1,CWRU,test,n12L:CWRU:cwru_n12_FE_293:FE:test:72000-84000,cwrun12_FE_B021,FE_B021,cwru_n12_FE_293,data/raw_cwru_12k_fe/B021_3_FE12k.mat,X293_FE_time,9133e6cdc952670aca0a1a5576c24b1075c7701c956f43083bc38a3505af0271,293,B021,ball,21 mil,FE,FE,FE,CWRU_FE_6203,FE,12000,1.0,1.0,72000,84000,1734.0,3hp,
cwru_native12.load.v1,1,CWRU,test,n12L:CWRU:cwru_n12_FE_293:FE:test:84000-96000,cwrun12_FE_B021,FE_B021,cwru_n12_FE_293,data/raw_cwru_12k_fe/B021_3_FE12k.mat,X293_FE_time,9133e6cdc952670aca0a1a5576c24b1075c7701c956f43083bc38a3505af0271,293,B021,ball,21 mil,FE,FE,FE,CWRU_FE_6203,FE,12000,1.0,1.0,84000,96000,1734.0,3hp,
cwru_native12.load.v1,1,CWRU,test,n12L:CWRU:cwru_n12_FE_293:FE:test:96000-108000,cwrun12_FE_B021,FE_B021,cwru_n12_FE_293,data/raw_cwru_12k_fe/B021_3_FE12k.mat,X293_FE_time,9133e6cdc952670aca0a1a5576c24b1075c7701c956f43083bc38a3505af0271,293,B021,ball,21 mil,FE,FE,FE,CWRU_FE_6203,FE,12000,1.0,1.0,96000,108000,1734.0,3hp,
cwru_native12.load.v1,1,CWRU,test,n12L:CWRU:cwru_n12_FE_293:FE:test:108000-120000,cwrun12_FE_B021,FE_B021,cwru_n12_FE_293,data/raw_cwru_12k_fe/B021_3_FE12k.mat,X293_FE_time,9133e6cdc952670aca0a1a5576c24b1075c7701c956f43083bc38a3505af0271,293,B021,ball,21 mil,FE,FE,FE,CWRU_FE_6203,FE,12000,1.0,1.0,108000,120000,1734.0,3hp,
cwru_native12.load.v1,1,CWRU,train,n12L:CWRU:cwru_n12_FE_278:FE:train:0-12000,cwrun12_FE_IR007,FE_IR007,cwru_n12_FE_278,data/raw_cwru_12k_fe/IR007_0_FE12k.mat,X278_FE_time,1ad584953158dcdf4eb1ceba71dee781e5596163aad37a2619b0649213f9e3dd,278,IR007,inner_race,7 mil,FE,FE,FE,CWRU_FE_6203,FE,12000,1.0,0.5,0,12000,1796.0,0hp,
cwru_native12.load.v1,1,CWRU,train,n12L:CWRU:cwru_n12_FE_278:FE:train:6000-18000,cwrun12_FE_IR007,FE_IR007,cwru_n12_FE_278,data/raw_cwru_12k_fe/IR007_0_FE12k.mat,X278_FE_time,1ad584953158dcdf4eb1ceba71dee781e5596163aad37a2619b0649213f9e3dd,278,IR007,inner_race,7 mil,FE,FE,FE,CWRU_FE_6203,FE,12000,1.0,0.5,6000,18000,1796.0,0hp,
cwru_native12.load.v1,1,CWRU,train,n12L:CWRU:cwru_n12_FE_278:FE:train:12000-24000,cwrun12_FE_IR007,FE_IR007,cwru_n12_FE_278,data/raw_cwru_12k_fe/IR007_0_FE12k.mat,X278_FE_time,1ad584953158dcdf4eb1ceba71dee781e5596163aad37a2619b0649213f9e3dd,278,IR007,inner_race,7 mil,FE,FE,FE,CWRU_FE_6203,FE,12000,1.0,0.5,12000,24000,1796.0,0hp,
cwru_native12.load.v1,1,CWRU,train,n12L:CWRU:cwru_n12_FE_278:FE:train:18000-30000,cwrun12_FE_IR007,FE_IR007,cwru_n12_FE_278,data/raw_cwru_12k_fe/IR007_0_FE12k.mat,X278_FE_time,1ad584953158dcdf4eb1ceba71dee781e5596163aad37a2619b0649213f9e3dd,278,IR007,inner_race,7 mil,FE,FE,FE,CWRU_FE_6203,FE,12000,1.0,0.5,18000,30000,1796.0,0hp,
cwru_native12.load.v1,1,CWRU,train,n12L:CWRU:cwru_n12_FE_278:FE:train:24000-36000,cwrun12_FE_IR007,FE_IR007,cwru_n12_FE_278,data/raw_cwru_12k_fe/IR007_0_FE12k.mat,X278_FE_time,1ad584953158dcdf4eb1ceba71dee781e5596163aad37a2619b0649213f9e3dd,278,IR007,inner_race,7 mil,FE,FE,FE,CWRU_FE_6203,FE,12000,1.0,0.5,24000,36000,1796.0,0hp,
cwru_native12.load.v1,1,CWRU,train,n12L:CWRU:cwru_n12_FE_278:FE:train:30000-42000,cwrun12_FE_IR007,FE_IR007,cwru_n12_FE_278,data/raw_cwru_12k_fe/IR007_0_FE12k.mat,X278_FE_time,1ad584953158dcdf4eb1ceba71dee781e5596163aad37a2619b0649213f9e3dd,278,IR007,inner_race,7 mil,FE,FE,FE,CWRU_FE_6203,FE,12000,1.0,0.5,30000,42000,1796.0,0hp,
cwru_native12.load.v1,1,CWRU,train,n12L:CWRU:cwru_n12_FE_278:FE:train:36000-48000,cwrun12_FE_IR007,FE_IR007,cwru_n12_FE_278,data/raw_cwru_12k_fe/IR007_0_FE12k.mat,X278_FE_time,1ad584953158dcdf4eb1ceba71dee781e5596163aad37a2619b0649213f9e3dd,278,IR007,inner_race,7 mil,FE,FE,FE,CWRU_FE_6203,FE,12000,1.0,0.5,36000,48000,1796.0,0hp,
cwru_native12.load.v1,1,CWRU,train,n12L:CWRU:cwru_n12_FE_278:FE:train:42000-54000,cwrun12_FE_IR007,FE_IR007,cwru_n12_FE_278,data/raw_cwru_12k_fe/IR007_0_FE12k.mat,X278_FE_time,1ad584953158dcdf4eb1ceba71dee781e5596163aad37a2619b0649213f9e3dd,278,IR007,inner_race,7 mil,FE,FE,FE,CWRU_FE_6203,FE,12000,1.0,0.5,42000,54000,1796.0,0hp,
cwru_native12.load.v1,1,CWRU,train,n12L:CWRU:cwru_n12_FE_278:FE:train:48000-60000,cwrun12_FE_IR007,FE_IR007,cwru_n12_FE_278,data/raw_cwru_12k_fe/IR007_0_FE12k.mat,X278_FE_time,1ad584953158dcdf4eb1ceba71dee781e5596163aad37a2619b0649213f9e3dd,278,IR007,inner_race,7 mil,FE,FE,FE,CWRU_FE_6203,FE,12000,1.0,0.5,48000,60000,1796.0,0hp,
cwru_native12.load.v1,1,CWRU,train,n12L:CWRU:cwru_n12_FE_278:FE:train:54000-66000,cwrun12_FE_IR007,FE_IR007,cwru_n12_FE_278,data/raw_cwru_12k_fe/IR007_0_FE12k.mat,X278_FE_time,1ad584953158dcdf4eb1ceba71dee781e5596163aad37a2619b0649213f9e3dd,278,IR007,inner_race,7 mil,FE,FE,FE,CWRU_FE_6203,FE,12000,1.0,0.5,54000,66000,1796.0,0hp,
cwru_native12.load.v1,1,CWRU,train,n12L:CWRU:cwru_n12_FE_278:FE:train:60000-72000,cwrun12_FE_IR007,FE_IR007,cwru_n12_FE_278,data/raw_cwru_12k_fe/IR007_0_FE12k.mat,X278_FE_time,1ad584953158dcdf4eb1ceba71dee781e5596163aad37a2619b0649213f9e3dd,278,IR007,inner_race,7 mil,FE,FE,FE,CWRU_FE_6203,FE,12000,1.0,0.5,60000,72000,1796.0,0hp,
cwru_native12.load.v1,1,CWRU,train,n12L:CWRU:cwru_n12_FE_278:FE:train:66000-78000,cwrun12_FE_IR007,FE_IR007,cwru_n12_FE_278,data/raw_cwru_12k_fe/IR007_0_FE12k.mat,X278_FE_time,1ad584953158dcdf4eb1ceba71dee781e5596163aad37a2619b0649213f9e3dd,278,IR007,inner_race,7 mil,FE,FE,FE,CWRU_FE_6203,FE,12000,1.0,0.5,66000,78000,1796.0,0hp,
cwru_native12.load.v1,1,CWRU,train,n12L:CWRU:cwru_n12_FE_278:FE:train:72000-84000,cwrun12_FE_IR007,FE_IR007,cwru_n12_FE_278,data/raw_cwru_12k_fe/IR007_0_FE12k.mat,X278_FE_time,1ad584953158dcdf4eb1ceba71dee781e5596163aad37a2619b0649213f9e3dd,278,IR007,inner_race,7 mil,FE,FE,FE,CWRU_FE_6203,FE,12000,1.0,0.5,72000,84000,1796.0,0hp,
cwru_native12.load.v1,1,CWRU,train,n12L:CWRU:cwru_n12_FE_278:FE:train:78000-90000,cwrun12_FE_IR007,FE_IR007,cwru_n12_FE_278,data/raw_cwru_12k_fe/IR007_0_FE12k.mat,X278_FE_time,1ad584953158dcdf4eb1ceba71dee781e5596163aad37a2619b0649213f9e3dd,278,IR007,inner_race,7 mil,FE,FE,FE,CWRU_FE_6203,FE,12000,1.0,0.5,78000,90000,1796.0,0hp,
cwru_native12.load.v1,1,CWRU,train,n12L:CWRU:cwru_n12_FE_278:FE:train:84000-96000,cwrun12_FE_IR007,FE_IR007,cwru_n12_FE_278,data/raw_cwru_12k_fe/IR007_0_FE12k.mat,X278_FE_time,1ad584953158dcdf4eb1ceba71dee781e5596163aad37a2619b0649213f9e3dd,278,IR007,inner_race,7 mil,FE,FE,FE,CWRU_FE_6203,FE,12000,1.0,0.5,84000,96000,1796.0,0hp,
cwru_native12.load.v1,1,CWRU,train,n12L:CWRU:cwru_n12_FE_278:FE:train:90000-102000,cwrun12_FE_IR007,FE_IR007,cwru_n12_FE_278,data/raw_cwru_12k_fe/IR007_0_FE12k.mat,X278_FE_time,1ad584953158dcdf4eb1ceba71dee781e5596163aad37a2619b0649213f9e3dd,278,IR007,inner_race,7 mil,FE,FE,FE,CWRU_FE_6203,FE,12000,1.0,0.5,90000,102000,1796.0,0hp,
cwru_native12.load.v1,1,CWRU,train,n12L:CWRU:cwru_n12_FE_278:FE:train:96000-108000,cwrun12_FE_IR007,FE_IR007,cwru_n12_FE_278,data/raw_cwru_12k_fe/IR007_0_FE12k.mat,X278_FE_time,1ad584953158dcdf4eb1ceba71dee781e5596163aad37a2619b0649213f9e3dd,278,IR007,inner_race,7 mil,FE,FE,FE,CWRU_FE_6203,FE,12000,1.0,0.5,96000,108000,1796.0,0hp,
cwru_native12.load.v1,1,CWRU,train,n12L:CWRU:cwru_n12_FE_278:FE:train:102000-114000,cwrun12_FE_IR007,FE_IR007,cwru_n12_FE_278,data/raw_cwru_12k_fe/IR007_0_FE12k.mat,X278_FE_time,1ad584953158dcdf4eb1ceba71dee781e5596163aad37a2619b0649213f9e3dd,278,IR007,inner_race,7 mil,FE,FE,FE,CWRU_FE_6203,FE,12000,1.0,0.5,102000,114000,1796.0,0hp,
cwru_native12.load.v1,1,CWRU,train,n12L:CWRU:cwru_n12_FE_278:FE:train:108000-120000,cwrun12_FE_IR007,FE_IR007,cwru_n12_FE_278,data/raw_cwru_12k_fe/IR007_0_FE12k.mat,X278_FE_time,1ad584953158dcdf4eb1ceba71dee781e5596163aad37a2619b0649213f9e3dd,278,IR007,inner_race,7 mil,FE,FE,FE,CWRU_FE_6203,FE,12000,1.0,0.5,108000,120000,1796.0,0hp,
cwru_native12.load.v1,1,CWRU,train,n12L:CWRU:cwru_n12_FE_279:FE:train:0-12000,cwrun12_FE_IR007,FE_IR007,cwru_n12_FE_279,data/raw_cwru_12k_fe/IR007_1_FE12k.mat,X279_FE_time,6bfa8b958280248fbec06b0d543f532b3571e03550f6ac466de59cc215264595,279,IR007,inner_race,7 mil,FE,FE,FE,CWRU_FE_6203,FE,12000,1.0,0.5,0,12000,1732.0,1hp,
cwru_native12.load.v1,1,CWRU,train,n12L:CWRU:cwru_n12_FE_279:FE:train:6000-18000,cwrun12_FE_IR007,FE_IR007,cwru_n12_FE_279,data/raw_cwru_12k_fe/IR007_1_FE12k.mat,X279_FE_time,6bfa8b958280248fbec06b0d543f532b3571e03550f6ac466de59cc215264595,279,IR007,inner_race,7 mil,FE,FE,FE,CWRU_FE_6203,FE,12000,1.0,0.5,6000,18000,1732.0,1hp,
cwru_native12.load.v1,1,CWRU,train,n12L:CWRU:cwru_n12_FE_279:FE:train:12000-24000,cwrun12_FE_IR007,FE_IR007,cwru_n12_FE_279,data/raw_cwru_12k_fe/IR007_1_FE12k.mat,X279_FE_time,6bfa8b958280248fbec06b0d543f532b3571e03550f6ac466de59cc215264595,279,IR007,inner_race,7 mil,FE,FE,FE,CWRU_FE_6203,FE,12000,1.0,0.5,12000,24000,1732.0,1hp,
cwru_native12.load.v1,1,CWRU,train,n12L:CWRU:cwru_n12_FE_279:FE:train:18000-30000,cwrun12_FE_IR007,FE_IR007,cwru_n12_FE_279,data/raw_cwru_12k_fe/IR007_1_FE12k.mat,X279_FE_time,6bfa8b958280248fbec06b0d543f532b3571e03550f6ac466de59cc215264595,279,IR007,inner_race,7 mil,FE,FE,FE,CWRU_FE_6203,FE,12000,1.0,0.5,18000,30000,1732.0,1hp,
cwru_native12.load.v1,1,CWRU,train,n12L:CWRU:cwru_n12_FE_279:FE:train:24000-36000,cwrun12_FE_IR007,FE_IR007,cwru_n12_FE_279,data/raw_cwru_12k_fe/IR007_1_FE12k.mat,X279_FE_time,6bfa8b958280248fbec06b0d543f532b3571e03550f6ac466de59cc215264595,279,IR007,inner_race,7 mil,FE,FE,FE,CWRU_FE_6203,FE,12000,1.0,0.5,24000,36000,1732.0,1hp,
cwru_native12.load.v1,1,CWRU,train,n12L:CWRU:cwru_n12_FE_279:FE:train:30000-42000,cwrun12_FE_IR007,FE_IR007,cwru_n12_FE_279,data/raw_cwru_12k_fe/IR007_1_FE12k.mat,X279_FE_time,6bfa8b958280248fbec06b0d543f532b3571e03550f6ac466de59cc215264595,279,IR007,inner_race,7 mil,FE,FE,FE,CWRU_FE_6203,FE,12000,1.0,0.5,30000,42000,1732.0,1hp,
cwru_native12.load.v1,1,CWRU,train,n12L:CWRU:cwru_n12_FE_279:FE:train:36000-48000,cwrun12_FE_IR007,FE_IR007,cwru_n12_FE_279,data/raw_cwru_12k_fe/IR007_1_FE12k.mat,X279_FE_time,6bfa8b958280248fbec06b0d543f532b3571e03550f6ac466de59cc215264595,279,IR007,inner_race,7 mil,FE,FE,FE,CWRU_FE_6203,FE,12000,1.0,0.5,36000,48000,1732.0,1hp,
cwru_native12.load.v1,1,CWRU,train,n12L:CWRU:cwru_n12_FE_279:FE:train:42000-54000,cwrun12_FE_IR007,FE_IR007,cwru_n12_FE_279,data/raw_cwru_12k_fe/IR007_1_FE12k.mat,X279_FE_time,6bfa8b958280248fbec06b0d543f532b3571e03550f6ac466de59cc215264595,279,IR007,inner_race,7 mil,FE,FE,FE,CWRU_FE_6203,FE,12000,1.0,0.5,42000,54000,1732.0,1hp,
cwru_native12.load.v1,1,CWRU,train,n12L:CWRU:cwru_n12_FE_279:FE:train:48000-60000,cwrun12_FE_IR007,FE_IR007,cwru_n12_FE_279,data/raw_cwru_12k_fe/IR007_1_FE12k.mat,X279_FE_time,6bfa8b958280248fbec06b0d543f532b3571e03550f6ac466de59cc215264595,279,IR007,inner_race,7 mil,FE,FE,FE,CWRU_FE_6203,FE,12000,1.0,0.5,48000,60000,1732.0,1hp,
cwru_native12.load.v1,1,CWRU,train,n12L:CWRU:cwru_n12_FE_279:FE:train:54000-66000,cwrun12_FE_IR007,FE_IR007,cwru_n12_FE_279,data/raw_cwru_12k_fe/IR007_1_FE12k.mat,X279_FE_time,6bfa8b958280248fbec06b0d543f532b3571e03550f6ac466de59cc215264595,279,IR007,inner_race,7 mil,FE,FE,FE,CWRU_FE_6203,FE,12000,1.0,0.5,54000,66000,1732.0,1hp,
cwru_native12.load.v1,1,CWRU,train,n12L:CWRU:cwru_n12_FE_279:FE:train:60000-72000,cwrun12_FE_IR007,FE_IR007,cwru_n12_FE_279,data/raw_cwru_12k_fe/IR007_1_FE12k.mat,X279_FE_time,6bfa8b958280248fbec06b0d543f532b3571e03550f6ac466de59cc215264595,279,IR007,inner_race,7 mil,FE,FE,FE,CWRU_FE_6203,FE,12000,1.0,0.5,60000,72000,1732.0,1hp,
cwru_native12.load.v1,1,CWRU,train,n12L:CWRU:cwru_n12_FE_279:FE:train:66000-78000,cwrun12_FE_IR007,FE_IR007,cwru_n12_FE_279,data/raw_cwru_12k_fe/IR007_1_FE12k.mat,X279_FE_time,6bfa8b958280248fbec06b0d543f532b3571e03550f6ac466de59cc215264595,279,IR007,inner_race,7 mil,FE,FE,FE,CWRU_FE_6203,FE,12000,1.0,0.5,66000,78000,1732.0,1hp,
cwru_native12.load.v1,1,CWRU,train,n12L:CWRU:cwru_n12_FE_279:FE:train:72000-84000,cwrun12_FE_IR007,FE_IR007,cwru_n12_FE_279,data/raw_cwru_12k_fe/IR007_1_FE12k.mat,X279_FE_time,6bfa8b958280248fbec06b0d543f532b3571e03550f6ac466de59cc215264595,279,IR007,inner_race,7 mil,FE,FE,FE,CWRU_FE_6203,FE,12000,1.0,0.5,72000,84000,1732.0,1hp,
cwru_native12.load.v1,1,CWRU,train,n12L:CWRU:cwru_n12_FE_279:FE:train:78000-90000,cwrun12_FE_IR007,FE_IR007,cwru_n12_FE_279,data/raw_cwru_12k_fe/IR007_1_FE12k.mat,X279_FE_time,6bfa8b958280248fbec06b0d543f532b3571e03550f6ac466de59cc215264595,279,IR007,inner_race,7 mil,FE,FE,FE,CWRU_FE_6203,FE,12000,1.0,0.5,78000,90000,1732.0,1hp,
cwru_native12.load.v1,1,CWRU,train,n12L:CWRU:cwru_n12_FE_279:FE:train:84000-96000,cwrun12_FE_IR007,FE_IR007,cwru_n12_FE_279,data/raw_cwru_12k_fe/IR007_1_FE12k.mat,X279_FE_time,6bfa8b958280248fbec06b0d543f532b3571e03550f6ac466de59cc215264595,279,IR007,inner_race,7 mil,FE,FE,FE,CWRU_FE_6203,FE,12000,1.0,0.5,84000,96000,1732.0,1hp,
cwru_native12.load.v1,1,CWRU,train,n12L:CWRU:cwru_n12_FE_279:FE:train:90000-102000,cwrun12_FE_IR007,FE_IR007,cwru_n12_FE_279,data/raw_cwru_12k_fe/IR007_1_FE12k.mat,X279_FE_time,6bfa8b958280248fbec06b0d543f532b3571e03550f6ac466de59cc215264595,279,IR007,inner_race,7 mil,FE,FE,FE,CWRU_FE_6203,FE,12000,1.0,0.5,90000,102000,1732.0,1hp,
cwru_native12.load.v1,1,CWRU,train,n12L:CWRU:cwru_n12_FE_279:FE:train:96000-108000,cwrun12_FE_IR007,FE_IR007,cwru_n12_FE_279,data/raw_cwru_12k_fe/IR007_1_FE12k.mat,X279_FE_time,6bfa8b958280248fbec06b0d543f532b3571e03550f6ac466de59cc215264595,279,IR007,inner_race,7 mil,FE,FE,FE,CWRU_FE_6203,FE,12000,1.0,0.5,96000,108000,1732.0,1hp,
cwru_native12.load.v1,1,CWRU,train,n12L:CWRU:cwru_n12_FE_279:FE:train:102000-114000,cwrun12_FE_IR007,FE_IR007,cwru_n12_FE_279,data/raw_cwru_12k_fe/IR007_1_FE12k.mat,X279_FE_time,6bfa8b958280248fbec06b0d543f532b3571e03550f6ac466de59cc215264595,279,IR007,inner_race,7 mil,FE,FE,FE,CWRU_FE_6203,FE,12000,1.0,0.5,102000,114000,1732.0,1hp,
cwru_native12.load.v1,1,CWRU,train,n12L:CWRU:cwru_n12_FE_279:FE:train:108000-120000,cwrun12_FE_IR007,FE_IR007,cwru_n12_FE_279,data/raw_cwru_12k_fe/IR007_1_FE12k.mat,X279_FE_time,6bfa8b958280248fbec06b0d543f532b3571e03550f6ac466de59cc215264595,279,IR007,inner_race,7 mil,FE,FE,FE,CWRU_FE_6203,FE,12000,1.0,0.5,108000,120000,1732.0,1hp,
cwru_native12.load.v1,1,CWRU,validation,n12L:CWRU:cwru_n12_FE_280:FE:validation:0-12000,cwrun12_FE_IR007,FE_IR007,cwru_n12_FE_280,data/raw_cwru_12k_fe/IR007_2_FE12k.mat,X280_FE_time,9ba0712567e9bc2a43ccb8d37e8f1c594cf671babcee7313150ae145a15c365d,280,IR007,inner_race,7 mil,FE,FE,FE,CWRU_FE_6203,FE,12000,1.0,1.0,0,12000,1755.0,2hp,
cwru_native12.load.v1,1,CWRU,validation,n12L:CWRU:cwru_n12_FE_280:FE:validation:12000-24000,cwrun12_FE_IR007,FE_IR007,cwru_n12_FE_280,data/raw_cwru_12k_fe/IR007_2_FE12k.mat,X280_FE_time,9ba0712567e9bc2a43ccb8d37e8f1c594cf671babcee7313150ae145a15c365d,280,IR007,inner_race,7 mil,FE,FE,FE,CWRU_FE_6203,FE,12000,1.0,1.0,12000,24000,1755.0,2hp,
cwru_native12.load.v1,1,CWRU,validation,n12L:CWRU:cwru_n12_FE_280:FE:validation:24000-36000,cwrun12_FE_IR007,FE_IR007,cwru_n12_FE_280,data/raw_cwru_12k_fe/IR007_2_FE12k.mat,X280_FE_time,9ba0712567e9bc2a43ccb8d37e8f1c594cf671babcee7313150ae145a15c365d,280,IR007,inner_race,7 mil,FE,FE,FE,CWRU_FE_6203,FE,12000,1.0,1.0,24000,36000,1755.0,2hp,
cwru_native12.load.v1,1,CWRU,validation,n12L:CWRU:cwru_n12_FE_280:FE:validation:36000-48000,cwrun12_FE_IR007,FE_IR007,cwru_n12_FE_280,data/raw_cwru_12k_fe/IR007_2_FE12k.mat,X280_FE_time,9ba0712567e9bc2a43ccb8d37e8f1c594cf671babcee7313150ae145a15c365d,280,IR007,inner_race,7 mil,FE,FE,FE,CWRU_FE_6203,FE,12000,1.0,1.0,36000,48000,1755.0,2hp,
cwru_native12.load.v1,1,CWRU,validation,n12L:CWRU:cwru_n12_FE_280:FE:validation:48000-60000,cwrun12_FE_IR007,FE_IR007,cwru_n12_FE_280,data/raw_cwru_12k_fe/IR007_2_FE12k.mat,X280_FE_time,9ba0712567e9bc2a43ccb8d37e8f1c594cf671babcee7313150ae145a15c365d,280,IR007,inner_race,7 mil,FE,FE,FE,CWRU_FE_6203,FE,12000,1.0,1.0,48000,60000,1755.0,2hp,
cwru_native12.load.v1,1,CWRU,validation,n12L:CWRU:cwru_n12_FE_280:FE:validation:60000-72000,cwrun12_FE_IR007,FE_IR007,cwru_n12_FE_280,data/raw_cwru_12k_fe/IR007_2_FE12k.mat,X280_FE_time,9ba0712567e9bc2a43ccb8d37e8f1c594cf671babcee7313150ae145a15c365d,280,IR007,inner_race,7 mil,FE,FE,FE,CWRU_FE_6203,FE,12000,1.0,1.0,60000,72000,1755.0,2hp,
cwru_native12.load.v1,1,CWRU,validation,n12L:CWRU:cwru_n12_FE_280:FE:validation:72000-84000,cwrun12_FE_IR007,FE_IR007,cwru_n12_FE_280,data/raw_cwru_12k_fe/IR007_2_FE12k.mat,X280_FE_time,9ba0712567e9bc2a43ccb8d37e8f1c594cf671babcee7313150ae145a15c365d,280,IR007,inner_race,7 mil,FE,FE,FE,CWRU_FE_6203,FE,12000,1.0,1.0,72000,84000,1755.0,2hp,
cwru_native12.load.v1,1,CWRU,validation,n12L:CWRU:cwru_n12_FE_280:FE:validation:84000-96000,cwrun12_FE_IR007,FE_IR007,cwru_n12_FE_280,data/raw_cwru_12k_fe/IR007_2_FE12k.mat,X280_FE_time,9ba0712567e9bc2a43ccb8d37e8f1c594cf671babcee7313150ae145a15c365d,280,IR007,inner_race,7 mil,FE,FE,FE,CWRU_FE_6203,FE,12000,1.0,1.0,84000,96000,1755.0,2hp,
cwru_native12.load.v1,1,CWRU,validation,n12L:CWRU:cwru_n12_FE_280:FE:validation:96000-108000,cwrun12_FE_IR007,FE_IR007,cwru_n12_FE_280,data/raw_cwru_12k_fe/IR007_2_FE12k.mat,X280_FE_time,9ba0712567e9bc2a43ccb8d37e8f1c594cf671babcee7313150ae145a15c365d,280,IR007,inner_race,7 mil,FE,FE,FE,CWRU_FE_6203,FE,12000,1.0,1.0,96000,108000,1755.0,2hp,
cwru_native12.load.v1,1,CWRU,validation,n12L:CWRU:cwru_n12_FE_280:FE:validation:108000-120000,cwrun12_FE_IR007,FE_IR007,cwru_n12_FE_280,data/raw_cwru_12k_fe/IR007_2_FE12k.mat,X280_FE_time,9ba0712567e9bc2a43ccb8d37e8f1c594cf671babcee7313150ae145a15c365d,280,IR007,inner_race,7 mil,FE,FE,FE,CWRU_FE_6203,FE,12000,1.0,1.0,108000,120000,1755.0,2hp,
cwru_native12.load.v1,1,CWRU,test,n12L:CWRU:cwru_n12_FE_281:FE:test:0-12000,cwrun12_FE_IR007,FE_IR007,cwru_n12_FE_281,data/raw_cwru_12k_fe/IR007_3_FE12k.mat,X281_FE_time,0f1a41d62797039139cf27c6f8b823fe87de44dfb4b2ef03fc6e0ef4d3734992,281,IR007,inner_race,7 mil,FE,FE,FE,CWRU_FE_6203,FE,12000,1.0,1.0,0,12000,1732.0,3hp,
cwru_native12.load.v1,1,CWRU,test,n12L:CWRU:cwru_n12_FE_281:FE:test:12000-24000,cwrun12_FE_IR007,FE_IR007,cwru_n12_FE_281,data/raw_cwru_12k_fe/IR007_3_FE12k.mat,X281_FE_time,0f1a41d62797039139cf27c6f8b823fe87de44dfb4b2ef03fc6e0ef4d3734992,281,IR007,inner_race,7 mil,FE,FE,FE,CWRU_FE_6203,FE,12000,1.0,1.0,12000,24000,1732.0,3hp,
cwru_native12.load.v1,1,CWRU,test,n12L:CWRU:cwru_n12_FE_281:FE:test:24000-36000,cwrun12_FE_IR007,FE_IR007,cwru_n12_FE_281,data/raw_cwru_12k_fe/IR007_3_FE12k.mat,X281_FE_time,0f1a41d62797039139cf27c6f8b823fe87de44dfb4b2ef03fc6e0ef4d3734992,281,IR007,inner_race,7 mil,FE,FE,FE,CWRU_FE_6203,FE,12000,1.0,1.0,24000,36000,1732.0,3hp,
cwru_native12.load.v1,1,CWRU,test,n12L:CWRU:cwru_n12_FE_281:FE:test:36000-48000,cwrun12_FE_IR007,FE_IR007,cwru_n12_FE_281,data/raw_cwru_12k_fe/IR007_3_FE12k.mat,X281_FE_time,0f1a41d62797039139cf27c6f8b823fe87de44dfb4b2ef03fc6e0ef4d3734992,281,IR007,inner_race,7 mil,FE,FE,FE,CWRU_FE_6203,FE,12000,1.0,1.0,36000,48000,1732.0,3hp,
cwru_native12.load.v1,1,CWRU,test,n12L:CWRU:cwru_n12_FE_281:FE:test:48000-60000,cwrun12_FE_IR007,FE_IR007,cwru_n12_FE_281,data/raw_cwru_12k_fe/IR007_3_FE12k.mat,X281_FE_time,0f1a41d62797039139cf27c6f8b823fe87de44dfb4b2ef03fc6e0ef4d3734992,281,IR007,inner_race,7 mil,FE,FE,FE,CWRU_FE_6203,FE,12000,1.0,1.0,48000,60000,1732.0,3hp,
cwru_native12.load.v1,1,CWRU,test,n12L:CWRU:cwru_n12_FE_281:FE:test:60000-72000,cwrun12_FE_IR007,FE_IR007,cwru_n12_FE_281,data/raw_cwru_12k_fe/IR007_3_FE12k.mat,X281_FE_time,0f1a41d62797039139cf27c6f8b823fe87de44dfb4b2ef03fc6e0ef4d3734992,281,IR007,inner_race,7 mil,FE,FE,FE,CWRU_FE_6203,FE,12000,1.0,1.0,60000,72000,1732.0,3hp,
cwru_native12.load.v1,1,CWRU,test,n12L:CWRU:cwru_n12_FE_281:FE:test:72000-84000,cwrun12_FE_IR007,FE_IR007,cwru_n12_FE_281,data/raw_cwru_12k_fe/IR007_3_FE12k.mat,X281_FE_time,0f1a41d62797039139cf27c6f8b823fe87de44dfb4b2ef03fc6e0ef4d3734992,281,IR007,inner_race,7 mil,FE,FE,FE,CWRU_FE_6203,FE,12000,1.0,1.0,72000,84000,1732.0,3hp,
cwru_native12.load.v1,1,CWRU,test,n12L:CWRU:cwru_n12_FE_281:FE:test:84000-96000,cwrun12_FE_IR007,FE_IR007,cwru_n12_FE_281,data/raw_cwru_12k_fe/IR007_3_FE12k.mat,X281_FE_time,0f1a41d62797039139cf27c6f8b823fe87de44dfb4b2ef03fc6e0ef4d3734992,281,IR007,inner_race,7 mil,FE,FE,FE,CWRU_FE_6203,FE,12000,1.0,1.0,84000,96000,1732.0,3hp,
cwru_native12.load.v1,1,CWRU,test,n12L:CWRU:cwru_n12_FE_281:FE:test:96000-108000,cwrun12_FE_IR007,FE_IR007,cwru_n12_FE_281,data/raw_cwru_12k_fe/IR007_3_FE12k.mat,X281_FE_time,0f1a41d62797039139cf27c6f8b823fe87de44dfb4b2ef03fc6e0ef4d3734992,281,IR007,inner_race,7 mil,FE,FE,FE,CWRU_FE_6203,FE,12000,1.0,1.0,96000,108000,1732.0,3hp,
cwru_native12.load.v1,1,CWRU,test,n12L:CWRU:cwru_n12_FE_281:FE:test:108000-120000,cwrun12_FE_IR007,FE_IR007,cwru_n12_FE_281,data/raw_cwru_12k_fe/IR007_3_FE12k.mat,X281_FE_time,0f1a41d62797039139cf27c6f8b823fe87de44dfb4b2ef03fc6e0ef4d3734992,281,IR007,inner_race,7 mil,FE,FE,FE,CWRU_FE_6203,FE,12000,1.0,1.0,108000,120000,1732.0,3hp,
cwru_native12.load.v1,1,CWRU,train,n12L:CWRU:cwru_n12_FE_274:FE:train:0-12000,cwrun12_FE_IR014,FE_IR014,cwru_n12_FE_274,data/raw_cwru_12k_fe/IR014_0_FE12k.mat,X274_FE_time,f39ea799aeffceb012dbfb7b58fbe52c80df4cdab64da9ad96eed03e5118e9a6,274,IR014,inner_race,14 mil,FE,FE,FE,CWRU_FE_6203,FE,12000,1.0,0.5,0,12000,1796.0,0hp,
cwru_native12.load.v1,1,CWRU,train,n12L:CWRU:cwru_n12_FE_274:FE:train:6000-18000,cwrun12_FE_IR014,FE_IR014,cwru_n12_FE_274,data/raw_cwru_12k_fe/IR014_0_FE12k.mat,X274_FE_time,f39ea799aeffceb012dbfb7b58fbe52c80df4cdab64da9ad96eed03e5118e9a6,274,IR014,inner_race,14 mil,FE,FE,FE,CWRU_FE_6203,FE,12000,1.0,0.5,6000,18000,1796.0,0hp,
cwru_native12.load.v1,1,CWRU,train,n12L:CWRU:cwru_n12_FE_274:FE:train:12000-24000,cwrun12_FE_IR014,FE_IR014,cwru_n12_FE_274,data/raw_cwru_12k_fe/IR014_0_FE12k.mat,X274_FE_time,f39ea799aeffceb012dbfb7b58fbe52c80df4cdab64da9ad96eed03e5118e9a6,274,IR014,inner_race,14 mil,FE,FE,FE,CWRU_FE_6203,FE,12000,1.0,0.5,12000,24000,1796.0,0hp,
cwru_native12.load.v1,1,CWRU,train,n12L:CWRU:cwru_n12_FE_274:FE:train:18000-30000,cwrun12_FE_IR014,FE_IR014,cwru_n12_FE_274,data/raw_cwru_12k_fe/IR014_0_FE12k.mat,X274_FE_time,f39ea799aeffceb012dbfb7b58fbe52c80df4cdab64da9ad96eed03e5118e9a6,274,IR014,inner_race,14 mil,FE,FE,FE,CWRU_FE_6203,FE,12000,1.0,0.5,18000,30000,1796.0,0hp,
cwru_native12.load.v1,1,CWRU,train,n12L:CWRU:cwru_n12_FE_274:FE:train:24000-36000,cwrun12_FE_IR014,FE_IR014,cwru_n12_FE_274,data/raw_cwru_12k_fe/IR014_0_FE12k.mat,X274_FE_time,f39ea799aeffceb012dbfb7b58fbe52c80df4cdab64da9ad96eed03e5118e9a6,274,IR014,inner_race,14 mil,FE,FE,FE,CWRU_FE_6203,FE,12000,1.0,0.5,24000,36000,1796.0,0hp,
cwru_native12.load.v1,1,CWRU,train,n12L:CWRU:cwru_n12_FE_274:FE:train:30000-42000,cwrun12_FE_IR014,FE_IR014,cwru_n12_FE_274,data/raw_cwru_12k_fe/IR014_0_FE12k.mat,X274_FE_time,f39ea799aeffceb012dbfb7b58fbe52c80df4cdab64da9ad96eed03e5118e9a6,274,IR014,inner_race,14 mil,FE,FE,FE,CWRU_FE_6203,FE,12000,1.0,0.5,30000,42000,1796.0,0hp,
cwru_native12.load.v1,1,CWRU,train,n12L:CWRU:cwru_n12_FE_274:FE:train:36000-48000,cwrun12_FE_IR014,FE_IR014,cwru_n12_FE_274,data/raw_cwru_12k_fe/IR014_0_FE12k.mat,X274_FE_time,f39ea799aeffceb012dbfb7b58fbe52c80df4cdab64da9ad96eed03e5118e9a6,274,IR014,inner_race,14 mil,FE,FE,FE,CWRU_FE_6203,FE,12000,1.0,0.5,36000,48000,1796.0,0hp,
cwru_native12.load.v1,1,CWRU,train,n12L:CWRU:cwru_n12_FE_274:FE:train:42000-54000,cwrun12_FE_IR014,FE_IR014,cwru_n12_FE_274,data/raw_cwru_12k_fe/IR014_0_FE12k.mat,X274_FE_time,f39ea799aeffceb012dbfb7b58fbe52c80df4cdab64da9ad96eed03e5118e9a6,274,IR014,inner_race,14 mil,FE,FE,FE,CWRU_FE_6203,FE,12000,1.0,0.5,42000,54000,1796.0,0hp,
cwru_native12.load.v1,1,CWRU,train,n12L:CWRU:cwru_n12_FE_274:FE:train:48000-60000,cwrun12_FE_IR014,FE_IR014,cwru_n12_FE_274,data/raw_cwru_12k_fe/IR014_0_FE12k.mat,X274_FE_time,f39ea799aeffceb012dbfb7b58fbe52c80df4cdab64da9ad96eed03e5118e9a6,274,IR014,inner_race,14 mil,FE,FE,FE,CWRU_FE_6203,FE,12000,1.0,0.5,48000,60000,1796.0,0hp,
cwru_native12.load.v1,1,CWRU,train,n12L:CWRU:cwru_n12_FE_274:FE:train:54000-66000,cwrun12_FE_IR014,FE_IR014,cwru_n12_FE_274,data/raw_cwru_12k_fe/IR014_0_FE12k.mat,X274_FE_time,f39ea799aeffceb012dbfb7b58fbe52c80df4cdab64da9ad96eed03e5118e9a6,274,IR014,inner_race,14 mil,FE,FE,FE,CWRU_FE_6203,FE,12000,1.0,0.5,54000,66000,1796.0,0hp,
cwru_native12.load.v1,1,CWRU,train,n12L:CWRU:cwru_n12_FE_274:FE:train:60000-72000,cwrun12_FE_IR014,FE_IR014,cwru_n12_FE_274,data/raw_cwru_12k_fe/IR014_0_FE12k.mat,X274_FE_time,f39ea799aeffceb012dbfb7b58fbe52c80df4cdab64da9ad96eed03e5118e9a6,274,IR014,inner_race,14 mil,FE,FE,FE,CWRU_FE_6203,FE,12000,1.0,0.5,60000,72000,1796.0,0hp,
cwru_native12.load.v1,1,CWRU,train,n12L:CWRU:cwru_n12_FE_274:FE:train:66000-78000,cwrun12_FE_IR014,FE_IR014,cwru_n12_FE_274,data/raw_cwru_12k_fe/IR014_0_FE12k.mat,X274_FE_time,f39ea799aeffceb012dbfb7b58fbe52c80df4cdab64da9ad96eed03e5118e9a6,274,IR014,inner_race,14 mil,FE,FE,FE,CWRU_FE_6203,FE,12000,1.0,0.5,66000,78000,1796.0,0hp,
cwru_native12.load.v1,1,CWRU,train,n12L:CWRU:cwru_n12_FE_274:FE:train:72000-84000,cwrun12_FE_IR014,FE_IR014,cwru_n12_FE_274,data/raw_cwru_12k_fe/IR014_0_FE12k.mat,X274_FE_time,f39ea799aeffceb012dbfb7b58fbe52c80df4cdab64da9ad96eed03e5118e9a6,274,IR014,inner_race,14 mil,FE,FE,FE,CWRU_FE_6203,FE,12000,1.0,0.5,72000,84000,1796.0,0hp,
cwru_native12.load.v1,1,CWRU,train,n12L:CWRU:cwru_n12_FE_274:FE:train:78000-90000,cwrun12_FE_IR014,FE_IR014,cwru_n12_FE_274,data/raw_cwru_12k_fe/IR014_0_FE12k.mat,X274_FE_time,f39ea799aeffceb012dbfb7b58fbe52c80df4cdab64da9ad96eed03e5118e9a6,274,IR014,inner_race,14 mil,FE,FE,FE,CWRU_FE_6203,FE,12000,1.0,0.5,78000,90000,1796.0,0hp,
cwru_native12.load.v1,1,CWRU,train,n12L:CWRU:cwru_n12_FE_274:FE:train:84000-96000,cwrun12_FE_IR014,FE_IR014,cwru_n12_FE_274,data/raw_cwru_12k_fe/IR014_0_FE12k.mat,X274_FE_time,f39ea799aeffceb012dbfb7b58fbe52c80df4cdab64da9ad96eed03e5118e9a6,274,IR014,inner_race,14 mil,FE,FE,FE,CWRU_FE_6203,FE,12000,1.0,0.5,84000,96000,1796.0,0hp,
cwru_native12.load.v1,1,CWRU,train,n12L:CWRU:cwru_n12_FE_274:FE:train:90000-102000,cwrun12_FE_IR014,FE_IR014,cwru_n12_FE_274,data/raw_cwru_12k_fe/IR014_0_FE12k.mat,X274_FE_time,f39ea799aeffceb012dbfb7b58fbe52c80df4cdab64da9ad96eed03e5118e9a6,274,IR014,inner_race,14 mil,FE,FE,FE,CWRU_FE_6203,FE,12000,1.0,0.5,90000,102000,1796.0,0hp,
cwru_native12.load.v1,1,CWRU,train,n12L:CWRU:cwru_n12_FE_274:FE:train:96000-108000,cwrun12_FE_IR014,FE_IR014,cwru_n12_FE_274,data/raw_cwru_12k_fe/IR014_0_FE12k.mat,X274_FE_time,f39ea799aeffceb012dbfb7b58fbe52c80df4cdab64da9ad96eed03e5118e9a6,274,IR014,inner_race,14 mil,FE,FE,FE,CWRU_FE_6203,FE,12000,1.0,0.5,96000,108000,1796.0,0hp,
cwru_native12.load.v1,1,CWRU,train,n12L:CWRU:cwru_n12_FE_274:FE:train:102000-114000,cwrun12_FE_IR014,FE_IR014,cwru_n12_FE_274,data/raw_cwru_12k_fe/IR014_0_FE12k.mat,X274_FE_time,f39ea799aeffceb012dbfb7b58fbe52c80df4cdab64da9ad96eed03e5118e9a6,274,IR014,inner_race,14 mil,FE,FE,FE,CWRU_FE_6203,FE,12000,1.0,0.5,102000,114000,1796.0,0hp,
cwru_native12.load.v1,1,CWRU,train,n12L:CWRU:cwru_n12_FE_274:FE:train:108000-120000,cwrun12_FE_IR014,FE_IR014,cwru_n12_FE_274,data/raw_cwru_12k_fe/IR014_0_FE12k.mat,X274_FE_time,f39ea799aeffceb012dbfb7b58fbe52c80df4cdab64da9ad96eed03e5118e9a6,274,IR014,inner_race,14 mil,FE,FE,FE,CWRU_FE_6203,FE,12000,1.0,0.5,108000,120000,1796.0,0hp,
cwru_native12.load.v1,1,CWRU,train,n12L:CWRU:cwru_n12_FE_275:FE:train:0-12000,cwrun12_FE_IR014,FE_IR014,cwru_n12_FE_275,data/raw_cwru_12k_fe/IR014_1_FE12k.mat,X275_FE_time,6677df8434d4dc6f5130bdd4c07e25be562b5b93a49ff867a724f424fb11c577,275,IR014,inner_race,14 mil,FE,FE,FE,CWRU_FE_6203,FE,12000,1.0,0.5,0,12000,1775.0,1hp,
cwru_native12.load.v1,1,CWRU,train,n12L:CWRU:cwru_n12_FE_275:FE:train:6000-18000,cwrun12_FE_IR014,FE_IR014,cwru_n12_FE_275,data/raw_cwru_12k_fe/IR014_1_FE12k.mat,X275_FE_time,6677df8434d4dc6f5130bdd4c07e25be562b5b93a49ff867a724f424fb11c577,275,IR014,inner_race,14 mil,FE,FE,FE,CWRU_FE_6203,FE,12000,1.0,0.5,6000,18000,1775.0,1hp,
cwru_native12.load.v1,1,CWRU,train,n12L:CWRU:cwru_n12_FE_275:FE:train:12000-24000,cwrun12_FE_IR014,FE_IR014,cwru_n12_FE_275,data/raw_cwru_12k_fe/IR014_1_FE12k.mat,X275_FE_time,6677df8434d4dc6f5130bdd4c07e25be562b5b93a49ff867a724f424fb11c577,275,IR014,inner_race,14 mil,FE,FE,FE,CWRU_FE_6203,FE,12000,1.0,0.5,12000,24000,1775.0,1hp,
cwru_native12.load.v1,1,CWRU,train,n12L:CWRU:cwru_n12_FE_275:FE:train:18000-30000,cwrun12_FE_IR014,FE_IR014,cwru_n12_FE_275,data/raw_cwru_12k_fe/IR014_1_FE12k.mat,X275_FE_time,6677df8434d4dc6f5130bdd4c07e25be562b5b93a49ff867a724f424fb11c577,275,IR014,inner_race,14 mil,FE,FE,FE,CWRU_FE_6203,FE,12000,1.0,0.5,18000,30000,1775.0,1hp,
cwru_native12.load.v1,1,CWRU,train,n12L:CWRU:cwru_n12_FE_275:FE:train:24000-36000,cwrun12_FE_IR014,FE_IR014,cwru_n12_FE_275,data/raw_cwru_12k_fe/IR014_1_FE12k.mat,X275_FE_time,6677df8434d4dc6f5130bdd4c07e25be562b5b93a49ff867a724f424fb11c577,275,IR014,inner_race,14 mil,FE,FE,FE,CWRU_FE_6203,FE,12000,1.0,0.5,24000,36000,1775.0,1hp,
cwru_native12.load.v1,1,CWRU,train,n12L:CWRU:cwru_n12_FE_275:FE:train:30000-42000,cwrun12_FE_IR014,FE_IR014,cwru_n12_FE_275,data/raw_cwru_12k_fe/IR014_1_FE12k.mat,X275_FE_time,6677df8434d4dc6f5130bdd4c07e25be562b5b93a49ff867a724f424fb11c577,275,IR014,inner_race,14 mil,FE,FE,FE,CWRU_FE_6203,FE,12000,1.0,0.5,30000,42000,1775.0,1hp,
cwru_native12.load.v1,1,CWRU,train,n12L:CWRU:cwru_n12_FE_275:FE:train:36000-48000,cwrun12_FE_IR014,FE_IR014,cwru_n12_FE_275,data/raw_cwru_12k_fe/IR014_1_FE12k.mat,X275_FE_time,6677df8434d4dc6f5130bdd4c07e25be562b5b93a49ff867a724f424fb11c577,275,IR014,inner_race,14 mil,FE,FE,FE,CWRU_FE_6203,FE,12000,1.0,0.5,36000,48000,1775.0,1hp,
cwru_native12.load.v1,1,CWRU,train,n12L:CWRU:cwru_n12_FE_275:FE:train:42000-54000,cwrun12_FE_IR014,FE_IR014,cwru_n12_FE_275,data/raw_cwru_12k_fe/IR014_1_FE12k.mat,X275_FE_time,6677df8434d4dc6f5130bdd4c07e25be562b5b93a49ff867a724f424fb11c577,275,IR014,inner_race,14 mil,FE,FE,FE,CWRU_FE_6203,FE,12000,1.0,0.5,42000,54000,1775.0,1hp,
cwru_native12.load.v1,1,CWRU,train,n12L:CWRU:cwru_n12_FE_275:FE:train:48000-60000,cwrun12_FE_IR014,FE_IR014,cwru_n12_FE_275,data/raw_cwru_12k_fe/IR014_1_FE12k.mat,X275_FE_time,6677df8434d4dc6f5130bdd4c07e25be562b5b93a49ff867a724f424fb11c577,275,IR014,inner_race,14 mil,FE,FE,FE,CWRU_FE_6203,FE,12000,1.0,0.5,48000,60000,1775.0,1hp,
cwru_native12.load.v1,1,CWRU,train,n12L:CWRU:cwru_n12_FE_275:FE:train:54000-66000,cwrun12_FE_IR014,FE_IR014,cwru_n12_FE_275,data/raw_cwru_12k_fe/IR014_1_FE12k.mat,X275_FE_time,6677df8434d4dc6f5130bdd4c07e25be562b5b93a49ff867a724f424fb11c577,275,IR014,inner_race,14 mil,FE,FE,FE,CWRU_FE_6203,FE,12000,1.0,0.5,54000,66000,1775.0,1hp,
cwru_native12.load.v1,1,CWRU,train,n12L:CWRU:cwru_n12_FE_275:FE:train:60000-72000,cwrun12_FE_IR014,FE_IR014,cwru_n12_FE_275,data/raw_cwru_12k_fe/IR014_1_FE12k.mat,X275_FE_time,6677df8434d4dc6f5130bdd4c07e25be562b5b93a49ff867a724f424fb11c577,275,IR014,inner_race,14 mil,FE,FE,FE,CWRU_FE_6203,FE,12000,1.0,0.5,60000,72000,1775.0,1hp,
cwru_native12.load.v1,1,CWRU,train,n12L:CWRU:cwru_n12_FE_275:FE:train:66000-78000,cwrun12_FE_IR014,FE_IR014,cwru_n12_FE_275,data/raw_cwru_12k_fe/IR014_1_FE12k.mat,X275_FE_time,6677df8434d4dc6f5130bdd4c07e25be562b5b93a49ff867a724f424fb11c577,275,IR014,inner_race,14 mil,FE,FE,FE,CWRU_FE_6203,FE,12000,1.0,0.5,66000,78000,1775.0,1hp,
cwru_native12.load.v1,1,CWRU,train,n12L:CWRU:cwru_n12_FE_275:FE:train:72000-84000,cwrun12_FE_IR014,FE_IR014,cwru_n12_FE_275,data/raw_cwru_12k_fe/IR014_1_FE12k.mat,X275_FE_time,6677df8434d4dc6f5130bdd4c07e25be562b5b93a49ff867a724f424fb11c577,275,IR014,inner_race,14 mil,FE,FE,FE,CWRU_FE_6203,FE,12000,1.0,0.5,72000,84000,1775.0,1hp,
cwru_native12.load.v1,1,CWRU,train,n12L:CWRU:cwru_n12_FE_275:FE:train:78000-90000,cwrun12_FE_IR014,FE_IR014,cwru_n12_FE_275,data/raw_cwru_12k_fe/IR014_1_FE12k.mat,X275_FE_time,6677df8434d4dc6f5130bdd4c07e25be562b5b93a49ff867a724f424fb11c577,275,IR014,inner_race,14 mil,FE,FE,FE,CWRU_FE_6203,FE,12000,1.0,0.5,78000,90000,1775.0,1hp,
cwru_native12.load.v1,1,CWRU,train,n12L:CWRU:cwru_n12_FE_275:FE:train:84000-96000,cwrun12_FE_IR014,FE_IR014,cwru_n12_FE_275,data/raw_cwru_12k_fe/IR014_1_FE12k.mat,X275_FE_time,6677df8434d4dc6f5130bdd4c07e25be562b5b93a49ff867a724f424fb11c577,275,IR014,inner_race,14 mil,FE,FE,FE,CWRU_FE_6203,FE,12000,1.0,0.5,84000,96000,1775.0,1hp,
cwru_native12.load.v1,1,CWRU,train,n12L:CWRU:cwru_n12_FE_275:FE:train:90000-102000,cwrun12_FE_IR014,FE_IR014,cwru_n12_FE_275,data/raw_cwru_12k_fe/IR014_1_FE12k.mat,X275_FE_time,6677df8434d4dc6f5130bdd4c07e25be562b5b93a49ff867a724f424fb11c577,275,IR014,inner_race,14 mil,FE,FE,FE,CWRU_FE_6203,FE,12000,1.0,0.5,90000,102000,1775.0,1hp,
cwru_native12.load.v1,1,CWRU,train,n12L:CWRU:cwru_n12_FE_275:FE:train:96000-108000,cwrun12_FE_IR014,FE_IR014,cwru_n12_FE_275,data/raw_cwru_12k_fe/IR014_1_FE12k.mat,X275_FE_time,6677df8434d4dc6f5130bdd4c07e25be562b5b93a49ff867a724f424fb11c577,275,IR014,inner_race,14 mil,FE,FE,FE,CWRU_FE_6203,FE,12000,1.0,0.5,96000,108000,1775.0,1hp,
cwru_native12.load.v1,1,CWRU,train,n12L:CWRU:cwru_n12_FE_275:FE:train:102000-114000,cwrun12_FE_IR014,FE_IR014,cwru_n12_FE_275,data/raw_cwru_12k_fe/IR014_1_FE12k.mat,X275_FE_time,6677df8434d4dc6f5130bdd4c07e25be562b5b93a49ff867a724f424fb11c577,275,IR014,inner_race,14 mil,FE,FE,FE,CWRU_FE_6203,FE,12000,1.0,0.5,102000,114000,1775.0,1hp,
cwru_native12.load.v1,1,CWRU,train,n12L:CWRU:cwru_n12_FE_275:FE:train:108000-120000,cwrun12_FE_IR014,FE_IR014,cwru_n12_FE_275,data/raw_cwru_12k_fe/IR014_1_FE12k.mat,X275_FE_time,6677df8434d4dc6f5130bdd4c07e25be562b5b93a49ff867a724f424fb11c577,275,IR014,inner_race,14 mil,FE,FE,FE,CWRU_FE_6203,FE,12000,1.0,0.5,108000,120000,1775.0,1hp,
cwru_native12.load.v1,1,CWRU,validation,n12L:CWRU:cwru_n12_FE_276:FE:validation:0-12000,cwrun12_FE_IR014,FE_IR014,cwru_n12_FE_276,data/raw_cwru_12k_fe/IR014_2_FE12k.mat,X276_FE_time,d1558eb6bd464e2a9e515bb4b2251814d53d61ab9c1f67ba25fbffe8dad47b5d,276,IR014,inner_race,14 mil,FE,FE,FE,CWRU_FE_6203,FE,12000,1.0,1.0,0,12000,1755.0,2hp,
cwru_native12.load.v1,1,CWRU,validation,n12L:CWRU:cwru_n12_FE_276:FE:validation:12000-24000,cwrun12_FE_IR014,FE_IR014,cwru_n12_FE_276,data/raw_cwru_12k_fe/IR014_2_FE12k.mat,X276_FE_time,d1558eb6bd464e2a9e515bb4b2251814d53d61ab9c1f67ba25fbffe8dad47b5d,276,IR014,inner_race,14 mil,FE,FE,FE,CWRU_FE_6203,FE,12000,1.0,1.0,12000,24000,1755.0,2hp,
cwru_native12.load.v1,1,CWRU,validation,n12L:CWRU:cwru_n12_FE_276:FE:validation:24000-36000,cwrun12_FE_IR014,FE_IR014,cwru_n12_FE_276,data/raw_cwru_12k_fe/IR014_2_FE12k.mat,X276_FE_time,d1558eb6bd464e2a9e515bb4b2251814d53d61ab9c1f67ba25fbffe8dad47b5d,276,IR014,inner_race,14 mil,FE,FE,FE,CWRU_FE_6203,FE,12000,1.0,1.0,24000,36000,1755.0,2hp,
cwru_native12.load.v1,1,CWRU,validation,n12L:CWRU:cwru_n12_FE_276:FE:validation:36000-48000,cwrun12_FE_IR014,FE_IR014,cwru_n12_FE_276,data/raw_cwru_12k_fe/IR014_2_FE12k.mat,X276_FE_time,d1558eb6bd464e2a9e515bb4b2251814d53d61ab9c1f67ba25fbffe8dad47b5d,276,IR014,inner_race,14 mil,FE,FE,FE,CWRU_FE_6203,FE,12000,1.0,1.0,36000,48000,1755.0,2hp,
cwru_native12.load.v1,1,CWRU,validation,n12L:CWRU:cwru_n12_FE_276:FE:validation:48000-60000,cwrun12_FE_IR014,FE_IR014,cwru_n12_FE_276,data/raw_cwru_12k_fe/IR014_2_FE12k.mat,X276_FE_time,d1558eb6bd464e2a9e515bb4b2251814d53d61ab9c1f67ba25fbffe8dad47b5d,276,IR014,inner_race,14 mil,FE,FE,FE,CWRU_FE_6203,FE,12000,1.0,1.0,48000,60000,1755.0,2hp,
cwru_native12.load.v1,1,CWRU,validation,n12L:CWRU:cwru_n12_FE_276:FE:validation:60000-72000,cwrun12_FE_IR014,FE_IR014,cwru_n12_FE_276,data/raw_cwru_12k_fe/IR014_2_FE12k.mat,X276_FE_time,d1558eb6bd464e2a9e515bb4b2251814d53d61ab9c1f67ba25fbffe8dad47b5d,276,IR014,inner_race,14 mil,FE,FE,FE,CWRU_FE_6203,FE,12000,1.0,1.0,60000,72000,1755.0,2hp,
cwru_native12.load.v1,1,CWRU,validation,n12L:CWRU:cwru_n12_FE_276:FE:validation:72000-84000,cwrun12_FE_IR014,FE_IR014,cwru_n12_FE_276,data/raw_cwru_12k_fe/IR014_2_FE12k.mat,X276_FE_time,d1558eb6bd464e2a9e515bb4b2251814d53d61ab9c1f67ba25fbffe8dad47b5d,276,IR014,inner_race,14 mil,FE,FE,FE,CWRU_FE_6203,FE,12000,1.0,1.0,72000,84000,1755.0,2hp,
cwru_native12.load.v1,1,CWRU,validation,n12L:CWRU:cwru_n12_FE_276:FE:validation:84000-96000,cwrun12_FE_IR014,FE_IR014,cwru_n12_FE_276,data/raw_cwru_12k_fe/IR014_2_FE12k.mat,X276_FE_time,d1558eb6bd464e2a9e515bb4b2251814d53d61ab9c1f67ba25fbffe8dad47b5d,276,IR014,inner_race,14 mil,FE,FE,FE,CWRU_FE_6203,FE,12000,1.0,1.0,84000,96000,1755.0,2hp,
cwru_native12.load.v1,1,CWRU,validation,n12L:CWRU:cwru_n12_FE_276:FE:validation:96000-108000,cwrun12_FE_IR014,FE_IR014,cwru_n12_FE_276,data/raw_cwru_12k_fe/IR014_2_FE12k.mat,X276_FE_time,d1558eb6bd464e2a9e515bb4b2251814d53d61ab9c1f67ba25fbffe8dad47b5d,276,IR014,inner_race,14 mil,FE,FE,FE,CWRU_FE_6203,FE,12000,1.0,1.0,96000,108000,1755.0,2hp,
cwru_native12.load.v1,1,CWRU,validation,n12L:CWRU:cwru_n12_FE_276:FE:validation:108000-120000,cwrun12_FE_IR014,FE_IR014,cwru_n12_FE_276,data/raw_cwru_12k_fe/IR014_2_FE12k.mat,X276_FE_time,d1558eb6bd464e2a9e515bb4b2251814d53d61ab9c1f67ba25fbffe8dad47b5d,276,IR014,inner_race,14 mil,FE,FE,FE,CWRU_FE_6203,FE,12000,1.0,1.0,108000,120000,1755.0,2hp,
cwru_native12.load.v1,1,CWRU,test,n12L:CWRU:cwru_n12_FE_277:FE:test:0-12000,cwrun12_FE_IR014,FE_IR014,cwru_n12_FE_277,data/raw_cwru_12k_fe/IR014_3_FE12k.mat,X277_FE_time,6abdf2d5dc823f50d95814c488735ca2083def087233608e2f2cd718782985a6,277,IR014,inner_race,14 mil,FE,FE,FE,CWRU_FE_6203,FE,12000,1.0,1.0,0,12000,1733.0,3hp,
cwru_native12.load.v1,1,CWRU,test,n12L:CWRU:cwru_n12_FE_277:FE:test:12000-24000,cwrun12_FE_IR014,FE_IR014,cwru_n12_FE_277,data/raw_cwru_12k_fe/IR014_3_FE12k.mat,X277_FE_time,6abdf2d5dc823f50d95814c488735ca2083def087233608e2f2cd718782985a6,277,IR014,inner_race,14 mil,FE,FE,FE,CWRU_FE_6203,FE,12000,1.0,1.0,12000,24000,1733.0,3hp,
cwru_native12.load.v1,1,CWRU,test,n12L:CWRU:cwru_n12_FE_277:FE:test:24000-36000,cwrun12_FE_IR014,FE_IR014,cwru_n12_FE_277,data/raw_cwru_12k_fe/IR014_3_FE12k.mat,X277_FE_time,6abdf2d5dc823f50d95814c488735ca2083def087233608e2f2cd718782985a6,277,IR014,inner_race,14 mil,FE,FE,FE,CWRU_FE_6203,FE,12000,1.0,1.0,24000,36000,1733.0,3hp,
cwru_native12.load.v1,1,CWRU,test,n12L:CWRU:cwru_n12_FE_277:FE:test:36000-48000,cwrun12_FE_IR014,FE_IR014,cwru_n12_FE_277,data/raw_cwru_12k_fe/IR014_3_FE12k.mat,X277_FE_time,6abdf2d5dc823f50d95814c488735ca2083def087233608e2f2cd718782985a6,277,IR014,inner_race,14 mil,FE,FE,FE,CWRU_FE_6203,FE,12000,1.0,1.0,36000,48000,1733.0,3hp,
cwru_native12.load.v1,1,CWRU,test,n12L:CWRU:cwru_n12_FE_277:FE:test:48000-60000,cwrun12_FE_IR014,FE_IR014,cwru_n12_FE_277,data/raw_cwru_12k_fe/IR014_3_FE12k.mat,X277_FE_time,6abdf2d5dc823f50d95814c488735ca2083def087233608e2f2cd718782985a6,277,IR014,inner_race,14 mil,FE,FE,FE,CWRU_FE_6203,FE,12000,1.0,1.0,48000,60000,1733.0,3hp,
cwru_native12.load.v1,1,CWRU,test,n12L:CWRU:cwru_n12_FE_277:FE:test:60000-72000,cwrun12_FE_IR014,FE_IR014,cwru_n12_FE_277,data/raw_cwru_12k_fe/IR014_3_FE12k.mat,X277_FE_time,6abdf2d5dc823f50d95814c488735ca2083def087233608e2f2cd718782985a6,277,IR014,inner_race,14 mil,FE,FE,FE,CWRU_FE_6203,FE,12000,1.0,1.0,60000,72000,1733.0,3hp,
cwru_native12.load.v1,1,CWRU,test,n12L:CWRU:cwru_n12_FE_277:FE:test:72000-84000,cwrun12_FE_IR014,FE_IR014,cwru_n12_FE_277,data/raw_cwru_12k_fe/IR014_3_FE12k.mat,X277_FE_time,6abdf2d5dc823f50d95814c488735ca2083def087233608e2f2cd718782985a6,277,IR014,inner_race,14 mil,FE,FE,FE,CWRU_FE_6203,FE,12000,1.0,1.0,72000,84000,1733.0,3hp,
cwru_native12.load.v1,1,CWRU,test,n12L:CWRU:cwru_n12_FE_277:FE:test:84000-96000,cwrun12_FE_IR014,FE_IR014,cwru_n12_FE_277,data/raw_cwru_12k_fe/IR014_3_FE12k.mat,X277_FE_time,6abdf2d5dc823f50d95814c488735ca2083def087233608e2f2cd718782985a6,277,IR014,inner_race,14 mil,FE,FE,FE,CWRU_FE_6203,FE,12000,1.0,1.0,84000,96000,1733.0,3hp,
cwru_native12.load.v1,1,CWRU,test,n12L:CWRU:cwru_n12_FE_277:FE:test:96000-108000,cwrun12_FE_IR014,FE_IR014,cwru_n12_FE_277,data/raw_cwru_12k_fe/IR014_3_FE12k.mat,X277_FE_time,6abdf2d5dc823f50d95814c488735ca2083def087233608e2f2cd718782985a6,277,IR014,inner_race,14 mil,FE,FE,FE,CWRU_FE_6203,FE,12000,1.0,1.0,96000,108000,1733.0,3hp,
cwru_native12.load.v1,1,CWRU,test,n12L:CWRU:cwru_n12_FE_277:FE:test:108000-120000,cwrun12_FE_IR014,FE_IR014,cwru_n12_FE_277,data/raw_cwru_12k_fe/IR014_3_FE12k.mat,X277_FE_time,6abdf2d5dc823f50d95814c488735ca2083def087233608e2f2cd718782985a6,277,IR014,inner_race,14 mil,FE,FE,FE,CWRU_FE_6203,FE,12000,1.0,1.0,108000,120000,1733.0,3hp,
cwru_native12.load.v1,1,CWRU,train,n12L:CWRU:cwru_n12_FE_270:FE:train:0-12000,cwrun12_FE_IR021,FE_IR021,cwru_n12_FE_270,data/raw_cwru_12k_fe/IR021_0_FE12k.mat,X270_FE_time,fd7c20f53af7ccaf7ab6b08b885fbe4bf27ce44d9739af2725dc94c8130af953,270,IR021,inner_race,21 mil,FE,FE,FE,CWRU_FE_6203,FE,12000,1.0,0.5,0,12000,1796.0,0hp,
cwru_native12.load.v1,1,CWRU,train,n12L:CWRU:cwru_n12_FE_270:FE:train:6000-18000,cwrun12_FE_IR021,FE_IR021,cwru_n12_FE_270,data/raw_cwru_12k_fe/IR021_0_FE12k.mat,X270_FE_time,fd7c20f53af7ccaf7ab6b08b885fbe4bf27ce44d9739af2725dc94c8130af953,270,IR021,inner_race,21 mil,FE,FE,FE,CWRU_FE_6203,FE,12000,1.0,0.5,6000,18000,1796.0,0hp,
cwru_native12.load.v1,1,CWRU,train,n12L:CWRU:cwru_n12_FE_270:FE:train:12000-24000,cwrun12_FE_IR021,FE_IR021,cwru_n12_FE_270,data/raw_cwru_12k_fe/IR021_0_FE12k.mat,X270_FE_time,fd7c20f53af7ccaf7ab6b08b885fbe4bf27ce44d9739af2725dc94c8130af953,270,IR021,inner_race,21 mil,FE,FE,FE,CWRU_FE_6203,FE,12000,1.0,0.5,12000,24000,1796.0,0hp,
cwru_native12.load.v1,1,CWRU,train,n12L:CWRU:cwru_n12_FE_270:FE:train:18000-30000,cwrun12_FE_IR021,FE_IR021,cwru_n12_FE_270,data/raw_cwru_12k_fe/IR021_0_FE12k.mat,X270_FE_time,fd7c20f53af7ccaf7ab6b08b885fbe4bf27ce44d9739af2725dc94c8130af953,270,IR021,inner_race,21 mil,FE,FE,FE,CWRU_FE_6203,FE,12000,1.0,0.5,18000,30000,1796.0,0hp,
cwru_native12.load.v1,1,CWRU,train,n12L:CWRU:cwru_n12_FE_270:FE:train:24000-36000,cwrun12_FE_IR021,FE_IR021,cwru_n12_FE_270,data/raw_cwru_12k_fe/IR021_0_FE12k.mat,X270_FE_time,fd7c20f53af7ccaf7ab6b08b885fbe4bf27ce44d9739af2725dc94c8130af953,270,IR021,inner_race,21 mil,FE,FE,FE,CWRU_FE_6203,FE,12000,1.0,0.5,24000,36000,1796.0,0hp,
cwru_native12.load.v1,1,CWRU,train,n12L:CWRU:cwru_n12_FE_270:FE:train:30000-42000,cwrun12_FE_IR021,FE_IR021,cwru_n12_FE_270,data/raw_cwru_12k_fe/IR021_0_FE12k.mat,X270_FE_time,fd7c20f53af7ccaf7ab6b08b885fbe4bf27ce44d9739af2725dc94c8130af953,270,IR021,inner_race,21 mil,FE,FE,FE,CWRU_FE_6203,FE,12000,1.0,0.5,30000,42000,1796.0,0hp,
cwru_native12.load.v1,1,CWRU,train,n12L:CWRU:cwru_n12_FE_270:FE:train:36000-48000,cwrun12_FE_IR021,FE_IR021,cwru_n12_FE_270,data/raw_cwru_12k_fe/IR021_0_FE12k.mat,X270_FE_time,fd7c20f53af7ccaf7ab6b08b885fbe4bf27ce44d9739af2725dc94c8130af953,270,IR021,inner_race,21 mil,FE,FE,FE,CWRU_FE_6203,FE,12000,1.0,0.5,36000,48000,1796.0,0hp,
cwru_native12.load.v1,1,CWRU,train,n12L:CWRU:cwru_n12_FE_270:FE:train:42000-54000,cwrun12_FE_IR021,FE_IR021,cwru_n12_FE_270,data/raw_cwru_12k_fe/IR021_0_FE12k.mat,X270_FE_time,fd7c20f53af7ccaf7ab6b08b885fbe4bf27ce44d9739af2725dc94c8130af953,270,IR021,inner_race,21 mil,FE,FE,FE,CWRU_FE_6203,FE,12000,1.0,0.5,42000,54000,1796.0,0hp,
cwru_native12.load.v1,1,CWRU,train,n12L:CWRU:cwru_n12_FE_270:FE:train:48000-60000,cwrun12_FE_IR021,FE_IR021,cwru_n12_FE_270,data/raw_cwru_12k_fe/IR021_0_FE12k.mat,X270_FE_time,fd7c20f53af7ccaf7ab6b08b885fbe4bf27ce44d9739af2725dc94c8130af953,270,IR021,inner_race,21 mil,FE,FE,FE,CWRU_FE_6203,FE,12000,1.0,0.5,48000,60000,1796.0,0hp,
cwru_native12.load.v1,1,CWRU,train,n12L:CWRU:cwru_n12_FE_270:FE:train:54000-66000,cwrun12_FE_IR021,FE_IR021,cwru_n12_FE_270,data/raw_cwru_12k_fe/IR021_0_FE12k.mat,X270_FE_time,fd7c20f53af7ccaf7ab6b08b885fbe4bf27ce44d9739af2725dc94c8130af953,270,IR021,inner_race,21 mil,FE,FE,FE,CWRU_FE_6203,FE,12000,1.0,0.5,54000,66000,1796.0,0hp,
cwru_native12.load.v1,1,CWRU,train,n12L:CWRU:cwru_n12_FE_270:FE:train:60000-72000,cwrun12_FE_IR021,FE_IR021,cwru_n12_FE_270,data/raw_cwru_12k_fe/IR021_0_FE12k.mat,X270_FE_time,fd7c20f53af7ccaf7ab6b08b885fbe4bf27ce44d9739af2725dc94c8130af953,270,IR021,inner_race,21 mil,FE,FE,FE,CWRU_FE_6203,FE,12000,1.0,0.5,60000,72000,1796.0,0hp,
cwru_native12.load.v1,1,CWRU,train,n12L:CWRU:cwru_n12_FE_270:FE:train:66000-78000,cwrun12_FE_IR021,FE_IR021,cwru_n12_FE_270,data/raw_cwru_12k_fe/IR021_0_FE12k.mat,X270_FE_time,fd7c20f53af7ccaf7ab6b08b885fbe4bf27ce44d9739af2725dc94c8130af953,270,IR021,inner_race,21 mil,FE,FE,FE,CWRU_FE_6203,FE,12000,1.0,0.5,66000,78000,1796.0,0hp,
cwru_native12.load.v1,1,CWRU,train,n12L:CWRU:cwru_n12_FE_270:FE:train:72000-84000,cwrun12_FE_IR021,FE_IR021,cwru_n12_FE_270,data/raw_cwru_12k_fe/IR021_0_FE12k.mat,X270_FE_time,fd7c20f53af7ccaf7ab6b08b885fbe4bf27ce44d9739af2725dc94c8130af953,270,IR021,inner_race,21 mil,FE,FE,FE,CWRU_FE_6203,FE,12000,1.0,0.5,72000,84000,1796.0,0hp,
cwru_native12.load.v1,1,CWRU,train,n12L:CWRU:cwru_n12_FE_270:FE:train:78000-90000,cwrun12_FE_IR021,FE_IR021,cwru_n12_FE_270,data/raw_cwru_12k_fe/IR021_0_FE12k.mat,X270_FE_time,fd7c20f53af7ccaf7ab6b08b885fbe4bf27ce44d9739af2725dc94c8130af953,270,IR021,inner_race,21 mil,FE,FE,FE,CWRU_FE_6203,FE,12000,1.0,0.5,78000,90000,1796.0,0hp,
cwru_native12.load.v1,1,CWRU,train,n12L:CWRU:cwru_n12_FE_270:FE:train:84000-96000,cwrun12_FE_IR021,FE_IR021,cwru_n12_FE_270,data/raw_cwru_12k_fe/IR021_0_FE12k.mat,X270_FE_time,fd7c20f53af7ccaf7ab6b08b885fbe4bf27ce44d9739af2725dc94c8130af953,270,IR021,inner_race,21 mil,FE,FE,FE,CWRU_FE_6203,FE,12000,1.0,0.5,84000,96000,1796.0,0hp,
cwru_native12.load.v1,1,CWRU,train,n12L:CWRU:cwru_n12_FE_270:FE:train:90000-102000,cwrun12_FE_IR021,FE_IR021,cwru_n12_FE_270,data/raw_cwru_12k_fe/IR021_0_FE12k.mat,X270_FE_time,fd7c20f53af7ccaf7ab6b08b885fbe4bf27ce44d9739af2725dc94c8130af953,270,IR021,inner_race,21 mil,FE,FE,FE,CWRU_FE_6203,FE,12000,1.0,0.5,90000,102000,1796.0,0hp,
cwru_native12.load.v1,1,CWRU,train,n12L:CWRU:cwru_n12_FE_270:FE:train:96000-108000,cwrun12_FE_IR021,FE_IR021,cwru_n12_FE_270,data/raw_cwru_12k_fe/IR021_0_FE12k.mat,X270_FE_time,fd7c20f53af7ccaf7ab6b08b885fbe4bf27ce44d9739af2725dc94c8130af953,270,IR021,inner_race,21 mil,FE,FE,FE,CWRU_FE_6203,FE,12000,1.0,0.5,96000,108000,1796.0,0hp,
cwru_native12.load.v1,1,CWRU,train,n12L:CWRU:cwru_n12_FE_270:FE:train:102000-114000,cwrun12_FE_IR021,FE_IR021,cwru_n12_FE_270,data/raw_cwru_12k_fe/IR021_0_FE12k.mat,X270_FE_time,fd7c20f53af7ccaf7ab6b08b885fbe4bf27ce44d9739af2725dc94c8130af953,270,IR021,inner_race,21 mil,FE,FE,FE,CWRU_FE_6203,FE,12000,1.0,0.5,102000,114000,1796.0,0hp,
cwru_native12.load.v1,1,CWRU,train,n12L:CWRU:cwru_n12_FE_270:FE:train:108000-120000,cwrun12_FE_IR021,FE_IR021,cwru_n12_FE_270,data/raw_cwru_12k_fe/IR021_0_FE12k.mat,X270_FE_time,fd7c20f53af7ccaf7ab6b08b885fbe4bf27ce44d9739af2725dc94c8130af953,270,IR021,inner_race,21 mil,FE,FE,FE,CWRU_FE_6203,FE,12000,1.0,0.5,108000,120000,1796.0,0hp,
cwru_native12.load.v1,1,CWRU,train,n12L:CWRU:cwru_n12_FE_271:FE:train:0-12000,cwrun12_FE_IR021,FE_IR021,cwru_n12_FE_271,data/raw_cwru_12k_fe/IR021_1_FE12k.mat,X271_FE_time,2362b0f50519001004b6167b6344deae2c1387121c532366855ce0df51c1a872,271,IR021,inner_race,21 mil,FE,FE,FE,CWRU_FE_6203,FE,12000,1.0,0.5,0,12000,1776.0,1hp,
cwru_native12.load.v1,1,CWRU,train,n12L:CWRU:cwru_n12_FE_271:FE:train:6000-18000,cwrun12_FE_IR021,FE_IR021,cwru_n12_FE_271,data/raw_cwru_12k_fe/IR021_1_FE12k.mat,X271_FE_time,2362b0f50519001004b6167b6344deae2c1387121c532366855ce0df51c1a872,271,IR021,inner_race,21 mil,FE,FE,FE,CWRU_FE_6203,FE,12000,1.0,0.5,6000,18000,1776.0,1hp,
cwru_native12.load.v1,1,CWRU,train,n12L:CWRU:cwru_n12_FE_271:FE:train:12000-24000,cwrun12_FE_IR021,FE_IR021,cwru_n12_FE_271,data/raw_cwru_12k_fe/IR021_1_FE12k.mat,X271_FE_time,2362b0f50519001004b6167b6344deae2c1387121c532366855ce0df51c1a872,271,IR021,inner_race,21 mil,FE,FE,FE,CWRU_FE_6203,FE,12000,1.0,0.5,12000,24000,1776.0,1hp,
cwru_native12.load.v1,1,CWRU,train,n12L:CWRU:cwru_n12_FE_271:FE:train:18000-30000,cwrun12_FE_IR021,FE_IR021,cwru_n12_FE_271,data/raw_cwru_12k_fe/IR021_1_FE12k.mat,X271_FE_time,2362b0f50519001004b6167b6344deae2c1387121c532366855ce0df51c1a872,271,IR021,inner_race,21 mil,FE,FE,FE,CWRU_FE_6203,FE,12000,1.0,0.5,18000,30000,1776.0,1hp,
cwru_native12.load.v1,1,CWRU,train,n12L:CWRU:cwru_n12_FE_271:FE:train:24000-36000,cwrun12_FE_IR021,FE_IR021,cwru_n12_FE_271,data/raw_cwru_12k_fe/IR021_1_FE12k.mat,X271_FE_time,2362b0f50519001004b6167b6344deae2c1387121c532366855ce0df51c1a872,271,IR021,inner_race,21 mil,FE,FE,FE,CWRU_FE_6203,FE,12000,1.0,0.5,24000,36000,1776.0,1hp,
cwru_native12.load.v1,1,CWRU,train,n12L:CWRU:cwru_n12_FE_271:FE:train:30000-42000,cwrun12_FE_IR021,FE_IR021,cwru_n12_FE_271,data/raw_cwru_12k_fe/IR021_1_FE12k.mat,X271_FE_time,2362b0f50519001004b6167b6344deae2c1387121c532366855ce0df51c1a872,271,IR021,inner_race,21 mil,FE,FE,FE,CWRU_FE_6203,FE,12000,1.0,0.5,30000,42000,1776.0,1hp,
cwru_native12.load.v1,1,CWRU,train,n12L:CWRU:cwru_n12_FE_271:FE:train:36000-48000,cwrun12_FE_IR021,FE_IR021,cwru_n12_FE_271,data/raw_cwru_12k_fe/IR021_1_FE12k.mat,X271_FE_time,2362b0f50519001004b6167b6344deae2c1387121c532366855ce0df51c1a872,271,IR021,inner_race,21 mil,FE,FE,FE,CWRU_FE_6203,FE,12000,1.0,0.5,36000,48000,1776.0,1hp,
cwru_native12.load.v1,1,CWRU,train,n12L:CWRU:cwru_n12_FE_271:FE:train:42000-54000,cwrun12_FE_IR021,FE_IR021,cwru_n12_FE_271,data/raw_cwru_12k_fe/IR021_1_FE12k.mat,X271_FE_time,2362b0f50519001004b6167b6344deae2c1387121c532366855ce0df51c1a872,271,IR021,inner_race,21 mil,FE,FE,FE,CWRU_FE_6203,FE,12000,1.0,0.5,42000,54000,1776.0,1hp,
cwru_native12.load.v1,1,CWRU,train,n12L:CWRU:cwru_n12_FE_271:FE:train:48000-60000,cwrun12_FE_IR021,FE_IR021,cwru_n12_FE_271,data/raw_cwru_12k_fe/IR021_1_FE12k.mat,X271_FE_time,2362b0f50519001004b6167b6344deae2c1387121c532366855ce0df51c1a872,271,IR021,inner_race,21 mil,FE,FE,FE,CWRU_FE_6203,FE,12000,1.0,0.5,48000,60000,1776.0,1hp,
cwru_native12.load.v1,1,CWRU,train,n12L:CWRU:cwru_n12_FE_271:FE:train:54000-66000,cwrun12_FE_IR021,FE_IR021,cwru_n12_FE_271,data/raw_cwru_12k_fe/IR021_1_FE12k.mat,X271_FE_time,2362b0f50519001004b6167b6344deae2c1387121c532366855ce0df51c1a872,271,IR021,inner_race,21 mil,FE,FE,FE,CWRU_FE_6203,FE,12000,1.0,0.5,54000,66000,1776.0,1hp,
cwru_native12.load.v1,1,CWRU,train,n12L:CWRU:cwru_n12_FE_271:FE:train:60000-72000,cwrun12_FE_IR021,FE_IR021,cwru_n12_FE_271,data/raw_cwru_12k_fe/IR021_1_FE12k.mat,X271_FE_time,2362b0f50519001004b6167b6344deae2c1387121c532366855ce0df51c1a872,271,IR021,inner_race,21 mil,FE,FE,FE,CWRU_FE_6203,FE,12000,1.0,0.5,60000,72000,1776.0,1hp,
cwru_native12.load.v1,1,CWRU,train,n12L:CWRU:cwru_n12_FE_271:FE:train:66000-78000,cwrun12_FE_IR021,FE_IR021,cwru_n12_FE_271,data/raw_cwru_12k_fe/IR021_1_FE12k.mat,X271_FE_time,2362b0f50519001004b6167b6344deae2c1387121c532366855ce0df51c1a872,271,IR021,inner_race,21 mil,FE,FE,FE,CWRU_FE_6203,FE,12000,1.0,0.5,66000,78000,1776.0,1hp,
cwru_native12.load.v1,1,CWRU,train,n12L:CWRU:cwru_n12_FE_271:FE:train:72000-84000,cwrun12_FE_IR021,FE_IR021,cwru_n12_FE_271,data/raw_cwru_12k_fe/IR021_1_FE12k.mat,X271_FE_time,2362b0f50519001004b6167b6344deae2c1387121c532366855ce0df51c1a872,271,IR021,inner_race,21 mil,FE,FE,FE,CWRU_FE_6203,FE,12000,1.0,0.5,72000,84000,1776.0,1hp,
cwru_native12.load.v1,1,CWRU,train,n12L:CWRU:cwru_n12_FE_271:FE:train:78000-90000,cwrun12_FE_IR021,FE_IR021,cwru_n12_FE_271,data/raw_cwru_12k_fe/IR021_1_FE12k.mat,X271_FE_time,2362b0f50519001004b6167b6344deae2c1387121c532366855ce0df51c1a872,271,IR021,inner_race,21 mil,FE,FE,FE,CWRU_FE_6203,FE,12000,1.0,0.5,78000,90000,1776.0,1hp,
cwru_native12.load.v1,1,CWRU,train,n12L:CWRU:cwru_n12_FE_271:FE:train:84000-96000,cwrun12_FE_IR021,FE_IR021,cwru_n12_FE_271,data/raw_cwru_12k_fe/IR021_1_FE12k.mat,X271_FE_time,2362b0f50519001004b6167b6344deae2c1387121c532366855ce0df51c1a872,271,IR021,inner_race,21 mil,FE,FE,FE,CWRU_FE_6203,FE,12000,1.0,0.5,84000,96000,1776.0,1hp,
cwru_native12.load.v1,1,CWRU,train,n12L:CWRU:cwru_n12_FE_271:FE:train:90000-102000,cwrun12_FE_IR021,FE_IR021,cwru_n12_FE_271,data/raw_cwru_12k_fe/IR021_1_FE12k.mat,X271_FE_time,2362b0f50519001004b6167b6344deae2c1387121c532366855ce0df51c1a872,271,IR021,inner_race,21 mil,FE,FE,FE,CWRU_FE_6203,FE,12000,1.0,0.5,90000,102000,1776.0,1hp,
cwru_native12.load.v1,1,CWRU,train,n12L:CWRU:cwru_n12_FE_271:FE:train:96000-108000,cwrun12_FE_IR021,FE_IR021,cwru_n12_FE_271,data/raw_cwru_12k_fe/IR021_1_FE12k.mat,X271_FE_time,2362b0f50519001004b6167b6344deae2c1387121c532366855ce0df51c1a872,271,IR021,inner_race,21 mil,FE,FE,FE,CWRU_FE_6203,FE,12000,1.0,0.5,96000,108000,1776.0,1hp,
cwru_native12.load.v1,1,CWRU,train,n12L:CWRU:cwru_n12_FE_271:FE:train:102000-114000,cwrun12_FE_IR021,FE_IR021,cwru_n12_FE_271,data/raw_cwru_12k_fe/IR021_1_FE12k.mat,X271_FE_time,2362b0f50519001004b6167b6344deae2c1387121c532366855ce0df51c1a872,271,IR021,inner_race,21 mil,FE,FE,FE,CWRU_FE_6203,FE,12000,1.0,0.5,102000,114000,1776.0,1hp,
cwru_native12.load.v1,1,CWRU,train,n12L:CWRU:cwru_n12_FE_271:FE:train:108000-120000,cwrun12_FE_IR021,FE_IR021,cwru_n12_FE_271,data/raw_cwru_12k_fe/IR021_1_FE12k.mat,X271_FE_time,2362b0f50519001004b6167b6344deae2c1387121c532366855ce0df51c1a872,271,IR021,inner_race,21 mil,FE,FE,FE,CWRU_FE_6203,FE,12000,1.0,0.5,108000,120000,1776.0,1hp,
cwru_native12.load.v1,1,CWRU,validation,n12L:CWRU:cwru_n12_FE_272:FE:validation:0-12000,cwrun12_FE_IR021,FE_IR021,cwru_n12_FE_272,data/raw_cwru_12k_fe/IR021_2_FE12k.mat,X272_FE_time,7b9b455d79d696d1fc5762ef058a6363cb153dabdf404100cb4247af767acbd1,272,IR021,inner_race,21 mil,FE,FE,FE,CWRU_FE_6203,FE,12000,1.0,1.0,0,12000,1758.0,2hp,
cwru_native12.load.v1,1,CWRU,validation,n12L:CWRU:cwru_n12_FE_272:FE:validation:12000-24000,cwrun12_FE_IR021,FE_IR021,cwru_n12_FE_272,data/raw_cwru_12k_fe/IR021_2_FE12k.mat,X272_FE_time,7b9b455d79d696d1fc5762ef058a6363cb153dabdf404100cb4247af767acbd1,272,IR021,inner_race,21 mil,FE,FE,FE,CWRU_FE_6203,FE,12000,1.0,1.0,12000,24000,1758.0,2hp,
cwru_native12.load.v1,1,CWRU,validation,n12L:CWRU:cwru_n12_FE_272:FE:validation:24000-36000,cwrun12_FE_IR021,FE_IR021,cwru_n12_FE_272,data/raw_cwru_12k_fe/IR021_2_FE12k.mat,X272_FE_time,7b9b455d79d696d1fc5762ef058a6363cb153dabdf404100cb4247af767acbd1,272,IR021,inner_race,21 mil,FE,FE,FE,CWRU_FE_6203,FE,12000,1.0,1.0,24000,36000,1758.0,2hp,
cwru_native12.load.v1,1,CWRU,validation,n12L:CWRU:cwru_n12_FE_272:FE:validation:36000-48000,cwrun12_FE_IR021,FE_IR021,cwru_n12_FE_272,data/raw_cwru_12k_fe/IR021_2_FE12k.mat,X272_FE_time,7b9b455d79d696d1fc5762ef058a6363cb153dabdf404100cb4247af767acbd1,272,IR021,inner_race,21 mil,FE,FE,FE,CWRU_FE_6203,FE,12000,1.0,1.0,36000,48000,1758.0,2hp,
cwru_native12.load.v1,1,CWRU,validation,n12L:CWRU:cwru_n12_FE_272:FE:validation:48000-60000,cwrun12_FE_IR021,FE_IR021,cwru_n12_FE_272,data/raw_cwru_12k_fe/IR021_2_FE12k.mat,X272_FE_time,7b9b455d79d696d1fc5762ef058a6363cb153dabdf404100cb4247af767acbd1,272,IR021,inner_race,21 mil,FE,FE,FE,CWRU_FE_6203,FE,12000,1.0,1.0,48000,60000,1758.0,2hp,
cwru_native12.load.v1,1,CWRU,validation,n12L:CWRU:cwru_n12_FE_272:FE:validation:60000-72000,cwrun12_FE_IR021,FE_IR021,cwru_n12_FE_272,data/raw_cwru_12k_fe/IR021_2_FE12k.mat,X272_FE_time,7b9b455d79d696d1fc5762ef058a6363cb153dabdf404100cb4247af767acbd1,272,IR021,inner_race,21 mil,FE,FE,FE,CWRU_FE_6203,FE,12000,1.0,1.0,60000,72000,1758.0,2hp,
cwru_native12.load.v1,1,CWRU,validation,n12L:CWRU:cwru_n12_FE_272:FE:validation:72000-84000,cwrun12_FE_IR021,FE_IR021,cwru_n12_FE_272,data/raw_cwru_12k_fe/IR021_2_FE12k.mat,X272_FE_time,7b9b455d79d696d1fc5762ef058a6363cb153dabdf404100cb4247af767acbd1,272,IR021,inner_race,21 mil,FE,FE,FE,CWRU_FE_6203,FE,12000,1.0,1.0,72000,84000,1758.0,2hp,
cwru_native12.load.v1,1,CWRU,validation,n12L:CWRU:cwru_n12_FE_272:FE:validation:84000-96000,cwrun12_FE_IR021,FE_IR021,cwru_n12_FE_272,data/raw_cwru_12k_fe/IR021_2_FE12k.mat,X272_FE_time,7b9b455d79d696d1fc5762ef058a6363cb153dabdf404100cb4247af767acbd1,272,IR021,inner_race,21 mil,FE,FE,FE,CWRU_FE_6203,FE,12000,1.0,1.0,84000,96000,1758.0,2hp,
cwru_native12.load.v1,1,CWRU,validation,n12L:CWRU:cwru_n12_FE_272:FE:validation:96000-108000,cwrun12_FE_IR021,FE_IR021,cwru_n12_FE_272,data/raw_cwru_12k_fe/IR021_2_FE12k.mat,X272_FE_time,7b9b455d79d696d1fc5762ef058a6363cb153dabdf404100cb4247af767acbd1,272,IR021,inner_race,21 mil,FE,FE,FE,CWRU_FE_6203,FE,12000,1.0,1.0,96000,108000,1758.0,2hp,
cwru_native12.load.v1,1,CWRU,validation,n12L:CWRU:cwru_n12_FE_272:FE:validation:108000-120000,cwrun12_FE_IR021,FE_IR021,cwru_n12_FE_272,data/raw_cwru_12k_fe/IR021_2_FE12k.mat,X272_FE_time,7b9b455d79d696d1fc5762ef058a6363cb153dabdf404100cb4247af767acbd1,272,IR021,inner_race,21 mil,FE,FE,FE,CWRU_FE_6203,FE,12000,1.0,1.0,108000,120000,1758.0,2hp,
cwru_native12.load.v1,1,CWRU,test,n12L:CWRU:cwru_n12_FE_273:FE:test:0-12000,cwrun12_FE_IR021,FE_IR021,cwru_n12_FE_273,data/raw_cwru_12k_fe/IR021_3_FE12k.mat,X273_FE_time,990bd16b90bf70650f102962331b066242792f285612d5081c2ba80053b2e637,273,IR021,inner_race,21 mil,FE,FE,FE,CWRU_FE_6203,FE,12000,1.0,1.0,0,12000,1737.0,3hp,
cwru_native12.load.v1,1,CWRU,test,n12L:CWRU:cwru_n12_FE_273:FE:test:12000-24000,cwrun12_FE_IR021,FE_IR021,cwru_n12_FE_273,data/raw_cwru_12k_fe/IR021_3_FE12k.mat,X273_FE_time,990bd16b90bf70650f102962331b066242792f285612d5081c2ba80053b2e637,273,IR021,inner_race,21 mil,FE,FE,FE,CWRU_FE_6203,FE,12000,1.0,1.0,12000,24000,1737.0,3hp,
cwru_native12.load.v1,1,CWRU,test,n12L:CWRU:cwru_n12_FE_273:FE:test:24000-36000,cwrun12_FE_IR021,FE_IR021,cwru_n12_FE_273,data/raw_cwru_12k_fe/IR021_3_FE12k.mat,X273_FE_time,990bd16b90bf70650f102962331b066242792f285612d5081c2ba80053b2e637,273,IR021,inner_race,21 mil,FE,FE,FE,CWRU_FE_6203,FE,12000,1.0,1.0,24000,36000,1737.0,3hp,
cwru_native12.load.v1,1,CWRU,test,n12L:CWRU:cwru_n12_FE_273:FE:test:36000-48000,cwrun12_FE_IR021,FE_IR021,cwru_n12_FE_273,data/raw_cwru_12k_fe/IR021_3_FE12k.mat,X273_FE_time,990bd16b90bf70650f102962331b066242792f285612d5081c2ba80053b2e637,273,IR021,inner_race,21 mil,FE,FE,FE,CWRU_FE_6203,FE,12000,1.0,1.0,36000,48000,1737.0,3hp,
cwru_native12.load.v1,1,CWRU,test,n12L:CWRU:cwru_n12_FE_273:FE:test:48000-60000,cwrun12_FE_IR021,FE_IR021,cwru_n12_FE_273,data/raw_cwru_12k_fe/IR021_3_FE12k.mat,X273_FE_time,990bd16b90bf70650f102962331b066242792f285612d5081c2ba80053b2e637,273,IR021,inner_race,21 mil,FE,FE,FE,CWRU_FE_6203,FE,12000,1.0,1.0,48000,60000,1737.0,3hp,
cwru_native12.load.v1,1,CWRU,test,n12L:CWRU:cwru_n12_FE_273:FE:test:60000-72000,cwrun12_FE_IR021,FE_IR021,cwru_n12_FE_273,data/raw_cwru_12k_fe/IR021_3_FE12k.mat,X273_FE_time,990bd16b90bf70650f102962331b066242792f285612d5081c2ba80053b2e637,273,IR021,inner_race,21 mil,FE,FE,FE,CWRU_FE_6203,FE,12000,1.0,1.0,60000,72000,1737.0,3hp,
cwru_native12.load.v1,1,CWRU,test,n12L:CWRU:cwru_n12_FE_273:FE:test:72000-84000,cwrun12_FE_IR021,FE_IR021,cwru_n12_FE_273,data/raw_cwru_12k_fe/IR021_3_FE12k.mat,X273_FE_time,990bd16b90bf70650f102962331b066242792f285612d5081c2ba80053b2e637,273,IR021,inner_race,21 mil,FE,FE,FE,CWRU_FE_6203,FE,12000,1.0,1.0,72000,84000,1737.0,3hp,
cwru_native12.load.v1,1,CWRU,test,n12L:CWRU:cwru_n12_FE_273:FE:test:84000-96000,cwrun12_FE_IR021,FE_IR021,cwru_n12_FE_273,data/raw_cwru_12k_fe/IR021_3_FE12k.mat,X273_FE_time,990bd16b90bf70650f102962331b066242792f285612d5081c2ba80053b2e637,273,IR021,inner_race,21 mil,FE,FE,FE,CWRU_FE_6203,FE,12000,1.0,1.0,84000,96000,1737.0,3hp,
cwru_native12.load.v1,1,CWRU,test,n12L:CWRU:cwru_n12_FE_273:FE:test:96000-108000,cwrun12_FE_IR021,FE_IR021,cwru_n12_FE_273,data/raw_cwru_12k_fe/IR021_3_FE12k.mat,X273_FE_time,990bd16b90bf70650f102962331b066242792f285612d5081c2ba80053b2e637,273,IR021,inner_race,21 mil,FE,FE,FE,CWRU_FE_6203,FE,12000,1.0,1.0,96000,108000,1737.0,3hp,
cwru_native12.load.v1,1,CWRU,test,n12L:CWRU:cwru_n12_FE_273:FE:test:108000-120000,cwrun12_FE_IR021,FE_IR021,cwru_n12_FE_273,data/raw_cwru_12k_fe/IR021_3_FE12k.mat,X273_FE_time,990bd16b90bf70650f102962331b066242792f285612d5081c2ba80053b2e637,273,IR021,inner_race,21 mil,FE,FE,FE,CWRU_FE_6203,FE,12000,1.0,1.0,108000,120000,1737.0,3hp,
cwru_native12.load.v1,1,CWRU,train,n12L:CWRU:cwru_n12_FE_302:FE:train:0-12000,cwrun12_FE_OR007,FE_OR007,cwru_n12_FE_302,data/raw_cwru_12k_fe/OR007@12_0_FE12k.mat,X302_FE_time,c82d3ac43ed7d4e5dc41d6e0498e43754f7326f1c80d983afbfec2a8dfc3299e,302,OR007@12,outer_race,7 mil,FE,FE,FE,CWRU_FE_6203,FE,12000,1.0,0.5,0,12000,1797.0,0hp,12
cwru_native12.load.v1,1,CWRU,train,n12L:CWRU:cwru_n12_FE_302:FE:train:6000-18000,cwrun12_FE_OR007,FE_OR007,cwru_n12_FE_302,data/raw_cwru_12k_fe/OR007@12_0_FE12k.mat,X302_FE_time,c82d3ac43ed7d4e5dc41d6e0498e43754f7326f1c80d983afbfec2a8dfc3299e,302,OR007@12,outer_race,7 mil,FE,FE,FE,CWRU_FE_6203,FE,12000,1.0,0.5,6000,18000,1797.0,0hp,12
cwru_native12.load.v1,1,CWRU,train,n12L:CWRU:cwru_n12_FE_302:FE:train:12000-24000,cwrun12_FE_OR007,FE_OR007,cwru_n12_FE_302,data/raw_cwru_12k_fe/OR007@12_0_FE12k.mat,X302_FE_time,c82d3ac43ed7d4e5dc41d6e0498e43754f7326f1c80d983afbfec2a8dfc3299e,302,OR007@12,outer_race,7 mil,FE,FE,FE,CWRU_FE_6203,FE,12000,1.0,0.5,12000,24000,1797.0,0hp,12
cwru_native12.load.v1,1,CWRU,train,n12L:CWRU:cwru_n12_FE_302:FE:train:18000-30000,cwrun12_FE_OR007,FE_OR007,cwru_n12_FE_302,data/raw_cwru_12k_fe/OR007@12_0_FE12k.mat,X302_FE_time,c82d3ac43ed7d4e5dc41d6e0498e43754f7326f1c80d983afbfec2a8dfc3299e,302,OR007@12,outer_race,7 mil,FE,FE,FE,CWRU_FE_6203,FE,12000,1.0,0.5,18000,30000,1797.0,0hp,12
cwru_native12.load.v1,1,CWRU,train,n12L:CWRU:cwru_n12_FE_302:FE:train:24000-36000,cwrun12_FE_OR007,FE_OR007,cwru_n12_FE_302,data/raw_cwru_12k_fe/OR007@12_0_FE12k.mat,X302_FE_time,c82d3ac43ed7d4e5dc41d6e0498e43754f7326f1c80d983afbfec2a8dfc3299e,302,OR007@12,outer_race,7 mil,FE,FE,FE,CWRU_FE_6203,FE,12000,1.0,0.5,24000,36000,1797.0,0hp,12
cwru_native12.load.v1,1,CWRU,train,n12L:CWRU:cwru_n12_FE_302:FE:train:30000-42000,cwrun12_FE_OR007,FE_OR007,cwru_n12_FE_302,data/raw_cwru_12k_fe/OR007@12_0_FE12k.mat,X302_FE_time,c82d3ac43ed7d4e5dc41d6e0498e43754f7326f1c80d983afbfec2a8dfc3299e,302,OR007@12,outer_race,7 mil,FE,FE,FE,CWRU_FE_6203,FE,12000,1.0,0.5,30000,42000,1797.0,0hp,12
cwru_native12.load.v1,1,CWRU,train,n12L:CWRU:cwru_n12_FE_302:FE:train:36000-48000,cwrun12_FE_OR007,FE_OR007,cwru_n12_FE_302,data/raw_cwru_12k_fe/OR007@12_0_FE12k.mat,X302_FE_time,c82d3ac43ed7d4e5dc41d6e0498e43754f7326f1c80d983afbfec2a8dfc3299e,302,OR007@12,outer_race,7 mil,FE,FE,FE,CWRU_FE_6203,FE,12000,1.0,0.5,36000,48000,1797.0,0hp,12
cwru_native12.load.v1,1,CWRU,train,n12L:CWRU:cwru_n12_FE_302:FE:train:42000-54000,cwrun12_FE_OR007,FE_OR007,cwru_n12_FE_302,data/raw_cwru_12k_fe/OR007@12_0_FE12k.mat,X302_FE_time,c82d3ac43ed7d4e5dc41d6e0498e43754f7326f1c80d983afbfec2a8dfc3299e,302,OR007@12,outer_race,7 mil,FE,FE,FE,CWRU_FE_6203,FE,12000,1.0,0.5,42000,54000,1797.0,0hp,12
cwru_native12.load.v1,1,CWRU,train,n12L:CWRU:cwru_n12_FE_302:FE:train:48000-60000,cwrun12_FE_OR007,FE_OR007,cwru_n12_FE_302,data/raw_cwru_12k_fe/OR007@12_0_FE12k.mat,X302_FE_time,c82d3ac43ed7d4e5dc41d6e0498e43754f7326f1c80d983afbfec2a8dfc3299e,302,OR007@12,outer_race,7 mil,FE,FE,FE,CWRU_FE_6203,FE,12000,1.0,0.5,48000,60000,1797.0,0hp,12
cwru_native12.load.v1,1,CWRU,train,n12L:CWRU:cwru_n12_FE_302:FE:train:54000-66000,cwrun12_FE_OR007,FE_OR007,cwru_n12_FE_302,data/raw_cwru_12k_fe/OR007@12_0_FE12k.mat,X302_FE_time,c82d3ac43ed7d4e5dc41d6e0498e43754f7326f1c80d983afbfec2a8dfc3299e,302,OR007@12,outer_race,7 mil,FE,FE,FE,CWRU_FE_6203,FE,12000,1.0,0.5,54000,66000,1797.0,0hp,12
cwru_native12.load.v1,1,CWRU,train,n12L:CWRU:cwru_n12_FE_302:FE:train:60000-72000,cwrun12_FE_OR007,FE_OR007,cwru_n12_FE_302,data/raw_cwru_12k_fe/OR007@12_0_FE12k.mat,X302_FE_time,c82d3ac43ed7d4e5dc41d6e0498e43754f7326f1c80d983afbfec2a8dfc3299e,302,OR007@12,outer_race,7 mil,FE,FE,FE,CWRU_FE_6203,FE,12000,1.0,0.5,60000,72000,1797.0,0hp,12
cwru_native12.load.v1,1,CWRU,train,n12L:CWRU:cwru_n12_FE_302:FE:train:66000-78000,cwrun12_FE_OR007,FE_OR007,cwru_n12_FE_302,data/raw_cwru_12k_fe/OR007@12_0_FE12k.mat,X302_FE_time,c82d3ac43ed7d4e5dc41d6e0498e43754f7326f1c80d983afbfec2a8dfc3299e,302,OR007@12,outer_race,7 mil,FE,FE,FE,CWRU_FE_6203,FE,12000,1.0,0.5,66000,78000,1797.0,0hp,12
cwru_native12.load.v1,1,CWRU,train,n12L:CWRU:cwru_n12_FE_302:FE:train:72000-84000,cwrun12_FE_OR007,FE_OR007,cwru_n12_FE_302,data/raw_cwru_12k_fe/OR007@12_0_FE12k.mat,X302_FE_time,c82d3ac43ed7d4e5dc41d6e0498e43754f7326f1c80d983afbfec2a8dfc3299e,302,OR007@12,outer_race,7 mil,FE,FE,FE,CWRU_FE_6203,FE,12000,1.0,0.5,72000,84000,1797.0,0hp,12
cwru_native12.load.v1,1,CWRU,train,n12L:CWRU:cwru_n12_FE_302:FE:train:78000-90000,cwrun12_FE_OR007,FE_OR007,cwru_n12_FE_302,data/raw_cwru_12k_fe/OR007@12_0_FE12k.mat,X302_FE_time,c82d3ac43ed7d4e5dc41d6e0498e43754f7326f1c80d983afbfec2a8dfc3299e,302,OR007@12,outer_race,7 mil,FE,FE,FE,CWRU_FE_6203,FE,12000,1.0,0.5,78000,90000,1797.0,0hp,12
cwru_native12.load.v1,1,CWRU,train,n12L:CWRU:cwru_n12_FE_302:FE:train:84000-96000,cwrun12_FE_OR007,FE_OR007,cwru_n12_FE_302,data/raw_cwru_12k_fe/OR007@12_0_FE12k.mat,X302_FE_time,c82d3ac43ed7d4e5dc41d6e0498e43754f7326f1c80d983afbfec2a8dfc3299e,302,OR007@12,outer_race,7 mil,FE,FE,FE,CWRU_FE_6203,FE,12000,1.0,0.5,84000,96000,1797.0,0hp,12
cwru_native12.load.v1,1,CWRU,train,n12L:CWRU:cwru_n12_FE_302:FE:train:90000-102000,cwrun12_FE_OR007,FE_OR007,cwru_n12_FE_302,data/raw_cwru_12k_fe/OR007@12_0_FE12k.mat,X302_FE_time,c82d3ac43ed7d4e5dc41d6e0498e43754f7326f1c80d983afbfec2a8dfc3299e,302,OR007@12,outer_race,7 mil,FE,FE,FE,CWRU_FE_6203,FE,12000,1.0,0.5,90000,102000,1797.0,0hp,12
cwru_native12.load.v1,1,CWRU,train,n12L:CWRU:cwru_n12_FE_302:FE:train:96000-108000,cwrun12_FE_OR007,FE_OR007,cwru_n12_FE_302,data/raw_cwru_12k_fe/OR007@12_0_FE12k.mat,X302_FE_time,c82d3ac43ed7d4e5dc41d6e0498e43754f7326f1c80d983afbfec2a8dfc3299e,302,OR007@12,outer_race,7 mil,FE,FE,FE,CWRU_FE_6203,FE,12000,1.0,0.5,96000,108000,1797.0,0hp,12
cwru_native12.load.v1,1,CWRU,train,n12L:CWRU:cwru_n12_FE_302:FE:train:102000-114000,cwrun12_FE_OR007,FE_OR007,cwru_n12_FE_302,data/raw_cwru_12k_fe/OR007@12_0_FE12k.mat,X302_FE_time,c82d3ac43ed7d4e5dc41d6e0498e43754f7326f1c80d983afbfec2a8dfc3299e,302,OR007@12,outer_race,7 mil,FE,FE,FE,CWRU_FE_6203,FE,12000,1.0,0.5,102000,114000,1797.0,0hp,12
cwru_native12.load.v1,1,CWRU,train,n12L:CWRU:cwru_n12_FE_302:FE:train:108000-120000,cwrun12_FE_OR007,FE_OR007,cwru_n12_FE_302,data/raw_cwru_12k_fe/OR007@12_0_FE12k.mat,X302_FE_time,c82d3ac43ed7d4e5dc41d6e0498e43754f7326f1c80d983afbfec2a8dfc3299e,302,OR007@12,outer_race,7 mil,FE,FE,FE,CWRU_FE_6203,FE,12000,1.0,0.5,108000,120000,1797.0,0hp,12
cwru_native12.load.v1,1,CWRU,train,n12L:CWRU:cwru_n12_FE_305:FE:train:0-12000,cwrun12_FE_OR007,FE_OR007,cwru_n12_FE_305,data/raw_cwru_12k_fe/OR007@12_1_FE12k.mat,X305_FE_time,1e31694e7b03e57f45bcd49dddbfb1a36b6e7237c32505c9333a3f2bb3ef10ed,305,OR007@12,outer_race,7 mil,FE,FE,FE,CWRU_FE_6203,FE,12000,1.0,0.5,0,12000,1775.0,1hp,12
cwru_native12.load.v1,1,CWRU,train,n12L:CWRU:cwru_n12_FE_305:FE:train:6000-18000,cwrun12_FE_OR007,FE_OR007,cwru_n12_FE_305,data/raw_cwru_12k_fe/OR007@12_1_FE12k.mat,X305_FE_time,1e31694e7b03e57f45bcd49dddbfb1a36b6e7237c32505c9333a3f2bb3ef10ed,305,OR007@12,outer_race,7 mil,FE,FE,FE,CWRU_FE_6203,FE,12000,1.0,0.5,6000,18000,1775.0,1hp,12
cwru_native12.load.v1,1,CWRU,train,n12L:CWRU:cwru_n12_FE_305:FE:train:12000-24000,cwrun12_FE_OR007,FE_OR007,cwru_n12_FE_305,data/raw_cwru_12k_fe/OR007@12_1_FE12k.mat,X305_FE_time,1e31694e7b03e57f45bcd49dddbfb1a36b6e7237c32505c9333a3f2bb3ef10ed,305,OR007@12,outer_race,7 mil,FE,FE,FE,CWRU_FE_6203,FE,12000,1.0,0.5,12000,24000,1775.0,1hp,12
cwru_native12.load.v1,1,CWRU,train,n12L:CWRU:cwru_n12_FE_305:FE:train:18000-30000,cwrun12_FE_OR007,FE_OR007,cwru_n12_FE_305,data/raw_cwru_12k_fe/OR007@12_1_FE12k.mat,X305_FE_time,1e31694e7b03e57f45bcd49dddbfb1a36b6e7237c32505c9333a3f2bb3ef10ed,305,OR007@12,outer_race,7 mil,FE,FE,FE,CWRU_FE_6203,FE,12000,1.0,0.5,18000,30000,1775.0,1hp,12
cwru_native12.load.v1,1,CWRU,train,n12L:CWRU:cwru_n12_FE_305:FE:train:24000-36000,cwrun12_FE_OR007,FE_OR007,cwru_n12_FE_305,data/raw_cwru_12k_fe/OR007@12_1_FE12k.mat,X305_FE_time,1e31694e7b03e57f45bcd49dddbfb1a36b6e7237c32505c9333a3f2bb3ef10ed,305,OR007@12,outer_race,7 mil,FE,FE,FE,CWRU_FE_6203,FE,12000,1.0,0.5,24000,36000,1775.0,1hp,12
cwru_native12.load.v1,1,CWRU,train,n12L:CWRU:cwru_n12_FE_305:FE:train:30000-42000,cwrun12_FE_OR007,FE_OR007,cwru_n12_FE_305,data/raw_cwru_12k_fe/OR007@12_1_FE12k.mat,X305_FE_time,1e31694e7b03e57f45bcd49dddbfb1a36b6e7237c32505c9333a3f2bb3ef10ed,305,OR007@12,outer_race,7 mil,FE,FE,FE,CWRU_FE_6203,FE,12000,1.0,0.5,30000,42000,1775.0,1hp,12
cwru_native12.load.v1,1,CWRU,train,n12L:CWRU:cwru_n12_FE_305:FE:train:36000-48000,cwrun12_FE_OR007,FE_OR007,cwru_n12_FE_305,data/raw_cwru_12k_fe/OR007@12_1_FE12k.mat,X305_FE_time,1e31694e7b03e57f45bcd49dddbfb1a36b6e7237c32505c9333a3f2bb3ef10ed,305,OR007@12,outer_race,7 mil,FE,FE,FE,CWRU_FE_6203,FE,12000,1.0,0.5,36000,48000,1775.0,1hp,12
cwru_native12.load.v1,1,CWRU,train,n12L:CWRU:cwru_n12_FE_305:FE:train:42000-54000,cwrun12_FE_OR007,FE_OR007,cwru_n12_FE_305,data/raw_cwru_12k_fe/OR007@12_1_FE12k.mat,X305_FE_time,1e31694e7b03e57f45bcd49dddbfb1a36b6e7237c32505c9333a3f2bb3ef10ed,305,OR007@12,outer_race,7 mil,FE,FE,FE,CWRU_FE_6203,FE,12000,1.0,0.5,42000,54000,1775.0,1hp,12
cwru_native12.load.v1,1,CWRU,train,n12L:CWRU:cwru_n12_FE_305:FE:train:48000-60000,cwrun12_FE_OR007,FE_OR007,cwru_n12_FE_305,data/raw_cwru_12k_fe/OR007@12_1_FE12k.mat,X305_FE_time,1e31694e7b03e57f45bcd49dddbfb1a36b6e7237c32505c9333a3f2bb3ef10ed,305,OR007@12,outer_race,7 mil,FE,FE,FE,CWRU_FE_6203,FE,12000,1.0,0.5,48000,60000,1775.0,1hp,12
cwru_native12.load.v1,1,CWRU,train,n12L:CWRU:cwru_n12_FE_305:FE:train:54000-66000,cwrun12_FE_OR007,FE_OR007,cwru_n12_FE_305,data/raw_cwru_12k_fe/OR007@12_1_FE12k.mat,X305_FE_time,1e31694e7b03e57f45bcd49dddbfb1a36b6e7237c32505c9333a3f2bb3ef10ed,305,OR007@12,outer_race,7 mil,FE,FE,FE,CWRU_FE_6203,FE,12000,1.0,0.5,54000,66000,1775.0,1hp,12
cwru_native12.load.v1,1,CWRU,train,n12L:CWRU:cwru_n12_FE_305:FE:train:60000-72000,cwrun12_FE_OR007,FE_OR007,cwru_n12_FE_305,data/raw_cwru_12k_fe/OR007@12_1_FE12k.mat,X305_FE_time,1e31694e7b03e57f45bcd49dddbfb1a36b6e7237c32505c9333a3f2bb3ef10ed,305,OR007@12,outer_race,7 mil,FE,FE,FE,CWRU_FE_6203,FE,12000,1.0,0.5,60000,72000,1775.0,1hp,12
cwru_native12.load.v1,1,CWRU,train,n12L:CWRU:cwru_n12_FE_305:FE:train:66000-78000,cwrun12_FE_OR007,FE_OR007,cwru_n12_FE_305,data/raw_cwru_12k_fe/OR007@12_1_FE12k.mat,X305_FE_time,1e31694e7b03e57f45bcd49dddbfb1a36b6e7237c32505c9333a3f2bb3ef10ed,305,OR007@12,outer_race,7 mil,FE,FE,FE,CWRU_FE_6203,FE,12000,1.0,0.5,66000,78000,1775.0,1hp,12
cwru_native12.load.v1,1,CWRU,train,n12L:CWRU:cwru_n12_FE_305:FE:train:72000-84000,cwrun12_FE_OR007,FE_OR007,cwru_n12_FE_305,data/raw_cwru_12k_fe/OR007@12_1_FE12k.mat,X305_FE_time,1e31694e7b03e57f45bcd49dddbfb1a36b6e7237c32505c9333a3f2bb3ef10ed,305,OR007@12,outer_race,7 mil,FE,FE,FE,CWRU_FE_6203,FE,12000,1.0,0.5,72000,84000,1775.0,1hp,12
cwru_native12.load.v1,1,CWRU,train,n12L:CWRU:cwru_n12_FE_305:FE:train:78000-90000,cwrun12_FE_OR007,FE_OR007,cwru_n12_FE_305,data/raw_cwru_12k_fe/OR007@12_1_FE12k.mat,X305_FE_time,1e31694e7b03e57f45bcd49dddbfb1a36b6e7237c32505c9333a3f2bb3ef10ed,305,OR007@12,outer_race,7 mil,FE,FE,FE,CWRU_FE_6203,FE,12000,1.0,0.5,78000,90000,1775.0,1hp,12
cwru_native12.load.v1,1,CWRU,train,n12L:CWRU:cwru_n12_FE_305:FE:train:84000-96000,cwrun12_FE_OR007,FE_OR007,cwru_n12_FE_305,data/raw_cwru_12k_fe/OR007@12_1_FE12k.mat,X305_FE_time,1e31694e7b03e57f45bcd49dddbfb1a36b6e7237c32505c9333a3f2bb3ef10ed,305,OR007@12,outer_race,7 mil,FE,FE,FE,CWRU_FE_6203,FE,12000,1.0,0.5,84000,96000,1775.0,1hp,12
cwru_native12.load.v1,1,CWRU,train,n12L:CWRU:cwru_n12_FE_305:FE:train:90000-102000,cwrun12_FE_OR007,FE_OR007,cwru_n12_FE_305,data/raw_cwru_12k_fe/OR007@12_1_FE12k.mat,X305_FE_time,1e31694e7b03e57f45bcd49dddbfb1a36b6e7237c32505c9333a3f2bb3ef10ed,305,OR007@12,outer_race,7 mil,FE,FE,FE,CWRU_FE_6203,FE,12000,1.0,0.5,90000,102000,1775.0,1hp,12
cwru_native12.load.v1,1,CWRU,train,n12L:CWRU:cwru_n12_FE_305:FE:train:96000-108000,cwrun12_FE_OR007,FE_OR007,cwru_n12_FE_305,data/raw_cwru_12k_fe/OR007@12_1_FE12k.mat,X305_FE_time,1e31694e7b03e57f45bcd49dddbfb1a36b6e7237c32505c9333a3f2bb3ef10ed,305,OR007@12,outer_race,7 mil,FE,FE,FE,CWRU_FE_6203,FE,12000,1.0,0.5,96000,108000,1775.0,1hp,12
cwru_native12.load.v1,1,CWRU,train,n12L:CWRU:cwru_n12_FE_305:FE:train:102000-114000,cwrun12_FE_OR007,FE_OR007,cwru_n12_FE_305,data/raw_cwru_12k_fe/OR007@12_1_FE12k.mat,X305_FE_time,1e31694e7b03e57f45bcd49dddbfb1a36b6e7237c32505c9333a3f2bb3ef10ed,305,OR007@12,outer_race,7 mil,FE,FE,FE,CWRU_FE_6203,FE,12000,1.0,0.5,102000,114000,1775.0,1hp,12
cwru_native12.load.v1,1,CWRU,train,n12L:CWRU:cwru_n12_FE_305:FE:train:108000-120000,cwrun12_FE_OR007,FE_OR007,cwru_n12_FE_305,data/raw_cwru_12k_fe/OR007@12_1_FE12k.mat,X305_FE_time,1e31694e7b03e57f45bcd49dddbfb1a36b6e7237c32505c9333a3f2bb3ef10ed,305,OR007@12,outer_race,7 mil,FE,FE,FE,CWRU_FE_6203,FE,12000,1.0,0.5,108000,120000,1775.0,1hp,12
cwru_native12.load.v1,1,CWRU,validation,n12L:CWRU:cwru_n12_FE_306:FE:validation:0-12000,cwrun12_FE_OR007,FE_OR007,cwru_n12_FE_306,data/raw_cwru_12k_fe/OR007@12_2_FE12k.mat,X306_FE_time,66ff410ca987b3561a121cb67d154a85057760bc6a72f30bafda8ee163712fd4,306,OR007@12,outer_race,7 mil,FE,FE,FE,CWRU_FE_6203,FE,12000,1.0,1.0,0,12000,1755.0,2hp,12
cwru_native12.load.v1,1,CWRU,validation,n12L:CWRU:cwru_n12_FE_306:FE:validation:12000-24000,cwrun12_FE_OR007,FE_OR007,cwru_n12_FE_306,data/raw_cwru_12k_fe/OR007@12_2_FE12k.mat,X306_FE_time,66ff410ca987b3561a121cb67d154a85057760bc6a72f30bafda8ee163712fd4,306,OR007@12,outer_race,7 mil,FE,FE,FE,CWRU_FE_6203,FE,12000,1.0,1.0,12000,24000,1755.0,2hp,12
cwru_native12.load.v1,1,CWRU,validation,n12L:CWRU:cwru_n12_FE_306:FE:validation:24000-36000,cwrun12_FE_OR007,FE_OR007,cwru_n12_FE_306,data/raw_cwru_12k_fe/OR007@12_2_FE12k.mat,X306_FE_time,66ff410ca987b3561a121cb67d154a85057760bc6a72f30bafda8ee163712fd4,306,OR007@12,outer_race,7 mil,FE,FE,FE,CWRU_FE_6203,FE,12000,1.0,1.0,24000,36000,1755.0,2hp,12
cwru_native12.load.v1,1,CWRU,validation,n12L:CWRU:cwru_n12_FE_306:FE:validation:36000-48000,cwrun12_FE_OR007,FE_OR007,cwru_n12_FE_306,data/raw_cwru_12k_fe/OR007@12_2_FE12k.mat,X306_FE_time,66ff410ca987b3561a121cb67d154a85057760bc6a72f30bafda8ee163712fd4,306,OR007@12,outer_race,7 mil,FE,FE,FE,CWRU_FE_6203,FE,12000,1.0,1.0,36000,48000,1755.0,2hp,12
cwru_native12.load.v1,1,CWRU,validation,n12L:CWRU:cwru_n12_FE_306:FE:validation:48000-60000,cwrun12_FE_OR007,FE_OR007,cwru_n12_FE_306,data/raw_cwru_12k_fe/OR007@12_2_FE12k.mat,X306_FE_time,66ff410ca987b3561a121cb67d154a85057760bc6a72f30bafda8ee163712fd4,306,OR007@12,outer_race,7 mil,FE,FE,FE,CWRU_FE_6203,FE,12000,1.0,1.0,48000,60000,1755.0,2hp,12
cwru_native12.load.v1,1,CWRU,validation,n12L:CWRU:cwru_n12_FE_306:FE:validation:60000-72000,cwrun12_FE_OR007,FE_OR007,cwru_n12_FE_306,data/raw_cwru_12k_fe/OR007@12_2_FE12k.mat,X306_FE_time,66ff410ca987b3561a121cb67d154a85057760bc6a72f30bafda8ee163712fd4,306,OR007@12,outer_race,7 mil,FE,FE,FE,CWRU_FE_6203,FE,12000,1.0,1.0,60000,72000,1755.0,2hp,12
cwru_native12.load.v1,1,CWRU,validation,n12L:CWRU:cwru_n12_FE_306:FE:validation:72000-84000,cwrun12_FE_OR007,FE_OR007,cwru_n12_FE_306,data/raw_cwru_12k_fe/OR007@12_2_FE12k.mat,X306_FE_time,66ff410ca987b3561a121cb67d154a85057760bc6a72f30bafda8ee163712fd4,306,OR007@12,outer_race,7 mil,FE,FE,FE,CWRU_FE_6203,FE,12000,1.0,1.0,72000,84000,1755.0,2hp,12
cwru_native12.load.v1,1,CWRU,validation,n12L:CWRU:cwru_n12_FE_306:FE:validation:84000-96000,cwrun12_FE_OR007,FE_OR007,cwru_n12_FE_306,data/raw_cwru_12k_fe/OR007@12_2_FE12k.mat,X306_FE_time,66ff410ca987b3561a121cb67d154a85057760bc6a72f30bafda8ee163712fd4,306,OR007@12,outer_race,7 mil,FE,FE,FE,CWRU_FE_6203,FE,12000,1.0,1.0,84000,96000,1755.0,2hp,12
cwru_native12.load.v1,1,CWRU,validation,n12L:CWRU:cwru_n12_FE_306:FE:validation:96000-108000,cwrun12_FE_OR007,FE_OR007,cwru_n12_FE_306,data/raw_cwru_12k_fe/OR007@12_2_FE12k.mat,X306_FE_time,66ff410ca987b3561a121cb67d154a85057760bc6a72f30bafda8ee163712fd4,306,OR007@12,outer_race,7 mil,FE,FE,FE,CWRU_FE_6203,FE,12000,1.0,1.0,96000,108000,1755.0,2hp,12
cwru_native12.load.v1,1,CWRU,validation,n12L:CWRU:cwru_n12_FE_306:FE:validation:108000-120000,cwrun12_FE_OR007,FE_OR007,cwru_n12_FE_306,data/raw_cwru_12k_fe/OR007@12_2_FE12k.mat,X306_FE_time,66ff410ca987b3561a121cb67d154a85057760bc6a72f30bafda8ee163712fd4,306,OR007@12,outer_race,7 mil,FE,FE,FE,CWRU_FE_6203,FE,12000,1.0,1.0,108000,120000,1755.0,2hp,12
cwru_native12.load.v1,1,CWRU,test,n12L:CWRU:cwru_n12_FE_307:FE:test:0-12000,cwrun12_FE_OR007,FE_OR007,cwru_n12_FE_307,data/raw_cwru_12k_fe/OR007@12_3_FE12k.mat,X307_FE_time,8e5a47da86128668332fa6d17736515fcb1101c4e5a1e890cdb11e662a0573ca,307,OR007@12,outer_race,7 mil,FE,FE,FE,CWRU_FE_6203,FE,12000,1.0,1.0,0,12000,1733.0,3hp,12
cwru_native12.load.v1,1,CWRU,test,n12L:CWRU:cwru_n12_FE_307:FE:test:12000-24000,cwrun12_FE_OR007,FE_OR007,cwru_n12_FE_307,data/raw_cwru_12k_fe/OR007@12_3_FE12k.mat,X307_FE_time,8e5a47da86128668332fa6d17736515fcb1101c4e5a1e890cdb11e662a0573ca,307,OR007@12,outer_race,7 mil,FE,FE,FE,CWRU_FE_6203,FE,12000,1.0,1.0,12000,24000,1733.0,3hp,12
cwru_native12.load.v1,1,CWRU,test,n12L:CWRU:cwru_n12_FE_307:FE:test:24000-36000,cwrun12_FE_OR007,FE_OR007,cwru_n12_FE_307,data/raw_cwru_12k_fe/OR007@12_3_FE12k.mat,X307_FE_time,8e5a47da86128668332fa6d17736515fcb1101c4e5a1e890cdb11e662a0573ca,307,OR007@12,outer_race,7 mil,FE,FE,FE,CWRU_FE_6203,FE,12000,1.0,1.0,24000,36000,1733.0,3hp,12
cwru_native12.load.v1,1,CWRU,test,n12L:CWRU:cwru_n12_FE_307:FE:test:36000-48000,cwrun12_FE_OR007,FE_OR007,cwru_n12_FE_307,data/raw_cwru_12k_fe/OR007@12_3_FE12k.mat,X307_FE_time,8e5a47da86128668332fa6d17736515fcb1101c4e5a1e890cdb11e662a0573ca,307,OR007@12,outer_race,7 mil,FE,FE,FE,CWRU_FE_6203,FE,12000,1.0,1.0,36000,48000,1733.0,3hp,12
cwru_native12.load.v1,1,CWRU,test,n12L:CWRU:cwru_n12_FE_307:FE:test:48000-60000,cwrun12_FE_OR007,FE_OR007,cwru_n12_FE_307,data/raw_cwru_12k_fe/OR007@12_3_FE12k.mat,X307_FE_time,8e5a47da86128668332fa6d17736515fcb1101c4e5a1e890cdb11e662a0573ca,307,OR007@12,outer_race,7 mil,FE,FE,FE,CWRU_FE_6203,FE,12000,1.0,1.0,48000,60000,1733.0,3hp,12
cwru_native12.load.v1,1,CWRU,test,n12L:CWRU:cwru_n12_FE_307:FE:test:60000-72000,cwrun12_FE_OR007,FE_OR007,cwru_n12_FE_307,data/raw_cwru_12k_fe/OR007@12_3_FE12k.mat,X307_FE_time,8e5a47da86128668332fa6d17736515fcb1101c4e5a1e890cdb11e662a0573ca,307,OR007@12,outer_race,7 mil,FE,FE,FE,CWRU_FE_6203,FE,12000,1.0,1.0,60000,72000,1733.0,3hp,12
cwru_native12.load.v1,1,CWRU,test,n12L:CWRU:cwru_n12_FE_307:FE:test:72000-84000,cwrun12_FE_OR007,FE_OR007,cwru_n12_FE_307,data/raw_cwru_12k_fe/OR007@12_3_FE12k.mat,X307_FE_time,8e5a47da86128668332fa6d17736515fcb1101c4e5a1e890cdb11e662a0573ca,307,OR007@12,outer_race,7 mil,FE,FE,FE,CWRU_FE_6203,FE,12000,1.0,1.0,72000,84000,1733.0,3hp,12
cwru_native12.load.v1,1,CWRU,test,n12L:CWRU:cwru_n12_FE_307:FE:test:84000-96000,cwrun12_FE_OR007,FE_OR007,cwru_n12_FE_307,data/raw_cwru_12k_fe/OR007@12_3_FE12k.mat,X307_FE_time,8e5a47da86128668332fa6d17736515fcb1101c4e5a1e890cdb11e662a0573ca,307,OR007@12,outer_race,7 mil,FE,FE,FE,CWRU_FE_6203,FE,12000,1.0,1.0,84000,96000,1733.0,3hp,12
cwru_native12.load.v1,1,CWRU,test,n12L:CWRU:cwru_n12_FE_307:FE:test:96000-108000,cwrun12_FE_OR007,FE_OR007,cwru_n12_FE_307,data/raw_cwru_12k_fe/OR007@12_3_FE12k.mat,X307_FE_time,8e5a47da86128668332fa6d17736515fcb1101c4e5a1e890cdb11e662a0573ca,307,OR007@12,outer_race,7 mil,FE,FE,FE,CWRU_FE_6203,FE,12000,1.0,1.0,96000,108000,1733.0,3hp,12
cwru_native12.load.v1,1,CWRU,test,n12L:CWRU:cwru_n12_FE_307:FE:test:108000-120000,cwrun12_FE_OR007,FE_OR007,cwru_n12_FE_307,data/raw_cwru_12k_fe/OR007@12_3_FE12k.mat,X307_FE_time,8e5a47da86128668332fa6d17736515fcb1101c4e5a1e890cdb11e662a0573ca,307,OR007@12,outer_race,7 mil,FE,FE,FE,CWRU_FE_6203,FE,12000,1.0,1.0,108000,120000,1733.0,3hp,12
cwru_native12.load.v1,1,CWRU,train,n12L:CWRU:cwru_n12_FE_298:FE:train:0-12000,cwrun12_FE_OR007,FE_OR007,cwru_n12_FE_298,data/raw_cwru_12k_fe/OR007@3_0_FE12k.mat,X298_FE_time,a954b389feafb8c60e3ba1d04226d0511a340aad8fce082ab920c564b2012423,298,OR007@3,outer_race,7 mil,FE,FE,FE,CWRU_FE_6203,FE,12000,1.0,0.5,0,12000,1797.0,0hp,3
cwru_native12.load.v1,1,CWRU,train,n12L:CWRU:cwru_n12_FE_298:FE:train:6000-18000,cwrun12_FE_OR007,FE_OR007,cwru_n12_FE_298,data/raw_cwru_12k_fe/OR007@3_0_FE12k.mat,X298_FE_time,a954b389feafb8c60e3ba1d04226d0511a340aad8fce082ab920c564b2012423,298,OR007@3,outer_race,7 mil,FE,FE,FE,CWRU_FE_6203,FE,12000,1.0,0.5,6000,18000,1797.0,0hp,3
cwru_native12.load.v1,1,CWRU,train,n12L:CWRU:cwru_n12_FE_298:FE:train:12000-24000,cwrun12_FE_OR007,FE_OR007,cwru_n12_FE_298,data/raw_cwru_12k_fe/OR007@3_0_FE12k.mat,X298_FE_time,a954b389feafb8c60e3ba1d04226d0511a340aad8fce082ab920c564b2012423,298,OR007@3,outer_race,7 mil,FE,FE,FE,CWRU_FE_6203,FE,12000,1.0,0.5,12000,24000,1797.0,0hp,3
cwru_native12.load.v1,1,CWRU,train,n12L:CWRU:cwru_n12_FE_298:FE:train:18000-30000,cwrun12_FE_OR007,FE_OR007,cwru_n12_FE_298,data/raw_cwru_12k_fe/OR007@3_0_FE12k.mat,X298_FE_time,a954b389feafb8c60e3ba1d04226d0511a340aad8fce082ab920c564b2012423,298,OR007@3,outer_race,7 mil,FE,FE,FE,CWRU_FE_6203,FE,12000,1.0,0.5,18000,30000,1797.0,0hp,3
cwru_native12.load.v1,1,CWRU,train,n12L:CWRU:cwru_n12_FE_298:FE:train:24000-36000,cwrun12_FE_OR007,FE_OR007,cwru_n12_FE_298,data/raw_cwru_12k_fe/OR007@3_0_FE12k.mat,X298_FE_time,a954b389feafb8c60e3ba1d04226d0511a340aad8fce082ab920c564b2012423,298,OR007@3,outer_race,7 mil,FE,FE,FE,CWRU_FE_6203,FE,12000,1.0,0.5,24000,36000,1797.0,0hp,3
cwru_native12.load.v1,1,CWRU,train,n12L:CWRU:cwru_n12_FE_298:FE:train:30000-42000,cwrun12_FE_OR007,FE_OR007,cwru_n12_FE_298,data/raw_cwru_12k_fe/OR007@3_0_FE12k.mat,X298_FE_time,a954b389feafb8c60e3ba1d04226d0511a340aad8fce082ab920c564b2012423,298,OR007@3,outer_race,7 mil,FE,FE,FE,CWRU_FE_6203,FE,12000,1.0,0.5,30000,42000,1797.0,0hp,3
cwru_native12.load.v1,1,CWRU,train,n12L:CWRU:cwru_n12_FE_298:FE:train:36000-48000,cwrun12_FE_OR007,FE_OR007,cwru_n12_FE_298,data/raw_cwru_12k_fe/OR007@3_0_FE12k.mat,X298_FE_time,a954b389feafb8c60e3ba1d04226d0511a340aad8fce082ab920c564b2012423,298,OR007@3,outer_race,7 mil,FE,FE,FE,CWRU_FE_6203,FE,12000,1.0,0.5,36000,48000,1797.0,0hp,3
cwru_native12.load.v1,1,CWRU,train,n12L:CWRU:cwru_n12_FE_298:FE:train:42000-54000,cwrun12_FE_OR007,FE_OR007,cwru_n12_FE_298,data/raw_cwru_12k_fe/OR007@3_0_FE12k.mat,X298_FE_time,a954b389feafb8c60e3ba1d04226d0511a340aad8fce082ab920c564b2012423,298,OR007@3,outer_race,7 mil,FE,FE,FE,CWRU_FE_6203,FE,12000,1.0,0.5,42000,54000,1797.0,0hp,3
cwru_native12.load.v1,1,CWRU,train,n12L:CWRU:cwru_n12_FE_298:FE:train:48000-60000,cwrun12_FE_OR007,FE_OR007,cwru_n12_FE_298,data/raw_cwru_12k_fe/OR007@3_0_FE12k.mat,X298_FE_time,a954b389feafb8c60e3ba1d04226d0511a340aad8fce082ab920c564b2012423,298,OR007@3,outer_race,7 mil,FE,FE,FE,CWRU_FE_6203,FE,12000,1.0,0.5,48000,60000,1797.0,0hp,3
cwru_native12.load.v1,1,CWRU,train,n12L:CWRU:cwru_n12_FE_298:FE:train:54000-66000,cwrun12_FE_OR007,FE_OR007,cwru_n12_FE_298,data/raw_cwru_12k_fe/OR007@3_0_FE12k.mat,X298_FE_time,a954b389feafb8c60e3ba1d04226d0511a340aad8fce082ab920c564b2012423,298,OR007@3,outer_race,7 mil,FE,FE,FE,CWRU_FE_6203,FE,12000,1.0,0.5,54000,66000,1797.0,0hp,3
cwru_native12.load.v1,1,CWRU,train,n12L:CWRU:cwru_n12_FE_298:FE:train:60000-72000,cwrun12_FE_OR007,FE_OR007,cwru_n12_FE_298,data/raw_cwru_12k_fe/OR007@3_0_FE12k.mat,X298_FE_time,a954b389feafb8c60e3ba1d04226d0511a340aad8fce082ab920c564b2012423,298,OR007@3,outer_race,7 mil,FE,FE,FE,CWRU_FE_6203,FE,12000,1.0,0.5,60000,72000,1797.0,0hp,3
cwru_native12.load.v1,1,CWRU,train,n12L:CWRU:cwru_n12_FE_298:FE:train:66000-78000,cwrun12_FE_OR007,FE_OR007,cwru_n12_FE_298,data/raw_cwru_12k_fe/OR007@3_0_FE12k.mat,X298_FE_time,a954b389feafb8c60e3ba1d04226d0511a340aad8fce082ab920c564b2012423,298,OR007@3,outer_race,7 mil,FE,FE,FE,CWRU_FE_6203,FE,12000,1.0,0.5,66000,78000,1797.0,0hp,3
cwru_native12.load.v1,1,CWRU,train,n12L:CWRU:cwru_n12_FE_298:FE:train:72000-84000,cwrun12_FE_OR007,FE_OR007,cwru_n12_FE_298,data/raw_cwru_12k_fe/OR007@3_0_FE12k.mat,X298_FE_time,a954b389feafb8c60e3ba1d04226d0511a340aad8fce082ab920c564b2012423,298,OR007@3,outer_race,7 mil,FE,FE,FE,CWRU_FE_6203,FE,12000,1.0,0.5,72000,84000,1797.0,0hp,3
cwru_native12.load.v1,1,CWRU,train,n12L:CWRU:cwru_n12_FE_298:FE:train:78000-90000,cwrun12_FE_OR007,FE_OR007,cwru_n12_FE_298,data/raw_cwru_12k_fe/OR007@3_0_FE12k.mat,X298_FE_time,a954b389feafb8c60e3ba1d04226d0511a340aad8fce082ab920c564b2012423,298,OR007@3,outer_race,7 mil,FE,FE,FE,CWRU_FE_6203,FE,12000,1.0,0.5,78000,90000,1797.0,0hp,3
cwru_native12.load.v1,1,CWRU,train,n12L:CWRU:cwru_n12_FE_298:FE:train:84000-96000,cwrun12_FE_OR007,FE_OR007,cwru_n12_FE_298,data/raw_cwru_12k_fe/OR007@3_0_FE12k.mat,X298_FE_time,a954b389feafb8c60e3ba1d04226d0511a340aad8fce082ab920c564b2012423,298,OR007@3,outer_race,7 mil,FE,FE,FE,CWRU_FE_6203,FE,12000,1.0,0.5,84000,96000,1797.0,0hp,3
cwru_native12.load.v1,1,CWRU,train,n12L:CWRU:cwru_n12_FE_298:FE:train:90000-102000,cwrun12_FE_OR007,FE_OR007,cwru_n12_FE_298,data/raw_cwru_12k_fe/OR007@3_0_FE12k.mat,X298_FE_time,a954b389feafb8c60e3ba1d04226d0511a340aad8fce082ab920c564b2012423,298,OR007@3,outer_race,7 mil,FE,FE,FE,CWRU_FE_6203,FE,12000,1.0,0.5,90000,102000,1797.0,0hp,3
cwru_native12.load.v1,1,CWRU,train,n12L:CWRU:cwru_n12_FE_298:FE:train:96000-108000,cwrun12_FE_OR007,FE_OR007,cwru_n12_FE_298,data/raw_cwru_12k_fe/OR007@3_0_FE12k.mat,X298_FE_time,a954b389feafb8c60e3ba1d04226d0511a340aad8fce082ab920c564b2012423,298,OR007@3,outer_race,7 mil,FE,FE,FE,CWRU_FE_6203,FE,12000,1.0,0.5,96000,108000,1797.0,0hp,3
cwru_native12.load.v1,1,CWRU,train,n12L:CWRU:cwru_n12_FE_298:FE:train:102000-114000,cwrun12_FE_OR007,FE_OR007,cwru_n12_FE_298,data/raw_cwru_12k_fe/OR007@3_0_FE12k.mat,X298_FE_time,a954b389feafb8c60e3ba1d04226d0511a340aad8fce082ab920c564b2012423,298,OR007@3,outer_race,7 mil,FE,FE,FE,CWRU_FE_6203,FE,12000,1.0,0.5,102000,114000,1797.0,0hp,3
cwru_native12.load.v1,1,CWRU,train,n12L:CWRU:cwru_n12_FE_298:FE:train:108000-120000,cwrun12_FE_OR007,FE_OR007,cwru_n12_FE_298,data/raw_cwru_12k_fe/OR007@3_0_FE12k.mat,X298_FE_time,a954b389feafb8c60e3ba1d04226d0511a340aad8fce082ab920c564b2012423,298,OR007@3,outer_race,7 mil,FE,FE,FE,CWRU_FE_6203,FE,12000,1.0,0.5,108000,120000,1797.0,0hp,3
cwru_native12.load.v1,1,CWRU,train,n12L:CWRU:cwru_n12_FE_299:FE:train:0-12000,cwrun12_FE_OR007,FE_OR007,cwru_n12_FE_299,data/raw_cwru_12k_fe/OR007@3_1_FE12k.mat,X299_FE_time,503fc5bd97d151ee053eb89562a4e2f2b24095b15c798600b66e17c87a48a29e,299,OR007@3,outer_race,7 mil,FE,FE,FE,CWRU_FE_6203,FE,12000,1.0,0.5,0,12000,1776.0,1hp,3
cwru_native12.load.v1,1,CWRU,train,n12L:CWRU:cwru_n12_FE_299:FE:train:6000-18000,cwrun12_FE_OR007,FE_OR007,cwru_n12_FE_299,data/raw_cwru_12k_fe/OR007@3_1_FE12k.mat,X299_FE_time,503fc5bd97d151ee053eb89562a4e2f2b24095b15c798600b66e17c87a48a29e,299,OR007@3,outer_race,7 mil,FE,FE,FE,CWRU_FE_6203,FE,12000,1.0,0.5,6000,18000,1776.0,1hp,3
cwru_native12.load.v1,1,CWRU,train,n12L:CWRU:cwru_n12_FE_299:FE:train:12000-24000,cwrun12_FE_OR007,FE_OR007,cwru_n12_FE_299,data/raw_cwru_12k_fe/OR007@3_1_FE12k.mat,X299_FE_time,503fc5bd97d151ee053eb89562a4e2f2b24095b15c798600b66e17c87a48a29e,299,OR007@3,outer_race,7 mil,FE,FE,FE,CWRU_FE_6203,FE,12000,1.0,0.5,12000,24000,1776.0,1hp,3
cwru_native12.load.v1,1,CWRU,train,n12L:CWRU:cwru_n12_FE_299:FE:train:18000-30000,cwrun12_FE_OR007,FE_OR007,cwru_n12_FE_299,data/raw_cwru_12k_fe/OR007@3_1_FE12k.mat,X299_FE_time,503fc5bd97d151ee053eb89562a4e2f2b24095b15c798600b66e17c87a48a29e,299,OR007@3,outer_race,7 mil,FE,FE,FE,CWRU_FE_6203,FE,12000,1.0,0.5,18000,30000,1776.0,1hp,3
cwru_native12.load.v1,1,CWRU,train,n12L:CWRU:cwru_n12_FE_299:FE:train:24000-36000,cwrun12_FE_OR007,FE_OR007,cwru_n12_FE_299,data/raw_cwru_12k_fe/OR007@3_1_FE12k.mat,X299_FE_time,503fc5bd97d151ee053eb89562a4e2f2b24095b15c798600b66e17c87a48a29e,299,OR007@3,outer_race,7 mil,FE,FE,FE,CWRU_FE_6203,FE,12000,1.0,0.5,24000,36000,1776.0,1hp,3
cwru_native12.load.v1,1,CWRU,train,n12L:CWRU:cwru_n12_FE_299:FE:train:30000-42000,cwrun12_FE_OR007,FE_OR007,cwru_n12_FE_299,data/raw_cwru_12k_fe/OR007@3_1_FE12k.mat,X299_FE_time,503fc5bd97d151ee053eb89562a4e2f2b24095b15c798600b66e17c87a48a29e,299,OR007@3,outer_race,7 mil,FE,FE,FE,CWRU_FE_6203,FE,12000,1.0,0.5,30000,42000,1776.0,1hp,3
cwru_native12.load.v1,1,CWRU,train,n12L:CWRU:cwru_n12_FE_299:FE:train:36000-48000,cwrun12_FE_OR007,FE_OR007,cwru_n12_FE_299,data/raw_cwru_12k_fe/OR007@3_1_FE12k.mat,X299_FE_time,503fc5bd97d151ee053eb89562a4e2f2b24095b15c798600b66e17c87a48a29e,299,OR007@3,outer_race,7 mil,FE,FE,FE,CWRU_FE_6203,FE,12000,1.0,0.5,36000,48000,1776.0,1hp,3
cwru_native12.load.v1,1,CWRU,train,n12L:CWRU:cwru_n12_FE_299:FE:train:42000-54000,cwrun12_FE_OR007,FE_OR007,cwru_n12_FE_299,data/raw_cwru_12k_fe/OR007@3_1_FE12k.mat,X299_FE_time,503fc5bd97d151ee053eb89562a4e2f2b24095b15c798600b66e17c87a48a29e,299,OR007@3,outer_race,7 mil,FE,FE,FE,CWRU_FE_6203,FE,12000,1.0,0.5,42000,54000,1776.0,1hp,3
cwru_native12.load.v1,1,CWRU,train,n12L:CWRU:cwru_n12_FE_299:FE:train:48000-60000,cwrun12_FE_OR007,FE_OR007,cwru_n12_FE_299,data/raw_cwru_12k_fe/OR007@3_1_FE12k.mat,X299_FE_time,503fc5bd97d151ee053eb89562a4e2f2b24095b15c798600b66e17c87a48a29e,299,OR007@3,outer_race,7 mil,FE,FE,FE,CWRU_FE_6203,FE,12000,1.0,0.5,48000,60000,1776.0,1hp,3
cwru_native12.load.v1,1,CWRU,train,n12L:CWRU:cwru_n12_FE_299:FE:train:54000-66000,cwrun12_FE_OR007,FE_OR007,cwru_n12_FE_299,data/raw_cwru_12k_fe/OR007@3_1_FE12k.mat,X299_FE_time,503fc5bd97d151ee053eb89562a4e2f2b24095b15c798600b66e17c87a48a29e,299,OR007@3,outer_race,7 mil,FE,FE,FE,CWRU_FE_6203,FE,12000,1.0,0.5,54000,66000,1776.0,1hp,3
cwru_native12.load.v1,1,CWRU,train,n12L:CWRU:cwru_n12_FE_299:FE:train:60000-72000,cwrun12_FE_OR007,FE_OR007,cwru_n12_FE_299,data/raw_cwru_12k_fe/OR007@3_1_FE12k.mat,X299_FE_time,503fc5bd97d151ee053eb89562a4e2f2b24095b15c798600b66e17c87a48a29e,299,OR007@3,outer_race,7 mil,FE,FE,FE,CWRU_FE_6203,FE,12000,1.0,0.5,60000,72000,1776.0,1hp,3
cwru_native12.load.v1,1,CWRU,train,n12L:CWRU:cwru_n12_FE_299:FE:train:66000-78000,cwrun12_FE_OR007,FE_OR007,cwru_n12_FE_299,data/raw_cwru_12k_fe/OR007@3_1_FE12k.mat,X299_FE_time,503fc5bd97d151ee053eb89562a4e2f2b24095b15c798600b66e17c87a48a29e,299,OR007@3,outer_race,7 mil,FE,FE,FE,CWRU_FE_6203,FE,12000,1.0,0.5,66000,78000,1776.0,1hp,3
cwru_native12.load.v1,1,CWRU,train,n12L:CWRU:cwru_n12_FE_299:FE:train:72000-84000,cwrun12_FE_OR007,FE_OR007,cwru_n12_FE_299,data/raw_cwru_12k_fe/OR007@3_1_FE12k.mat,X299_FE_time,503fc5bd97d151ee053eb89562a4e2f2b24095b15c798600b66e17c87a48a29e,299,OR007@3,outer_race,7 mil,FE,FE,FE,CWRU_FE_6203,FE,12000,1.0,0.5,72000,84000,1776.0,1hp,3
cwru_native12.load.v1,1,CWRU,train,n12L:CWRU:cwru_n12_FE_299:FE:train:78000-90000,cwrun12_FE_OR007,FE_OR007,cwru_n12_FE_299,data/raw_cwru_12k_fe/OR007@3_1_FE12k.mat,X299_FE_time,503fc5bd97d151ee053eb89562a4e2f2b24095b15c798600b66e17c87a48a29e,299,OR007@3,outer_race,7 mil,FE,FE,FE,CWRU_FE_6203,FE,12000,1.0,0.5,78000,90000,1776.0,1hp,3
cwru_native12.load.v1,1,CWRU,train,n12L:CWRU:cwru_n12_FE_299:FE:train:84000-96000,cwrun12_FE_OR007,FE_OR007,cwru_n12_FE_299,data/raw_cwru_12k_fe/OR007@3_1_FE12k.mat,X299_FE_time,503fc5bd97d151ee053eb89562a4e2f2b24095b15c798600b66e17c87a48a29e,299,OR007@3,outer_race,7 mil,FE,FE,FE,CWRU_FE_6203,FE,12000,1.0,0.5,84000,96000,1776.0,1hp,3
cwru_native12.load.v1,1,CWRU,train,n12L:CWRU:cwru_n12_FE_299:FE:train:90000-102000,cwrun12_FE_OR007,FE_OR007,cwru_n12_FE_299,data/raw_cwru_12k_fe/OR007@3_1_FE12k.mat,X299_FE_time,503fc5bd97d151ee053eb89562a4e2f2b24095b15c798600b66e17c87a48a29e,299,OR007@3,outer_race,7 mil,FE,FE,FE,CWRU_FE_6203,FE,12000,1.0,0.5,90000,102000,1776.0,1hp,3
cwru_native12.load.v1,1,CWRU,train,n12L:CWRU:cwru_n12_FE_299:FE:train:96000-108000,cwrun12_FE_OR007,FE_OR007,cwru_n12_FE_299,data/raw_cwru_12k_fe/OR007@3_1_FE12k.mat,X299_FE_time,503fc5bd97d151ee053eb89562a4e2f2b24095b15c798600b66e17c87a48a29e,299,OR007@3,outer_race,7 mil,FE,FE,FE,CWRU_FE_6203,FE,12000,1.0,0.5,96000,108000,1776.0,1hp,3
cwru_native12.load.v1,1,CWRU,train,n12L:CWRU:cwru_n12_FE_299:FE:train:102000-114000,cwrun12_FE_OR007,FE_OR007,cwru_n12_FE_299,data/raw_cwru_12k_fe/OR007@3_1_FE12k.mat,X299_FE_time,503fc5bd97d151ee053eb89562a4e2f2b24095b15c798600b66e17c87a48a29e,299,OR007@3,outer_race,7 mil,FE,FE,FE,CWRU_FE_6203,FE,12000,1.0,0.5,102000,114000,1776.0,1hp,3
cwru_native12.load.v1,1,CWRU,train,n12L:CWRU:cwru_n12_FE_299:FE:train:108000-120000,cwrun12_FE_OR007,FE_OR007,cwru_n12_FE_299,data/raw_cwru_12k_fe/OR007@3_1_FE12k.mat,X299_FE_time,503fc5bd97d151ee053eb89562a4e2f2b24095b15c798600b66e17c87a48a29e,299,OR007@3,outer_race,7 mil,FE,FE,FE,CWRU_FE_6203,FE,12000,1.0,0.5,108000,120000,1776.0,1hp,3
cwru_native12.load.v1,1,CWRU,validation,n12L:CWRU:cwru_n12_FE_300:FE:validation:0-12000,cwrun12_FE_OR007,FE_OR007,cwru_n12_FE_300,data/raw_cwru_12k_fe/OR007@3_2_FE12k.mat,X300_FE_time,0b4ac23bbd279760fe3b8873ea257eab562718b5de44c4c617d309fb792550a1,300,OR007@3,outer_race,7 mil,FE,FE,FE,CWRU_FE_6203,FE,12000,1.0,1.0,0,12000,1755.0,2hp,3
cwru_native12.load.v1,1,CWRU,validation,n12L:CWRU:cwru_n12_FE_300:FE:validation:12000-24000,cwrun12_FE_OR007,FE_OR007,cwru_n12_FE_300,data/raw_cwru_12k_fe/OR007@3_2_FE12k.mat,X300_FE_time,0b4ac23bbd279760fe3b8873ea257eab562718b5de44c4c617d309fb792550a1,300,OR007@3,outer_race,7 mil,FE,FE,FE,CWRU_FE_6203,FE,12000,1.0,1.0,12000,24000,1755.0,2hp,3
cwru_native12.load.v1,1,CWRU,validation,n12L:CWRU:cwru_n12_FE_300:FE:validation:24000-36000,cwrun12_FE_OR007,FE_OR007,cwru_n12_FE_300,data/raw_cwru_12k_fe/OR007@3_2_FE12k.mat,X300_FE_time,0b4ac23bbd279760fe3b8873ea257eab562718b5de44c4c617d309fb792550a1,300,OR007@3,outer_race,7 mil,FE,FE,FE,CWRU_FE_6203,FE,12000,1.0,1.0,24000,36000,1755.0,2hp,3
cwru_native12.load.v1,1,CWRU,validation,n12L:CWRU:cwru_n12_FE_300:FE:validation:36000-48000,cwrun12_FE_OR007,FE_OR007,cwru_n12_FE_300,data/raw_cwru_12k_fe/OR007@3_2_FE12k.mat,X300_FE_time,0b4ac23bbd279760fe3b8873ea257eab562718b5de44c4c617d309fb792550a1,300,OR007@3,outer_race,7 mil,FE,FE,FE,CWRU_FE_6203,FE,12000,1.0,1.0,36000,48000,1755.0,2hp,3
cwru_native12.load.v1,1,CWRU,validation,n12L:CWRU:cwru_n12_FE_300:FE:validation:48000-60000,cwrun12_FE_OR007,FE_OR007,cwru_n12_FE_300,data/raw_cwru_12k_fe/OR007@3_2_FE12k.mat,X300_FE_time,0b4ac23bbd279760fe3b8873ea257eab562718b5de44c4c617d309fb792550a1,300,OR007@3,outer_race,7 mil,FE,FE,FE,CWRU_FE_6203,FE,12000,1.0,1.0,48000,60000,1755.0,2hp,3
cwru_native12.load.v1,1,CWRU,validation,n12L:CWRU:cwru_n12_FE_300:FE:validation:60000-72000,cwrun12_FE_OR007,FE_OR007,cwru_n12_FE_300,data/raw_cwru_12k_fe/OR007@3_2_FE12k.mat,X300_FE_time,0b4ac23bbd279760fe3b8873ea257eab562718b5de44c4c617d309fb792550a1,300,OR007@3,outer_race,7 mil,FE,FE,FE,CWRU_FE_6203,FE,12000,1.0,1.0,60000,72000,1755.0,2hp,3
cwru_native12.load.v1,1,CWRU,validation,n12L:CWRU:cwru_n12_FE_300:FE:validation:72000-84000,cwrun12_FE_OR007,FE_OR007,cwru_n12_FE_300,data/raw_cwru_12k_fe/OR007@3_2_FE12k.mat,X300_FE_time,0b4ac23bbd279760fe3b8873ea257eab562718b5de44c4c617d309fb792550a1,300,OR007@3,outer_race,7 mil,FE,FE,FE,CWRU_FE_6203,FE,12000,1.0,1.0,72000,84000,1755.0,2hp,3
cwru_native12.load.v1,1,CWRU,validation,n12L:CWRU:cwru_n12_FE_300:FE:validation:84000-96000,cwrun12_FE_OR007,FE_OR007,cwru_n12_FE_300,data/raw_cwru_12k_fe/OR007@3_2_FE12k.mat,X300_FE_time,0b4ac23bbd279760fe3b8873ea257eab562718b5de44c4c617d309fb792550a1,300,OR007@3,outer_race,7 mil,FE,FE,FE,CWRU_FE_6203,FE,12000,1.0,1.0,84000,96000,1755.0,2hp,3
cwru_native12.load.v1,1,CWRU,validation,n12L:CWRU:cwru_n12_FE_300:FE:validation:96000-108000,cwrun12_FE_OR007,FE_OR007,cwru_n12_FE_300,data/raw_cwru_12k_fe/OR007@3_2_FE12k.mat,X300_FE_time,0b4ac23bbd279760fe3b8873ea257eab562718b5de44c4c617d309fb792550a1,300,OR007@3,outer_race,7 mil,FE,FE,FE,CWRU_FE_6203,FE,12000,1.0,1.0,96000,108000,1755.0,2hp,3
cwru_native12.load.v1,1,CWRU,validation,n12L:CWRU:cwru_n12_FE_300:FE:validation:108000-120000,cwrun12_FE_OR007,FE_OR007,cwru_n12_FE_300,data/raw_cwru_12k_fe/OR007@3_2_FE12k.mat,X300_FE_time,0b4ac23bbd279760fe3b8873ea257eab562718b5de44c4c617d309fb792550a1,300,OR007@3,outer_race,7 mil,FE,FE,FE,CWRU_FE_6203,FE,12000,1.0,1.0,108000,120000,1755.0,2hp,3
cwru_native12.load.v1,1,CWRU,test,n12L:CWRU:cwru_n12_FE_301:FE:test:0-12000,cwrun12_FE_OR007,FE_OR007,cwru_n12_FE_301,data/raw_cwru_12k_fe/OR007@3_3_FE12k.mat,X301_FE_time,c709cd9f9ddf4a074850bce3384b14fad7f210b188da32d23cc6e6ab68f7a616,301,OR007@3,outer_race,7 mil,FE,FE,FE,CWRU_FE_6203,FE,12000,1.0,1.0,0,12000,1733.0,3hp,3
cwru_native12.load.v1,1,CWRU,test,n12L:CWRU:cwru_n12_FE_301:FE:test:12000-24000,cwrun12_FE_OR007,FE_OR007,cwru_n12_FE_301,data/raw_cwru_12k_fe/OR007@3_3_FE12k.mat,X301_FE_time,c709cd9f9ddf4a074850bce3384b14fad7f210b188da32d23cc6e6ab68f7a616,301,OR007@3,outer_race,7 mil,FE,FE,FE,CWRU_FE_6203,FE,12000,1.0,1.0,12000,24000,1733.0,3hp,3
cwru_native12.load.v1,1,CWRU,test,n12L:CWRU:cwru_n12_FE_301:FE:test:24000-36000,cwrun12_FE_OR007,FE_OR007,cwru_n12_FE_301,data/raw_cwru_12k_fe/OR007@3_3_FE12k.mat,X301_FE_time,c709cd9f9ddf4a074850bce3384b14fad7f210b188da32d23cc6e6ab68f7a616,301,OR007@3,outer_race,7 mil,FE,FE,FE,CWRU_FE_6203,FE,12000,1.0,1.0,24000,36000,1733.0,3hp,3
cwru_native12.load.v1,1,CWRU,test,n12L:CWRU:cwru_n12_FE_301:FE:test:36000-48000,cwrun12_FE_OR007,FE_OR007,cwru_n12_FE_301,data/raw_cwru_12k_fe/OR007@3_3_FE12k.mat,X301_FE_time,c709cd9f9ddf4a074850bce3384b14fad7f210b188da32d23cc6e6ab68f7a616,301,OR007@3,outer_race,7 mil,FE,FE,FE,CWRU_FE_6203,FE,12000,1.0,1.0,36000,48000,1733.0,3hp,3
cwru_native12.load.v1,1,CWRU,test,n12L:CWRU:cwru_n12_FE_301:FE:test:48000-60000,cwrun12_FE_OR007,FE_OR007,cwru_n12_FE_301,data/raw_cwru_12k_fe/OR007@3_3_FE12k.mat,X301_FE_time,c709cd9f9ddf4a074850bce3384b14fad7f210b188da32d23cc6e6ab68f7a616,301,OR007@3,outer_race,7 mil,FE,FE,FE,CWRU_FE_6203,FE,12000,1.0,1.0,48000,60000,1733.0,3hp,3
cwru_native12.load.v1,1,CWRU,test,n12L:CWRU:cwru_n12_FE_301:FE:test:60000-72000,cwrun12_FE_OR007,FE_OR007,cwru_n12_FE_301,data/raw_cwru_12k_fe/OR007@3_3_FE12k.mat,X301_FE_time,c709cd9f9ddf4a074850bce3384b14fad7f210b188da32d23cc6e6ab68f7a616,301,OR007@3,outer_race,7 mil,FE,FE,FE,CWRU_FE_6203,FE,12000,1.0,1.0,60000,72000,1733.0,3hp,3
cwru_native12.load.v1,1,CWRU,test,n12L:CWRU:cwru_n12_FE_301:FE:test:72000-84000,cwrun12_FE_OR007,FE_OR007,cwru_n12_FE_301,data/raw_cwru_12k_fe/OR007@3_3_FE12k.mat,X301_FE_time,c709cd9f9ddf4a074850bce3384b14fad7f210b188da32d23cc6e6ab68f7a616,301,OR007@3,outer_race,7 mil,FE,FE,FE,CWRU_FE_6203,FE,12000,1.0,1.0,72000,84000,1733.0,3hp,3
cwru_native12.load.v1,1,CWRU,test,n12L:CWRU:cwru_n12_FE_301:FE:test:84000-96000,cwrun12_FE_OR007,FE_OR007,cwru_n12_FE_301,data/raw_cwru_12k_fe/OR007@3_3_FE12k.mat,X301_FE_time,c709cd9f9ddf4a074850bce3384b14fad7f210b188da32d23cc6e6ab68f7a616,301,OR007@3,outer_race,7 mil,FE,FE,FE,CWRU_FE_6203,FE,12000,1.0,1.0,84000,96000,1733.0,3hp,3
cwru_native12.load.v1,1,CWRU,test,n12L:CWRU:cwru_n12_FE_301:FE:test:96000-108000,cwrun12_FE_OR007,FE_OR007,cwru_n12_FE_301,data/raw_cwru_12k_fe/OR007@3_3_FE12k.mat,X301_FE_time,c709cd9f9ddf4a074850bce3384b14fad7f210b188da32d23cc6e6ab68f7a616,301,OR007@3,outer_race,7 mil,FE,FE,FE,CWRU_FE_6203,FE,12000,1.0,1.0,96000,108000,1733.0,3hp,3
cwru_native12.load.v1,1,CWRU,test,n12L:CWRU:cwru_n12_FE_301:FE:test:108000-120000,cwrun12_FE_OR007,FE_OR007,cwru_n12_FE_301,data/raw_cwru_12k_fe/OR007@3_3_FE12k.mat,X301_FE_time,c709cd9f9ddf4a074850bce3384b14fad7f210b188da32d23cc6e6ab68f7a616,301,OR007@3,outer_race,7 mil,FE,FE,FE,CWRU_FE_6203,FE,12000,1.0,1.0,108000,120000,1733.0,3hp,3
cwru_native12.load.v1,1,CWRU,train,n12L:CWRU:cwru_n12_FE_294:FE:train:0-12000,cwrun12_FE_OR007,FE_OR007,cwru_n12_FE_294,data/raw_cwru_12k_fe/OR007@6_0_FE12k.mat,X294_FE_time,6b774ffb83a046a6a4402221c2bc02c84c8e4494ea8457452e366ccc048c7d5e,294,OR007@6,outer_race,7 mil,FE,FE,FE,CWRU_FE_6203,FE,12000,1.0,0.5,0,12000,1797.0,0hp,6
cwru_native12.load.v1,1,CWRU,train,n12L:CWRU:cwru_n12_FE_294:FE:train:6000-18000,cwrun12_FE_OR007,FE_OR007,cwru_n12_FE_294,data/raw_cwru_12k_fe/OR007@6_0_FE12k.mat,X294_FE_time,6b774ffb83a046a6a4402221c2bc02c84c8e4494ea8457452e366ccc048c7d5e,294,OR007@6,outer_race,7 mil,FE,FE,FE,CWRU_FE_6203,FE,12000,1.0,0.5,6000,18000,1797.0,0hp,6
cwru_native12.load.v1,1,CWRU,train,n12L:CWRU:cwru_n12_FE_294:FE:train:12000-24000,cwrun12_FE_OR007,FE_OR007,cwru_n12_FE_294,data/raw_cwru_12k_fe/OR007@6_0_FE12k.mat,X294_FE_time,6b774ffb83a046a6a4402221c2bc02c84c8e4494ea8457452e366ccc048c7d5e,294,OR007@6,outer_race,7 mil,FE,FE,FE,CWRU_FE_6203,FE,12000,1.0,0.5,12000,24000,1797.0,0hp,6
cwru_native12.load.v1,1,CWRU,train,n12L:CWRU:cwru_n12_FE_294:FE:train:18000-30000,cwrun12_FE_OR007,FE_OR007,cwru_n12_FE_294,data/raw_cwru_12k_fe/OR007@6_0_FE12k.mat,X294_FE_time,6b774ffb83a046a6a4402221c2bc02c84c8e4494ea8457452e366ccc048c7d5e,294,OR007@6,outer_race,7 mil,FE,FE,FE,CWRU_FE_6203,FE,12000,1.0,0.5,18000,30000,1797.0,0hp,6
cwru_native12.load.v1,1,CWRU,train,n12L:CWRU:cwru_n12_FE_294:FE:train:24000-36000,cwrun12_FE_OR007,FE_OR007,cwru_n12_FE_294,data/raw_cwru_12k_fe/OR007@6_0_FE12k.mat,X294_FE_time,6b774ffb83a046a6a4402221c2bc02c84c8e4494ea8457452e366ccc048c7d5e,294,OR007@6,outer_race,7 mil,FE,FE,FE,CWRU_FE_6203,FE,12000,1.0,0.5,24000,36000,1797.0,0hp,6
cwru_native12.load.v1,1,CWRU,train,n12L:CWRU:cwru_n12_FE_294:FE:train:30000-42000,cwrun12_FE_OR007,FE_OR007,cwru_n12_FE_294,data/raw_cwru_12k_fe/OR007@6_0_FE12k.mat,X294_FE_time,6b774ffb83a046a6a4402221c2bc02c84c8e4494ea8457452e366ccc048c7d5e,294,OR007@6,outer_race,7 mil,FE,FE,FE,CWRU_FE_6203,FE,12000,1.0,0.5,30000,42000,1797.0,0hp,6
cwru_native12.load.v1,1,CWRU,train,n12L:CWRU:cwru_n12_FE_294:FE:train:36000-48000,cwrun12_FE_OR007,FE_OR007,cwru_n12_FE_294,data/raw_cwru_12k_fe/OR007@6_0_FE12k.mat,X294_FE_time,6b774ffb83a046a6a4402221c2bc02c84c8e4494ea8457452e366ccc048c7d5e,294,OR007@6,outer_race,7 mil,FE,FE,FE,CWRU_FE_6203,FE,12000,1.0,0.5,36000,48000,1797.0,0hp,6
cwru_native12.load.v1,1,CWRU,train,n12L:CWRU:cwru_n12_FE_294:FE:train:42000-54000,cwrun12_FE_OR007,FE_OR007,cwru_n12_FE_294,data/raw_cwru_12k_fe/OR007@6_0_FE12k.mat,X294_FE_time,6b774ffb83a046a6a4402221c2bc02c84c8e4494ea8457452e366ccc048c7d5e,294,OR007@6,outer_race,7 mil,FE,FE,FE,CWRU_FE_6203,FE,12000,1.0,0.5,42000,54000,1797.0,0hp,6
cwru_native12.load.v1,1,CWRU,train,n12L:CWRU:cwru_n12_FE_294:FE:train:48000-60000,cwrun12_FE_OR007,FE_OR007,cwru_n12_FE_294,data/raw_cwru_12k_fe/OR007@6_0_FE12k.mat,X294_FE_time,6b774ffb83a046a6a4402221c2bc02c84c8e4494ea8457452e366ccc048c7d5e,294,OR007@6,outer_race,7 mil,FE,FE,FE,CWRU_FE_6203,FE,12000,1.0,0.5,48000,60000,1797.0,0hp,6
cwru_native12.load.v1,1,CWRU,train,n12L:CWRU:cwru_n12_FE_294:FE:train:54000-66000,cwrun12_FE_OR007,FE_OR007,cwru_n12_FE_294,data/raw_cwru_12k_fe/OR007@6_0_FE12k.mat,X294_FE_time,6b774ffb83a046a6a4402221c2bc02c84c8e4494ea8457452e366ccc048c7d5e,294,OR007@6,outer_race,7 mil,FE,FE,FE,CWRU_FE_6203,FE,12000,1.0,0.5,54000,66000,1797.0,0hp,6
cwru_native12.load.v1,1,CWRU,train,n12L:CWRU:cwru_n12_FE_294:FE:train:60000-72000,cwrun12_FE_OR007,FE_OR007,cwru_n12_FE_294,data/raw_cwru_12k_fe/OR007@6_0_FE12k.mat,X294_FE_time,6b774ffb83a046a6a4402221c2bc02c84c8e4494ea8457452e366ccc048c7d5e,294,OR007@6,outer_race,7 mil,FE,FE,FE,CWRU_FE_6203,FE,12000,1.0,0.5,60000,72000,1797.0,0hp,6
cwru_native12.load.v1,1,CWRU,train,n12L:CWRU:cwru_n12_FE_294:FE:train:66000-78000,cwrun12_FE_OR007,FE_OR007,cwru_n12_FE_294,data/raw_cwru_12k_fe/OR007@6_0_FE12k.mat,X294_FE_time,6b774ffb83a046a6a4402221c2bc02c84c8e4494ea8457452e366ccc048c7d5e,294,OR007@6,outer_race,7 mil,FE,FE,FE,CWRU_FE_6203,FE,12000,1.0,0.5,66000,78000,1797.0,0hp,6
cwru_native12.load.v1,1,CWRU,train,n12L:CWRU:cwru_n12_FE_294:FE:train:72000-84000,cwrun12_FE_OR007,FE_OR007,cwru_n12_FE_294,data/raw_cwru_12k_fe/OR007@6_0_FE12k.mat,X294_FE_time,6b774ffb83a046a6a4402221c2bc02c84c8e4494ea8457452e366ccc048c7d5e,294,OR007@6,outer_race,7 mil,FE,FE,FE,CWRU_FE_6203,FE,12000,1.0,0.5,72000,84000,1797.0,0hp,6
cwru_native12.load.v1,1,CWRU,train,n12L:CWRU:cwru_n12_FE_294:FE:train:78000-90000,cwrun12_FE_OR007,FE_OR007,cwru_n12_FE_294,data/raw_cwru_12k_fe/OR007@6_0_FE12k.mat,X294_FE_time,6b774ffb83a046a6a4402221c2bc02c84c8e4494ea8457452e366ccc048c7d5e,294,OR007@6,outer_race,7 mil,FE,FE,FE,CWRU_FE_6203,FE,12000,1.0,0.5,78000,90000,1797.0,0hp,6
cwru_native12.load.v1,1,CWRU,train,n12L:CWRU:cwru_n12_FE_294:FE:train:84000-96000,cwrun12_FE_OR007,FE_OR007,cwru_n12_FE_294,data/raw_cwru_12k_fe/OR007@6_0_FE12k.mat,X294_FE_time,6b774ffb83a046a6a4402221c2bc02c84c8e4494ea8457452e366ccc048c7d5e,294,OR007@6,outer_race,7 mil,FE,FE,FE,CWRU_FE_6203,FE,12000,1.0,0.5,84000,96000,1797.0,0hp,6
cwru_native12.load.v1,1,CWRU,train,n12L:CWRU:cwru_n12_FE_294:FE:train:90000-102000,cwrun12_FE_OR007,FE_OR007,cwru_n12_FE_294,data/raw_cwru_12k_fe/OR007@6_0_FE12k.mat,X294_FE_time,6b774ffb83a046a6a4402221c2bc02c84c8e4494ea8457452e366ccc048c7d5e,294,OR007@6,outer_race,7 mil,FE,FE,FE,CWRU_FE_6203,FE,12000,1.0,0.5,90000,102000,1797.0,0hp,6
cwru_native12.load.v1,1,CWRU,train,n12L:CWRU:cwru_n12_FE_294:FE:train:96000-108000,cwrun12_FE_OR007,FE_OR007,cwru_n12_FE_294,data/raw_cwru_12k_fe/OR007@6_0_FE12k.mat,X294_FE_time,6b774ffb83a046a6a4402221c2bc02c84c8e4494ea8457452e366ccc048c7d5e,294,OR007@6,outer_race,7 mil,FE,FE,FE,CWRU_FE_6203,FE,12000,1.0,0.5,96000,108000,1797.0,0hp,6
cwru_native12.load.v1,1,CWRU,train,n12L:CWRU:cwru_n12_FE_294:FE:train:102000-114000,cwrun12_FE_OR007,FE_OR007,cwru_n12_FE_294,data/raw_cwru_12k_fe/OR007@6_0_FE12k.mat,X294_FE_time,6b774ffb83a046a6a4402221c2bc02c84c8e4494ea8457452e366ccc048c7d5e,294,OR007@6,outer_race,7 mil,FE,FE,FE,CWRU_FE_6203,FE,12000,1.0,0.5,102000,114000,1797.0,0hp,6
cwru_native12.load.v1,1,CWRU,train,n12L:CWRU:cwru_n12_FE_294:FE:train:108000-120000,cwrun12_FE_OR007,FE_OR007,cwru_n12_FE_294,data/raw_cwru_12k_fe/OR007@6_0_FE12k.mat,X294_FE_time,6b774ffb83a046a6a4402221c2bc02c84c8e4494ea8457452e366ccc048c7d5e,294,OR007@6,outer_race,7 mil,FE,FE,FE,CWRU_FE_6203,FE,12000,1.0,0.5,108000,120000,1797.0,0hp,6
cwru_native12.load.v1,1,CWRU,train,n12L:CWRU:cwru_n12_FE_295:FE:train:0-12000,cwrun12_FE_OR007,FE_OR007,cwru_n12_FE_295,data/raw_cwru_12k_fe/OR007@6_1_FE12k.mat,X295_FE_time,13f7052f2422f19858f4136aa645dcfefc28f474c6b7e54b6ffcc4abedee8e26,295,OR007@6,outer_race,7 mil,FE,FE,FE,CWRU_FE_6203,FE,12000,1.0,0.5,0,12000,1776.0,1hp,6
cwru_native12.load.v1,1,CWRU,train,n12L:CWRU:cwru_n12_FE_295:FE:train:6000-18000,cwrun12_FE_OR007,FE_OR007,cwru_n12_FE_295,data/raw_cwru_12k_fe/OR007@6_1_FE12k.mat,X295_FE_time,13f7052f2422f19858f4136aa645dcfefc28f474c6b7e54b6ffcc4abedee8e26,295,OR007@6,outer_race,7 mil,FE,FE,FE,CWRU_FE_6203,FE,12000,1.0,0.5,6000,18000,1776.0,1hp,6
cwru_native12.load.v1,1,CWRU,train,n12L:CWRU:cwru_n12_FE_295:FE:train:12000-24000,cwrun12_FE_OR007,FE_OR007,cwru_n12_FE_295,data/raw_cwru_12k_fe/OR007@6_1_FE12k.mat,X295_FE_time,13f7052f2422f19858f4136aa645dcfefc28f474c6b7e54b6ffcc4abedee8e26,295,OR007@6,outer_race,7 mil,FE,FE,FE,CWRU_FE_6203,FE,12000,1.0,0.5,12000,24000,1776.0,1hp,6
cwru_native12.load.v1,1,CWRU,train,n12L:CWRU:cwru_n12_FE_295:FE:train:18000-30000,cwrun12_FE_OR007,FE_OR007,cwru_n12_FE_295,data/raw_cwru_12k_fe/OR007@6_1_FE12k.mat,X295_FE_time,13f7052f2422f19858f4136aa645dcfefc28f474c6b7e54b6ffcc4abedee8e26,295,OR007@6,outer_race,7 mil,FE,FE,FE,CWRU_FE_6203,FE,12000,1.0,0.5,18000,30000,1776.0,1hp,6
cwru_native12.load.v1,1,CWRU,train,n12L:CWRU:cwru_n12_FE_295:FE:train:24000-36000,cwrun12_FE_OR007,FE_OR007,cwru_n12_FE_295,data/raw_cwru_12k_fe/OR007@6_1_FE12k.mat,X295_FE_time,13f7052f2422f19858f4136aa645dcfefc28f474c6b7e54b6ffcc4abedee8e26,295,OR007@6,outer_race,7 mil,FE,FE,FE,CWRU_FE_6203,FE,12000,1.0,0.5,24000,36000,1776.0,1hp,6
cwru_native12.load.v1,1,CWRU,train,n12L:CWRU:cwru_n12_FE_295:FE:train:30000-42000,cwrun12_FE_OR007,FE_OR007,cwru_n12_FE_295,data/raw_cwru_12k_fe/OR007@6_1_FE12k.mat,X295_FE_time,13f7052f2422f19858f4136aa645dcfefc28f474c6b7e54b6ffcc4abedee8e26,295,OR007@6,outer_race,7 mil,FE,FE,FE,CWRU_FE_6203,FE,12000,1.0,0.5,30000,42000,1776.0,1hp,6
cwru_native12.load.v1,1,CWRU,train,n12L:CWRU:cwru_n12_FE_295:FE:train:36000-48000,cwrun12_FE_OR007,FE_OR007,cwru_n12_FE_295,data/raw_cwru_12k_fe/OR007@6_1_FE12k.mat,X295_FE_time,13f7052f2422f19858f4136aa645dcfefc28f474c6b7e54b6ffcc4abedee8e26,295,OR007@6,outer_race,7 mil,FE,FE,FE,CWRU_FE_6203,FE,12000,1.0,0.5,36000,48000,1776.0,1hp,6
cwru_native12.load.v1,1,CWRU,train,n12L:CWRU:cwru_n12_FE_295:FE:train:42000-54000,cwrun12_FE_OR007,FE_OR007,cwru_n12_FE_295,data/raw_cwru_12k_fe/OR007@6_1_FE12k.mat,X295_FE_time,13f7052f2422f19858f4136aa645dcfefc28f474c6b7e54b6ffcc4abedee8e26,295,OR007@6,outer_race,7 mil,FE,FE,FE,CWRU_FE_6203,FE,12000,1.0,0.5,42000,54000,1776.0,1hp,6
cwru_native12.load.v1,1,CWRU,train,n12L:CWRU:cwru_n12_FE_295:FE:train:48000-60000,cwrun12_FE_OR007,FE_OR007,cwru_n12_FE_295,data/raw_cwru_12k_fe/OR007@6_1_FE12k.mat,X295_FE_time,13f7052f2422f19858f4136aa645dcfefc28f474c6b7e54b6ffcc4abedee8e26,295,OR007@6,outer_race,7 mil,FE,FE,FE,CWRU_FE_6203,FE,12000,1.0,0.5,48000,60000,1776.0,1hp,6
cwru_native12.load.v1,1,CWRU,train,n12L:CWRU:cwru_n12_FE_295:FE:train:54000-66000,cwrun12_FE_OR007,FE_OR007,cwru_n12_FE_295,data/raw_cwru_12k_fe/OR007@6_1_FE12k.mat,X295_FE_time,13f7052f2422f19858f4136aa645dcfefc28f474c6b7e54b6ffcc4abedee8e26,295,OR007@6,outer_race,7 mil,FE,FE,FE,CWRU_FE_6203,FE,12000,1.0,0.5,54000,66000,1776.0,1hp,6
cwru_native12.load.v1,1,CWRU,train,n12L:CWRU:cwru_n12_FE_295:FE:train:60000-72000,cwrun12_FE_OR007,FE_OR007,cwru_n12_FE_295,data/raw_cwru_12k_fe/OR007@6_1_FE12k.mat,X295_FE_time,13f7052f2422f19858f4136aa645dcfefc28f474c6b7e54b6ffcc4abedee8e26,295,OR007@6,outer_race,7 mil,FE,FE,FE,CWRU_FE_6203,FE,12000,1.0,0.5,60000,72000,1776.0,1hp,6
cwru_native12.load.v1,1,CWRU,train,n12L:CWRU:cwru_n12_FE_295:FE:train:66000-78000,cwrun12_FE_OR007,FE_OR007,cwru_n12_FE_295,data/raw_cwru_12k_fe/OR007@6_1_FE12k.mat,X295_FE_time,13f7052f2422f19858f4136aa645dcfefc28f474c6b7e54b6ffcc4abedee8e26,295,OR007@6,outer_race,7 mil,FE,FE,FE,CWRU_FE_6203,FE,12000,1.0,0.5,66000,78000,1776.0,1hp,6
cwru_native12.load.v1,1,CWRU,train,n12L:CWRU:cwru_n12_FE_295:FE:train:72000-84000,cwrun12_FE_OR007,FE_OR007,cwru_n12_FE_295,data/raw_cwru_12k_fe/OR007@6_1_FE12k.mat,X295_FE_time,13f7052f2422f19858f4136aa645dcfefc28f474c6b7e54b6ffcc4abedee8e26,295,OR007@6,outer_race,7 mil,FE,FE,FE,CWRU_FE_6203,FE,12000,1.0,0.5,72000,84000,1776.0,1hp,6
cwru_native12.load.v1,1,CWRU,train,n12L:CWRU:cwru_n12_FE_295:FE:train:78000-90000,cwrun12_FE_OR007,FE_OR007,cwru_n12_FE_295,data/raw_cwru_12k_fe/OR007@6_1_FE12k.mat,X295_FE_time,13f7052f2422f19858f4136aa645dcfefc28f474c6b7e54b6ffcc4abedee8e26,295,OR007@6,outer_race,7 mil,FE,FE,FE,CWRU_FE_6203,FE,12000,1.0,0.5,78000,90000,1776.0,1hp,6
cwru_native12.load.v1,1,CWRU,train,n12L:CWRU:cwru_n12_FE_295:FE:train:84000-96000,cwrun12_FE_OR007,FE_OR007,cwru_n12_FE_295,data/raw_cwru_12k_fe/OR007@6_1_FE12k.mat,X295_FE_time,13f7052f2422f19858f4136aa645dcfefc28f474c6b7e54b6ffcc4abedee8e26,295,OR007@6,outer_race,7 mil,FE,FE,FE,CWRU_FE_6203,FE,12000,1.0,0.5,84000,96000,1776.0,1hp,6
cwru_native12.load.v1,1,CWRU,train,n12L:CWRU:cwru_n12_FE_295:FE:train:90000-102000,cwrun12_FE_OR007,FE_OR007,cwru_n12_FE_295,data/raw_cwru_12k_fe/OR007@6_1_FE12k.mat,X295_FE_time,13f7052f2422f19858f4136aa645dcfefc28f474c6b7e54b6ffcc4abedee8e26,295,OR007@6,outer_race,7 mil,FE,FE,FE,CWRU_FE_6203,FE,12000,1.0,0.5,90000,102000,1776.0,1hp,6
cwru_native12.load.v1,1,CWRU,train,n12L:CWRU:cwru_n12_FE_295:FE:train:96000-108000,cwrun12_FE_OR007,FE_OR007,cwru_n12_FE_295,data/raw_cwru_12k_fe/OR007@6_1_FE12k.mat,X295_FE_time,13f7052f2422f19858f4136aa645dcfefc28f474c6b7e54b6ffcc4abedee8e26,295,OR007@6,outer_race,7 mil,FE,FE,FE,CWRU_FE_6203,FE,12000,1.0,0.5,96000,108000,1776.0,1hp,6
cwru_native12.load.v1,1,CWRU,train,n12L:CWRU:cwru_n12_FE_295:FE:train:102000-114000,cwrun12_FE_OR007,FE_OR007,cwru_n12_FE_295,data/raw_cwru_12k_fe/OR007@6_1_FE12k.mat,X295_FE_time,13f7052f2422f19858f4136aa645dcfefc28f474c6b7e54b6ffcc4abedee8e26,295,OR007@6,outer_race,7 mil,FE,FE,FE,CWRU_FE_6203,FE,12000,1.0,0.5,102000,114000,1776.0,1hp,6
cwru_native12.load.v1,1,CWRU,train,n12L:CWRU:cwru_n12_FE_295:FE:train:108000-120000,cwrun12_FE_OR007,FE_OR007,cwru_n12_FE_295,data/raw_cwru_12k_fe/OR007@6_1_FE12k.mat,X295_FE_time,13f7052f2422f19858f4136aa645dcfefc28f474c6b7e54b6ffcc4abedee8e26,295,OR007@6,outer_race,7 mil,FE,FE,FE,CWRU_FE_6203,FE,12000,1.0,0.5,108000,120000,1776.0,1hp,6
cwru_native12.load.v1,1,CWRU,validation,n12L:CWRU:cwru_n12_FE_296:FE:validation:0-12000,cwrun12_FE_OR007,FE_OR007,cwru_n12_FE_296,data/raw_cwru_12k_fe/OR007@6_2_FE12k.mat,X296_FE_time,00785405cb36ab8c96a63b43d77e5016477e276154f7bd0a5f74f13825030150,296,OR007@6,outer_race,7 mil,FE,FE,FE,CWRU_FE_6203,FE,12000,1.0,1.0,0,12000,1756.0,2hp,6
cwru_native12.load.v1,1,CWRU,validation,n12L:CWRU:cwru_n12_FE_296:FE:validation:12000-24000,cwrun12_FE_OR007,FE_OR007,cwru_n12_FE_296,data/raw_cwru_12k_fe/OR007@6_2_FE12k.mat,X296_FE_time,00785405cb36ab8c96a63b43d77e5016477e276154f7bd0a5f74f13825030150,296,OR007@6,outer_race,7 mil,FE,FE,FE,CWRU_FE_6203,FE,12000,1.0,1.0,12000,24000,1756.0,2hp,6
cwru_native12.load.v1,1,CWRU,validation,n12L:CWRU:cwru_n12_FE_296:FE:validation:24000-36000,cwrun12_FE_OR007,FE_OR007,cwru_n12_FE_296,data/raw_cwru_12k_fe/OR007@6_2_FE12k.mat,X296_FE_time,00785405cb36ab8c96a63b43d77e5016477e276154f7bd0a5f74f13825030150,296,OR007@6,outer_race,7 mil,FE,FE,FE,CWRU_FE_6203,FE,12000,1.0,1.0,24000,36000,1756.0,2hp,6
cwru_native12.load.v1,1,CWRU,validation,n12L:CWRU:cwru_n12_FE_296:FE:validation:36000-48000,cwrun12_FE_OR007,FE_OR007,cwru_n12_FE_296,data/raw_cwru_12k_fe/OR007@6_2_FE12k.mat,X296_FE_time,00785405cb36ab8c96a63b43d77e5016477e276154f7bd0a5f74f13825030150,296,OR007@6,outer_race,7 mil,FE,FE,FE,CWRU_FE_6203,FE,12000,1.0,1.0,36000,48000,1756.0,2hp,6
cwru_native12.load.v1,1,CWRU,validation,n12L:CWRU:cwru_n12_FE_296:FE:validation:48000-60000,cwrun12_FE_OR007,FE_OR007,cwru_n12_FE_296,data/raw_cwru_12k_fe/OR007@6_2_FE12k.mat,X296_FE_time,00785405cb36ab8c96a63b43d77e5016477e276154f7bd0a5f74f13825030150,296,OR007@6,outer_race,7 mil,FE,FE,FE,CWRU_FE_6203,FE,12000,1.0,1.0,48000,60000,1756.0,2hp,6
cwru_native12.load.v1,1,CWRU,validation,n12L:CWRU:cwru_n12_FE_296:FE:validation:60000-72000,cwrun12_FE_OR007,FE_OR007,cwru_n12_FE_296,data/raw_cwru_12k_fe/OR007@6_2_FE12k.mat,X296_FE_time,00785405cb36ab8c96a63b43d77e5016477e276154f7bd0a5f74f13825030150,296,OR007@6,outer_race,7 mil,FE,FE,FE,CWRU_FE_6203,FE,12000,1.0,1.0,60000,72000,1756.0,2hp,6
cwru_native12.load.v1,1,CWRU,validation,n12L:CWRU:cwru_n12_FE_296:FE:validation:72000-84000,cwrun12_FE_OR007,FE_OR007,cwru_n12_FE_296,data/raw_cwru_12k_fe/OR007@6_2_FE12k.mat,X296_FE_time,00785405cb36ab8c96a63b43d77e5016477e276154f7bd0a5f74f13825030150,296,OR007@6,outer_race,7 mil,FE,FE,FE,CWRU_FE_6203,FE,12000,1.0,1.0,72000,84000,1756.0,2hp,6
cwru_native12.load.v1,1,CWRU,validation,n12L:CWRU:cwru_n12_FE_296:FE:validation:84000-96000,cwrun12_FE_OR007,FE_OR007,cwru_n12_FE_296,data/raw_cwru_12k_fe/OR007@6_2_FE12k.mat,X296_FE_time,00785405cb36ab8c96a63b43d77e5016477e276154f7bd0a5f74f13825030150,296,OR007@6,outer_race,7 mil,FE,FE,FE,CWRU_FE_6203,FE,12000,1.0,1.0,84000,96000,1756.0,2hp,6
cwru_native12.load.v1,1,CWRU,validation,n12L:CWRU:cwru_n12_FE_296:FE:validation:96000-108000,cwrun12_FE_OR007,FE_OR007,cwru_n12_FE_296,data/raw_cwru_12k_fe/OR007@6_2_FE12k.mat,X296_FE_time,00785405cb36ab8c96a63b43d77e5016477e276154f7bd0a5f74f13825030150,296,OR007@6,outer_race,7 mil,FE,FE,FE,CWRU_FE_6203,FE,12000,1.0,1.0,96000,108000,1756.0,2hp,6
cwru_native12.load.v1,1,CWRU,validation,n12L:CWRU:cwru_n12_FE_296:FE:validation:108000-120000,cwrun12_FE_OR007,FE_OR007,cwru_n12_FE_296,data/raw_cwru_12k_fe/OR007@6_2_FE12k.mat,X296_FE_time,00785405cb36ab8c96a63b43d77e5016477e276154f7bd0a5f74f13825030150,296,OR007@6,outer_race,7 mil,FE,FE,FE,CWRU_FE_6203,FE,12000,1.0,1.0,108000,120000,1756.0,2hp,6
cwru_native12.load.v1,1,CWRU,test,n12L:CWRU:cwru_n12_FE_297:FE:test:0-12000,cwrun12_FE_OR007,FE_OR007,cwru_n12_FE_297,data/raw_cwru_12k_fe/OR007@6_3_FE12k.mat,X297_FE_time,858c409a74f0dcbd31af28f79175daf5e494fe194269909c18c579851aaf3c1d,297,OR007@6,outer_race,7 mil,FE,FE,FE,CWRU_FE_6203,FE,12000,1.0,1.0,0,12000,1733.0,3hp,6
cwru_native12.load.v1,1,CWRU,test,n12L:CWRU:cwru_n12_FE_297:FE:test:12000-24000,cwrun12_FE_OR007,FE_OR007,cwru_n12_FE_297,data/raw_cwru_12k_fe/OR007@6_3_FE12k.mat,X297_FE_time,858c409a74f0dcbd31af28f79175daf5e494fe194269909c18c579851aaf3c1d,297,OR007@6,outer_race,7 mil,FE,FE,FE,CWRU_FE_6203,FE,12000,1.0,1.0,12000,24000,1733.0,3hp,6
cwru_native12.load.v1,1,CWRU,test,n12L:CWRU:cwru_n12_FE_297:FE:test:24000-36000,cwrun12_FE_OR007,FE_OR007,cwru_n12_FE_297,data/raw_cwru_12k_fe/OR007@6_3_FE12k.mat,X297_FE_time,858c409a74f0dcbd31af28f79175daf5e494fe194269909c18c579851aaf3c1d,297,OR007@6,outer_race,7 mil,FE,FE,FE,CWRU_FE_6203,FE,12000,1.0,1.0,24000,36000,1733.0,3hp,6
cwru_native12.load.v1,1,CWRU,test,n12L:CWRU:cwru_n12_FE_297:FE:test:36000-48000,cwrun12_FE_OR007,FE_OR007,cwru_n12_FE_297,data/raw_cwru_12k_fe/OR007@6_3_FE12k.mat,X297_FE_time,858c409a74f0dcbd31af28f79175daf5e494fe194269909c18c579851aaf3c1d,297,OR007@6,outer_race,7 mil,FE,FE,FE,CWRU_FE_6203,FE,12000,1.0,1.0,36000,48000,1733.0,3hp,6
cwru_native12.load.v1,1,CWRU,test,n12L:CWRU:cwru_n12_FE_297:FE:test:48000-60000,cwrun12_FE_OR007,FE_OR007,cwru_n12_FE_297,data/raw_cwru_12k_fe/OR007@6_3_FE12k.mat,X297_FE_time,858c409a74f0dcbd31af28f79175daf5e494fe194269909c18c579851aaf3c1d,297,OR007@6,outer_race,7 mil,FE,FE,FE,CWRU_FE_6203,FE,12000,1.0,1.0,48000,60000,1733.0,3hp,6
cwru_native12.load.v1,1,CWRU,test,n12L:CWRU:cwru_n12_FE_297:FE:test:60000-72000,cwrun12_FE_OR007,FE_OR007,cwru_n12_FE_297,data/raw_cwru_12k_fe/OR007@6_3_FE12k.mat,X297_FE_time,858c409a74f0dcbd31af28f79175daf5e494fe194269909c18c579851aaf3c1d,297,OR007@6,outer_race,7 mil,FE,FE,FE,CWRU_FE_6203,FE,12000,1.0,1.0,60000,72000,1733.0,3hp,6
cwru_native12.load.v1,1,CWRU,test,n12L:CWRU:cwru_n12_FE_297:FE:test:72000-84000,cwrun12_FE_OR007,FE_OR007,cwru_n12_FE_297,data/raw_cwru_12k_fe/OR007@6_3_FE12k.mat,X297_FE_time,858c409a74f0dcbd31af28f79175daf5e494fe194269909c18c579851aaf3c1d,297,OR007@6,outer_race,7 mil,FE,FE,FE,CWRU_FE_6203,FE,12000,1.0,1.0,72000,84000,1733.0,3hp,6
cwru_native12.load.v1,1,CWRU,test,n12L:CWRU:cwru_n12_FE_297:FE:test:84000-96000,cwrun12_FE_OR007,FE_OR007,cwru_n12_FE_297,data/raw_cwru_12k_fe/OR007@6_3_FE12k.mat,X297_FE_time,858c409a74f0dcbd31af28f79175daf5e494fe194269909c18c579851aaf3c1d,297,OR007@6,outer_race,7 mil,FE,FE,FE,CWRU_FE_6203,FE,12000,1.0,1.0,84000,96000,1733.0,3hp,6
cwru_native12.load.v1,1,CWRU,test,n12L:CWRU:cwru_n12_FE_297:FE:test:96000-108000,cwrun12_FE_OR007,FE_OR007,cwru_n12_FE_297,data/raw_cwru_12k_fe/OR007@6_3_FE12k.mat,X297_FE_time,858c409a74f0dcbd31af28f79175daf5e494fe194269909c18c579851aaf3c1d,297,OR007@6,outer_race,7 mil,FE,FE,FE,CWRU_FE_6203,FE,12000,1.0,1.0,96000,108000,1733.0,3hp,6
cwru_native12.load.v1,1,CWRU,test,n12L:CWRU:cwru_n12_FE_297:FE:test:108000-120000,cwrun12_FE_OR007,FE_OR007,cwru_n12_FE_297,data/raw_cwru_12k_fe/OR007@6_3_FE12k.mat,X297_FE_time,858c409a74f0dcbd31af28f79175daf5e494fe194269909c18c579851aaf3c1d,297,OR007@6,outer_race,7 mil,FE,FE,FE,CWRU_FE_6203,FE,12000,1.0,1.0,108000,120000,1733.0,3hp,6
cwru_native12.load.v1,1,CWRU,train,n12L:CWRU:cwru_n12_FE_310:FE:train:0-12000,cwrun12_FE_OR014,FE_OR014,cwru_n12_FE_310,data/raw_cwru_12k_fe/OR014@3_0_FE12k.mat,X310_FE_time,09e94ad346b84bbeb4cd172d5d66aacd08857369b23547a540cd266f71a18c17,310,OR014@3,outer_race,14 mil,FE,FE,FE,CWRU_FE_6203,FE,12000,1.0,0.5,0,12000,1796.0,0hp,3
cwru_native12.load.v1,1,CWRU,train,n12L:CWRU:cwru_n12_FE_310:FE:train:6000-18000,cwrun12_FE_OR014,FE_OR014,cwru_n12_FE_310,data/raw_cwru_12k_fe/OR014@3_0_FE12k.mat,X310_FE_time,09e94ad346b84bbeb4cd172d5d66aacd08857369b23547a540cd266f71a18c17,310,OR014@3,outer_race,14 mil,FE,FE,FE,CWRU_FE_6203,FE,12000,1.0,0.5,6000,18000,1796.0,0hp,3
cwru_native12.load.v1,1,CWRU,train,n12L:CWRU:cwru_n12_FE_310:FE:train:12000-24000,cwrun12_FE_OR014,FE_OR014,cwru_n12_FE_310,data/raw_cwru_12k_fe/OR014@3_0_FE12k.mat,X310_FE_time,09e94ad346b84bbeb4cd172d5d66aacd08857369b23547a540cd266f71a18c17,310,OR014@3,outer_race,14 mil,FE,FE,FE,CWRU_FE_6203,FE,12000,1.0,0.5,12000,24000,1796.0,0hp,3
cwru_native12.load.v1,1,CWRU,train,n12L:CWRU:cwru_n12_FE_310:FE:train:18000-30000,cwrun12_FE_OR014,FE_OR014,cwru_n12_FE_310,data/raw_cwru_12k_fe/OR014@3_0_FE12k.mat,X310_FE_time,09e94ad346b84bbeb4cd172d5d66aacd08857369b23547a540cd266f71a18c17,310,OR014@3,outer_race,14 mil,FE,FE,FE,CWRU_FE_6203,FE,12000,1.0,0.5,18000,30000,1796.0,0hp,3
cwru_native12.load.v1,1,CWRU,train,n12L:CWRU:cwru_n12_FE_310:FE:train:24000-36000,cwrun12_FE_OR014,FE_OR014,cwru_n12_FE_310,data/raw_cwru_12k_fe/OR014@3_0_FE12k.mat,X310_FE_time,09e94ad346b84bbeb4cd172d5d66aacd08857369b23547a540cd266f71a18c17,310,OR014@3,outer_race,14 mil,FE,FE,FE,CWRU_FE_6203,FE,12000,1.0,0.5,24000,36000,1796.0,0hp,3
cwru_native12.load.v1,1,CWRU,train,n12L:CWRU:cwru_n12_FE_310:FE:train:30000-42000,cwrun12_FE_OR014,FE_OR014,cwru_n12_FE_310,data/raw_cwru_12k_fe/OR014@3_0_FE12k.mat,X310_FE_time,09e94ad346b84bbeb4cd172d5d66aacd08857369b23547a540cd266f71a18c17,310,OR014@3,outer_race,14 mil,FE,FE,FE,CWRU_FE_6203,FE,12000,1.0,0.5,30000,42000,1796.0,0hp,3
cwru_native12.load.v1,1,CWRU,train,n12L:CWRU:cwru_n12_FE_310:FE:train:36000-48000,cwrun12_FE_OR014,FE_OR014,cwru_n12_FE_310,data/raw_cwru_12k_fe/OR014@3_0_FE12k.mat,X310_FE_time,09e94ad346b84bbeb4cd172d5d66aacd08857369b23547a540cd266f71a18c17,310,OR014@3,outer_race,14 mil,FE,FE,FE,CWRU_FE_6203,FE,12000,1.0,0.5,36000,48000,1796.0,0hp,3
cwru_native12.load.v1,1,CWRU,train,n12L:CWRU:cwru_n12_FE_310:FE:train:42000-54000,cwrun12_FE_OR014,FE_OR014,cwru_n12_FE_310,data/raw_cwru_12k_fe/OR014@3_0_FE12k.mat,X310_FE_time,09e94ad346b84bbeb4cd172d5d66aacd08857369b23547a540cd266f71a18c17,310,OR014@3,outer_race,14 mil,FE,FE,FE,CWRU_FE_6203,FE,12000,1.0,0.5,42000,54000,1796.0,0hp,3
cwru_native12.load.v1,1,CWRU,train,n12L:CWRU:cwru_n12_FE_310:FE:train:48000-60000,cwrun12_FE_OR014,FE_OR014,cwru_n12_FE_310,data/raw_cwru_12k_fe/OR014@3_0_FE12k.mat,X310_FE_time,09e94ad346b84bbeb4cd172d5d66aacd08857369b23547a540cd266f71a18c17,310,OR014@3,outer_race,14 mil,FE,FE,FE,CWRU_FE_6203,FE,12000,1.0,0.5,48000,60000,1796.0,0hp,3
cwru_native12.load.v1,1,CWRU,train,n12L:CWRU:cwru_n12_FE_310:FE:train:54000-66000,cwrun12_FE_OR014,FE_OR014,cwru_n12_FE_310,data/raw_cwru_12k_fe/OR014@3_0_FE12k.mat,X310_FE_time,09e94ad346b84bbeb4cd172d5d66aacd08857369b23547a540cd266f71a18c17,310,OR014@3,outer_race,14 mil,FE,FE,FE,CWRU_FE_6203,FE,12000,1.0,0.5,54000,66000,1796.0,0hp,3
cwru_native12.load.v1,1,CWRU,train,n12L:CWRU:cwru_n12_FE_310:FE:train:60000-72000,cwrun12_FE_OR014,FE_OR014,cwru_n12_FE_310,data/raw_cwru_12k_fe/OR014@3_0_FE12k.mat,X310_FE_time,09e94ad346b84bbeb4cd172d5d66aacd08857369b23547a540cd266f71a18c17,310,OR014@3,outer_race,14 mil,FE,FE,FE,CWRU_FE_6203,FE,12000,1.0,0.5,60000,72000,1796.0,0hp,3
cwru_native12.load.v1,1,CWRU,train,n12L:CWRU:cwru_n12_FE_310:FE:train:66000-78000,cwrun12_FE_OR014,FE_OR014,cwru_n12_FE_310,data/raw_cwru_12k_fe/OR014@3_0_FE12k.mat,X310_FE_time,09e94ad346b84bbeb4cd172d5d66aacd08857369b23547a540cd266f71a18c17,310,OR014@3,outer_race,14 mil,FE,FE,FE,CWRU_FE_6203,FE,12000,1.0,0.5,66000,78000,1796.0,0hp,3
cwru_native12.load.v1,1,CWRU,train,n12L:CWRU:cwru_n12_FE_310:FE:train:72000-84000,cwrun12_FE_OR014,FE_OR014,cwru_n12_FE_310,data/raw_cwru_12k_fe/OR014@3_0_FE12k.mat,X310_FE_time,09e94ad346b84bbeb4cd172d5d66aacd08857369b23547a540cd266f71a18c17,310,OR014@3,outer_race,14 mil,FE,FE,FE,CWRU_FE_6203,FE,12000,1.0,0.5,72000,84000,1796.0,0hp,3
cwru_native12.load.v1,1,CWRU,train,n12L:CWRU:cwru_n12_FE_310:FE:train:78000-90000,cwrun12_FE_OR014,FE_OR014,cwru_n12_FE_310,data/raw_cwru_12k_fe/OR014@3_0_FE12k.mat,X310_FE_time,09e94ad346b84bbeb4cd172d5d66aacd08857369b23547a540cd266f71a18c17,310,OR014@3,outer_race,14 mil,FE,FE,FE,CWRU_FE_6203,FE,12000,1.0,0.5,78000,90000,1796.0,0hp,3
cwru_native12.load.v1,1,CWRU,train,n12L:CWRU:cwru_n12_FE_310:FE:train:84000-96000,cwrun12_FE_OR014,FE_OR014,cwru_n12_FE_310,data/raw_cwru_12k_fe/OR014@3_0_FE12k.mat,X310_FE_time,09e94ad346b84bbeb4cd172d5d66aacd08857369b23547a540cd266f71a18c17,310,OR014@3,outer_race,14 mil,FE,FE,FE,CWRU_FE_6203,FE,12000,1.0,0.5,84000,96000,1796.0,0hp,3
cwru_native12.load.v1,1,CWRU,train,n12L:CWRU:cwru_n12_FE_310:FE:train:90000-102000,cwrun12_FE_OR014,FE_OR014,cwru_n12_FE_310,data/raw_cwru_12k_fe/OR014@3_0_FE12k.mat,X310_FE_time,09e94ad346b84bbeb4cd172d5d66aacd08857369b23547a540cd266f71a18c17,310,OR014@3,outer_race,14 mil,FE,FE,FE,CWRU_FE_6203,FE,12000,1.0,0.5,90000,102000,1796.0,0hp,3
cwru_native12.load.v1,1,CWRU,train,n12L:CWRU:cwru_n12_FE_310:FE:train:96000-108000,cwrun12_FE_OR014,FE_OR014,cwru_n12_FE_310,data/raw_cwru_12k_fe/OR014@3_0_FE12k.mat,X310_FE_time,09e94ad346b84bbeb4cd172d5d66aacd08857369b23547a540cd266f71a18c17,310,OR014@3,outer_race,14 mil,FE,FE,FE,CWRU_FE_6203,FE,12000,1.0,0.5,96000,108000,1796.0,0hp,3
cwru_native12.load.v1,1,CWRU,train,n12L:CWRU:cwru_n12_FE_310:FE:train:102000-114000,cwrun12_FE_OR014,FE_OR014,cwru_n12_FE_310,data/raw_cwru_12k_fe/OR014@3_0_FE12k.mat,X310_FE_time,09e94ad346b84bbeb4cd172d5d66aacd08857369b23547a540cd266f71a18c17,310,OR014@3,outer_race,14 mil,FE,FE,FE,CWRU_FE_6203,FE,12000,1.0,0.5,102000,114000,1796.0,0hp,3
cwru_native12.load.v1,1,CWRU,train,n12L:CWRU:cwru_n12_FE_310:FE:train:108000-120000,cwrun12_FE_OR014,FE_OR014,cwru_n12_FE_310,data/raw_cwru_12k_fe/OR014@3_0_FE12k.mat,X310_FE_time,09e94ad346b84bbeb4cd172d5d66aacd08857369b23547a540cd266f71a18c17,310,OR014@3,outer_race,14 mil,FE,FE,FE,CWRU_FE_6203,FE,12000,1.0,0.5,108000,120000,1796.0,0hp,3
cwru_native12.load.v1,1,CWRU,train,n12L:CWRU:cwru_n12_FE_309:FE:train:0-12000,cwrun12_FE_OR014,FE_OR014,cwru_n12_FE_309,data/raw_cwru_12k_fe/OR014@3_1_FE12k.mat,X309_FE_time,af7f88db380cc666a06d14c465f7e2bb9b6c5db53daf2fbcfc966654f01577ce,309,OR014@3,outer_race,14 mil,FE,FE,FE,CWRU_FE_6203,FE,12000,1.0,0.5,0,12000,1774.0,1hp,3
cwru_native12.load.v1,1,CWRU,train,n12L:CWRU:cwru_n12_FE_309:FE:train:6000-18000,cwrun12_FE_OR014,FE_OR014,cwru_n12_FE_309,data/raw_cwru_12k_fe/OR014@3_1_FE12k.mat,X309_FE_time,af7f88db380cc666a06d14c465f7e2bb9b6c5db53daf2fbcfc966654f01577ce,309,OR014@3,outer_race,14 mil,FE,FE,FE,CWRU_FE_6203,FE,12000,1.0,0.5,6000,18000,1774.0,1hp,3
cwru_native12.load.v1,1,CWRU,train,n12L:CWRU:cwru_n12_FE_309:FE:train:12000-24000,cwrun12_FE_OR014,FE_OR014,cwru_n12_FE_309,data/raw_cwru_12k_fe/OR014@3_1_FE12k.mat,X309_FE_time,af7f88db380cc666a06d14c465f7e2bb9b6c5db53daf2fbcfc966654f01577ce,309,OR014@3,outer_race,14 mil,FE,FE,FE,CWRU_FE_6203,FE,12000,1.0,0.5,12000,24000,1774.0,1hp,3
cwru_native12.load.v1,1,CWRU,train,n12L:CWRU:cwru_n12_FE_309:FE:train:18000-30000,cwrun12_FE_OR014,FE_OR014,cwru_n12_FE_309,data/raw_cwru_12k_fe/OR014@3_1_FE12k.mat,X309_FE_time,af7f88db380cc666a06d14c465f7e2bb9b6c5db53daf2fbcfc966654f01577ce,309,OR014@3,outer_race,14 mil,FE,FE,FE,CWRU_FE_6203,FE,12000,1.0,0.5,18000,30000,1774.0,1hp,3
cwru_native12.load.v1,1,CWRU,train,n12L:CWRU:cwru_n12_FE_309:FE:train:24000-36000,cwrun12_FE_OR014,FE_OR014,cwru_n12_FE_309,data/raw_cwru_12k_fe/OR014@3_1_FE12k.mat,X309_FE_time,af7f88db380cc666a06d14c465f7e2bb9b6c5db53daf2fbcfc966654f01577ce,309,OR014@3,outer_race,14 mil,FE,FE,FE,CWRU_FE_6203,FE,12000,1.0,0.5,24000,36000,1774.0,1hp,3
cwru_native12.load.v1,1,CWRU,train,n12L:CWRU:cwru_n12_FE_309:FE:train:30000-42000,cwrun12_FE_OR014,FE_OR014,cwru_n12_FE_309,data/raw_cwru_12k_fe/OR014@3_1_FE12k.mat,X309_FE_time,af7f88db380cc666a06d14c465f7e2bb9b6c5db53daf2fbcfc966654f01577ce,309,OR014@3,outer_race,14 mil,FE,FE,FE,CWRU_FE_6203,FE,12000,1.0,0.5,30000,42000,1774.0,1hp,3
cwru_native12.load.v1,1,CWRU,train,n12L:CWRU:cwru_n12_FE_309:FE:train:36000-48000,cwrun12_FE_OR014,FE_OR014,cwru_n12_FE_309,data/raw_cwru_12k_fe/OR014@3_1_FE12k.mat,X309_FE_time,af7f88db380cc666a06d14c465f7e2bb9b6c5db53daf2fbcfc966654f01577ce,309,OR014@3,outer_race,14 mil,FE,FE,FE,CWRU_FE_6203,FE,12000,1.0,0.5,36000,48000,1774.0,1hp,3
cwru_native12.load.v1,1,CWRU,train,n12L:CWRU:cwru_n12_FE_309:FE:train:42000-54000,cwrun12_FE_OR014,FE_OR014,cwru_n12_FE_309,data/raw_cwru_12k_fe/OR014@3_1_FE12k.mat,X309_FE_time,af7f88db380cc666a06d14c465f7e2bb9b6c5db53daf2fbcfc966654f01577ce,309,OR014@3,outer_race,14 mil,FE,FE,FE,CWRU_FE_6203,FE,12000,1.0,0.5,42000,54000,1774.0,1hp,3
cwru_native12.load.v1,1,CWRU,train,n12L:CWRU:cwru_n12_FE_309:FE:train:48000-60000,cwrun12_FE_OR014,FE_OR014,cwru_n12_FE_309,data/raw_cwru_12k_fe/OR014@3_1_FE12k.mat,X309_FE_time,af7f88db380cc666a06d14c465f7e2bb9b6c5db53daf2fbcfc966654f01577ce,309,OR014@3,outer_race,14 mil,FE,FE,FE,CWRU_FE_6203,FE,12000,1.0,0.5,48000,60000,1774.0,1hp,3
cwru_native12.load.v1,1,CWRU,train,n12L:CWRU:cwru_n12_FE_309:FE:train:54000-66000,cwrun12_FE_OR014,FE_OR014,cwru_n12_FE_309,data/raw_cwru_12k_fe/OR014@3_1_FE12k.mat,X309_FE_time,af7f88db380cc666a06d14c465f7e2bb9b6c5db53daf2fbcfc966654f01577ce,309,OR014@3,outer_race,14 mil,FE,FE,FE,CWRU_FE_6203,FE,12000,1.0,0.5,54000,66000,1774.0,1hp,3
cwru_native12.load.v1,1,CWRU,train,n12L:CWRU:cwru_n12_FE_309:FE:train:60000-72000,cwrun12_FE_OR014,FE_OR014,cwru_n12_FE_309,data/raw_cwru_12k_fe/OR014@3_1_FE12k.mat,X309_FE_time,af7f88db380cc666a06d14c465f7e2bb9b6c5db53daf2fbcfc966654f01577ce,309,OR014@3,outer_race,14 mil,FE,FE,FE,CWRU_FE_6203,FE,12000,1.0,0.5,60000,72000,1774.0,1hp,3
cwru_native12.load.v1,1,CWRU,train,n12L:CWRU:cwru_n12_FE_309:FE:train:66000-78000,cwrun12_FE_OR014,FE_OR014,cwru_n12_FE_309,data/raw_cwru_12k_fe/OR014@3_1_FE12k.mat,X309_FE_time,af7f88db380cc666a06d14c465f7e2bb9b6c5db53daf2fbcfc966654f01577ce,309,OR014@3,outer_race,14 mil,FE,FE,FE,CWRU_FE_6203,FE,12000,1.0,0.5,66000,78000,1774.0,1hp,3
cwru_native12.load.v1,1,CWRU,train,n12L:CWRU:cwru_n12_FE_309:FE:train:72000-84000,cwrun12_FE_OR014,FE_OR014,cwru_n12_FE_309,data/raw_cwru_12k_fe/OR014@3_1_FE12k.mat,X309_FE_time,af7f88db380cc666a06d14c465f7e2bb9b6c5db53daf2fbcfc966654f01577ce,309,OR014@3,outer_race,14 mil,FE,FE,FE,CWRU_FE_6203,FE,12000,1.0,0.5,72000,84000,1774.0,1hp,3
cwru_native12.load.v1,1,CWRU,train,n12L:CWRU:cwru_n12_FE_309:FE:train:78000-90000,cwrun12_FE_OR014,FE_OR014,cwru_n12_FE_309,data/raw_cwru_12k_fe/OR014@3_1_FE12k.mat,X309_FE_time,af7f88db380cc666a06d14c465f7e2bb9b6c5db53daf2fbcfc966654f01577ce,309,OR014@3,outer_race,14 mil,FE,FE,FE,CWRU_FE_6203,FE,12000,1.0,0.5,78000,90000,1774.0,1hp,3
cwru_native12.load.v1,1,CWRU,train,n12L:CWRU:cwru_n12_FE_309:FE:train:84000-96000,cwrun12_FE_OR014,FE_OR014,cwru_n12_FE_309,data/raw_cwru_12k_fe/OR014@3_1_FE12k.mat,X309_FE_time,af7f88db380cc666a06d14c465f7e2bb9b6c5db53daf2fbcfc966654f01577ce,309,OR014@3,outer_race,14 mil,FE,FE,FE,CWRU_FE_6203,FE,12000,1.0,0.5,84000,96000,1774.0,1hp,3
cwru_native12.load.v1,1,CWRU,train,n12L:CWRU:cwru_n12_FE_309:FE:train:90000-102000,cwrun12_FE_OR014,FE_OR014,cwru_n12_FE_309,data/raw_cwru_12k_fe/OR014@3_1_FE12k.mat,X309_FE_time,af7f88db380cc666a06d14c465f7e2bb9b6c5db53daf2fbcfc966654f01577ce,309,OR014@3,outer_race,14 mil,FE,FE,FE,CWRU_FE_6203,FE,12000,1.0,0.5,90000,102000,1774.0,1hp,3
cwru_native12.load.v1,1,CWRU,train,n12L:CWRU:cwru_n12_FE_309:FE:train:96000-108000,cwrun12_FE_OR014,FE_OR014,cwru_n12_FE_309,data/raw_cwru_12k_fe/OR014@3_1_FE12k.mat,X309_FE_time,af7f88db380cc666a06d14c465f7e2bb9b6c5db53daf2fbcfc966654f01577ce,309,OR014@3,outer_race,14 mil,FE,FE,FE,CWRU_FE_6203,FE,12000,1.0,0.5,96000,108000,1774.0,1hp,3
cwru_native12.load.v1,1,CWRU,train,n12L:CWRU:cwru_n12_FE_309:FE:train:102000-114000,cwrun12_FE_OR014,FE_OR014,cwru_n12_FE_309,data/raw_cwru_12k_fe/OR014@3_1_FE12k.mat,X309_FE_time,af7f88db380cc666a06d14c465f7e2bb9b6c5db53daf2fbcfc966654f01577ce,309,OR014@3,outer_race,14 mil,FE,FE,FE,CWRU_FE_6203,FE,12000,1.0,0.5,102000,114000,1774.0,1hp,3
cwru_native12.load.v1,1,CWRU,train,n12L:CWRU:cwru_n12_FE_309:FE:train:108000-120000,cwrun12_FE_OR014,FE_OR014,cwru_n12_FE_309,data/raw_cwru_12k_fe/OR014@3_1_FE12k.mat,X309_FE_time,af7f88db380cc666a06d14c465f7e2bb9b6c5db53daf2fbcfc966654f01577ce,309,OR014@3,outer_race,14 mil,FE,FE,FE,CWRU_FE_6203,FE,12000,1.0,0.5,108000,120000,1774.0,1hp,3
cwru_native12.load.v1,1,CWRU,validation,n12L:CWRU:cwru_n12_FE_311:FE:validation:0-12000,cwrun12_FE_OR014,FE_OR014,cwru_n12_FE_311,data/raw_cwru_12k_fe/OR014@3_2_FE12k.mat,X311_FE_time,8b5f2efba1c9d45cc88b9ced3bb02a2963ecbcc4ed15034f91e1295bf19db4fb,311,OR014@3,outer_race,14 mil,FE,FE,FE,CWRU_FE_6203,FE,12000,1.0,1.0,0,12000,1752.0,2hp,3
cwru_native12.load.v1,1,CWRU,validation,n12L:CWRU:cwru_n12_FE_311:FE:validation:12000-24000,cwrun12_FE_OR014,FE_OR014,cwru_n12_FE_311,data/raw_cwru_12k_fe/OR014@3_2_FE12k.mat,X311_FE_time,8b5f2efba1c9d45cc88b9ced3bb02a2963ecbcc4ed15034f91e1295bf19db4fb,311,OR014@3,outer_race,14 mil,FE,FE,FE,CWRU_FE_6203,FE,12000,1.0,1.0,12000,24000,1752.0,2hp,3
cwru_native12.load.v1,1,CWRU,validation,n12L:CWRU:cwru_n12_FE_311:FE:validation:24000-36000,cwrun12_FE_OR014,FE_OR014,cwru_n12_FE_311,data/raw_cwru_12k_fe/OR014@3_2_FE12k.mat,X311_FE_time,8b5f2efba1c9d45cc88b9ced3bb02a2963ecbcc4ed15034f91e1295bf19db4fb,311,OR014@3,outer_race,14 mil,FE,FE,FE,CWRU_FE_6203,FE,12000,1.0,1.0,24000,36000,1752.0,2hp,3
cwru_native12.load.v1,1,CWRU,validation,n12L:CWRU:cwru_n12_FE_311:FE:validation:36000-48000,cwrun12_FE_OR014,FE_OR014,cwru_n12_FE_311,data/raw_cwru_12k_fe/OR014@3_2_FE12k.mat,X311_FE_time,8b5f2efba1c9d45cc88b9ced3bb02a2963ecbcc4ed15034f91e1295bf19db4fb,311,OR014@3,outer_race,14 mil,FE,FE,FE,CWRU_FE_6203,FE,12000,1.0,1.0,36000,48000,1752.0,2hp,3
cwru_native12.load.v1,1,CWRU,validation,n12L:CWRU:cwru_n12_FE_311:FE:validation:48000-60000,cwrun12_FE_OR014,FE_OR014,cwru_n12_FE_311,data/raw_cwru_12k_fe/OR014@3_2_FE12k.mat,X311_FE_time,8b5f2efba1c9d45cc88b9ced3bb02a2963ecbcc4ed15034f91e1295bf19db4fb,311,OR014@3,outer_race,14 mil,FE,FE,FE,CWRU_FE_6203,FE,12000,1.0,1.0,48000,60000,1752.0,2hp,3
cwru_native12.load.v1,1,CWRU,validation,n12L:CWRU:cwru_n12_FE_311:FE:validation:60000-72000,cwrun12_FE_OR014,FE_OR014,cwru_n12_FE_311,data/raw_cwru_12k_fe/OR014@3_2_FE12k.mat,X311_FE_time,8b5f2efba1c9d45cc88b9ced3bb02a2963ecbcc4ed15034f91e1295bf19db4fb,311,OR014@3,outer_race,14 mil,FE,FE,FE,CWRU_FE_6203,FE,12000,1.0,1.0,60000,72000,1752.0,2hp,3
cwru_native12.load.v1,1,CWRU,validation,n12L:CWRU:cwru_n12_FE_311:FE:validation:72000-84000,cwrun12_FE_OR014,FE_OR014,cwru_n12_FE_311,data/raw_cwru_12k_fe/OR014@3_2_FE12k.mat,X311_FE_time,8b5f2efba1c9d45cc88b9ced3bb02a2963ecbcc4ed15034f91e1295bf19db4fb,311,OR014@3,outer_race,14 mil,FE,FE,FE,CWRU_FE_6203,FE,12000,1.0,1.0,72000,84000,1752.0,2hp,3
cwru_native12.load.v1,1,CWRU,validation,n12L:CWRU:cwru_n12_FE_311:FE:validation:84000-96000,cwrun12_FE_OR014,FE_OR014,cwru_n12_FE_311,data/raw_cwru_12k_fe/OR014@3_2_FE12k.mat,X311_FE_time,8b5f2efba1c9d45cc88b9ced3bb02a2963ecbcc4ed15034f91e1295bf19db4fb,311,OR014@3,outer_race,14 mil,FE,FE,FE,CWRU_FE_6203,FE,12000,1.0,1.0,84000,96000,1752.0,2hp,3
cwru_native12.load.v1,1,CWRU,validation,n12L:CWRU:cwru_n12_FE_311:FE:validation:96000-108000,cwrun12_FE_OR014,FE_OR014,cwru_n12_FE_311,data/raw_cwru_12k_fe/OR014@3_2_FE12k.mat,X311_FE_time,8b5f2efba1c9d45cc88b9ced3bb02a2963ecbcc4ed15034f91e1295bf19db4fb,311,OR014@3,outer_race,14 mil,FE,FE,FE,CWRU_FE_6203,FE,12000,1.0,1.0,96000,108000,1752.0,2hp,3
cwru_native12.load.v1,1,CWRU,validation,n12L:CWRU:cwru_n12_FE_311:FE:validation:108000-120000,cwrun12_FE_OR014,FE_OR014,cwru_n12_FE_311,data/raw_cwru_12k_fe/OR014@3_2_FE12k.mat,X311_FE_time,8b5f2efba1c9d45cc88b9ced3bb02a2963ecbcc4ed15034f91e1295bf19db4fb,311,OR014@3,outer_race,14 mil,FE,FE,FE,CWRU_FE_6203,FE,12000,1.0,1.0,108000,120000,1752.0,2hp,3
cwru_native12.load.v1,1,CWRU,test,n12L:CWRU:cwru_n12_FE_312:FE:test:0-12000,cwrun12_FE_OR014,FE_OR014,cwru_n12_FE_312,data/raw_cwru_12k_fe/OR014@3_3_FE12k.mat,X312_FE_time,e4f22d6012d316f62f9a46add474af6f956a8365a3eb2115904be0a9abc29f7f,312,OR014@3,outer_race,14 mil,FE,FE,FE,CWRU_FE_6203,FE,12000,1.0,1.0,0,12000,1728.0,3hp,3
cwru_native12.load.v1,1,CWRU,test,n12L:CWRU:cwru_n12_FE_312:FE:test:12000-24000,cwrun12_FE_OR014,FE_OR014,cwru_n12_FE_312,data/raw_cwru_12k_fe/OR014@3_3_FE12k.mat,X312_FE_time,e4f22d6012d316f62f9a46add474af6f956a8365a3eb2115904be0a9abc29f7f,312,OR014@3,outer_race,14 mil,FE,FE,FE,CWRU_FE_6203,FE,12000,1.0,1.0,12000,24000,1728.0,3hp,3
cwru_native12.load.v1,1,CWRU,test,n12L:CWRU:cwru_n12_FE_312:FE:test:24000-36000,cwrun12_FE_OR014,FE_OR014,cwru_n12_FE_312,data/raw_cwru_12k_fe/OR014@3_3_FE12k.mat,X312_FE_time,e4f22d6012d316f62f9a46add474af6f956a8365a3eb2115904be0a9abc29f7f,312,OR014@3,outer_race,14 mil,FE,FE,FE,CWRU_FE_6203,FE,12000,1.0,1.0,24000,36000,1728.0,3hp,3
cwru_native12.load.v1,1,CWRU,test,n12L:CWRU:cwru_n12_FE_312:FE:test:36000-48000,cwrun12_FE_OR014,FE_OR014,cwru_n12_FE_312,data/raw_cwru_12k_fe/OR014@3_3_FE12k.mat,X312_FE_time,e4f22d6012d316f62f9a46add474af6f956a8365a3eb2115904be0a9abc29f7f,312,OR014@3,outer_race,14 mil,FE,FE,FE,CWRU_FE_6203,FE,12000,1.0,1.0,36000,48000,1728.0,3hp,3
cwru_native12.load.v1,1,CWRU,test,n12L:CWRU:cwru_n12_FE_312:FE:test:48000-60000,cwrun12_FE_OR014,FE_OR014,cwru_n12_FE_312,data/raw_cwru_12k_fe/OR014@3_3_FE12k.mat,X312_FE_time,e4f22d6012d316f62f9a46add474af6f956a8365a3eb2115904be0a9abc29f7f,312,OR014@3,outer_race,14 mil,FE,FE,FE,CWRU_FE_6203,FE,12000,1.0,1.0,48000,60000,1728.0,3hp,3
cwru_native12.load.v1,1,CWRU,test,n12L:CWRU:cwru_n12_FE_312:FE:test:60000-72000,cwrun12_FE_OR014,FE_OR014,cwru_n12_FE_312,data/raw_cwru_12k_fe/OR014@3_3_FE12k.mat,X312_FE_time,e4f22d6012d316f62f9a46add474af6f956a8365a3eb2115904be0a9abc29f7f,312,OR014@3,outer_race,14 mil,FE,FE,FE,CWRU_FE_6203,FE,12000,1.0,1.0,60000,72000,1728.0,3hp,3
cwru_native12.load.v1,1,CWRU,test,n12L:CWRU:cwru_n12_FE_312:FE:test:72000-84000,cwrun12_FE_OR014,FE_OR014,cwru_n12_FE_312,data/raw_cwru_12k_fe/OR014@3_3_FE12k.mat,X312_FE_time,e4f22d6012d316f62f9a46add474af6f956a8365a3eb2115904be0a9abc29f7f,312,OR014@3,outer_race,14 mil,FE,FE,FE,CWRU_FE_6203,FE,12000,1.0,1.0,72000,84000,1728.0,3hp,3
cwru_native12.load.v1,1,CWRU,test,n12L:CWRU:cwru_n12_FE_312:FE:test:84000-96000,cwrun12_FE_OR014,FE_OR014,cwru_n12_FE_312,data/raw_cwru_12k_fe/OR014@3_3_FE12k.mat,X312_FE_time,e4f22d6012d316f62f9a46add474af6f956a8365a3eb2115904be0a9abc29f7f,312,OR014@3,outer_race,14 mil,FE,FE,FE,CWRU_FE_6203,FE,12000,1.0,1.0,84000,96000,1728.0,3hp,3
cwru_native12.load.v1,1,CWRU,test,n12L:CWRU:cwru_n12_FE_312:FE:test:96000-108000,cwrun12_FE_OR014,FE_OR014,cwru_n12_FE_312,data/raw_cwru_12k_fe/OR014@3_3_FE12k.mat,X312_FE_time,e4f22d6012d316f62f9a46add474af6f956a8365a3eb2115904be0a9abc29f7f,312,OR014@3,outer_race,14 mil,FE,FE,FE,CWRU_FE_6203,FE,12000,1.0,1.0,96000,108000,1728.0,3hp,3
cwru_native12.load.v1,1,CWRU,test,n12L:CWRU:cwru_n12_FE_312:FE:test:108000-120000,cwrun12_FE_OR014,FE_OR014,cwru_n12_FE_312,data/raw_cwru_12k_fe/OR014@3_3_FE12k.mat,X312_FE_time,e4f22d6012d316f62f9a46add474af6f956a8365a3eb2115904be0a9abc29f7f,312,OR014@3,outer_race,14 mil,FE,FE,FE,CWRU_FE_6203,FE,12000,1.0,1.0,108000,120000,1728.0,3hp,3
cwru_native12.load.v1,1,CWRU,train,n12L:CWRU:cwru_n12_FE_313:FE:train:0-12000,cwrun12_FE_OR014,FE_OR014,cwru_n12_FE_313,data/raw_cwru_12k_fe/OR014@6_0_FE12k.mat,X313_FE_time,74adda10ce37f133a16d1caf62f2a2c17434a56c18db5af2612eaf127897bc1f,313,OR014@6,outer_race,14 mil,FE,FE,FE,CWRU_FE_6203,FE,12000,1.0,0.5,0,12000,1797.0,0hp,6
cwru_native12.load.v1,1,CWRU,train,n12L:CWRU:cwru_n12_FE_313:FE:train:6000-18000,cwrun12_FE_OR014,FE_OR014,cwru_n12_FE_313,data/raw_cwru_12k_fe/OR014@6_0_FE12k.mat,X313_FE_time,74adda10ce37f133a16d1caf62f2a2c17434a56c18db5af2612eaf127897bc1f,313,OR014@6,outer_race,14 mil,FE,FE,FE,CWRU_FE_6203,FE,12000,1.0,0.5,6000,18000,1797.0,0hp,6
cwru_native12.load.v1,1,CWRU,train,n12L:CWRU:cwru_n12_FE_313:FE:train:12000-24000,cwrun12_FE_OR014,FE_OR014,cwru_n12_FE_313,data/raw_cwru_12k_fe/OR014@6_0_FE12k.mat,X313_FE_time,74adda10ce37f133a16d1caf62f2a2c17434a56c18db5af2612eaf127897bc1f,313,OR014@6,outer_race,14 mil,FE,FE,FE,CWRU_FE_6203,FE,12000,1.0,0.5,12000,24000,1797.0,0hp,6
cwru_native12.load.v1,1,CWRU,train,n12L:CWRU:cwru_n12_FE_313:FE:train:18000-30000,cwrun12_FE_OR014,FE_OR014,cwru_n12_FE_313,data/raw_cwru_12k_fe/OR014@6_0_FE12k.mat,X313_FE_time,74adda10ce37f133a16d1caf62f2a2c17434a56c18db5af2612eaf127897bc1f,313,OR014@6,outer_race,14 mil,FE,FE,FE,CWRU_FE_6203,FE,12000,1.0,0.5,18000,30000,1797.0,0hp,6
cwru_native12.load.v1,1,CWRU,train,n12L:CWRU:cwru_n12_FE_313:FE:train:24000-36000,cwrun12_FE_OR014,FE_OR014,cwru_n12_FE_313,data/raw_cwru_12k_fe/OR014@6_0_FE12k.mat,X313_FE_time,74adda10ce37f133a16d1caf62f2a2c17434a56c18db5af2612eaf127897bc1f,313,OR014@6,outer_race,14 mil,FE,FE,FE,CWRU_FE_6203,FE,12000,1.0,0.5,24000,36000,1797.0,0hp,6
cwru_native12.load.v1,1,CWRU,train,n12L:CWRU:cwru_n12_FE_313:FE:train:30000-42000,cwrun12_FE_OR014,FE_OR014,cwru_n12_FE_313,data/raw_cwru_12k_fe/OR014@6_0_FE12k.mat,X313_FE_time,74adda10ce37f133a16d1caf62f2a2c17434a56c18db5af2612eaf127897bc1f,313,OR014@6,outer_race,14 mil,FE,FE,FE,CWRU_FE_6203,FE,12000,1.0,0.5,30000,42000,1797.0,0hp,6
cwru_native12.load.v1,1,CWRU,train,n12L:CWRU:cwru_n12_FE_313:FE:train:36000-48000,cwrun12_FE_OR014,FE_OR014,cwru_n12_FE_313,data/raw_cwru_12k_fe/OR014@6_0_FE12k.mat,X313_FE_time,74adda10ce37f133a16d1caf62f2a2c17434a56c18db5af2612eaf127897bc1f,313,OR014@6,outer_race,14 mil,FE,FE,FE,CWRU_FE_6203,FE,12000,1.0,0.5,36000,48000,1797.0,0hp,6
cwru_native12.load.v1,1,CWRU,train,n12L:CWRU:cwru_n12_FE_313:FE:train:42000-54000,cwrun12_FE_OR014,FE_OR014,cwru_n12_FE_313,data/raw_cwru_12k_fe/OR014@6_0_FE12k.mat,X313_FE_time,74adda10ce37f133a16d1caf62f2a2c17434a56c18db5af2612eaf127897bc1f,313,OR014@6,outer_race,14 mil,FE,FE,FE,CWRU_FE_6203,FE,12000,1.0,0.5,42000,54000,1797.0,0hp,6
cwru_native12.load.v1,1,CWRU,train,n12L:CWRU:cwru_n12_FE_313:FE:train:48000-60000,cwrun12_FE_OR014,FE_OR014,cwru_n12_FE_313,data/raw_cwru_12k_fe/OR014@6_0_FE12k.mat,X313_FE_time,74adda10ce37f133a16d1caf62f2a2c17434a56c18db5af2612eaf127897bc1f,313,OR014@6,outer_race,14 mil,FE,FE,FE,CWRU_FE_6203,FE,12000,1.0,0.5,48000,60000,1797.0,0hp,6
cwru_native12.load.v1,1,CWRU,train,n12L:CWRU:cwru_n12_FE_313:FE:train:54000-66000,cwrun12_FE_OR014,FE_OR014,cwru_n12_FE_313,data/raw_cwru_12k_fe/OR014@6_0_FE12k.mat,X313_FE_time,74adda10ce37f133a16d1caf62f2a2c17434a56c18db5af2612eaf127897bc1f,313,OR014@6,outer_race,14 mil,FE,FE,FE,CWRU_FE_6203,FE,12000,1.0,0.5,54000,66000,1797.0,0hp,6
cwru_native12.load.v1,1,CWRU,train,n12L:CWRU:cwru_n12_FE_313:FE:train:60000-72000,cwrun12_FE_OR014,FE_OR014,cwru_n12_FE_313,data/raw_cwru_12k_fe/OR014@6_0_FE12k.mat,X313_FE_time,74adda10ce37f133a16d1caf62f2a2c17434a56c18db5af2612eaf127897bc1f,313,OR014@6,outer_race,14 mil,FE,FE,FE,CWRU_FE_6203,FE,12000,1.0,0.5,60000,72000,1797.0,0hp,6
cwru_native12.load.v1,1,CWRU,train,n12L:CWRU:cwru_n12_FE_313:FE:train:66000-78000,cwrun12_FE_OR014,FE_OR014,cwru_n12_FE_313,data/raw_cwru_12k_fe/OR014@6_0_FE12k.mat,X313_FE_time,74adda10ce37f133a16d1caf62f2a2c17434a56c18db5af2612eaf127897bc1f,313,OR014@6,outer_race,14 mil,FE,FE,FE,CWRU_FE_6203,FE,12000,1.0,0.5,66000,78000,1797.0,0hp,6
cwru_native12.load.v1,1,CWRU,train,n12L:CWRU:cwru_n12_FE_313:FE:train:72000-84000,cwrun12_FE_OR014,FE_OR014,cwru_n12_FE_313,data/raw_cwru_12k_fe/OR014@6_0_FE12k.mat,X313_FE_time,74adda10ce37f133a16d1caf62f2a2c17434a56c18db5af2612eaf127897bc1f,313,OR014@6,outer_race,14 mil,FE,FE,FE,CWRU_FE_6203,FE,12000,1.0,0.5,72000,84000,1797.0,0hp,6
cwru_native12.load.v1,1,CWRU,train,n12L:CWRU:cwru_n12_FE_313:FE:train:78000-90000,cwrun12_FE_OR014,FE_OR014,cwru_n12_FE_313,data/raw_cwru_12k_fe/OR014@6_0_FE12k.mat,X313_FE_time,74adda10ce37f133a16d1caf62f2a2c17434a56c18db5af2612eaf127897bc1f,313,OR014@6,outer_race,14 mil,FE,FE,FE,CWRU_FE_6203,FE,12000,1.0,0.5,78000,90000,1797.0,0hp,6
cwru_native12.load.v1,1,CWRU,train,n12L:CWRU:cwru_n12_FE_313:FE:train:84000-96000,cwrun12_FE_OR014,FE_OR014,cwru_n12_FE_313,data/raw_cwru_12k_fe/OR014@6_0_FE12k.mat,X313_FE_time,74adda10ce37f133a16d1caf62f2a2c17434a56c18db5af2612eaf127897bc1f,313,OR014@6,outer_race,14 mil,FE,FE,FE,CWRU_FE_6203,FE,12000,1.0,0.5,84000,96000,1797.0,0hp,6
cwru_native12.load.v1,1,CWRU,train,n12L:CWRU:cwru_n12_FE_313:FE:train:90000-102000,cwrun12_FE_OR014,FE_OR014,cwru_n12_FE_313,data/raw_cwru_12k_fe/OR014@6_0_FE12k.mat,X313_FE_time,74adda10ce37f133a16d1caf62f2a2c17434a56c18db5af2612eaf127897bc1f,313,OR014@6,outer_race,14 mil,FE,FE,FE,CWRU_FE_6203,FE,12000,1.0,0.5,90000,102000,1797.0,0hp,6
cwru_native12.load.v1,1,CWRU,train,n12L:CWRU:cwru_n12_FE_313:FE:train:96000-108000,cwrun12_FE_OR014,FE_OR014,cwru_n12_FE_313,data/raw_cwru_12k_fe/OR014@6_0_FE12k.mat,X313_FE_time,74adda10ce37f133a16d1caf62f2a2c17434a56c18db5af2612eaf127897bc1f,313,OR014@6,outer_race,14 mil,FE,FE,FE,CWRU_FE_6203,FE,12000,1.0,0.5,96000,108000,1797.0,0hp,6
cwru_native12.load.v1,1,CWRU,train,n12L:CWRU:cwru_n12_FE_313:FE:train:102000-114000,cwrun12_FE_OR014,FE_OR014,cwru_n12_FE_313,data/raw_cwru_12k_fe/OR014@6_0_FE12k.mat,X313_FE_time,74adda10ce37f133a16d1caf62f2a2c17434a56c18db5af2612eaf127897bc1f,313,OR014@6,outer_race,14 mil,FE,FE,FE,CWRU_FE_6203,FE,12000,1.0,0.5,102000,114000,1797.0,0hp,6
cwru_native12.load.v1,1,CWRU,train,n12L:CWRU:cwru_n12_FE_313:FE:train:108000-120000,cwrun12_FE_OR014,FE_OR014,cwru_n12_FE_313,data/raw_cwru_12k_fe/OR014@6_0_FE12k.mat,X313_FE_time,74adda10ce37f133a16d1caf62f2a2c17434a56c18db5af2612eaf127897bc1f,313,OR014@6,outer_race,14 mil,FE,FE,FE,CWRU_FE_6203,FE,12000,1.0,0.5,108000,120000,1797.0,0hp,6
cwru_native12.load.v1,1,CWRU,train,n12L:CWRU:cwru_n12_FE_316:FE:train:0-12000,cwrun12_FE_OR021,FE_OR021,cwru_n12_FE_316,data/raw_cwru_12k_fe/OR021@3_1_FE12k.mat,X316_FE_time,4b0730d494cdf33b8aea1ab2195be5fcd408f37c0fe12d0a2644c88bc59657ff,316,OR021@3,outer_race,21 mil,FE,FE,FE,CWRU_FE_6203,FE,12000,1.0,0.5,0,12000,1773.0,1hp,3
cwru_native12.load.v1,1,CWRU,train,n12L:CWRU:cwru_n12_FE_316:FE:train:6000-18000,cwrun12_FE_OR021,FE_OR021,cwru_n12_FE_316,data/raw_cwru_12k_fe/OR021@3_1_FE12k.mat,X316_FE_time,4b0730d494cdf33b8aea1ab2195be5fcd408f37c0fe12d0a2644c88bc59657ff,316,OR021@3,outer_race,21 mil,FE,FE,FE,CWRU_FE_6203,FE,12000,1.0,0.5,6000,18000,1773.0,1hp,3
cwru_native12.load.v1,1,CWRU,train,n12L:CWRU:cwru_n12_FE_316:FE:train:12000-24000,cwrun12_FE_OR021,FE_OR021,cwru_n12_FE_316,data/raw_cwru_12k_fe/OR021@3_1_FE12k.mat,X316_FE_time,4b0730d494cdf33b8aea1ab2195be5fcd408f37c0fe12d0a2644c88bc59657ff,316,OR021@3,outer_race,21 mil,FE,FE,FE,CWRU_FE_6203,FE,12000,1.0,0.5,12000,24000,1773.0,1hp,3
cwru_native12.load.v1,1,CWRU,train,n12L:CWRU:cwru_n12_FE_316:FE:train:18000-30000,cwrun12_FE_OR021,FE_OR021,cwru_n12_FE_316,data/raw_cwru_12k_fe/OR021@3_1_FE12k.mat,X316_FE_time,4b0730d494cdf33b8aea1ab2195be5fcd408f37c0fe12d0a2644c88bc59657ff,316,OR021@3,outer_race,21 mil,FE,FE,FE,CWRU_FE_6203,FE,12000,1.0,0.5,18000,30000,1773.0,1hp,3
cwru_native12.load.v1,1,CWRU,train,n12L:CWRU:cwru_n12_FE_316:FE:train:24000-36000,cwrun12_FE_OR021,FE_OR021,cwru_n12_FE_316,data/raw_cwru_12k_fe/OR021@3_1_FE12k.mat,X316_FE_time,4b0730d494cdf33b8aea1ab2195be5fcd408f37c0fe12d0a2644c88bc59657ff,316,OR021@3,outer_race,21 mil,FE,FE,FE,CWRU_FE_6203,FE,12000,1.0,0.5,24000,36000,1773.0,1hp,3
cwru_native12.load.v1,1,CWRU,train,n12L:CWRU:cwru_n12_FE_316:FE:train:30000-42000,cwrun12_FE_OR021,FE_OR021,cwru_n12_FE_316,data/raw_cwru_12k_fe/OR021@3_1_FE12k.mat,X316_FE_time,4b0730d494cdf33b8aea1ab2195be5fcd408f37c0fe12d0a2644c88bc59657ff,316,OR021@3,outer_race,21 mil,FE,FE,FE,CWRU_FE_6203,FE,12000,1.0,0.5,30000,42000,1773.0,1hp,3
cwru_native12.load.v1,1,CWRU,train,n12L:CWRU:cwru_n12_FE_316:FE:train:36000-48000,cwrun12_FE_OR021,FE_OR021,cwru_n12_FE_316,data/raw_cwru_12k_fe/OR021@3_1_FE12k.mat,X316_FE_time,4b0730d494cdf33b8aea1ab2195be5fcd408f37c0fe12d0a2644c88bc59657ff,316,OR021@3,outer_race,21 mil,FE,FE,FE,CWRU_FE_6203,FE,12000,1.0,0.5,36000,48000,1773.0,1hp,3
cwru_native12.load.v1,1,CWRU,train,n12L:CWRU:cwru_n12_FE_316:FE:train:42000-54000,cwrun12_FE_OR021,FE_OR021,cwru_n12_FE_316,data/raw_cwru_12k_fe/OR021@3_1_FE12k.mat,X316_FE_time,4b0730d494cdf33b8aea1ab2195be5fcd408f37c0fe12d0a2644c88bc59657ff,316,OR021@3,outer_race,21 mil,FE,FE,FE,CWRU_FE_6203,FE,12000,1.0,0.5,42000,54000,1773.0,1hp,3
cwru_native12.load.v1,1,CWRU,train,n12L:CWRU:cwru_n12_FE_316:FE:train:48000-60000,cwrun12_FE_OR021,FE_OR021,cwru_n12_FE_316,data/raw_cwru_12k_fe/OR021@3_1_FE12k.mat,X316_FE_time,4b0730d494cdf33b8aea1ab2195be5fcd408f37c0fe12d0a2644c88bc59657ff,316,OR021@3,outer_race,21 mil,FE,FE,FE,CWRU_FE_6203,FE,12000,1.0,0.5,48000,60000,1773.0,1hp,3
cwru_native12.load.v1,1,CWRU,train,n12L:CWRU:cwru_n12_FE_316:FE:train:54000-66000,cwrun12_FE_OR021,FE_OR021,cwru_n12_FE_316,data/raw_cwru_12k_fe/OR021@3_1_FE12k.mat,X316_FE_time,4b0730d494cdf33b8aea1ab2195be5fcd408f37c0fe12d0a2644c88bc59657ff,316,OR021@3,outer_race,21 mil,FE,FE,FE,CWRU_FE_6203,FE,12000,1.0,0.5,54000,66000,1773.0,1hp,3
cwru_native12.load.v1,1,CWRU,train,n12L:CWRU:cwru_n12_FE_316:FE:train:60000-72000,cwrun12_FE_OR021,FE_OR021,cwru_n12_FE_316,data/raw_cwru_12k_fe/OR021@3_1_FE12k.mat,X316_FE_time,4b0730d494cdf33b8aea1ab2195be5fcd408f37c0fe12d0a2644c88bc59657ff,316,OR021@3,outer_race,21 mil,FE,FE,FE,CWRU_FE_6203,FE,12000,1.0,0.5,60000,72000,1773.0,1hp,3
cwru_native12.load.v1,1,CWRU,train,n12L:CWRU:cwru_n12_FE_316:FE:train:66000-78000,cwrun12_FE_OR021,FE_OR021,cwru_n12_FE_316,data/raw_cwru_12k_fe/OR021@3_1_FE12k.mat,X316_FE_time,4b0730d494cdf33b8aea1ab2195be5fcd408f37c0fe12d0a2644c88bc59657ff,316,OR021@3,outer_race,21 mil,FE,FE,FE,CWRU_FE_6203,FE,12000,1.0,0.5,66000,78000,1773.0,1hp,3
cwru_native12.load.v1,1,CWRU,train,n12L:CWRU:cwru_n12_FE_316:FE:train:72000-84000,cwrun12_FE_OR021,FE_OR021,cwru_n12_FE_316,data/raw_cwru_12k_fe/OR021@3_1_FE12k.mat,X316_FE_time,4b0730d494cdf33b8aea1ab2195be5fcd408f37c0fe12d0a2644c88bc59657ff,316,OR021@3,outer_race,21 mil,FE,FE,FE,CWRU_FE_6203,FE,12000,1.0,0.5,72000,84000,1773.0,1hp,3
cwru_native12.load.v1,1,CWRU,train,n12L:CWRU:cwru_n12_FE_316:FE:train:78000-90000,cwrun12_FE_OR021,FE_OR021,cwru_n12_FE_316,data/raw_cwru_12k_fe/OR021@3_1_FE12k.mat,X316_FE_time,4b0730d494cdf33b8aea1ab2195be5fcd408f37c0fe12d0a2644c88bc59657ff,316,OR021@3,outer_race,21 mil,FE,FE,FE,CWRU_FE_6203,FE,12000,1.0,0.5,78000,90000,1773.0,1hp,3
cwru_native12.load.v1,1,CWRU,train,n12L:CWRU:cwru_n12_FE_316:FE:train:84000-96000,cwrun12_FE_OR021,FE_OR021,cwru_n12_FE_316,data/raw_cwru_12k_fe/OR021@3_1_FE12k.mat,X316_FE_time,4b0730d494cdf33b8aea1ab2195be5fcd408f37c0fe12d0a2644c88bc59657ff,316,OR021@3,outer_race,21 mil,FE,FE,FE,CWRU_FE_6203,FE,12000,1.0,0.5,84000,96000,1773.0,1hp,3
cwru_native12.load.v1,1,CWRU,train,n12L:CWRU:cwru_n12_FE_316:FE:train:90000-102000,cwrun12_FE_OR021,FE_OR021,cwru_n12_FE_316,data/raw_cwru_12k_fe/OR021@3_1_FE12k.mat,X316_FE_time,4b0730d494cdf33b8aea1ab2195be5fcd408f37c0fe12d0a2644c88bc59657ff,316,OR021@3,outer_race,21 mil,FE,FE,FE,CWRU_FE_6203,FE,12000,1.0,0.5,90000,102000,1773.0,1hp,3
cwru_native12.load.v1,1,CWRU,train,n12L:CWRU:cwru_n12_FE_316:FE:train:96000-108000,cwrun12_FE_OR021,FE_OR021,cwru_n12_FE_316,data/raw_cwru_12k_fe/OR021@3_1_FE12k.mat,X316_FE_time,4b0730d494cdf33b8aea1ab2195be5fcd408f37c0fe12d0a2644c88bc59657ff,316,OR021@3,outer_race,21 mil,FE,FE,FE,CWRU_FE_6203,FE,12000,1.0,0.5,96000,108000,1773.0,1hp,3
cwru_native12.load.v1,1,CWRU,train,n12L:CWRU:cwru_n12_FE_316:FE:train:102000-114000,cwrun12_FE_OR021,FE_OR021,cwru_n12_FE_316,data/raw_cwru_12k_fe/OR021@3_1_FE12k.mat,X316_FE_time,4b0730d494cdf33b8aea1ab2195be5fcd408f37c0fe12d0a2644c88bc59657ff,316,OR021@3,outer_race,21 mil,FE,FE,FE,CWRU_FE_6203,FE,12000,1.0,0.5,102000,114000,1773.0,1hp,3
cwru_native12.load.v1,1,CWRU,train,n12L:CWRU:cwru_n12_FE_316:FE:train:108000-120000,cwrun12_FE_OR021,FE_OR021,cwru_n12_FE_316,data/raw_cwru_12k_fe/OR021@3_1_FE12k.mat,X316_FE_time,4b0730d494cdf33b8aea1ab2195be5fcd408f37c0fe12d0a2644c88bc59657ff,316,OR021@3,outer_race,21 mil,FE,FE,FE,CWRU_FE_6203,FE,12000,1.0,0.5,108000,120000,1773.0,1hp,3
cwru_native12.load.v1,1,CWRU,validation,n12L:CWRU:cwru_n12_FE_317:FE:validation:0-12000,cwrun12_FE_OR021,FE_OR021,cwru_n12_FE_317,data/raw_cwru_12k_fe/OR021@3_2_FE12k.mat,X317_FE_time,ed46ca719883b337f75cffcf5d0024386f26c1591dd4163892b48f02d25b40e0,317,OR021@3,outer_race,21 mil,FE,FE,FE,CWRU_FE_6203,FE,12000,1.0,1.0,0,12000,1751.0,2hp,3
cwru_native12.load.v1,1,CWRU,validation,n12L:CWRU:cwru_n12_FE_317:FE:validation:12000-24000,cwrun12_FE_OR021,FE_OR021,cwru_n12_FE_317,data/raw_cwru_12k_fe/OR021@3_2_FE12k.mat,X317_FE_time,ed46ca719883b337f75cffcf5d0024386f26c1591dd4163892b48f02d25b40e0,317,OR021@3,outer_race,21 mil,FE,FE,FE,CWRU_FE_6203,FE,12000,1.0,1.0,12000,24000,1751.0,2hp,3
cwru_native12.load.v1,1,CWRU,validation,n12L:CWRU:cwru_n12_FE_317:FE:validation:24000-36000,cwrun12_FE_OR021,FE_OR021,cwru_n12_FE_317,data/raw_cwru_12k_fe/OR021@3_2_FE12k.mat,X317_FE_time,ed46ca719883b337f75cffcf5d0024386f26c1591dd4163892b48f02d25b40e0,317,OR021@3,outer_race,21 mil,FE,FE,FE,CWRU_FE_6203,FE,12000,1.0,1.0,24000,36000,1751.0,2hp,3
cwru_native12.load.v1,1,CWRU,validation,n12L:CWRU:cwru_n12_FE_317:FE:validation:36000-48000,cwrun12_FE_OR021,FE_OR021,cwru_n12_FE_317,data/raw_cwru_12k_fe/OR021@3_2_FE12k.mat,X317_FE_time,ed46ca719883b337f75cffcf5d0024386f26c1591dd4163892b48f02d25b40e0,317,OR021@3,outer_race,21 mil,FE,FE,FE,CWRU_FE_6203,FE,12000,1.0,1.0,36000,48000,1751.0,2hp,3
cwru_native12.load.v1,1,CWRU,validation,n12L:CWRU:cwru_n12_FE_317:FE:validation:48000-60000,cwrun12_FE_OR021,FE_OR021,cwru_n12_FE_317,data/raw_cwru_12k_fe/OR021@3_2_FE12k.mat,X317_FE_time,ed46ca719883b337f75cffcf5d0024386f26c1591dd4163892b48f02d25b40e0,317,OR021@3,outer_race,21 mil,FE,FE,FE,CWRU_FE_6203,FE,12000,1.0,1.0,48000,60000,1751.0,2hp,3
cwru_native12.load.v1,1,CWRU,validation,n12L:CWRU:cwru_n12_FE_317:FE:validation:60000-72000,cwrun12_FE_OR021,FE_OR021,cwru_n12_FE_317,data/raw_cwru_12k_fe/OR021@3_2_FE12k.mat,X317_FE_time,ed46ca719883b337f75cffcf5d0024386f26c1591dd4163892b48f02d25b40e0,317,OR021@3,outer_race,21 mil,FE,FE,FE,CWRU_FE_6203,FE,12000,1.0,1.0,60000,72000,1751.0,2hp,3
cwru_native12.load.v1,1,CWRU,validation,n12L:CWRU:cwru_n12_FE_317:FE:validation:72000-84000,cwrun12_FE_OR021,FE_OR021,cwru_n12_FE_317,data/raw_cwru_12k_fe/OR021@3_2_FE12k.mat,X317_FE_time,ed46ca719883b337f75cffcf5d0024386f26c1591dd4163892b48f02d25b40e0,317,OR021@3,outer_race,21 mil,FE,FE,FE,CWRU_FE_6203,FE,12000,1.0,1.0,72000,84000,1751.0,2hp,3
cwru_native12.load.v1,1,CWRU,validation,n12L:CWRU:cwru_n12_FE_317:FE:validation:84000-96000,cwrun12_FE_OR021,FE_OR021,cwru_n12_FE_317,data/raw_cwru_12k_fe/OR021@3_2_FE12k.mat,X317_FE_time,ed46ca719883b337f75cffcf5d0024386f26c1591dd4163892b48f02d25b40e0,317,OR021@3,outer_race,21 mil,FE,FE,FE,CWRU_FE_6203,FE,12000,1.0,1.0,84000,96000,1751.0,2hp,3
cwru_native12.load.v1,1,CWRU,validation,n12L:CWRU:cwru_n12_FE_317:FE:validation:96000-108000,cwrun12_FE_OR021,FE_OR021,cwru_n12_FE_317,data/raw_cwru_12k_fe/OR021@3_2_FE12k.mat,X317_FE_time,ed46ca719883b337f75cffcf5d0024386f26c1591dd4163892b48f02d25b40e0,317,OR021@3,outer_race,21 mil,FE,FE,FE,CWRU_FE_6203,FE,12000,1.0,1.0,96000,108000,1751.0,2hp,3
cwru_native12.load.v1,1,CWRU,validation,n12L:CWRU:cwru_n12_FE_317:FE:validation:108000-120000,cwrun12_FE_OR021,FE_OR021,cwru_n12_FE_317,data/raw_cwru_12k_fe/OR021@3_2_FE12k.mat,X317_FE_time,ed46ca719883b337f75cffcf5d0024386f26c1591dd4163892b48f02d25b40e0,317,OR021@3,outer_race,21 mil,FE,FE,FE,CWRU_FE_6203,FE,12000,1.0,1.0,108000,120000,1751.0,2hp,3
cwru_native12.load.v1,1,CWRU,test,n12L:CWRU:cwru_n12_FE_318:FE:test:0-12000,cwrun12_FE_OR021,FE_OR021,cwru_n12_FE_318,data/raw_cwru_12k_fe/OR021@3_3_FE12k.mat,X318_FE_time,307d56daeffb9e45a0aee649031e83b4165adb8a32cefabb925e540ca51aad8e,318,OR021@3,outer_race,21 mil,FE,FE,FE,CWRU_FE_6203,FE,12000,1.0,1.0,0,12000,1728.0,3hp,3
cwru_native12.load.v1,1,CWRU,test,n12L:CWRU:cwru_n12_FE_318:FE:test:12000-24000,cwrun12_FE_OR021,FE_OR021,cwru_n12_FE_318,data/raw_cwru_12k_fe/OR021@3_3_FE12k.mat,X318_FE_time,307d56daeffb9e45a0aee649031e83b4165adb8a32cefabb925e540ca51aad8e,318,OR021@3,outer_race,21 mil,FE,FE,FE,CWRU_FE_6203,FE,12000,1.0,1.0,12000,24000,1728.0,3hp,3
cwru_native12.load.v1,1,CWRU,test,n12L:CWRU:cwru_n12_FE_318:FE:test:24000-36000,cwrun12_FE_OR021,FE_OR021,cwru_n12_FE_318,data/raw_cwru_12k_fe/OR021@3_3_FE12k.mat,X318_FE_time,307d56daeffb9e45a0aee649031e83b4165adb8a32cefabb925e540ca51aad8e,318,OR021@3,outer_race,21 mil,FE,FE,FE,CWRU_FE_6203,FE,12000,1.0,1.0,24000,36000,1728.0,3hp,3
cwru_native12.load.v1,1,CWRU,test,n12L:CWRU:cwru_n12_FE_318:FE:test:36000-48000,cwrun12_FE_OR021,FE_OR021,cwru_n12_FE_318,data/raw_cwru_12k_fe/OR021@3_3_FE12k.mat,X318_FE_time,307d56daeffb9e45a0aee649031e83b4165adb8a32cefabb925e540ca51aad8e,318,OR021@3,outer_race,21 mil,FE,FE,FE,CWRU_FE_6203,FE,12000,1.0,1.0,36000,48000,1728.0,3hp,3
cwru_native12.load.v1,1,CWRU,test,n12L:CWRU:cwru_n12_FE_318:FE:test:48000-60000,cwrun12_FE_OR021,FE_OR021,cwru_n12_FE_318,data/raw_cwru_12k_fe/OR021@3_3_FE12k.mat,X318_FE_time,307d56daeffb9e45a0aee649031e83b4165adb8a32cefabb925e540ca51aad8e,318,OR021@3,outer_race,21 mil,FE,FE,FE,CWRU_FE_6203,FE,12000,1.0,1.0,48000,60000,1728.0,3hp,3
cwru_native12.load.v1,1,CWRU,test,n12L:CWRU:cwru_n12_FE_318:FE:test:60000-72000,cwrun12_FE_OR021,FE_OR021,cwru_n12_FE_318,data/raw_cwru_12k_fe/OR021@3_3_FE12k.mat,X318_FE_time,307d56daeffb9e45a0aee649031e83b4165adb8a32cefabb925e540ca51aad8e,318,OR021@3,outer_race,21 mil,FE,FE,FE,CWRU_FE_6203,FE,12000,1.0,1.0,60000,72000,1728.0,3hp,3
cwru_native12.load.v1,1,CWRU,test,n12L:CWRU:cwru_n12_FE_318:FE:test:72000-84000,cwrun12_FE_OR021,FE_OR021,cwru_n12_FE_318,data/raw_cwru_12k_fe/OR021@3_3_FE12k.mat,X318_FE_time,307d56daeffb9e45a0aee649031e83b4165adb8a32cefabb925e540ca51aad8e,318,OR021@3,outer_race,21 mil,FE,FE,FE,CWRU_FE_6203,FE,12000,1.0,1.0,72000,84000,1728.0,3hp,3
cwru_native12.load.v1,1,CWRU,test,n12L:CWRU:cwru_n12_FE_318:FE:test:84000-96000,cwrun12_FE_OR021,FE_OR021,cwru_n12_FE_318,data/raw_cwru_12k_fe/OR021@3_3_FE12k.mat,X318_FE_time,307d56daeffb9e45a0aee649031e83b4165adb8a32cefabb925e540ca51aad8e,318,OR021@3,outer_race,21 mil,FE,FE,FE,CWRU_FE_6203,FE,12000,1.0,1.0,84000,96000,1728.0,3hp,3
cwru_native12.load.v1,1,CWRU,test,n12L:CWRU:cwru_n12_FE_318:FE:test:96000-108000,cwrun12_FE_OR021,FE_OR021,cwru_n12_FE_318,data/raw_cwru_12k_fe/OR021@3_3_FE12k.mat,X318_FE_time,307d56daeffb9e45a0aee649031e83b4165adb8a32cefabb925e540ca51aad8e,318,OR021@3,outer_race,21 mil,FE,FE,FE,CWRU_FE_6203,FE,12000,1.0,1.0,96000,108000,1728.0,3hp,3
cwru_native12.load.v1,1,CWRU,test,n12L:CWRU:cwru_n12_FE_318:FE:test:108000-120000,cwrun12_FE_OR021,FE_OR021,cwru_n12_FE_318,data/raw_cwru_12k_fe/OR021@3_3_FE12k.mat,X318_FE_time,307d56daeffb9e45a0aee649031e83b4165adb8a32cefabb925e540ca51aad8e,318,OR021@3,outer_race,21 mil,FE,FE,FE,CWRU_FE_6203,FE,12000,1.0,1.0,108000,120000,1728.0,3hp,3
cwru_native12.load.v1,1,CWRU,train,n12L:CWRU:cwru_n12_FE_315:FE:train:0-12000,cwrun12_FE_OR021,FE_OR021,cwru_n12_FE_315,data/raw_cwru_12k_fe/OR021@6_0_FE12k.mat,X315_FE_time,e1f6acfe79b622a24bf2ed3d092b83342c9a280a0e443df480c7220a49fff392,315,OR021@6,outer_race,21 mil,FE,FE,FE,CWRU_FE_6203,FE,12000,1.0,0.5,0,12000,1797.0,0hp,6
cwru_native12.load.v1,1,CWRU,train,n12L:CWRU:cwru_n12_FE_315:FE:train:6000-18000,cwrun12_FE_OR021,FE_OR021,cwru_n12_FE_315,data/raw_cwru_12k_fe/OR021@6_0_FE12k.mat,X315_FE_time,e1f6acfe79b622a24bf2ed3d092b83342c9a280a0e443df480c7220a49fff392,315,OR021@6,outer_race,21 mil,FE,FE,FE,CWRU_FE_6203,FE,12000,1.0,0.5,6000,18000,1797.0,0hp,6
cwru_native12.load.v1,1,CWRU,train,n12L:CWRU:cwru_n12_FE_315:FE:train:12000-24000,cwrun12_FE_OR021,FE_OR021,cwru_n12_FE_315,data/raw_cwru_12k_fe/OR021@6_0_FE12k.mat,X315_FE_time,e1f6acfe79b622a24bf2ed3d092b83342c9a280a0e443df480c7220a49fff392,315,OR021@6,outer_race,21 mil,FE,FE,FE,CWRU_FE_6203,FE,12000,1.0,0.5,12000,24000,1797.0,0hp,6
cwru_native12.load.v1,1,CWRU,train,n12L:CWRU:cwru_n12_FE_315:FE:train:18000-30000,cwrun12_FE_OR021,FE_OR021,cwru_n12_FE_315,data/raw_cwru_12k_fe/OR021@6_0_FE12k.mat,X315_FE_time,e1f6acfe79b622a24bf2ed3d092b83342c9a280a0e443df480c7220a49fff392,315,OR021@6,outer_race,21 mil,FE,FE,FE,CWRU_FE_6203,FE,12000,1.0,0.5,18000,30000,1797.0,0hp,6
cwru_native12.load.v1,1,CWRU,train,n12L:CWRU:cwru_n12_FE_315:FE:train:24000-36000,cwrun12_FE_OR021,FE_OR021,cwru_n12_FE_315,data/raw_cwru_12k_fe/OR021@6_0_FE12k.mat,X315_FE_time,e1f6acfe79b622a24bf2ed3d092b83342c9a280a0e443df480c7220a49fff392,315,OR021@6,outer_race,21 mil,FE,FE,FE,CWRU_FE_6203,FE,12000,1.0,0.5,24000,36000,1797.0,0hp,6
cwru_native12.load.v1,1,CWRU,train,n12L:CWRU:cwru_n12_FE_315:FE:train:30000-42000,cwrun12_FE_OR021,FE_OR021,cwru_n12_FE_315,data/raw_cwru_12k_fe/OR021@6_0_FE12k.mat,X315_FE_time,e1f6acfe79b622a24bf2ed3d092b83342c9a280a0e443df480c7220a49fff392,315,OR021@6,outer_race,21 mil,FE,FE,FE,CWRU_FE_6203,FE,12000,1.0,0.5,30000,42000,1797.0,0hp,6
cwru_native12.load.v1,1,CWRU,train,n12L:CWRU:cwru_n12_FE_315:FE:train:36000-48000,cwrun12_FE_OR021,FE_OR021,cwru_n12_FE_315,data/raw_cwru_12k_fe/OR021@6_0_FE12k.mat,X315_FE_time,e1f6acfe79b622a24bf2ed3d092b83342c9a280a0e443df480c7220a49fff392,315,OR021@6,outer_race,21 mil,FE,FE,FE,CWRU_FE_6203,FE,12000,1.0,0.5,36000,48000,1797.0,0hp,6
cwru_native12.load.v1,1,CWRU,train,n12L:CWRU:cwru_n12_FE_315:FE:train:42000-54000,cwrun12_FE_OR021,FE_OR021,cwru_n12_FE_315,data/raw_cwru_12k_fe/OR021@6_0_FE12k.mat,X315_FE_time,e1f6acfe79b622a24bf2ed3d092b83342c9a280a0e443df480c7220a49fff392,315,OR021@6,outer_race,21 mil,FE,FE,FE,CWRU_FE_6203,FE,12000,1.0,0.5,42000,54000,1797.0,0hp,6
cwru_native12.load.v1,1,CWRU,train,n12L:CWRU:cwru_n12_FE_315:FE:train:48000-60000,cwrun12_FE_OR021,FE_OR021,cwru_n12_FE_315,data/raw_cwru_12k_fe/OR021@6_0_FE12k.mat,X315_FE_time,e1f6acfe79b622a24bf2ed3d092b83342c9a280a0e443df480c7220a49fff392,315,OR021@6,outer_race,21 mil,FE,FE,FE,CWRU_FE_6203,FE,12000,1.0,0.5,48000,60000,1797.0,0hp,6
cwru_native12.load.v1,1,CWRU,train,n12L:CWRU:cwru_n12_FE_315:FE:train:54000-66000,cwrun12_FE_OR021,FE_OR021,cwru_n12_FE_315,data/raw_cwru_12k_fe/OR021@6_0_FE12k.mat,X315_FE_time,e1f6acfe79b622a24bf2ed3d092b83342c9a280a0e443df480c7220a49fff392,315,OR021@6,outer_race,21 mil,FE,FE,FE,CWRU_FE_6203,FE,12000,1.0,0.5,54000,66000,1797.0,0hp,6
cwru_native12.load.v1,1,CWRU,train,n12L:CWRU:cwru_n12_FE_315:FE:train:60000-72000,cwrun12_FE_OR021,FE_OR021,cwru_n12_FE_315,data/raw_cwru_12k_fe/OR021@6_0_FE12k.mat,X315_FE_time,e1f6acfe79b622a24bf2ed3d092b83342c9a280a0e443df480c7220a49fff392,315,OR021@6,outer_race,21 mil,FE,FE,FE,CWRU_FE_6203,FE,12000,1.0,0.5,60000,72000,1797.0,0hp,6
cwru_native12.load.v1,1,CWRU,train,n12L:CWRU:cwru_n12_FE_315:FE:train:66000-78000,cwrun12_FE_OR021,FE_OR021,cwru_n12_FE_315,data/raw_cwru_12k_fe/OR021@6_0_FE12k.mat,X315_FE_time,e1f6acfe79b622a24bf2ed3d092b83342c9a280a0e443df480c7220a49fff392,315,OR021@6,outer_race,21 mil,FE,FE,FE,CWRU_FE_6203,FE,12000,1.0,0.5,66000,78000,1797.0,0hp,6
cwru_native12.load.v1,1,CWRU,train,n12L:CWRU:cwru_n12_FE_315:FE:train:72000-84000,cwrun12_FE_OR021,FE_OR021,cwru_n12_FE_315,data/raw_cwru_12k_fe/OR021@6_0_FE12k.mat,X315_FE_time,e1f6acfe79b622a24bf2ed3d092b83342c9a280a0e443df480c7220a49fff392,315,OR021@6,outer_race,21 mil,FE,FE,FE,CWRU_FE_6203,FE,12000,1.0,0.5,72000,84000,1797.0,0hp,6
cwru_native12.load.v1,1,CWRU,train,n12L:CWRU:cwru_n12_FE_315:FE:train:78000-90000,cwrun12_FE_OR021,FE_OR021,cwru_n12_FE_315,data/raw_cwru_12k_fe/OR021@6_0_FE12k.mat,X315_FE_time,e1f6acfe79b622a24bf2ed3d092b83342c9a280a0e443df480c7220a49fff392,315,OR021@6,outer_race,21 mil,FE,FE,FE,CWRU_FE_6203,FE,12000,1.0,0.5,78000,90000,1797.0,0hp,6
cwru_native12.load.v1,1,CWRU,train,n12L:CWRU:cwru_n12_FE_315:FE:train:84000-96000,cwrun12_FE_OR021,FE_OR021,cwru_n12_FE_315,data/raw_cwru_12k_fe/OR021@6_0_FE12k.mat,X315_FE_time,e1f6acfe79b622a24bf2ed3d092b83342c9a280a0e443df480c7220a49fff392,315,OR021@6,outer_race,21 mil,FE,FE,FE,CWRU_FE_6203,FE,12000,1.0,0.5,84000,96000,1797.0,0hp,6
cwru_native12.load.v1,1,CWRU,train,n12L:CWRU:cwru_n12_FE_315:FE:train:90000-102000,cwrun12_FE_OR021,FE_OR021,cwru_n12_FE_315,data/raw_cwru_12k_fe/OR021@6_0_FE12k.mat,X315_FE_time,e1f6acfe79b622a24bf2ed3d092b83342c9a280a0e443df480c7220a49fff392,315,OR021@6,outer_race,21 mil,FE,FE,FE,CWRU_FE_6203,FE,12000,1.0,0.5,90000,102000,1797.0,0hp,6
cwru_native12.load.v1,1,CWRU,train,n12L:CWRU:cwru_n12_FE_315:FE:train:96000-108000,cwrun12_FE_OR021,FE_OR021,cwru_n12_FE_315,data/raw_cwru_12k_fe/OR021@6_0_FE12k.mat,X315_FE_time,e1f6acfe79b622a24bf2ed3d092b83342c9a280a0e443df480c7220a49fff392,315,OR021@6,outer_race,21 mil,FE,FE,FE,CWRU_FE_6203,FE,12000,1.0,0.5,96000,108000,1797.0,0hp,6
cwru_native12.load.v1,1,CWRU,train,n12L:CWRU:cwru_n12_FE_315:FE:train:102000-114000,cwrun12_FE_OR021,FE_OR021,cwru_n12_FE_315,data/raw_cwru_12k_fe/OR021@6_0_FE12k.mat,X315_FE_time,e1f6acfe79b622a24bf2ed3d092b83342c9a280a0e443df480c7220a49fff392,315,OR021@6,outer_race,21 mil,FE,FE,FE,CWRU_FE_6203,FE,12000,1.0,0.5,102000,114000,1797.0,0hp,6
cwru_native12.load.v1,1,CWRU,train,n12L:CWRU:cwru_n12_FE_315:FE:train:108000-120000,cwrun12_FE_OR021,FE_OR021,cwru_n12_FE_315,data/raw_cwru_12k_fe/OR021@6_0_FE12k.mat,X315_FE_time,e1f6acfe79b622a24bf2ed3d092b83342c9a280a0e443df480c7220a49fff392,315,OR021@6,outer_race,21 mil,FE,FE,FE,CWRU_FE_6203,FE,12000,1.0,0.5,108000,120000,1797.0,0hp,6
